time,0.05,0.060000000000000005,0.07,0.08000000000000002,0.09000000000000001,0.1,0.11000000000000001,0.12000000000000001,0.13,0.14,0.15000000000000002,0.16000000000000003,0.17000000000000004,0.18000000000000005,0.19,0.2,0.21000000000000002,0.22000000000000003,0.23000000000000004,0.24000000000000005,0.25000000000000006,0.26000000000000006,0.27,0.28,0.29000000000000004,0.30000000000000004,0.31000000000000005,0.32000000000000006,0.33,0.34,0.35000000000000003,0.36000000000000004,0.37000000000000005,0.38000000000000006,0.39000000000000007,0.4000000000000001,0.4100000000000001,0.42000000000000004,0.43000000000000005,0.44000000000000006,0.45000000000000007,0.4600000000000001,0.4700000000000001,0.4800000000000001,0.49000000000000005,0.5000000000000001
0.0,0.6546436148234916,0.724038537958846,0.8312754025265525,0.9132035799286169,1.4725094640215803,0.0,2.079714182329861,2.130828598530461,4.044865358737258,8.23822656279275,3.079983514017572,12.696855740466058,0.0,76.53174892952825,128.393319225272,108.51614204238803,64.06678425716106,31.12155816121318,12.309031720167559,0.0,3.906400580923569,0.9006838752781872,0.7508377999600023,0.4062813805309589,0.3388789266463789,0.0,0.14738862327017113,0.2519537117912377,1.2662431825811502,1.725111059411502,1.12030415854597,0.65042757287169,0.0,0.5547715370008698,0.4628255939716489,0.4058319190830215,0.3515114499378895,0.3008000364526555,0.25828103594915125,0.0,0.2255380158829666,0.20932774657408987,0.19317937154261006,0.17574145899828106,0.16961622544366184,0.16428891451085892
0.014705882352941176,0.09926742562039298,0.07032794763085139,0.01858836769007911,0.013007613535439774,0.4567987100837525,0.0,1.5522982389930007,0.6881181418588525,1.3577661933437506,2.3243281660025104,8.352850638828002,148.85012683149054,0.0,278.4151792121159,29.853929566271656,52.616660345439705,109.2500576889325,70.16069061208641,13.51019090418329,0.0,12.77035224485606,5.72136459482754,2.4929971913326865,3.16051657713995,0.7666880722893605,0.0,0.49721204824955934,1.552762040591154,0.4741852066892906,2.551992433071532,0.9595894425596796,0.04724221218073836,0.0,0.000906339132349667,0.0022060390833607744,0.0018232512068914102,0.0007838848309503606,0.0012811821720229216,0.002468209427378719,0.0,0.0018311789792059357,0.0006051077568717066,0.001230256812542507,0.0007663843870676841,0.0006407753498089729,0.003422723861732053
0.029411764705882353,0.09757241250501239,0.06193793223096489,0.031779052959451264,0.024408208070643457,0.05232723460094867,0.0,0.210145847619243,0.4708932601009339,1.7063085616543228,2.2285204582815274,13.781335446329429,34.62990479452639,0.0,143.8207774080849,99.54954584665629,111.127017354951,17.20853972824328,7.084856229153084,18.767414119221375,0.0,3.71692707273449,2.982109015743113,1.6533234317114043,0.14992706873976666,1.8234719033381837,0.0,1.5693373204419063,0.4486351787913274,1.9030505055658398,3.413633551478674,0.6064612318235444,0.04713339525201142,0.0,0.0078709314926815,0.003730387910900993,0.0006211637153060518,0.0008082398484312405,0.0013278182483704344,0.002777911495064355,0.0,0.00273472308392304,0.001420713126435179,0.0012763413222752775,0.0009963168032193306,0.001256954733441004,0.002233319338356474
0.044117647058823525,0.12647009839198245,0.04746265738272226,0.0031380709919019345,0.009194756873773965,0.0631977829171845,0.0,0.1822703172445645,0.9715835351774835,7.974546592146259,4.216375475261067,26.374003413205642,120.81013475628444,0.0,195.40502771757136,89.83016071296687,11.203213049154426,43.191021394355296,39.08368708615296,13.436386831382775,0.0,1.4500078789139068,5.646114670344684,1.667830995956376,1.1349495224570614,1.5282137251104042,0.0,1.158878974895302,0.12778922811871818,1.5566435242803207,0.44839912616136623,0.01834186154568845,0.0020537891794131175,0.0,0.003739842100548234,0.0027315429228319797,0.0013044133877098824,0.000830414899461718,0.001540173794255723,0.0017862401129568792,0.0,0.0019567716231928445,0.0010988071025451302,0.0010422966427337968,0.0030465411630956098,0.0012230564583723775,0.0009796733798574481
0.058823529411764705,0.1827541416470585,0.06902933337381889,0.030437714314669368,0.012069072282069292,0.019387587977555628,0.0,0.05735774907222908,0.06866681398173435,4.384438441349608,10.355035729303026,11.790033937376657,55.43904660932694,0.0,85.75020357902217,27.058394881962467,44.99084417453734,53.50009569918561,21.28271199914701,4.872483876459159,0.0,3.699835621453004,1.8725034553422342,0.7475374442040763,1.1065278752852623,0.2364809312899956,0.0,1.7846214126632853,0.21632485729575499,0.4794685678886318,0.0671101850637126,0.004177530190515109,0.0005910232402868581,0.0,0.00079281862990739,0.0012969366901244381,0.0015372814708482143,0.0028057884394029784,0.0009766739728242916,0.0012164009192445072,0.0,0.0017273196484994889,0.0037781654041560853,0.00719587283637916,0.0027854737150893494,0.0008572664766711161,0.002240004819247803
0.07352941176470588,0.11474527863774034,0.07073261329199144,0.01574145973026875,0.015760986215815107,0.025718715058659775,0.0,0.028415932321228958,0.13055121139784612,0.3081604404960009,0.10704362123303673,2.7282460105086344,1.9433551410160832,0.0,21.99819367648835,52.11418999351918,124.95702618082885,80.66122254488812,1.2582142781380443,1.593944168261225,0.0,3.470376703619664,0.9244922991636704,2.138708015007104,1.634253840146917,1.9783179489875031,0.0,1.4581164833140772,1.0258777131466252,0.03673010369208906,0.0032042609769145757,0.004769632656719922,0.0026872676592233627,0.0,0.0023419216040490892,0.002371744509628623,0.0022775773406604727,0.0017476301333489844,0.0014806310996026322,0.0008849704282867982,0.0,0.0006108152252958082,0.0008466955229758264,0.00068952636360494,0.0005069964565408333,0.0006533709280501598,0.0023107432593385147
0.08823529411764705,0.16123630358235622,0.03446333413816813,0.03653096468412661,0.025775369631864067,0.03463970488551077,0.0,0.026153532698275188,0.2281063843640249,1.2553342846251836,2.054242400525016,0.5368611888329767,44.73507534140006,0.0,123.40415415066431,42.830324852738556,333.59629417507506,1078.7964398946208,297.19417885361565,14.185633813494047,0.0,8.604500412458252,5.331659166815552,4.537023045409859,1.3589777463268078,0.3220677982683047,0.0,0.07511315714161027,0.024559446001120054,0.023331865956181426,0.011914241838790654,0.0033369141437076307,0.0007069237688069941,0.0,0.0011766102237775172,0.00034784411698647485,0.0029616666800541206,0.0029990364636554314,0.0014640376170913436,0.00014953218958099822,0.0,0.00028369645918318166,0.00132602222872102,0.0015163416752523003,0.0011085916503123718,0.0022581414028929525,0.0031055904424176287
0.10294117647058824,0.08978327278593834,0.0742297680923612,0.02845526592545157,0.01441076235712581,0.038715590749366154,0.0,0.05134352898892357,0.45222313186919794,4.127888322314407,10.992093251843606,2.0057605231246067,17.596691901662545,0.0,228.64336216643062,162.09980364856307,190.85100998852454,2825.3390703612195,5330.098637525174,969.1634979192206,0.0,39.8498053319484,4.960777185084416,1.179117518983133,0.2192152214904644,0.15633363863306482,0.0,0.05825723420209543,0.08889494890233296,0.0594480708678715,0.0035239373599267724,0.005553716829811201,0.006735677110796985,0.0,0.0013496696907316574,0.002366977942677446,0.0029557636732040703,0.004119933921556613,0.015485537931375259,0.017658216625707247,0.0,0.005949159312146816,0.0005549327582874938,0.0020840522430667025,0.0012930640723747635,0.0013535764464909807,0.001012438680583101
0.11764705882352941,0.05499601168817167,0.02895465092927678,0.006986020020038664,0.014792904608375913,0.00826441795895782,0.0,0.032948947976932166,0.8869934916236752,6.786256527971474,4.682988821521105,0.35902982257672733,57.333539921318675,0.0,595.5949662269962,464.621061436874,8.136481998445861,265.15480339679027,5917.210213824115,15351.805873308342,0.0,5217.798115531323,689.5938481095259,23.91248355676459,3.1197735130553834,0.138112148033726,0.0,0.01910260023764174,0.1451619780292137,0.013630077359897363,0.018108306431475506,0.03706542583341464,0.0011630363873888735,0.0,0.0009886949538377098,0.002638152116058867,0.0029274257721212853,0.0015950561110356022,0.003850091920894935,0.01751025445779682,0.0,0.05029365647431555,0.06570265534070281,0.030451238410798845,0.011732070959318237,0.004232595766113238,0.002022907862692624
0.13235294117647056,0.16614066992886573,0.03049691317897025,0.020462227439900355,0.012657871010224859,0.036811826887326045,0.0,0.16566135709841656,0.24022381879190396,0.4397409594821264,0.4144663606792003,1.6490348650345978,17.94940400159631,0.0,783.2679600043,2171.6056623189484,679.5437937027925,33.761191735634654,144.08187328918916,1975.3086668418557,0.0,19196.009800772932,21108.150463885748,3680.9411458510967,468.8215840605797,73.60686369904994,0.0,6.067809234331372,4.144783454136624,0.7889079349451898,0.49430010319741746,0.051852109932046045,0.007763274213448797,0.0,0.008917161384074918,0.00757907264445175,0.000852250226736712,0.0044140686020143075,0.015363302958099559,0.015897094791432607,0.0,0.005498498272500095,0.004836687762345438,0.019434210828050157,0.1753556576925156,0.36497978794815894,0.49473096304414244
0.14705882352941177,0.055888945867646575,0.043496666676455416,0.05961790996841322,0.037203280278447236,0.013562536190196647,0.0,0.03316557430343158,0.0037982899894877693,0.9230822731191584,5.989967882953933,5.64652373479214,58.448289467646575,0.0,134.70128674295026,1009.4173711727672,3180.4684506447547,1067.632493688063,40.82268387415979,34.04279556695566,0.0,950.5950850089392,6071.3243120523975,23051.868473452338,17178.760470978214,3281.3727852299758,0.0,263.78594025828886,24.684451590924894,6.671320571821939,1.2143808594301841,0.47972172970529475,0.31072052988597915,0.0,0.30208132811723,0.005593353720225576,0.008454061236857796,0.01189196126277698,0.0036159974443279322,0.008011524957175912,0.0,0.023374423130769473,0.030001471708959275,0.01587467189987614,0.017618619440175353,0.020941546523981704,0.04464457030079789
0.16176470588235295,0.28268292664237166,0.12941450719519104,0.07474602963519347,0.03874575130188805,0.09531084297271421,0.0,0.09798214785430576,0.04873576139789307,0.6418369275358699,0.637271453118115,0.3335234893815747,9.31509301011334,0.0,58.579851739005676,71.59707573899051,549.3144593227385,1553.861167792888,112.25112058402354,59.429699806225855,0.0,47.06944355572655,1423.710624608731,12428.483170360123,25611.277769641994,47395.13029197862,0.0,44180.92311837654,13188.72424205713,1954.4832053223558,547.5775968696183,239.7521316569172,12.583371827727111,0.0,3.365965757333936,1.3380254865642938,0.4515842533825887,0.26799894859515017,0.12582341169605912,0.0847378437861438,0.0,0.00899439855845071,0.018520897779687608,0.04649446582078101,0.04609382888776188,0.01680921867056448,0.014767040448306061
0.1764705882352941,0.6644456301603089,0.5452632244849769,0.25547535283563727,0.18739087191950482,0.17261260514779955,0.0,0.08334517280046833,0.05082469546504863,0.06623028713694054,0.5007560444928298,0.1578524515688241,4.3656028401422855,0.0,34.893925718791515,75.43040218434152,666.9971631295034,3598.3876156409383,1852.504772973973,212.53090681372663,0.0,53.59433775812845,537.1879590352728,689.8453909312798,461.9102891625763,1268.2977837171597,0.0,92.56173126454887,5133.777991929508,9292.877828982226,15218.22195147321,5022.412684261184,542.4076918686072,0.0,69.25262748489942,6.0341908559361155,0.6136121141263626,0.2575097423540317,0.5155848940994088,0.23335659185326202,0.0,0.012763891438743048,0.0952872527933172,0.004809809436461261,0.09354967929192207,0.09336981195858512,0.023895563784911658
0.19117647058823528,0.34623905256738663,0.3803781890752745,0.17241981483146865,0.2443165673706866,0.0367928498360036,0.0,0.08495171042826026,0.11654950510610161,0.44831759636091384,1.3816664284519415,3.9345731834287085,0.1992864853231004,0.0,0.23660237193023603,60.68610000878933,233.4064074067142,125.49475742985916,2534.6961114216847,2603.073878013816,0.0,291.1017228410893,32.62683778416688,19.818616092111583,180.90786928107238,1014.7810465873122,0.0,3564.463749574184,6789.347195907545,2241.0073594229025,455.67411617593376,1751.0344173388648,1397.367359921424,0.0,156.87856647944665,9.1459489799757,2.022244957499936,0.07788872040486064,0.05119799904600265,0.013160785768638831,0.0,0.027011827222764295,0.007720415253593797,0.033371555204440455,0.01936500517912655,0.012215782730055932,0.049402750818295524
0.2058823529411765,0.22489343390937144,0.16242555559121102,0.4163001401523152,1.4923327313093386,0.9055197834553467,0.0,0.24200072868766268,0.061016919529007785,0.8635215820776143,1.9197427479072466,3.545972577469797,8.074609021410302,0.0,1.8317535584213667,15.326635957662484,110.4538237756901,126.57950206915962,1342.4900529246324,4824.5273550734655,0.0,1763.2296090231794,495.2589666524224,11.951086123772175,61.48532931931208,84.67108897786198,0.0,94.27269552618901,3560.7712798297625,7895.918138560153,1872.1105137346985,89.31299873348345,39.34057671813967,0.0,5.303327706830812,0.587051686757996,0.5729164211139034,0.2115049324177436,0.15667661550205697,0.011912854437405116,0.0,0.010031009473514535,0.019563146497380137,0.025535519631264103,0.02809983374323302,0.017354012654431518,0.038839330631604704
0.22058823529411764,0.2882317352490887,0.035225983848938214,0.16606338940968704,0.166102207919838,0.5242031378188516,0.0,1.1185856884723024,0.37033400435703717,0.6208424819542491,1.6190937220667585,1.123259552885145,5.522796368746098,0.0,4.133652077495478,1.837650391226144,16.484665395280594,18.587276517642763,740.4592452151975,4812.461817480927,0.0,13618.160137065735,8001.471534766446,1269.396119660269,23.39705530518547,182.43986402727532,0.0,52.08538074266711,622.8593811846143,3185.1400773459154,1322.4257511796695,40.47342608900878,3.8415860481704227,0.0,0.19654421943385597,0.19820525691706026,0.20026769950277964,0.136774095694364,0.02165035042597346,0.026018713074336675,0.0,0.0207344204562983,0.02606493814479928,0.0354891127710918,0.014299969350494025,0.007345152140720753,0.0037515700525594556
0.23529411764705882,0.20085722997255048,0.3731260419679126,0.49381538981540485,0.8342377688678113,2.054983137964295,0.0,0.741049590633029,1.5014624075770582,3.4811700159890915,18.939261675730023,14.050257388400436,3.73606332897797,0.0,1.590381347088918,9.683512093029206,31.152788058536558,72.88829772607545,25.15926788484464,143.74317762906097,0.0,2023.2504564444312,8058.670659016298,1009.973683357276,4180.712094339831,1096.2785604500841,0.0,166.96067269785468,384.1078881259974,115.74862409811044,180.59206958820272,104.2542371800171,17.87947375792347,0.0,1.2334818130830567,0.509036035659804,0.0765028367199204,0.059106855101895665,0.0404104665364919,0.06796437786050878,0.0,0.014762555208441736,0.022706863409647594,0.003990535134137409,0.007488739794889149,0.008065279200776248,0.021093650443028897
0.25,0.2946058288488742,0.1931342620966286,0.9616539093593277,1.8022442705343045,1.6038868661698142,0.0,1.0632435838771714,10.971386633525103,30.30840929571226,0.7091997440498408,34.09305948683267,15.85919911981922,0.0,26.096399182641278,44.53519464643045,17.075578562252772,1.7375075665741289,17.9278248983799,46.62996202506048,0.0,1025.6374164000713,8641.853254146743,16358.904163565225,9254.989648523222,3513.3435860438867,0.0,314.5782669512389,111.5266885128913,275.8801687618659,141.63525795502966,4.538231492401614,5.508766572100852,0.0,0.7523259419054477,0.09119829033296631,0.0804809175763224,0.051349874617023505,0.09882834225514703,0.023870417523026502,0.0,0.007577884961548479,0.004966830053394407,0.006477133910695029,0.022888599597578586,0.023994483386446375,0.010234558993333621
0.2647058823529411,0.10878618057524717,0.3192384304090471,0.46791224765220063,0.19243845072462892,0.027501823754716402,0.0,0.513638929717859,4.321684405679876,0.7032933067656255,18.463971269238314,4.311160144292506,107.47426443874355,0.0,264.38254462846885,61.02754988264227,12.975450445024926,6.599607251749299,4.666374671795339,17.970913504800826,0.0,186.54122167292854,435.56856730405957,31.17800833223777,255.01615819257177,3014.5957018719128,0.0,3700.062172939867,673.2856441477296,34.50814231025556,0.21033132659593884,1.9031539778324142,0.2303510742247868,0.0,0.10625780064018522,0.021543828932936094,0.004924306618629037,0.028834520530988755,0.018963640202973784,0.006907145245604701,0.0,0.010860469398893078,0.04350619746660801,0.06910382657709854,0.17113092665668905,0.1772942680150196,0.0419834182861541
0.27941176470588236,0.26040627137675126,0.07103005014311341,0.06727557312932626,0.07951238487339406,0.3612755292285522,0.0,0.5037563521134727,0.05776175607435635,1.4908715989673864,4.319932392245538,6.548394558571018,221.02777517581282,0.0,480.121589164275,120.16840187589906,27.201805391983584,21.64569973277623,83.6188119264779,102.0045359133254,0.0,36.929381023913116,41.20428867480849,273.55399929230725,1699.540159933411,3420.8859780839534,0.0,1217.094579384651,224.25371517556346,112.65149453703933,1.0341050319413525,0.6438077899387852,0.10820285843604191,0.0,0.052129398068913986,0.07760265510081732,0.018717947535411464,0.0013040941814586688,0.007892726153125721,0.010019957993881253,0.0,0.0029909862022136262,0.012617553699692023,0.006122232589715714,0.014681517801806727,0.0034441341623012026,0.00482506572208816
0.29411764705882354,0.20014336140223477,0.23392047385253434,0.1313067827689361,0.07983661360680336,0.20844687996277447,0.0,0.3118899857202794,0.1961248030510333,2.7370492472941135,11.601297366944415,28.248266913797234,8.600965185131127,0.0,127.9450313683923,35.605374469864806,47.20401503830067,3.711358596293927,17.97468636201858,3.3377279697444737,0.0,15.073374112306727,26.546995422616824,298.1093891086224,470.4473603191052,269.66836027115033,0.0,125.12411244676694,223.6032301563942,191.33217074155175,9.822440290609364,0.2390320627277947,0.10976057737994663,0.0,0.05776689403493595,0.05818273781707347,0.029231299660222244,0.034840361867526426,0.011887111929086492,0.005219489977758169,0.0,0.0062212275918637275,0.005365295233936758,0.0055973702084792356,0.003153403425376131,0.0015679538131936435,0.003795932503080283
0.3088235294117647,0.14225764991784243,0.09246851972437535,0.10012377713752446,0.049973323409113896,0.021262087646100145,0.0,0.047552082726384504,1.1195641174427766,5.041515959017314,8.06070815603461,3.0365623586378554,15.195124323937506,0.0,23.466733612682223,44.98121455578887,33.534039475303494,1.8073932414225573,16.302867637385027,43.66899807707405,0.0,13.064073187867647,40.779456973398936,225.31148818222158,582.1449260387064,235.57338375964142,0.0,83.55688647270227,260.52891826213494,149.4878124879745,4.199211757936815,0.7336121251964177,0.1614370466559097,0.0,0.08851461209468695,0.06553752929778306,0.040461251080904585,0.01204239621139849,0.005159357695703585,0.008810735994942441,0.0,0.004944911187500608,0.011913274210333372,0.0049120652382308805,0.0009522066809566482,0.008394703148089648,0.010379751479584826
0.3235294117647059,0.03741283435070375,0.019122042867011815,0.0700844177787011,0.09856350938131062,0.029569466055554786,0.0,0.019007782401823946,0.9199371674518234,4.594667145980356,5.8333385692114454,0.6060953536041611,4.5008725385155515,0.0,35.751108446190294,43.45443170251147,9.215767967119739,3.6446322280813925,3.2140368823418033,9.478588006112656,0.0,45.63091033768362,92.29320687591013,65.60757265265616,1.8117008843396571,8.183851590631019,0.0,158.17567193973764,118.25984109365,1.2785342277619085,2.7873102853689007,3.1587104563342367,0.1822554464925259,0.0,0.01927025646740757,0.012454483709062074,0.004514036184725245,0.005941187568028754,0.002342475076970736,0.00463655834048431,0.0,0.004431893827836697,0.004517004390226143,0.009374226594948465,0.00512087949209197,0.004135310836548651,0.006047105382667947
0.3382352941176471,0.029408072037365438,0.018164020662682426,0.03976754457861444,0.045610032091165986,0.05023016915591249,0.0,0.619584285928253,1.7174454978894618,4.417872612686484,4.404192207111984,1.666747049899052,13.20993384536061,0.0,20.55698615645439,7.757915783886718,0.7380254687011621,2.5656630450022355,5.970923666868581,47.3528578060491,0.0,60.020865480385545,35.33184978270958,19.31367071519557,5.791218642982377,47.31685942484661,0.0,51.777254397794465,11.955184751675047,14.385863188052642,0.9830185670241085,1.1833017329730915,0.19474774546377524,0.0,0.023959735829157204,0.014470725088173628,0.006937609544916719,0.004588954828077085,0.0027002636664895975,0.0006518270204296019,0.0,0.003536724058303245,0.005374323319385396,0.003533936268635315,0.003587569140060311,0.0032866244315065047,0.0054826604687696475
0.3529411764705882,0.06012255258501747,0.126676549075593,0.07951100365209719,0.02686770708583762,0.2185081832905283,0.0,0.27351384150185776,0.6238146660883765,8.49806610110182,23.705926419875624,21.48163149303663,4.5026067325308405,0.0,2.5743878765574584,5.8829434267904475,5.707727522051542,4.104184485282104,24.217947947507387,57.32536521727151,0.0,24.424720921091698,6.570245533308601,9.908722289528137,27.75917850645619,29.30765470335914,0.0,28.708064139620625,55.55663238295082,13.344459156119939,1.184469598621465,0.06655469160662389,0.10367964233466694,0.0,0.003809093285213958,0.0018175834929474756,0.0023133900026706994,0.0018938935388210353,0.0016012724781330901,0.0007678910215911906,0.0,0.0012804215056359325,0.003519161951414523,0.003389128012065852,0.003329507541365121,0.003794884059660485,0.0034641621481319752
0.3676470588235294,0.046398021089643325,0.02667402046545642,0.010867196337616743,0.009061241418324388,0.05950522473139192,0.0,0.18245118610164296,1.0407473711124813,3.2068586448564886,1.4599980226796436,16.511049037473647,57.81598206293471,0.0,28.745435378945675,4.626855246001734,1.997831692992221,0.9415320192579981,0.9702815459107712,0.2750952677799288,0.0,0.9697608723383182,0.6744016340728483,5.162584025610601,8.141928920766674,5.314182803892514,0.0,33.67935047859589,15.497324307465917,1.7466216903298586,0.20189177957992469,0.08582991982182894,0.0235738838311202,0.0,0.006992154375537891,0.0015491656189674434,0.0007698429392828659,0.0018701549379322405,0.0014250455302458104,0.001166548601215118,0.0,0.0030212806043650375,0.002764794214117813,0.0015009269008181177,0.003970650238894803,0.0037360587290113157,0.0019299758525498573
0.38235294117647056,0.02364454447726965,0.008043642239853935,0.020601425474180028,0.013548418862293129,0.014843182286104522,0.0,0.03011547369235557,0.23928969870020297,2.114066778283928,5.448608492741831,7.116922878615725,34.45551207645136,0.0,29.403252537310117,4.667396886130884,8.78649596096837,2.392297100392991,1.0355758488107354,0.03131397507042708,0.0,0.45756997051497483,1.02031008295126,1.7206195622517302,10.522477632840863,6.724103512012414,0.0,23.28423483313651,9.679303224314028,0.6004386092045948,0.040012683297758804,0.04253810035177234,0.04447689972733172,0.0,0.006971671036747484,0.0027106439409276006,0.0007845044685896079,0.001234032474282045,0.0005394570282404897,0.0012429290852095307,0.0,0.0013540251939984428,0.0024797930952556503,0.000986198959001726,0.0017730136564501867,0.0027600125654410465,0.0024589851204285707
0.3970588235294118,0.08341676638028656,0.027741754093033696,0.024527420020475053,0.014881520995449761,0.014661171288057984,0.0,0.008887451902722936,0.021537340270368258,0.6345196840724106,0.587316854875797,3.696752100440685,21.69245775265309,0.0,25.286381704927322,2.0038479001541942,10.860574618245494,24.53453265147661,8.823881155241713,2.0822659508884085,0.0,0.20645937921192387,1.6814466919679831,9.042558507006484,18.262211834690383,12.071952292964742,0.0,5.380579396361341,13.014566673278864,2.61951698050592,0.44903249054232625,0.47366843998259756,0.06660051443939285,0.0,0.004570805571297087,0.0022502315245118243,0.0017084478626520688,0.0011776589253971125,0.002001398731329302,0.0018833819819111084,0.0,0.00029940145535822273,0.0017020357726351726,0.0021146133868370034,0.004073420260423673,0.001899945460037649,0.000699005927509588
0.411764705882353,0.06584901918513837,0.03805649620947713,0.04477405610424676,0.01852297131654649,0.046103071955060713,0.0,0.02641231100075193,0.41296179746160794,0.3282067635489436,5.055566390913528,27.755260878818902,36.48480705175865,0.0,31.11099809950983,21.33267392365918,3.3860464530899232,4.102721759174795,0.6450062111487929,1.3761780010070042,0.0,1.2810317292405875,2.3030200122042714,4.365715257738247,0.5020279540479876,3.5576846200292076,0.0,4.866920632511808,1.3589087065885783,0.3812516228015467,0.8421626220545955,0.17122287413189377,0.002139366630211819,0.0,0.0040405068811311985,0.0015197379092027404,0.0012808982005789596,0.0023445751664372015,0.0017896994963303155,0.0026088645015755877,0.0,0.002544804429783171,0.003234185684178382,0.001432071027377898,0.000649928262722759,0.0006663017052996419,0.0005919284841369243
0.4264705882352941,0.08844753074370984,0.07160262547560277,0.05586695729682274,0.025192721424467532,0.018993223736691173,0.0,0.004087208188291715,0.572911503291506,6.117190772692536,12.386579638459605,24.482984461581687,77.37949152370598,0.0,64.37541500173305,5.288412896720805,1.8962630718905173,0.4951278288480615,2.3588856289287268,1.518306501913978,0.0,0.1844416998983413,2.4650373030660147,1.8402462742116221,3.461262052811304,2.7247495553872443,0.0,0.1762640812486251,0.36079391044035847,0.15072071299552608,0.02654049807327023,0.0037959005022742374,0.0028993426307682515,0.0,0.0019557374365398563,0.001999972293932675,0.00191556410252079,0.0010451536429897923,0.002786467183547919,0.003769410722143769,0.0,0.0045223980829153425,0.002811117778337429,0.002558336944940035,0.0026894313802532585,0.0022320150318634263,0.00042100734257864074
0.4411764705882353,0.1796533252623786,0.033997289946683135,0.009672895052170616,0.002321456779931531,0.020994844181113876,0.0,0.025236940362472888,0.22355538852969548,1.2845196271141872,3.1701140492337214,21.779906083546848,299.6412966532047,0.0,377.8613306417693,24.051610359043003,5.441122551258778,1.3490512297908446,0.3284529658560244,0.02729003971299805,0.0,0.19424398858622055,0.7994351021114809,1.0766566820712464,0.23860081966029928,0.6727827652385173,0.0,2.8244044653876452,2.927586808314288,0.43476118603358493,0.006120635213686967,0.003025163528598152,0.0018831470372444015,0.0,0.00048264893751962537,0.0011860991002353909,0.0010419109920408146,0.0026843609397967246,0.0016508894540835483,0.0010541999400920917,0.0,0.001417316589556554,0.0005747482031447711,0.0020994067105966296,0.002455511832913071,0.0012276730970718188,0.00460827331789673
0.4558823529411764,0.07072732611315685,0.03717336186268264,0.010781351414998398,0.014607812810053238,0.027769478779755406,0.0,0.008723761209885201,0.07661468531487665,0.13863410962407094,6.646652391446291,16.462747539528586,6.820335394131234,0.0,916.4868782499466,1577.1218353177837,245.61852126367836,14.077317739916882,1.2916464117043798,0.14175329138690146,0.0,0.1726091043341692,0.452594103000156,0.5373590380728197,0.12384836772230728,0.15073384560126374,0.0,0.05850437646075503,0.15659487870169678,0.11201574813882156,0.015775149091301753,0.19766704605454677,0.2977511688247333,0.0,0.10657083601168066,0.006885892711547759,0.0016977177383248575,0.0008661055748155912,0.0015065680208077123,0.002502270789094917,0.0,0.002002659060591695,0.0011668404367487205,0.0006421918643335795,0.0016029747032752892,0.0007825772584325933,0.0008690346392410887
0.47058823529411764,0.06178911303833511,0.05283804490095142,0.013127849789210826,0.03391734646799594,0.03855619653770826,0.0,0.012205752753313459,0.05358730719686865,0.2813443298141615,1.5679348995360665,0.2441858329006397,7.903543806750834,0.0,134.55152713354676,3765.146942760564,7025.481882122382,1439.761835190658,70.32260716455963,2.9846318892582575,0.0,1.424437759544308,0.22401119550828094,0.11101990222352084,0.08190932810563833,0.030649116240918255,0.0,0.010570049750987385,0.0343943000907985,0.0199480156574283,0.008318641052306706,0.013844694352700844,0.10430478771870993,0.0,1.6114296165938222,2.288722559606615,0.8815611761419704,0.08135046837697496,0.005680242315979739,0.003420234891725079,0.0,0.0015267475731897636,0.0005175527658122673,0.0010638562924184549,0.0007919769628909381,0.0024888975508785293,0.003019034708932896
0.4852941176470589,0.15326090583655216,0.03206590086848056,0.02466778261996172,0.0018407439331754416,0.0041187361837903,0.0,0.01916988847914707,0.05626852003895981,0.38466086798054333,0.09863599131686113,0.36753850090440265,7.746109786911184,0.0,0.1776683486735005,643.1021117592015,9521.095270956348,18708.921900620437,4893.329183645426,620.7686598340846,0.0,56.07374306244222,4.864991343759289,0.2374036309739045,0.02295127186056434,0.018219199802406928,0.0,0.006022560844268983,0.006075890030190771,0.007387366037640916,0.0051865621226838635,0.002083773953734989,0.044167551575690314,0.0,0.16014013103119956,1.1957304078008244,3.318624127934312,2.421256558482801,0.8074054565401558,0.19271757372365828,0.0,0.09230457671472925,0.019116276142009545,0.0017549590166419152,0.004771967408684398,0.004545579561766759,0.001988515331145811
0.5,0.07721215456311604,0.05474084685691051,0.03542687864491902,0.020476445999608513,0.010795902315439138,0.0,0.012085699767087385,0.008068122093770051,0.1468374378863947,0.21915087221324342,0.6677357965713444,3.751605215693661,0.0,6.864212658937099,23.05870125052938,348.75136308160427,1304.339937191201,14239.235474567246,8367.153588408572,0.0,432.9864825371126,13.77396260721889,1.0950976476067784,0.046790266996485676,0.018858583967796855,0.0,0.009286515900776973,0.014188583048809777,0.0015375178806104766,0.010941531425989491,0.005085325772627684,0.002141747339640837,0.0,0.010644555990180056,0.000544933142028177,0.04015079295015625,0.028660802895824518,0.23218329819011108,0.7194740055688513,0.0,1.0941437552822417,0.19781925358998742,0.02171251970455207,0.012068019663596153,0.023279884725031896,0.0028971167156416166
0.5147058823529411,0.21130375236051718,0.08789324017980327,0.02170250601953625,0.016430327214317822,0.01006210939230308,0.0,0.013331572186548802,0.006437600052424456,0.07886515794659625,0.36994643033450325,3.7700628738899846,32.24977760019689,0.0,255.58469361316298,1833.5569971912555,8835.877414742656,35595.25403923726,55460.29373879397,14146.899047222163,0.0,802.4484559386763,51.404432110818576,22.910998963776287,1.0227770123240427,0.3921246575809988,0.0,0.12185016047897951,0.019590977391264412,0.1015443206514163,0.03169819453448963,0.03246374278450178,0.05479249184013808,0.0,0.09118439597042188,0.5895830383333331,1.424644244664686,2.0773313474555772,2.5714009484708855,1.8456505910194183,0.0,0.6177947302650084,0.10498729477315841,0.14062440007158195,0.03942778233500528,0.020926780930282447,0.018152960277409917
0.5294117647058822,0.05679701284608307,0.011693030331035375,0.0166749067667471,0.016998342148734524,0.01139042905848711,0.0,0.009028629217378802,0.02829548772451377,0.06897811988115991,0.8152050044802492,3.158264249427962,5.8113432054096545,0.0,40.58608914179416,1105.70792948577,608.7669691381441,1924.5140274496146,5543.082226121023,27277.511247674847,0.0,40230.49984705854,20820.67932928058,6679.687427841307,1516.410078973189,290.1369287519915,0.0,50.88574662890083,3.2333870643602713,0.24801655737715278,0.2640381826372902,0.11374783006312725,0.10791347153854902,0.0,0.08373673352307763,0.09424140738776776,0.5411924460021931,0.26988365168919304,0.013982881939331481,0.04399067362187349,0.0,0.20326279143262155,0.1764210339935609,0.09380809461582665,0.04441744872922749,0.04478661473130033,0.06528943812408672
0.5441176470588235,0.09572799713842456,0.14622699866510275,0.04331578274326543,0.02614494298578942,0.018212769836131827,0.0,0.011042418408996084,0.04838177505680892,0.28407943464453156,0.5586809227463458,0.6606002076436037,5.483995615822781,0.0,59.49175589339662,99.69638739927751,56.84347379494453,301.9949607511779,606.8374480838352,227.99839064812846,0.0,738.9593286063517,2592.0752048440554,12122.374921533285,25908.95264376668,12890.77004728944,0.0,3023.2005394490834,682.1845833169286,41.61505519465814,6.357303520888465,0.6095410067612896,0.17079274710867445,0.0,0.1981893049147863,0.15851037976875798,0.0594774755476697,0.06646232805976948,0.08873845197972266,0.013851199877074314,0.0,0.006947387861520034,0.009477552154946008,0.006015544230639581,0.010368016829394582,0.02064536374983232,0.01455507543674194
0.5588235294117647,0.26777847360137735,0.05664031010502762,0.14876968758216763,0.12267525134778123,0.048394840604362534,0.0,0.06309312667259777,0.06997300142602525,0.01269893873057242,0.6281551063651256,9.367878517287155,8.88129605204865,0.0,7.1988615098071005,27.274839269592636,40.94941339592495,52.43182276112837,292.3767451319347,2926.3201605052973,0.0,11408.80684436599,18380.08087390448,10555.609048736922,2838.053290875104,25.02409839344879,0.0,3825.4911943233847,897.3130390540261,125.75708945979747,1.873232647387678,2.746816362498405,0.3566942763759083,0.0,0.7907529508879969,0.27842877396112947,0.022736844094261237,0.008510520818048095,0.006298289463854771,0.013115061149562537,0.0,0.028494706197928266,0.06491302997674137,0.08696033690510664,0.0801473409995086,0.05790219437420681,0.041257807162279
0.5735294117647058,0.5893162814690223,0.23525944373557828,0.14536433480489,0.08371379189863434,0.10108132560600629,0.0,0.11866297197430023,0.05486102890588214,0.10948337956848839,0.40553672544734565,1.2921756696796063,2.3983440469277113,0.0,48.86439464850905,199.69486342107962,205.12469294245375,101.58950379735924,84.65801740844505,411.0052622422638,0.0,268.02470606323385,3687.2481273909048,4056.638306577678,3810.818372037267,2427.1244155839086,0.0,303.08426226900474,2141.926521905836,174.2472998700713,45.133866553183054,4.277847162890791,3.3837950083850874,0.0,2.024426650739644,0.6475173436457997,0.04305796056805369,0.019050262381833417,0.03514431461337092,0.016735541834983967,0.0,0.027118003071851613,0.03132719406681385,0.04326402418695123,0.03402429603614838,0.01266297385374468,0.013191340050994845
0.5882352941176471,0.2869718232991959,0.969213225594298,1.1876301117206138,0.3195180339775322,0.12769247798911174,0.0,0.1756114960046983,0.066653534913633,0.4516544623321862,1.4990650753495824,1.9286351123737808,3.2674660297293325,0.0,24.628946854414217,255.75018397298504,460.7303840351656,214.3303992314702,26.599055051570836,72.78942826296596,0.0,17.72550055555712,95.70767722794324,1.6348442885676768,1547.2932507726302,7040.442616930001,0.0,15541.488991677881,19786.780032082104,5654.903891029495,399.870481071904,20.594331973708595,1.2709126050276887,0.0,1.1848963996254485,0.03999027862063211,0.42696478540884025,0.2696416313837017,0.012066720415370345,0.0057646144203021416,0.0,0.018673250538721865,0.019042740198842664,0.010126767700444395,0.015139358464065972,0.01949442138544448,0.011328560722270242
0.6029411764705883,0.7649495009088452,0.34127015559990626,0.17964541271586412,0.2799454105118246,0.4860615706181689,0.0,0.4668997413146076,0.1996891687860548,0.2224475359895952,0.33769741911802087,0.7636404483245982,2.649470173381369,0.0,6.70936289986985,58.654601063796065,36.24413988147569,78.39428080283895,20.50024137750577,60.438559180585784,0.0,47.334267542141305,12.203237694945177,340.854205518575,465.91932583827395,1041.490373268151,0.0,6304.704098736695,9581.530756446082,8950.33658339152,12538.803125030305,2947.3135186791906,225.68939353123739,0.0,3.0216595518191403,3.8402667732510687,0.5644059699325843,0.22300101649879453,0.12353053547268189,0.07405718213823795,0.0,0.01710900898389639,0.02502806968962475,0.008032300306813518,0.006043844262178884,0.026876045216932584,0.04328614133428739
0.6176470588235294,0.30580978206119946,0.1985404408260606,0.4622783513108545,0.22932167066687884,0.20746038633412664,0.0,0.17836463253501983,0.13242084616217664,0.026808741931890923,0.05104367789612483,0.17859880842195497,1.189244984977985,0.0,4.953242312985287,29.184948895442155,16.655192658484147,25.517364472335796,12.559247917385704,20.190288221172942,0.0,32.41473880595643,74.8384349382257,80.10347655192744,23.199606317412737,319.83381371862333,0.0,424.704268226257,1247.568312053215,8741.58301142643,3439.3867217289926,1436.823907706538,489.81541100473396,0.0,4.572579122717213,0.26175005993755024,0.015262710788386823,0.15791177562238734,0.20904253496098818,0.16919140559846035,0.0,0.04877319176383879,0.017793283447291804,0.006801836575368784,0.014906396235189273,0.016993106407926197,0.019214561522071988
0.6323529411764706,0.5783939800022596,0.35583729436769573,0.32621690164479233,0.45805756666583236,0.22695435865086605,0.0,0.02560639425685346,0.31734387713669565,1.3265694630113039,1.8504864971856199,4.4323650478210945,11.559988285091869,0.0,8.60485482223828,5.715101442716318,35.76529104596635,49.64159303613517,41.31527649333737,4.853500496277077,0.0,3.746068326812774,11.862982291375424,4.01288767913778,23.450159233864518,171.97933995734357,0.0,644.377754519365,1186.800536035888,1037.0994457596885,1213.5685800209692,304.0248623487323,14.731247291414483,0.0,4.420263090400174,2.9689009745078137,0.1870477757125462,0.07131166794640284,0.011655089387411747,0.00847127028952165,0.0,0.013206725006410302,0.006534646329735323,0.013425270014563912,0.0058673330042611676,0.006909156109093716,0.006259798307860425
0.6470588235294118,0.08678945222500442,0.06272048464010234,0.11227388882964098,0.21093585546396915,0.10709855793784112,0.0,2.3280819327386335,10.134087844177408,8.042346157710446,22.35169312017704,59.5312314654999,96.14345415045847,0.0,30.753215851322413,14.487521656128042,11.334883657498562,2.126358033573628,6.63868640826308,7.794433928696533,0.0,4.642978454597523,27.883160844000336,82.72088056903496,58.55037322600623,80.90676693965571,0.0,12.108858264187525,318.1117351703871,518.3424534690421,126.9223083440508,5.897766164238606,1.2065178128835894,0.0,0.4132568614350003,0.15055631307020703,0.05582605462454,0.05013331691086744,0.006719879213738402,0.011070149175789851,0.0,0.017629080780984782,0.008022259407245252,0.003403276735931527,0.0034963975454223896,0.00811761230918483,0.006298248845222399
0.6617647058823529,0.11611422914886295,0.24627869561030558,0.2851873473456977,0.18821989168782113,0.22707585373363998,0.0,0.36402607515092034,10.342354478092346,1.090833946863205,0.9653198481940004,215.02377892370117,474.03939416294224,0.0,187.81448207441656,82.20790823962984,4.415667292340765,1.991331993590937,6.268366307168794,2.3229970546106173,0.0,0.7793862043608758,3.0265000292113973,25.30205687908716,22.05568916170162,2.013368573506566,0.0,12.50684302760599,46.89126084073444,63.37078981292052,28.66403202898983,4.314504666289451,0.18837987133912762,0.0,0.0461219295025527,0.08147662479245836,0.024522921882945897,0.01800971528896805,0.006442771650252313,0.006235464446315065,0.0,0.01420114965969307,0.007245193819400773,0.003962272023899253,0.0033556000293447122,0.0032112091640846556,0.0024882018899519227
0.6764705882352942,0.3055619285533969,0.14276465860692356,0.08361901319717441,0.051550781352686544,0.15704272813731884,0.0,2.0811855271256974,6.735955577280722,20.99296694615545,9.647145824792952,102.80066835473139,84.01981619721792,0.0,72.97447142492621,83.11507749927642,41.42661248601233,12.374937281011608,0.9094208376494881,0.3979481131308301,0.0,9.755948977011899,22.21683251911155,7.814535026360622,1.8516603111508094,7.593324505009266,0.0,29.002041270251215,5.85031150964705,3.403197962503203,2.570718052721457,0.029131290238549695,0.20024210115089525,0.0,0.09948738707187725,0.13581212370602946,0.07084344410398703,0.0211753564244741,0.010763017140329057,0.005878853355361565,0.0,0.0027035763627478834,0.00408656971326837,0.001956526281817264,0.0019140284305471287,0.001930306612247106,0.0011425702415754895
0.6911764705882353,0.11691734042655819,0.018396555162512998,0.04494072587782891,0.054766589534406426,0.11417628559824755,0.0,0.9927019693691163,3.0640557971664397,4.52870189011843,29.230684369173566,25.663397590865753,181.351817363875,0.0,371.0185242619832,210.0698807682233,25.789482092386823,24.765774573335232,14.243829789628245,0.16855804006667913,0.0,22.01359463128372,56.57857208413251,20.34492766455072,16.39428739681069,66.65696760351793,0.0,30.33514985228897,3.7134722644099405,3.5731971235438262,0.7638261555346043,0.13953268998691978,0.04857739634244693,0.0,0.01720547908914659,0.008894411540758648,0.007186377551397724,0.003388501826512013,0.0030527280831765314,0.0018738308609147344,0.0,0.0018106994389823277,0.0033355866638497987,0.002945231680324806,0.0035879154073954205,0.0020095643978818695,0.001724410405543139
0.7058823529411764,0.0757025574954955,0.150432177575075,0.052150323720222255,0.022717389833336155,0.06401562285456265,0.0,0.17006075593585213,1.4593171509738447,9.75371498401173,8.987632683355624,7.734962593089768,129.8458567617075,0.0,125.11568994733352,119.27869240596841,108.41264426621592,12.109899445131362,0.7596962013718981,0.4787966858028645,0.0,0.5946180201788348,2.1764145074972108,14.809777218544044,11.236246547903589,14.197343578859098,0.0,1.7578723882928342,1.2882816451579666,1.1400942850127194,0.03266071635124386,0.037594698884510336,0.02807512555456678,0.0,0.00999669617452462,0.006515621028513685,0.00803665035377172,0.0029706919939653047,0.0024799259749280723,0.0036255466933601955,0.0,0.0017655966261870255,0.0007354398199288235,0.004771053621292914,0.005393595589651534,0.0025901733844716788,0.0028381998733049397
0.7205882352941176,0.1269819625502231,0.08253319666937986,0.03547098969098732,0.05046355073269514,0.25962296572701044,0.0,0.42596683812068004,0.7481481707605233,1.9602575716859367,0.7272435973301785,12.921273817464265,72.92664305048322,0.0,69.6032065965542,10.65070423000914,2.6796399094466112,8.423579240422047,6.554623646871226,0.1756182635351221,0.0,5.106149327567673,14.86346050077014,9.316180706370666,3.39164124302535,1.7510000435461213,0.0,3.626040649771358,1.4550737740903728,0.15399420638755634,0.01749413255315226,0.004474505505435892,0.0017819576080889854,0.0,0.0019162671153564845,0.0015626501406929023,0.0017646231188079516,0.0015337512222272005,0.0008834878280268319,0.001070330122660805,0.0,0.0009729638066408041,0.00030661133919387024,0.0005745234755082356,0.0009269015302503859,0.0037581459719878627,0.003340797657187979
0.7352941176470588,0.0854110844590986,0.0246738624064349,0.010653460326198254,0.022694724173734332,0.0218975467843962,0.0,0.15215995032671875,0.5248016871096755,1.1494845594910807,6.856443613257763,20.66059839739301,23.903496343713023,0.0,22.904239122850967,14.405857462576211,7.221282866743767,11.586576851871918,7.1131615918934274,4.954638764819369,0.0,0.9930534713654722,3.8792134159899048,2.14892286249313,0.10528504946299179,0.07057513216370007,0.0,0.39514614628696176,0.5957345392789969,0.053141230728584836,0.003348947196772569,0.002377474431225817,0.0025577995047894896,0.0,0.0020736062510750843,0.0008764430899148829,0.0005949893430483534,0.0016238921071205508,0.0008740960863055142,0.001949137837339423,0.0,0.0036471187260021343,0.003669064128677866,0.001563918948963783,0.0005740312084356503,0.000325228159201924,0.0011393821965420957
0.75,0.045018206885742706,0.011834208725940785,0.010130375811018272,0.021708007314200348,0.025773627898329928,0.0,0.21088159622479086,0.5047129641348351,5.502977897527873,22.08503012394251,19.238492059919643,2.887038252477199,0.0,2.2991923701102284,0.9049857331597104,3.211133304465586,3.457856641470146,0.49080203176128523,0.8140380073148374,0.0,0.6426032562049391,0.11309523631438428,0.7196245230506408,0.08589201092220095,0.24202268872016108,0.0,0.658003102181304,0.2553602708924704,0.013416963803600381,0.004121142654618056,0.001814726735851249,0.0014070808668788454,0.0,0.00192156597006172,0.002507084748261585,0.0013094078922524064,0.001797208736173393,0.0007733442123402462,0.002096731625262991,0.0,0.0014907413610164718,0.00043579078350874635,0.0010615038055510257,0.0019653055259800717,0.0013588800610414972,0.0014587199929589098
0.7647058823529411,0.06194806084272759,0.015373341224940825,0.013426872137570187,0.012240744703883543,0.02662758594745676,0.0,0.015697805056583546,0.03980963742319684,1.6502044650978251,3.808025770786799,11.068307422002944,2.4898164818678388,0.0,9.273336855000725,13.535792903958995,7.7696951660247695,6.531017474649932,6.4738837540834275,0.8263306878571657,0.0,0.07192508044393642,0.17416942315541606,0.09639794823243514,0.037554894908482524,0.01617535516332895,0.0,0.03531482294695379,0.03778781964342674,0.0016844508303549277,0.0018354369629399046,0.003117629850590782,0.004300199148145805,0.0,0.0017973531561714007,0.0008740486044530233,0.0012210713701075152,0.001375216727646582,0.0018710937413485556,0.003410620222383073,0.0,0.0014568293038257588,0.0015024203899859073,0.0013639199348640897,0.0007604390556936987,0.0006750713623205835,0.0019156429736169132
0.7794117647058825,0.034036261726772946,0.0396684116148683,0.022770895381757618,0.0038474341689546405,0.023335450051202817,0.0,0.03543902807117767,0.05762754670031156,0.3499046139858518,1.7133069363162141,4.21480146898106,0.6134811459460748,0.0,1.061629334789147,1.7682960798173242,5.302039354187963,2.126510417819106,0.6192685025031484,0.1952825593127123,0.0,0.030947337603688008,0.007032564331560466,0.0031467161103847833,0.003160098251685962,0.003442481091331448,0.0,0.029385630172443382,0.02441814545635402,0.004763811856044135,0.0021488167162400295,0.001230185544021608,0.0005162974555412386,0.0,0.0019741912865388657,0.0027963718963481387,0.0019476266224232523,0.001926871749090832,0.00475256246344445,0.005438663532144304,0.0,0.0018046442439040968,0.0006510534856788686,0.0014030748582574033,0.0017210995805109679,0.0020154938656277684,0.001997298997616714
0.7941176470588236,0.05925875744529134,0.04427787257474977,0.020703354354891314,0.01869162430154344,0.010671116689109514,0.0,0.008504697758421,0.014297202843927841,0.03590449215737384,0.3732209903022843,0.8017529463084812,4.566046037595797,0.0,1.9821903966381074,0.6060289458284689,1.7687082695016891,0.12904097892796423,0.1732576512632058,0.09874365232611595,0.0,0.05028870848044782,0.018894118582753,0.010473510892248518,0.004658974449659214,0.005392969317724062,0.0,0.0011821642346489156,0.003912587727627178,0.002380254732269751,0.0007353761679417868,0.0023038867491149565,0.001953399208972499,0.0,0.0010643914120192727,0.0013235744855346803,0.0017689560724799306,0.002462408063929476,0.0021821245906628855,0.0015284341994060624,0.0,0.0014584644717937887,0.00080218919008322,0.0023023900362916998,0.0040744560492992415,0.003750143599367034,0.003953258509405698
0.8088235294117647,0.09584165709874776,0.025248197162481827,0.017676379298086697,0.00951126107119643,0.015718195902931074,0.0,0.05883284968871363,0.18544049717626976,0.3514091815798861,0.08297798536166007,1.2506029135837622,2.8584482243720597,0.0,2.1611004689942233,1.5285876414400137,0.30299738295188006,0.591494335089705,0.2571225270533793,0.020521362930573522,0.0,0.0030537161902535644,0.0038469794936465667,0.003678565285653215,0.003586910910416647,0.009780530650010003,0.0,0.005606025197327129,0.0018523983722352588,0.00337565341315844,0.002186393417371157,0.004236806233776394,0.0025854891846557072,0.0,0.0007729859289334643,0.0029572617215016085,0.004027455909681902,0.0013847728749330243,0.0018541706496082771,0.002008810397675715,0.0,0.002226887976805636,0.0025109728308259738,0.00309115852621643,0.0020134450433723335,0.0035310560316671666,0.00240382288603424
0.823529411764706,0.19235698383156472,0.08410604794169182,0.049588207479938834,0.015418528464244829,0.00525963863968352,0.0,0.007984546587582115,0.04686187434411365,0.06772656969384246,0.16793410376168844,0.5008033990632376,0.49265421183210173,0.0,0.22420174015341493,0.06817573404673288,0.3526663134779413,0.12689745941225133,0.006673401625342348,0.008529221825774624,0.0,0.00244548418514403,0.005217288300773129,0.010042264644575284,0.009183530515927673,0.002578629420133093,0.0,0.0020619717015796612,0.0014723653098260858,0.0029129609523233257,0.0030753533978905728,0.0030653323655628513,0.0021693282306244222,0.0,0.0005988408475828994,0.0008361087391682971,0.0024037466386866825,0.0036717408983861664,0.005033867856877397,0.0017630866044430044,0.0,0.0017898367979479485,0.0013415196099774455,0.0019493317656480665,0.003188175053424375,0.0014502752218536709,0.0013992857742329407
0.8382352941176471,0.13070967758736451,0.045786213388335155,0.011284178879326211,0.020783193413137443,0.0216491285118208,0.0,0.018957144326755097,0.0561216094854565,0.17736996023149193,0.13399842061297393,0.16943133258662313,0.52000120267143,0.0,0.11506210423937259,0.01730017820349035,0.040313840965355924,0.06117576117336302,0.03296542848987142,0.005559914285871441,0.0,0.0005819387356007529,0.0007852548927842014,0.003820605425816407,0.004416541452491622,0.002610995469429279,0.0,0.0026456476372209875,0.004611375403383227,0.0028335487437302275,0.000645770597176805,0.0008327006060891625,0.0011426045173259388,0.0,0.0015235620141814676,0.0012245826771156746,0.002235914204476601,0.0021649642475022788,0.002205218439131969,0.0019023093861208872,0.0,0.0010898408001448075,0.0015268502877423115,0.0010575999128639815,0.0016702698187274693,0.0015920591467213658,0.001151941245773827
0.8529411764705882,0.08332356968998643,0.027158587140961376,0.01313349096610621,0.015289888231858848,0.02906573192386873,0.0,0.01287007642952848,0.018708039412805882,0.020250255363634076,0.3099607748431683,0.6241921848834829,0.7640282841663488,0.0,0.16835705509343546,0.03482433092388702,0.057020575015292604,0.07719866173668549,0.014720576769332805,0.003678927048198344,0.0,0.0056337298879751896,0.005750322627455889,0.0015767259115112,0.0008712758895455507,0.0006045664615505008,0.0,0.0029639381016579344,0.002005463655775285,0.004178354253580948,0.0020056249720615707,0.0020820790128528634,0.0022752977038247193,0.0,0.001706437843775828,0.0013056768860676732,0.000716742866725459,0.0010037720607576927,0.002114698310587282,0.0009476467211760899,0.0,0.0005491518875697536,0.00011858679533673024,0.0008586841147053576,0.003481969039965253,0.00477497560883056,0.0021254329460633167
0.8676470588235293,0.07469600612651425,0.02319815235501303,0.014038667367120169,0.005534941976415417,0.00570965786690789,0.0,0.006051109547586678,0.005566172353731301,0.053866752882033436,0.22266820028675638,0.07828619487914376,0.1876190407071642,0.0,0.3530690023741403,0.0520629126659793,0.0334904733022187,0.022697223730682625,0.01633656515474935,0.004342627866901901,0.0,0.006299572829073166,0.006685884968516159,0.0016736179821712314,0.0007669504580226358,0.0012277393478323838,0.0,0.0032985209602929954,0.004280661285097185,0.0027686676640092897,0.0010940438392219632,0.0006500512559678257,0.0010509245820624815,0.0,0.0006236249408190732,0.0009123088347525186,0.001508623569536182,0.003453671817587297,0.0022181691478550566,0.001672473373768575,0.0,0.0032667863389393885,0.0016344230144870965,0.0006631949573800292,0.0015674746983338952,0.0040018831078484545,0.0018978532259680094
0.8823529411764706,0.0839001447921963,0.03609540626403209,0.027143322882147377,0.015297196284000121,0.009611655385913322,0.0,0.005358924860567067,0.011782777726596534,0.01392177679760177,0.01531879565268142,0.05702332315036006,0.05771880384272167,0.0,0.012097275513933997,0.11893701763048775,0.10958798648790025,0.011058122891810218,0.003120226264631401,0.0030803200621796253,0.0,0.0037942572129598057,0.0029668057732135473,0.0009253888669574167,0.0023993749360134093,0.003198938087534341,0.0,0.004116272999815614,0.00208753983822727,0.0014992110130456439,0.0023062921599709034,0.002280059886275571,0.0023038603094049687,0.0,0.002966120717501269,0.0019233649124429301,0.0008028606237030164,0.0019449352933050715,0.0021353746393145356,0.0015941606974240001,0.0,0.0025713383907378495,0.003563091970282781,0.002464548287272684,0.0012591186880298927,0.0028619690707044924,0.0012653663447395986
0.8970588235294117,0.15477868578355303,0.032652523153333265,0.005113453255404388,0.00428455871563801,0.005399080106130725,0.0,0.005098955130749552,0.007553407714763955,0.007298704800186646,0.006786327362370493,0.03538569305208113,0.04098633830594657,0.0,0.012147194044448568,0.04349890892153609,0.023356438732206834,0.027717214180984433,0.021924323537915555,0.011148346116484355,0.0,0.003196722780766128,0.0022371698607134448,0.004034241513809705,0.0037336910215733984,0.0015371861005934846,0.0,0.001738449495950037,0.005045952196296751,0.00578633673310971,0.0028238362220436215,0.001748155382130504,0.001761445027666452,0.0,0.0019211425115782327,0.0024050717178987083,0.002896786888943483,0.0022504999422466223,0.0010818770686632315,0.001237556051589175,0.0,0.00045450118521011965,0.0010605915928895318,0.0025059735298417706,0.0028474869146494722,0.002549991659371728,0.002514767195530399
0.9117647058823528,0.08670742554377918,0.029893005638704746,0.03297551266252923,0.013909127494878677,0.022407650557623525,0.0,0.011867277531274012,0.004495558039921851,0.0033669737639470095,0.007623257189973919,0.025660999562472468,0.01400277778383531,0.0,0.025571886972770283,0.007703979263502043,0.023316504904117342,0.007329753200008119,0.007973415964142095,0.003795945590517632,0.0,0.0019649158637941315,0.001855644821016304,0.0020234699661538344,0.002286749942979316,0.0015982299343151264,0.0,0.0029423737876746,0.002277188980542378,0.0005995788191231841,0.0017952905412222608,0.0013548827203465784,0.0007491007799859844,0.0,0.001407096437819022,0.0009954525691896177,0.0020404956487817074,0.0036778669561232796,0.0018508410648209574,0.0005988234667058188,0.0,0.0015422941606970894,0.002122789062483901,0.0015546313096030356,0.001006103112757201,0.001095599026014184,0.0024370805908318976
0.9264705882352942,0.06107081214238351,0.012597596308244743,0.04619100698730879,0.01572425744928951,0.015267579364714307,0.0,0.013569215614720534,0.008864407998935314,0.007408083049031729,0.023070750953057384,0.04288240429153904,0.048587505530610246,0.0,0.014684257141946318,0.0034024695433003257,0.013738277661512121,0.010075675726734158,0.01005058979468701,0.0018253519764577402,0.0,0.003349593799087725,0.0030516584431972095,0.003170483916182585,0.0009784257744942897,0.0007949206364139295,0.0,0.0004191928008627968,0.0006365149283557242,0.0014639948528000547,0.0016428369119989013,0.0012306653562206146,0.0022728318891308517,0.0,0.0015058874514557613,0.0009447150319239362,0.0006873351495001761,0.0008561399919527423,0.002683462200369246,0.0018297561480591787,0.0,0.000733146120144939,0.0003084756943145003,0.0004184494132900122,0.001194651642690582,0.003655033626285948,0.0031042824282036634
0.9411764705882353,0.11319565857491659,0.0649102751264148,0.022021681000350502,0.00802104837689076,0.007730231721380891,0.0,0.020194518393397844,0.02342394260605714,0.016709602030985433,0.023620634332300352,0.01194141532099657,0.004389813091438045,0.0,0.009321283215500985,0.030936166024587014,0.04667573795743034,0.03920947483911392,0.007963264177688965,0.0014373384071616475,0.0,0.0019610128794238283,0.000523513826847807,0.00044567605434052524,0.0011042531180655564,0.0016710967597728566,0.0,0.0016288668008460556,0.0016011694011686195,0.003567135781636161,0.0010072436746047001,0.002633077925997482,0.002768568024593784,0.0,0.0031086086431509124,0.004112626813813437,0.0024199532282537586,0.0019429197235864462,0.0017524647238646826,0.0008553792347771231,0.0,0.0011763934825202663,0.0029611215857786657,0.0016969011930118216,0.0007648465647383277,0.002695375768864023,0.0027391381802290317
0.9558823529411764,0.07806228953051593,0.041579956449566594,0.07318799831057296,0.030266279376625793,0.012712919640225716,0.0,0.007728580329779227,0.004652656053573548,0.01508952033979851,0.029532789798004146,0.028263534644760335,0.007581851419675333,0.0,0.049316913853433675,0.11908070368464788,0.0365689598098803,0.004359800321912629,0.00672691921470794,0.0042711505441844514,0.0,0.001863140419740603,0.0022005706572758017,0.002378661736353278,0.003662401454588289,0.002425721210997213,0.0,0.001980937912061673,0.002914469991392156,0.004509951059889284,0.0032932462403363998,0.0021321894245181386,0.00203127883468231,0.0,0.0017790784137315372,0.004331114558776885,0.005518528993474543,0.0028407264638613374,0.0008651565745702015,0.0009364881027436409,0.0,0.0018305749463250916,0.0026149945488860697,0.0038407083378376736,0.004829128370274771,0.0026270128841165835,0.002046608897957629
0.9705882352941178,0.11384282083734801,0.017079978986283773,0.014160446965638986,0.02706564542268584,0.008011442890681463,0.0,0.0038494478235778897,0.0040495407774454005,0.007688597364755738,0.004375138205484366,0.007665656993898521,0.0022641225111355062,0.0,0.015658712254981173,0.05836622279247478,0.13840129939183352,0.06578304903761552,0.012631410578714218,0.0034943992736895177,0.0,0.00014699759618528173,0.001942154210502307,0.0024223717384789065,0.0035937704115517927,0.0014201248387685566,0.0,0.00017415746951293957,0.0009604137862851009,0.002086468961395369,0.002900144396600858,0.0016718734761035016,0.0021455482387872623,0.0,0.0012542198604297001,0.001147552306361058,0.0015572937464386806,0.0009515172781578366,0.0014493242406932033,0.002300694448001182,0.0,0.0008091509237254438,0.0009564679129862004,0.002655177453031935,0.0018717189265155638,0.0012197891335875106,0.00048195021251225213
0.9852941176470589,0.11173097386286879,0.046507237878721575,0.017218224372125362,0.014470642408655069,0.029681783942479046,0.0,0.028940656570364532,0.010652459200970242,0.007380335660268972,0.006224704275293556,0.012149613875786978,0.021307692008525114,0.0,0.02845896346596232,0.027151716676716474,0.04210613701540817,0.01888946847897806,0.003556294226611305,0.007255828836374271,0.0,0.0032385035116325248,0.0017510087103060352,0.0013569834066205243,0.0014521473702052998,0.0013602892931824382,0.0,0.0012723261879067443,0.001163530433144812,0.0001533637166506669,0.0015736944880400438,0.0013232763876926184,0.0030922462052450665,0.0,0.0057588146145971875,0.005205715636358403,0.004112839464273737,0.0034476807362789777,0.001043275650957706,0.002853307361321638,0.0,0.0030318254089579406,0.0034368744030638006,0.001720720432221508,0.002135168054427994,0.002109611515464638,0.001899834668815437
1.0,0.054329358735323,0.015270866892057464,0.01453055257364466,0.014703581724158237,0.013028146922064384,0.0,0.005410797629449284,0.0076990609455500425,0.00807053029037545,0.008179732504768597,0.006094002123683363,0.028763251116253323,0.0,0.02547222092271314,0.011923783249517213,0.002138539809899887,0.023607022547503253,0.049864026839065045,0.008272128741617948,0.0,0.0014745479848788296,0.0017417296335721726,0.0022352687375624576,0.0011840141319904769,0.002881083425052318,0.0,0.001699142925562112,0.0010418454190909902,0.0005603869438339866,0.000888134290377584,0.001364590678012595,0.0020506635327693667,0.0,0.00186265113300139,0.0003178111207495692,0.0017515635542067472,0.004911548017096318,0.00460243945011611,0.002274052511746269,0.0,0.0007855501043374377,0.001123638667883098,0.0014604897074178298,0.0011521202442856295,0.00030733321525139973,0.002487099010750408
1.0147058823529411,0.09970800341106453,0.029571366173365015,0.01849977491823775,0.005283273552932971,0.003954841846746973,0.0,0.0026720428507946794,0.005577975452767556,0.00868554629636805,0.011479244317586963,0.043473749237196144,0.025063378297240164,0.0,0.032809209896179296,0.09117283267832324,0.021789986114962346,0.023127717073083733,0.012756970651293564,0.0046492287397043525,0.0,0.0033058230006007914,0.0035784022272244307,0.003315203533603551,0.0033524928069967913,0.003723427871978305,0.0,0.0014421013542538534,0.0017314205633737166,0.0008032411450926479,0.0006853793864545104,0.0006042701880273118,0.001189755840988305,0.0,0.0012884111236230508,0.0012671418420304712,0.0019421146450275563,0.0013889160194352182,0.0005877864607039592,0.0009329254822095002,0.0,0.002177572410058423,0.0031281760225448266,0.0028906245244692437,0.0030858724953988998,0.0034483329400441286,0.0028278445703476857
1.0294117647058822,0.07273129375478143,0.03730558525774776,0.017250287196415102,0.01026950600260387,0.011120209934093406,0.0,0.0034622864729583957,0.00948051385878538,0.013410566020224696,0.015689002004330006,0.03676155777273063,0.05165472376482549,0.0,0.02196340488859118,0.021005973942370058,0.11093644015184013,0.07442214538556152,0.013800534676098798,0.0004550851344918254,0.0,0.0013077225815939352,0.002408837654818191,0.0026788063078739396,0.001062904777148321,0.00024758884591652647,0.0,0.0005414805847846814,0.002071422980598292,0.004110737537067675,0.00239297553721671,0.0023771624303554817,0.002140892040439538,0.0,0.001375485239566693,0.002101907600579211,0.002208334142502385,0.0028833572841052545,0.00190537017814411,0.0013057973237839645,0.0,0.0025056224556710685,0.0015887674857399908,0.0015607532678638954,0.0012043938125959898,0.0015162380699473394,0.0010381295558626025
1.0441176470588234,0.13229383297731584,0.0690729449350477,0.05438493959069907,0.03331508568383861,0.021055754017141444,0.0,0.005721650931995705,0.005373608008350629,0.006169561588672413,0.030040849293866488,0.02888693941590441,0.008370743515773289,0.0,0.021267097701405262,0.03223451069650357,0.028695872251789364,0.03722970366151334,0.016757117372454843,0.003622462788120067,0.0,0.0015712358010412794,0.0018688568278725102,0.0030144726628390755,0.0018114995808653088,0.0010276491555647406,0.0,0.0005399779785289164,0.0018649176016581916,0.0022918158057826433,0.0005137150203697858,0.0015716452729363406,0.0022621694076338838,0.0,0.0010020096018907433,0.0008123489532909415,0.0006234387113539537,0.0008499165293146396,0.0015374003890055968,0.00270941438407946,0.0,0.00444216984378063,0.0028364274298929657,0.002800373096494008,0.004340046282332338,0.0029506363654593862,0.0016770430525542685
1.0588235294117645,0.06813720938711235,0.052420985388119526,0.017776776898219805,0.020218015973321235,0.0026540254442279664,0.0,0.007306481231949658,0.0021713481207800726,0.004480159933574679,0.013198225104322584,0.003601930067116489,0.025077270489960054,0.0,0.02705819166271073,0.050234184478095134,0.05012568081403021,0.007789677426287534,0.012824780914371657,0.0013922212877401211,0.0,0.0016532594631274893,0.0015032071045881484,0.0016384736255036763,0.0027356152387361826,0.0028755794659279642,0.0,0.0008804213405065855,0.00106090854595908,0.0009731927717599515,0.0004321312694368935,0.0009592535102029966,0.0008170627823334753,0.0,0.0005202096230793494,0.0013850334689639976,0.0017756112335247582,0.002102625692578322,0.003033429879639522,0.002650885973981234,0.0,0.0022871121125327977,0.0012064966426389542,0.001320006779407999,0.0011913335710472491,0.00191884819029782,0.0020191947497927134
1.0735294117647058,0.10848616620280116,0.021291286265508427,0.044886546245457265,0.026484632891652454,0.0040067344015240315,0.0,0.007634554463729922,0.014936354963603661,0.01226676131867421,0.02060316329780797,0.0077693035045906765,0.019437478588366922,0.0,0.0448552485301598,0.05619351606666108,0.034088714538851685,0.03291489163496421,0.009159560944497186,0.0025486185282410398,0.0,0.0015076124387011724,0.0006838472216580739,0.0003449073516062342,0.0008210966232932323,0.0004982693249829158,0.0,0.0001649503338747511,0.0012968674942677736,0.0025910731912564653,0.00203941185641746,0.0013448459431793553,0.0010868900797965826,0.0,0.0032222453454726517,0.0021195870818489122,0.000867548629100823,0.0019861648464337637,0.0021130090283731215,0.0021664605891827523,0.0,0.0012672922762108968,0.0021585265743353666,0.0013843094388200365,0.0008846094937094065,0.0008979586063910033,0.0010662760737915095
1.088235294117647,0.03679669271733804,0.03350576507108011,0.02516827944341206,0.016810994687526143,0.004779810521891897,0.0,0.014850657962469435,0.015211340402715288,0.005204509588702168,0.004983976015121484,0.013928051866193713,0.008826260270602041,0.0,0.03596273164054733,0.05552083712543025,0.042551603328763156,0.006602804584435379,0.0036936830721317486,0.0020969070805924917,0.0,0.0006478110270051933,0.0010028221428241097,0.001986555475987423,0.003557892859179344,0.002406429048076432,0.0,0.001588252286975055,0.002659316162089031,0.0035796558563902007,0.0012768264674030579,0.0004622968098374975,0.001903936611611673,0.0,0.0035609561687431754,0.0017724249166109678,0.0007473243705917068,0.0012903222491255912,0.001323888859711511,0.0013009079898499798,0.0,0.000337730265577913,0.0007838056115851322,0.0012719618809353842,0.0015235978268071013,0.0020586844653550543,0.0025351574778771364
1.102941176470588,0.030795284084830975,0.03312849737655673,0.019385537041945292,0.011111985602040797,0.002931918352449685,0.0,0.002001567871410446,0.0033662019150662082,0.003517176318429765,0.006515491325244904,0.011908321088521684,0.024080169397632502,0.0,0.007159389869433498,0.012759181701459774,0.0048435892915694,0.018642829750154293,0.026107060091581313,0.015908332672801572,0.0,0.005064593833410894,0.0017544834815130545,0.0019621353845552083,0.0009131630596001635,0.0002141179322619588,0.0,0.0008207985849362035,0.001858480048455118,0.0012310107049014595,0.0030531578576195994,0.0023106411911863515,0.002485736958745221,0.0,0.0017463664148343301,0.0022213178296260007,0.0011426240723713902,0.0025917266197653293,0.0027489617885842355,0.0028843041946315867,0.0,0.002574935762495564,0.0011749498712722928,0.0009534742139177448,0.0014568376894536393,0.001953712985622646,0.0018544895964109592
1.1176470588235294,0.10462652266284095,0.06577517104570263,0.027702648258529406,0.009647781796887647,0.006582126025984699,0.0,0.012407209167980321,0.006560358446994406,0.012761271928205888,0.031184261744575843,0.026512145190051822,0.0031999488084665908,0.0,0.08298914276120958,0.13572551529224203,0.09961885707423082,0.05417506783001995,0.020790511951552806,0.0061179871748513765,0.0,0.0042532904993806495,0.0008782300635884625,0.0015959125079284236,0.001367899370257613,0.0035988342363113,0.0,0.0031199061825126044,0.001973266979225884,0.0011331002568500982,0.0022831791942969836,0.0037389685229412863,0.0011471292976973533,0.0,0.0009842775904552173,0.0009807564018052817,0.0009218662833043546,0.001871044841715889,0.0023587354704435372,0.0036619170663926255,0.0,0.0038485443979333783,0.003522555848516385,0.0024742526557591203,0.0016883956985387098,0.0006801079627570522,0.0017730484053383158
1.1323529411764706,0.032050343293782035,0.026736764871561063,0.003620264414392322,0.01449609585895117,0.01105389583916611,0.0,0.004613014017415819,0.011019253260477826,0.0042173783302356434,0.006834726473491736,0.015927137980087557,0.01996204315467408,0.0,0.01141373520291215,0.025570523918317132,0.01722035325547303,0.024006979062431877,0.014438170066967602,0.0046123403093026325,0.0,0.0018634308711473046,0.002432727287735343,0.004191172864039946,0.004592209962643705,0.0021680633014271393,0.0,0.0007749261881929623,0.0011811782907996187,0.002763227077968872,0.00274227604029809,0.0009385896290342885,0.0018664858309020425,0.0,0.0016574971948662021,0.0006205758172484017,0.0013137859801850278,0.0018638930260835322,0.002566609195631185,0.0021845027041532327,0.0,0.0015342704433463272,0.0006743713355373228,0.00027450530456970596,0.00041948867636401713,0.0013976643527269692,0.0013497744622904093
1.1470588235294117,0.006245108298233534,0.051840646769847884,0.013292704080044552,0.014404944631795445,0.0041004838086582274,0.0,0.0018003342836621031,0.002513609806059984,0.011082100462587896,0.017745070457130138,0.029222283523782748,0.03425312865538206,0.0,0.06747636213551308,0.10462507113349329,0.04173836345548376,0.0022945609842590113,0.006944122113729079,0.001793480815430641,0.0,0.0009437922266839037,0.003996735739713254,0.002060142874677145,0.003619099723527083,0.003010037451585108,0.0,0.0007788867544059645,0.0006368028230996677,0.0019582846768589823,0.0015728762401413193,0.0016127513317457881,0.001521702355181371,0.0,0.0009794347203326353,0.0004982944255960511,0.0007144881909349153,0.0010371750378013436,0.0015399287076782054,0.002542688555511031,0.0,0.002611328880850874,0.0009599205093332331,0.0017835187213825362,0.0025342738531831987,0.0036906205538720957,0.002532348700316806
1.161764705882353,0.09549274361891981,0.05379159430111749,0.01845921568200445,0.014702595002333754,0.006109920973714605,0.0,0.006813688297986152,0.004081672793286825,0.004956045044819888,0.018467819572754993,0.03623689614411542,0.019747154270770603,0.0,0.01422468754787248,0.025279020644737013,0.014711931375414551,0.020303426889297108,0.011995093300492426,0.011126009329861313,0.0,0.006130958631830957,0.005088406111516931,0.0022249091515176285,0.0013555873258943225,0.0008256561496110444,0.0,0.0010854736367659841,0.002737098482344193,0.002772380682255221,0.0012081666134402926,0.00036487242803178875,0.00035825080723737423,0.0,0.0010910513883782254,0.002693062380459461,0.0010340513733760465,0.0012243864513149054,0.0017797830129556564,0.0022613662959633327,0.0,0.002884697726534672,0.001778527029194672,0.0019863743965775624,0.0017317577740563,0.00047700470158054166,0.001325535241027903
1.1764705882352942,0.11029639970590716,0.05904373120665454,0.03132296378368614,0.014115678172109725,0.0023150155124777097,0.0,0.006968523335403144,0.0042950780949056935,0.00673739945772475,0.0036349184191651184,0.006834745132155131,0.051272625813204686,0.0,0.12470856208406847,0.05960991097560951,0.010975755278512387,0.052709332332861104,0.017131769535396517,0.004858821431093246,0.0,0.003663090552584423,0.001238371038793348,0.0006842858073402136,0.0010964348093487797,0.0033459174230124045,0.0,0.005790952135244893,0.001974412339064602,0.0005902051327478473,0.0016491396666381583,0.0028765680801101663,0.0011328038320700992,0.0,0.00259618228944069,0.0025632512300564183,0.0011053893685121087,0.0018945367500992662,0.0032793395874774114,0.001241050259584724,0.0,0.0003364686603242461,0.0008889063412696935,0.0005836772350164896,0.001525368881177465,0.003628828347574568,0.0015425064796402094
1.1911764705882353,0.0594116717631303,0.03961925908899646,0.04096914198889558,0.011670871161253041,0.005505303073548267,0.0,0.010101771773294532,0.005642214865411072,0.011221451412825099,0.015110668245498029,0.02219940522059203,0.053595491462946995,0.0,0.04085873641424516,0.13547614003816205,0.20960774111304348,0.06667607074002156,0.008876072515786787,0.0035504084842829914,0.0,0.0028279836813498386,0.0012317764443516787,0.003644875106397749,0.0028823557005643796,0.0024217275654561054,0.0,0.0030719237793872707,0.00181674582305592,0.0010228393768039394,0.0009334733082268694,0.0017503751348881815,0.0022840931366787873,0.0,0.0040850968776711336,0.00220119928104239,0.0019108287158291827,0.00254411314596615,0.0035149266389827498,0.00264244579012334,0.0,0.0007872751712054765,0.0008225154899816128,0.00080304924119644,0.0022486092007519584,0.002409128460593529,0.0015023651537000417
1.2058823529411766,0.048061458248986735,0.02561619391200595,0.01075857485304079,0.017419780923469897,0.01017895485371496,0.0,0.005358106175238434,0.009686402456461523,0.0038864473230579514,0.010659430629279088,0.021646680751729624,0.01991977381345397,0.0,0.0055239744456303235,0.03944124175040882,0.06923049983268548,0.040369628856230716,0.0007819273417859424,0.002939768182681569,0.0,0.0039370446160692345,0.003139528149471786,0.003312919630226456,0.001749436234482638,0.0012095682941799788,0.0,0.0012674423601403426,0.0008087746434586264,0.0012911652120056705,0.003948656501811883,0.004309171314495618,0.004149432049547928,0.0,0.00256247274587894,0.001436680302847193,0.0007024182040828687,0.0009090764109764552,0.0007553506995336178,0.002272290314417385,0.0,0.0023291846343038818,0.0008819769127342182,0.0013326837357976202,0.0019999543514916556,0.0009670643182336908,0.0012180442419284193
1.2205882352941178,0.08799704305230636,0.07299994898819526,0.03675353183656761,0.010089009867056324,0.013387749908402982,0.0,0.006237873589654053,0.015656776744884242,0.005740496369964716,0.002461439912781165,0.002738252147473641,0.02624796223112922,0.0,0.0365334858369042,0.003323388565972898,0.002345479700587822,0.020825687812571304,0.03713360219502916,0.005355453759912155,0.0,0.002053122785504601,0.0027384508416064524,0.0031658649764141128,0.004324377870323081,0.001939247534213786,0.0,0.0018868762103616211,0.0035905431299947995,0.0030280958565417518,0.0003838777882182495,0.0024195035317334857,0.0018557412744672095,0.0,0.0010605860707319024,0.0007736445375178517,0.0015095240585023795,0.0005316437788469129,0.0017714341060752453,0.001022482463266798,0.0,0.0009848552217063588,0.0015740526583179317,0.0011686058278331368,0.0011323900763172865,0.0009376826915919572,0.0002856690812516712
1.2352941176470589,0.1281607044656031,0.041311567660154036,0.015370459908989406,0.015396446393014167,0.011458285678057012,0.0,0.009225583486760173,0.00937251613492837,0.002403404555214126,0.0018503189329833053,0.020530138396067717,0.07380753080142895,0.0,0.039980097406210904,0.019797441148032908,0.004998686508443545,0.016621562048500474,0.020275642742298754,0.012139047550553995,0.0,0.0023239266356462947,0.0020290470768797356,0.002617661260273934,0.0008628393558317478,0.000909535729867766,0.0,0.0017826523391589744,0.003123041366200483,0.004950781247382027,0.002988089860936407,0.0019432852953789198,0.0013175663990565734,0.0,0.0015696344995956774,0.0018951583800845308,0.0019932723009189355,0.00228014121467622,0.002341663923626281,0.0019471920833848467,0.0,0.002320537279119711,0.003745744991681916,0.0016280585216029713,0.0006145908487963618,0.0010985670612946104,0.0014116571108890143
1.25,0.03406312546734997,0.028575570499554254,0.02043796378208098,0.015033928230363187,0.00899626863606427,0.0,0.012183374252566185,0.0060289964351030595,0.002738531878535945,0.004115019096371455,0.0159955327813674,0.10126440497129977,0.0,0.09562958082239179,0.06770231250418687,0.049187874428012646,0.01448957367838569,0.01281754209436542,0.009692145197257925,0.0,0.0011481106878298225,0.00037930724753150783,0.001536256663025301,0.0049014480833032585,0.0037552202087485563,0.0,0.00133203373288089,0.0009082292363074583,0.0016162114736390126,0.001892019046825136,0.0030646451415297276,0.003348283545332329,0.0,0.0036925662600621727,0.004168089865961809,0.003598068019666543,0.0024854563727476943,0.002498193618925892,0.0032243410679894204,0.0,0.0028243614991974903,0.0029420073204701,0.0012656920088610472,0.0005067797963920763,0.0007975862016488149,0.0024345101863365126
1.2647058823529411,0.07057897120451292,0.013521781888987689,0.016134912645010185,0.025123440330356277,0.023788766183237473,0.0,0.009679913569466401,0.007189097689438697,0.0029504236044962323,0.00196399784691492,0.016473201848538486,0.04030215275026741,0.0,0.04426972866816255,0.13412664201170282,0.04156179845841774,0.03761305366282926,0.04150835437262827,0.0034774001130426866,0.0,0.0014656280403969736,0.002132746026934109,0.0028080051846611385,0.0020602913156637023,0.0012187676292373727,0.0,0.0018886809456616503,0.0019518241848936247,0.001962492696109536,0.004436266007548621,0.003396625662442649,0.001407184883335494,0.0,0.001710346377675432,0.003246767241679725,0.0017783013747708037,0.0020974156204674648,0.002602070062390701,0.001564286851171419,0.0,0.0017733579140543796,0.0006816247197645297,0.0007963924151518721,0.0018753748647229998,0.0004030438652649189,0.001003986753137996
1.2794117647058822,0.07745143328151377,0.013858759626256077,0.02089122726812547,0.051384533265166135,0.04748619021368354,0.0,0.020633113691455277,0.0017514103621172256,0.008416619178968616,0.008796571639948543,0.0052119203661096705,0.07218328565770737,0.0,0.14280415277640768,0.02243961497953916,0.012653531601672811,0.043516313689144895,0.01840919405545808,0.0033472207629188814,0.0,0.0033180253370084845,0.002222132646793536,0.0014323003631574035,0.00031358327355156815,0.002081369828978904,0.0,0.0019179361427596217,0.0006941419186368785,0.0009180374798652031,0.004043682076810062,0.004536261959241554,0.003272365506660388,0.0,0.0013558111527093184,0.0015867045821021588,0.00202821624335555,0.0013804138103168855,0.001429177340794034,0.0016510298593713883,0.0,0.002003906565312055,0.00081646274158286,0.0012016320899672635,0.0012431550676390937,0.00273588548844627,0.0034047209804285174
1.2941176470588236,0.07479772021667588,0.02002334431441624,0.02011917164837635,0.014638366388939224,0.007991397333101951,0.0,0.015048083880130389,0.011870667862849401,0.004885707484097594,0.0023976780085627467,0.013239916948570095,0.03368720164614317,0.0,0.023529594387983542,0.016359973542101985,0.017342373237067128,0.03223938943899125,0.008146396037822705,0.0029167877393067474,0.0,0.002621327640115553,0.0012913020086471323,0.005394694351218986,0.007148679541173514,0.003441444786186235,0.0,0.002633240619384873,0.0006139226013140126,0.0005938669829973655,0.0030463159938828263,0.0032060844202149745,0.0015637442855703453,0.0,0.0026425203453813682,0.001665730438665478,0.0011667162079660488,0.001041466388511636,0.00042879032418384754,0.0024652856786983525,0.0,0.002600999625682546,0.0021955317506383463,0.003558628289680027,0.0015942049098022592,0.0007432111733662127,0.0015454522543050578
1.3088235294117647,0.12503180981921605,0.04902614783153345,0.013315975690230061,0.012771836218508179,0.011993869566987577,0.0,0.013772368518564232,0.003950927145758516,0.004568392623438122,0.008949731241153567,0.030098190862089896,0.036912629257576914,0.0,0.029198993367190305,0.024270083146913812,0.016394755132356543,0.02419407454216361,0.008106060220026794,0.0007960761219966427,0.0,0.0015230512964367698,0.0008443691988485738,0.003266430400025536,0.0014825155767279382,0.0008649632186964963,0.0,0.00035918164345588653,0.0012087310492164402,0.002880420101686379,0.0023634293370271525,0.002126515658314468,0.0017185829810644191,0.0,0.0011850868851074376,0.0008613362981684436,0.0006298168922979328,0.0006623282508181889,0.0014081543718678536,0.0005690619084534741,0.0,0.0012139100688068254,0.0013091862887876448,0.002098042302423499,0.0027929898189713717,0.0017439410610371703,0.0011537257838174343
1.3235294117647058,0.0723963293443666,0.021314697002279115,0.020047231203976217,0.00948587895585011,0.008850720101718385,0.0,0.0072970202951724,0.015751140522098018,0.008932804819163302,0.003340739749939166,0.01863813449515086,0.015118128888932086,0.0,0.028200838617559874,0.05243863711834873,0.012220309131742038,0.006135220087934937,0.001148549819073697,0.001656686583139323,0.0,0.002265720320539242,0.0013818600697962772,0.0036388795190799143,0.0027460609052935123,0.0018596131732617738,0.0,0.0011723079142123875,0.001759271844215904,0.0018007707545747843,0.002026208722669486,0.0016192991996941393,0.0015711302993240866,0.0,0.0018104710123059051,0.0025312299143478946,0.003133082673962508,0.0012967974513133185,0.002543881401663427,0.0023240755352708043,0.0,0.0008249091843083855,0.0012191985819547215,0.0010893350746740426,0.002720426875784184,0.00388624571026922,0.0029640066766433446
1.338235294117647,0.0945381499017526,0.053625096987866445,0.020552285578536705,0.012663806963469753,0.01742493974004975,0.0,0.005068901108967081,0.005562182344358712,0.003990133664355282,0.003402297617355034,0.00797809768849013,0.009662288375759399,0.0,0.03413573114101888,0.07382766235937446,0.022629693085599496,0.0040627827993098605,0.0052350658233371984,0.0023883143786346027,0.0,0.0012824458707088185,0.0010624779324902964,0.0028219869761789648,0.0015883113777582876,0.0016024905992634124,0.0,0.0018128987330849027,0.0038370069745409146,0.004176282832344758,0.0021892141410497393,0.003068081598812419,0.0014796745096525077,0.0,0.0013400074720865938,0.0017308756988293683,0.002586182293750617,0.0015765146206449363,0.0014270670820546011,0.002052628693071326,0.0,0.001122118497596291,0.0009676573438399008,0.0014762425936910518,0.0014269374503496925,0.0011643338323771672,0.001326048441395744
1.3529411764705883,0.03677379593602016,0.0261899413185822,0.0422426531025463,0.028836358810705467,0.01904642430732097,0.0,0.007081092617839886,0.0026143880986043465,0.0012605419109197277,0.0019280276258326582,0.005702808911476452,0.025764870573390643,0.0,0.16407761402345444,0.1357975288436822,0.011146393832017943,0.009167001118949018,0.004392908606091416,0.003626597313309033,0.0,0.0027020539689822545,0.0014472046482388989,0.001480289140858367,0.00214334072203435,0.001850282934009309,0.0,0.0017646651424763795,0.0015938336398033043,0.002588948444221847,0.0026030556160395795,0.0021185483919489573,0.002231957344615499,0.0,0.0016043590290706002,0.003164549159510675,0.004650364820778805,0.0017476333171636193,0.0007004403168398327,0.0017289243944192284,0.0,0.0034996869803050785,0.0024587233720204946,0.0027014063939376264,0.0027159196778192476,0.0018769286094428854,0.0002571894582423278
1.3676470588235294,0.15091612834249557,0.036475593801566404,0.004873618549142948,0.012994348489980267,0.009532764475286027,0.0,0.010388096644161994,0.013030157443664918,0.00994664933596887,0.003162429511054197,0.015589600140571529,0.0708813464766326,0.0,0.06854186070538693,0.07073619808468326,0.06352348149704531,0.0650443597674203,0.013435238143655487,0.0032155172796447915,0.0,0.003312851335565678,0.002040522843622716,0.0015812619770076035,0.0013268580238356624,0.0024688996178931586,0.0,0.0016104517128796528,0.0014435977320163599,0.0008986126585565083,0.0006630612303147025,0.0021173847271576014,0.0021270761185451185,0.0,0.004772325627105632,0.00405736434441796,0.000778985967799392,0.0003318940951580029,0.0012716086678179988,0.0042234724351710076,0.0,0.003395847252642604,0.0017697003317862397,0.0020530126257661792,0.0026912325378686507,0.002175314924140699,0.0021062024305002736
1.3823529411764706,0.06683550574632627,0.016291445017713346,0.005565887305985323,0.01605672394851797,0.02567688946656657,0.0,0.012214048423494337,0.02026190535354115,0.00945594774584618,0.0024455810193129528,0.003920490461594304,0.018701334161059034,0.0,0.03450429736010334,0.009473280062070285,0.05849254774937736,0.05597105623078081,0.017456877207315806,0.001690786195001231,0.0,0.0022580884501885237,0.0015504715732925175,0.0023984686879753745,0.0012887497708559583,0.0034654057722811053,0.0,0.004643960279337843,0.00167673224933161,0.0007807563028833333,0.002344757234109318,0.0018834417223489858,0.0022879504399074416,0.0,0.0007356455902893494,0.002519590043994651,0.0011753229764830992,0.0017916382046122828,0.0035988615755964955,0.001970258493493451,0.0,0.0010198710363582694,0.0013833927717080184,0.0009178562813545813,0.0010400862277106944,0.0023985894683711804,0.003213970856921157
1.3970588235294117,0.06204864948188274,0.028813930049275974,0.03392666538020101,0.022373360762488997,0.008685554797294475,0.0,0.01117175020009125,0.009717118401271338,0.0049145377379002896,0.010743085213413342,0.02022180518866367,0.07855512880806706,0.0,0.013490312558527815,0.049405744474607674,0.04093754906911524,0.01221277796413698,0.008422018200575733,0.005257943639414011,0.0,0.0016648088398557475,0.0022043564844824643,0.00292950920121306,0.0034236388835717623,0.004019188076417919,0.0,0.0006255227683633571,0.0017765450726854553,0.0022393800338746965,0.00218978720136603,0.003331412144988083,0.0016526759993683146,0.0,0.001562182912632843,0.0030046176308249337,0.0022310895447589726,0.002056064251002892,0.001551886590841053,0.0016263546310990688,0.0,0.0007126589989215268,0.0011338886783213628,0.0013018035332402228,0.0015382414420687224,0.0022025278580101145,0.0010518725489017822
1.4117647058823528,0.043730101798554896,0.021577629890463086,0.029292132147980605,0.019070307865778822,0.01438702458315922,0.0,0.017389034602598132,0.006254224992196294,0.0013411663890601257,0.003229270812885375,0.005811544318529323,0.02759179486603562,0.0,0.12018995263300743,0.08039152160866121,0.08936022249367115,0.046347834512489444,0.007681087248108242,0.0026360100168289972,0.0,0.005482525804267625,0.0015829058506158168,0.0020020769874989834,0.001463238386591416,0.0058104979998617,0.0,0.004172159289838064,0.0022154860611052945,0.0008762423793279176,0.001922985345869431,0.0010257790484161954,0.0006984114698462253,0.0,0.0007881738614426393,0.0008147944507827751,0.0009919699225430837,0.0016846224992230756,0.0014857370524709646,0.0011984898441391013,0.0,0.0017011831195933777,0.001106675062234196,0.0007640922439040175,0.0005767642858774899,0.0010807689523974953,0.002120340316032354
1.426470588235294,0.08659209496566682,0.024872733274836495,0.020030845333514596,0.03772880435422331,0.025262118983209153,0.0,0.013355658267255505,0.008098391127345018,0.005659310910938866,0.0076244999659235615,0.003794077173418729,0.00804383667866297,0.0,0.016731462238512535,0.045818484776626235,0.08227098674127217,0.027648801464545153,0.027828688948637652,0.003653464480717913,0.0,0.003490901910835661,0.0018476015765269277,0.0037328280572312884,0.003627467267933091,0.0027204935710412738,0.0,0.001598710762146923,0.004938552705941233,0.004436212554393223,0.0012305887591489476,0.0030638274566490314,0.002841343415045864,0.0,0.0011262093577561897,0.0016554191111645394,0.0011273199332324394,0.0004811900015535454,0.0006844012340637222,0.00035137092770240344,0.0,0.0009350424518171901,0.0013220193575116499,0.0015819771042475934,0.0009273119135490221,0.002752108261071828,0.003914895977010292
1.4411764705882353,0.10087989991772328,0.04865313634247076,0.031103889809832017,0.01702185564710449,0.007747050938755809,0.0,0.005490126675826122,0.005739023554509383,0.002928854504749893,0.006822838679135396,0.013888671894021754,0.05898364584217464,0.0,0.06679014213096203,0.04610934775473899,0.057341553496042974,0.007933904491474785,0.0045641207275002905,0.0021502869239271925,0.0,0.0017587851254034798,0.0012684170603754676,0.0006852642216087167,0.0011315105929395124,0.0008699399157971379,0.0,0.002544243101714666,0.0014616435263488635,0.00045194348396831725,0.002128548623593416,0.002018388391979636,0.0016465135093858057,0.0,0.0005062042637712927,0.0008336095556522115,0.0020158474281669657,0.001962898298252227,0.0006807246442825734,0.0007959534022579137,0.0,0.0026016715332832147,0.0020235140704469926,0.0019908293375594972,0.002831083043230302,0.002837733956274239,0.001579432777194262
1.4558823529411764,0.07137924779838478,0.04376783885693482,0.015468624500293616,0.006662412786141808,0.003581149890480034,0.0,0.0038156450675337714,0.004512612971015372,0.01097623503007623,0.01672170841040357,0.003361373448800982,0.0020182415178814383,0.0,0.014812711321559277,0.04556230908023463,0.007936686454296677,0.06631869160970963,0.0355254888591158,0.010553217536317385,0.0,0.005537030378056125,0.00458289570913638,0.0023933489960128876,0.0004559907967413834,0.0010866936330120374,0.0,0.001660549509593553,0.0005059146298998573,0.0009043965473122318,0.0025457820947606485,0.0005186503799506993,0.0014640987039023293,0.0,0.003235463194216538,0.0022532847896480556,0.0022416759070394586,0.0022246645683218404,0.0015062041067426773,0.0016570398251682268,0.0,0.003261940772991755,0.0006629514037214214,0.0010120415711281027,0.0019988139675194013,0.0020945611107682643,0.0011773105828748608
1.4705882352941175,0.061794329744963475,0.03010763510646142,0.018154899415044945,0.007756148457177321,0.002500751017925922,0.0,0.0034210530465671593,0.005561332701569516,0.0008989319732756094,0.007124737166037803,0.012244503590594327,0.01880977286426093,0.0,0.0578433765997497,0.0611941837455449,0.020574817964523904,0.04735953005808825,0.011968109382142784,0.012460641200299057,0.0,0.0021258305936900836,0.0006907573759952424,0.003661466188343246,0.00142098859359654,0.0022387033758574713,0.0,0.001090079617898236,0.0010486817161923338,0.0036027273645183773,0.0030639794099697687,0.001180579270870636,0.001025559306778856,0.0,0.0009677386813522782,0.0010488741460699914,0.0014044696992123738,0.0020640180186351723,0.00021897725178612667,0.0023823494293158196,0.0,0.0033102931807941693,0.00221166154419351,0.0028355986493554105,0.003453114351571126,0.003554648511127286,0.0032213381264840774
1.4852941176470589,0.04254344524891603,0.028842979020090913,0.016029148183517767,0.0060891660449062844,0.004089904550116305,0.0,0.004834820557678595,0.004835938713284613,0.005135139440069819,0.0073458033908495625,0.011361597291273359,0.0225396090327837,0.0,0.003230535572476822,0.011638815430098537,0.043256226786002785,0.04908180338281623,0.026315618101116062,0.00839878319991243,0.0,0.004338564175885736,0.005931232779104283,0.00162960626251438,0.0019994772886489155,0.002597446439495316,0.0,0.0020380732253524477,0.002086444655552539,0.000865216917239967,0.0018522171228959332,0.0027510082659424006,0.0034645351549613956,0.0,0.0037523095405519137,0.0035174961094635456,0.004308886262717217,0.0025531965116776674,0.0015936912322551137,0.0009838705061700093,0.0,0.002434545250559514,0.0024096143334304022,0.0006290882650887644,0.0016895840417717881,0.001970939673782308,0.0012826810955376094
1.5,0.02301765262214921,0.013843914400495119,0.006902889121016711,0.02240658635709405,0.015521628489896827,0.0,0.009410034412542569,0.009796404416023065,0.010363604710796523,0.013446445016291669,0.026850317070566773,0.018694631880662754,0.0,0.010867487974893472,0.021023230232785108,0.02407851912730841,0.014686654569570091,0.003114756145641858,0.005262123133002061,0.0,0.004602356650313459,0.0021582713879326424,0.0025000573569227626,0.0028358020795432306,0.001276944968926026,0.0,0.0011187706826360439,0.001471303171122601,0.002147505807178936,0.006500840025729032,0.009846928548607426,0.005046792375482528,0.0,0.0021912788899169896,0.0017104016911535657,0.0035920809291562165,0.0024002543002239114,0.0006404141005705577,0.000988111782694318,0.0,0.000874667239759074,0.0011311930572293926,0.002481704012234017,0.0009793089612274827,0.00014013196461484443,0.00038839767461308145
1.5147058823529411,0.1829107237174284,0.038677823077269774,0.018197505225876286,0.0024778084399566637,0.011432940640153332,0.0,0.017753247660158365,0.018134333593083043,0.009287290461840046,0.0022204614374869143,0.012290228882927176,0.06240250135602021,0.0,0.06712561803930332,0.04924046391967569,0.030200917567589768,0.019974965459007142,0.01321676825299961,0.007077742012766059,0.0,0.001105868565487286,0.0008934165905684448,0.0008954021056015236,0.0044355363942091865,0.0035697621478966435,0.0,0.001443997901319106,0.0014936019314318062,0.004906862749198898,0.0056763213940325755,0.0005992834995420605,0.0026304428451437304,0.0,0.0025850351449428384,0.0023405966654681965,0.001024145439239678,0.00161531952262613,0.0013295029990283507,0.0006830085503611863,0.0,0.0015976993883610497,0.0008203642496495935,0.0004900444107833091,0.0004508893941242568,0.0013845514014301358,0.0013243352257249453
1.5294117647058822,0.1826998444374069,0.024590580680307422,0.019888275180536,0.013693435734108906,0.02940377981698252,0.0,0.022275629482029657,0.02086383216948873,0.011007792086778498,0.003052318078729596,0.027436712250413962,0.07420966223789947,0.0,0.03815433467438067,0.05164296724078535,0.036425228231421275,0.015768519102189453,0.00277094000616891,0.0014162755322112222,0.0,0.0009598367975311464,0.000817362611085847,0.0003234659705532685,0.0009432976881935109,0.0011167821932227655,0.0,0.001375024704485029,0.001776144363860044,0.0002724007118660474,0.0013102007366569905,0.0011356870283591339,0.0010324379559405476,0.0,0.0014664628351374386,0.0024777540101710706,0.002392598899401705,0.0030342575093835794,0.0006960411599044111,0.0014352833320298358,0.0,0.0012668885295855116,0.0012090368021516252,0.0005685973894602566,0.0021140425188508035,0.003374783855471247,0.0005547245694386793
1.5441176470588234,0.12037926754174291,0.03633278142690898,0.020382736668623083,0.018239574071354955,0.01007542605986529,0.0,0.007486695601712898,0.01418011464563562,0.006216713494136644,0.007897985248163287,0.029028164989355815,0.03351712500078737,0.0,0.012052362693461483,0.03473909782085634,0.04012529862897524,0.009073941038647549,0.0012205483259725529,0.0013803260876140396,0.0,0.001440077277108375,0.0028632711044392226,0.0018482992898519576,0.0009023237808624036,0.0009910968686853501,0.0,0.0013552302552001436,0.0003158886158223517,0.002072651060140859,0.001416108102779323,0.001968028594292934,0.003302264617058002,0.0,0.0027998211449445634,0.0027271640489856756,0.003987634263721366,0.0028664916967420643,0.0021099906387973123,0.002191376614376708,0.0,0.0028350849464531275,0.003682439393213042,0.002216444841661659,0.001538976004247738,0.0015733768201279163,0.0015136696458194546
1.558823529411765,0.05431363019953879,0.08293885870770493,0.07001779746066143,0.014554066389752322,0.006546370471436202,0.0,0.01233722729149252,0.009329431660313926,0.006366123729633791,0.0076738565560905084,0.0035392568915677152,0.014854119732757194,0.0,0.033739650882291,0.01004782289858463,0.003458045175492989,0.006276803038256272,0.002040341711123721,0.00417816454345213,0.0,0.002182648130590247,0.001631237971296981,0.0014693142988721855,0.0019375256815560072,0.002811463760608009,0.0,0.0017415775956619627,0.001066613321363969,0.001408400024350472,0.002494672635367022,0.0019722489005212875,0.0009769482786049345,0.0,0.0006310697055244749,0.0007907301854533115,0.0006601042071862412,0.0013523997965404653,0.0005038416199896117,0.0024347805572050678,0.0,0.004270414753656953,0.0019731973224874954,0.0016137042161132615,0.0015328728930108823,0.0013284095284590305,0.001610837953223301
1.573529411764706,0.22780374249920265,0.07071413304096771,0.012315270865167451,0.003115992000357,0.006777914770561412,0.0,0.009368839399844857,0.005294518631168649,0.006927765186611164,0.0032333622143141836,0.006426506087438746,0.0067011614106078895,0.0,0.011989232015129237,0.020392001662231103,0.033201030937057535,0.013550624895829852,0.007066949054050345,0.005269726500446479,0.0,0.0021824286320379868,0.0015526426724635654,0.0017917292765466213,0.0022246623188529194,0.003397006856189971,0.0,0.00492974100451027,0.004461019972126846,0.0017584872929063192,0.0004920304528559921,0.001067564718647167,0.002032510071677763,0.0,0.0024727147352387293,0.0026487225764924406,0.0003520119356756299,0.001597263553345414,0.0016803716215222737,0.0028392809124740534,0.0,0.0030100286178375646,0.0008289338451035249,0.0016856948180787132,0.002578661259419573,0.0006731535781575948,0.0009676149784796429
1.5882352941176472,0.10145666349039528,0.06277943868087199,0.0688461415586878,0.028829745140115454,0.012438178645554784,0.0,0.010304641265512171,0.007476161113542174,0.005972725805458918,0.006979469360470967,0.011604093702242982,0.012590594914936065,0.0,0.015202081755750944,0.007586971210445233,0.012145072981578188,0.04275767013698108,0.029673528692674027,0.004650545000889942,0.0,0.003280057827580848,0.0004730283661358105,0.0013175901905192776,0.0018215592486470911,0.0012726511499107373,0.0,0.0015943670579845956,0.004282446823958622,0.0010986090703679647,0.00029198232019543905,0.0007714915668865738,0.0006997292717096607,0.0,0.0007341601531255797,0.00011043599694374008,0.001566094785437103,0.0009503606621172665,0.0002547891274461042,0.000731085251976455,0.0,0.001294057196121404,0.001162665186154683,0.0009639699673169261,0.0006221023693579943,0.0006390078255844835,0.0005384048112239625
1.6029411764705883,0.11809911363079197,0.06482498199728247,0.020756576678832097,0.01916664498189497,0.005495986730582385,0.0,0.009917232864484628,0.007810179627048373,0.006596105370858238,0.008321848049126477,0.006510778265288116,0.0064426034534918524,0.0,0.005830798078765913,0.008004668858755745,0.003941583612526845,0.0036265862443311927,0.0036158110821787556,0.008025449863955989,0.0,0.0036311714352448374,0.001047533169864103,0.0010960190765758513,0.0008260953222990767,0.0017814834490749096,0.0,0.006476057938268302,0.005037526080811777,0.0018686171270919567,0.005392638674071174,0.0038032821823722283,0.0026046456894090074,0.0,0.001269486248896947,0.0011010799771492411,0.001913400542349605,0.0005172032586182706,0.0019672910763785696,0.003478496869082565,0.0,0.002913366760102034,0.0018093592957625843,0.00099228534226531,0.0006631230277783861,0.0013737219744684045,0.002164175402515129
1.6176470588235294,0.0573833521414969,0.04475872168982852,0.042833489975829975,0.024372325343625843,0.023168833400549864,0.0,0.0125783634059968,0.003350596572950714,0.004693248683904495,0.00916090778947407,0.01181446543912951,0.015719353396663263,0.0,0.010249892233439374,0.0031327279132759792,0.01516498428062823,0.017334442167119796,0.005814729253599646,0.0061423999497448815,0.0,0.0033799368917924013,0.0007756667649206667,0.0020684902130728806,0.003217845045641205,0.0019297611041736926,0.0,0.001385934440278182,0.001203864088010122,0.0020240352795387563,0.0037123202693779282,0.0019132590462112521,0.0018859120134499439,0.0,0.0005245993090538096,0.003265239216143928,0.0012240929307170004,0.0005706528556398928,0.0024325543666726085,0.002632914174611746,0.0,0.0014001883259773308,0.0009253343036159307,0.0003556700487842904,0.0006556342041760906,0.0016831000700713525,0.0010454334762891534
1.6323529411764706,0.05982582121689904,0.00870080766195844,0.01125780532370321,0.012713038433045654,0.008141965340231275,0.0,0.006549900707676761,0.006517172588869668,0.007159415684322564,0.007997513954977817,0.004655185370477497,0.009915074293251447,0.0,0.01320308817206773,0.025011057314922803,0.03569461448714662,0.004956050092895987,0.0017756764801500394,0.0049738955371219805,0.0,0.00772870779669128,0.0033481182780835802,0.0032267041442613307,0.0028447105209474938,0.0038524627915649816,0.0,0.0024490817109078474,0.0019858991347398262,0.0018380505503890236,0.0012578720601398269,0.0013415802669780959,0.0034512242295209124,0.0,0.003228888009982254,0.0016613086547083266,0.0038809273510259433,0.0011078249215431052,0.000846550785857161,0.004894546437059111,0.0,0.0035867652408347085,0.0005014592057571689,0.0004311020364246136,0.0017318297306357449,0.0020065081994511324,0.0010755927298041908
1.647058823529412,0.059063112360275595,0.08481598658026232,0.05460491677147859,0.014966923970604678,0.01553168846685521,0.0,0.011709782800534993,0.015232459077948476,0.012177192106836354,0.00742577013646838,0.009713458536888665,0.01997633352228302,0.0,0.033422885995842644,0.020393840754325272,0.047610194741769335,0.03155197696532371,0.00573823992929774,0.002927024189889229,0.0,0.00530906939384445,0.0061269977838289075,0.00371887868220793,0.001563057687089248,0.0027946077654553976,0.0,0.002285031400547422,0.001043557770167124,0.0023768540792046752,0.002081805047691924,0.0009069999554305039,0.0017960723867596943,0.0,0.002504687508266393,0.0026297392695021544,0.0014060896095886637,0.0027597208914345362,0.003224129768068149,0.001165998681093172,0.0,0.0011152591588963396,0.0013435615581456344,0.0025643169015338177,0.0014847893209663904,0.0008633336797251093,0.002071191556160489
1.661764705882353,0.04570601680518745,0.05034214634723371,0.046552415441833736,0.022668973504465145,0.006219077788277433,0.0,0.010605564833373868,0.00849979494172776,0.004292001411636482,0.0034440534122491015,0.0038045540333426376,0.002086395519258645,0.0,0.015983595454841442,0.018052584565597045,0.017668113186861314,0.008243864531661902,0.001984489176423362,0.0024408247530863596,0.0,0.0041152614454137565,0.0027828253076477663,0.0022164413155260033,0.0031207987195680277,0.0017937961456240378,0.0,0.0010244315183331402,0.001339407899251166,0.0016370320474421059,0.0007412448885355761,0.0011863807786809365,0.0020860092511357513,0.0,0.0014898741169479042,0.002671365109182625,0.0021745960343969,0.0009796886700561402,0.00024847932837510685,0.0014277788782074492,0.0,0.0012163956258754393,0.002343019381682269,0.002568778315407385,0.0010845297336921338,0.0008885722459090923,0.0010981187951940685
1.6764705882352942,0.19237302280088492,0.010499969611705963,0.02170795059634808,0.014905220081437876,0.010723043108381064,0.0,0.011948152904284338,0.006264936191876152,0.006721029234751208,0.001830629573949506,0.003609631384695531,0.010372534732436576,0.0,0.013007551328327722,0.0034112275124049962,0.017006770991813337,0.018556115314562284,0.007927945485824513,0.0018394107158966532,0.0,0.0023627317321200806,0.0028265748995287996,0.0024369099285351864,0.0010047576012758585,0.000537119698470691,0.0,0.0011209771139190396,0.0020181383051324814,0.002307059784898642,0.0013458727993962902,0.0025018016553291023,0.002542408564999708,0.0,0.0026246296549533267,0.0044796877145687015,0.0021385715497570894,0.001582306964604077,0.0019492071934568234,0.0005089733946575884,0.0,0.0005854794876939989,0.0012590950262294964,0.0013208309250851622,0.0007215481690795102,0.0005949969262251382,0.0004931012418794363
1.6911764705882353,0.1599014852737011,0.10905404796834399,0.04809784960183576,0.011484046182320098,0.005673697568022764,0.0,0.002761409755339865,0.006371562171439402,0.006321908479840059,0.0031259882899854676,0.0024740843784265445,0.008312414134019345,0.0,0.032703820437323144,0.008353753713569879,0.0032871805720750664,0.0019191793564640792,0.011078499693045652,0.008667461433973846,0.0,0.009456822387502999,0.003929006879319288,0.0022304314545063546,0.003331147374543927,0.002029406295583091,0.0,0.0012138471524858192,0.0007267760037896469,0.0026235764364866227,0.0030056898475743564,0.0017409933659474522,0.0009973230265089977,0.0,0.001228998071743999,0.0010971531639077895,0.002847393638714261,0.002409338437772704,0.0017586558533497776,0.0026191090946631997,0.0,0.000933155085849417,0.0015174149070907466,0.0027325157361459294,0.0014911007976485247,0.0007568983049298203,0.0011637448193773112
1.7058823529411764,0.09720294903290091,0.06073602361853338,0.016693002934682965,0.015361322787655951,0.006723831115745836,0.0,0.005980568000781386,0.0017353403349727372,0.004080175768900216,0.0035609276591981047,0.003170538381563386,0.004332031269057525,0.0,0.008148026746995558,0.02160952507675219,0.04844263838760374,0.018642404054842035,0.00549908998693086,0.003436643141631523,0.0,0.003097920682257692,0.004568103750598766,0.0021872534772473173,0.0028375339341586143,0.0012655257387221021,0.0,0.0006570799592938171,0.0015621745016296633,0.0007251131847401707,0.0016532756897418405,0.003945620230027603,0.004812510399556938,0.0,0.0028428584882152583,0.0008944374074063499,0.0004117436835620686,0.0012426795309848392,0.002620920205121564,0.0013916542125324664,0.0,0.0010410656363868715,0.00044821375343199923,0.0005103246321426383,0.002984930710768914,0.0032068489014049854,0.0038745906088424823
1.7205882352941175,0.1403103707672303,0.02087031867808932,0.00935768441577166,0.006225393256233782,0.004866737141852983,0.0,0.00674619715211631,0.004810159555443929,0.0053091830116751716,0.0032376138104488828,0.007190757167297051,0.02902788062782586,0.0,0.022850740087546766,0.01169383746030039,0.02893614280195394,0.009565422474286857,0.002142623262904773,0.006074818178594826,0.0,0.005058743057121081,0.0016660733041418746,0.0028588019287085265,0.0046527459008500836,0.0010708173350847572,0.0,0.0011535182374799167,0.0019948632295509238,0.002221623796399497,0.0005408651471089399,0.0011639728242864395,0.001776027674390038,0.0,0.0012949975525678387,0.0014255788165730018,0.0005933997209811369,0.0008751051254135087,0.0016072715155704754,0.0016704461803751915,0.0,0.0004752460075973189,0.0009650465377194071,0.00026704833975670366,0.0003895670690620186,0.0009027810962379218,0.0003645828419511374
1.7352941176470587,0.1296081089178942,0.06179043733979775,0.01722832526834078,0.010255340470543592,0.023760161411486062,0.0,0.024670552003438498,0.012093128960856077,0.0017451260160649712,0.007948139301068038,0.022373996003510952,0.02827494619680123,0.0,0.0296641644407009,0.038715419181953634,0.07270924461982037,0.04814512676551649,0.027368097885232496,0.007077089441558055,0.0,0.003906627693625383,0.0035005523473378005,0.002832922824369445,0.002940048265409482,0.0045539075986382165,0.0,0.0011076093374005269,0.0016769487284764243,0.0013158880228011892,0.0014535874380628944,0.0022356907567266135,0.0010898349381434959,0.0,0.0011893316876568276,0.0011789002680858169,0.0007349117635631772,0.00032574459544929365,0.000776489567115719,0.0009814524687826365,0.0,0.000956783066895502,0.0001774402272033242,0.001633339174876667,0.0015069501484109718,0.0018950253763377852,0.0022827648061877048
1.75,0.10627808305286335,0.04343453034755301,0.0210536731428304,0.007540528493174739,0.006055941106494142,0.0,0.003742883671847488,0.005525912768442764,0.0022930953823623555,0.00589669741585349,0.011829992092102982,0.02748369787163877,0.0,0.03461319052988699,0.02228978128753451,0.03578474678273213,0.09345755253151217,0.07144285435466219,0.00725300781943302,0.0,0.0020200467796603525,0.0023124469179784295,0.0028933970410327907,0.0024948505911198456,0.0029372997762840258,0.0,0.002028262791544608,0.0009992295127496285,0.0005027934019830945,0.0007429294014534747,0.0005601220945645245,0.0017050197208335852,0.0,0.0014088291924580162,0.003647745521246698,0.0026830951958818437,0.0014055257493460682,0.0012764683349905188,0.0008824873723909126,0.0,0.0017447579042815082,0.0002907556793714273,0.0006853210906870699,0.001188063364096648,0.003548363936228922,0.004849038693249309
1.7647058823529411,0.15837466647638515,0.11072778594002251,0.07039130892387843,0.022504799439255263,0.021821804889346836,0.0,0.010935122932850408,0.006558769773812256,0.00517389634909591,0.0060076085798859,0.01925279700256968,0.01797585739264418,0.0,0.02697797636399949,0.011273652771010449,0.03049629273748048,0.06960453244517835,0.044205187778271385,0.006876576863440749,0.0,0.004421983121445065,0.002724771314804645,0.0012680472778362063,0.002307297137793251,0.001904881902555229,0.0,0.00139207191869613,0.003788245246150246,0.0029680107938616905,0.0017665124916337327,0.0010725697908956517,0.0018866631262659285,0.0,0.0018946550739637673,0.0030961151783265774,0.002941821083463473,0.0021626788963994064,0.002021579413564501,0.0019037310281624943,0.0,0.001420135196011391,0.0014273654471521318,0.0002480108126730863,0.0007161138213127571,0.0010486089327983075,0.0009058349855820226
1.7794117647058822,0.26794311911167784,0.06820200051220192,0.06454564869908347,0.022143757816069497,0.00683934587123176,0.0,0.006981014709902289,0.003891155898885814,0.006571533215281937,0.005106279172479974,0.0042064656518283625,0.0049762637201070286,0.0,0.007704594184130884,0.007072198791522914,0.025626800117174504,0.0023448771588643743,0.012398848653947239,0.0010330157174977114,0.0,0.0015588134845251093,0.0016199592920840156,0.0021367978548180013,0.001791637055222683,0.0032790224455023277,0.0,0.0026565635005368444,0.004243209269603152,0.002762831114757428,0.002050055420649953,0.004121876524034524,0.001601319890665728,0.0,0.0007615546021898997,0.002300605522159782,0.002566798949069804,0.003228122888514826,0.00377807589098117,0.0021461552701246417,0.0,0.0035378367436740437,0.002777681467053249,0.0019026602250604835,0.002056338638098728,0.0012553164510633696,0.0013261276086992252
1.7941176470588234,0.15775112698331578,0.09656076831034545,0.018554998151162978,0.004406393683140203,0.005504223363613929,0.0,0.004821751859211455,0.004084209107949258,0.013449238722089134,0.01445489231468609,0.007763995879876258,0.001935652992067264,0.0,0.010012366743032984,0.05754932705902545,0.03710398465951061,0.06266346536222192,0.03204501227561344,0.003409752148894684,0.0,0.0043968289292716,0.0037073118367293764,0.0012205164739580794,0.001539339655672509,0.0018980920010971355,0.0,0.0020671682644632207,0.0012045575265049117,0.0023370086682554018,0.0034732227695725487,0.0028244294640661144,0.001510666382239741,0.0,0.0018455742703225387,0.0017954451254997815,0.002710576946957704,0.0017868989573330018,0.0010438909249177075,0.0021336767788691035,0.0,0.001741353791863409,0.0018761952781714557,0.00083647593743448,0.0016438697850520954,0.0020819065300928356,0.002198812627367817
1.8088235294117645,0.15896097743426635,0.05275748231726358,0.017991851244059397,0.006113800204634181,0.0051283354361740426,0.0,0.005847784001213386,0.004348938313133832,0.010215366117440273,0.005407442487399617,0.0025831879353931204,0.01016342999598498,0.0,0.05046179216116248,0.058734481785727544,0.010154370607685991,0.0075880821400378055,0.005581211838904716,0.005796522726022668,0.0,0.004279621033423164,0.0014183654274137136,0.0020594788474161702,0.0011071984687176131,0.0014373315810846158,0.0,0.0016284186592920814,0.0018798389109888555,0.002678458147985707,0.0021183214865256963,0.005478304685654663,0.005457285945591618,0.0,0.0011256212581228998,0.0019114880659995158,0.004984850526120952,0.00558944470515758,0.004540307075601272,0.0021932007495684917,0.0,0.0014055937562149718,0.0030528254119200657,0.005327912343090166,0.0034416654063662783,0.0028055254726598606,0.002836102563893898
1.8235294117647056,0.08259368720617488,0.00971686185607889,0.005254426440119098,0.033323141676795384,0.018881011460060763,0.0,0.009517508582490699,0.0030626960140215016,0.002283968653705617,0.0012758452958973846,0.005111918419679217,0.011774276845111207,0.0,0.03824338095693895,0.03238150789892366,0.027541247339652075,0.021200536671256806,0.0011489196892291225,0.009020991862136327,0.0,0.0021462417055620187,0.0035290079287893066,0.0003848039487122049,0.0016119070436373612,0.0011998952171527843,0.0,0.002671887063865672,0.0005147422987559365,0.0003790186353076441,0.00042519200075730347,0.002264291251484098,0.0028844056236521087,0.0,0.0030920864126655276,0.0026621924610150207,0.0008307861121487367,0.002423914555581467,0.0031264613303853385,0.000941409495495138,0.0,0.0007819540894298539,0.0028872975465911942,0.0030553085654101107,0.001500136841027655,0.0009859371454391198,0.0016391774428691636
1.8382352941176472,0.09211818848273702,0.027481121182526942,0.05966497658590076,0.035919198781717294,0.011091690859788055,0.0,0.008170298138683137,0.004342832704783638,0.0020130357181342064,0.0012224830620304915,0.009141652434967257,0.027495546348092367,0.0,0.05483150711587231,0.043511812315472215,0.0039053070002146592,0.010984953158414294,0.029488822764068476,0.008946085881769558,0.0,0.002257878861063488,0.003257526019854417,0.0009745839293199734,0.00341240598246775,0.00495577438255159,0.0,0.003209125094828312,0.001881225091519762,0.00058660985462662,0.0014983899546940592,0.0009406592337793025,0.001882904404882407,0.0,0.002452119986381087,0.0022045869963696237,0.0014215058314254645,0.001334302701425655,0.0013825528325984973,0.00204882732450119,0.0,0.00251253662560343,0.0029693300681189077,0.0025077418346799605,0.0015085866299408592,0.0009325224635448015,0.0008662376230425292
1.8529411764705883,0.06867501627716975,0.04741594582787925,0.03264517022881637,0.013849404879200868,0.012748728465572937,0.0,0.007785813992767205,0.0025411774765207737,0.003767154413147605,0.0024232636774970105,0.004316243902238393,0.02506618516115266,0.0,0.049696685493256024,0.012603951539318148,0.02885927973798147,0.02821076478567974,0.010140185197568432,0.004571684192688167,0.0,0.0012429763691712455,0.0009691220253249014,0.0009255540210358048,0.003100201748584583,0.0021320223425475536,0.0,0.0014233834851924221,0.003189430634533782,0.00508608809719235,0.0021411480472705805,0.001604634927339483,0.0027948594557934458,0.0,0.002602330718287609,0.002270044198869717,0.002517393590427433,0.0016567722562201275,0.0012301658061455085,0.0017507512424618302,0.0,0.0015815156982928046,0.0012805751564935303,0.003677052841769472,0.002250404781620418,0.0003170533241322292,0.0012707334776075158
1.8676470588235294,0.031301629993119896,0.026622573954619838,0.031783905047920946,0.015241726796845967,0.0042222257723994565,0.0,0.006160325036329087,0.0041337601230488005,0.00538278280999764,0.006380058208183414,0.0023453085311536583,0.0051500495148577696,0.0,0.012784756453968676,0.010062765158856252,0.0034383261226306424,0.0015310302495452949,0.0023103325823240492,0.002053426362774501,0.0,0.0005213378173111343,0.0026307193781185973,0.0017234747020730612,0.002103247081532103,0.0012814585413760803,0.0,0.0037689394728883125,0.0033210548455707683,0.0022282919294387775,0.0010801099368049718,0.001587203612482005,0.001687642799403977,0.0,0.0034037511165073316,0.002589349063609239,0.0018001640150615704,0.0011585741314877854,0.0032256980235071788,0.0008392190753506959,0.0,0.000868323097987257,0.00304941542720071,0.0019299715272959944,0.0008983168560304517,0.001007544897577661,0.001747436304209931
1.8823529411764706,0.05592391449808984,0.046854076845281055,0.06910467920702687,0.0338299445686307,0.0073333564029792525,0.0,0.0007232856110016517,0.001228993951005022,0.001743884981529969,0.002644892918482519,0.005949318924620202,0.010512619665444521,0.0,0.02540078136759818,0.008198870208407988,0.01818647817126923,0.012789195079117677,0.01380874376481165,0.00451266173083642,0.0,0.0007361502468480618,0.002014387604500981,0.00111287123240318,0.0006254126554535277,0.000796250138885281,0.0,0.0005484288669687211,0.0006964726178009817,0.002253851037812263,0.0015844526220766837,0.004078826729806691,0.0051244600090899674,0.0,0.005002959848752043,0.004658921758574288,0.0009696894253492604,0.0003485813830249628,0.0021910938835764575,0.003707841626782906,0.0,0.002955532665020226,0.00328252056422882,0.001048472519559402,0.001955594799491199,0.0032467420479110366,0.0031773494617929107
1.8970588235294117,0.048971058177871986,0.03907585986843425,0.05210058679905132,0.009884619631846444,0.00988809998344715,0.0,0.002937058250401154,0.0063226579492470115,0.00883244175709132,0.0032326327597444965,0.005838683548805884,0.012092740319987881,0.0,0.02506114586299542,0.013499739827788675,0.034929388504222975,0.03161373750307821,0.01599021984260097,0.004552199265748151,0.0,0.0008127076644013616,0.0013312907409767263,0.002359850768330842,0.002152465633028573,0.002196149048395385,0.0,0.0007556066188287441,0.0020030275858436944,0.0022757195576644227,0.0017390517018179852,0.0009375791646265137,0.0013147911806083012,0.0,0.003953826153895111,0.003610994082862859,0.002042951637685136,0.003738873545488183,0.002663853841450836,0.0015061750916564652,0.0,0.0026485227848272817,0.002751929489942423,0.0031177811268080407,0.0022011898590401395,0.0009402207161342036,0.0021315403460599857
1.9117647058823528,0.10260755972382636,0.033739552790722604,0.015375709691475017,0.013176890422953098,0.007437891274113977,0.0,0.009288609329180103,0.008049838947859347,0.0024060976943924397,0.006826879293534748,0.015079528765998227,0.013317324383863864,0.0,0.01150209973318905,0.00747569890120657,0.0018052260439608788,0.0033433346613535603,0.004684497121267343,0.002792084841327611,0.0,0.004142561637482908,0.0035439649643412376,0.0027231392017144354,0.0021464154310108577,0.002208738482944803,0.0,0.002113678966247437,0.0021540935422873966,0.0007567122984805927,0.001251153080814036,0.0010572989429798625,0.005567397607333582,0.0,0.005618924353442103,0.0007443913152725234,0.0008703451170772594,0.001999040990621931,0.001355374683815616,0.0026202952207941815,0.0,0.0013345550517866866,0.0014227215768604672,0.0012278451210190739,0.001381554824771238,0.0016770654774127501,0.0035345605245213447
1.926470588235294,0.055310636798218,0.022550370724062532,0.03010678206245145,0.013073995441486156,0.0054985490467223935,0.0,0.008066176646673686,0.007866855802267507,0.0068810257563390945,0.004340490082994279,0.001870584222204841,0.006485240327848106,0.0,0.02077743201487838,0.012432461309092417,0.008445352085535136,0.014533561774460153,0.014769543601703204,0.002654565934498437,0.0,0.001042908220403487,0.0007396320028172181,0.0021809596431571114,0.0021727056211076554,0.002712051387884206,0.0,0.002388113821132543,0.003238859769550325,0.002315868955915136,0.0012879639499576755,0.0007775973925025142,0.0018685833592953609,0.0,0.004252871558746529,0.0022548803286887207,0.0014156636432772988,0.0018231382765631762,0.004204427195774545,0.006324528557805999,0.0,0.003254415648768591,0.0009505603340626185,0.0013393970683825715,0.005252350545729956,0.003558555624367285,0.0019791872030316964
1.9411764705882355,0.15749223861894687,0.07644818419326731,0.041937467096396855,0.022616991001478102,0.016351633496050087,0.0,0.013627384482253969,0.01508436981835936,0.014179601886806798,0.00388497464820327,0.01169527342433063,0.021999886515023194,0.0,0.040968106467780034,0.11138386837153068,0.11178350561517475,0.0479084926743354,0.003856486064251329,0.003548175027713553,0.0,0.0008188949307019336,0.0014151668305302859,0.0024617340919452493,0.0007321967268275698,0.001072740991673985,0.0,0.0019038423238459143,0.0016389289805952474,0.0021891406188411532,0.0021040961146758285,0.0021594264537482446,0.002785984652776694,0.0,0.002091816920471003,0.001815276699699812,0.0020800697467459692,0.0007831757939951862,0.0021846722258743877,0.0031736007423470844,0.0,0.0027195107953263417,0.003346396707402245,0.0027983649809835724,0.002736891914035377,0.0016836696552660101,0.0008384577292423756
1.9558823529411766,0.13022306268848047,0.0579969741456471,0.03646706431618935,0.02114797993615128,0.02254067821619007,0.0,0.014750591810809177,0.008809537431778643,0.007757429736544241,0.00997172433862389,0.0021723145550622096,0.014922147865411434,0.0,0.016251324524633036,0.015167671853322663,0.013371605103266872,0.030394982327280516,0.014391968557575286,0.00020296657602647037,0.0,0.003031306545712055,0.0007897715069059532,0.003269075363407472,0.005196028326960696,0.004033420338921642,0.0,0.0022446172301574556,0.0012890378478329916,0.001368949281607902,0.0004182559363895721,0.0011164166585984857,0.0011799440740044023,0.0,0.001016999708262537,0.0019226595339726198,0.003146231728023843,0.0016798110411037853,0.0007025070579945012,0.0011461865838899045,0.0,0.0015876160984010642,0.003285325976293477,0.0015390397866945345,0.000755066621827975,0.0011623002553224726,0.002361863054120924
1.9705882352941178,0.15903698218220458,0.039879331974308554,0.006616540607504211,0.020318765750663166,0.007586639140953241,0.0,0.011664349439884902,0.0026243290812952144,0.0010232829755718828,0.0024564789088169932,0.005230656355902597,0.00909424979386923,0.0,0.042129948644248176,0.060142027946805884,0.02455916059773454,0.010710228633132174,0.005060088467533175,0.0009922948883481439,0.0,0.0015293697296063142,0.001701333570962614,0.0007856424927591183,0.0016667992640983062,0.001723677172103904,0.0,0.003439100017760165,0.0028298402153484575,0.00040233381619097033,0.0004825515105494929,0.00020446837285089073,0.0007392179830797612,0.0,0.0017719861716868081,0.0026892473469870616,0.0019439774912634782,0.0019164519079100653,0.001957981783246017,0.001249387585243098,0.0,0.0009379517091996143,0.000823665265495948,0.001807696999680833,0.001986897089379079,0.002513394578485398,0.002086681135872206
1.9852941176470589,0.13993290079941997,0.014968976636376436,0.034964534653388134,0.038680918107567075,0.011818955563288573,0.0,0.0016593519322850372,0.00417309966175518,0.002437623062977461,0.0031098004643781256,0.011859777702571548,0.00646899728879985,0.0,0.032559687749545665,0.03414316277338919,0.01396924506753122,0.013922549373140924,0.006220492357899515,0.0019002316912506531,0.0,0.001806841590866537,0.0006826848534170819,0.0007244301912108666,0.0008791887970510884,0.003259476698771252,0.0,0.00244728510565696,0.001825620799169972,0.0008421662406446096,0.001423840854093708,0.003912494267312876,0.004322341264056735,0.0,0.0022680434739329115,0.0016078507615231042,0.0006898270682498153,0.0003699581856545375,0.0008926695436507821,0.0013708732693820539,0.0,0.0012808332497410606,0.0018495361980660674,0.0011570299852763602,0.0008308494370685593,0.0017885953933663558,0.0019260104699110666
2.0,0.14358596217728525,0.047899522483210666,0.03293850215193482,0.01450588948412248,0.010932423433022545,0.0,0.009356676153386903,0.008903981394561713,0.019818333802474157,0.02240202525834049,0.02619178546826369,0.006197751556236746,0.0,0.031784225826658054,0.11961811204957451,0.10829413632467996,0.02135934150220543,0.0048686501788461406,0.0032878050424082913,0.0,0.006011951549908266,0.0035682081650600275,0.0014664807612621293,0.0021939952869435555,0.00240643514943571,0.0,0.002642491500635497,0.004639211021196077,0.0022843887379060237,0.0013373359035663357,0.0009219064549518152,0.001092181912559967,0.0,0.002385049239179986,0.004024098451126577,0.003112162667593628,0.0028796062645912706,0.002385429730732881,0.0008860698813356379,0.0,0.0013295681889755292,0.0016450110439168559,0.0007526697153487224,0.0005299417219031385,0.001092401537749587,0.0012978080974458289
2.014705882352941,0.1342315707656831,0.046283962695673926,0.01873849351204624,0.005626153640641365,0.0024352991595083676,0.0,0.004963552913304917,0.010562107960247355,0.009519494358519176,0.0025816490899472013,0.0022702286059007697,0.008863257926791709,0.0,0.018025940895288105,0.005596852085444942,0.023219585043960857,0.014085727377810933,0.002755965631587258,0.0034127625880696023,0.0,0.003054807333060047,0.004952943837114801,0.0019083197310522956,0.0007430717570249016,0.004399516314233331,0.0,0.0034785174684738044,0.002548783136188832,0.002501350345179643,0.0018434349180539746,0.0024168710061668918,0.0025556321060566864,0.0,0.002462415089246581,0.0015068438642210848,0.000524669811837948,0.0006913549209771381,0.000608561211695442,0.0011797791420411795,0.0,0.0014642945843734928,0.0018649977473005593,0.0039493346604968825,0.0008910107342744257,0.00046212157981812837,0.0016830564845847786
2.0294117647058822,0.041257040456585084,0.059797382107463624,0.03284572657216742,0.028955117735714336,0.024823614504533156,0.0,0.00810724716052777,0.008323417528006343,0.005844446935013245,0.004650576515396408,0.004215359906592961,0.0055100509674374945,0.0,0.00878052211325288,0.019579887807320794,0.02096639530050286,0.006771297217616712,0.00957041759622699,0.00714246864374053,0.0,0.003084177492041425,0.000829489978599835,0.0016361427242328856,0.001897030180513679,0.0021111589933654295,0.0,0.0014135575224604369,0.0020488854881825433,0.003771773628758219,0.0011862251858671836,0.00020430889304190336,0.0006420185337810682,0.0,0.001870234143984688,0.0020922449117195116,0.0011477578775307177,0.0006148327247091897,0.0007958925797782989,0.0008443402209178757,0.0,0.0010577589970193935,0.0014853912227091389,0.0005722890997857473,0.003147506253965217,0.0019497928747427436,0.00075461638732873
2.0441176470588234,0.06649151714324245,0.0187974705109622,0.012248939505652109,0.012047644038138978,0.012026547629568864,0.0,0.007260133380346826,0.01313946799212305,0.012307086018521695,0.011141785087765513,0.014640657891924876,0.03860649663828929,0.0,0.04237696685598359,0.0071318387709342285,0.037866840775114256,0.030792601421101587,0.005020185259126908,0.0013226039549410205,0.0,0.0032430840515610985,0.0009920960260289802,0.002673984397641065,0.0009597653002227184,0.0020533854975331267,0.0,0.002892931506572447,0.0012297964634874331,0.002141346253989667,0.0017981547894855645,0.0024029580095217837,0.0034116626788801476,0.0,0.0013696054975023064,0.0009163028192200439,0.0002549079237401582,0.0003259375154594205,0.0016492024999022374,0.0020623282138075346,0.0,0.0009938368127252295,0.0015173017678675365,0.002091200941775061,0.002614099609303374,0.0014024210049996251,0.0015942031611474582
2.0588235294117645,0.11384693299207127,0.012164460301386598,0.020531838413332056,0.01580200152232512,0.015740867608655597,0.0,0.00941115200177905,0.009475886206876134,0.008240318548119076,0.001960028856022313,0.0020532254928335098,0.007798259885244954,0.0,0.0016374277497467494,0.04972284760308292,0.03369655465620844,0.020759342041564814,0.014394418469551844,0.002016622580892546,0.0,0.004008671262482874,0.004877021719599361,0.0017632803530903786,0.0014399732891104123,0.0028163144105891203,0.0,0.0027821533139025323,0.0032307061596874367,0.001876689910429345,0.00042045110574805014,0.0007320216318797817,0.0001464985446051354,0.0,0.0015498194143224626,0.0016082982021013723,0.0018172326171984983,0.0029914239497830027,0.002178807700207741,0.0019086145284616753,0.0,0.0021328938121096125,0.0013665864559497135,0.0008350561933964355,0.001051387053247301,0.001773359032590958,0.0011563060806525052
2.0735294117647056,0.2027819866824846,0.03987612905145286,0.013308141090805624,0.01138585075565132,0.008364361537025786,0.0,0.008025954961643643,0.009046944067387212,0.005265407773886001,0.006297270263591128,0.012650457899647893,0.03240969601092941,0.0,0.02864294863665948,0.006595565464331928,0.005801476567793339,0.007952354191198852,0.0075509739693592,0.008602156356348834,0.0,0.005236104150340446,0.0012485157416597236,0.0013101370076061686,0.0026051267589292278,0.002359100379805086,0.0,0.0014115693959089013,0.0009126681471230087,0.001337676668875683,0.0014636213943818597,0.005264575972881448,0.004349556581746316,0.0,0.0023663312230278403,0.0013484934255842003,0.0016031176406384657,0.0023680255217248627,0.004047921372712842,0.0019372317292353446,0.0,0.000294232053187346,0.0008786949377393067,0.0015369625801058078,0.0017212359049620135,0.0022088878888090746,0.0018979026215685236
2.0882352941176467,0.06531932622122001,0.03990863567087959,0.019705184659533637,0.009567560783938275,0.013998503340041895,0.0,0.008875873758109162,0.0026229346584423436,0.001313078420121181,0.010560968324661066,0.023887513792895512,0.012346683332471933,0.0,0.003625968780163121,0.01759254123820414,0.017426800171033992,0.012230347817636256,0.02571613386333963,0.0037383805697977727,0.0,0.0028911354433595817,0.0016986384479984208,0.0012172717361458691,0.0038676305659344845,0.003608000521185182,0.0,0.0011357253353536222,0.00045507875680032497,0.0010626531635089342,0.0011333385699595533,0.0008506964238293409,0.0013029109817669759,0.0,0.0019690566038850135,0.0016314871665749325,0.0015353356352115562,0.0013826373910283212,0.0010336775495657729,0.0018235325649355906,0.0,0.0023759518075358575,0.004544083924331657,0.002213313203139646,0.00040922959825182275,0.0016712604109135809,0.0014584934657927906
2.102941176470588,0.08814957635447214,0.04955640677408078,0.031062396109485278,0.00588507220018358,0.004991063803816482,0.0,0.009025616283159808,0.011055810627270332,0.001660412778744294,0.001403498193383034,0.0024132969024804455,0.012878062971430373,0.0,0.025909149594192972,0.020396322690763406,0.051250288241588185,0.0202152928093887,0.026879186962557734,0.011765781396076312,0.0,0.00130283710420243,0.0014122353709128369,0.0016952640107245347,0.0009350967821199079,0.0021112574257813564,0.0,0.0006350061902685998,0.002458583440031083,0.0008359217456120753,0.0015620900014584283,0.0028888973574537655,0.0014531667856419732,0.0,0.0009774654653405747,0.0011940077624468034,0.0003184106896822585,0.0011764101019131334,0.002441163793084819,0.003162318141139226,0.0,0.0024895449401170448,0.001583000929679813,0.0018526599331032665,0.0017071912078398133,0.0018873865337030737,0.0005738022400571845
2.117647058823529,0.11079633590060461,0.01830355076208247,0.01710775472649917,0.010528460011686348,0.01080837976944805,0.0,0.01628154093584089,0.014267204471089086,0.002136835036598332,0.0041384004676609755,0.005748376921911688,0.011696793810001833,0.0,0.00578328421409003,0.001378053998796207,0.006951179508183121,0.01715520122413235,0.0066986887990400125,0.005740669578157915,0.0,0.0031213192407487087,0.0011456460058727478,0.0009735044829729676,0.002010822899862156,0.0017405240920466683,0.0,0.00207769698953819,0.002006942679920041,0.0009623874749820588,0.0012753680533584392,0.0010091803087672578,0.002954197229020536,0.0,0.0010231703257539036,0.0002658401612067297,0.0005244822816049817,0.001666397207368108,0.00247422429885592,0.0018363296296318146,0.0,0.002296216664717348,0.0014530208755180226,0.0004150351820324558,0.0005096771545224456,0.0005832238369619475,0.00043585107863070135
2.1323529411764706,0.051988748312711934,0.055186767960768206,0.020733550310290793,0.012581184990258763,0.008223251033497843,0.0,0.004986104071229229,0.005785083433145348,0.007555436501337992,0.013881230420146022,0.013402052524117115,0.010141100491537824,0.0,0.007183411980143056,0.0007324259258449427,0.006769014597946668,0.004648543915955182,0.012592487256462555,0.003807782090911374,0.0,0.002239767779505142,0.0020620609231664522,0.005267001495788999,0.005439734559085256,0.0033450521932697815,0.0,0.0034148205569967845,0.0017443109986152896,0.0013459547170602815,0.0012636988717110603,0.0029182662543091034,0.004726475291830391,0.0,0.0028355129247189825,0.0020256657034000616,0.001138991482349256,0.00013109428084458446,0.004123962031521349,0.005817218763019275,0.0,0.00198315047376532,0.0003597427519009406,0.0004724990424198588,0.0013806117541772388,0.0010513601140458657,0.0011395932014179077
2.1470588235294117,0.0583868313127291,0.08085236350469502,0.031792753265587774,0.024203897926618718,0.008062353914906992,0.0,0.005621686575173506,0.005615868818649052,0.004261554741714951,0.012435860616979022,0.013588140483910455,0.017733142399578322,0.0,0.008911052499927893,0.06292997259662646,0.15130385766538623,0.06689863022587678,0.005507884328190164,0.004406099973998287,0.0,0.0022618830538965644,0.0010081932464372854,0.0018459451967377878,0.0027883145111502745,0.0038177520971996986,0.0,0.0028063274463965455,0.002003546007627474,0.0009049802645069952,0.0026922338803303525,0.0033865606053189723,0.002039556458913535,0.0,0.003707443266614043,0.002582561302331727,0.001680597081289135,0.002012230104885162,0.003792627320534326,0.0009940495869848682,0.0,0.0008696421875675599,0.0007448127642737477,0.00044709143805442703,0.0008199452092982114,0.0009117647026952579,0.0014040428006281695
2.161764705882353,0.2494530438655223,0.05022890507781188,0.03185975333884697,0.03824884864627449,0.005178305593560147,0.0,0.008609574690056718,0.003949713044975324,0.005998972791500095,0.013220247327186307,0.014823193537498787,0.04876649142394826,0.0,0.037965889275829945,0.0031856212757220186,0.03643003915887569,0.030442781936669258,0.011868056095284189,0.00910446193301888,0.0,0.0024009391944523426,0.0008211424283380548,0.00043930413891863165,0.0012829461873526452,0.0026666205737928134,0.0,0.002164592185223463,0.001704380522749288,0.002345573718971033,0.001556879559581788,0.001813414401550579,0.0006509576706207155,0.0,0.002108190458479768,0.002437481494992153,0.0014712603378307944,0.000514767897538352,0.0012439525351790326,0.0006413022019366628,0.0,0.0005840839564577013,0.0007693186604126968,0.0012376478719846884,0.00099614020870888,0.0009100135779727193,0.0021603340132014433
2.176470588235294,0.02919810284107731,0.04634252544292303,0.015028385263818259,0.031215184607436337,0.023752524144374915,0.0,0.027815594100889466,0.01503757575172618,0.008248789375068956,0.019749099837600655,0.012368336142188357,0.0016706473770441823,0.0,0.010887381734201802,0.055087252046869664,0.00946408293863285,0.009693948418412215,0.010823774854687553,0.005835775786208218,0.0,0.0015407975195290066,0.0004598574109355132,0.0005768425956538723,0.000918859411627159,0.0014602737096102339,0.0,0.0002372381103349989,0.0011708663167329034,0.0034494840144980886,0.002804971188600492,0.0015885859447433085,0.0031312713961412124,0.0,0.0038557844881976036,0.0018106165314121614,0.0019991934807889996,0.0024942460432353323,0.002545056444375162,0.003877815096767384,0.0,0.002604017786639511,0.0016721164189337741,0.0018511394202451043,0.0011580071655109172,0.002122161158011368,0.0028866597209163134
2.191176470588235,0.06879908913719376,0.0194102908686112,0.02014375198719081,0.021223277293397028,0.01321977157574819,0.0,0.008347128867969879,0.011752697315898009,0.0026538949610976762,0.0047298296342339965,0.010989642291549412,0.011808684719628858,0.0,0.029620451251792707,0.054184762688957167,0.026393614384488496,0.0027003858884916527,0.009578209348657859,0.005433792872750862,0.0,0.003984509859081449,0.0042566679799707465,0.00267434484914466,0.0013176645084446122,0.0006558800222043774,0.0,0.00037100359994083205,0.00214837304150319,0.0029367000296823507,0.0017307969217339818,0.0020056677241075253,0.0046647252237610555,0.0,0.0036644053025473838,0.002834644752857794,0.0031280266264851384,0.001518663392377874,0.0008112659416672477,0.0005482630023506648,0.0,0.0002900233371228301,0.0013268160998628762,0.0026686678982854295,0.0023879563356991903,0.0014218920678436007,0.002164841537927024
2.205882352941176,0.05307114867542617,0.019002409276608873,0.02206395836521527,0.01580586506638838,0.004195129366274553,0.0,0.01120233606754789,0.0071069847929157975,0.005276121198187151,0.00809517194512555,0.013734213215082856,0.006376244532921113,0.0,0.0135188743995618,0.02284640066945718,0.03235444394823906,0.01455058539355807,0.001486597587609739,0.004058486984975915,0.0,0.0035795468594129634,0.0027414063351931684,0.001930602493061497,0.0014291568609278353,0.0010463147516717665,0.0,0.0009194103636916893,0.0005443573977262841,0.0015989776315644979,0.003613101236238629,0.002233599856181074,0.0008105112775227028,0.0,0.0011144368188510346,0.001429977528596746,0.0015388540579384042,0.0020297195586398815,0.0022206143629768167,0.002961592864107964,0.0,0.0017469585926837743,0.0009132815006452845,0.003207997388931824,0.00355223209885046,0.0009645701833830805,0.0024308626007687765
2.2205882352941178,0.10461104699265034,0.04789097472866056,0.033593156904864,0.0069552025617659686,0.005041272193053675,0.0,0.0033663857417803237,0.00796703973208861,0.006111764207092192,0.003681732505630041,0.008496044106843187,0.019747829796165312,0.0,0.05452933538018135,0.05922778808328768,0.14933987203873167,0.09376028426434033,0.0013395235904750478,0.004777906036354293,0.0,0.0008741240300600124,0.0009458776586596549,0.0017246107832154796,0.004084292674764931,0.005744882930143708,0.0,0.0036361743035433275,0.0005654634594321972,0.001612854347325557,0.0027618594693033026,0.0027690489697212656,0.0011306003263123125,0.0,0.0010090341515400266,0.00034511550429284886,0.0018200940044191957,0.0034415825305170794,0.0015596955307304692,0.0014452657696080195,0.0,0.0020837819625131593,0.0030144202709453346,0.0010751712806980048,0.003657486661340247,0.0010637365708139027,0.001915038372938294
2.235294117647059,0.11468550569719643,0.058445115365453916,0.0453137463808919,0.018543041802630406,0.004741894555929158,0.0,0.010199719350956996,0.01390265332349917,0.013816393701675091,0.01835624454403518,0.01729810280468206,0.011246880471705282,0.0,0.019351209327609867,0.03469750381683702,0.012218315592385114,0.07072146468590783,0.06532933149108185,0.01208018008932479,0.0,0.0025800189521052587,0.0031088601603363308,0.0034737002461795482,0.0036494499622537657,0.004502941711118983,0.0,0.005406020602610162,0.004756752217331261,0.0040417182443520504,0.003989018665598833,0.002564418425453179,0.001877860788892865,0.0,0.0013823972403749218,0.0027298748991837745,0.0004718662386233728,0.000882478729963883,0.0015859891724907126,0.002001328820699021,0.0,0.00108218805607241,0.0010996543439155838,0.0003330821776180903,0.0015308255332229458,0.002938363769819234,0.004029759436873031
2.25,0.08045017457847127,0.021348948643037425,0.03399558435066312,0.025309126117646283,0.012673635817108557,0.0,0.011045693698083631,0.009524132818605632,0.013605312959950905,0.010213164240941222,0.02546698232120033,0.018386774081912693,0.0,0.0044268942549109715,0.07454457289497113,0.061298198624613,0.01783717901426331,0.0010357633033646599,0.006016811220068142,0.0,0.003085152427106359,0.0028777794427562627,0.0043046346336703505,0.0026765016841212713,0.0031204484307914963,0.0,0.0029171689960455984,0.0034370255897419846,0.0017679127920878631,0.0004594767801105894,0.00044316720483607904,0.0018083633786740915,0.0,0.0014937484273396294,0.0030262312899540173,0.0037518550662992744,0.0017761724075046178,0.0015675782134779645,0.0024678991120084086,0.0,0.0015049591894258363,0.0008272767706672798,0.0025239513255919284,0.0014869861349865235,0.0002658303430947219,0.003290010053260749
2.264705882352941,0.052397416423116336,0.02920152186964183,0.025693140756420246,0.007124617630495392,0.002026573564734688,0.0,0.009146598771886302,0.004884441212707688,0.0035195309909280344,0.01061128152349737,0.0034494686772977537,0.002759571750124215,0.0,0.016312388335402994,0.057706308807668416,0.18633375246678568,0.06531038734900099,0.007716049005661831,0.003289325864334436,0.0,0.0023880549130419772,0.00433217856417214,0.0026701403088827185,0.0004474855708820686,0.0012107471427761684,0.0,0.0021274108100877327,0.0027478000488650326,0.00165518698183067,0.001520677243032845,0.0017442098334850189,0.0011338134951651042,0.0,0.0016432965679559963,0.0031236079138349036,0.004631525823221643,0.002168303073254864,0.00044372108916309623,0.0023996118016317712,0.0,0.0016941035168436048,0.0007101033158618397,0.0006132464112882771,0.0011155551133799012,0.002501315148205601,0.0018552836734629747
2.2794117647058822,0.2051687159563113,0.0926836030617218,0.04365585295432687,0.04138494899368815,0.02620382695430476,0.0,0.018646340662425726,0.011219968675923021,0.005637640542721547,0.0042256157868056175,0.00817624958149868,0.002669131290212652,0.0,0.015893846997074173,0.026165533044666893,0.10610397465362151,0.016196035719437257,0.006398562727943893,0.0016198938854147752,0.0,0.0010013081897480942,0.002458267620841874,0.002568992450162279,0.0018689822258639325,0.0017472517561747062,0.0,0.0030539454784400863,0.0025284247241923715,0.0022576559907184525,0.0010358963267599994,0.0010237125752223758,0.0010272948947030133,0.0,0.0023142948849758215,0.0037571929922031325,0.0012411151550829561,0.0011583862123941452,0.0016634591844152113,0.0013079814390301845,0.0,0.0008445397794144238,0.0014001861907189362,0.0032404158881216448,0.0036737544608386294,0.001397029057576561,0.003159118918194721
2.2941176470588234,0.04491801580987817,0.027180918214380595,0.044050566433005554,0.007961883978447748,0.00680953111973853,0.0,0.0034448703034065404,0.009845317797172997,0.011186790901740596,0.005815247623972538,0.006029861137416638,0.017110946522199993,0.0,0.031635189934391364,0.01438617676355462,0.07637095119385746,0.01192994357731219,0.003519425349062448,0.0034037017439576484,0.0,0.002021387775873659,0.004018602225342011,0.00434219289557191,0.0018799342468248062,0.004727450172269691,0.0,0.004759023136173025,0.0026948855328286234,0.0018105900064621211,0.0022054621086300286,0.004231662891004108,0.004628794873650484,0.0,0.0014235137359912768,0.002063429505703295,0.0010362848870175607,0.001840039645343886,0.004218429436816623,0.003574328846034157,0.0,0.002310468612501304,0.0020379668618796727,0.0022763311192354357,0.0022700717867976867,0.0016964594665551795,0.0027485716996782654
2.308823529411765,0.07721927933864403,0.04619332789826514,0.02073768879940329,0.025042703876308706,0.014343613592397312,0.0,0.011007598554061315,0.0045279082975372715,0.0106432384694213,0.006950767462870512,0.004826491836071251,0.004290315296493388,0.0,0.006726711451816866,0.052566496053415374,0.08080329968123734,0.006612683346253392,0.01961006715269879,0.0032674370323329954,0.0,0.0014692459259032888,0.0026162795801720398,0.0015339541792797652,0.0010898135092425802,0.003403632319658738,0.0,0.0027962056594692084,0.0010800129377495466,0.0011156319133195768,0.0012313167170675606,0.0026419214949124827,0.003423840889632835,0.0,0.002284568487568287,0.0011779098617904365,0.0003214063364291547,0.0022508225475598677,0.0034101647149522366,0.0013090887259756025,0.0,0.0017389116436086825,0.0031114738244205978,0.0015643334218466566,0.0006495388845918018,0.002338968163878068,0.0021177320817938505
2.323529411764706,0.08847256209731261,0.053981029244792963,0.022422946155814753,0.011344421522559255,0.007011045839932387,0.0,0.009917828984551022,0.010162923790796015,0.017100541321771686,0.017967719086587,0.003909862003212217,0.032765577260841346,0.0,0.03853547292349453,0.0055180363480129705,0.03146414435703219,0.03541645030653073,0.013587994312694699,0.0010271322154493659,0.0,0.0004560489898038912,0.0007753920852112962,0.0030304068616911544,0.003545993497641654,0.0016986574555363312,0.0,0.001336372776032621,0.001021054467269263,0.000708733378434386,0.0026401939994430282,0.0032372461892803354,0.0027588770011776334,0.0,0.003043072722466392,0.0061320119975074375,0.003707703161791709,0.00350234052221646,0.0014563472586702534,0.002823383439460899,0.0,0.0026815236173385916,0.001460082729661946,0.00233894863046941,0.003556058337220467,0.002714892161377607,0.0013306213566252087
2.338235294117647,0.04879154856176595,0.007959251851973784,0.006815122178043934,0.00903787690630714,0.0155238289066553,0.0,0.01772844067479684,0.013448639903526313,0.007088106638631929,0.004148913612983895,0.009571892871388071,0.03352152896605448,0.0,0.023541062867697318,0.002462917586099518,0.056335296650566746,0.09810032905099361,0.03523923263103297,0.0017999852432762915,0.0,0.0011328707517103188,0.0010649026374212156,0.0025323820785879943,0.0034107015267592646,0.0019939832728822966,0.0,0.001390775093661318,0.0012804651484544412,0.002142427997559898,0.003433570228290536,0.0013216847539971057,0.0014543582680183395,0.0,0.00042777743425092223,0.0017772243264038575,0.0036683245852231544,0.003561101619011595,0.0029643836211586845,0.003461751922626738,0.0,0.002852750010692536,0.001302730192817713,0.0007486242323310477,0.0003411606774848567,0.001198151714893595,0.0018722144297401804
2.3529411764705883,0.09172966253139385,0.016946615062971584,0.031226108905684894,0.03137982803302207,0.00817372212224355,0.0,0.005317511027091185,0.009870236324516791,0.010968289008097,0.004021676542218941,0.010392856162856035,0.015121648179552596,0.0,0.029950119623731734,0.04392915549111088,0.030103218510487514,0.01561683134244381,0.016092928048241438,0.007510384949325263,0.0,0.0037266724407854293,0.0012914542591253146,0.0014011684183768388,0.0020056843847421745,0.002520253142196606,0.0,0.0018132554348480089,0.0016168090461207458,0.0007015938833267741,0.001064716330689212,0.0013784610725709884,0.0030712281480709002,0.0,0.003061452939558663,0.0020461408002864514,0.0017175528902557235,0.0012736610351735422,0.0008256000901636267,0.0007641274504458502,0.0,0.0015350768509216231,0.0016093133534231135,0.0008613231130477684,0.0013058135485362235,0.0006367481592857598,0.0009524042434910312
2.3676470588235294,0.06991505516912268,0.01992825302581177,0.003894211115098471,0.010647055693972195,0.008431755567136556,0.0,0.0038894406598778152,0.0030470770772392476,0.003805547537302576,0.005727752267286477,0.007221081606005233,0.00707285404512987,0.0,0.024749755715788788,0.036017841722083235,0.02624178865437813,0.023101383704652693,0.003854174254749912,0.0035812912893549162,0.0,0.001640675057819315,0.000779122648674682,0.001781298828699887,0.0006343619737782242,0.0012245168403390498,0.0,0.0022746217327315786,0.0014954386870853426,0.00293400337835638,0.003307496791865138,0.0016182044992247467,0.0029540602964278125,0.0,0.003363909931313776,0.002044056313411131,0.0023428379611938675,0.002886821536318446,0.0014923686774688783,0.0025419724726646765,0.0,0.0019360509430293756,0.002285483333174402,0.0020179702604871154,0.002760564362596292,0.0029674906478162734,0.0011723461298112589
2.3823529411764706,0.0617411605051721,0.016195030915064815,0.020850495241180045,0.01864160482765448,0.010796600443209146,0.0,0.01575897551339835,0.013150641640346707,0.005799775654205452,0.001169762976714735,0.006927024125103912,0.022683334398241883,0.0,0.02831890379184047,0.02695505687214874,0.0168415510040187,0.012577846540867885,0.016959604156559713,0.004136145144947683,0.0,0.002626912654791689,0.0029362356184609462,0.004070166154075591,0.006679491900475334,0.0037668969647453475,0.0,0.003281770980211609,0.004183896177376421,0.001898769719679731,0.0009570668817735451,0.0015688125309162083,0.0016168790648176598,0.0,0.0009837840701823778,0.0011052655034939885,0.0021977881156494544,0.002250371040430707,0.0027085625267440024,0.0009609351247049359,0.0,0.0005884319296883129,0.0017515179085011673,0.002165626724385682,0.002020417453012988,0.0012914956929277383,0.0010691317108759053
2.3970588235294117,0.04737876035430279,0.02126264133144881,0.015377528166519026,0.017830246079001657,0.00808126598677774,0.0,0.0031044245608315706,0.01485380450345864,0.011902765331100816,0.009743719451955277,0.004128952683368678,0.0359587451448482,0.0,0.05533706110624951,0.058545232897174684,0.05254757261005755,0.014354796288171483,0.006469697227741144,0.00479133462821208,0.0,0.0018893107635858243,0.0012821687398543637,0.0009637779606633488,0.0008379217153353931,0.0026012602423720124,0.0,0.0017659454901189269,0.0017752027518976824,0.0014077215425105712,0.0006347182239581066,0.002054034866194696,0.00166980270586458,0.0,0.001365353701273548,0.000559482108421348,0.0002946123575638814,0.0005870717327644344,0.0009052845391402287,0.0006383053142262147,0.0,0.00035077874114571484,0.0005889251478191052,0.0028612968592053156,0.0031939301940007415,0.0009701665189616052,0.0012172787290022809
2.4117647058823533,0.06928433665322789,0.021016659188921732,0.014240491404979821,0.021405618056190664,0.009116809450698076,0.0,0.0031317521581500076,0.007910572995575751,0.014096112865474998,0.015387570049247517,0.006769670549731714,0.002993341817662712,0.0,0.004446063644637253,0.02266344466173574,0.008255353715902284,0.002565404981920447,0.011647454341734231,0.004613791381194695,0.0,0.0015222273976973188,0.003021245736873526,0.0045407884933221345,0.006032125319605542,0.003514970887541913,0.0,0.002162798072751612,0.002143418089200962,0.0024164890533746024,0.002287234385271249,0.0025264881321959134,0.0021636991758470104,0.0,0.001351332098037443,0.001219553752436587,0.0020378288961248395,0.003117841038320473,0.003689274795919727,0.0014045756448335836,0.0,0.0015288567266004117,0.001396666488212568,0.001463676426780652,0.0015838304284684524,0.0014999141510525082,0.0021706148043967918
2.4264705882352944,0.04181462135135937,0.027360357131612736,0.01217678683932933,0.004114467811266579,0.007161744243298972,0.0,0.009286645623995452,0.008044875566641086,0.010450946099166447,0.008247820511412533,0.0031858097502013957,0.006342292934334054,0.0,0.022085185866946952,0.023316788550652272,0.010106817265376312,0.008677519691354607,0.02090872269902361,0.025018668904216557,0.0,0.0033060901537380035,0.0028984245931425734,0.0026492380478688286,0.004580156521560312,0.0035118228117617806,0.0,0.0016854354536177867,0.0010562921259234857,0.003657616252912311,0.005506539089248178,0.004704915760500183,0.0018229488398890411,0.0,0.0018712133964231279,0.0013165708201550073,0.0007205743796614216,0.000532939593892367,0.0011930136260252765,0.0015031992977232902,0.0,0.0033387549598209608,0.0024386385052502283,0.001961008145074849,0.0011150247702101013,0.0004288475793127321,0.0007656084742795005
2.4411764705882355,0.08314485347648728,0.019787344704969734,0.006224929446695124,0.02154112664924185,0.019079244749926238,0.0,0.009350047187741775,0.00948632462224213,0.014420616125162669,0.0066892626563557905,0.011781196060245884,0.017283444818234506,0.0,0.0080793696931148,0.01814713604020357,0.04723874780036486,0.03417414689830824,0.010845305552227834,0.003131066245871646,0.0,0.0019640212262820463,0.0009184605718900762,0.0010013880221595123,0.0031167213374085644,0.0029309190551036783,0.0,0.0024046691722511265,0.0013290746835963718,0.001348231781421713,0.001895825209425496,0.002730351012620011,0.002519826748609146,0.0,0.003001053925124516,0.004053961288633758,0.0014023934208980324,0.0017297284748722243,0.002535304284784499,0.0015467251705037675,0.0,0.0011710700853200125,0.00097836300361764,0.0007985318309378245,0.000767929567719516,0.0003471120721455602,0.0006344099190343745
2.4558823529411766,0.13525005950744393,0.028056412233154377,0.04889726342954516,0.02172317296383109,0.006512806624303909,0.0,0.003405869052651632,0.006940647819312393,0.008435251679378128,0.005100883737971157,0.006283024156385883,0.006500335332866647,0.0,0.003197088968082384,0.009305705542804243,0.03118407119532226,0.040947527474382975,0.029413636236849762,0.007474816964776469,0.0,0.0006467234703665103,0.0023338502132867513,0.005350980702510059,0.0030444543347832404,0.004589431654678454,0.0,0.003836285859917095,0.00321661541322912,0.002586268078896498,0.0026269722026238613,0.0007406419282195491,0.0003970429035046647,0.0,0.0012490174597229403,0.002712427875846444,0.0016629813176497572,0.0010482202334471885,0.0019044880119304176,0.0014968354891043082,0.0,0.0008901581764550427,0.001079292618776095,0.0007646902766332821,0.001041988964190319,0.0008927748454120574,0.0008698473185348549
2.4705882352941178,0.05500648342056489,0.05235607400699783,0.03537612483315876,0.026267271895293254,0.026585209653911687,0.0,0.008512468803594008,0.007568341234456891,0.012479050450989218,0.005842259669441267,0.014435058263941227,0.009902023004011449,0.0,0.0029240248756983002,0.005933330757446353,0.008649042335968707,0.002045643227386911,0.007948372515289997,0.01296777273353948,0.0,0.0014564707833219428,0.0029969006497630023,0.004533532182500729,0.0032437856954765126,0.0008135842409990972,0.0,0.00108099495587513,0.0015430602812821828,0.004266034213711845,0.004473949375962554,0.0022711742712959154,0.0009490336411954195,0.0,0.0007242475949647753,0.0017260562038571468,0.0022348456573058934,0.0008953748383185203,0.0005656073057199382,0.001568487605101337,0.0,0.0021940342070331043,0.0024949718158252497,0.0031999974264988688,0.002106540130946823,0.003763758580707179,0.003290657559731946
2.485294117647059,0.05663066174179801,0.024023432850926316,0.024998277945663037,0.01655540688848582,0.009256078459093873,0.0,0.011679984038863575,0.0101974124740432,0.0030203906802739626,0.005050049820219282,0.010340471460053019,0.028055238741479794,0.0,0.029838225789584203,0.024841313349509397,0.02174829795237688,0.004914510974354179,0.004917153523021115,0.003699617294767298,0.0,0.004623212142702067,0.0011025259424525505,0.0013994704501167745,0.0027173002982091906,0.0015834725065171265,0.0,0.000885004186492461,0.0006111822447339124,0.0007202237328102264,0.000888722529002245,0.000335645032211262,0.0016005930094288696,0.0,0.003528109381698395,0.003812529140923557,0.0037197202767391283,0.001932405076477049,0.0010121235312534956,0.0007176604749984583,0.0,0.001617627497047152,0.0021071614514820043,0.0010409194468748643,0.0020522965309131952,0.0013641042562666265,0.0020607973119345703
2.5,0.09799743676193659,0.05826426111164201,0.01863771750774625,0.004012509795935478,0.005954386843446431,0.0,0.008602783346095608,0.005868727516331627,0.00869646913094135,0.005822764919594185,0.004599541525907354,0.0037794376447112324,0.0,0.027305604651517722,0.05384912847818632,0.03411547943765801,0.02014620327761986,0.010448856942486665,0.009644456371292513,0.0,0.0042760971112268415,0.00021088935556677,0.0008233386734162995,0.0008324136969051953,0.0014536882570493992,0.0,0.0016993085661644548,0.0007612182159040966,0.001445054380212447,0.002764859712819923,0.0008651399750922122,0.003902606376964125,0.0,0.003572155540008364,0.0020321436333429017,0.0024779564001050068,0.002006286901481995,0.0012995796897227344,0.000539815114716387,0.0,0.0019437108778943908,0.0017030932502015428,0.0028982801764591273,0.003571800657723026,0.0032632768387441695,0.002701282570365386
2.514705882352941,0.12056461881824893,0.045941120829527116,0.01812875382491022,0.016171543478347237,0.017449072651692765,0.0,0.01820587550155551,0.006964791567811368,0.008479583920665314,0.007648275767828843,0.008880168806048468,0.005105571035857407,0.0,0.01244636233283521,0.040474496950025196,0.06697656924352428,0.03924384458797439,0.011085106947116504,0.004287935120414144,0.0,0.004826210381036958,0.0008299859186590477,0.001016742442419912,0.0014808300168796793,0.0006111692889622928,0.0,0.002027340426325533,0.00436707339900788,0.003154771342680474,0.002571898650174139,0.002755065806194768,0.0023791187731591,0.0,0.0012212157389793934,0.00045429950525627185,0.0024248223935964225,0.002918415495598758,0.0013217078410609757,0.00043085429976050135,0.0,0.002354988452999354,0.002084206887751814,0.0010354312416119898,0.0027494349535759893,0.004980828659961289,0.0056864632192918495
2.5294117647058822,0.016713175709997082,0.0325295607139211,0.020209538412421013,0.013196165016410799,0.019040418670014367,0.0,0.01397046888577096,0.007290569812932829,0.008047672941237392,0.009345726926053267,0.007583013760607358,0.00815494379720655,0.0,0.00876471826367924,0.02605923420623906,0.026190308590960353,0.025490870802788217,0.02242765244998144,0.0011056539382033634,0.0,0.004338134918850246,0.002227911252078453,0.0013446326591178268,0.0017741149930543152,0.001871726225143215,0.0,0.0014389793410616205,0.0008836785039243757,0.001277562911149967,0.000225311923576523,0.0015087581662938385,0.0026005237445035955,0.0,0.003052294782269455,0.0017830183002095603,0.0033991043996030998,0.0030806238954692935,0.0012579079915963792,0.00025804865469696264,0.0,0.0028696156069547138,0.0038652077781522708,0.0015777798390714686,0.0034938968151265034,0.004873334150592696,0.003869855452395523
2.5441176470588234,0.041512348462734924,0.025814893205594318,0.027222268461071814,0.015887458529900738,0.002230999354953839,0.0,0.009248773010966358,0.010235520732589997,0.003932255195436774,0.0041389260869114,0.003264587270013964,0.004870637354096373,0.0,0.024407280494735593,0.026731724376681316,0.06723942419401682,0.07026960660533481,0.010381883903417186,0.0038301446791559855,0.0,0.0006255091625217631,0.0010747559122196823,0.0006760827263470782,0.0020683077135013866,0.003290625645677432,0.0,0.0033122632537532083,0.0019754571180274193,0.0030737724915254738,0.001507511586681039,0.0014283967938727884,0.00047336162272324726,0.0,0.0017424484323120969,0.0014476285935193412,0.0022472632628925716,0.001164357157616469,0.0025639752345932585,0.0019208792041808494,0.0,0.0027281846984059375,0.0040023104034481345,0.0015209769332437356,0.0014084075081315975,0.0016125395011721624,0.0011426298020576848
2.5588235294117645,0.035706858022425854,0.02712463366435466,0.011464310472444726,0.024037936738851122,0.019207877583270354,0.0,0.007603385203824633,0.001631686365406657,0.0020219977317098006,0.0028769760564581162,0.004411985496840343,0.05407567899855037,0.0,0.15912471004281428,0.09252546151463617,0.017080197852194078,0.007703545834645875,0.003610820978776713,0.0020928787548123683,0.0,0.002471036958712095,0.002136746865677378,0.0034057053386072783,0.0006484329268164905,0.0024876176974492426,0.0,0.004184893939470419,0.003181430354814699,0.001725959206859054,0.0006772524758960246,0.00132394599352847,0.0013963110136711082,0.0,0.0017457836116996398,0.0056098699083821325,0.004453335121655879,0.0009469455644770055,0.0020174819322056796,0.005469589926767637,0.0,0.003880372966684433,0.0016457331976751505,0.0024167535727544465,0.0021011952166369824,0.0011991036138161604,0.0017758307484336748
2.5735294117647056,0.041022475008421704,0.0413906713311674,0.007478348797298773,0.01808969233804751,0.0114036616311473,0.0,0.004507458608698312,0.0048014365765019955,0.0027555386108492723,0.00704924448324926,0.009754891592776625,0.008827479316567771,0.0,0.09027779907100165,0.03449137645226887,0.008664204109483223,0.03598514015890183,0.02016395887538567,0.010113653702051046,0.0,0.006906162202129253,0.0021055164993442383,0.0013505241426991456,0.0021606130054083097,0.002236075683087527,0.0,0.002135895711939906,0.000719593523146676,0.0006868552715310242,0.0016897834749918122,0.0017931739164077326,0.001981032548814324,0.0,0.0016019656298705738,0.0030777532788031532,0.0017677947509110027,0.0008810179065312943,0.0014029270495996367,0.0015163300885256015,0.0,0.00339172463933699,0.0020342337989039797,0.000527776224738339,0.0010067049318741319,0.0003638755324853425,0.0002720559481000278
2.588235294117647,0.12501708329306657,0.02909521282503487,0.03379690031810363,0.033631694861954546,0.008203926762119814,0.0,0.005344033843724525,0.007752190532498399,0.014606752618362483,0.012920510907856366,0.006059141534513272,0.020924612065470367,0.0,0.002404103921830128,0.007820769547756495,0.011496655153243208,0.03490982634369439,0.018376765745354122,0.010840423772580711,0.0,0.002497190589558003,0.00024635746958271424,0.001759255835592155,0.0036598801543023802,0.0036213799439502098,0.0,0.0019911699347955193,0.0008370630428267651,0.0019041593664524178,0.0009210797553563854,0.0023151566013214974,0.003728368918230412,0.0,0.002357224557113495,0.0017009265792766667,0.001768466452168472,0.002140393053838383,0.0025998528078360825,0.0009586057360390738,0.0,0.0011281320183497982,0.0006787737550910582,0.0014310153756908108,0.001253702617849108,0.00040079381646309205,0.0002624577447412847
2.6029411764705883,0.030986517067535562,0.02467683563851753,0.023755177481060534,0.010039673661508083,0.020422351058015993,0.0,0.011150999446040118,0.004536492953591925,0.008247104143712516,0.009898695697826696,0.025249897838849233,0.022236231927061697,0.0,0.012101870994437337,0.057726859640805414,0.07973752908084848,0.055000455362260225,0.014434464314672263,0.0031589921554050385,0.0,0.006023182061229095,0.003545907297613628,0.006624680113388277,0.006589892227480913,0.001976571785711122,0.0,0.0020465631528932032,0.004591586508441653,0.003524102916138812,0.0025922949197512827,0.0016597348159465464,0.0018151292420855464,0.0,0.001987817609857348,0.001070471315576792,0.0012697157990788862,0.002056692828343733,0.004291257451404228,0.00488431543086163,0.0,0.0017222162686093832,0.0006338706299386253,0.0006447976675302283,0.0009722642120409317,0.0014661746751329539,0.002684392922893662
2.6176470588235294,0.08831770435779662,0.0068317047678892046,0.011215403280579184,0.02732391563921028,0.031135473672256258,0.0,0.02439366353540897,0.010908761473578985,0.0038859368422049178,0.0043952184313118415,0.018976605500575425,0.0542673737900754,0.0,0.06993866189201645,0.013686136249582207,0.00599253903821398,0.013185669572617712,0.028568163812626224,0.014856972944378535,0.0,0.0027311098155377413,0.001485094511703842,0.002496889862008838,0.003737997200647541,0.003754971035353187,0.0,0.0006144131096724516,0.001958913298581443,0.002774014276995561,0.0025559037156452635,0.0012817587929026283,0.0021350102786338817,0.0,0.00323123738341129,0.002263362209188883,0.00284515199264865,0.0017892225087978429,0.00110877052238795,0.003237475421580032,0.0,0.0021914946827357794,0.0019442803986985018,0.0015133127985394034,0.00183803476361833,0.002674949504996254,0.0018430859023006187
2.6323529411764706,0.10611050965003337,0.04295213844776283,0.020921512936605505,0.018171937285124784,0.006221911829622224,0.0,0.0019043938142131493,0.002267539773756007,0.00171462343202501,0.003157470104254411,0.006257947426354552,0.015167302150740566,0.0,0.02496240619582412,0.024852150708687695,0.00940725331977512,0.010808813556533362,0.013727454112577902,0.0041570864743074275,0.0,0.003448239283668978,0.0013558081460541267,0.002099900837463057,0.005655973629763739,0.0025004409742079613,0.0,0.002598438134352445,0.0017217630994807807,0.001995311199015856,0.0009143798211927937,0.001225965265113136,0.0019859323754343764,0.0,0.002224389619562513,0.001068847055465003,0.00042903028303092026,0.0008276738638308264,0.0023660696207653013,0.003384496497958687,0.0,0.0013444138024496389,0.0004751637302455056,0.0022062898290889626,0.0027392324381033837,0.001988818910403601,0.0023966278800879566
2.6470588235294117,0.0665460814475718,0.006900315158820683,0.005262492442321966,0.01678782822195016,0.013146868791380191,0.0,0.005721054881839986,0.00284237741721987,0.0025934793971938847,0.0013125410928160506,0.004030796651176431,0.007048006454859379,0.0,0.007995511165518486,0.025631582895423888,0.016056682049755144,0.005964488924949881,0.008141816990825149,0.00650366665695272,0.0,0.0038192667048873225,0.0034512563686804614,0.0032339090608571597,0.0038324810323027325,0.002850013497851014,0.0,0.0015537983136542234,0.0009545574675649808,0.0003044526893197524,0.0013917036661816728,0.002084495830464836,0.004244196285352226,0.0,0.0013474150642456984,0.0015801525320782437,0.001513942440527403,0.0007586877952669947,0.0005061839017046276,0.0007402249155390106,0.0,0.0020078902257870896,0.004730700501563582,0.006169528201714053,0.0012910370071846158,0.00212975727517352,0.0007892223289454355
2.661764705882353,0.1324099190780087,0.01947540912409354,0.015627531491791306,0.024090031110647378,0.01469188548956386,0.0,0.009537244802910294,0.013235092151316453,0.008562162744814247,0.008843865026812604,0.010959569589076271,0.002807205866958114,0.0,0.016632117382422453,0.03904726019234466,0.021383097382742258,0.004547627516241507,0.00751162719108928,0.00617580088255754,0.0,0.004357057063460273,0.0026100699044049607,0.0008854826679505432,0.0021439861002438302,0.004179513542221607,0.0,0.0026488551405498256,0.0009502947866121906,0.0009362187785032686,0.0011827724244757604,0.0030351964027680034,0.0015742925550982676,0.0,0.00176973865756551,0.0015542661228397539,0.0029035277944604674,0.0023459463653902873,0.0011331786382286534,0.0006834157401263759,0.0,0.0005302401859229741,0.000522892644584756,0.0011954432693489104,0.0006415441784256388,0.002354065044534959,0.0025821308731054345
2.676470588235294,0.1305077374324014,0.018137639467567034,0.015515832114365889,0.02487390267180031,0.008861802392119414,0.0,0.0024248662982040287,0.0036918120054244942,0.0024567466001672662,0.004818700689886522,0.013108003987389531,0.006861440753104123,0.0,0.007470156448182616,0.015850882367137265,0.008762940652608686,0.005983298973920369,0.01664892539908052,0.009961438134903217,0.0,0.0015801355800748788,0.0014050456414191376,0.0029595070627536756,0.0012789434453171476,0.0012625973205221425,0.0,0.0012152657359823693,0.000697528197963627,0.0011672152390268887,0.0010967960404030994,0.0033020084618825447,0.0035582613916529254,0.0,0.0015979180046846483,0.00285229939993412,0.005133369173517654,0.0037227625442374486,0.0009223123344257306,0.0005705522264855664,0.0,0.0006294874261409317,0.002672904621521309,0.001449427269908992,0.0010448359674340643,0.001340365448393766,0.002695824337433706
2.6911764705882355,0.10397443932191419,0.030993102231756733,0.035549459018054966,0.019264211327156805,0.01296957010875303,0.0,0.005083736943668338,0.007245440889685022,0.00858881209168052,0.015966611266380173,0.010325223072998622,0.015318210033951635,0.0,0.0293630207370016,0.024299979070294714,0.010191384178071774,0.015277305318504474,0.01915664537147637,0.0037054849077525556,0.0,0.002544983984125213,0.0015515101298499193,0.002994918770632018,0.0018164003221687807,0.0005268931582367876,0.0,0.00039408428106059093,0.0013739960628393064,0.0010764122928906125,0.002033202681919361,0.0022756204042373228,0.0018537303126617023,0.0,0.002577270028563801,0.0020719477838482482,0.0023899097804201655,0.0029101184028405627,0.0019580665440356313,0.0007775558493086016,0.0,0.001882221026862721,0.005542633266566619,0.004690039791181901,0.0012420991294388934,0.0017431438309448786,0.0019421099701126398
2.7058823529411766,0.05106059335869555,0.032649967536263536,0.009800339123996875,0.012447346887470078,0.012049424890707709,0.0,0.010590348703607665,0.006817776465190321,0.005972923711632253,0.01581945979345834,0.011808448899260308,0.009627273193720729,0.0,0.040273427149204524,0.00888091543867419,0.004895313294191897,0.004846218137831879,0.007765905496806703,0.00548066455121307,0.0,0.0040309408814718705,0.0008328199896201453,0.0013420067660558338,0.0020363049264798144,0.0010143345643907197,0.0,0.002613951123580225,0.0029464491626183032,0.003470315642925658,0.003849958729544036,0.0017363060517912227,0.0014977385885853484,0.0,0.0005978489320046619,0.0003906910265963537,0.0010108177776988578,0.0005834172098191158,0.001141841849508063,0.0025995244554092205,0.0,0.0023026996085179787,0.0012423622348083675,0.001430216911373422,0.0027162513658433194,0.001728686094184917,0.001071525858546188
2.7205882352941178,0.2051113689564356,0.04525771551068636,0.015327591251360788,0.01414657981030349,0.01879988935220003,0.0,0.022563906936639594,0.00893725964387613,0.014448309109134607,0.0018038139949294997,0.009815991702223742,0.004618509405692844,0.0,0.00573594211216146,0.03532360201008566,0.04006929587608779,0.006172034315577819,0.0051188472978979625,0.006759642247067242,0.0,0.004301881335516066,0.003131719508654274,0.0004735473424584453,0.00476302872350197,0.007120409660046112,0.0,0.001878007165463973,0.001993002299290434,0.0018722792359193823,0.0017743186977292919,0.0005794078790499909,0.00022742220630779942,0.0,0.0014082365487360065,0.002849284846047296,0.0024662733630613195,0.0028042047665144034,0.0024993899269959794,0.0021917555438327914,0.0,0.0011202980361451442,0.0008997751683082298,0.002873080533363563,0.0038470323867155587,0.0030265040943449426,0.0013096636971544609
2.735294117647059,0.072443539619412,0.011609030499864843,0.008635249061138226,0.02114935834489784,0.010152704014170247,0.0,0.0029204914225946857,0.006524210171197026,0.015501476168548012,0.004233002702962521,0.005027315992827365,0.01938289946388872,0.0,0.06284271421878679,0.02922625336276933,0.006745220992057028,0.02766304075374384,0.010121869416263113,0.0014188848472765883,0.0,0.0004681867974251364,0.0008835886469169384,0.0022474118140514672,0.005754074029650596,0.004514575552873101,0.0,0.003284779041943262,0.0023836188870628534,0.0008272360185094539,0.0013928844063000653,0.002182263167678583,0.0006260403466883286,0.0,0.0033116419591979595,0.0049965437507768305,0.004220125990420905,0.0027902510157414347,0.001594247766561312,0.0015450504520894228,0.0,0.0033667864413680247,0.004494734557756971,0.0015336771912640716,0.0024865234801136797,0.0017988150377037044,0.0006976592222476914
2.75,0.0905252961153524,0.018889547216421016,0.014862033295112494,0.011238491920190196,0.010738992013517122,0.0,0.0034533045677824655,0.002946750909282432,0.0038343237981485123,0.0062380734030672,0.009780115893268826,0.019252111691365884,0.0,0.023988408328519954,0.02514216660998225,0.019564860751290297,0.0028630181727774314,0.00344335119608608,0.006735963731702448,0.0,0.0015017542405227635,0.004950587663817941,0.006054440493229918,0.0019412766818466937,0.0017999879725927382,0.0,0.0016467752365089074,0.0009065537237909851,0.003011211418615241,0.0015837958306733487,0.0014402054189963584,0.003610919287669505,0.0,0.0016322215699486893,0.0014448707510988463,0.0014336249824788237,0.0007775990258428782,0.0009422316356689796,0.0008313918173648788,0.0,0.00039970616517410253,0.0007097185418707116,0.0018118610254561525,0.001025986800543105,0.001264816796661831,0.002286666315155403
2.764705882352941,0.01845134436328207,0.02813777426333082,0.018971871219674856,0.007340037370367697,0.011061575796689118,0.0,0.007821314804632254,0.007879445773186566,0.005154277440265329,0.003557572883882632,0.005516780480905311,0.005759204646998229,0.0,0.011960947774586754,0.009077258023853858,0.0018061618578727216,0.0031143923566605237,0.011360402006683057,0.009315949099630186,0.0,0.0005361591675864398,0.0011115190133977183,0.0011648831040913235,0.0029915044677865867,0.0010224469277576524,0.0,0.0010925638076969032,0.000618165715360164,0.0005642163372592793,0.001364622383916452,0.0012734367231140994,0.0008799519622352875,0.0,0.001264400715155726,0.0025888605110674662,0.002348542591583137,0.0025477535908191074,0.0013795970738597672,0.004645756781806381,0.0,0.003866112917521045,0.002161400406571007,0.0025042785976379495,0.0022670953986100462,0.0009060657765077383,0.0005216954969833102
2.7794117647058822,0.1437938916952524,0.07765281951948716,0.06399109845000614,0.02362853371723935,0.006078496244040256,0.0,0.010021882066053119,0.008084406444640216,0.006125593741057313,0.00451172677541865,0.004287317623053218,0.016088800065689118,0.0,0.01578753336552672,0.012481640678851501,0.011370533093383362,0.006428173473498175,0.016158837421688516,0.0019583882238341063,0.0,0.0009795397334022124,0.002483147536300941,0.00227669385469844,0.002287453573515167,0.0017721486405487357,0.0,0.0027941612571787226,0.0017313572097021872,0.0026241705988215647,0.0018670864646649133,0.001038055903737335,0.002228943266348081,0.0,0.0025502980343551874,0.000983683672875337,0.0028053255227082755,0.0025498732292332698,0.0009278408690609511,0.0016826838702956631,0.0,0.0022152675548693084,0.004144596647692301,0.003710238480860951,0.0009764834772136278,0.0012513015315829589,0.0017840284761792024
2.7941176470588234,0.13297947829856424,0.012608145007013473,0.01847634043663312,0.020464181096413354,0.004005215719715806,0.0,0.018360170766237888,0.008504683820078957,0.004302264028690728,0.014557787670895736,0.030395850557437244,0.06900624176539435,0.0,0.036948782957245165,0.05484954043043314,0.06376127224657602,0.006187513237426664,0.013597176961611498,0.007732130581216718,0.0,0.0025137164265265134,0.0007987769447253989,0.00136079370144597,0.0016896448257982203,0.0007694879552246955,0.0,0.003785323308505327,0.003179450479927478,0.0008628962873340326,0.0010693876057280196,0.0013199154154618976,0.0014054555215606654,0.0,0.0014275479098093242,0.0008486666004901397,0.0007915007362146693,0.0025512170664543834,0.0019612730729977376,0.0007353254901017629,0.0,0.0006223422901905014,0.0035073535891496895,0.0013868005880828215,0.004053251718923267,0.0036432737863747924,0.0015294668226494628
2.8088235294117645,0.06273046066214784,0.026158503605217334,0.05149689253438676,0.02267966312498698,0.005506821700172439,0.0,0.006226988986415637,0.01591211740325147,0.011166892751232749,0.010051937284245837,0.027355111946817914,0.041171459226812944,0.0,0.07717327425752168,0.02135154687475742,0.008762414961159537,0.0024237823735463754,0.010992346204454214,0.0018814971356516247,0.0,0.0021999527515519477,0.0016508197739822758,0.0022876491950268234,0.0014126313122316805,0.0010981275055262222,0.0,0.00181956259534245,0.0015507416648847228,0.0018097025466901906,0.0017993087283649364,0.0014947290708864987,0.0009838889647606067,0.0,0.0021997862607627326,0.002099353509795536,0.0009701943701269243,0.0018531856725507961,0.0031625108835896857,0.002073441273535335,0.0,0.0038808144137495388,0.0009834902913935554,0.0009688663972794047,0.0027384850477668726,0.0010015637518899822,0.0007218655746708998
2.8235294117647056,0.07142301103750706,0.027041647438981756,0.012253226739432964,0.006192659303424156,0.007998370756337622,0.0,0.015064479285241288,0.021689217371670108,0.018253504473105215,0.016371732686352482,0.013836059742268866,0.012972570989312045,0.0,0.09508165281865363,0.08916930384848434,0.012351975018534866,0.04816617737106642,0.03429635633844415,0.006082808280256078,0.0,0.0028405080026107335,0.0028301245549065537,0.0021873391264704846,0.003341677500167579,0.001797308831851192,0.0,0.0008953851182732034,0.0005646721543410805,0.0006225431139284765,0.0016985917358867328,0.0031789660024436855,0.002212690378183441,0.0,0.0017984968800178673,0.0016940279238658142,0.0015030020845694754,0.002121350887142345,0.0035138098793706892,0.007360768183387191,0.0,0.0046467163641487055,0.0043820204928694114,0.0026325244188433986,0.0019019534124674344,0.0013135425038611134,0.0004632629141967745
2.8382352941176467,0.03582955906617587,0.0771277328810376,0.03486740260974228,0.0135682403995727,0.009217465087694296,0.0,0.005640661931361743,0.004078413741869248,0.0031207233530379866,0.015804497580843666,0.010483105806661579,0.015597891155248789,0.0,0.033558586464188585,0.014331860630849458,0.03945405422501845,0.012740137380473016,0.011070485414555558,0.0034167060304456354,0.0,0.003039442111095905,0.0022104146309539553,0.0027114945770019367,0.004321171947042094,0.0016279487587916837,0.0,0.000379530728562075,0.0007989928407778976,0.0012779640498334077,0.00273302389556047,0.004507363283388712,0.003626917138722232,0.0,0.003223214790869002,0.0013220855629718844,0.000585845725224566,0.0022589823456127547,0.0019972373226949734,0.0008884427852278487,0.0,0.001418051792442082,0.002220556203232634,0.0023492884848564585,0.0012435405943151327,0.001356212863620539,0.002203571422589593
2.852941176470588,0.04370108459292486,0.07987281320000314,0.10398678973163111,0.04173071113739378,0.010753859410659832,0.0,0.00824245233431615,0.008534994413223775,0.0068759067072180794,0.015168989488988798,0.024329542543613095,0.05663786929307371,0.0,0.08253654748432344,0.0616786801697342,0.005927989778342033,0.0261330458098967,0.030338679359990045,0.005729007333171233,0.0,0.0026457192651764216,0.0022141377967685666,0.0008820713119877042,0.001974116822060723,0.0030958350914566633,0.0,0.0013589666402465997,0.0011016227415594894,0.000732289340071046,0.001416444634164648,0.0017167937765932507,0.001220260240927112,0.0,0.0003936892950208655,0.0008898796691072835,0.0017745658268607024,0.003053476031026626,0.003473803137740209,0.0034543652600504487,0.0,0.0028840731116475315,0.0011841830477862312,0.0014989332713804086,0.002248062557906622,0.0013236949572591728,0.0006764102137150993
2.867647058823529,0.04474990755889635,0.04967501276238484,0.03057889249036037,0.014448524326684638,0.009000365581865111,0.0,0.009920668305364977,0.010591936668468853,0.01462929586182265,0.02228469536980201,0.023964910206635697,0.014832640259565006,0.0,0.002796249687990646,0.027291008966506252,0.031771903725946946,0.008028735545791525,0.013942741416415248,0.009818997179461414,0.0,0.0011735421779389842,0.001542527068453921,0.0014992884167348345,0.0015316269100255886,0.002492995103709603,0.0,0.0016071110382716901,0.001877277049902397,0.0019126543739175993,0.0020753002100578175,0.0014024291985908302,0.00046594720782553963,0.0,0.0018133458260608378,0.0029321386356185395,0.0014409668580330388,0.001533577281039908,0.0012993613753931232,0.0008896527474835348,0.0,0.001322206099672314,0.000777930693427463,0.0009393488591767911,0.0013605336000478397,0.001060342897855537,0.000869783514603672
2.8823529411764706,0.04873444177596454,0.034628674462694735,0.007509470554799459,0.0034137443543869944,0.005680675498186109,0.0,0.00660676479800122,0.005332091827305036,0.0045709501547832885,0.004974976272975958,0.014372702481505684,0.06012062910310664,0.0,0.07635048047752428,0.018247312835030106,0.017091342981182627,0.001996751861225752,0.0046248035851046134,0.004131755056102604,0.0,0.0033082841157369867,0.001215241642851786,0.00045007087249894766,0.0008894345949131894,0.0011142046611820671,0.0,0.0009373929008537291,0.0013203654047780706,0.0027573295091682225,0.0021392679632696206,0.0023200230951534234,0.002269686338072975,0.0,0.001366228044139579,0.001233040228558292,0.0010130095911442258,0.0016761897654482233,0.0009667799495295435,0.0008031739528349594,0.0,0.0002683441988053475,0.0009679827925805743,0.0009655272433500143,0.0005511938111324194,0.0010550431966892234,0.0012884157979026244
2.8970588235294117,0.1186322308224374,0.0646968436356503,0.04539595387275299,0.007813746638069923,0.004802911779211029,0.0,0.002841238070119503,0.0087008491603983,0.007370509141123251,0.008453508349243933,0.010591638773519945,0.030915264649984585,0.0,0.02706275010868824,0.004303571695090432,0.001026056279842428,0.005886612986998264,0.006925333570658665,0.005615344895907944,0.0,0.0048531816785776566,0.005411018918525991,0.0024386431059125373,0.0015507020157900057,0.0022971970231152375,0.0,0.002264769772552282,0.0020999931913982623,0.005095024989511239,0.0026248254993788186,0.0003193071493094237,0.0013516058820764664,0.0,0.0013453657031646622,0.0013300821949789605,0.0024695446909203706,0.0009788946752985128,0.0029682520352007843,0.0025834440054866878,0.0,0.00237082152943577,0.001812284967976939,0.001129361062329564,0.0010278081330157207,0.0018464646065170082,0.0021569521937058215
2.911764705882353,0.04958318461542739,0.04992841611164762,0.043019268567917546,0.016404129173782384,0.005172366110931352,0.0,0.0028928839411741943,0.0037624381037225287,0.0101254816556413,0.006583791990784652,0.0008843762567077878,0.0192558394449931,0.0,0.06604209078135408,0.046196029596988784,0.010627671978641971,0.007537372085038697,0.0050789402132437236,0.0012696640781330415,0.0,0.0029029054677258024,0.0033439971189744974,0.0020207544111673515,0.0011735796208242207,0.0012615033842216985,0.0,0.001607977502055697,0.002795390475920583,0.0026116811502116108,0.0024126368764135287,0.004220507706514533,0.0012087668554603389,0.0,0.0019275661699061774,0.0030560160693440365,0.0027160190132499594,0.0014178114398009107,0.0011833640161732586,0.001078026657547501,0.0,0.002011445456007325,0.001912236066523412,0.0013326517082379594,0.0006810620790868361,0.000523297872025916,0.002161059957869289
2.926470588235294,0.019677506757653593,0.012779582751820083,0.024695223200933567,0.019047728122400832,0.016689821336521977,0.0,0.015249779973407183,0.016003092009409185,0.010413160473235199,0.01091222801440566,0.006988662499083458,0.013153447649110287,0.0,0.0754764139414074,0.06046682656881537,0.06744574728043722,0.01692779081927449,0.005475032444085371,0.0075595271576906296,0.0,0.002536014858207011,0.0011669402594556184,0.0009702119974487074,0.002080741808830908,0.001991402468676406,0.0,0.00030452904593345154,0.0024889936594219802,0.0038487873220678995,0.0034908887448565082,0.0035457091433859066,0.0019714788457828184,0.0,0.0019241022051047132,0.0007091024516978237,0.001060729281066952,0.0011186425101249208,0.0019160770425323032,0.002246912899110735,0.0,0.002488838487508501,0.0016179203982190683,0.002929187295914942,0.00204284434675471,0.0011227815774620875,0.0024133657186962863
2.941176470588235,0.05505702373898627,0.037835920040909216,0.041897903422512275,0.02098516469377742,0.007845309274899834,0.0,0.005801721641883872,0.008275931080629769,0.014894729933337573,0.00796601274199707,0.024549019423405233,0.03540183413089336,0.0,0.073386401650861,0.07360569747978268,0.00627965271328392,0.004124090686366893,0.0018588908190712448,0.0009224942215885207,0.0,0.001339402982246224,0.0023959435095992038,0.001738268124070351,0.0008744027284891089,0.001400761025308455,0.0,0.001450600615480506,0.001907811563891415,0.0018541102569226689,0.005076511235006411,0.004281430601371766,0.0023651558173599825,0.0,0.0021937394905220692,0.002860054391407128,0.0013315676125466908,0.0021510256053850043,0.0019402004674603497,0.0029554807114240368,0.0,0.001651757813402025,0.0005012401788613897,0.0007393914665255233,0.0025470725512593065,0.0031034589408463426,0.0030204934539681265
2.955882352941176,0.04723695454932549,0.022680972070618886,0.013705560914646564,0.011560268072587379,0.007116433540920985,0.0,0.00943154671449903,0.005265755660712816,0.002444974823260147,0.016946459448247884,0.050117297998586365,0.017227807469690007,0.0,0.01449573107952276,0.008153825243284231,0.018023048559013544,0.016116931099180585,0.0038584576822433938,0.0018361828136873974,0.0,0.0029347124653924033,0.0016930056586193212,0.0027727357750977418,0.003952915170252121,0.0021049697176961893,0.0,0.0029062565889450154,0.0015378681899868624,0.00161448648505897,0.0035466213539426033,0.004837293055898138,0.0037724953055852132,0.0,0.004791990487072508,0.00379820734280334,0.0035051245310951887,0.0024202951157923157,0.002337922563881582,0.000648974512335716,0.0,0.00022135042005016713,0.0010833719123639928,0.001986887909321059,0.00476867480078607,0.003720976955830525,0.0011081337406183879
2.9705882352941178,0.06243764934506679,0.032168516656534994,0.019110911953172605,0.003991054743385638,0.007818217010075894,0.0,0.009391316984603314,0.01836278563630546,0.0067590848099337185,0.014757233485329481,0.018681288751613064,0.02579733109279359,0.0,0.05875643809280544,0.04827367111504085,0.010721146737333462,0.003532434645615525,0.0026237034977930167,0.0017721285711321277,0.0,0.0010837556541496442,0.0022680042646805133,0.002322707901334201,0.00013013060111172214,0.0029621481418260435,0.0,0.0055642656051091005,0.0034160030007000936,0.0019473535777632103,0.0033287879477965536,0.002618902077141629,0.00375118430754789,0.0,0.002747888331503587,0.0026752859482186957,0.0007539105915620113,0.00042128877557161997,0.0016085993974288052,0.0010994920557303284,0.0,0.0014133756248288739,0.0010589803696630807,0.0014034343429581634,0.001960087892081052,0.0009722599045739063,0.0008859342600054869
2.985294117647059,0.07115674647765508,0.028407610778501277,0.019507913994617026,0.02125638496655087,0.010641956451777556,0.0,0.007878950909712102,0.0035200061969208477,0.009543477952163823,0.010114181034071296,0.008569584992441549,0.02292190436101128,0.0,0.04277888233642747,0.037436375827942944,0.00189938179958657,0.0063434094681541495,0.004282264233953325,0.0037272311573087946,0.0,0.004331692216679468,0.002489317198622019,0.0015803826583965165,0.001903515397564667,0.0021578175224386776,0.0,0.0012914001373123326,0.0027671000447723917,0.0027682815359345064,0.0022318729370328686,0.0011434959120516285,0.002936279326508019,0.0,0.004952936604767073,0.0023741935157575366,0.0014246987029260777,0.0013073397979959979,0.0018754437678075288,0.0017524028897084008,0.0,0.002980163032233376,0.0017392801324077865,0.0011859761302388603,0.0013546744605044466,0.001923172829806524,0.003235726003360708
3.0,0.09479219475316035,0.042979027014923746,0.03472186512438077,0.018886660540063476,0.015278894109889855,0.0,0.009720869221142368,0.006362842432365995,0.011511783602213789,0.01240691600584764,0.004542099799022661,0.01850333334664884,0.0,0.011871199748713087,0.0792658001997242,0.02040663738650441,0.006830268673963752,0.008333747044256856,0.0027653874762285048,0.0,0.001287661786469282,0.002875207438175084,0.0022528099979576615,0.00294538652193534,0.0026432919538959005,0.0,0.0011198453225508916,0.0007496142967590896,0.0013974933442854039,0.0022881342889215085,0.001549385944223046,0.000826904131535042,0.0,0.0014194732290946015,0.003480696202701215,0.002270762315612494,0.0013478815427514698,0.0011780608951613154,0.0010966054376536005,0.0,0.0011478794578228234,0.0019421917685838045,0.0036771930099812095,0.00182056656584321,0.0010509231046634418,0.0019738422337581916
3.014705882352941,0.069563140730442,0.03608974800856372,0.02838489909185163,0.006328079952626376,0.0074992495299583085,0.0,0.005747915780866299,0.014802932261254603,0.019617622395666043,0.008795217559191866,0.007201836830601195,0.05970852196395031,0.0,0.16414540023306806,0.0666867642610528,0.05988595417726869,0.029868534085650805,0.004994937764452663,0.006465237714888515,0.0,0.005020566488551092,0.0030581330124656242,0.00281604806168918,0.000762989095341773,0.0002191574653566714,0.0,0.0017320012857478574,0.0016358074136100286,0.001795793824457295,0.0035720963704853766,0.0034907299884392525,0.0035168281184945888,0.0,0.004580261091028744,0.0027391780251961326,0.0017011687871628827,0.0014057404673925352,0.0009676231908420209,0.0006197277966339736,0.0,0.001355462928685719,0.0015705920248972685,0.0021765900056436274,0.003277546102863679,0.0030159398982337283,0.0014879433632320178
3.0294117647058822,0.09261069017545767,0.027685889494690984,0.02001220521077786,0.0032843916705189557,0.006703879151690907,0.0,0.00977923367561477,0.0023890638395120825,0.014421723110270573,0.01226854055787844,0.016749391955852917,0.011049096734891236,0.0,0.06713661865657447,0.046606025839798323,0.004589167360030911,0.0063912099186248066,0.006540842400172073,0.0030558366590193544,0.0,0.006771721633328185,0.004203161815902071,0.004395626599761294,0.002174845081357034,0.0017553283931563694,0.0,0.0012601081269808672,0.002985011659088279,0.0026739082307522515,0.0016674049550965582,0.002253649825351326,0.0015977597832840188,0.0,0.0025823682194788837,0.0025035091497902827,0.0019372394744128455,0.0030596205566743224,0.0045280129859456945,0.0017174138215625917,0.0,0.0007352851134038757,0.0023700663015386284,0.0022297061102966166,0.0010101037436680172,0.0006042547632686465,0.001057094107441738
3.0441176470588234,0.11204601928615399,0.034536669201565305,0.019771385629660448,0.010175386594263348,0.008000758439949202,0.0,0.010390681414649685,0.008437222146432975,0.008357236991814235,0.01015533717523911,0.006705842207202502,0.020321095719249595,0.0,0.023877361761461463,0.05506089125100408,0.055960736859143524,0.03958217418195399,0.009663745115638417,0.0021543045757364183,0.0,0.002688302136006862,0.002921862320762095,0.0019117586087039863,0.0048584887193394675,0.005355189798906705,0.0,0.0010572331977886983,0.0023253810742472738,0.0023835772918216007,0.0022222225023740467,0.002079748796088512,0.0013743939803714305,0.0,0.0018158162030072027,0.0025688784699974964,0.0029177222018193162,0.001890954941757551,0.0031090778866677076,0.0013389441601642045,0.0,0.000486299482015142,0.002257539158080157,0.0029150581539380605,0.002902397385986785,0.001445184880927623,0.001833794437130371
3.0588235294117645,0.04228399267547164,0.020908384459146036,0.008308998461466401,0.005627013815011549,0.013146400226235169,0.0,0.006977156036068073,0.0023332637013946233,0.006346154306660683,0.01578585428630406,0.031649242445115654,0.036269709571861625,0.0,0.028341148974858697,0.008561754637263132,0.008575378358416963,0.020522896288948607,0.005722150807483911,0.002397086757415523,0.0,0.0032541444072775624,0.003024009877441538,0.0029814873154915527,0.0013959445736053304,0.0016600948331887252,0.0,0.0010072825705389214,0.00131929810724761,0.0014955640998196617,0.0017300960291565892,0.0010725031881423177,0.001809596970691099,0.0,0.0021829091853208505,0.0019824560858812475,0.001409874212795632,0.0011679570664190533,0.001340170967638358,0.0020457471099590706,0.0,0.0012128287127650217,0.001975048061689881,0.0008639499328107788,0.0016959284682678674,0.0017200282593661305,0.0013028030768553638
3.0735294117647056,0.1168812713648221,0.03473749373903781,0.007050063429272068,0.010260755821252915,0.017256970904068407,0.0,0.007893212463181537,0.007750948075143725,0.01940858550064888,0.03679684896190981,0.03316163357232088,0.008669387756293764,0.0,0.00575984206578585,0.009350842452619476,0.010743022857122373,0.00868414768782435,0.0028542348542857166,0.0023819741150733036,0.0,0.004990757658966823,0.0026179512516999286,0.0012965758796547138,0.0009864509889623311,0.00116977034255729,0.0,0.002239059296863934,0.003438443384461811,0.0029520445493167943,0.0014598829792912367,0.002016001865188783,0.0011483832090764868,0.0,0.0019260167302025952,0.0021224581773876443,0.0005339599738336126,0.0024151524567931023,0.0019438458442482673,0.002434649863487407,0.0,0.004523686049449241,0.0014850205044983633,0.000779383673269849,0.0019477121957828013,0.0016860009197325436,0.0003976878833274588
3.0882352941176467,0.04596137213972841,0.04359530254472822,0.02331083351862192,0.00627535856776975,0.021120276049983854,0.0,0.009430045998010061,0.003802881460476712,0.00415321480390513,0.01001472756393542,0.016315008486383717,0.015283466344609066,0.0,0.013085855750585382,0.020412692954959264,0.011863618368450842,0.018146752550842506,0.003178933352524774,0.0016981636832356952,0.0,0.000996416778663131,0.0006219821123681888,0.0005514096584996175,0.0011036140115927677,0.002756339041009691,0.0,0.0006363645378268278,0.000446166897722417,0.0010395417703752126,0.0016010158053464563,0.0013910244627519833,0.0009040625444631983,0.0,0.004925647574666511,0.0036403219895827705,0.0007344917750448281,0.003062258648935041,0.0031373055309558756,0.0025660926209334486,0.0,0.0038474875735035234,0.0014054631931467746,0.001394352414059773,0.0006081104648729331,0.0011288773327904884,0.00038230387318302324
3.102941176470588,0.07978129666115161,0.026525451973035734,0.007139307191602688,0.004968383932485855,0.019018548638291218,0.0,0.009200904833436621,0.006037299792571209,0.011420417600540418,0.008928115973132188,0.019451784693243806,0.014708427563725496,0.0,0.008039732174425756,0.016027183623642024,0.019664533022528984,0.012521329164394484,0.010587551276319633,0.005217071552244141,0.0,0.0036721946384939575,0.0019512371250405278,0.0021335466311034135,0.001656736243959868,0.0006337184140627599,0.0,0.0010607994725934248,0.0015820112015261286,0.0023205483091217347,0.002403424379299814,0.0022852518305534423,0.0010969673663804155,0.0,0.0018868516429723348,0.0011519332963689183,0.0029003749163135292,0.002064507468453475,0.0017315169395226507,0.0020386353198087615,0.0,0.0015381550185970929,0.001985583477890002,0.002079039096652626,0.0006218110505689236,0.0008877713584940027,0.001089876864191191
3.11764705882353,0.037068786562299165,0.04921971094789131,0.05575043786925796,0.02045539952671821,0.019159824772225338,0.0,0.00979368765633511,0.01570467477721158,0.028861224928864497,0.020120469413332395,0.007090565270992952,0.013137155993463663,0.0,0.07824620225113668,0.12438552551660415,0.07069078344801243,0.008905132926136743,0.016965931208084407,0.021546664536319773,0.0,0.0033423430623278736,0.005230382449667517,0.005403162185518229,0.005338936551001202,0.0010905876855916402,0.0,0.0027922135484404545,0.0025170432192055656,0.0028444694985744383,0.004235661420505629,0.0027592131313831166,0.0030261505551363115,0.0,0.003093083841815039,0.0013808306671435446,0.0012234734102975378,0.0009365905809696991,0.000834880215607159,0.0005292805837474289,0.0,0.0009855099256518961,0.0033439568220504064,0.0030577661936270445,0.0008264225820043572,0.0015481655017286467,0.0018873520505675622
3.132352941176471,0.09120016048011975,0.05294930433794787,0.04043451156878155,0.014575369659034805,0.006210510904264047,0.0,0.015084369850943679,0.00911291397837268,0.004416656037421945,0.007504487559344724,0.007738299842940878,0.03627864125241585,0.0,0.0338212334378732,0.01810742041245742,0.02372353834347507,0.01543727326576547,0.015279995262949278,0.0009214595194080198,0.0,0.0013353567186830456,0.0030603573023632127,0.00395487096514755,0.0025384717648011057,0.001549542015371236,0.0,0.0019401471202456252,0.0019379394942220982,0.0016884154529139093,0.0016905150827520347,0.0022022956456828153,0.002087591969585684,0.0,0.0011876603940017471,0.0012196396511166344,0.002065137674246906,0.0012825468071268544,0.0008199527859572883,0.0008265069653257146,0.0,0.0008974290307604232,0.0014902424950505658,0.001667817421062134,0.0018736048730479556,0.0030102671822298823,0.0015890478798815878
3.147058823529412,0.0903228331182418,0.0098405455755519,0.01635319665482265,0.019631850167888164,0.01569184674554968,0.0,0.015411845389659163,0.00866298096818409,0.0038492475553829892,0.006218011493546248,0.005475668068678963,0.006199384746066487,0.0,0.001569621569307575,0.0030249931908070274,0.006599123015840888,0.01790587052253307,0.001277187879052599,0.003030709859751001,0.0,0.002577052291007993,0.0011336990030869996,0.0022987148160436496,0.0011202680699627682,0.00042247779600766645,0.0,0.00165040981404451,0.0019561305305101475,0.001286201682755723,0.002382380933530739,0.002080778656087633,0.0019391765669040393,0.0,0.0029606797227544135,0.002921919946590609,0.0016860729644000818,0.00048561531921200574,0.00030042416902470383,0.002389324092881088,0.0,0.004410973265043833,0.004459194041973043,0.002560757618880466,0.0011271939108919832,0.0017889463836563942,0.0024213875638583885
3.1617647058823533,0.12157101972390043,0.027430219113146043,0.01656058881451405,0.01071267456377865,0.007959896589028341,0.0,0.004613454232978985,0.008651214536820318,0.00675264492513312,0.006506812529166964,0.026672343372934088,0.025410679271382255,0.0,0.020670240256269116,0.0475679853450189,0.07094872496559199,0.05467532467701747,0.022467390504994637,0.0009966671525318443,0.0,0.0014984740084250884,0.0021299519027702424,0.002319892252094992,0.002195567641352765,0.0005479984430993419,0.0,0.001202689996626964,0.003584792639127723,0.0023502233214404544,0.0023837620591950523,0.005311862453795279,0.003121480572077751,0.0,0.002048067464633197,0.0022544815349103257,0.003916390090019409,0.0007188015972788818,0.0012044085563996981,0.0012730191314238542,0.0,0.001436646704573694,0.0009934451168927012,0.0007139737568319744,0.0004735565025536713,0.0010779767798916493,0.0009109109816713582
3.1764705882352944,0.03820011231573595,0.05312907630161056,0.038763871492044,0.004985140099743841,0.0057373193958383,0.0,0.01496335046333526,0.014685893633563716,0.006686420998237866,0.014833363709794246,0.029584169276517948,0.008082573423375105,0.0,0.006521707151240369,0.014091697600476046,0.006247414328613467,0.022726243438008997,0.016836463326693384,0.010196389524202947,0.0,0.0041909492655077445,0.0016317238072013386,0.0014194079718081655,0.0036449195786072003,0.0026760903311803816,0.0,0.0026664625869096247,0.0028372237064288,0.0025958417279866365,0.0014151629147458817,0.0022491357650491553,0.0013881920244553179,0.0,0.002149221163056012,0.0007785849036899929,0.0010454731855448897,0.0004137893841898092,0.0006527375330999512,0.002629605445245822,0.0,0.0022608286354909644,0.0010352650896501686,0.00033712212061689476,0.0013247227336243722,0.0015257412082254852,0.0009085208799129363
3.1911764705882355,0.29558537496135506,0.058927137428224245,0.02014914788884218,0.014342131914641437,0.017587260185101542,0.0,0.009344878347051347,0.004236347675612817,0.00409559362770054,0.006283626632296876,0.042024938149336596,0.08689992103975215,0.0,0.17636138825866637,0.24703733615626286,0.16811922534066479,0.023292012927765404,0.003437940675843443,0.0028579306037550913,0.0,0.002369096761190963,0.0011484606951946597,0.0022501691156721366,0.0038798067944154245,0.0018592990557937236,0.0,0.00100565446472284,0.0009102011250524107,0.0014174070765953493,0.0010863456789028242,0.0026952714148095287,0.0022034032335747564,0.0,0.001154570227794909,0.001871696960806957,0.0007334167761734906,0.0018175353683407384,0.0031033763001938964,0.0014777592531085141,0.0,0.0016609688038867702,0.0028346702386729252,0.0011504631171947704,0.0010115170058506357,0.0009609236414043847,0.0005126531034141557
3.2058823529411766,0.10352963519591886,0.025611149601482558,0.01856402868454769,0.006808598644075979,0.007264185419330759,0.0,0.00925105544562524,0.0032536598270811157,0.011541365732057404,0.02293944851590981,0.013757317954761157,0.00830288082709539,0.0,0.011739729040479522,0.04163879740450889,0.03246359552519443,0.011162126619331015,0.00835583367688638,0.005057777470812925,0.0,0.0015364467833482074,0.0012996331927533915,0.0008058217390703628,0.002193442001247169,0.002864399033104632,0.0,0.0023612848664583096,0.00041000304743976694,0.0006527800417552084,0.0018622615813343544,0.0024378159109048935,0.0023492048813367034,0.0,0.0015146610133005413,0.001526544119433881,0.003243063578583659,0.004084543278481651,0.002259202846942965,0.0005274350168611465,0.0,0.00035021158226818214,0.0005969782128192888,0.000945806648878356,0.0012899192263451438,0.0011183057764995077,0.0005856611740133678
3.2205882352941178,0.0849621384320936,0.06892028230151478,0.019187300259852942,0.007591129697624153,0.004323706776800341,0.0,0.007102069311711088,0.016594085956782873,0.017277879610678,0.03322070538647118,0.038119841047942915,0.020988801907980487,0.0,0.036328558375854914,0.044179403215437105,0.05218811499042432,0.030378220113370116,0.008456621011629951,0.0031051865830030705,0.0,0.001553546824027975,0.0027559143107089195,0.0029030333220612958,0.0008920610313766051,0.003625068927225251,0.0,0.002546573984949214,0.0010744739945726715,0.001432517365497904,0.00048826465404225707,0.00040742991928710207,0.0014902012855390458,0.0,0.0006669157744275843,0.0017942550230161604,0.0016792159700405353,0.0015935945410712714,0.0005894807570728372,0.0008746363871662388,0.0,0.0016722993830365436,0.0012634590099383134,0.0008194780751241456,0.0004494280419368659,0.0005636398436452098,0.0021207778363467353
3.235294117647059,0.1557234803420034,0.03350167838918531,0.01081881826441397,0.013646081230522546,0.014979771438780397,0.0,0.0074189898409402905,0.0035702235801899685,0.0023885176983596454,0.004116491142612285,0.007559446169546711,0.0022602648883236812,0.0,0.011444043153713347,0.010460233406498185,0.005662302882945252,0.007946373078886342,0.0015996036195025903,0.0050588410697019505,0.0,0.0036835370581018026,0.001488288744713216,0.0006593439622019864,0.0005373000441184438,0.0009980666480288614,0.0,0.0015773543840860056,0.0020000475298590026,0.002079974192277528,0.0023372066710300645,0.0027420669258297246,0.0014140826358316632,0.0,0.0008911957634113248,0.0018326806801469437,0.002705770301402479,0.0013523962354157926,0.0020133147620729533,0.0014774545811346322,0.0,0.0029101628608106745,0.0019518829523907863,0.000577789907097107,0.0024511418093443923,0.0025738954759130387,0.0018260786266479884
3.25,0.07143634843315308,0.06367384140544755,0.01999274309461671,0.011317518700947857,0.002699341659054442,0.0,0.006802784804212642,0.005701892707816069,0.003665983087405616,0.009594156661337583,0.033820100169489525,0.017152280857012214,0.0,0.01894527856326069,0.04319996246284411,0.015436812152817482,0.006107923877786669,0.007434044902489986,0.0010652944402358274,0.0,0.0037579059838818325,0.004587330421040007,0.0018732558766132643,0.0006564445503088631,0.0014119629979276018,0.0,0.00127485333165017,0.001171457733292744,0.003521433894226168,0.0030719312724360502,0.0006515956129268161,0.0022413262456671967,0.0,0.00199948900830818,0.002482415222628758,0.0023295528543861247,0.0014506606096227365,0.002329437608672384,0.00192960690782069,0.0,0.0019420851202947068,0.000887091560048138,0.0016972477532284005,0.0017504567871515805,0.0010370326880390602,0.00041485840512836986
3.264705882352941,0.06817229638934287,0.0986748480201263,0.04130069165701175,0.00339957845790716,0.006058022181208692,0.0,0.007280741788375289,0.007268388846893181,0.007326076247579461,0.03201895897893382,0.07981439639771953,0.02045052102320686,0.0,0.01677170978156263,0.038125998149409535,0.03559116431775641,0.012181191812804148,0.00046304092857367353,0.0006669591864584433,0.0,0.001955377471471213,0.001960235939210273,0.0017299165591128207,0.003299668527362159,0.004974770423639919,0.0,0.0031485937780327527,0.0028129802695506714,0.002444411958865953,0.002998492786129617,0.0030830326285457574,0.0027662904485852794,0.0,0.002588982146305502,0.002292746719644958,0.0022068981572751093,0.003469880737707488,0.0017909519358760419,0.0017355753863864069,0.0,0.0031143008651568116,0.003613776443451899,0.0013888272160413222,0.0015317480032778544,0.0009512921199466137,0.0009716771177020941
3.2794117647058822,0.09580836433589734,0.020639478244107848,0.019706443453067192,0.009561365018549664,0.006907195584797691,0.0,0.007504785652717883,0.005215642989088543,0.004279375673991489,0.005865634226854354,0.004227066738831061,0.013718378715509445,0.0,0.04169085125731747,0.03328065348054188,0.017147033939014712,0.017096589958499407,0.011262086140910793,0.0026069891438103418,0.0,0.002600237958781272,0.0018707408542255422,0.0035832097979706713,0.004458953797224491,0.0030798158161551865,0.0,0.0019854608373117573,0.002452182532470682,0.002518607341328768,0.00288571414673429,0.001190111737045655,0.001205618501272703,0.0,0.0004669309436490499,0.002314664981849167,0.005679645866641076,0.002441630615320979,0.0024624199934122227,0.002416967437421292,0.0,0.001946304181738922,0.002000365284879771,0.0016745535066193162,0.0014739527645818247,0.0009552724754007837,0.0005224668644325687
3.294117647058824,0.041338429785600594,0.03151640195399398,0.018787573843020038,0.022559290634321997,0.0033796972943557738,0.0,0.006311276609876484,0.004149185702382757,0.002002446209674621,0.0010778201869076113,0.004535055443069611,0.0027617853667126937,0.0,0.028887938683468915,0.021639965115806223,0.005842927274913724,0.00919343208306487,0.006988725791320118,0.003532781260082179,0.0,0.003951990415956496,0.0031047147134000736,0.0013346115979227303,0.00205042261616164,0.0017541772819824972,0.0,0.0017160530342451158,0.0020118645025459167,0.0010771073311133205,0.0004789313029067055,0.0008096376316295825,0.0017086445649420552,0.0,0.001897160317058361,0.002473258648858647,0.0007186284527517701,0.0005302637284203835,0.0017371150574228417,0.0015703355931425914,0.0,0.0017425884172868596,0.0023329188129511034,0.0014627434121252721,0.0012023639424122384,0.00048161152393866677,0.0008783660702250842
3.308823529411765,0.022607245306277134,0.050879334269762114,0.033287374598993655,0.03797966226907201,0.015803146283538478,0.0,0.005693339143383602,0.0054878992789312315,0.008478519100607006,0.020523279044295538,0.024082184402257727,0.009013827938879285,0.0,0.06479279014807902,0.11882684794294097,0.03829896344933212,0.006843348087111886,0.012743921802708886,0.008459225539645596,0.0,0.004820695872875222,0.0014821668901559928,0.004406474336774346,0.0023248543377129005,0.0016880329582020924,0.0,0.0037998454476742107,0.0014084165682384038,0.0009179683559685678,0.0011290672726830895,0.0020197712771873374,0.0015599918659318806,0.0,0.0009787328556809906,0.0023880688678856307,0.0008025804735878215,0.0006955862179001948,0.0007371787019358386,0.0007218738689028818,0.0,0.0005218931708529402,0.00043005803037214765,0.00033491821996987453,0.0013584679167507154,0.004422159533999735,0.0034841431648893035
3.323529411764706,0.0945177143857304,0.042562285956334704,0.01681122967356488,0.0028725226367697595,0.009702962348517481,0.0,0.009211481426308425,0.008596943969185528,0.002040896990767145,0.010598102978132077,0.02059899884058037,0.021056009305220925,0.0,0.0058581532261582255,0.03307427184507111,0.027834665821045483,0.018866297611298814,0.008011328713339453,0.0036941008972027024,0.0,0.00478674180362651,0.0035434582402837558,0.0027526795808704746,0.0025391451698169856,0.001964167390170794,0.0,0.0009329996554504469,0.0011074339972191201,0.0009307483466522977,0.0017678606917424853,0.0012584873797498515,0.001026952829949765,0.0,0.0008465985326803202,0.002440558184133158,0.002925530653098517,0.0012964283521258411,0.0010499638555393897,0.0011961201363290346,0.0,0.001290897525726141,0.0019384406426435673,0.001735442883721315,0.0014643657878910092,0.0012321764274121718,0.000865631280320436
3.338235294117647,0.02214389187109673,0.023870335540174727,0.03980878073064385,0.011799958971663815,0.007942458184906222,0.0,0.004187448931023928,0.006447899804062613,0.009744647855353929,0.002285277629619061,0.016429655211016327,0.006052783338736697,0.0,0.00914385489091951,0.025244080800253095,0.04983040089744766,0.014788397824095493,0.0023861975297070495,0.0045903812178006405,0.0,0.003481852874576756,0.0033166554834122507,0.0031342258645630995,0.0013179103157012052,0.0006523871469024211,0.0,0.0012477403597740055,0.0009364465909890641,0.0011387769672370558,0.0007023849837883983,0.0006149010221293634,0.0017155689914395051,0.0,0.0015197984971239903,0.00111171087202125,0.0022956052284003273,0.0017695523375038714,0.0005494352519900866,0.003262877530707728,0.0,0.0037681024280065553,0.002501536531497893,0.0020095942397740972,0.003228201354910665,0.0016356300299064123,0.000271304051860681
3.3529411764705883,0.09612322428431483,0.0500157815283255,0.04611597876772653,0.010020470915528339,0.008060839852824048,0.0,0.006890575842716575,0.01304336424724339,0.010216313441399843,0.007983896681206748,0.04591969747159981,0.06058650614138,0.0,0.0282946474646294,0.016110558435546374,0.01552651280354965,0.012007470501188638,0.0017319822776755119,0.0019940300987958044,0.0,0.0016085841162665623,0.0015487943063698505,0.003321248865545761,0.001409745666904509,0.0010821668883204776,0.0,0.0011465121739094308,0.0007189487711386491,0.0008098490561624408,0.002778522011087958,0.0022422170173963633,0.0017113670704269471,0.0,0.0018702695221559477,0.001969539326404514,0.0011395929224953562,0.0006435123593980801,0.0008001341726065908,0.0011215836654966365,0.0,0.0011016580244692764,0.0024328979675293633,0.0021237794204990936,0.002387482076918417,0.0008565246950141055,0.0006880382027690036
3.3676470588235294,0.10379658823508366,0.04381908106849896,0.009154598066658977,0.02467073115484554,0.024340569003686793,0.0,0.00508694064141308,0.009327040819279585,0.025143493768654483,0.03237637832205409,0.004790168845214882,0.005885029301039093,0.0,0.02369592739438136,0.05970696048258778,0.0071807675692859944,0.006939557692494921,0.009307885610068003,0.005684764037037089,0.0,0.0008257463199798712,0.0034394104308764018,0.004107101724445266,0.004678588944544437,0.0021401355503619717,0.0,0.0011486887064548618,0.0018493705269683096,0.0018355658390844583,0.003010645436063628,0.004897615353141297,0.0035441863572018223,0.0,0.0027234797479431328,0.002148274899623202,0.0026644658015027092,0.0017955442438508723,0.001002746387735123,0.001747690972799087,0.0,0.0007733229771088206,0.0006037920623057801,0.0007339654238764487,0.0010927819010440969,0.0008908177619396785,0.001587753569556554
3.3823529411764706,0.01684842243453004,0.024240978347521695,0.021473417854875575,0.018134583525846806,0.007123653281720431,0.0,0.0030243467400082776,0.0032353882867697963,0.006774312287662681,0.0034152662455303037,0.017609328890467173,0.0024493069496893754,0.0,0.011934914890873116,0.04692386668330388,0.027556612453031735,0.013630402846291157,0.006192268117042256,0.0019327936979591617,0.0,0.004892631315747138,0.0026421413950471367,0.00263551286426979,0.0017026993257618819,0.002519961141506136,0.0,0.003803696687429237,0.0021509788354650257,0.0016100494344727001,0.001681920072508691,0.0013097275433121417,0.0003006272693471011,0.0,0.0003685936346726704,0.00046444842850119135,0.0005667522081044837,0.001547861163569305,0.0026179104104414354,0.0005885817040469798,0.0,0.0013834974932873192,0.0047205118982249095,0.005083433243369711,0.003067593053483221,0.0011178652083382319,0.002566946014923188
3.3970588235294117,0.06437952973361534,0.08117328048556342,0.04994818226139741,0.005260948132222292,0.010217133944982373,0.0,0.006084313458841692,0.009126345990113338,0.007028886848934257,0.008230714778775725,0.02330768758051216,0.03714225328152623,0.0,0.05861091537734349,0.08618405478190713,0.06920866480633711,0.03331179695138956,0.009405723290246474,0.00046332137838076654,0.0,0.002917799908508044,0.004041781480888363,0.00217105787777583,0.0015118633627516755,0.0014016191085962394,0.0,0.001946595883293528,0.0025800358148993833,0.0035914550479898555,0.002320896304265444,0.0005416638625050749,0.0012529079409607225,0.0,0.0014900491009893163,0.001715087355607722,0.0011578470924280724,0.0018322251095676347,0.002441245404395184,0.0023306082236296015,0.0,0.0025771408134416538,0.0010267305720784113,0.0009609663272525433,0.002058715482975344,0.001481530949564745,0.00334781484796915
3.411764705882353,0.15366331937766223,0.02501408474372645,0.02095744239687446,0.007027947156547409,0.008513472643271654,0.0,0.010077664581010132,0.00928649384628849,0.004639674778144247,0.009230577317610553,0.009693714041539223,0.006862870337495807,0.0,0.001239748444758472,0.007750040538157277,0.008844813383877503,0.008073115571220684,0.006953829622470743,0.005713131298332597,0.0,0.0019888653850194675,0.0008433521487649138,0.0018745158394402092,0.002172358672356654,0.0029821121251544865,0.0,0.0019724409608891974,0.003075961750911415,0.004712841715384537,0.004705546077739886,0.0026876697099956458,0.0015359146363971142,0.0,0.0012170504395058884,0.0013803190872033514,0.0006580723669740937,0.0018230978693090987,0.0012513212100645633,0.004296578280278272,0.0,0.0039853795642929984,0.001463845979828439,0.0012749949808651556,0.000623770443776029,0.0007768364806614912,0.0007323306454853499
3.426470588235294,0.0432566300089092,0.02663494003125565,0.005820280790116439,0.016044396268004375,0.012231702538664324,0.0,0.014665064384889693,0.016858208131310854,0.004454336013178422,0.007464096671592283,0.017485111913584084,0.008396604945470197,0.0,0.01165315104232555,0.004997298094300839,0.01463605049611337,0.031112518014521102,0.011204927112499563,0.0022535090080657945,0.0,0.0016076331024518693,0.0019235924271494161,0.002157599583788462,0.0012217271802286672,0.0031605806637255685,0.0,0.0027373349883082565,0.003227394208531258,0.002189247743640357,0.004015847495415815,0.00359703368918245,0.0033788969588098546,0.0,0.0037033259167464482,0.005451112591995442,0.0040668572322613734,0.0032694545938425808,0.003425318084974941,0.0021365208023422593,0.0,0.00043443863622879306,0.00179613296096465,0.0027953667634543376,0.0017753117786939241,0.0015787813333239132,0.0017143461755020528
3.441176470588235,0.14963432000118776,0.09419528990709768,0.03142511889862831,0.012306316636684505,0.010381378556200666,0.0,0.0029552938040408165,0.0036567447753285236,0.01590812508804806,0.012347221344956291,0.00806967569802439,0.010529046947318186,0.0,0.04665987531548334,0.031127386754847976,0.04788024129900358,0.013489262915281134,0.008486532537233988,0.0031608235215240155,0.0,0.0017145528411381082,0.0015333584047479377,0.0010424077861112089,0.0004430117661319759,0.0010609383970524738,0.0,0.0011685576972709695,0.0009506306399489663,0.0012199737704324317,0.0014652716800078666,0.002483235292231877,0.003035004047847115,0.0,0.0015618786933097786,0.0007561626404426751,0.0005746367454515113,0.0012807032490318594,0.0010674392157154686,0.0017118652557398294,0.0,0.002394873160268094,0.0011029706527109196,0.001222987073794615,0.0016439797162293318,0.0010510437439639698,0.0010480857401792614
3.455882352941176,0.10159375169244389,0.046490212775159453,0.02446803294417577,0.005921636428752963,0.005491569114468663,0.0,0.007071960294515636,0.005197774177071739,0.006099501189441588,0.013318216243374141,0.023864265568031603,0.01022295576096577,0.0,0.013199845112610957,0.025910609715489245,0.0072120591271267395,0.014786885703743282,0.002391607746767532,0.004030347766370004,0.0,0.0005045767972747443,0.0010311325211152392,0.0018275692926266263,0.004452146553644221,0.003149832244211697,0.0,0.0022539424804156037,0.004639289579193927,0.0019380545432748457,0.0016824427991300119,0.0019139329821659628,0.0003888471803060751,0.0,0.00033933256971479175,0.0013503730155694778,0.0018479415849667231,0.0011648425604411491,0.0004888254502138123,0.0006932832823081303,0.0,0.0009379218799670196,0.0015538340833055966,0.0018632996897463506,0.0010572118286115166,0.0014267141419531625,0.003503702022911446
3.4705882352941173,0.13788620467722118,0.0461496893486209,0.013123844852693134,0.00482811683158995,0.007312001533198759,0.0,0.009345206040607968,0.008731982493009896,0.004107342142539093,0.0067620384075823565,0.018464521190625624,0.01906991118992054,0.0,0.014131125220885268,0.009232581805733345,0.02512904435141588,0.005371110749100407,0.00745127285226621,0.007233674478048225,0.0,0.0037441455304031675,0.0029654013479873545,0.006104102713367723,0.0035587498244704988,0.0008428453674236997,0.0,0.003134964937709114,0.0021321104386096803,0.0035366517461407534,0.0020119743670730006,0.0022317318330061283,0.001451198127249508,0.0,0.00044705114211713356,0.0013792651214502532,0.0015578502309956887,0.0011318573134390096,0.0011725771972127968,0.0021769155067571716,0.0,0.0011559824922255178,0.0009147435166327785,0.0012078454888330573,0.0020780969114761803,0.00211870471810075,0.0015103217587897314
3.485294117647059,0.06232666729215462,0.03495895627791427,0.028784567739231083,0.02364811396946117,0.005868532477781393,0.0,0.007860317306913634,0.012475310927199145,0.005106582629099672,0.001875957080363977,0.004283833480644667,0.005829085993014619,0.0,0.012627659969289459,0.03516152953387188,0.02369939003478094,0.0177192657647552,0.00674213163091669,0.0052403135174301846,0.0,0.0014201648731954066,0.0012887442246009328,0.0021706870457599767,0.0024557264381025283,0.003866595478018959,0.0,0.0018415508104096645,0.0011095491675964767,0.0007342072908970308,0.00048598499341928494,0.0012046114217581021,0.0018334276428619489,0.0,0.0019269874070751902,0.005500422992598627,0.007165677517364651,0.004464317088323861,0.0021512825842627484,0.0013960261677396597,0.0,0.0008376745767360119,0.0007411421529257756,0.0009029785968621476,0.0013096461925781368,0.0024470288147940347,0.0008525938304866497
3.5,0.05388397294051852,0.020211361201746464,0.03564289220823971,0.029228541149175846,0.011171043094370487,0.0,0.002615842785246736,0.0007555949954358086,0.012221187371096346,0.030457429625454842,0.013175730303315937,0.005817942602926306,0.0,0.009207057868095348,0.015094175115899727,0.025945578724821616,0.01559300910110791,0.0070306641605995,0.0026691355611839418,0.0,0.0021429110200300847,0.0011855016922824972,0.0017529175070356753,0.001624609110430561,0.002091208498948309,0.0,0.0020195448402676145,0.001946586018120099,0.0006607793492671453,0.0005987938663373908,0.0023487712667948097,0.0023229244983315107,0.0,0.003742289367707404,0.0033208202306090413,0.0012850504451624378,0.0006352611790075297,0.0016614019308210637,0.0033738188851591506,0.0,0.0027078229668746462,0.0028471252111103513,0.0013796062230941805,0.000913655206649366,0.0009722240739511922,0.001664908746942458
3.514705882352941,0.017164813556521122,0.019161082962020935,0.02544217118701861,0.010292679981476,0.01938814808719471,0.0,0.020034042813691623,0.013118858047946574,0.0030546096865592728,0.005937270101510151,0.035774532874945524,0.0269033832606436,0.0,0.01105352302794647,0.018826809011883543,0.0016429631063512324,0.007761542127464094,0.005016032758576492,0.004101320443232614,0.0,0.0015332560735700474,0.0006606161578079099,0.00443909902739281,0.0036282757971268444,0.001971602122602571,0.0,0.0013091042357533818,0.002373865075662442,0.00031045099122499925,0.002036275280092863,0.0022005091912421317,0.0007548812601026959,0.0,0.0008601952071007847,0.001302264680658358,0.001008571682606373,0.0019309144877283778,0.004332317311591512,0.002740035605339734,0.0,0.001844407926768377,0.0019070921097689478,0.002150037965463052,0.0019491642552594214,0.0020005713643657256,0.0019586632079268513
3.5294117647058822,0.10301975714943959,0.05170497791517696,0.02011532684026032,0.017508923533675995,0.012756345387654555,0.0,0.012529445422402167,0.009455878932568086,0.0067490756089300455,0.0033275850861242172,0.0028739041323648175,0.027710848358386476,0.0,0.010593010285301576,0.07353758533256399,0.159845188836037,0.05134210310631117,0.01010048961602802,0.0034030466817815694,0.0,0.001791968899534985,0.0013345000850024328,0.0010211336557436788,0.0023815212615709114,0.002537374549531537,0.0,0.0023399872899492833,0.0023521380615120656,0.0008907905189936958,0.0014243014039643483,0.0017090977480488734,0.0003910253258119674,0.0,0.00039782625401287876,0.0007700164943443974,0.0009135894277216534,0.0008967818817585357,0.0017816370582950185,0.0005121510266838376,0.0,0.000820740145720105,0.0026262558810835677,0.003588270839429298,0.002073502180720757,0.0009933261866516719,0.0011178981401662614
3.5441176470588234,0.06075125220437863,0.010159213835168282,0.013940026838964333,0.035684339070279826,0.025387291748430206,0.0,0.00823067275601139,0.005684155080920767,0.004399157917873842,0.0032909010740909015,0.0046567886352186635,0.012175432121051554,0.0,0.09381498987887396,0.09282667055287867,0.03915372008859981,0.007441236703773554,0.007323528888482764,0.002043927236034929,0.0,0.0013372690951502168,0.002322703478504975,0.0022305809945611056,0.0013013208145995284,0.003204066074990316,0.0,0.0019007186887132826,0.001191169889208687,0.0004487433906880207,0.0003202728980618109,0.0005358485322212562,0.0014091637280016786,0.0,0.0010525951038636689,0.0003263589957694077,0.0017445947467904736,0.003029818853778744,0.001867028708578061,0.0016642223924285017,0.0,0.0024820049138001062,0.0030308676925213003,0.0021824257891431623,0.0018674105254694257,0.001668235544195471,0.0017519214544040437
3.5588235294117645,0.15330153312458467,0.05201813448771178,0.004860770493255662,0.00797544374294741,0.008404675636128834,0.0,0.005633841156146068,0.0061248913064139935,0.0078073973851753905,0.008441408952830432,0.020680565920368023,0.03391509370110839,0.0,0.013103252029952578,0.03204209885122376,0.09093876810877913,0.07392237574077679,0.016620020452228698,0.001217812480310268,0.0,0.0005542244804801959,0.00105792612006742,0.0013508510097295324,0.0013588357077867403,0.00013833084837590673,0.0,0.001352740109344759,0.0010617156470100078,0.0011798497096099148,0.002214163045552311,0.0024460458249750895,0.0017925319424037663,0.0,0.0011099413133989389,0.0013243135440721373,0.001486665041038072,0.0010908309870747029,0.0007414592575302544,0.0007527852637930395,0.0,0.0020284613895518028,0.0035181834802728846,0.0032277379754942054,0.002483972894153033,0.0015356543304752834,0.0012289361650304844
3.5735294117647056,0.09147160864935731,0.07097473176264149,0.025136107892779862,0.013716446753152697,0.016179210636427643,0.0,0.019754020437437528,0.013449427334054308,0.005816304071337972,0.004200821091768077,0.009695694231075296,0.017451311279700343,0.0,0.015134793421333049,0.023568809182859154,0.013971687325956036,0.0032871926574264076,0.0026865898433265467,0.005103064841239519,0.0,0.003185685671801415,0.0026974170133062143,0.004045159441559403,0.0018177559691920843,0.0007108014238977941,0.0,0.0032760530705895612,0.003059557377998889,0.0011192048832086169,0.002193820398360374,0.0024788726670792053,0.0029069422769839445,0.0,0.0061630754420741955,0.005909569742220143,0.005809780999123462,0.0034888629491017765,0.0011335159918770764,0.0031769605142296002,0.0,0.0032983379337360504,0.004766405102245218,0.0025544608732020486,0.0015955089376897145,0.0030731192230632367,0.0041774980246664295
3.5882352941176467,0.05160971260199057,0.023660383392067823,0.009474949480898876,0.011250052843793948,0.004441228342776386,0.0,0.007098054400071706,0.005953192222197081,0.009447098637056879,0.008542534050640453,0.02089852595690574,0.0639400108840093,0.0,0.03737850715510511,0.004699451722876526,0.0029509104351163277,0.00682369632211843,0.008412567142059586,0.004241835089941218,0.0,0.001992201331967961,0.0007869012873060965,0.0013693638561463998,0.0016849817735272296,0.0023048195031352787,0.0,0.0019710467015629273,0.0009876618651544914,0.000990239825678337,0.0004868649588352708,0.0009628055492772098,0.001045056766848805,0.0,0.0007133631272103497,0.0012096045394625475,0.002007029417490012,0.0017962355041938063,0.0015607012826089248,0.0036389775228482637,0.0,0.002122247865940139,0.0015990228630949094,0.0012120894057492915,0.0013301778860888122,0.0023389212018840567,0.001927478065230373
3.602941176470588,0.08760666439801996,0.019511688740259547,0.02253652758845122,0.018645099586825205,0.01692724501586961,0.0,0.007632250620237162,0.0031597095605971127,0.005324338425210884,0.004377881774321527,0.014049734173137854,0.03567178007489471,0.0,0.03608978931207584,0.05416369050941477,0.02567306281229717,0.0047996975062470845,0.0011994394739765165,0.004896399087420974,0.0,0.0014592668122226198,0.0028894085201732573,0.002366929326557281,0.001238650783257929,0.0015585435056661432,0.0,0.0012588310349527475,0.0007587166444971909,0.0008926921972734314,0.0006713555826702154,0.0013560927463903724,0.002184951109002276,0.0,0.0015803262764992091,0.0015393755028605652,0.0009560210627873533,0.0019421634031036188,0.0025485682481145196,0.0018860707939065149,0.0,0.0009387088612398123,0.0013868266176043646,0.0027391927970746885,0.0007679134371006889,0.0015331035559429346,0.0019810305450955836
3.617647058823529,0.03813215612134568,0.06398675753414318,0.02188471105696344,0.0068221414782385,0.007162527060453812,0.0,0.012230468404731524,0.008779831672561897,0.006203712683197958,0.005929922388122804,0.006753540655385477,0.008512881497966503,0.0,0.014717045543307793,0.009018059381044202,0.03807225527997972,0.029603898695680083,0.005112818199031777,0.005315095184717458,0.0,0.003183036708095774,0.0035250606979520833,0.001938373032361123,0.0008633146076059795,0.0007148531797607101,0.0,0.001309549356512014,0.0018105066902779198,0.001705025582482879,0.0034925764636901265,0.0054797501819722014,0.006484895114024861,0.0,0.00230601793981921,0.002339004093647949,0.0014835624767056623,0.0004618962647253891,0.00032644084480182794,0.0012655761333504665,0.0,0.0009498327431443263,0.00039973278574604025,0.0006246451954458369,0.0021650714219963933,0.002644373738032276,0.002477408898478261
3.63235294117647,0.052151847358102375,0.04984023851196035,0.01502139591630897,0.022714409641308813,0.01150568318447627,0.0,0.008698030860490407,0.011234143318113038,0.00768740403958772,0.011672110216407046,0.0082909028802464,0.0020775236072914332,0.0,0.009616691046935348,0.007300268733172693,0.013737889359712825,0.028397514437544694,0.001660903339849102,0.0024615631801968643,0.0,0.0027463283128709133,0.005452623981110695,0.002367192176444725,0.0010652304599073762,0.0003257306630820144,0.0,0.0020317575367948377,0.002391166718439645,0.0023452813223119808,0.004276621755840193,0.0018059766503613001,0.003298500006086278,0.0,0.0066902683017786325,0.0015572620772782248,0.0011527578640083726,0.0015003179288747477,0.0018926269896655838,0.001570456790106947,0.0,0.0029346695061510586,0.000724380437880035,0.0007236759079594635,0.0006341020661705918,0.0016480538090110303,0.0021970197965251875
3.6470588235294112,0.11898504577120776,0.03137302428461164,0.008151201882899549,0.02493046036334296,0.010831221008222562,0.0,0.005102006001718253,0.005309705950864271,0.007603846431778099,0.010430182626518306,0.007354523929810118,0.013393516553865338,0.0,0.01562916472724889,0.06258877009883144,0.12856036111861413,0.024128831429638658,0.015305048933926486,0.00976612872809677,0.0,0.006103781288190697,0.0050750452356633615,0.0022940601182089475,0.001068297755536719,0.0003411565153366061,0.0,0.0010282721937744529,0.0006564831428822136,0.004003948797658582,0.0033483751211838236,0.0008681244439441351,0.0004329113604753179,0.0,0.0014811518975074004,0.004397725695713439,0.0006819868603775832,0.0016400397566998987,0.002954543367745685,0.0021849378309963417,0.0,0.0005516075942521831,0.0014801184533512317,0.0010185425270465365,0.001067433794601029,0.0016622291749487988,0.0005104269580013827
3.6617647058823524,0.12603299942180526,0.08290163223600312,0.05905773297748878,0.03093523740103115,0.014203642571283426,0.0,0.0065770658555791475,0.006347337345455504,0.009458879796854908,0.007043165430515854,0.005166626727186152,0.04384690014058323,0.0,0.07115447419274389,0.13253871685413038,0.04153020853308409,0.022010746157898237,0.02694049750530556,0.005346999698808777,0.0,0.0016056549027909182,0.0013136894648101236,0.0005723435990550461,0.0020160194846143456,0.0030738571151173698,0.0,0.0017053881291072498,0.0022124055960342053,0.0016733445185112665,0.0012123898350132516,0.0022840195769996963,0.001302475547985568,0.0,0.0010453005109620215,0.0005571478406220016,0.0020573388086073618,0.0036237728214202807,0.001064174943078903,0.0005814057590124412,0.0,0.001444350939638771,0.0014941185727520582,0.0031728233919392154,0.0017957910845857875,0.001392424533669988,0.0007149398264951559
3.6764705882352944,0.1090529431423554,0.03572367802344848,0.016180612887271392,0.00931546645451227,0.005750082364511692,0.0,0.006148323283180542,0.004095357877711585,0.009658530537418211,0.020343864774464114,0.014682870327947309,0.0033088354456524,0.0,0.00987651539865456,0.00786597865917993,0.05969160658795625,0.03642306825139294,0.006445773659141595,0.0017721593292208454,0.0,0.001158518189061028,0.000573538279612871,0.00042345887901069554,0.0029485225214460915,0.004535085564502322,0.0,0.0017152188398512876,0.0009084190478467794,0.0013704589841856815,0.0032893760093803234,0.0019141140167062288,0.001537800179992182,0.0,0.0023784592533972536,0.0014182250661683065,0.002181431082915964,0.00446657877175826,0.0026586278808743537,0.0008849460036056275,0.0,0.0005594351659875402,0.001656673990182701,0.0012459950597222655,0.004078578814928497,0.0028774255122322413,0.0011958738035684926
3.6911764705882355,0.02867746836760702,0.053221100829849814,0.02279220783171869,0.012059221273894492,0.009085474692479691,0.0,0.01100895508650714,0.010407897226999368,0.009375760673969172,0.0012831423242102738,0.012095193969415661,0.06791218000217847,0.0,0.1059411196387339,0.055626238743489737,0.06676966363421058,0.048430154842504396,0.0035187765168346766,0.004064242396171918,0.0,0.003242750649835354,0.0044747269433489095,0.0039536590061849735,0.002436256387735227,0.003588494137744807,0.0,0.004858355316023483,0.002368577044985613,0.0009199189635680058,0.0019064569439162522,0.0033822955671583307,0.002496914456831544,0.0,0.000564029984962375,0.0015140826829749855,0.003426607463642406,0.0036922779614790642,0.001310198146460398,0.000988589104590282,0.0,0.004074075113154,0.0032716170489619036,0.0017728824217894085,0.0007405330811411723,0.0018295191712598864,0.003162695458416464
3.7058823529411766,0.07692517603756514,0.02745221706457976,0.0302126063618176,0.020188411301640088,0.004474844681576543,0.0,0.004940623570962961,0.0034720654524156907,0.005274166001155752,0.007639200280286113,0.02516026453843733,0.011560643980190494,0.0,0.012638524760288216,0.009014243095521495,0.01626841467345761,0.008360845007923189,0.011394703885689847,0.005012493619485182,0.0,0.001472678485100457,0.0011740366526023257,0.0004794905425630165,0.0011729022759676177,0.0014252834570079116,0.0,0.0011730293953349238,0.0037005007260680995,0.0013319101299941406,0.0008257276232894335,0.0020461892353597164,0.003427653833631984,0.0,0.002366071775135475,0.0015219543143730105,0.001559784675563567,0.002491732091622461,0.001851482911780102,0.0010596178557916768,0.0,0.001079155973282398,0.00252576929271293,0.000998728327507145,0.00015170227100070176,0.0001808153732722907,0.0007454662515961798
3.7205882352941178,0.0927417285455059,0.04670438024746165,0.014165991541866967,0.014020138887497487,0.018969245250470668,0.0,0.005880801646002136,0.004986417974876815,0.011155300336616901,0.010361319804766674,0.005168041339566548,0.015791084942622623,0.0,0.005426318349376172,0.024671377406077243,0.08106823817842873,0.07712444572032733,0.0076575958903670905,0.002839782334588142,0.0,0.002237153033931817,0.0006691258519836838,0.002274645607591691,0.0019512644698079242,0.002081208826286512,0.0,0.003222337065367128,0.0017997007028912502,0.0034403932272027734,0.004674680539046949,0.004159865834470651,0.0030136538778475744,0.0,0.003558306390643213,0.0014122762092330916,0.0025727747937589725,0.0008075852732978434,0.0022212209486200873,0.0013543656013384393,0.0,0.0006612527533902703,0.002049947918243391,0.002238012635284141,0.0012609432003591317,0.0016561590628094355,0.002949852914966063
3.735294117647059,0.043939378133147036,0.0270599334542336,0.007271789146190038,0.014499559879898307,0.02278873581720191,0.0,0.013661019779287277,0.005186688601368781,0.0064171091628039455,0.007904062713079245,0.002089517079501205,0.0025683353493636896,0.0,0.0019086817826489773,0.006665515015157088,0.03472823772185499,0.02752524142893826,0.016980494061302642,0.010428536216491298,0.0,0.0018686996385276437,0.00102084539983359,0.0019463752008925489,0.002335589839961118,0.0007852703349438206,0.0,0.0013471075315656463,0.0016509170970847962,0.0008292999312822241,0.0022048940260125122,0.0016184154872041943,0.0009218288900593495,0.0,0.002738231568354294,0.004659568151769029,0.0037450540355046815,0.0007091253094502073,0.0029895320229214283,0.001638756361078492,0.0,0.0005187896407168644,0.0011813439527902,0.0011693917779352241,0.0027029725098768748,0.0029387346077953454,0.0020152267985350876
3.75,0.025293813401934408,0.03178675921326379,0.01333326822841974,0.014739111982316679,0.010180029450765425,0.0,0.011905443834388763,0.008812864507039414,0.007010624295438063,0.005376631108995817,0.0183346986455748,0.02124339051670322,0.0,0.003080428089467228,0.012488879798829528,0.010845816167052566,0.01666260922501943,0.029043728232903285,0.0056403765145248445,0.0,0.004059433744301667,0.005272717744475791,0.003948687261001195,0.001156066230016039,0.0019747755969329915,0.0,0.0008111155680638557,0.001399837356252579,0.0011615890571810051,0.0010875780018503513,0.0013730881799615276,0.0010589149068043412,0.0,0.0022407641419054953,0.0021691640268867696,0.002332893032668042,0.0039165602065147805,0.0022501048723838086,0.0012738445349546516,0.0,0.0015016031156591546,0.001036797462762301,0.00272268970418526,0.0020249802412223507,0.0013591557018856589,0.001906871540083138
3.764705882352941,0.10256400875784488,0.03680279384352982,0.016046958093380116,0.011642535999809491,0.011550495564721113,0.0,0.007957303828439025,0.005895071780980742,0.0064888107043134585,0.01824820108390221,0.012337518867862857,0.011274847979742965,0.0,0.045349352445339504,0.03000021143465857,0.016586731279409125,0.01277099906667126,0.004380806247825485,0.00026355512423629563,0.0,0.0010933760334146097,0.0037453980537793356,0.0030167860105581026,0.0015894622212311135,0.0011122398564326857,0.0,0.0009501470142478736,0.0036146905447326932,0.003988398587248958,0.001960968543046643,0.0007790266841981362,0.0015214657969944254,0.0,0.0007740240122760327,0.0012777078064438471,0.001816083444655339,0.0024189359786366505,0.0025188870093678117,0.0013570945547381468,0.0,0.0004389609589688874,0.0014421465034606216,0.0011816915935277843,0.001535555300553311,0.00165052792717233,0.0018856550775607742
3.7794117647058822,0.061279683220197244,0.041435235088596103,0.007801534230071574,0.03187584906770075,0.009840732274230612,0.0,0.005051276684316806,0.004945349424335549,0.00869432326996507,0.016214541153655993,0.009822222382058127,0.007364026062010198,0.0,0.009696863535782894,0.004159348355375402,0.005808486032923625,0.0023192836889164696,0.00514252773163297,0.006411672192852925,0.0,0.003928915976261528,0.0029039908581714423,0.0029771999786939564,0.001844601012169433,0.0019654718317115632,0.0,0.0021900194864738626,0.003154506011344561,0.00584560835016082,0.005175701136582088,0.0033005518230690162,0.004548114996714872,0.0,0.002549871460307193,0.001859969232021704,0.0014871495257894173,0.0010706067168715877,0.0023076783082904987,0.0027333856257987007,0.0,0.000733492705701911,0.0010880662927978259,0.0018433941964862998,0.0006672570574382663,0.00031140668209116986,0.0018262348544201604
3.7941176470588234,0.07202358498822176,0.05913918901671897,0.02991435547130284,0.02160465356400432,0.01218084747659253,0.0,0.005689198225302279,0.0050969363954647216,0.0106542071778968,0.01143606316753621,0.0034416827079394173,0.013882218507431765,0.0,0.011703636877221944,0.0035126777331485897,0.009578132466960647,0.007143743765564304,0.00407379380444058,0.00396889170697445,0.0,0.00220392592878832,0.001999945336458041,0.0005216709899176424,0.0010074556786533097,0.002845382622090934,0.0,0.003869868749458671,0.0015104530865714437,0.003630889443528406,0.0018397160591280392,0.0013051299020239732,0.003783852124785877,0.0,0.002159924123327994,0.0031097804551072487,0.0010775068643211353,0.0010559516229253646,0.001373743419238874,0.0023384711721128643,0.0,0.0017865414506452256,0.0006878043723454719,0.0009738956316688649,0.001055181022889396,0.0028744820214027106,0.0033389596649492344
3.8088235294117645,0.10862569584092473,0.05730616995639351,0.02287147867103758,0.008502873127436831,0.00395310897228063,0.0,0.004564920253828106,0.0049331712367187705,0.004381083132658171,0.0037604775165581313,0.005195353244827051,0.034213262544484334,0.0,0.029702604454373067,0.015401640198019498,0.03771521298886665,0.037791466905861826,0.008425559157369884,0.005649851348234121,0.0,0.006179560307423747,0.0015689140719990584,0.0011881881355042996,0.002961022059942699,0.0012179086391871166,0.0,0.0017046874840458658,0.0017607095097110729,0.0022198113343252293,0.0021117394774971435,0.002240227331437954,0.0027181829182741177,0.0,0.0025998264094146133,0.0026748874048800587,0.003739214859721601,0.003160962666369419,0.0012512017395635605,0.0007749740439742448,0.0,0.0018331817917968717,0.00232382653453525,0.002567831720878698,0.003297934853885174,0.0028091333474047843,0.0011329063387415736
3.8235294117647056,0.035268920145285,0.014945358616918198,0.024008993582825905,0.0148566202923798,0.0166425730833684,0.0,0.01937514161809083,0.006427879070870329,0.004985507739124232,0.025522088676510925,0.022584482899144127,0.018136866768459547,0.0,0.0351483873105219,0.014485880804009211,0.010050642656877402,0.008597167934301554,0.005361024790517536,0.005731799605398425,0.0,0.0019374033337988957,0.0014257731369316995,0.0014827427076725963,0.0022268261042326714,0.0027308997878622483,0.0,0.0019388198483812906,0.0013785679325222886,0.001861980776374315,0.003394510686461314,0.003863683745758439,0.002628623343998639,0.0,0.0016348222444466402,0.003207371789190311,0.003198815581607905,0.0018978128912122867,0.0008518636932161155,0.00041183613867239795,0.0,0.0007569530950821035,0.0016412796279144885,0.0017458394592084357,0.002588179482780267,0.002731884633670371,0.0011710411453011457
3.8382352941176467,0.130540477212244,0.05831186112243683,0.00747818900574399,0.006425639565217441,0.004092499012827209,0.0,0.011073461626295217,0.0163871652231994,0.00939913699230616,0.012128761536830094,0.026246984384449314,0.03363220428002481,0.0,0.050605565172184945,0.03353607761791763,0.006168203344034576,0.004779620442754333,0.0020846825698735997,0.007850924926955804,0.0,0.010606414841083487,0.0030934212539388633,0.0018339499180526145,0.0003141567899730806,0.0005571724235735934,0.0,0.003714643826852713,0.005006264232685979,0.0032446474265676716,0.0023709630305458968,0.002582646934784689,0.0012936569341228713,0.0,0.0013107214838246357,0.0025445128808842246,0.0024351350320341043,0.0025813573005290533,0.0010273306271294498,0.0010078237044300834,0.0,0.0007343403274712335,0.00044932584286295997,0.0009459595126968285,0.0011778803699604595,0.001653283483690227,0.003774276792777704
3.852941176470588,0.07344737398265284,0.06318248343754937,0.006381208693131176,0.005352544451518886,0.00822609932858257,0.0,0.0023593853200769613,0.0030916575291088334,0.00562922175147407,0.0027556933297959232,0.001837285864852986,0.004380805802101913,0.0,0.01406307814708706,0.020846498129042056,0.016310853459189333,0.022700674216528195,0.008566929979913696,0.008233213699817582,0.0,0.0034993355095881526,0.0012709095562973408,0.002263161130622136,0.0016049296844398572,0.0008635419407416307,0.0,0.0010001625366219248,0.0017393950632292239,0.0011328000501714497,0.0008607063752776995,0.0026109628564402053,0.002272463750216854,0.0,0.001783364788200033,0.0025774555929659027,0.0019639989382958492,0.0012293322147531646,0.002179911708302249,0.0024700783812678117,0.0,0.0018213916789150601,0.0029060623071268574,0.003939450202312641,0.003932191495433113,0.0033918450043802957,0.00336609246003905
3.86764705882353,0.06579225482689088,0.04914287987432922,0.014895544428403022,0.014198345442369186,0.014068999126081049,0.0,0.0020991617595388858,0.0029140105928864776,0.004157813313622323,0.004997963831814751,0.017456526953653885,0.01974687129046183,0.0,0.0024825469637088883,0.012910597545911989,0.01343494499218748,0.016573243173986382,0.005511481996104047,0.009019819961724514,0.0,0.008522440953606807,0.004946468861157819,0.0019527947268487727,0.0020588365052843535,0.0008925898106864622,0.0,0.0015443880434478428,0.002913758876657102,0.0028188100560568082,0.00428865104546639,0.0025505029287757578,0.0009315201142099988,0.0,0.003018716613505937,0.00135992104217259,0.0024669885331506476,0.0035540079899785,0.002965260712350736,0.003186613099812082,0.0,0.0021206071335930442,0.0010833653512819276,0.0016792976290664389,0.003129183750905415,0.0015414106941431802,0.0015153081456695913
3.882352941176471,0.12577065244548055,0.025318312187907713,0.028224071763252142,0.00815472822275386,0.019257811759076662,0.0,0.00552411214331915,0.009050117445283742,0.007202668149773574,0.011159216174429961,0.024912307490379895,0.011886778485082518,0.0,0.0022945497852190303,0.019495861484370984,0.0192966878245457,0.0016196526735732287,0.003755525319651589,0.0034377853309441415,0.0,0.0019880019635702528,0.002867453855461788,0.00289639975683658,0.003263568060945018,0.0015972036558323816,0.0,0.0006195096704655325,0.0018573559722411058,0.0006959413406004844,0.0007565913653478594,0.0016959196563345338,0.0013793593175833588,0.0,0.0021034174927847004,0.0012844805893797674,0.0013239147774856508,0.001102751626225521,0.0006178545995372693,0.00046849903726151174,0.0,0.001326148251359064,0.0012179219786436107,0.0021982396433134475,0.0015292557016193303,0.0005167318317775022,0.0021854179232439286
3.897058823529412,0.047175042823281256,0.014300993278200022,0.02668647489130526,0.014805308340071068,0.010269082925631461,0.0,0.014867817011274247,0.007497507931138654,0.002890275725709007,0.0024510728821362476,0.007176672522704681,0.024210967105426334,0.0,0.04755152839702066,0.046871328665652884,0.006805721393766286,0.006950197552384531,0.005169101013309756,0.004555931899476787,0.0,0.0016391168421317102,0.001787984435855123,0.0009056406900859307,0.0002985781370649851,0.0011640329412137681,0.0,0.0013184900963832977,0.0017890087050480626,0.0027820143280237663,0.0018471792854833045,0.0007701181605571857,0.002062053903873759,0.0,0.002452832491865767,0.0010630156881820253,0.0013176879570101214,0.0020032013778401954,0.0009413658353473677,0.0023275769081737485,0.0,0.0011774067953925307,0.0012781819112889655,0.0014319501433848237,0.002013212533212622,0.0018441979427909266,0.0010047699458032762
3.9117647058823533,0.07172796482487992,0.008353618197998295,0.012242290732936773,0.03088656811030955,0.024004142751351328,0.0,0.01450023589306039,0.005635641431809564,0.0019657827942200726,0.0027052522565193422,0.013470096923555427,0.0030252089356439275,0.0,0.0029451456295424487,0.016413320553032462,0.009536322396335301,0.00233020896039075,0.0041525225184932246,0.005003755093038477,0.0,0.002138682922725699,0.0007455974320685637,0.000542970908037966,0.001370137787574144,0.0011699408582562104,0.0,0.0025130050744542635,0.0023800032290318563,0.0015017258515161946,0.0012404256388350628,0.0010573544296382377,0.0019476489459406751,0.0,0.0015429508840529697,0.0007659164946995156,0.001226435485819648,0.0012774388140459946,0.0019267025339916675,0.0017611694302611452,0.0,0.0011902968151095317,0.001532101464223353,0.004112047917397646,0.0038603561078629847,0.0021209554496186564,0.00022189054278501662
3.9264705882352944,0.14297995638946376,0.06407915340302987,0.021874106270244043,0.008317952518383059,0.004945117616339593,0.0,0.0046743210271712535,0.0037100240821883773,0.008037108913403914,0.005553331345593163,0.012162381342196693,0.014576547550717977,0.0,0.01273185682902905,0.00449645451446648,0.030679595855754135,0.015379212540956942,0.0016875778976600865,0.0005205859134371683,0.0,0.0006664026894633859,0.0008781655318455303,0.0018318686939997652,0.0017282330582340613,0.0029978023847383665,0.0,0.0031355649060976183,0.002119146898446173,0.0008910764929960719,0.0012377256450364642,0.0012864712622615282,0.0025173166709351793,0.0,0.0020666151653577843,0.0020174009965814987,0.0014448450616933645,0.0004466313780081723,0.0006564532516015254,0.0010964767734711691,0.0,0.0019603940766052866,0.002565426974560828,0.0032169892946150636,0.0016247343786550575,0.002116789625939647,0.0026515699364657143
3.9411764705882355,0.05959287736119187,0.08258042787843986,0.041563427947238954,0.025092903783198988,0.01593709988931472,0.0,0.006250734610648909,0.0027530523756362215,0.002646931142586447,0.007824799753798396,0.04810813700096425,0.03823680082805575,0.0,0.028341397288544068,0.016870028083442724,0.04437208765866038,0.09795009088772136,0.028036097174124225,0.004631387843067224,0.0,0.002345644758911945,0.002190010698942143,0.004885790157784271,0.0033545439108337138,0.0021903540791558132,0.0,0.0016299071369329343,0.0024322529064489022,0.0018036420113566498,0.001460055553474226,0.0020267996986645777,0.0014042977695470566,0.0,0.0008723389719227422,0.0022030313987331652,0.0005771628796343597,0.00095475884881767,0.0013054109997534316,0.00037968279238240676,0.0,0.0009598544291378416,0.0019896907884101016,0.002069498939879281,0.001318671925470472,0.0012022984092055957,0.001400205247640909
3.9558823529411766,0.141195251893236,0.05624324441975572,0.020151660472847298,0.012039519277999516,0.008688706252108856,0.0,0.004837164611292901,0.0025706684302050755,0.011713657875126507,0.035299951959671075,0.022687174351749877,0.008393834445920172,0.0,0.02741880103130223,0.08979216275210593,0.055602814819770564,0.003426816326058265,0.000608826943193161,0.001912726740932947,0.0,0.0038385876960112036,0.002386218610015347,0.0035839107050911556,0.005710049031021989,0.0015151614401919837,0.0,0.0013750505358916159,0.002879886019310493,0.004315195974102576,0.0026282023161534706,0.0002302486713442158,0.0025185492683941412,0.0,0.0008265470952283317,0.0007257926813075583,0.0011822343003037045,0.0018683793112825916,0.002175903746751203,0.0024955907922714557,0.0,0.002084006391804646,0.002902673133198725,0.005202080559128682,0.005590425319449541,0.004212538705493007,0.004524315591491399
3.9705882352941178,0.1086752669188415,0.031967337140968236,0.022835348958326555,0.018331256393089315,0.003801020365756003,0.0,0.0064909392388621985,0.012504612767173396,0.009021663608922346,0.0039262809970903485,0.01044482556255101,0.01370211792397372,0.0,0.006777009043959946,0.00676293035030438,0.00927864829912809,0.005753861394028293,0.0019367360435313197,0.001750447713355275,0.0,0.001165147387847721,0.000877334966155272,0.002951520456506723,0.0022850903234157894,0.003597735208727748,0.0,0.003228905350328279,0.0015433638309147548,0.0026309337943765266,0.0026978209619283526,0.0009227095253876126,0.0034143124766810523,0.0,0.0015830585783046336,0.0011510274249157738,0.0024508941390041007,0.0027538673621906543,0.002581812743941022,0.002090125514219052,0.0,0.0009778930307222527,0.0014489984162398188,0.001464485278290272,0.0012302924326509307,0.001659799707781255,0.002280283105820443
3.985294117647059,0.07624331908961136,0.044393624693975536,0.018233954103159828,0.005286566022511135,0.0043711462490141064,0.0,0.00918320899212512,0.009991159337704955,0.0062569325765326434,0.007616596229724748,0.008166981089581785,0.0013902185365571574,0.0,0.0021257896595396624,0.006744412009469996,0.016753035047012754,0.007199397405313141,0.0030130340187301437,0.003981080522881279,0.0,0.0039012691987182894,0.0008737332687867238,0.0017267462417104693,0.001869929343780677,0.0019045386840276513,0.0,0.005015447684469274,0.00628873509978857,0.0019331821694067068,0.002386623066969391,0.0007552748094751282,0.0006366725161638083,0.0,0.0011551692112440103,0.0009781102223870813,0.0011409065315518946,0.001328206986691834,0.0015753634602627352,0.000810402532613618,0.0,0.0006722316528344544,0.0014426315982731183,0.002190531095177181,0.0010256255897993615,0.0008908942753745258,0.0026606786737067597
4.0,0.07431863261068614,0.014903652563644173,0.016403956511520795,0.01254675774822234,0.008071640179947525,0.0,0.009844834767732775,0.002664983958576399,0.007998641147311006,0.01885637137422134,0.03565668526327663,0.0670019479606338,0.0,0.06335181801133388,0.047930238185346176,0.003590363383276979,0.00512810542560707,0.002729643857883809,0.00156751682974081,0.0,0.0032702483354401174,0.00262559230232926,0.0010705535258010298,0.0019682743676769903,0.0009006093698958983,0.0,9.938159643480824e-05,0.0010313745636941589,0.002581242175007809,0.002079823406725692,0.0021133322080447658,0.0015093120541095181,0.0,0.0014070774496672057,0.0020818158510365597,0.0022872763565615116,0.0023780342824803614,0.0017236705155085272,0.0020994121964273064,0.0,0.0014296278708477263,0.001370760302792429,0.0014205984703293492,0.002095784934085725,0.0009070090261457484,0.000704663135281863
4.014705882352941,0.215131312912914,0.02093091517974385,0.013604973959878183,0.009372924437405922,0.01118525634977143,0.0,0.010448220038260035,0.009025527645089317,0.002850428144410302,0.006426878863269407,0.009654422428870862,0.02202307381966854,0.0,0.03607480112319134,0.029089633287415054,0.014859024905117047,0.007534474670125742,0.005870740492675793,0.002598796018633321,0.0,0.0008586945461467864,0.0006806823708739205,0.001834644181595482,0.0013759266642305902,0.003101644408064334,0.0,0.0016797838870209322,0.002130291333647389,0.0024630788999690646,0.0029740265357387032,0.0010291831195893056,0.001234128533718484,0.0,0.0023856998087722777,0.0015890357503517154,0.0008899269200716102,0.002062470563793364,0.0021121453180348373,0.0019550980450941946,0.0,0.0015511742839160064,0.0014383477507520126,0.002208108966633622,0.0016498990364731446,0.0006902155853886842,0.001514636182491909
4.029411764705882,0.1583921154855389,0.05072857376556675,0.03480928889267928,0.029324710987697924,0.014844551860875483,0.0,0.0032916391473662575,0.0013835606166230623,0.007014071870758772,0.009261280998065153,0.006861949677633452,0.007676093669841829,0.0,0.003868369425687132,0.012664785972618713,0.022497695211029175,0.012308207440646136,0.0027636307574357127,0.0039074644525779806,0.0,0.004049501269024658,0.003727630058969664,0.0011821194617861659,0.001641341166346311,0.002835732600162234,0.0,0.002929307450783283,0.0021078545228381527,0.0010295839358176742,0.0017723561015112316,0.0009996240411500757,0.0019035494639470106,0.0,0.002638413633301727,0.001469837604077391,0.0010439727353554343,0.001747292392828264,0.0010864626781715095,0.0014777372844592658,0.0,0.001230495425947005,0.0008907998115538074,0.000770513596781471,0.0011102332612601144,0.002693651446928863,0.004699190184782702
4.044117647058823,0.18361447813855578,0.04869175991610389,0.035455020035780715,0.007985398714396977,0.008471512878341286,0.0,0.01581616997400662,0.012536597921170132,0.0072330507908770336,0.0046549422492605285,0.010213462255137404,0.014245019044155448,0.0,0.011528753704312198,0.005193475837365571,0.0033357759040191877,0.0045355752643058975,0.0016730540355722463,0.0021369042962457578,0.0,0.001607336778346176,0.0007751167848109548,0.0008654275344409903,0.0024772352008387323,0.0025035359266003853,0.0,0.0023783228807715447,0.0010356255804108813,0.0006285801784563803,0.0021309500399866546,0.002041808726247197,0.0013263237042483566,0.0,0.0007549743605802581,0.0017606537387870823,0.0007839662321798822,0.001876343397455015,0.004216975591341432,0.004858293072398594,0.0,0.0015598755917731045,0.0009448037990438631,0.0008434894916024331,0.0011473471574069746,0.0022791408783626767,0.0032310288443405345
4.0588235294117645,0.06778936159071591,0.04298859976761691,0.012557785769092802,0.005513025517546226,0.014345354943333026,0.0,0.010361596735643262,0.0024406024921500334,0.007000225578189459,0.021298798814666946,0.023220208695881813,0.010733309381663675,0.0,0.0019291929340656082,0.009729215610542746,0.02165776982595427,0.01585238550063737,0.008126820612060466,0.0024250606104467666,0.0,0.0014286276888659662,0.000696720185879661,0.0012567795936417902,0.0030137990150142856,0.0019290869061274888,0.0,0.0029171092665039268,0.003917955562123598,0.0014602085281465783,0.0004409963472696255,0.001655785593852709,0.0029505827017364695,0.0,0.002165588689943226,0.0011352303255203133,0.0012214296896098248,0.0010731381265139347,0.0019499766268623732,0.0013983805118722831,0.0,0.00018845127966854276,0.0008526846159951814,0.00048290886321452253,0.0008701491000058794,0.0014330689031214674,0.002089388905525083
4.0735294117647065,0.07241368999961648,0.04648413667376133,0.03267522322549924,0.00903772372427147,0.0018377318914694761,0.0,0.007487151507026135,0.0018870323439204714,0.003531371054777271,0.0036835404957811574,0.010043473505918743,0.005898930157664377,0.0,0.007110580129300726,0.007849925839087063,0.00511182496945984,0.017174338599709203,0.01567320440360081,0.0018943750977690479,0.0,0.0025143143071669942,0.0018167752442967314,0.0010349135805055663,0.001594163235918164,0.0035377180612977165,0.0,0.00292797962756133,0.0022033994021209763,0.0028740117950012186,0.0024043030728543007,0.0013561817214657185,0.00210945419576423,0.0,0.0006505003224524327,0.0011149781004497314,0.0008084445714528419,0.0016985476364156692,0.0012866067228985158,0.00042839715230899393,0.0,0.0014126444414282663,0.0017827227594129195,0.0013491624817285734,0.0017703016958385037,0.00056370891674944,0.0007859751738496644
4.088235294117647,0.1897580247421653,0.014895645881662745,0.016521904883150265,0.01824678822411595,0.004577857967650803,0.0,0.0017096161858234868,0.004778603970150765,0.004955882698425989,0.00470756573230478,0.0048508303441317895,0.004059727998861362,0.0,0.00811585733941008,0.008802777463878215,0.029164334664529425,0.011550609553945605,0.006913129183120158,0.0046876139038303805,0.0,0.0025486159206150856,0.003153497408194891,0.0009259758783171089,0.0009358630828422137,0.0013036112575554224,0.0,0.0015997685576898061,0.0015037565641022716,0.0012686929782643533,0.002326065468365573,0.002943736249640851,0.00037970796122813774,0.0,0.0010006130497375312,0.0005480979301900694,0.0023271110577126426,0.0027773883133766,0.0012572902496422555,0.0006242804435937256,0.0,0.001691062761489228,0.003283282980717594,0.0015768374413740592,0.0017447501862780108,0.0020129405298830766,0.0022677767285447484
4.102941176470589,0.1254834304401158,0.04089277087392102,0.019145001903748727,0.008587903981778207,0.006054114435927751,0.0,0.005990110307028664,0.003943932985954058,0.007332196253171895,0.014910758662295508,0.009776370142215255,0.005184548830877626,0.0,0.012043648193363246,0.035942550758535655,0.04387126414207472,0.008879914449709418,0.0013196259625532095,0.0021781841195187236,0.0,0.0011200615569869896,0.0011315676090748595,0.001804831181837599,0.0016785101917876262,0.0018797494510167387,0.0,0.002375143625913189,0.0015950244995225002,0.0009178264108216413,0.000952896952576715,0.0050569888100677265,0.002901583272428851,0.0,0.001247409185410867,0.0038459808083702,0.002990217209353497,0.0020699093670304507,0.0012291671029145618,0.0010684383010440297,0.0,0.001243119657896055,0.002101264081910024,0.0029262656977849526,0.0039763357346995435,0.0035753394117240362,0.002855920650503369
4.117647058823529,0.10016122121396089,0.04367871890224694,0.01457977972682446,0.012055974530790547,0.013934437310563623,0.0,0.009374878810431359,0.0036127025138540407,0.0037124142388897247,0.005624853988292863,0.000985262005728561,0.0004506314679125451,0.0,0.0009897059828964708,0.024730624996404778,0.030956588497356004,0.010972928811554967,0.003132425535687494,0.001142614705661443,0.0,0.0027564830054314596,0.002987700682723194,0.0016755064243839444,0.0016022283400474989,0.0013837254467690264,0.0,0.0014864585624681085,0.0016175195127243317,0.0015601997294851639,0.0011616837616012963,0.0007694710205124655,0.001439562041981489,0.0,0.0025284063711499922,0.0023427122707305216,0.0014699427501178905,0.002339746918842354,0.002238123257160076,0.0024106601224788324,0.0,0.0008231688532554399,0.0022705600690825925,0.003300076227345722,0.00185877286322362,0.0009218069821236776,0.0008729672390549808
4.132352941176471,0.07466615183995569,0.015289737870351818,0.004385066003819002,0.010457745340776549,0.004410346008411517,0.0,0.014028276479865157,0.010642017290666377,0.006935784212544915,0.018860900854725252,0.022582716191111737,0.0022972104057528368,0.0,0.012225325530507291,0.010698533455852609,0.006658725725787115,0.01725822411491993,0.014784532198439183,0.004226142886905707,0.0,0.002804674487434341,0.004835140257199352,0.0023360302463773523,0.0012131305649931686,0.00163770336158997,0.0,0.0022815876489358103,0.0032653063262420012,0.0017612423503006436,0.002294997688340828,0.0003012397055689337,0.0008837188473536568,0.0,0.0011822552543356312,0.002084669515417934,0.0018099139724971815,0.000741075622924099,0.00273853231211901,0.0026653996496149553,0.0,0.0013449657768144308,0.00223835992178128,0.002357906672022746,0.002702734683581595,0.0016840181691983637,0.0008340397146932895
4.147058823529411,0.05239051232112407,0.008248111274890998,0.015955780841990775,0.011645368381233775,0.010386469277340347,0.0,0.00243974370942976,0.005956089511387695,0.00574349608476996,0.006944853433333137,0.011399627283376634,0.0032453374190664253,0.0,0.010701006528435931,0.01800719241307254,0.0364762084641278,0.01937722949036174,0.0038162135069866464,0.0024089309869174576,0.0,0.0021524531552122527,0.0036016472957037127,0.006497695267784513,0.002746597105778679,0.0013962652534699731,0.0,0.0015214396314414355,0.0004940285648440104,0.0015133107462748307,0.003467164634446054,0.0020183772387929342,0.0009893867265574998,0.0,0.0008664701613796265,0.001244048789438045,0.0023041517223463663,0.0012563003199774362,0.0019301281899129254,0.0018976297134402015,0.0,0.00206707748992521,0.0009531283604472245,0.001380187957795949,0.00043767970344961936,0.0008020106148891626,0.001060347169889676
4.161764705882353,0.0427726409037017,0.005387586649592525,0.013866442684801666,0.01885006919335247,0.02290381749224563,0.0,0.01095318734055722,0.0038811249661013974,0.003493833306707048,0.0026567678578354875,0.013777543720107619,0.012399951256224222,0.0,0.010784659513327285,0.013102648207213996,0.029867437379339782,0.04202174351300741,0.008132080246562753,0.002744761785798913,0.0,0.0009669370246037082,0.0028324915225867698,0.0035920679391090635,0.0037126667538729973,0.0009945170917444103,0.0,0.0004966774175174523,0.0005862734778499107,0.0006388613604237416,0.0012264189646551335,0.0009583228126372916,0.0013440613279700636,0.0,0.0024220766227760703,0.0019243842182785913,0.0036998073205463046,0.0018195943247317958,0.0006371185891020534,0.002559844128166897,0.0,0.0012025578734413895,0.0009166641171916123,0.0012240722556098632,0.0010692785025548928,0.0020442543777030872,0.0020707452371712463
4.1764705882352935,0.1986188896852913,0.043968722188335335,0.00878928769153426,0.004698204609198435,0.007467950069726152,0.0,0.00622828840188351,0.015583682930618063,0.012061157248566712,0.012958005949139768,0.00657387400599116,0.007490542646613346,0.0,0.007823749958165323,0.04537672114279386,0.08473952354745032,0.07342217296926125,0.016203582573180646,0.003010866322393353,0.0,0.0010525791955884195,0.002518591380562056,0.0027584440990870798,0.002488010731209256,0.0020613706277255186,0.0,0.0022206812057715773,0.00042234713935291663,0.00217920651638544,0.0010239585720728688,0.0011528631268172165,0.001722100833432186,0.0,0.000624754410271143,0.0013307537148896037,0.001246556117845971,0.000419053055817787,0.0003423153732505625,0.002086489366175992,0.0,0.0025440382958438054,0.002303007568169016,0.002311478424007251,0.0022398587797474207,0.0016587828298860155,0.0012344428066862526
4.1911764705882355,0.013174828197914323,0.01484513841730677,0.007622307190576098,0.007254108122399856,0.010475424668800817,0.0,0.0035666080440278523,0.005689512106761443,0.011588635055523353,0.016464343622490687,0.009926561903246842,0.0037602485136113673,0.0,0.025598193028717763,0.051409255663035516,0.06353252280075515,0.035066727800025836,0.007432159182388794,0.002249426064113456,0.0,0.002136200118234205,0.003415248358863128,0.0017723430245981074,0.0019462873321363298,0.0038278741078541624,0.0,0.001624702533198352,0.0019303092854721367,0.001653065493124065,0.0005185167418192745,0.0005699512071025773,0.0020584292050952586,0.0,0.0035448443686298056,0.002622188417651962,0.0014045062088721154,0.002570457155459521,0.0020739407338874957,0.0015346732854896324,0.0,0.0018596257182013935,0.0011520442932211423,0.0007772779514921736,0.0009297400362897638,0.0016175207234419065,0.0012919855480532081
4.205882352941176,0.13078196542773315,0.04130239374548893,0.006098089191841934,0.008651154242084035,0.0071251664598280294,0.0,0.002525062074429902,0.0025272760274778847,0.0023253548811982493,0.002344950434393059,0.009031668025117444,0.01906504804591881,0.0,0.0223301129127101,0.018697385530277413,0.029634430146539215,0.023550585964039753,0.007628939330509062,0.00355536072265886,0.0,0.0012937459551175087,0.000694326046074371,0.0012943801565986229,0.0031175286119079866,0.0012899981259843082,0.0,0.0031350553947991243,0.003172419664439546,0.0017932158587596163,0.0009963543837326195,0.003283028091968404,0.005183908931810361,0.0,0.001626124737880925,0.004209137975633998,0.0011189258584912484,0.0017296885217559497,0.002041656516559851,0.0017311943340331758,0.0,0.001990658058761361,0.002112144224203874,0.002737964617957698,0.0015832438318641165,0.0010791336414583104,0.0028462139546996065
4.220588235294118,0.07512110425173271,0.017300596145599333,0.01270427132312863,0.027782540035349648,0.013267871047326433,0.0,0.0025449969477690654,0.0072718524199353995,0.006097220313077193,0.0026162383357943996,0.0026854070052077413,0.0055141089193568235,0.0,0.011374108819037752,0.031182461681538653,0.04040389007228827,0.040984602225886145,0.0034873474197484825,0.0023736035271891957,0.0,0.0016491238969462,0.0010348566993424108,0.0004626934158019788,0.0012202136046864786,0.0013559497026548089,0.0,0.004414575032065745,0.004019316859319532,0.0035872647548466146,0.002959852551291676,0.005791711764547508,0.0043226011737032876,0.0,0.000865801619158917,0.0030112474226942835,0.0032914186023450297,0.0031707975438078476,0.0012190581147627038,0.0007644912499446116,0.0,0.0024072587093009502,0.0010881811402827454,0.0016164257027776988,0.003113535662425145,0.0017010187564015095,0.0007911906136978651
4.235294117647058,0.06835096196135765,0.04013391957471346,0.02520705310978503,0.01031847435749611,0.0063019366828136626,0.0,0.016318215660173916,0.01166564832117401,0.00358773880289877,0.005482159864412745,0.009598409218979897,0.011286900126001224,0.0,0.007584442217859727,0.0053964210157719595,0.05390577301611019,0.0658521532742598,0.0038767246665701305,0.003295310560374648,0.0,0.006989983590385556,0.005523874546780567,0.002802735270890821,0.0009012820801579385,0.0012653445909927132,0.0,0.0009367371971480492,0.0014535336294713938,0.0022706193527930983,0.002334839524184453,0.0012377232048637196,0.002185123115321006,0.0,0.001356011365056264,0.0008700801106635175,0.00159589377564626,0.00048016677814874154,0.001976423123516091,0.0015164032537256307,0.0,0.0014278243974718782,0.001148602112557716,0.0018648182851920987,0.0007456118416348395,0.0006507154256696436,0.0008439697970590294
4.25,0.049094219872509885,0.03449499667413578,0.010011056314729051,0.01302075947684512,0.00405054148521847,0.0,0.005998317340132056,0.0071914302081475924,0.007836037571804741,0.008924940374508571,0.004675992282211409,0.008216137376172234,0.0,0.014641205471465225,0.014995586428336306,0.025801364741947462,0.02448784133669532,0.015862420353210914,0.008161905137828532,0.0,0.0024506475707476638,0.0014574397389762583,0.0028159543998867833,0.002594603078856795,0.0004730894762511513,0.0,0.000460934370656837,0.0004892433067986269,0.0004023943227154621,0.0013555120673659931,0.0006093262282671494,0.0007918500366252075,0.0,0.0013721698141946975,0.00139961790521172,0.0004888452128449523,0.0006732994569657079,0.0025203320945396354,0.0045563815760545695,0.0,0.002924858080063589,0.001595442973759448,0.0014440325553083295,0.0014151223827081696,0.001749248929695803,0.0017031621473335423
4.264705882352941,0.11031170433491824,0.07899791712336657,0.032844787780013145,0.014062992496560279,0.01506406063413878,0.0,0.011961423924133185,0.010209387042481272,0.006655524435886535,0.003229144190592699,0.005898841479769766,0.0009841751690187466,0.0,0.002046242098883187,0.012682557496287272,0.005007487174419423,0.01426447276496029,0.015738515265686176,0.003986233359700865,0.0,0.0019671574357506246,0.0019719068960096318,0.001104087187020367,0.001862262422772602,0.0033792896664776254,0.0,0.0028582191066015526,0.002769067080043671,0.002089593656407904,0.0005663833207686823,0.0014361130720172966,0.0016387888663566982,0.0,0.002570331831480252,0.003397404685299218,0.0018882361009582356,0.0019567509369006262,0.001452221318894231,0.002647993574437887,0.0,0.0035964006483365117,0.0033139561856647955,0.002899353953167809,0.0033933740862214026,0.003207660856927567,0.0016840237330017509
4.279411764705882,0.03914941321617624,0.06543300337598351,0.05367116997048808,0.016943819140620885,0.024618485955901458,0.0,0.008160761672116327,0.007906262576393652,0.01610649567083528,0.012732365794069042,0.02700141954344746,0.01937551777507316,0.0,0.00768350755162766,0.016067942820753023,0.009959600748130978,0.0022587207287012015,0.0045095138854661316,0.006896972796220606,0.0,0.0036337106605988942,0.0019370067946826003,0.0012176971990622966,0.0027886735911215807,0.0019720866428506716,0.0,0.0020279248853915873,0.004053284716711495,0.005855835468321134,0.003777573267173872,0.002239100826249506,0.002349816867223028,0.0,0.0028207279995820823,0.0013806433788084715,0.0009498428508920263,0.0009798996246649391,0.001364326678679105,0.001389547470548921,0.0,0.00041294557858766455,0.0021844784219348214,0.0026842991436491995,0.0010358285850067055,0.0012518874947104724,0.0018355396574073666
4.294117647058823,0.02837005182373533,0.01596049058666154,0.023528693620418147,0.024341857480364694,0.021475429403183643,0.0,0.013367986617595667,0.009306959367801251,0.012248849957674243,0.0059791321996138435,0.009994624228206416,0.004522610240633208,0.0,0.010543510204810903,0.020327456358498332,0.0025973492461338937,0.009973926689807566,0.006635597829166663,0.0031322045426430897,0.0,0.004687768183171518,0.0028482374205203204,0.0010329062747056166,0.0017044497919461567,0.0013319046755446043,0.0,0.0009022718735100403,0.0010065284597085126,0.0009697988717846001,0.0020855132100985486,0.0027865832013683036,0.004783287262223003,0.0,0.00446648408025991,0.004615324091370685,0.003377225005057806,0.0028368480334050924,0.002217085767522662,0.002449527222986081,0.0,0.0010133843918164378,0.0007513499266345789,0.0006823618450363755,0.0007344007971565109,0.0005526046593506679,0.0010200736315203597
4.3088235294117645,0.23333389274921557,0.07518108125546592,0.03785475419766594,0.011647572953698483,0.012965973475254324,0.0,0.008556753680024176,0.013948209594294362,0.005441426171236654,0.003276404441965532,0.010488370973460642,0.0026050839397127753,0.0,0.011035208826959776,0.011767339714917462,0.009271329958867348,0.023155053287971288,0.008909606014801705,0.0028235594207007093,0.0,0.0002678377961516407,0.002948145257444739,0.004921284258652479,0.002105266864949326,0.0003733030839684644,0.0,0.0012632617126709768,0.0017165509025137257,0.00043952214852288314,0.0008513223161197906,0.003492076675837646,0.0077881501356740455,0.0,0.0033881888405266807,0.002075140485747182,0.0017525021974332785,0.0005854878176053674,0.001549753176168092,0.0010877578831688384,0.0,0.004183828832886036,0.002856029490512454,0.0008727401438937759,0.0014967145533274968,0.0027831949261447613,0.004076361944112721
4.323529411764706,0.08407690531162698,0.040135659617192274,0.03233260509834793,0.013941494392325442,0.010059342228751038,0.0,0.01034784082210357,0.0085879491664687,0.0045808251042602655,0.012511972634836133,0.010145316875817299,0.0028395869634239646,0.0,0.0016251537251707369,0.012426565110602632,0.011571836524092629,0.0029693075583412587,0.005072149270692857,0.006467100725911359,0.0,0.002946990914045307,0.0010119843212326063,0.0012283813572870244,0.0019644237438626185,0.0014632924366440076,0.0,0.0012567859131675865,0.0019335029137648393,0.0035519984193861957,0.0030316520605878365,0.003633542114578735,0.005506350803062625,0.0,0.0016057009165269713,0.0038312902723064415,0.00353764593037001,0.0009745034431759994,0.001368932490368376,0.0015385483297066,0.0,0.0017700337584367406,0.0016511807621424474,0.0029486313933395326,0.0031808598937810243,0.0031797342765151797,0.006780427761448203
4.338235294117647,0.14436656265744346,0.043894644407441126,0.01171592054456976,0.014117033252327129,0.019680585628737313,0.0,0.017551184316132465,0.00892170419410026,0.008463462093938126,0.004998205077433409,0.0096277036467113,0.022403610573258598,0.0,0.034871351515832996,0.020598195644899463,0.011786160204821854,0.007404604316541115,0.0023019307464948197,0.002642563475372216,0.0,0.0039009938172739245,0.003877572049884085,0.0046565720291430485,0.003014492676791663,0.0016555463281707299,0.0,0.0008583856230886242,0.0026272118199272836,0.00467813379257729,0.0029820383990361425,0.004143312077333585,0.0031192569328270313,0.0,0.001256959575750864,0.0007958622199331661,0.0024250861291204486,0.003643619068423541,0.003270582053515391,0.0006240665302652274,0.0,0.0005700978464680418,0.0007193642493529054,0.000897717718745552,0.00033615956344150433,0.0018251269258619,0.0019192739928209294
4.352941176470588,0.09739708376642904,0.04169034720309054,0.03321463637811828,0.014467530934178015,0.0062910825794542154,0.0,0.007941075897582327,0.03218991160178704,0.03713277941613192,0.012784396467826779,0.006812194958292831,0.026850097773283753,0.0,0.05568323922226594,0.009417445196868015,0.0044942750739877975,0.009833109739716281,0.0017308517478808179,0.0079903477463886,0.0,0.005618365336112706,0.002149356146813243,0.0013856860695091156,0.0028718542841296548,0.0024243115669825366,0.0,0.0006113510509262742,0.002079971794909994,0.0009010419605467754,0.00030838434643753955,0.0005703743574711024,0.001047420787563585,0.0,0.0008729451690458175,6.645900973362606e-05,0.0007851589784505159,0.0007475336827651889,0.001365333365184559,0.0009427946637901726,0.0,0.0009733543494773736,0.0006605616479287755,0.0008214035709749063,0.001119539806933491,0.0016744984768704105,0.0016170621332415804
4.367647058823529,0.02583009621569648,0.021745048641356,0.024913796778181382,0.020194606412006752,0.007241337641646714,0.0,0.002825633767166453,0.002220780686318733,0.004097954944287299,0.002767489562920636,0.01021648613722289,0.023187187725660613,0.0,0.029758977815203168,0.03553761536897278,0.006422599667233268,0.011479755529644132,0.023941597538368563,0.012745705276835837,0.0,0.0030188382494059298,0.000463164064222646,0.0009839230930395136,0.002215596977905237,0.003910554504875622,0.0,0.004502013901297786,0.0029871337744103916,0.0005705116500669069,0.0008206805479323676,0.0011190847036268144,0.0022385663604458073,0.0,0.0022001806423423446,0.0005517170698949585,0.0014356476707125248,0.0030299102968051987,0.0022198417609335473,0.0008002435194702923,0.0,0.0017162336542271782,0.001668412566474649,0.0012172892872994903,0.001812400717876202,0.002041900193915904,0.002523226447729317
4.38235294117647,0.12265931232896835,0.017824942383811482,0.014517144327730193,0.00486655756770046,0.0065817575958862,0.0,0.013825728508423497,0.012811059875829579,0.005704651222881579,0.0031608920706268097,0.005977964632573389,0.0097822666655169,0.0,0.007327742898987225,0.01597207674090411,0.06504142500496683,0.03780115723432037,0.002216346205518435,0.0014021688777171404,0.0,0.0020782258811252946,0.0022327065286417247,0.0007823692897472795,0.0008521842881007104,0.0024516977477722,0.0,0.0021578591721711665,0.0016492747183108286,0.002211677515819369,0.002073505617798766,0.001130099509375224,0.002536688172147743,0.0,0.0034442909564589637,0.002326338111113048,0.0018133275944063865,0.00241892522678092,0.002891537451344622,0.0018641277488345418,0.0,0.0026905156904950688,0.0031888015215441956,0.002819231127737421,0.0012378127235125943,0.0009448161761581629,0.001360046001162231
4.397058823529411,0.023324989377496493,0.02164806836117341,0.01295844241237044,0.013024403345687987,0.004454944792389504,0.0,0.003556793353836658,0.007413503603883518,0.004662527085451418,0.0025436420409305958,0.00245743894708755,0.006512735647819562,0.0,0.00287988752843416,0.01284967203940084,0.03581376848608061,0.06451903111438037,0.007737571549456318,0.002498196043080935,0.0,0.00281898908076893,0.0053075030531380485,0.00941700010917977,0.0055323933230073865,0.0018413409183715528,0.0,0.0020073070191047523,0.003980990582571314,0.0038394017721073573,0.004535929538089444,0.004114892733348511,0.003717792235371741,0.0,0.0030408250079668343,0.0003666557937341084,0.0008538819571369031,0.0010927625311738741,0.0009446469568268169,0.0015008772644032535,0.0,0.0014820353372772383,0.0006136743738088172,0.0017217222570808338,0.001284017306806471,0.0010350620651747352,0.0015604353464962156
4.411764705882352,0.07951061654504796,0.04610446964263992,0.05889430842710462,0.0207369635531547,0.013248599106915445,0.0,0.0011777627146075688,0.005462923470475336,0.004668380615803293,0.004523109261635508,0.0031120776175109083,0.01056299867191515,0.0,0.005781220652666696,0.008797182640927315,0.015539075752831892,0.010528483479230617,0.012457095309765017,0.0057750963211880245,0.0,0.003232709441885549,0.003954846731841689,0.003961092468349275,0.005045261266136439,0.0025050917419491186,0.0,0.00032878401351383744,0.001178212994662488,0.0005440600545146314,0.0006418985740920724,0.0013416926467019075,0.0012077999649278948,0.0,0.0028404731694885326,0.0035533478385070738,0.0009253250232108285,0.0006640657706560997,0.0023757213980429353,0.002016452047096283,0.0,0.0013231374595478187,0.0009340531884876823,0.0003930397213890326,0.0013093634507183077,0.004032110107401462,0.0030404479173430626
4.426470588235294,0.061891706034594235,0.012928819887866294,0.003980682101682824,0.0075952255226924455,0.02537902679492895,0.0,0.018629372704962944,0.005407737972451018,0.0039428706034433415,0.0030125134524236472,0.0012330515967342037,0.004489366894910302,0.0,0.005258789396667088,0.013097649383175338,0.045925049294732526,0.03865352058467772,0.010575836640347457,0.0023887660178862876,0.0,0.0029174453656556536,0.0018963146958259184,0.0016919056889175752,0.004286537709922516,0.004960310789059167,0.0,0.0030026425070365805,0.0002510482522170678,0.0013107491632649334,0.0013362231209048416,0.0008753376476716239,0.001624423468974507,0.0,0.0006874390508686992,0.0015828474252716901,0.0018128379917340567,0.003154726327900654,0.002494793522344675,0.0007553592405632627,0.0,0.0006455126904739075,0.0012053657935651306,0.0025965272683963303,0.0026094979201985303,0.00044497006928898437,0.0004554029185215722
4.4411764705882355,0.15746139505130363,0.053618081992582514,0.03569592291260103,0.012568206407472764,0.00240726977703318,0.0,0.0023432224441260825,0.00306512713389479,0.004143933706987186,0.002266147684966193,0.0011126772682629486,0.003931994758082313,0.0,0.0027288456802145797,0.003840066044916702,0.0024801273102269,0.0027334632803127316,0.005323771893354326,0.0007914182691887484,0.0,0.0013291864755749759,0.0028774157404307344,0.0014044173575918967,0.0008352407210273907,0.0010473734066637564,0.0,0.0019737441446397424,0.00177708264580311,0.0010202089290913315,0.0010675751777702613,0.0008575015905617822,0.0004686661229118998,0.0,0.0003980733198036267,0.001109745777714172,0.0016909434800683894,0.0034537163737034457,0.002298387922978526,0.00043750016473069,0.0,0.0015936496659781148,0.0017124153800936208,0.0022819845744332726,0.0014403223140902507,0.001129375280803235,0.0006022990428067709
4.455882352941177,0.0800056924618588,0.03219026121737447,0.008561203770012002,0.005172541289799545,0.014225599600518168,0.0,0.008446379308976472,0.006277762088906054,0.00513624479760565,0.008693934535743107,0.01732340943230534,0.028349563106403085,0.0,0.002392658046157719,0.03876907850295123,0.07210696289302744,0.027753938013117346,0.0013073331652262107,0.0013782758238292515,0.0,0.00047424309382897254,0.0017065894695518272,0.0018511379359486854,0.0009710098319012765,0.000624598817298875,0.0,0.0017076120983374552,0.005541672255765505,0.006130547582769335,0.0018789887454997325,0.0014657183203155356,0.0007314349348428741,0.0,0.0005820602470469557,0.000721853581664826,0.0005703993797494212,0.0010153163058256502,0.0017463487527582277,0.0008246405603792446,0.0,0.0009475680189659299,0.0021212364512394415,0.002731469781181578,0.004282816061445736,0.004183097598982573,0.0013881044177665308
4.470588235294118,0.04167918473190497,0.015617917403721612,0.05329062107329585,0.012319641120530083,0.01078899188046499,0.0,0.004906638380528085,0.003023718248555467,0.0026870999424362502,0.0005469405288881346,0.007466684284255144,0.024019513376450148,0.0,0.03471576662118266,0.021663063300004462,0.021187625117248074,0.011804329445473077,0.009565050373771106,0.009822118623524258,0.0,0.0013668492169000882,0.002283022908995997,0.004421523744146738,0.004511582033628042,0.0025110744023375854,0.0,0.0010744677939693028,0.0011295396559277988,0.007330405242788413,0.0070323979889756385,0.0025231459822817187,0.0020332641092870463,0.0,0.00041275078771481756,0.0013319592901566495,0.0013219536235964033,0.0007559694895422311,0.002022926633240509,0.004174946100003638,0.0,0.00264827483593992,0.00151119891446237,0.0010023838089068824,0.0012939136175310103,0.0013509775323326412,0.0021916738970228127
4.485294117647059,0.18554855504296358,0.07312804485619068,0.05291055782432912,0.044586600518249295,0.023989072860356897,0.0,0.012068675584389912,0.005022958215244086,0.0049296425946456866,0.005612546884838207,0.0034999510242012897,0.007319081168334031,0.0,0.019724170902165133,0.023556169934132454,0.0027736148467968342,0.02047418487823823,0.013578341447235975,0.0013595086298540378,0.0,0.006904562203428759,0.003970989576040998,0.002301799912216696,0.001080979826131829,0.0022417036054128885,0.0,0.0030180966052652377,0.004129711328090065,0.0034871859654372556,0.0016295113196315865,0.0001528842199879971,0.001648881322315312,0.0,0.0020109005507567726,0.003616048606760676,0.001757426006727595,0.0015891557272507103,0.0004465341586459858,0.0009639493702040859,0.0,0.0015396348143886008,0.0027436763760380475,0.0016780725803288293,0.0010148697264789944,0.0018873770718759067,0.004350056683221076
4.5,0.029389577059650878,0.06186296092966399,0.05023344171795248,0.0028538904362051046,0.010180701409597998,0.0,0.013012252686649475,0.009838030422650182,0.01751889013692772,0.01535562086906803,0.013120007785292863,0.009423391128681577,0.0,0.00966551655398919,0.012752013649400644,0.0498390082843412,0.06193425672538794,0.03557624975789777,0.005459887090219002,0.0,0.0022267524751963972,0.0007448601315760037,0.0009982601298206405,0.0021724704667128534,0.0030830587750470904,0.0,0.002247232604212028,0.001374291707897193,0.00048322694915411377,0.0020158623280367893,0.0017885940189396592,0.0010196495579474526,0.0,0.00032443597520263266,0.0013407510568480261,0.002659292235902457,0.0022723047136478623,0.0014766780941513672,0.00108783843654637,0.0,0.000734253549087157,0.0015930183268745425,0.0021051480950751507,0.0014252489137180782,0.001317067584701374,0.002662919254772885
4.514705882352941,0.06569358155878235,0.0516262890808979,0.021142168878856428,0.012307645347425691,0.019643032245883478,0.0,0.014388395832244211,0.0038147208028585164,0.0025487908260638597,0.004741262698376502,0.0012476464483815312,0.005113067112337233,0.0,0.007463583725400071,0.025176246930060237,0.005051618148583795,0.005406299453235173,0.0104780963043007,0.006953569247255828,0.0,0.0028799509628115944,0.0007280724951066126,0.0035220498475360767,0.003957444452384123,0.0016741243510929524,0.0,0.0031732978701440105,0.002760828192235787,0.0010706217839013372,0.0007666450736777413,0.000714073530654975,0.0019762445430068316,0.0,0.003549459663233729,0.004697421533700829,0.0040627695143583735,0.005463513306935798,0.0026143388928961506,0.000870089299998829,0.0,0.0009409390899461104,0.0016846900242934492,0.0018744125379910111,0.0016012068376693406,0.0017851535666265424,0.001418663107498431
4.529411764705882,0.12116106226733978,0.04997560185663196,0.014043078994922747,0.01737382352777339,0.009852671765012106,0.0,0.004773186921490893,0.00882417330229149,0.005672763509548674,0.004055483968238639,0.007067738514585625,0.004433185007201772,0.0,0.026739114610515223,0.062343123522868936,0.009757428856404455,0.010907436368509823,0.007054165729701172,0.0028089922285646084,0.0,0.002682400244794432,0.001960665587226985,0.00333941606317529,0.002653124254588587,0.0010832305301904208,0.0,0.002562090062325869,0.0009112860541969038,0.0019986937469810583,0.0017822333424851967,0.002774909550595421,0.003200252484717471,0.0,0.001245114627302845,0.0009018833982296338,0.0011850172435244023,0.0027016885673448263,0.003049322625896029,0.0023294141988318496,0.0,0.0016672939530953325,0.0014080278703343032,0.0011928902911166848,0.002707741169168056,0.001631570370932822,0.0009703010551606075
4.544117647058823,0.03242340701424422,0.012321463707388715,0.005808933799048908,0.024394401358247622,0.012920874597618513,0.0,0.0018341689449626894,0.0032404011541867796,0.008128732323571532,0.0022876954111667666,0.005513502229676051,0.0033237036485624675,0.0,0.02359484299489467,0.0613814075532742,0.028909068048722376,0.026945807137038147,0.017486161946840433,0.006150826820717616,0.0,0.0048003233970469435,0.004569370473545971,0.003131500412247977,0.004818012767322073,0.002848884521894198,0.0,0.004057587778465624,0.004737429321323207,0.0038848918620789747,0.0019962664587413743,0.0014831841457726637,0.000610911531201485,0.0,0.0009881152634321339,0.0014839319654773022,0.0011162156915627227,0.00257679231189873,0.0016390020676070127,0.002092282761274445,0.0,0.002315226886319854,0.001603621190863887,0.0015642570981894875,0.000714517255590632,0.0012198485788078683,0.0011165192881473142
4.5588235294117645,0.20372706833254267,0.03838005369510605,0.011057872505496209,0.01149409803536787,0.003298874881976914,0.0,0.006768578797640616,0.005136074210930228,0.0066333932853921826,0.017870030031504437,0.011090882453048456,0.01822962692087508,0.0,0.06953453913986199,0.04210360921752472,0.0300333276099675,0.03786136081889753,0.010751914527367309,0.0022475010447704155,0.0,0.0019640931584402653,0.0016815303395689178,0.0016935007082038692,0.0029321585910821357,0.0018888077597743105,0.0,0.0009907138715166226,0.0006957317129821179,0.0012137769617282042,0.0009715148481812711,0.001795386529239253,0.0013121387843231175,0.0,0.0012484589118702605,0.0006873695326279646,0.0024825783008969498,0.0041493858997060425,0.001549676680039412,0.0006704843725707604,0.0,0.0009790603921639941,0.0013850444929692034,0.0018488816342155114,0.0019460431080602076,0.003078135982301838,0.0009959930386886928
4.573529411764706,0.06760671186087064,0.07591650895370464,0.014423354070056387,0.011892588839733109,0.011962727212856347,0.0,0.007315043668414402,0.0044688094485267945,0.005392887095281765,0.011805512150825315,0.017624665694424682,0.011569031826454185,0.0,0.04018293856042958,0.037658565134742195,0.1066726168095308,0.03357689047693101,0.009755531003854958,0.0030241998334523327,0.0,0.0006917453845979816,0.0027536220513233838,0.0031654357877686575,0.004236928146342694,0.0038544899367627177,0.0,0.0009299855437859051,0.001166412215416169,0.0011348496748365992,0.002153899880798797,0.0017846143238229091,0.0015615503536670528,0.0,0.0013777900424495463,0.004509195046951734,0.0030495686903193172,0.0018865025595124743,0.0009349260239549505,0.0007702627862026718,0.0,0.001315186581365408,0.0030221573430727422,0.0016093500131301895,0.0012688822640204806,0.0026191461967347454,0.0020010478376385225
4.588235294117647,0.18851143545218718,0.06835177117913264,0.02458523439739343,0.017885491397407933,0.009811967613031386,0.0,0.012623670692714709,0.007031120063925999,0.0010384868774270676,0.0052018767537428,0.002237217631730881,0.004394248257388421,0.0,0.0140535586516288,0.0744389287357629,0.02870285463917384,0.021389490257181447,0.03170195326028609,0.01346184842386123,0.0,0.0036893542360546,0.003115492913451634,0.0010590614666168077,0.0005788119676947636,0.00429410110880339,0.0,0.0060218773689343355,0.002975378936146852,0.002188438408245713,0.0005684460610143342,0.0005367828566480952,0.003565933601018132,0.0,0.002275137728815967,0.0006921046087246881,0.0023613842056861337,0.00032984059898711335,0.0015067341571649582,0.0019275112057198325,0.0,0.001407794184201662,0.0014852946417743978,0.0015736504834262944,0.0023981943122657738,0.00042153897516128495,0.0004987096441107935
4.602941176470588,0.09884126164407962,0.044050197004606696,0.01448044400332624,0.014781862514017006,0.008133475856368467,0.0,0.006338360974573968,0.008716320510776508,0.005411329790412538,0.00477629922263928,0.024219288842525933,0.03469935727778311,0.0,0.025531021976042245,0.006687265883423136,0.0030988612219960236,0.015309499329953975,0.010188737353415493,0.002967526745932995,0.0,0.0014382388337229695,0.0027925699272258924,0.0021912386175464574,0.0016476958594323777,0.0023393925460744635,0.0,0.002283548840644043,0.0008483040094477675,0.0005016382287999394,0.0014603084410253603,0.0026156984463841107,0.002003176163437568,0.0,0.001372734712013858,0.0016002154751595095,0.001067622966685915,0.0021961825766972803,0.002059162154019796,0.0009452479529057675,0.0,0.0014926015499478838,0.001786372035598455,0.0020265986781120744,0.0012506316201579895,0.0009680018102297592,0.0007107545197280239
4.61764705882353,0.0859174265243203,0.04040753659746018,0.021662083809060817,0.017363687612709854,0.017758351414007303,0.0,0.00841482908692432,0.0023987475978702825,0.0007475189178639101,0.0060464600384105335,0.018408966626165257,0.022644486878223773,0.0,0.006515125504167671,0.001841839032047338,0.002567034369887759,0.009768105472260464,0.007771856211901214,0.003772531689276098,0.0,0.0010184577886150912,0.0028097891683023873,0.004742382222485573,0.003711171226855055,0.0028788466452186494,0.0,0.0010905107949870246,0.0010124846242655907,0.0017457774087649032,0.0006082104864734695,0.0009182588441737184,0.0030911579311900176,0.0,0.0019908102109017444,0.0006729121651194261,0.0013899702442560194,0.0018879466844600183,0.000779403490210078,0.0009532654431938877,0.0,0.0018783699249285617,0.002115188916856204,0.0017571275652991645,0.001873915468324197,0.0008768173702052701,0.00073532118893588
4.632352941176471,0.12175066346107458,0.027041551104080908,0.003449871324269153,0.008453668324083289,0.0157402990994584,0.0,0.010414222830738035,0.011951119980771294,0.003905307582215026,0.02232939250041751,0.0035633338845586977,0.023483502480740593,0.0,0.012440379962918262,0.017321452996771815,0.03896867341946992,0.02432108605701477,0.023330696781028844,0.008231700211629736,0.0,0.00219043888468682,0.0010800758707764544,0.0010074901124360923,0.004644456919099943,0.003952148831607072,0.0,0.0022971190470110494,0.001403966792704043,0.0021813999125413473,0.002389711983041557,0.003973146372045906,0.002285260916092059,0.0,0.0021997291569400166,0.003298193434492205,0.0027884897573836383,0.00283258627298184,0.0025538451232635603,0.002526070622610183,0.0,0.0025169456071189003,0.002560257050085705,0.002765081994813413,0.0019613591613252355,0.003305308442506422,0.002081841707704329
4.647058823529412,0.14612910996994338,0.03017595987017986,0.021657995701463924,0.01568786589101087,0.005002906781342209,0.0,0.006684963972737689,0.0053131423109187455,0.018234273873875755,0.02630132059714335,0.018603039444929952,0.08420207463526203,0.0,0.011894150500320446,0.07391081602641675,0.05634578177824649,0.008688294418110719,0.003252091138989942,0.002622372318455207,0.0,0.0022928473442153435,0.000629178803651935,0.0010227341188161487,0.0030071900537447967,0.004456685857078318,0.0,0.0019351794993079214,0.002339694317228241,0.0020136059564326543,0.0015405453189818556,0.0021334667469986223,0.0010765630755999738,0.0,0.00037745673768853057,0.0003431951908595185,0.0011456093058317142,0.0011690465481240747,0.001469375083249094,0.0016273339181604824,0.0,0.001129841860044561,0.0017801173486107103,0.0030714546110913606,0.0011954963466526995,0.0013482246162211534,0.0005120734179463408
4.661764705882353,0.044713641624714834,0.03304389594709775,0.03696840265186774,0.016111102631073265,0.010767444677294083,0.0,0.0035281717580476018,0.002459521437207796,0.012864095456300075,0.01600909003187359,0.024500395766174916,0.01858626807525909,0.0,0.015407694447317419,0.02334164132920901,0.04219460610752645,0.014070042602097462,0.006731784978006392,0.0017254314165996956,0.0,0.0005117775511278267,0.0007888481783219534,0.0025916728885737247,0.002035124884838684,0.0054342465856645214,0.0,0.002430546135068937,0.0003558760379986087,0.0005879669476000115,0.003709255642194049,0.0038386142788327626,0.0015985068899587926,0.0,0.0010164820363761722,0.0005141960768362589,0.0010414720596415696,0.0030080817666802368,0.0026697647489027604,0.0021358285077039707,0.0,0.0026326548335040972,0.0018985169462174796,0.0026507224263638356,0.004496191656515997,0.0014001452386208457,0.0009309634125799108
4.676470588235294,0.030152467036896585,0.010960697484247012,0.01972910290425518,0.02248844971081055,0.015467265115397841,0.0,0.008404846637764772,0.003928918817284061,0.004249646241052817,0.008944173943230792,0.012058296246961931,0.011366249250278997,0.0,0.01570433275542909,0.017158417039413305,0.02112190053972266,0.023791828486132097,0.007407189324781943,0.004591340669812948,0.0,0.0021262053526907346,0.0009281265062009014,0.0016430294574810006,0.0033922829908456372,0.004639627109003352,0.0,0.0030926017602903822,0.0013890114552861897,0.002970363749883659,0.002580794231540902,0.002767499539021177,0.004722368881370919,0.0,0.0018039261258871524,0.00048090408067311255,0.0009020917323344109,0.0011832043972056167,0.0015880495613690804,0.0011073407830586189,0.0,0.0007132330184845337,0.0013957757481741957,0.002291924736343211,0.0016866041026133332,0.0019373083049461152,0.0013996428561458547
4.6911764705882355,0.10133288082386653,0.04531002995023866,0.017560062136983766,0.019587388327498963,0.018532999768796448,0.0,0.006295632221909045,0.004306811451465077,0.008587095918072,0.015987126337737807,0.01985804012885967,0.025752537851487,0.0,0.05769430861073832,0.05241520995264605,0.005280763118966083,0.00347016439650841,0.0065849854080058485,0.0032057320541389054,0.0,0.004048906461638537,0.0035601541707720686,0.0033925646516645234,0.0008569615992121753,0.0009115045987855722,0.0,0.00035642603096070857,0.0010295386585893393,0.0021045266525512997,0.003462125017005401,0.0023809884332177443,0.0007688013079730026,0.0,0.0008983902349828697,0.0016689575010098874,0.003278652464092067,0.004363557683830231,0.002107265506605443,0.0008331768986547372,0.0,0.000446753998901412,0.0005167602728544714,0.0020414501592780953,0.0020746346836551265,0.00042150560748699785,0.0009500861679807996
4.705882352941177,0.10412532952223735,0.08236432799225595,0.04300909141207464,0.009260510269828985,0.005495626761826829,0.0,0.015272259913902509,0.012560091682569448,0.004186964019431832,0.0250896427242476,0.019377280748123345,0.0030545122556268536,0.0,0.020316938105089066,0.025733806403503104,0.02878975152147567,0.023777585362567865,0.02049442269096756,0.0037419100655723308,0.0,0.0012010887827473657,0.0018885147835392795,0.004520876466021954,0.0053713399835066695,0.0034970269005520573,0.0,0.0005878573100862165,0.0026513710565101638,0.004098960552195947,0.0028217631753836873,0.0015443206516930668,0.0057684742052753505,0.0,0.0030109334044535483,0.0019168235725339237,0.003315516675113427,0.002285212080970531,0.0004249676020797261,0.00025655817550051076,0.0,0.00213675695778854,0.004031650017652434,0.001483232078425592,0.0013901774656683266,0.001675700643299034,0.00316601339922438
4.720588235294118,0.07162966158367554,0.0677104288604834,0.047581551287160836,0.022889718518847087,0.01069435127113192,0.0,0.010880834245728438,0.010834090247453465,0.006714482130154648,0.0052341459403695625,0.0051893940171486505,0.006117135609975727,0.0,0.02319089469258889,0.010708716408567527,0.010908535000129903,0.02273039991770568,0.01661745481375681,0.003682733252283581,0.0,0.0031648606442680562,0.001885837958874875,0.0022980663330193648,0.0020032691381239127,0.003222029238131925,0.0,0.004161544856353642,0.004039258023826493,0.0024240342298071076,0.0014532897106987065,0.0034672769589944516,0.0020051024028031944,0.0,0.004090927330135711,0.004132590220403422,0.0006246554361074326,0.0003454979812406015,0.0013034700515811692,0.0022661997399247274,0.0,0.0020492181466535493,0.0006328094418381848,0.0006804922306734636,0.0019530663816534192,0.0015499097374804612,0.002037076274298095
4.735294117647059,0.08759026559989605,0.007494426522367289,0.017126281207138463,0.02327913141877518,0.009000258160054769,0.0,0.0055990911757594795,0.009529119893615538,0.009454596629745281,0.006625624628402717,0.0058737170250318885,0.019129916740277524,0.0,0.017771148686724546,0.003200121472926411,0.009034674330959818,0.012864233580814195,0.004589614878227928,0.004489470166705647,0.0,0.0034438042252462353,0.0033769701626028357,0.0019469729445898277,0.0006349557472639393,0.00038350165155321455,0.0,0.0026285339811276784,0.0017892055754146566,0.00179108126429358,0.0004948735488999976,0.00044985436463955295,0.0005974133795761333,0.0,0.00040309869610924106,0.001978966123556686,0.001472427005253846,0.0026345622921140383,0.0017049158877854753,0.0009310702185466455,0.0,0.0004026431949007716,0.0016043023058077296,0.0011821747731390548,0.0009745794529135484,0.0006131124401092174,0.0011127780676414725
4.75,0.06724672517157762,0.024776310520158842,0.009964260536408642,0.008220550646406281,0.009698495921519727,0.0,0.0035389406439424384,0.008583799736942406,0.0084326323437795,0.008607395506739732,0.03398923074388405,0.01769877625161619,0.0,0.012528302607593095,0.013748549142000062,0.009055287310887814,0.006695082269847647,0.011487396866632643,0.0009584786027327767,0.0,0.0025555607204459136,0.0053640967482071235,0.002965299377596265,0.002343783986420365,0.004387994507962376,0.0,0.001730203106394193,0.0035416763379030967,0.0013981577019581233,0.0017937829413454147,0.0020126770828138804,0.0027512017547725847,0.0,0.0023190405239216106,0.003726654774228892,0.0031125899236853116,0.0015283713086607534,0.0016261321190369372,0.0008488787823088719,0.0,0.0013454599017078419,0.0009059888676745042,0.0009944554082303202,0.0015899655958141275,0.002461215356263611,0.0013955054539001584
4.764705882352941,0.08149606552827252,0.019605887948063134,0.013422508459644154,0.021665765232287096,0.008813311599237655,0.0,0.008221357963023642,0.01574777185475187,0.009125518492758205,0.008517833893338473,0.007033516615444484,0.016191345438407896,0.0,0.01095227969791954,0.013971136006921804,0.01368602842550172,0.02261977564362402,0.006623537860930043,0.012002194319659414,0.0,0.001986863350334078,0.0021249239090937078,0.0030138350036982404,0.0027345268206949674,0.0017497918602744104,0.0,0.0005207886127510833,0.001255243193897434,0.001663518110218568,0.0034023749606605365,0.003161931559261746,0.0025541407786282113,0.0,0.0016452840670773137,0.0024847050791552646,0.004293655120497266,0.003281999559020174,0.001826745230508522,0.0009274042616351866,0.0,0.0009586796613533793,0.0021573040804440087,0.001813200717060298,0.0032812007093745753,0.0016469765211964064,0.0025288653146241812
4.779411764705882,0.10403809646873485,0.04115289605073124,0.018676220252739368,0.014011266630218767,0.005230696074296957,0.0,0.008534295653316079,0.00836151483943029,0.004685860758016099,0.01333868701119464,0.053136121558070674,0.05674165477147271,0.0,0.03851095146959496,0.03896401627589734,0.1301061689667048,0.1370942968808564,0.017295840187692143,0.008323402573104308,0.0,0.006114921070199174,0.0018387123403406733,0.0014741685835919964,0.0009194208761202686,0.0007395469846091928,0.0,0.002269263427360252,0.0027686121561758623,0.00245904044503433,0.0017030851298018045,0.004922405318302851,0.005203954441197962,0.0,0.0014154184212458992,0.002094736991303272,0.0012429104081731514,0.0009087301313990786,0.001096247638245576,0.0014235876700357348,0.0,0.0008327467594548074,0.0009854740540844317,0.001369416971764598,0.0011240707762396602,0.00035056150051796306,0.0005399104001728827
4.794117647058823,0.047627909610901645,0.029858850571945213,0.028246579303451792,0.01611889616322804,0.001974021055853379,0.0,0.00610047501358311,0.007593709977576693,0.007506485160209014,0.030034506550419664,0.014494564757082653,0.007349797499257968,0.0,0.010236221080598521,0.022839472371704625,0.06758301822951666,0.06444359553656066,0.009800088007308215,0.0035844236256798636,0.0,0.00458672225474431,0.0033104053296209137,0.0007473729107799776,0.0017596792435201816,0.002959485811936428,0.0,0.0009718118378527018,0.005453464653491872,0.004679384920413155,0.0032427323543492764,0.0016088128124370328,0.0007061664932363852,0.0,0.0008905930323589293,0.0016625860278756447,0.004423883347714543,0.007990793916138939,0.005957274411240031,0.002524380377675936,0.0,0.0011589205425631285,0.000791238890459296,0.00040527440051646153,0.000811320312832221,0.0014512127976566917,0.00233530295992464
4.8088235294117645,0.07440141500447524,0.06887286044435059,0.030616584951735144,0.01781222445165952,0.008681758435971222,0.0,0.019523634114935608,0.02231804088888227,0.012233953666568582,0.005491966112322816,0.00856183619636314,0.018322773696278584,0.0,0.007785544704769802,0.004244517476977586,0.006858862546371652,0.008160577585407081,0.0074310220322692366,0.0036290476266776935,0.0,0.006016117499621018,0.0031454103274873918,0.0034978389246369352,0.005056937945121463,0.0026609529762042635,0.0,0.0013034204979418388,0.0012046931335483058,0.0005121384757309111,0.0021732151743762184,0.0022646554420645316,0.0013337270168141788,0.0,0.0003846168538833802,0.0008122410486979711,0.0014816399326263662,0.0029207897315055627,0.004993319185921398,0.0012911443163617635,0.0,0.0014351059850360736,0.001259512936231996,0.0005544478796604414,0.0006142173073081802,0.0011317586812585273,0.0017005390856367848
4.8235294117647065,0.1392502353756868,0.05824147818245317,0.0059242572670822075,0.02821635886023731,0.013955687039307437,0.0,0.0031268437707099106,0.0027327515764538155,0.004311263315560155,0.006200182839382215,0.017199009457503307,0.02281437620485717,0.0,0.015578424686660524,0.002212967972005185,0.0002696582759650207,0.00191501326760319,0.0022276306982279867,0.0034461126300174604,0.0,0.001287349449384466,0.0010126495574237144,0.002411945813029458,0.0015988316805403448,0.002476739951121537,0.0,0.005763877797289714,0.004432523182389217,0.0038698223888386815,0.002654215726720864,0.0008627796990892148,0.0012638644094279256,0.0,0.002334769907178567,0.003182888193940528,0.003959207198701042,0.002319400476748233,0.0024471378853371754,0.00277133679730035,0.0,0.0013288662027777637,0.0016905338784760707,0.00253232409467879,0.0019015188106701842,0.001175833046711066,0.0012351476878054214
4.838235294117647,0.04914620225065506,0.05223307650423184,0.013667822627954187,0.008973802031707143,0.006057474368166562,0.0,0.004553773958922159,0.0066192618855720415,0.004106169933503853,0.005741733866304121,0.008716619739459065,0.002868075313631502,0.0,0.009162020108811626,0.008532987782048182,0.014986751906421784,0.015870100515770286,0.005738513995959519,0.004784404053096482,0.0,0.0012833181192159363,0.00027793156575852497,0.0004878197302384159,0.0013661055674731833,0.0014877506488352832,0.0,0.001382943934905453,0.0012502178419835127,0.0009182618084303798,0.0004493307226303271,0.0015076411737142549,0.0023488624445146848,0.0,0.002934729189853778,0.0023671174919511263,0.0008673103083803006,0.000214334200750809,0.0004969922421344685,0.0007418097498300968,0.0,0.002288170358712185,0.0017434450254142685,0.0019651169896218474,0.0014693454718559794,0.0008952182921509232,0.0005589953895598983
4.852941176470589,0.19320123104753054,0.05440499514331606,0.022173818914069523,0.01917180592358005,0.009486014786818198,0.0,0.005583940666420401,0.007442247925069062,0.006231960993095758,0.009823496383101565,0.012125974470542516,0.029278734960656274,0.0,0.071224125800159,0.022924589764682667,0.009548245485450583,0.021322859166477467,0.01133037559130105,0.005997906502775327,0.0,0.003074947529719458,0.0018494385652177013,0.001264646092273293,0.000759655413854661,8.892485315372833e-05,0.0,0.0017962996797793599,0.0027642145975213844,0.0010840270219991972,0.0011315707148905675,0.0007840833581177165,0.0008346665767596788,0.0,0.0015106400978447474,0.0014187305609324283,0.0022380958323433065,0.002934638243066742,0.0013246903962472773,0.0014732055867039714,0.0,0.0020086054936734646,0.0032309249415538683,0.003507393799361875,0.0027046183355541654,0.003098362834189704,0.0026970407203169705
4.867647058823529,0.1207034026320303,0.06586807571363264,0.03341215220313517,0.006555717274983927,0.002322229837062888,0.0,0.008050231489649048,0.005972011319156071,0.005311507185549218,0.00589730344646703,0.008680045747070774,0.004637464599085232,0.0,0.0041658613495390556,0.006857297049376657,0.008871317256563666,0.0027661795441343675,0.001876549951440113,0.003348125474960798,0.0,0.0023798667324708028,0.0004917924519389396,0.003361074697655033,0.0030972216549931177,0.0009054029133008393,0.0,0.0033887950550073372,0.002304482180504599,0.0006539838373576547,0.001587733523739802,0.0008671115091294345,0.00043411132468383135,0.0,0.00015791738507271665,0.000857728619192588,0.0009498009524952194,0.0011159075944167439,0.0010172189072405967,0.0007790237295100346,0.0,0.0029726876492151212,0.0021532398673911888,0.0006213057330593233,0.0016603524386536732,0.0019840006019158853,0.0006025375410811307
4.882352941176471,0.06473450742209974,0.025939989298712416,0.04145350956689031,0.04433654357108066,0.011387115425671801,0.0,0.0024302361969211054,0.005129157579401911,0.007702981798441286,0.002749341702150886,0.010083694564507036,0.01760352274303998,0.0,0.01494720210595037,0.025259522799469237,0.015598926029046408,0.006382601321211933,0.00801497775926804,0.0018597708399225757,0.0,0.0005840841473242141,0.00017870311196836598,0.0010875941096675913,0.005448251416883701,0.0030584369866614356,0.0,0.0008999880860308891,0.000859834526511008,0.0003856497076524005,0.0016879426752506078,0.0063349885058310035,0.00588726014109078,0.0,0.0015602489816133503,0.0015099218060353075,0.0008865119230438907,0.0005702026586932295,0.0009011338698261556,0.0008541758716383387,0.0,0.0009512289296674009,0.0014895821815444714,0.0033763285867709327,0.003353701755478125,0.002344632335414203,0.0006265437603847955
4.897058823529411,0.08381501362323607,0.041195032673639435,0.04872538379009444,0.028785013610508583,0.019273645281223897,0.0,0.009781636365727573,0.005435230991784782,0.005143622597789877,0.0035155765697353638,0.007117835930684291,0.005460790955023741,0.0,0.005745219742310869,0.02774403142181974,0.03612835944574627,0.0012259938123194176,0.0022633067789685412,0.0035202741626340637,0.0,0.003944316985195839,0.003492358048761748,0.0018690693856214587,0.0004598560593982535,0.0016839122833167955,0.0,0.0017064234999984518,0.00071473924801049,0.0009523351594299975,0.001449852167115218,0.001313420911756755,0.0009924064165339193,0.0,0.001491846557842711,0.0009679856222433935,0.001214193152464863,0.0032814114498541194,0.000494134943204678,0.0010854927766833981,0.0,0.0021504324084324253,0.0016855947577110483,0.0008086812092211943,0.0018223524235693044,0.0016280515036606546,0.0016596785697860275
4.911764705882353,0.021598194255330924,0.04394985670302262,0.03483832280022853,0.009799505623110424,0.003893026325587915,0.0,0.009408581178691006,0.008953082420827745,0.007187161322717095,0.008719819118647302,0.0036422521158428786,0.006236234035411218,0.0,0.02229062819008168,0.06849879521532824,0.04528224231577631,0.0011316728627141705,0.006812080012192618,0.005061498247087499,0.0,0.005475432409636855,0.0018409646234462062,0.0016350536786503746,0.001171434591769143,0.0009247794925411355,0.0,0.0006342855217737302,0.001107625937983947,0.0035229701793063825,0.002574777780876514,0.0015762673245460076,0.0017562960134311215,0.0,0.003860128439263117,0.0031808940682310385,0.0018598041388422537,0.0035938544518649643,0.0017339039941873806,0.001747510867362407,0.0,0.0010884978996035907,0.0051522814950351395,0.006573578266840888,0.0017281946849040425,0.0010094435361610338,0.0011245186997622272
4.9264705882352935,0.09863010975632304,0.019940684729432355,0.02754905854458637,0.017991589347355934,0.005102856578944875,0.0,0.009334659761271479,0.00705345093871035,0.0027955142678766044,0.00809695742625278,0.009321436172663912,0.019086307615913508,0.0,0.033253429273333586,0.031857913245152476,0.02816183556703869,0.01683723877098798,0.007982776443974464,0.0025417692400199025,0.0,0.001987955537364544,0.005109437011917217,0.005721650759967723,0.0032644064651142163,0.00334737944960253,0.0,0.0016367743562237995,0.0014959911328782966,0.0013871744840772923,0.00041402751112813154,0.0004404041199668952,0.0015629591456424823,0.0,0.001352125852106336,0.00015217708798908073,0.0018643803671599811,0.004063927192965344,0.004956327849135651,0.003163407762047584,0.0,0.0013363092244995619,0.002068075953283467,0.0010871041476267775,0.0008285541820215086,0.0018781051522381343,0.002186577238183327
4.9411764705882355,0.04631654928405285,0.04374998318255315,0.023615488193068468,0.010543758494743906,0.0066357615838178825,0.0,0.0026299479392226967,0.004252630213143735,0.0039896250335111315,0.00400097924507578,0.0021922454833124987,0.003753384058201296,0.0,0.006183990140232706,0.0023462487070793903,0.015540365015563095,0.001128581109288769,0.01592033757834579,0.016777032014613218,0.0,0.006338664918199483,0.0027671387067086887,0.002477293888740365,0.0020747313268983155,0.0009376526403672502,0.0,0.001829896183744506,0.0015795338097161205,0.001196187533666765,0.0008689693296068085,0.0009658049568971404,0.0026157891748497587,0.0,0.002392677288740185,0.002347911101972762,0.0013822064682818107,0.0011475251216652937,0.0003636415698255453,0.0005598031261337096,0.0,0.00024405333870918618,0.0008346767475479596,0.0013747127089294426,0.0009042067226368151,0.002452055302317524,0.0016100782052930964
4.955882352941176,0.08298559634186023,0.03463355986713092,0.030833662716420743,0.017336656764896503,0.011114072068096366,0.0,0.0073425962755663005,0.005089225743500126,0.008392444141585064,0.007491503991488761,0.00894227519944801,0.02198650366107775,0.0,0.027026674545400975,0.02143357419156464,0.02901390352048762,0.012322388461114142,0.022354040329323092,0.005327866791867697,0.0,0.0014913161349559348,0.0016030814164232157,0.0007708669421749455,0.0022300559350335305,0.002130788114193623,0.0,0.0008982821161735389,0.0028371853764945507,0.002995464505923411,0.0022326051617900834,0.0012184326500265057,0.0016854939504793508,0.0,0.0004404066646481062,0.00104216912393504,0.0016592127778697566,0.0018671365416549333,0.002308950965331731,0.0025892854357187703,0.0,0.0026829105126407746,0.0027064095187269484,0.0021442458630399905,0.0023568356456276753,0.001144771914043913,0.002971367029974011
4.970588235294118,0.058191020455186954,0.062217493845835525,0.04371811534638822,0.048907630723804274,0.023597971030596368,0.0,0.01646731327037513,0.00964297755090709,0.012053527538886635,0.006693625337067318,0.0014861501679469167,0.01739115690542076,0.0,0.018900988538502722,0.005338180551379336,0.02903694341926919,0.01804432643246836,0.0029378567819068413,0.0041256371091023016,0.0,0.0020878664641872024,0.0029158804294723267,0.0024946400479954798,0.001872355980346101,0.0011556290504293864,0.0,0.0012525115974265093,0.002202193498839793,0.0031205959291560805,0.0013763866218414154,0.0010968439631750839,0.0008879925999636491,0.0,0.0034535712652520503,0.0011842201871963927,0.0019235139547769736,0.002129585908612316,0.0016205044220667846,0.0014410879043396047,0.0,0.0020918389434535422,0.003333197370976976,0.0021675243705354384,0.0010337113560596272,0.0004793352642468763,0.0014082674288834127
4.985294117647058,0.06950684392041734,0.07679501202718195,0.03461477974977236,0.012031726029797973,0.0042624306061847285,0.0,0.005694088788826305,0.005737474896920152,0.0018502554300334204,0.002435824971805122,0.0036205160460973246,0.012276235713708648,0.0,0.05165321484943431,0.06285792285784761,0.048233635128552416,0.007742420950192598,0.002179833387011324,0.003051738655105046,0.0,0.0018612008822326766,0.0023299080228924,0.0004812258094895921,0.0007782529584198272,0.0014066858691833266,0.0,0.002584793996619907,0.0023003447537419865,0.0009288605472852256,0.001316399189843821,0.00206682872408116,0.003251227551905867,0.0,0.0051854300259667205,0.0018592405915801482,0.0005613766795097167,0.0008616319759117718,0.001327222270496534,0.001954381950471965,0.0,0.002177658714207555,0.0015324499502494273,0.0010301867504159243,0.0022921478400335926,0.0016959639847933567,0.0007522609955208358
5.0,0.15775298802410995,0.04665279386105175,0.022621909138243003,0.03173239615971102,0.02367165045547403,0.0,0.015160621314359078,0.00843567511674965,0.014245111916188097,0.02435886697236548,0.024696448331951375,0.023876446427672622,0.0,0.08654947468979898,0.051812933661407795,0.010372559876799057,0.007946628882619365,0.007953260480123295,0.0059344627705834666,0.0,0.003820213327190131,0.002879172484426685,0.005426668011976037,0.0033648702360955162,0.0016004532122252271,0.0,0.0045109654331238844,0.004528508918166488,0.0028094485286207058,0.000880279117394311,0.0010206888123845787,0.0009356344234429717,0.0,0.00231111204899298,0.002578698201457584,0.004620303918151302,0.0033403540269216206,0.0018809447121026469,0.003297238094488117,0.0,0.0017105184558615604,0.0016911423852283365,0.0019453224058411309,0.0019576447099066115,0.001409532094675759,0.0019763898652560463
5.014705882352941,0.13211416646748725,0.11503156042607597,0.023934951777373425,0.004901218387178132,0.0027423848086079346,0.0,0.0037508293897248984,0.0056881655225453995,0.018778940655064358,0.005246744666151583,0.013667486532292989,0.018458737981894967,0.0,0.011360918379469575,0.022365710431445425,0.03525868007893969,0.013724147929595781,0.011115074553291023,0.010375528920481233,0.0,0.006715532051362522,0.004228983225087352,0.0033367043942226166,0.003680094289532469,0.00350141873406753,0.0,0.0004816497285022223,0.001927278918346462,0.0033336996638245494,0.0014068304298770413,0.001997121584269559,0.0018188972184459687,0.0,0.0013840450172302808,0.002665434942424906,0.0009312927306962536,0.0002828551775725756,0.00137762813426274,0.002176615225942604,0.0,0.0005041910212810072,0.003015178769516582,0.003984537157880979,0.001781182935552239,0.0006677294057129482,0.000821317848613618
5.029411764705882,0.045048914645619435,0.05145038072647991,0.02591736571485105,0.015629842939415366,0.01676084557778379,0.0,0.02168625183156316,0.016690544871509116,0.006931702466156977,0.004037115446414991,0.008360521349160809,0.031046660492626478,0.0,0.020117814653558407,0.013900701022700657,0.013699553000649714,0.032089759220871525,0.019048813193608596,0.004495327892512213,0.0,0.0031289349548798014,0.0017448202288717638,0.0023883566828992,0.0026682132172061333,0.0012492752895311074,0.0,0.0008441301122165785,0.00023041080895083585,0.0008915600344840445,0.0004382896064392283,0.0011408928282243195,0.0017616901372593855,0.0,0.0020299557978341355,0.0011757112940714628,0.0012317251237190115,0.002045425222423292,0.0018546098396080265,0.0009026809164372683,0.0,0.0008940976522818418,6.679132235618084e-05,0.0005652826293285054,0.0006101681161317335,0.0006637013557773529,0.0007375504524942524
5.044117647058823,0.1091497770456955,0.02027581342959016,0.005296568832450673,0.010785672484930925,0.01736932698486286,0.0,0.004753056905566073,0.009424508702256357,0.005115692057959739,0.0019683441423443424,0.00589772562424397,0.026793623285294693,0.0,0.007528352036395353,0.008507712633651448,0.010925416063095458,0.011114678238086184,0.010121251286485635,0.01270266339247077,0.0,0.0049876650275405415,0.0023106970251222545,0.0011161780694860545,0.0025218318649054784,0.00411456311404928,0.0,0.0037827076415291694,0.0029496123129812606,0.0014520115987739096,0.001124895292183047,0.001984999854480864,0.0012827716134586927,0.0,0.0013116571543567354,0.0018436724024537927,0.002550397743513197,0.0032945780600785353,0.0031106093918006894,0.0013838262412725637,0.0,0.0011564363381563387,0.0017487208749583745,0.0020407743791374705,0.0016144763207718515,0.0018716125173485643,0.003337813248383772
5.0588235294117645,0.12293100018286124,0.051107186367622896,0.03042819716689625,0.0136120058725608,0.010029593018919016,0.0,0.010506541126631545,0.013080822333664859,0.002569853627767229,0.00745778930652973,0.007352346719971419,0.024879036359168882,0.0,0.05640958328746255,0.01663711983729489,0.062188898349391494,0.03947875158908107,0.0025150211848663515,0.009418079075112789,0.0,0.0013492036712970893,0.0018469162353696087,0.0026630536371855178,0.0013839574799201903,0.002423836644487344,0.0,0.002833543154517781,0.0006506485590545461,0.0016464910624023783,0.0024645282356825643,0.005148417563291275,0.0019019677673127286,0.0,0.001422732487146894,0.0037909931811481333,0.0023988492207527917,0.001138881040484298,0.0009038488968620348,0.0016256316934332618,0.0,0.00041785470786013704,0.00019575773009114164,0.0007906088653186054,0.00204804483749208,0.0020728013805214507,0.0022680223109893807
5.073529411764706,0.1059503974347095,0.0325217826978407,0.01297995699526655,0.006158267527831945,0.0023314731476541065,0.0,0.0032081845719574304,0.015994817032960115,0.019181127713573904,0.009256548313880961,0.01175770673330971,0.034535866564633054,0.0,0.012157061078561671,0.042892614311751766,0.0391527825633011,0.01688328912450326,0.005875314279850809,0.004279006814515915,0.0,0.0023992352619819977,0.001533856509447765,0.002026872937075891,0.0006616524559665035,0.0006628209817827059,0.0,0.0008777472514003003,0.00313183079884619,0.001657044703479765,0.0015338448770508347,0.0012583705944395906,0.0018336122949360366,0.0,0.0007503128352954866,0.0029212755662470693,0.0007056961504494315,0.002306015441939696,0.003076369998440149,0.0024158552697786232,0.0,0.0019211750364458067,0.0031457049001046137,0.0014276482817797919,0.0022727385160345786,0.0019275265702706262,0.001861315365009239
5.088235294117647,0.07430353902172501,0.07780409955166755,0.05521142837540477,0.021012656782003297,0.0040042471787338045,0.0,0.007372809734724921,0.013549674251223082,0.004449436233045432,0.006339519783917165,0.018961133268376184,0.06642059005256007,0.0,0.05285789564571063,0.01975900126680949,0.004536382962709957,0.01084755093073032,0.006880697723758781,0.0027714513101125397,0.0,0.0023171413867098213,0.003351031005739399,0.0014905969446462014,0.000993644180936521,0.0005232381359494109,0.0,0.0005186801211154655,0.0008106470117918118,0.0003897440166058312,0.0019484888038706306,0.0023584598270773856,0.002671073939812302,0.0,0.0027894527726340726,0.0028539834758995026,0.003906546134055878,0.0025524178341500238,0.0029609926498174806,0.0024214140104879475,0.0,0.002275828776881443,0.002311750188972092,0.0008340672800775235,0.0011238651488413584,0.0013614429315372569,0.001378204159449333
5.102941176470588,0.08313570722403132,0.02719162007775025,0.014447772961164765,0.0023115458071572255,0.0059390093560319785,0.0,0.004593941887787357,0.002932133447581393,0.011494650153266353,0.029120013131016677,0.032002638839086155,0.01664682494077895,0.0,0.1569773771726536,0.2570957502183808,0.08314051730920102,0.02516864113646878,0.02008889006776302,0.010132700507765562,0.0,0.0007836561476498298,0.001464417432361533,0.0011298059287424092,0.002866816856611009,0.0007081585628861919,0.0,0.0025811887946318715,0.0011441924063623535,0.0011047307839192782,0.0026325816791684625,0.001282530654474461,0.0009585065375674951,0.0,0.0010992727301444313,0.0023597629869502638,0.0011597336817438554,0.000556959012791755,0.002408104998061698,0.003648489337910679,0.0,0.0032283085538396617,0.002186697461787089,0.0013352766330601933,0.0007444204873994227,0.0011528853605717682,0.0005962117300303268
5.117647058823529,0.051958150115141225,0.05038662269248116,0.018383342789085266,0.017208230811426393,0.0230047965906461,0.0,0.008861499468276494,0.0016344410324297361,0.0029834338139681877,0.006843559438570929,0.013779004618923606,0.008088389582067368,0.0,0.028232644538142726,0.016200743114431294,0.0759529643722655,0.031176088535064893,0.017411329321338313,0.008301007322021494,0.0,0.006313130703123817,0.006124776499469718,0.0032303172504271472,0.0018139010158079306,0.0012923315082371374,0.0,0.003026905079243017,0.0009911933549387525,0.0009528281024454429,0.0008978756244463926,0.0016847989580877113,0.001647482088203657,0.0,0.0012122355895926456,0.0004428057241884103,0.0016942253497317095,0.0011355453972957893,0.000691742775104159,0.0026460458210622283,0.0,0.002851716674505778,0.0007087178100516621,0.002122725871951391,0.001831460406505376,0.0007662527584683283,0.0016071527005584705
5.13235294117647,0.044330102159937795,0.024640179224716733,0.013093798176717773,0.004863420554828479,0.011179244053305358,0.0,0.008912697895633924,0.006024474932879307,0.011302048868451476,0.006849431933824649,0.0033276230941073574,0.013710234321136008,0.0,0.05169365642983376,0.1345635066096442,0.04341113062859589,0.01981757853921165,0.005684816144848634,0.005669962887245092,0.0,0.0031501812035742522,0.0032860900462068675,0.0012396780219860312,0.0006814234673660432,0.001263095542137306,0.0,0.0023239504699744786,0.0006301389657566541,0.0010057273343695658,0.001104441053387843,0.0012689813879430203,0.003663087565314375,0.0,0.004827715734592392,0.005043952394447102,0.004891726606929284,0.0029533867369600287,0.000848548275043771,0.00040334064608437765,0.0,0.0005742496105358983,0.002229750761559044,0.002386357780722617,0.0014823185648603098,0.0010934218090201623,0.0020535763983431823
5.147058823529411,0.12827705010347418,0.021390895707315595,0.02095557377846509,0.009210290516508268,0.003933315013416924,0.0,0.007607921618200575,0.005029830350213745,0.009468289046165698,0.014406647123191318,0.01269937676673134,0.04637251862502156,0.0,0.06819888157589042,0.022207290616396466,0.021347093018471867,0.023537403920932558,0.042595861478835,0.009329037174312264,0.0,0.0028763628894782544,0.0024802257608587453,0.002541356419598096,0.000971179449898064,0.0007695207429838627,0.0,0.0022852685517898686,0.00390291888359089,0.0020955455764257434,0.003548631593296308,0.002097802405563814,0.0015701843779255893,0.0,0.0005936104418809256,0.00121756239913088,0.0009644960432031689,0.0021384187280837482,0.0018933933997121065,0.0024726060103015994,0.0,0.002122596355951321,0.0014184352365997851,0.0010779299162191058,0.0005810861869122093,0.0005885248050344944,0.0004977298665020587
5.161764705882352,0.05754847201360255,0.024072412987652378,0.011672854973795145,0.025508210436860464,0.0164690550248761,0.0,0.00799344056103067,0.018088686502546955,0.03992958620351857,0.013481749875159852,0.015133573127244906,0.010455117422205184,0.0,0.04986094085117221,0.04989089490598904,0.03205336711594624,0.020486954726008724,0.007612684389922016,0.0030312535018300916,0.0,0.004145080298742754,0.001452777912076357,0.001266559298918711,0.0007739924309486738,0.0014457881237345312,0.0,0.003742947728202357,0.003610873155092573,0.0027510413960612303,0.0022414361495487383,0.0007839563812473412,0.0012864559880146024,0.0,0.0003068635015559976,0.0018380226156571905,0.002175712140385499,0.0034971068319294705,0.005428262206713046,0.0011850955034684394,0.0,0.0026441525081490834,0.0011266860360183944,0.0005571080973810146,0.0008855163513326371,0.0008801322025179363,0.0006735666518396645
5.176470588235294,0.07021754997144404,0.06207658220686469,0.021473586046983493,0.017141063951378155,0.00812589986844735,0.0,0.01004725456688442,0.024611810455854928,0.031764281254215286,0.015608809783977799,0.014994277567614726,0.024170518921080783,0.0,0.0509921194766806,0.1072187505329526,0.07931055814492793,0.010415558150825734,0.005729078929191774,0.005773496632166248,0.0,0.0014708141287594046,0.0011524829598645566,0.0023876163799486406,0.0029219871701158945,0.0024455777646425012,0.0,0.002208576002854727,0.004141395590736797,0.0030295534418413655,0.0018988077148817401,0.0028282212949996685,0.0007266082341628032,0.0,0.0004804385399584442,0.0024538030879749624,0.0022281541816459166,0.003734492862836447,0.0014540271239216031,0.001832489029779369,0.0,0.001097723148045196,0.0007918781204144724,0.0012387747533338135,0.001941236015273548,0.002192064238815023,0.0027436149434134855
5.1911764705882355,0.08284912645532555,0.03843605791954846,0.027514751031836298,0.00365686096646454,0.006464012265307809,0.0,0.016343533773992773,0.06909810011798621,0.1202780313968409,0.05957635803197963,0.042091073986386576,0.030697859311341707,0.0,0.02268560460508935,0.03437092822474877,0.012926755848783857,0.002594646984356657,0.0032114485717722177,0.003315613610188366,0.0,0.00211158243558833,0.001971051737293517,0.002528628004331533,0.00290004563792196,0.0036169828530424873,0.0,0.0026962489995746306,0.00587786732248608,0.003608284241867671,0.001389023790139147,0.0018369166422549008,0.0033690514570770586,0.0,0.0011776159212662568,0.0009381074375990673,0.0010906870094965692,0.0008378037131491437,0.0005411063137210226,0.00022488420444425678,0.0,0.0008711910616070581,0.0014944159181797946,0.0022605643411380124,0.002391030508224222,0.0028262833687740015,0.0021788514242837885
5.205882352941177,0.16415661307758306,0.043312403866199306,0.01708520293413762,0.02135152508453419,0.0038375741320381806,0.0,0.0008613049417562526,0.023053597896619975,0.1361923423103987,0.17369485501166898,0.02632702252577001,0.044371215685346396,0.0,0.028610919609288903,0.006523220710016426,0.011713659195189807,0.021168881341336356,0.005887131280816714,0.0026407925654331815,0.0,0.0021403070510877045,0.0005919926760781149,0.0007013651186729225,0.001461029566309835,0.002045142741928861,0.0,0.0015938853419351197,0.0019833505991112715,0.00193750853425466,0.0017596890102414178,0.004542926864573581,0.0027698825492535185,0.0,0.003092369890763406,0.005015778093820012,0.0029509693540786188,0.0014289785848595746,0.0011427649270460336,0.0012502291503598312,0.0,0.004162148972305843,0.006506106981830545,0.0034990570210452782,0.0007109988249431105,0.0011538454696396823,0.0016641433117491732
5.220588235294118,0.09501653796730787,0.03106361195532182,0.06291330396387332,0.025941519937994914,0.0067447969570067386,0.0,0.004849524003827022,0.004971334986686935,0.004762208643843566,0.020358982634374096,0.205980436936317,0.26636519527834523,0.0,0.060163624449614754,0.11526226873345055,0.0910030449028809,0.05820288794145238,0.01695000901259297,0.0012831294820596214,0.0,0.0010518281490613825,0.0012598138262135484,0.0009721353717818627,0.0016607957439390593,0.0016597391247842824,0.0,0.0033854360206855634,0.0032912522661624065,0.0029955170827294124,0.002516294704205893,0.0038563072012573955,0.0014918839129564403,0.0,0.000969407459151059,0.0030197631728625706,0.003149393977867529,0.0014462471661309964,0.0005691004790518213,0.0009076452709380393,0.0,0.0002992764422345578,0.00043059693699842654,0.0007642809107807224,0.0014627015511032887,0.0017167785439889732,0.0022611236098920243
5.235294117647059,0.01469361977216996,0.052757622635604955,0.03904216967306673,0.014217552846495724,0.007345224326923801,0.0,0.011950623134348456,0.01007440837349429,0.0066662965345889134,0.008671825863151066,0.08623212697017857,0.2896499398932698,0.0,0.5344000821163561,0.3037275871612052,0.09672575856998364,0.07091169652216302,0.0287278567035966,0.003953935158889145,0.0,0.0040747986077497335,0.0024503880935305465,0.0022803965596111435,0.0013834080316871558,0.0003918032265488929,0.0,0.0007915248732230991,0.0006041289612809029,0.0009135716400421455,0.002351800557676789,0.0034050961125495762,0.0005005571038999478,0.0,0.003979479277733841,0.004912853668590405,0.0035562177718501823,0.003976541375451629,0.002143063511982444,0.0014630246195790548,0.0,0.0011235193755721766,0.0014288996350603615,0.001379134154771994,0.0005116352324859632,0.002085451204999866,0.0016706060236456478
5.25,0.05731401094105917,0.007883633801137326,0.015656270011702427,0.011387540053246626,0.006863623435847894,0.0,0.002063547842655523,0.012084722694534738,0.017660947147932895,0.012258327281190706,0.08337619766467827,0.2026642503596614,0.0,0.11751034124403462,0.08909989014569682,0.0236163486351168,0.00972252225702492,0.01808124695548335,0.008354569497708264,0.0,0.003640130017741022,0.0013021599638779104,0.0007589144824298404,0.0009673108607835191,0.00177594189427474,0.0,0.004117790692400585,0.001592882890870602,0.0005086852063595229,0.0002927182256616881,0.002826875449952109,0.0008098561323771627,0.0,0.0014094542847632265,0.00461821850928544,0.0026216376940369776,0.0023564033540702206,0.0035934256161476983,0.0021059065794916433,0.0,0.0021626533273237346,0.0025100498816360184,0.0022006732977836174,0.002118996204880012,0.004055826713170066,0.002152162044914811
5.264705882352941,0.07787189394137717,0.021898464081826562,0.011870146167080165,0.017822677300574394,0.009146132000065067,0.0,0.00551283778848502,0.007294822930990276,0.012201320872730093,0.007763094796491596,0.012587389140689846,0.08400438036256619,0.0,0.6473251064161926,0.7646006414763902,0.18986826283166147,0.031137766360319508,0.002248519648072541,0.002222217957704706,0.0,0.0012658339875393479,0.0019135666723782221,0.0021495455964629135,0.0017939926156749146,0.00167162266677384,0.0,0.003748810992068934,0.006469003321798766,0.003230521251500515,0.0024139418152025003,0.006136252186309808,0.003938775444480539,0.0,0.003928113746181103,0.003719989510543065,0.0019053490416463888,0.0022996932135817484,0.002720964208211549,0.003225004498374678,0.0,0.0004618920225510261,0.0003009549379098621,0.0002842393904964562,0.0006395679637172961,0.0015680465679054803,0.0014278403876187779
5.279411764705882,0.03386812457394591,0.0409528370258415,0.0329013235174179,0.010525826512208491,0.002175702082791003,0.0,0.010329012319898277,0.01352714379889939,0.010368151105198068,0.005603479221426986,0.04137886490130291,0.04764569811367865,0.0,0.12589471216631226,0.2129388657052641,0.05040289019036906,0.029350088627326403,0.002999473826243843,0.01067278241450194,0.0,0.007792316649782742,0.0018680255067194426,0.0010994996983957268,0.0019901480717016526,0.0024508139300704265,0.0,0.0022020186433769,0.002996442638466985,0.003196277826286701,0.001908079446082683,0.0006157361068187845,0.000686893177100046,0.0,0.001159218097472413,0.0013632616429991758,0.002846199960530446,0.0017158021956923395,0.001441613729133062,0.00143741811238516,0.0,0.0019131623422304,0.002179841789884015,0.0012002031330632646,0.0009638830249005259,0.001070596269268139,0.0025290275919571453
5.294117647058823,0.13340212059476356,0.07213630824539916,0.02427088820312509,0.007875147776458558,0.002435238762543749,0.0,0.005513586708052449,0.013418259395243888,0.025078821036154147,0.020992756339604762,0.009969810506271399,0.003180556165334267,0.0,0.011136797686822514,0.11749936527135013,0.1122213118485044,0.017811062637706102,0.006084010384781811,0.001408993503252322,0.0,0.004244756146180853,0.0058917503477439355,0.0035651650599814516,0.003023916373260773,0.00564597406667423,0.0,0.002485524350883561,0.0006583483555588731,0.001480574598116344,0.001718525133405257,0.001596809723254588,0.0015587374195499934,0.0,0.0021011723440601954,0.00045658791705865444,0.0009292061874218679,0.001730449593841752,0.0006934784356384207,0.0012469376844510818,0.0,0.0008035688969608213,0.0014891448124839841,0.001050922103354202,0.000976754434692917,0.0005561291784345896,0.00024011160423533006
5.3088235294117645,0.07017638998180362,0.037936843379458435,0.018610868642394984,0.01854477801292939,0.014086942978800854,0.0,0.01010298348332498,0.012514465674831896,0.008837704584143265,0.025324027336862315,0.039563654952352444,0.013774512006067908,0.0,0.008682434823958002,0.0010485590151685137,0.004692952061145558,0.00442097629339951,0.0013787275451261195,0.001496664790142156,0.0,0.0012157419882616422,0.0038730893664978903,0.0032367387979133754,0.003005736927444152,0.0041585424741622384,0.0,0.004251544775482848,0.003873209763202444,0.0029327281816649256,0.003909131834125832,0.0032545912615568164,0.0009644856659620471,0.0,0.0008063792291248011,0.002141015396140862,0.003015209857396336,0.003156340594336905,0.0018089305876998003,0.000775246087719921,0.0,0.0004205124581462764,0.00016053411107116338,0.0008479801465961349,0.0011050563359644905,0.0009369246084303666,0.001692687237455761
5.323529411764706,0.07644716568284597,0.020834693324049414,0.025792324703471436,0.026907372974522815,0.002662130528109019,0.0,0.008501027477240576,0.01832787582934793,0.007682783456156798,0.016088018472197048,0.05937693969162437,0.0458265757282603,0.0,0.021223684172984807,0.014943733877153777,0.012282053440135754,0.026568068869454738,0.004858524779569094,0.0011521566495188628,0.0,0.0010645239013279194,0.0016350472302448594,0.0029343500194850413,0.0013822981018552572,0.0006035116850341527,0.0,0.0005920514536367347,0.0016317138244280626,0.0006738226153052082,0.0006324031128460647,0.00030351348540073387,0.000679338843860874,0.0,0.0013079376917267463,0.001269190555588176,0.0032305325226142404,0.0030267671499253843,0.001614894251069669,0.001208838963653089,0.0,0.0005144620490663279,0.0011574336127543289,0.002434138627105154,0.005359357365896842,0.0033263560326579292,0.0017529711568008799
5.338235294117647,0.04311170084690821,0.010199267974113534,0.021559819680705635,0.008925800192724287,0.002828529956357034,0.0,0.005717289131794669,0.00760746236782951,0.009475389570485056,0.006465914213403274,0.02457260956483601,0.02912226031854076,0.0,0.029645083012837362,0.03633734685101617,0.003958073988461123,0.007745612374290219,0.0032703890763731256,0.004426348712588163,0.0,0.0019629459616863163,0.0020709366002408646,0.0050750293027409035,0.007711803877040704,0.0031437260478832533,0.0,0.0010353153222963513,0.0005417705317690373,0.0026169908740804023,0.0019046100364256506,0.0011178678916176894,0.002389355216853575,0.0,0.00286364085413474,0.004017584592483848,0.004007630257380457,0.002167531386467929,0.0019111591962196915,0.0019430091154805293,0.0,0.0018627380021257016,0.0014572968715382496,0.00045475449275623076,0.0007692184723684229,0.00249875318170398,0.003278728710386516
5.352941176470588,0.13876008558620084,0.035225735953663906,0.03205181290890555,0.022791703832549432,0.00977545537341534,0.0,0.004084357769066156,0.010673827960667997,0.010837827852293728,0.0035589602521368872,0.019961354212549614,0.031635927604107286,0.0,0.009226008171677595,0.013090952559534911,0.03059404359698753,0.01610655122421016,0.00695320409454904,0.007930419100821342,0.0,0.0025738175709024147,0.0024986189964295432,0.002164190781828262,0.001552164651954494,0.0027340985104068165,0.0,0.0044376560257067274,0.0009938695627167789,0.0004977858338774255,0.0005773516313527352,0.00288877550491791,0.001640360764618615,0.0,0.0003425050534315649,0.0003593434830189356,0.00344841315000716,0.002407282941848576,0.0013557171669168885,0.0027294617459555546,0.0,0.0016871964391089974,0.0022889102276320307,0.0015015294807916068,0.0019731694563466275,0.0032401883867484724,0.000645663122401876
5.36764705882353,0.0714617255763974,0.007205754278823355,0.01957257087558418,0.017004186416105745,0.007322159070005619,0.0,0.0023966869037439437,0.009389635450243444,0.028134794317640426,0.043517196683707744,0.04350949424883586,0.047711954606089055,0.0,0.025430024579226676,0.022912385616315853,0.04793845215059176,0.0236022349168163,0.0013628764974035461,0.006322236293606787,0.0,0.004773647968963647,0.004482974191043991,0.0033560302931000016,0.002554908543557991,0.0036551129526684783,0.0,0.0028761463198308302,0.00046984486691179655,0.001888964033906724,0.0026760326525298844,0.0009785880237340675,0.0018609285902095045,0.0,0.004047595304447724,0.002614567448418685,0.0003806054102323106,0.0011770062263919997,0.00274144383391706,0.0018563941683374197,0.0,0.002189254147981521,0.0010961890223041807,0.0009354584530159767,0.0024773192262649048,0.00256566835449133,0.0007559937000144834
5.382352941176471,0.05978179145601399,0.033417570631284955,0.02654977500064411,0.035024503612244545,0.027549845774200058,0.0,0.028375680378548353,0.0749932627439113,0.03203044479511539,0.0009606858457754527,0.01950146560625022,0.08079412061725469,0.0,0.03812536692138399,0.0021211946440682044,0.004563455590935332,0.0065471782280750335,0.00711052711557647,0.007509844625852524,0.0,0.002436000542133024,0.0009334948329552405,0.0008887595318565473,0.002224564987308465,0.0032943434839604476,0.0,0.003323413173365299,0.0012720465914533884,0.0017140576466057227,0.0012203209381015786,0.0015475545161124146,0.0022704154347276,0.0,0.003948418238658099,0.001415257006840887,0.004109739450664243,0.0021875546526949306,0.0014248120209446509,0.0014838125831529074,0.0,0.0035817574598884135,0.0030122593041010913,0.0011022886889872764,0.0009684187379020332,0.0014756069411219447,0.0018330485177029381
5.397058823529412,0.12483507174564311,0.02836897981822692,0.001651972137344769,0.010585744929741228,0.009920611444368403,0.0,0.018862639439867573,0.03476262498407046,0.08900656002227633,0.017219572841985522,0.03488078485889162,0.00795027996784596,0.0,0.05403146243785201,0.012399119639379445,0.0070339557023759765,0.017423985660907002,0.007100691956874112,0.0032802878545892507,0.0,0.004109708272105594,0.002867417963126462,0.0010677673562760439,0.0005816923394535764,0.0016478513019240852,0.0,0.0016572166179366064,0.002096015172044516,0.0006631282999697419,0.0009377619929378568,0.0005348983404409208,0.001604032615963137,0.0,0.0011580617257512746,0.004983475365725307,0.004695666294902044,0.0038146682420520297,0.00359371292772758,0.0015885843678490564,0.0,0.002914356889826873,0.0023811951274575814,0.0014806731726274163,0.0022353875642714825,0.00131551568082977,0.0021271052172577663
5.411764705882353,0.17042873604698372,0.026529910174856803,0.007555218638091147,0.003386076380931499,0.010325410297238385,0.0,0.02070534239570089,0.011946961038565955,0.028516953381818703,0.027190074038529966,0.03680415916610049,0.06965355433741173,0.0,0.06194239997334981,0.08303435334433346,0.05721498980474604,0.00765375176486181,0.02490374576559776,0.006281890740481223,0.0,0.0008940065608179027,0.0023768051980275246,0.0038527394139689385,0.0016927115696594801,0.0009149513476133305,0.0,0.003512772878403847,0.002107942158367949,0.0010271133393915876,0.0010902470607908916,0.004200778458679875,0.0056325362708547,0.0,0.0028133977905162666,0.003226377116450243,0.0014195530410729032,0.002099456026474174,0.0019752564863377547,0.0012358692628243878,0.0,0.0013401085579731627,0.0009505553579439084,0.003021157374603986,0.0036032024543734657,0.0015035040975653329,0.0022055999924432274
5.426470588235294,0.2236544212839113,0.04007953404241314,0.014452510872784673,0.006839069332991377,0.004783719014454874,0.0,0.00964715652567696,0.009839746115635466,0.019927691821267978,0.0277297148636992,0.023208552215073175,0.04002291412399665,0.0,0.11195436226444928,0.18329314394516918,0.024630811753211322,0.02200962325110936,0.014949103635259331,0.005453114294397625,0.0,0.0023617427714373064,0.0010387448816675626,0.0013825377365521859,0.0009818828229103689,0.0011059730412337724,0.0,0.00058517013404832,0.0003852871866515861,0.0005088712583143066,0.0013750159100301574,0.0033637514460581747,0.001324296764224666,0.0,0.0005288261487575069,0.0014402063130729032,0.0018983801766222046,0.0015658760932711433,0.0016076558613124473,0.002870830674653377,0.0,0.002204903136693044,0.0016292460045311493,0.0025590864171397645,0.0035695720108816107,0.0034621815949954123,0.0009517710639169767
5.4411764705882355,0.13843650785917821,0.04054770991099209,0.03383677395879267,0.014174997477572527,0.0034612615419711257,0.0,0.004940566007643646,0.007409369702752802,0.03226510152024864,0.11284190979148924,0.08735280160343675,0.1428729077397667,0.0,0.28603751870499433,0.0237667892970339,0.06845620755564566,0.032757469407447254,0.007341268856506518,0.00856834526590974,0.0,0.0032354965925718094,0.0017067396751918108,0.0005444004069122964,0.0023883730419779286,0.0017864127467160937,0.0,0.0014707917108085923,0.002067342985121896,0.003981833160886777,0.0017273113842297492,0.0023916910156591784,0.003101974536408878,0.0,0.003982086719227696,0.0026060134635526007,0.0009798690972576012,0.0002323142596313345,0.0026290976966524366,0.0034460060366139095,0.0,0.0006320111276311126,0.0008159538583534397,0.0006890018707706064,0.001166138890411866,0.0024612217145281202,0.0012399407963261282
5.455882352941177,0.10092826120891987,0.04243160052771701,0.017308201883967148,0.014081627074644719,0.005359537945081601,0.0,0.003942175547990933,0.0024626848342892953,0.058406094242703245,0.046002133208152995,0.03958878489354181,0.028890100591450876,0.0,0.17369645301418812,0.11619081975338386,0.2129267660713666,0.02637499804675951,0.04385707753165406,0.01026364973939491,0.0,0.002810458293867009,0.003164346413798638,0.002477769054352094,0.0012899786712169264,0.000889283177810505,0.0,0.001614740333079158,0.0024815560866516062,0.0012947048603806463,0.0021420469547037994,0.0009347892573027251,0.002716706276169421,0.0,0.005623163472226558,0.0037901992720688364,0.0010898553390793113,0.0029541735193734132,0.004108036815254685,0.002983797730917316,0.0,0.0017404983597483611,0.0012272687894855953,0.0008530703776457279,0.001058434630288723,0.00047219353227585055,0.0024935206391449374
5.470588235294118,0.027616975368101128,0.032189102338305624,0.013984582437563266,0.006403553862542081,0.0033765095644983797,0.0,0.008396806105013387,0.017113575396352228,0.012174176767466283,0.06288464242244737,0.09819312871980021,0.011101332152017702,0.0,0.037859019907956835,0.12587341414338077,0.012088192751130447,0.1175159153143078,0.01630695419889796,0.006533629398533447,0.0,0.004315260606964482,0.005637747439386823,0.002479868613360585,0.0018287306329225882,0.0016836614190395677,0.0,0.001303304158000014,0.002613231944999289,0.0017863382294313465,0.0009149518389322157,0.00189451480140817,0.0024376914102544533,0.0,0.0012500144612301641,0.0018064112955707725,0.00231576757705855,0.004399326204334864,0.001666654054573688,0.0004485274727993612,0.0,0.0009530614235805775,0.0017994398872115882,0.0009612990232623301,0.0009346829460515737,0.001658227170260942,0.003405923276294476
5.485294117647059,0.09785478000769933,0.05979681723524956,0.032298009413227705,0.021479466947610312,0.01915887600375428,0.0,0.009920047428326452,0.002098784712223869,0.00686796197095255,0.05827244280758298,0.04434238884971804,0.007536100762076152,0.0,0.045520236570658464,0.057482170023768986,0.024698843228003906,0.08629229125248083,0.031213497600244534,0.011379049462388513,0.0,0.002016256207995324,0.0002998188170985107,0.0017137000551038415,0.0007934830869077364,0.0014495285731352546,0.0,0.0020781720615843415,0.0018365957874466364,0.0017674137333411797,0.0012212881723058537,0.001010760145978473,0.0011563152689212472,0.0,0.002843604078368386,0.002076700162419405,0.0011258293544864821,0.0006501364363176072,0.0010322986340835537,0.003127775616019372,0.0,0.003853688071443744,0.001329629718693018,0.0016273281910454942,0.0023536567967326304,0.0011166609018957697,0.0009012262852885231
5.5,0.07626584726015627,0.025306907885203674,0.007492082399446659,0.018961371318843866,0.006931925751772703,0.0,0.0017174770545817595,0.004654683018561865,0.015599509987233372,0.041424358756709516,0.14515805633820225,0.16468410625776908,0.0,0.060679122657442595,0.01761256189217218,0.010342629842361388,0.028966822805515477,0.03944908343455285,0.012618912513441768,0.0,0.0019539320027464205,0.0032647116178596263,0.002516099151113062,0.0014946226965137728,0.0023584283370666763,0.0,0.0018529099156362726,0.002019973437832233,0.001790903307053134,0.000496385593615701,0.0011224346314404664,0.002546242427413776,0.0,0.002965019237715864,0.0012644293372187133,0.001954857108038505,0.0012730284139200587,0.0007971547633115223,0.0005905034149864457,0.0,0.0006321445628415956,0.00037804870534748666,0.001182878079026872,0.0010986475327713376,0.0028087997434228483,0.0014377959558985575
5.514705882352941,0.057581940875117,0.006201531094267097,0.029202907904946528,0.024867219789944158,0.005968814143038746,0.0,0.006764328670632547,0.023078752828736625,0.017223978283119647,0.026802545564051754,0.020826605155745227,0.05668655792481364,0.0,0.09273614699429696,0.07286793816576428,0.05826484020067145,0.008596159286228103,0.006944551835060144,0.012181605264701864,0.0,0.0034299615704811385,0.005184249518095086,0.004119309893952125,0.0015422552137887083,0.0017586717052004558,0.0,0.0021838055237022175,0.0018054712714432436,0.001986567254542679,0.001177292743140586,0.0029608200216076673,0.004826599715470158,0.0,0.0015710543221644523,0.0016307030658496932,0.0017148086060011414,0.001361878308874674,0.0007185272791496286,0.0002894000414242897,0.0,0.00045326695403056193,0.0006403704835925455,0.002197664675460774,0.001436710010576797,0.0011438222318630492,0.0005435211977128057
5.529411764705882,0.09523812960462487,0.03422523684317545,0.0099012462260862,0.0171556198790052,0.006797461999486786,0.0,0.007269068079637271,0.02113560980551181,0.006123419919838675,0.01809580492123718,0.013787224893024166,0.04007488253583337,0.0,0.17984894871903015,0.07829338398386249,0.03369777041036004,0.025259371827119632,0.01911688428819751,0.015279789251487144,0.0,0.003531149367632736,0.0018582509197837454,0.0012580571275577143,0.0013303106278766224,0.0022026172596716063,0.0,0.002192894957637306,0.002411281342591558,0.0012293802674800353,0.0010529896876194367,0.0009505160707312097,0.0018002049994451622,0.0,0.001734366072293434,0.0030690683424776048,0.002297011759846467,0.0006832708470735168,0.0008659817604761655,0.0038688128288741418,0.0,0.0028019182325959287,0.0017427126374499535,0.002310344826040235,0.0002719890208246142,0.0009431749641592261,0.0007015296423590308
5.544117647058823,0.17398728861532886,0.04913629725174318,0.007252010106963655,0.006855116569125103,0.017566654717007635,0.0,0.007642758788295998,0.01501552661847479,0.01096705284542608,0.013977917387497894,0.0459046463920364,0.004572340923816848,0.0,0.1573707331955665,0.09064742149190233,0.007408371255396119,0.03926417548659372,0.0672757212424076,0.03610569694095048,0.0,0.008636628681412328,0.003426057860965383,0.0020391587846670706,0.0013869554217080696,0.004843361583309945,0.0,0.0031106063054680416,0.0011414452614273585,0.0032947183690949524,0.004207045317599901,0.0014475541034897738,0.0016898415011278988,0.0,0.0028152716667476465,0.0008478028479431263,0.0007232220704537278,0.0004941693097721513,0.0006651548406131785,0.0015003893138040103,0.0,0.000694488235357943,0.0011666717907318565,0.00202094477392722,0.0024001210383362897,0.0028332502668066348,0.0029454232544331525
5.5588235294117645,0.07976830193065981,0.01590324270204788,0.03710713312990551,0.013642645494635319,0.024349354015717868,0.0,0.02022343053986643,0.012691692767243948,0.01302973915448974,0.01780583793749962,0.02668887468649314,0.04212400775600186,0.0,0.21271700309216338,0.08482169318889843,0.027686980306995033,0.032971418991813536,0.008621363089044586,0.003997714991631506,0.0,0.0033887453465992674,0.007666932980984378,0.008834640665054272,0.005090725231572283,0.002239883528064433,0.0,0.0011239018699758848,0.0026730220076546483,0.003111427884078261,0.0013487032655699028,0.0008950044926017112,0.0011398292877446065,0.0,0.0004592697141358678,0.0008431251988659694,0.0016828918933396316,0.0025624974740114936,0.0021594292578655423,0.0020113786627523403,0.0,0.0032662911068089737,0.002285281972314752,0.0018873926348544493,0.00463463025953815,0.004494617079914067,0.0017512239685260487
5.5735294117647065,0.09203144629478874,0.05274176108220156,0.01807197661788655,0.03638582633844482,0.0282271825197921,0.0,0.006298220774472073,0.010373512924155528,0.014664215813781998,0.0023996887307030784,0.03953816895362844,0.016435294978810414,0.0,0.008533028966497398,0.010903371702205587,0.0026597686705822202,0.004368474321195574,0.015184926940506396,0.01257220957141564,0.0,0.0027834028466583224,0.004418896563103478,0.0036896426110475857,0.0013612554457162601,0.0008313178699982125,0.0,0.004739902442086698,0.0041821057844661225,0.0011080701762049123,0.0013580113982576741,0.0018903618285342517,0.002574348848075348,0.0,0.00305797930395792,0.0017870617547318846,0.0023047707734522634,0.001048888777670454,0.00043642044013377646,0.0006643463709635552,0.0,0.0016825091267670574,0.0015731305478138028,0.0006714497379889448,0.002015399254977324,0.0023577101070517024,0.001745310155357893
5.588235294117647,0.11294253560702933,0.017389265363676094,0.020778061653568835,0.011763838448601755,0.013913152040189204,0.0,0.02199024318693763,0.017288313533169834,0.00987236209300835,0.0068848286573361265,0.005423812157178861,0.01099093180492351,0.0,0.05453636567007154,0.06633116695532706,0.06873764756025925,0.027868451406129122,0.0015085506708214097,0.004885500476221025,0.0,0.004697437554938427,0.0025166596854246564,0.003223800893618519,0.004373191333367317,0.002932856814238195,0.0,0.004471417168469874,0.0017999296743968045,0.0020136159650129045,0.0015225164856083589,0.0013364225123630481,0.0014793077934242291,0.0,0.0026293864723023032,0.0042288397717942135,0.0039838667968833015,0.0028196225730142215,0.0013691751887824585,0.0009794687719450823,0.0,0.0006583627897361121,0.0005994296552762615,0.0011992002746966167,0.001469019166845225,0.0010933241183256315,0.001699216628450598
5.602941176470589,0.023603393902459587,0.02352574474882061,0.0266401192286895,0.008829269409843684,0.010838969744607279,0.0,0.006949432089908119,0.0034427759444106117,0.005081847839589612,0.0032975745171364337,0.004999954334174359,0.03697164899575553,0.0,0.011867729211864866,0.006064947445790809,0.0026303680875945307,0.006840001716006791,0.0064770274351548815,0.003745372719656036,0.0,0.0011692978034494247,0.00034390285784477144,0.0013806222443649599,0.0017979030844494973,0.0007292620382238008,0.0,0.0047967234780205165,0.004362528044194334,0.0005928667785200724,0.0010371252654835246,0.0017135322773785485,0.0016418155962647021,0.0,0.0005041504633273819,0.002102952419206298,0.004606342054360884,0.0030860424789139504,0.0019417299809714808,0.0021000298004739365,0.0,0.00039577078487985847,0.0023489725874481,0.002952681176055961,0.0017271909149168883,0.0017688889621167887,0.002556243119063119
5.617647058823529,0.051271384171480056,0.03618881373944659,0.017369237073074622,0.006241051304943505,0.00269550805400674,0.0,0.0019173529587745335,0.008405619314812825,0.011059525252932566,0.005674570470296435,0.00951245277745381,0.01681256550874061,0.0,0.04360991213511513,0.1102593469097908,0.06503355169438818,0.030686522453834394,0.008902285442335404,0.0033559414217408613,0.0,0.0011518505713244578,0.0013833834547554852,0.0024591208972452924,0.005635020606676147,0.004241777702493286,0.0,0.0043063323262519946,0.0013026029804554026,0.0005406040306400445,0.0005297379367355246,0.0017114986368085108,0.003001796820430883,0.0,0.0027901425559156198,0.001331974812353425,0.0013533880573168924,0.0026710581066010904,0.003147327002223622,0.0020835675757128356,0.0,0.0025529792273708005,0.003832435154647027,0.004170687446171332,0.001771740222141905,0.000911671797758644,0.0012602104309948517
5.632352941176471,0.06945458683739063,0.04526127029319331,0.028089091670449998,0.006733759602778154,0.007003157711833763,0.0,0.01240822774048611,0.011793400832109866,0.01902172861813176,0.044989173985043,0.036407041904561704,0.012162370660457106,0.0,0.025185904931827995,0.025867052794982505,0.002381806639899819,0.0007994900422081027,0.0050473062750499,0.001748461926500305,0.0,0.002900417937049706,0.0009395949615019827,0.002919476335283263,0.0013131348165705088,0.000847085857463616,0.0,0.0010409722304239172,0.001140334795629472,0.0019761022428396633,0.0020494542269251766,0.002152285209578555,0.0016504288934451293,0.0,0.001626785885653837,0.001420086016715266,0.0024735745333402254,0.0011270133143223876,0.0010814196553001728,0.0008723804844182236,0.0,0.00028772257552975864,0.00048731630222048514,0.0012175048543449146,0.001956266575348026,0.0014644514524068215,0.0018073218505236439
5.647058823529411,0.08544411471898992,0.03179303106426323,0.019502367808374693,0.009690014234685539,0.013179866952588916,0.0,0.016623239826299555,0.017166242372068215,0.022708953015587736,0.016295477876728106,0.027002438595419134,0.010528408053684664,0.0,0.026760028333524456,0.023993280476563728,0.006855043524327761,0.015657733581149177,0.008026095555218474,0.003340752654325644,0.0,0.0029089427260129107,0.0013957572147474428,0.0020273742491953815,0.0042336246498917,0.0011902503992531266,0.0,0.0007890174947771417,0.002002385290249586,0.0021509903420365403,0.0020978090095846694,0.0014589113153644705,0.001726123541038484,0.0,0.0021242277532622054,0.002069693457857922,0.0024805017529114914,0.001827158220332571,0.000800396622284192,0.00104228954196944,0.0,0.0012970332345773,0.001320463049343033,0.001385325413154185,0.0028188936775730864,0.0020446914163760525,0.0013319859907013586
5.661764705882353,0.18304392061495592,0.04383360289091629,0.013173754972974327,0.009089649537735127,0.004846445243277507,0.0,0.009645664426838277,0.02273377113630084,0.1377406756174531,0.21330274541861458,0.18262140361891493,0.05345555051644213,0.0,0.004382174469478448,0.007106301217522143,0.031917303766874586,0.02372326218436887,0.010344856110237865,0.00584995390279961,0.0,0.004335572729270362,0.0025153813330380695,0.0012838216527712915,0.0008404232700240496,0.0014448971789634507,0.0,0.00190572881983242,0.0023165159023723933,0.0018266894919315238,0.0013235808267575378,0.002005889619088813,0.0015848173748120673,0.0,0.0005567837815007469,0.0006325863273130539,0.001697413521455436,0.0046146608779907014,0.005652865583968402,0.002795746179049281,0.0,0.0006260856369097254,0.0006300423076151128,0.0013696115901093817,0.002261491971859407,0.0016234294708687216,0.0013703554681153687
5.6764705882352935,0.13648460358774187,0.061259108432450624,0.014528089908349244,0.029974060847345232,0.02036386740093905,0.0,0.01619936548092362,0.05926071532285821,0.08244495326054929,0.05001881024896482,0.04318018114337907,0.05190880737170109,0.0,0.11657031243663062,0.03859504000856005,0.004298358204827145,0.004166011771910141,0.007831412512825014,0.0072239892641273624,0.0,0.0031742446518261136,0.0017684198167963738,0.0006678741808993644,0.0007876943151116143,0.0015228815142555806,0.0,0.0018579890120257003,0.0010391164387777913,0.00215980379932562,0.0019353023638665162,0.0019583609401358885,0.002104791621082047,0.0,0.0017140918976925514,0.0023438939279466784,0.0022393944025931476,0.0011530380556543352,0.001448334158428278,0.0031347934563228552,0.0,0.0017684540806492117,0.0009670493768155512,0.0029844917588383217,0.0027047659848826846,0.002661678536165877,0.0028812152596748583
5.6911764705882355,0.039012787524353526,0.018523618064548428,0.034938153331501465,0.024685444506943235,0.02330663083636455,0.0,0.01878101610479606,0.020193052007884987,0.012169187735840081,0.04265527834899752,0.048182512370302646,0.018625892311526508,0.0,0.08652229422014482,0.046071037770201106,0.009784139298239736,0.015319807355405769,0.024495398240684193,0.011109389752006073,0.0,0.00021683491468486857,0.0029230249182304693,0.003562491053356066,0.0025221583625227675,0.0015828959266678876,0.0,0.0010473606789614665,0.0017115742645822548,0.0012892452813681394,0.001406981199287343,0.0018295511991585549,0.0011118654545325267,0.0,0.0010138592643300472,0.0006668163626119405,0.00083761218000131,0.0002906942011725911,0.0007068383129917198,0.0014686035165774078,0.0,0.0017642969252443918,0.003845858214052345,0.003348842198522736,0.0003638703662675969,0.002156851029774023,0.001875764988494871
5.705882352941176,0.09836983216637091,0.021501030432537795,0.01684829004372303,0.022034784833818002,0.012409845634134407,0.0,0.0038009350115774127,0.004481176473964934,0.012801003821626999,0.07777517551951679,0.11937621648962235,0.04453544605192297,0.0,0.01197606410937529,0.027994909096758957,0.09615693498821865,0.07530849101454826,0.062187355505433466,0.017136201725278043,0.0,0.0016767999403544858,0.0015233696173005086,0.003953723045177049,0.004336162723923247,0.001838764984479276,0.0,0.0008971786027058993,0.0013905751277922436,0.0023590517568324054,0.0023120824236036747,0.0023710029842576117,0.001171710733427003,0.0,0.0006919708226176228,0.002070427528664345,0.0016365880772376423,0.0011729475678030122,0.0007598835325602008,0.0008159893900068665,0.0,0.0017656385892408043,0.0017730024462922671,0.0010601151903217427,0.0005767387150702901,0.0010919040968913661,0.0012416474085801665
5.720588235294118,0.16466215208655116,0.029985345126233284,0.009978418374658666,0.008529137993869295,0.004498233854899505,0.0,0.009115440698402096,0.013190558412190925,0.0110882678483623,0.012143647302846419,0.003348566808731495,0.011492906665118315,0.0,0.0317698943407406,0.12571396744682312,0.06018308516028907,0.01285810522729104,0.008330798830440914,0.006979215639814169,0.0,0.001757415641914091,0.0037276591162308695,0.006484190755621941,0.005083903552359291,0.0010488825639278507,0.0,0.001883659514413784,0.0022750178059302117,0.0008204988470437571,0.0009942238285795555,0.0025706227637635553,0.002034311987842899,0.0,0.0010474061890401363,0.0009702680591710588,0.002966471320615979,0.0034896960890354427,0.002627000330187196,0.0032750541801373156,0.0,0.0014762385409845512,0.0009877201739535515,0.0013214727799100393,0.0011633198437605353,0.0002588629865393217,0.0006298489149934494
5.735294117647058,0.058820671992014774,0.048155336392392334,0.010967716160625082,0.0060278821306837494,0.009643664398583725,0.0,0.00800176821702286,0.007117285507825612,0.011404977124578042,0.007245908325783066,0.024500267375076382,0.027003458246414706,0.0,0.020439512187366907,0.017842595524480143,0.005880914178181982,0.01799682883493764,0.03270415638550496,0.006406767422607194,0.0,0.0023638731294029214,0.0020881736036673874,0.0005980945054946417,0.0037813824063807253,0.0031903752511541015,0.0,0.0013689300564798585,0.0033085223878428728,0.001585584028968286,0.002823963238572838,0.0017089362727931608,0.0025689156396502284,0.0,0.0018918169055910745,0.0006665395766574924,0.0008801601720084367,0.00155899453940154,0.002116685944513646,0.0006242969803371485,0.0,0.0004793701954909192,0.000635140310590569,0.0006058456765076024,0.001658252299199324,0.0005451481979614252,0.00018236906094199997
5.75,0.04647554399551187,0.004285752693303914,0.01856122217150455,0.020261900716999404,0.021695522453547236,0.0,0.02433100136544479,0.011400995834059548,0.0033102690274223936,0.005374895807084551,0.011908014773861919,0.01219877443686047,0.0,0.01592713639206189,0.019035426758155102,0.06585106235085589,0.022702161228826047,0.006059383629308508,0.010965664987773512,0.0,0.005192844214046625,0.0022374629899743516,0.0034511655963409826,0.004396517210931232,0.0034231483169862836,0.0,0.0015510737252513573,0.0015860995234187796,0.0024667481231101986,0.0031931489012901213,0.0013501734418815182,0.0005954819086968145,0.0,0.0005369639648533233,0.00139364922336486,0.001950166228740685,0.0012964982171249043,0.001207461117110163,0.0003372680253532497,0.0,0.001993824249594511,0.003084624161988172,0.0025801917039937755,0.0014617082269248482,0.0011544340607455637,0.0007388068990780605
5.764705882352941,0.10270556729993818,0.009826299775989922,0.01683121394991886,0.021809206886321143,0.015380363432749665,0.0,0.004211540686785738,0.004669827485484523,0.027504501747706415,0.03380415086628183,0.01246375511279314,0.020329115723164762,0.0,0.030864646429942105,0.05002927073468812,0.0072260396203944095,0.06297335044177646,0.03596502942906869,0.00847563243498975,0.0,0.004346619136087802,0.0050140171116179275,0.002851723902981585,0.001221940567237091,0.0019596615272733844,0.0,0.001820412613268893,0.0005761040858346699,0.0029296226292829554,0.0025011258532487155,0.001408594317150189,0.0016931124080059202,0.0,0.0024436574566644395,0.003995810073851978,0.0019396023522317484,0.0007219189498397316,0.00026450773346146483,0.0015778145084013708,0.0,0.0018476464104967367,0.004266551430874845,0.004982804852943497,0.002101762034960695,0.001488446708364375,0.001862122953996367
5.779411764705882,0.2383479740115077,0.06260041237841488,0.03534338947993406,0.010946327541510054,0.007714903608219834,0.0,0.013079711497160846,0.004416508895426916,0.009600476176928309,0.013829629714245175,0.013386604340173552,0.21293006404339435,0.0,0.21888289268184763,0.07417641506966503,0.08824990040904807,0.06165666968038569,0.0281651818280248,0.005688585208740031,0.0,0.002624843819756834,0.0033402124950771576,0.0019839911921740758,0.0014956929249334806,0.0008124249386218868,0.0,0.0014150101717907361,0.0013359889181780438,0.0039400760255355795,0.0029152691622692187,0.0015333049379586449,0.0004179366213847131,0.0,0.0009699140577293266,0.0026426313148443315,0.0023247768736915646,0.0020833988065718685,0.0008323232837324712,0.001596239730095126,0.0,0.001974293870824302,0.0014618255073983858,0.000947078319700226,0.0006951403442209232,0.001314774074587109,0.00218822223943584
5.794117647058823,0.20394138480409837,0.07994686281649674,0.019359692390270546,0.006627749516829675,0.014121051593151582,0.0,0.01603802840088576,0.011578224882959828,0.009171874373121856,0.012563973303135075,0.09507445672040014,0.15905292069205518,0.0,0.07393678428934797,0.014935020704378578,0.051129303561068526,0.031740640873519584,0.016336095653525368,0.004901290615600423,0.0,0.0017855852610486607,0.0017701114709981138,0.0012292288768943032,0.0012869395164750203,0.0024306095292536485,0.0,0.0032302168093237722,0.0032827001185722405,0.0030395017563098013,0.0022463385263410763,0.0022051716690369406,0.001961947258196032,0.0,0.0016136859918246711,0.0016334535544913298,0.0025711127039303337,0.002236219996370589,0.002327370097423452,0.0019277827348086168,0.0,0.0010320553946690841,0.00129433610996371,0.0009822469492430496,0.0013259705903697252,0.0024354452544958338,0.0006426792016767729
5.8088235294117645,0.10710636721305558,0.10355561490276746,0.055940655748204865,0.024267492015622862,0.003453752712814893,0.0,0.006543776071972933,0.01924135613160204,0.029590208224279133,0.017819004768756346,0.025769129591241894,0.1036918722029617,0.0,0.10704348108246026,0.018241810348701405,0.04868666608403728,0.041119786536716524,0.013605546250370415,0.002046965422296012,0.0,0.0019278360944586473,0.0020738326798223107,0.0019655973033722318,0.0038673726191702663,0.004514768213940829,0.0,0.0030296043661379784,0.0018323527209584823,0.001115935336409734,0.0012943043244492594,0.002132551226017451,0.0015765457587486582,0.0,0.0019265947451606274,0.0007335453134005472,0.002263397642929772,0.0019833330132208314,0.0009168162690567625,0.0032185597230753246,0.0,0.0029541089715927962,0.003502202965988073,0.0030917632755015564,0.0014831082564361947,0.0009778811359878522,0.0016179958638888499
5.823529411764706,0.05529964785821782,0.027364358520548866,0.01801704548346806,0.0054225278930525155,0.008004305554047828,0.0,0.015428244799168298,0.01495294371124974,0.006408606882755409,0.014067272919287943,0.01944556293792534,0.016976673657431905,0.0,0.04881968491531513,0.05233403168086799,0.11120920927739601,0.10660083912554982,0.04334723250225156,0.009542319416919099,0.0,0.004741138016011469,0.0038706466356626425,0.0017152216791906964,0.0032388826951697093,0.003960958728252377,0.0,0.0013718581274929612,0.0006806220951215954,0.001123690405116892,0.0008811686910390462,0.000743652799442419,0.002198749973040406,0.0,0.0016549717883218877,0.001615325919179062,0.005631036645029457,0.004808232763481794,0.0025746527250891144,0.0006087748474440799,0.0,0.0026134950641432285,0.004968260656180288,0.0024166064369461663,0.002318330973400552,0.004134768769133814,0.0024771295756394474
5.838235294117647,0.017105083456281964,0.0167431448051159,0.010035899853946336,0.02627164038684872,0.020595224047765495,0.0,0.01159080105967715,0.005456714926943685,0.0028131941598242265,0.005295211869873443,0.0104710618978004,0.00675049444124406,0.0,0.03387685143177414,0.02306513555442031,0.019939394533468123,0.12041779462592661,0.13619080049443333,0.026601876165065062,0.0,0.008141043002524254,0.002799690502920616,0.002604111965530939,0.003796612332646765,0.008839480296844112,0.0,0.00498320934598045,0.0015720212072660694,0.001121409400164126,0.0032319257281730263,0.0021967778400471816,0.0012773323712658427,0.0,0.00047321014991206427,0.001304971349762105,0.0015743507787304915,0.0027452943526762854,0.0008718300841553089,0.0011093143674614973,0.0,0.001826834554489763,0.0008182937870992698,0.001177013635930675,0.0022497387381473924,0.0009990850012272792,0.001655108555289047
5.852941176470588,0.11902927040713555,0.07504501767871405,0.0218933871052906,0.01049495601910051,0.017558307873206405,0.0,0.023685102043095412,0.014932787180145974,0.013347970656190433,0.10987165642725957,0.22766254190452578,0.23902257157110396,0.0,0.12214442800192744,0.07013713153281442,0.03676880967211161,0.005966258311438725,0.029323640642523838,0.05217448141940467,0.0,0.025735226050696617,0.0033920474515279466,0.0015628453061005652,0.002020481001569332,0.0015996382246563055,0.0,0.0016865709926856113,0.0010287793849729683,0.0020783722325494174,0.002336659501302472,0.0011110398587891154,0.0007383324579440017,0.0,0.0006748085344707299,0.0009578041460873623,0.0029428241449949264,0.0024257983448709316,0.0026271681794818773,0.0022171601629930745,0.0,0.0007321859734073923,0.0015391597707253137,0.0005182398920217463,0.0002853314574503499,0.0024809801606546097,0.002798215811505427
5.867647058823529,0.08215447354138591,0.01932555562955842,0.007654477495835619,0.01627048313210753,0.025506010215769065,0.0,0.037471026677452536,0.02801680847550204,0.07587421074586817,1.7517914652586914,4.379615190432524,1.7600802731614136,0.0,0.2362980743158753,0.039871991356463174,0.014220135077933656,0.02033675162026647,0.01653717175804198,0.004815339407052192,0.0,0.005691492087721104,0.010681465327364012,0.00630059663690565,0.0016489719419563256,0.0035051955580977165,0.0,0.0013841564616419468,0.0029197253157498644,0.019166341404884008,0.022040740695952243,0.008224430443243159,0.0013209591101298467,0.0,0.00014900786459552846,0.0014097665441053305,0.00149137126867142,0.0016272427292061567,0.0014898121037916641,0.0021859493053748577,0.0,0.002476125447859821,0.0016792439146630159,0.0012486420308307198,0.0011548695378089185,0.0026099637677903203,0.0017812755522796137
5.88235294117647,0.08637062442641419,0.04223975763433936,0.013641554426387318,0.005505859258591685,0.007369794006350946,0.0,0.08068528209465377,0.023406718011257648,0.42614618166909324,4.502696082143278,5.842499496031977,0.3976659062781642,0.0,0.09745955357320808,0.009601745367934643,0.1710220773434279,0.25153960604262715,0.13706922989871137,0.0878035910304929,0.0,0.050608664130943073,0.016477213994960084,0.005207964241781791,0.003784480320643534,0.003389165832985987,0.0,0.0007267683525083714,0.007828545131689079,0.017108005171730212,0.006533637182577021,0.003458729250586925,0.0068878540443685025,0.0,0.003292306684035252,0.0016887365150525006,0.0019178826907088862,0.0021652343036190377,0.002468966001546063,0.0008521725443442946,0.0,0.002368026614657963,0.0020148332862854933,0.0021249723237652114,0.0019330447000869687,0.0015188335741342035,0.0010575476350247188
5.897058823529411,0.1848273544353719,0.05649327466987438,0.01813180612901314,0.014180797597411662,0.032523418834811274,0.0,0.006893361448054299,0.2656623450957213,4.1476329511216825,4.191188922457815,1.2390838789764056,3.50963445429009,0.0,6.344302013452094,2.489333454455214,0.063939177125088,0.1122337839961723,0.12463273150804795,0.08807924372066464,0.0,0.032949406969597916,0.039593598545344,0.031275554072866585,0.008761368146766573,0.0018994107982100755,0.0,0.004910962700673752,9.96859879726454e-05,0.0013367527818242736,0.0015281805825021967,0.003032160071991756,0.0008263853468307833,0.0,0.0006306945478054855,0.0008061482764245732,0.0006141134767161535,0.0008134004356617863,0.0011674847488637966,0.000793424140625638,0.0,0.00021908277089418215,0.0014047430823122234,0.0008321092619678174,0.0008308270742057059,0.0018498351935348075,0.0014364316320833969
5.911764705882352,0.047485763594717,0.017573959116334706,0.012406985875219849,0.00875425264409559,0.0699632818886305,0.0,0.021386159982827693,0.26350996047206077,2.086319257220432,3.2962670489557504,3.893449977948374,7.590680448257412,0.0,0.7589852985528978,2.0006983740448376,1.1263680445976854,0.2998758975496153,0.12279853289813336,0.00800124674488031,0.0,0.004525496522542152,0.007393811441182716,0.009625814493192266,0.0067178066318154634,0.0064182861632349755,0.0,0.0037262986919925885,0.0015700067947463448,0.0020370368948719854,0.00347659962047384,0.0042466255738183665,0.0022345082212254642,0.0,0.0016698464726316962,0.0013272551871198542,0.0012183319780374078,0.001402500420741987,0.0005405291381407792,0.0025565371641395507,0.0,0.0020018425913559804,0.0006154308094260949,0.0005296136655653131,0.000807534390363589,0.0008626743781906357,0.00156552804287218
5.9264705882352935,0.061091171081498974,0.035286483346812864,0.03325312617935381,0.015084538698010585,0.014493960893473266,0.0,0.05356342124393406,0.2599135376089351,0.3070476249800207,0.31018463618918146,2.1580524549734763,8.793926260608309,0.0,10.656262497683933,4.660506379385079,1.2837601489898116,0.08945401289610484,0.10577771961052347,0.015306452385690682,0.0,0.007236179324927946,0.0030427402501565855,0.005599779629504486,0.0024840369207065264,0.0028427699478493834,0.0,0.0006896146966202459,0.0031808596762010724,0.0036727534564216127,0.0014381999442776923,0.001243462962747383,0.0021461577651077247,0.0,0.0026129722341142908,0.0015146850583320315,0.00276230740509143,0.0018585340273290104,0.001442300646411778,0.0010970681943931549,0.0,0.0014315553647216823,0.0013429490169642793,0.001363731471796948,0.0014962762292648618,0.0020256952275291944,0.0025438940038746594
5.9411764705882355,0.18765979702017313,0.0711781184394237,0.015950612239738295,0.010788019447261252,0.00494828410170396,0.0,0.05777148924237678,0.04303410544602962,0.014847807879170331,0.5668158530452745,3.6586169431624134,2.1332825009877396,0.0,0.903260003872114,2.3520074859168094,0.4674477815888055,0.5026496710468771,0.16415894818297208,0.042632264993495844,0.0,0.004706681269541369,0.0016843073320058043,0.0024908376976288216,0.0024327053478557423,0.004627214694140692,0.0,0.0038033781997588566,0.003327369127628926,0.003934738034729649,0.0039594750628808885,0.0010549237908581846,0.0009291770225317172,0.0,0.004178753590680762,0.004444234502020516,0.005481571902277179,0.0036537901369853567,0.0018448722965013595,0.0018691938818444988,0.0,0.0019457242313963867,0.003341370009076536,0.0021737152536229877,0.0007936912421667346,0.0007762271032791255,0.0003946556579571148
5.955882352941177,0.10045629094919273,0.047576785418588494,0.028725987791797688,0.009736015272082489,0.0145129283690204,0.0,0.04065198800915562,0.19919977377619175,0.34394151204221896,1.5602728142237883,3.380349741325627,2.2703212672596718,0.0,5.132704695520415,5.07466564174247,2.106198641349775,0.3927318951146749,0.024479220013378964,0.05024317848394644,0.0,0.014993451488202636,0.0033353055698372306,0.00439432740869997,0.0029357116675555956,0.002352137154936017,0.0,0.0016582236105192603,0.000806293503904621,0.0007863813459100804,0.002215737899709797,0.0013983444645487072,0.00018969529787938585,0.0,0.0006014412131999765,0.0009093078960439622,0.0001738600400852353,0.0007659402731452371,0.0026305115577981647,0.002088778091076663,0.0,0.0016261347638284638,0.0027815428689292594,0.0008386208052649991,0.0016456528934514058,0.0011615279321466675,0.0017154553425463327
5.970588235294118,0.11511917800076972,0.06434055707961389,0.01594566163036088,0.025985932865307235,0.008731568822785673,0.0,0.0004890263666790242,0.06379150510359415,0.08652588566172113,0.17023028998832535,0.4102806609590885,0.605573714240073,0.0,0.32123742268294714,1.322571894196607,1.110085612315012,0.9631924170811732,0.31980242162011985,0.020308759240258982,0.0,0.0126538390384693,0.005032846893195449,0.005315918291416879,0.0031439195382425536,0.0024096249389642613,0.0,0.0033809818988987687,0.0019816024016028155,0.0015428093276872432,0.001069171218716929,0.0011088494387803986,0.0021422997195385046,0.0,0.0016276745631448796,0.0017085367218912862,0.003567985313066945,0.004988133509440248,0.002089917189160935,0.0011333911180047191,0.0,0.0030671418593699725,0.005229261850822742,0.0030147773353719543,0.0020892478859384773,0.0004624933788067113,0.0026615757467151778
5.985294117647059,0.09958109310645376,0.05572709060523856,0.013876886037617001,0.010932675180617381,0.006884641463835545,0.0,0.02076867451927166,0.021015571955114287,0.06174459416336775,0.2965499232282566,0.26820013274384974,0.10733090753121857,0.0,0.06670328870259358,0.9841316014320214,0.14920892949803127,0.2158024986659567,0.16670072556204346,0.05030540008732838,0.0,0.009800090718818776,0.006440757882654429,0.004471090487142824,0.003158377159559383,0.0043895564587895985,0.0,0.0035167858032160086,0.0014794933365674203,0.002597030816575326,0.0024250283674237465,0.0013284387618876237,0.0023841084417732684,0.0,0.0037878253303161276,0.002994129206426909,0.0049603145043511905,0.003946496798306472,0.0010240280202414923,0.0015631652432633613,0.0,0.0024563713721532073,0.00048539949072031564,0.0006069308029564898,0.0027003873987816603,0.0034358121512839657,0.003017585013683248
6.0,0.10348559281634138,0.039577139615099136,0.020196096386284605,0.028290649945129392,0.023113454233366033,0.0,0.017966855281091453,0.013328191925469593,0.008874000687720686,0.004535829985261863,0.023559549786121615,0.10956972532651277,0.0,0.2185844345898002,0.2530471274442678,0.1975718517109522,0.10997693192968405,0.04391984586645328,0.013494996455094268,0.0,0.00513101199526291,0.0029463115139634747,0.0018307614558973834,0.0022511596945520573,0.002713432255862177,0.0,0.002798944572234794,0.003337056987150352,0.004834426395324128,0.0063469820072095924,0.005267695950400809,0.0028449126627096786,0.0,0.001956005857906005,0.001320339106502791,0.000444834129520302,0.0009334732598103421,0.00235046733291192,0.0030414240214544875,0.0,0.0022899302804967993,0.0013159181549351978,0.00109586585165447,0.0015392712579473053,0.0022661408572744583,0.001998031393289004
