time,0.05,0.060000000000000005,0.07,0.08000000000000002,0.09000000000000001,0.1,0.11000000000000001,0.12000000000000001,0.13,0.14,0.15000000000000002,0.16000000000000003,0.17000000000000004,0.18000000000000005,0.19,0.2,0.21000000000000002,0.22000000000000003,0.23000000000000004,0.24000000000000005,0.25000000000000006,0.26000000000000006,0.27,0.28,0.29000000000000004,0.30000000000000004,0.31000000000000005,0.32000000000000006,0.33,0.34,0.35000000000000003,0.36000000000000004,0.37000000000000005,0.38000000000000006,0.39000000000000007,0.4000000000000001,0.4100000000000001,0.42000000000000004,0.43000000000000005,0.44000000000000006,0.45000000000000007,0.4600000000000001,0.4700000000000001,0.4800000000000001,0.49000000000000005,0.5000000000000001
0.0,5.223244558063687,5.549406213333681,0.0,4.604119677523789,6.831013157839169,14.808810018599804,0.0,16.887341765234673,10.197069555743443,18.18424795776611,189.83055036960553,0.0,524.3983271072839,526.0669512752564,157.2509120655643,3.6718801086788604,0.0,78.50479419245532,536.2051168214754,1253.7416315829635,0.0,1042.4152266592882,259.13815425483267,38.02254307601382,77.06669293345367,0.0,128.2270939607974,343.62376279739345,470.09381369027534,0.0,279.9340575478964,54.574527491832775,6.79901484437519,8.277058861508316,0.0,4.437480457227575,3.9584432124732265,3.0971751523571553,0.0,2.8306892678688502,2.367832141389701,2.2134581698593685,2.031369558952326,0.0,1.7698828651232459,1.582754144807145
0.014705882352941176,0.15640540839837483,0.19384232219433817,0.0,1.1782071290360783,0.45139202204942475,2.60888954208704,0.0,1.4545849443895595,5.2830505306355775,11.363718078709905,156.38222693689102,0.0,536.3859696130515,1033.7554193472245,262.55979354727134,45.77735649274315,0.0,53.728765102462326,501.6375429010453,2281.4792880011564,0.0,6719.438141409283,4472.5852756972145,656.3929906757544,12.100932276396858,0.0,26.884323462466483,54.246942998390146,655.4455529619892,0.0,1313.65281465461,319.8933304133854,11.138006508240986,0.051440388922069785,0.0,0.022518409048064198,0.005315834587722549,0.008597751021691502,0.0,0.009461394619373637,0.01591614969632542,0.004699079789599517,0.00364723324873963,0.0,0.017539454811104888,0.07697742806984659
0.029411764705882353,0.1910443660705794,0.4317001465167533,0.0,0.4038429762837322,0.7038916187167086,0.6245979782482554,0.0,1.9799261641325616,16.120102941965108,85.6915501691316,96.98626549586005,0.0,37.554932025830716,824.9967675072751,2040.144319949195,610.0659534721085,0.0,11.493067841919341,21.051519932953447,87.27192365450506,0.0,73.78479930514064,2621.141678782879,7166.630684049598,2079.877059625526,0.0,387.91080738695894,41.39356643366726,23.67579018758721,0.0,132.26198668498714,161.44355225436166,28.263218167395717,0.07563227197171012,0.0,0.035083969262151474,0.006759921199549851,0.005863884322912476,0.0,0.004279642890514127,0.0063073472742831566,0.00764226299433966,0.002851031462332568,0.0,0.014706099244198424,0.011836363360749462
0.044117647058823525,0.2381360311861162,0.08489905244873852,0.0,0.5195622793704271,2.3212755549408053,2.3575268617237386,0.0,1.2586508036083304,25.261297192127955,51.2608361382826,7.803399240862317,0.0,12.1161224440234,195.97834807360854,344.83097888169107,615.4583324930197,0.0,535.2974956433002,91.49623989278048,8.644556998687404,0.0,23.977623726394505,37.469772390934494,1144.4546440567783,4957.75670331648,0.0,3035.3549231109514,265.75690851439674,19.414619657519665,0.0,49.75391481514173,24.581284796409932,13.119485640977787,1.0948861281530065,0.0,0.15310004344756778,0.05534009104145427,0.007328913874398188,0.0,0.010750526931001567,0.014665204302443467,0.005544159118548148,0.0017683955181613743,0.0,0.0089824408723794,0.02982938040183767
0.058823529411764705,0.2531634858531599,0.39209973394611686,0.0,0.5608597791433514,1.5351790667882832,3.191211691435684,0.0,5.679877553513101,132.9307305625095,708.3872867630455,530.9634230709671,0.0,101.43205875527673,12.86392627171249,195.911697413895,344.5731747055395,0.0,555.8521728288462,280.0596459178819,64.58433208655529,0.0,30.36169360168092,12.477725350183398,7.618656877935788,402.6793628867074,0.0,420.5859628365645,79.12856672487914,39.52438788209225,0.0,21.764884899425383,34.51380549766792,15.771650796622517,0.3595179000236563,0.0,0.1400309807282919,0.014543137655685743,0.01983452336185226,0.0,0.0029659112829219696,0.0011541687513703354,0.007116274968865477,0.004369591324210458,0.0,0.0034045924271619886,0.01851423869570268
0.07352941176470588,0.2718751616694047,0.17696383942742414,0.0,0.1667099987343923,1.2240308869656742,8.30867590286418,0.0,5.4894330577861865,23.034205342650456,219.19848742939257,483.66159543947145,0.0,173.17916213051615,442.35702033545044,259.543551790144,34.78478956953896,0.0,34.58988877777083,37.26962844866392,28.720185075476728,0.0,28.241464173641496,51.22269863728987,60.062010965306314,78.79235238877752,0.0,728.1954007123688,1641.9155959981445,854.8636232824306,0.0,124.07098448296571,4.64655442924831,4.010550044733689,0.027438602994679616,0.0,0.07201606897490664,0.012144168973177518,0.017423948342231002,0.0,0.0014350959151006194,0.004087853096293454,0.007853256755951502,0.05177278776623227,0.0,0.12653577813698755,0.11376161903666206
0.08823529411764705,0.7719389871980232,0.37206777239486344,0.0,0.05268114648542448,0.14340588559330025,2.0572675246110235,0.0,15.994087475147232,58.69513367867046,20.097721045844665,15.57910567493188,0.0,72.75855203754224,328.3502535494696,96.25554487034984,6.9500901183039385,0.0,128.5701096013987,393.0568069706063,200.27586353843384,0.0,16.431514825893938,31.31511851973044,23.610819407217253,74.23516161281697,0.0,104.55644230244523,58.15409710711367,170.8088145030174,0.0,35.77283333285924,9.861543674111292,3.50420713164208,0.06994807337746099,0.0,0.19935692230769714,0.08412019221976258,0.014357442651046541,0.0,0.016384541994662206,0.04149421277841915,0.04026847570908132,0.05243493016403744,0.0,0.08143686799913721,0.11047583001727773
0.10294117647058824,0.02911738439887593,0.0687210999821746,0.0,0.61022574046364,1.3619595833172307,0.2910697142325485,0.0,7.2042805217820165,26.11270593154655,8.65780122992549,40.29031313655198,0.0,70.93453835950817,277.9660381027796,1010.3765983251647,243.23706719457613,0.0,329.52260062616153,499.9363518928396,55.33599669929244,0.0,222.12877082038833,60.60769727580517,7.1726441689257,9.893934554100497,0.0,59.80565379135777,7.174836291112461,27.108285412409153,0.0,13.997816276730969,0.9890326651938326,0.060926277867351185,0.021145361248801862,0.0,0.005870944250304582,0.009005761629738323,0.012765665568601649,0.0,0.02113268776772222,0.023147392623530594,0.014737604131171991,0.029366923355028912,0.0,0.03172568237912401,0.030230272232368488
0.11764705882352941,0.21546606992293976,0.043184549438475855,0.0,0.5453368305605226,0.8493728796617033,10.69553002652533,0.0,22.101709769393977,2.7607241528230997,5.834233095428505,65.75472374902571,0.0,64.85525614518023,44.76594502900835,263.6833579574158,534.7451448314796,0.0,71.7354359460458,32.556462473892104,64.2334324502763,0.0,369.1966446178701,612.0848490846276,444.4205387243488,401.42911730555073,0.0,281.79596442509904,57.30000367335993,7.9068285256468425,0.0,0.7199518209707518,0.39181718649607383,0.0075840721897076305,0.026544497316655237,0.0,0.010565153105163868,0.011768889273741144,0.013259703730171903,0.0,0.015585629308147561,0.012943131895904179,0.003835331179325973,0.007454774702283236,0.0,0.01185139686656986,0.05663905551373858
0.13235294117647056,0.12958408094665702,0.11453354430491172,0.0,0.18141611463151908,0.7252186940435197,3.0950716511901577,0.0,10.444061898118429,5.677899786127708,6.599828909531646,5.210116531280951,0.0,230.82252875777866,600.2500490071277,186.5630199355666,156.2023388799308,0.0,86.1919066983555,27.086134655276012,40.35464456711185,0.0,105.07463594450135,23.869264113102012,185.28200076540986,771.8583863686501,0.0,303.21203700747157,66.81104601723516,1.848168425398018,0.0,0.3662719276676848,0.15268693814580706,0.041630261788914824,0.01483849197194782,0.0,0.0018249329521246613,0.0014142475144738663,0.0008827758171523494,0.0,0.0059044551567222795,0.0028095612501157032,0.0023831140759088074,0.004867794726802365,0.0,0.004861318259355325,0.004309194157882526
0.14705882352941177,0.11985577200786846,0.21823122596399075,0.0,0.3930439358616658,0.1826627472594793,2.560467187966286,0.0,25.759247469147816,36.439927227025976,26.380929192103686,7.781516009006373,0.0,4.534049499875156,348.3413693792876,918.5738109163397,176.84734248396836,0.0,15.575085357518127,64.10848613840122,35.85285746276108,0.0,14.142328583352837,171.73067992174845,45.45361764655888,811.1845409172815,0.0,1477.6961578548758,236.21458348892887,26.91504552234241,0.0,0.6131546350800542,0.10621549468651689,0.05045844871262636,0.01601537028077522,0.0,0.010553347454252368,0.004860227214268507,0.004127165029013495,0.0,0.0005744768603594736,0.0013533315885015042,0.0011941980150339607,0.00267260998439969,0.0,0.0032605150052454146,0.0017682073220953878
0.16176470588235295,0.13727317858095542,0.19293857908671153,0.0,0.22591158906745404,1.65484041535426,2.5620800162896984,0.0,2.93892225536856,26.108844302631738,43.10530070873017,33.44099946978429,0.0,8.334199876275337,319.13961070184075,750.333481377496,906.7443677536705,0.0,443.5848781312311,128.17207973100443,50.56304892342392,0.0,16.799746873023132,120.4647948063872,29.66306011043129,273.4667022865607,0.0,105.08091434209196,371.8042481103644,70.63960199770574,0.0,14.020184383323961,0.730661736296824,0.06254559481492747,0.03768120727489019,0.0,0.00636766601207359,0.010957809332231429,0.0015890708545768008,0.0,0.006673431762556493,0.0065828190965939275,0.003070203489239662,0.0041916012728652275,0.0,0.003867905609610028,0.005096931044304856
0.1764705882352941,0.1582978387383308,0.08606204022002463,0.0,0.12067586757345689,0.6906169423333524,4.301859122810241,0.0,8.685971174275345,12.526733100167089,1.888727801794524,8.478402884618404,0.0,143.1031936977321,110.52802493492314,91.5280403815828,159.251470986447,0.0,1814.8720122482032,1759.238251623678,199.43257231364646,0.0,16.20025641142708,8.16062935261738,84.54929124030431,37.025245855977225,0.0,64.94914353268163,327.2807143376759,90.89543308108834,0.0,1.554346226973482,3.6331813868611813,0.12930839981371278,0.03555537229098504,0.0,0.006487374231803531,0.04794013973107013,0.030036310521351372,0.0,0.005926995523581474,0.006804773221407516,0.016145133046965923,0.01987602532001257,0.0,0.0051171320665589866,0.012108599317587959
0.19117647058823528,0.1246021607886629,0.05388885055884993,0.0,0.09402941361345254,0.41009390546437774,0.7898960023598081,0.0,1.6521573146910589,14.357326428819588,32.516985526092185,3.414422054961381,0.0,55.144801688904394,111.33225781669687,290.121729382059,251.6601699091879,0.0,54.18946623851687,1342.6045751032661,2536.8518649379394,0.0,621.2260617922836,105.88636829484255,131.78641635403523,128.14316467936828,0.0,120.56570954763285,55.15517011354951,8.811932361407095,0.0,0.24783545046634947,1.350920966500521,0.8471766041003734,0.09668637665814214,0.0,0.007777757183275405,0.002235001767999843,0.011110649508557367,0.0,0.012463856707289521,0.003559622437661082,0.010758505297009325,0.0028303577376625876,0.0,0.014197867961066764,0.01464139894446188
0.2058823529411765,0.03025546387275311,0.06211140715407516,0.0,0.1302008896595611,0.3108180534252066,0.5624441350572946,0.0,10.55681580428228,11.000738940368294,1.5227860841200433,19.009333552248236,0.0,65.75315990453716,49.93046995771664,96.71732547821856,39.113694996181756,0.0,8.69814002231456,50.538485205424195,122.50556284564769,0.0,968.7975919969117,486.4339686485359,67.5417517193197,8.960713963934708,0.0,8.675479377736341,14.300833471562541,8.382337159504573,0.0,4.436644129679632,4.153319173628745,0.60428199765427,0.09273334721902861,0.0,0.03961318024191739,0.00523502534493166,0.0009078785261422937,0.0,0.006628402654593362,0.0038802256261769473,0.00443750307986226,0.004458000283276214,0.0,0.00574021377366565,0.008858434339273951
0.22058823529411764,0.35744087141668185,0.1755381137227643,0.0,0.12312833124215947,0.13878485840003815,5.357613185444034,0.0,27.783632506544727,63.41066305376549,56.03800483144448,13.138983214263497,0.0,4.3910924952203985,2.354034654436555,12.466915688504706,14.095400799981478,0.0,5.286185292622363,7.128973698628048,12.771955017398277,0.0,289.55283720297325,1746.4757466665646,780.7093655752462,38.13704795110478,0.0,20.065860451001832,42.48064451778204,17.460433147586187,0.0,15.482811856410654,7.0142148826664314,2.923856862236246,0.15914883506755145,0.0,0.07674814947594766,0.026502769565498255,0.01568739854795545,0.0,0.010258903260115675,0.00533838431212599,0.0043775098191623394,0.008064447023701477,0.0,0.004367853924182979,0.0023392395078550266
0.23529411764705882,0.13681485355290546,0.3770551667287536,0.0,0.22430623552966109,2.042634028233042,5.174012888676004,0.0,3.415047273738205,1.9381589304078117,6.48524325609489,18.578508086319456,0.0,64.66294995655218,68.14980375862709,37.28649887196879,49.21918453068281,0.0,22.3340624777277,4.8262388115327015,14.778769127493456,0.0,11.040482269561268,98.7562319126248,855.1143711494346,1452.2123663010095,0.0,345.3666841165001,33.25592967050781,29.84709728764861,0.0,6.078418819427857,5.619051982998587,1.9747974672978597,0.07162749427952794,0.0,0.008005127301767726,0.004255328727691498,0.00354936233007495,0.0,0.005297109579837788,0.006492955863402468,0.0034460080424477966,0.0024793024029647233,0.0,0.00137429144951545,0.004863462225976989
0.25,0.14236960891673323,0.17032817805763706,0.0,0.21701549093390332,0.9966070086336967,3.277925829544867,0.0,19.29407758315598,16.16054588627411,6.0400887808160135,2.7097571206775743,0.0,5.990365602953123,37.403539507278666,61.70330393475679,12.83080430451356,0.0,3.5779804645869735,10.550929703855216,9.698998968065046,0.0,4.533222895013239,42.584902721808625,91.16056145968471,530.4739541132731,0.0,830.6918608049136,593.508061439461,349.4958945880955,0.0,35.07937186060808,4.582346822179042,0.06305613019779983,0.009737169757273829,0.0,0.023182315389377105,0.003235744414778422,0.0022830309530612286,0.0,0.009365858980661525,0.003185820811065626,0.0061956335531585605,0.010018195023774622,0.0,0.007824917143394871,0.023091437772058847
0.2647058823529411,0.17065153082644574,0.2953072806363638,0.0,1.1196716448946369,0.8546662897757867,3.1285114447716884,0.0,3.9336595087894937,4.381649725215839,9.582767254292305,3.9307991936759614,0.0,5.176369636848221,52.776531885930076,52.498771628887084,46.063999305991345,0.0,35.036438165950926,24.67052781211513,28.053694793144913,0.0,64.38113843227599,62.24878960140411,8.945302217097979,493.3132532972872,0.0,3424.361878785108,1796.150427736467,31.44535248912301,0.0,6.419754742380032,5.261492981597362,0.07863844716886623,0.00810855898091553,0.0,0.010241435074468152,0.008294913416427411,0.004452172603718027,0.0,0.003812552016274869,0.006262821120040573,0.0019997286307202352,0.005204330754588629,0.0,0.008167223152112338,0.005615865280513704
0.27941176470588236,0.3814735575463483,0.13586714057864224,0.0,0.5146855995568553,2.6479708489544755,15.068666496802425,0.0,25.769211096711146,30.49438835177262,101.6889288305986,80.0576681826899,0.0,65.1460860093912,73.19322427764057,51.23061922946023,113.54036798526849,0.0,174.67828815791688,34.78737358416548,16.91451589661084,0.0,123.30737328531578,37.89604011016648,40.380221787382816,360.5001460725555,0.0,557.3394501865373,1325.5874887174627,305.0356804730361,0.0,2.4867064030855692,1.2084147190999608,0.14834765121897953,0.0836355748179084,0.0,0.0093533436563745,0.0040194588209102695,0.001688212387838549,0.0,0.0027597440347567693,0.0009864552727772541,0.0007793161948478479,0.00946624583943503,0.0,0.0034750930772261563,0.016477804362973098
0.29411764705882354,0.10470349738259851,0.12984218309369244,0.0,1.0725271263702507,0.4847037760971946,9.529515261761624,0.0,39.927218551790375,20.11197383246354,99.95505869102001,156.4837968047481,0.0,19.879395870710695,55.710411730405674,60.37489582604813,86.50876944712125,0.0,182.46732094030057,35.966622208608435,56.080205492050034,0.0,75.92321554374792,22.61113182549611,37.17782592058323,159.44004812973662,0.0,279.27098541786285,41.257803071108974,4.9580078935739245,0.0,1.6114894000676263,0.5198279702153774,0.10814500231158874,0.022714263761317334,0.0,0.013538086871319896,0.006142130835740642,0.006125952035080536,0.0,0.004846519711827252,0.002310065479425433,0.002739615772365451,0.014436882456630426,0.0,0.020834969560004232,0.029729030336320662
0.3088235294117647,0.09984203217655369,0.11079272559673309,0.0,0.10606504071693032,5.462637644896713,54.202632319125556,0.0,67.57287188992706,9.640397962438149,47.12760357544589,328.47812906448394,0.0,305.05408208428537,140.38803950162236,153.63330483888356,371.4489888989239,0.0,346.3750561408333,47.522136224331085,47.41794510146954,0.0,36.14587693509294,87.96605522251821,168.99181877155607,52.08890174356117,0.0,37.0801653679775,14.818422275873628,1.8950792529048195,0.0,1.7853902616803516,0.1133983082749355,0.031222588224361025,0.007816923556944159,0.0,0.0045451079333784766,0.0027675397348474245,0.0018839621646775954,0.0,0.0050992628346706505,0.006358725474200307,0.009521592206996329,0.003905266995323023,0.0,0.003098030669696453,0.008614534356930097
0.3235294117647059,0.1462802463185275,0.08600120756400617,0.0,0.352549551782803,1.1306104561388908,17.83839166926832,0.0,8.077884632628681,8.648663705713947,109.82494163918545,553.5020356953567,0.0,441.83030055864106,216.77258161278496,277.73124786524954,294.0083773153668,0.0,469.27374185669703,228.57063772979222,7.5139087875774155,0.0,97.0470927009178,32.427332926894124,16.93788078271634,3.7444396841326046,0.0,5.499094734187657,12.565143237800719,1.9843230699799186,0.0,0.24130396367216433,0.16699960712997367,0.023717352220963807,0.01024396179054699,0.0,0.0034179958189783687,0.006645364775212496,0.010413791929836925,0.0,0.011045806959964918,0.01577569174619939,0.008013069332609089,0.0025045279534398833,0.0,0.0022459160124827064,0.007644116817502175
0.3382352941176471,0.2255569059751758,0.042090930285917115,0.0,0.5053939044489717,0.3980134989149073,2.622952422654132,0.0,16.574142701464666,30.541248352890698,167.68135064067863,821.7068900422917,0.0,1879.6085092145795,1313.0127870620406,433.595878933471,574.7768107938879,0.0,226.5849092090774,209.5872864183192,72.28839741219313,0.0,45.66935944470083,25.916340210792498,20.6028142144403,107.27258521314567,0.0,148.1732597654536,44.07827551435629,2.783572164344402,0.0,0.11908083634212134,0.06302796817587737,0.04092072626681556,0.012527177198645038,0.0,0.005275436515881278,0.002731087326587419,0.0063757468940266035,0.0,0.003894522811469379,0.0018745117209724835,0.014291679323834603,0.02453787410412634,0.0,0.0071232758177531665,0.010846305492109314
0.3529411764705882,0.1019926675660228,0.15060947389973744,0.0,0.6857135376696577,0.5511045901934265,0.4253540406629976,0.0,0.5509181480833869,0.41686170216453333,18.613322765336697,25.755010424489576,0.0,375.73903261718357,726.8396891485538,736.051342167178,121.42660549930099,0.0,225.62829055715895,211.45660247939279,45.23383687452166,0.0,81.5709322465813,154.79262098421592,59.73614928236958,19.24140161493941,0.0,23.982836333473074,3.3051933494899526,1.4200074352351033,0.0,0.05216571867265399,0.07824784977557535,0.044480362640236346,0.13599620200932444,0.0,0.05956894663289281,0.02119603020863622,0.012112534496194717,0.0,0.003986912335122589,0.006904263355294874,0.008505413657117896,0.0029387609195297907,0.0,0.01163896173231067,0.0006730416803858184
0.3676470588235294,0.3740621431058278,0.14233996467777524,0.0,0.9830136118083331,1.6228674140189283,3.727280429334659,0.0,10.521854219096952,29.40960971256864,13.765254142285656,29.712650595877122,0.0,170.8362569717023,216.41424675565833,27.651947684037978,362.1593783471602,0.0,147.49866245522477,1122.4800525375874,1491.0473250342166,0.0,726.2001656029522,249.87427244264563,153.7957923033428,34.134973813983855,0.0,25.30272598762378,3.4898350408747913,1.020984409277943,0.0,0.5991809348798269,0.04238729143084878,0.007448800400027655,0.1130307117790251,0.0,0.05177852728244249,0.02140226095231273,0.010411081754260844,0.0,0.0050020437854363595,0.007859287560680057,0.00852279553842356,0.004259723206078385,0.0,0.009662415567387462,0.010986111847820546
0.38235294117647056,1.0177256446443341,0.9697908433553011,0.0,0.444808081349153,1.0485153169721184,3.67006111960392,0.0,2.6580473766241344,19.782850857144716,3.3905660857182323,13.752090100849284,0.0,17.376984800720475,104.68426392009306,181.06612825273484,79.88223477604596,0.0,162.61110910874288,446.35693128586377,335.86401014045794,0.0,859.6295684899444,527.1023401206771,80.3587237358857,22.689377943811756,0.0,87.87660653538818,225.41628040335644,158.04020069752525,0.0,65.54414583009641,14.736096538275557,1.9424036188181488,0.03647983642513077,0.0,0.005903582434735254,0.021700250401171475,0.00663002657596447,0.0,0.0012645698371187182,0.006091688230267292,0.0012243013212935013,0.006583827733951541,0.0,0.004577876450990509,0.0034185496717056233
0.3970588235294118,0.4185162805527511,0.2751869963283936,0.0,0.2986637508109715,0.1666502724518535,0.16764833093283862,0.0,10.690425684583149,44.46657212743407,13.455674487802675,9.060254947975245,0.0,88.46009484272035,60.4859660707614,27.08374172027913,27.673854734671103,0.0,258.6574689855558,121.79580538512505,300.9303497999329,0.0,333.7673647289049,719.4816335024548,61.861796328427175,185.87089664094975,0.0,134.8392521641289,70.45228947638302,592.2646448566588,0.0,647.7251864267678,221.4030361341017,10.776747297620641,0.268940907305885,0.0,0.011002798268995898,0.00924649276291653,0.01483362557140357,0.0,0.0012271077673675467,0.002085453872917816,0.0021599200493575216,0.010084353243419232,0.0,0.0037145269364263303,0.006236471980587188
0.411764705882353,0.3533307015484421,0.19098361560869337,0.0,0.5358154628853288,0.8953595904328564,0.801432394782013,0.0,5.945402260038114,8.5691622351848,11.936586040657325,17.01851035833476,0.0,8.88440017156512,6.264200861087206,118.80734053975652,325.46126911622565,0.0,289.3373641362824,371.3707769709201,133.56115509094357,0.0,156.60521434788018,638.1013699229618,2293.7188152127655,4746.528556416373,0.0,2206.6632946631603,317.58171344589385,38.824982320187885,0.0,69.83061519385579,13.189835679690464,11.353559548973505,0.32262682964932743,0.0,0.06749325281705298,0.03339656385423241,0.006970118500185924,0.0,0.014772719347078129,0.010341418115226358,0.00856286270393293,0.003966766079980862,0.0,0.014198505662687473,0.013529602313814032
0.4264705882352941,0.281210414435397,0.15558605159146688,0.0,0.3312636656313537,2.1121253794837602,6.5534686949413095,0.0,4.045631926884655,5.783823680995079,7.191657870119653,4.730278047358947,0.0,1.7967279088366666,40.20570571237991,97.45531982355742,56.6779842196471,0.0,14.839464095857945,72.36999202152836,93.26366983670644,0.0,142.2317668124463,314.345752949292,56.70540848239297,114.34790628891214,0.0,487.6457641019267,331.0391230116801,10.150958987869059,0.0,32.617643687840285,34.178397848696655,20.43456356246233,2.57772410433218,0.0,0.06146660410796819,0.013031098854307487,0.004155890281457212,0.0,0.0016614546135052023,0.0009544609945657022,0.003538153427236488,0.0037126331900210847,0.0,0.0017215522087560909,0.005679626812065959
0.4411764705882353,0.2780646684969319,0.11078847542750005,0.0,0.31671533607921043,3.0822148240130796,5.152871316582903,0.0,1.6005819294876376,13.308206753253161,2.186372249481,3.6990220707480135,0.0,1.0401760934751791,12.733730772622305,36.97402990635284,29.630955487196474,0.0,7.824939204594148,120.81426543282464,78.6732573851559,0.0,75.9815803463274,185.67636429575288,139.31139296179276,270.11524390842715,0.0,358.54081244894303,99.47031824253554,56.218837275819865,0.0,4.307727572444103,1.9444594813418694,1.2809725967538514,0.18308320510684056,0.0,0.01702327737251333,0.0028025905635543,0.007546514605916096,0.0,0.009663105837455228,0.003953395359211301,0.006898758136846878,0.015006815923399777,0.0,0.01351527998431314,0.012876101522981765
0.4558823529411764,0.2242393212654244,0.15345767139163488,0.0,0.2531745980752657,2.016060429279219,2.354454124587315,0.0,1.2478080727143785,2.393182509966814,20.749964314254225,16.477950625178437,0.0,6.965382410613929,1.7617265876409012,7.6702550286612805,28.01277160865858,0.0,47.50751883902608,48.14556047750308,7.855566676382285,0.0,27.690183178172887,240.84650288566505,125.68178678011564,63.468001778553756,0.0,580.513189260811,476.1028347725363,54.43382698235884,0.0,1.1758697685901893,0.23999471394490807,0.09548948311211573,0.006715044543960599,0.0,0.0014313408924214873,0.0029748751004897104,0.0018071307467323423,0.0,0.000885288914255621,0.0023677183592254614,0.01058055390148495,0.01829022338724981,0.0,0.012252667385633548,0.009526509645780524
0.47058823529411764,0.169123711955899,0.039162610961688694,0.0,0.2645837474529813,0.4290033849483764,0.9635672308418572,0.0,6.269378282087086,3.1680935470063623,16.92438634058287,10.999302950588714,0.0,0.7997546034648175,40.52555730930454,83.4732780727327,57.3650802490187,0.0,13.25136052877146,5.68911876722456,5.731025047225421,0.0,34.31460212386024,163.29837166174423,141.32532054359172,56.4308897773438,0.0,153.58828794016438,50.52616770546203,28.76003776109816,0.0,0.7347573449790612,0.1236548304824211,0.022709527189024446,0.003946748379528571,0.0,0.006375764109136586,0.000680334416982614,0.0026221394701105606,0.0,0.0032913219183737124,0.006267441162477918,0.009119101192487393,0.0070519164385147,0.0,0.01968700528301158,0.012615382157205887
0.4852941176470589,0.12578273888332286,0.04643655174808385,0.0,0.18655048689224835,0.6059502163369717,0.4697506712622602,0.0,18.414979922234252,69.39607953238985,30.312518291979995,41.44975393557509,0.0,20.01118839765423,66.64812047597658,113.42008907543706,89.5128146323072,0.0,54.29022284744953,6.6899308872194485,17.71390381074771,0.0,29.224101402810888,16.20090790850704,61.148409864658944,143.90284037399448,0.0,75.21006715316084,3.1116259816160605,3.5892728124514424,0.0,1.5039922207312464,0.1478562350930279,0.037373836966138135,0.007901834379770545,0.0,0.0027068976660461707,0.0055217489330160515,0.0030204681089502153,0.0,0.0022708689867138674,0.004676099216322459,0.004282324549192815,0.005216771222124984,0.0,0.0022656984583788995,0.005116027422685246
0.5,0.02701011973031904,0.09449861584927799,0.0,0.09173127588180505,0.27032836946650807,2.602517601495788,0.0,49.257208945640016,126.97303725585412,50.78459992151488,75.10550768586117,0.0,57.030252956742345,3.381188824103151,23.42391848376321,49.612401761289235,0.0,29.62860250873227,3.2213009710027922,2.1457085363581427,0.0,8.769511492082028,7.2743886744853175,10.232868820959174,18.680659468554857,0.0,17.782900498670223,3.735376776210974,0.6525746822106153,0.0,1.781432217330218,0.01881898631447915,0.03884671443190907,0.012148124334543629,0.0,0.0010845157304745481,0.0013957166475908874,0.0019376343433963991,0.0,0.00560930490237169,0.004379120954088198,0.0015587886381508557,0.0015810235003959102,0.0,0.0008033101355630512,0.004003564795151719
0.5147058823529411,0.23115794415749988,0.20607889539724306,0.0,0.36787486789972634,1.4481768727789142,4.2306205244064765,0.0,15.967961417843371,88.44189765283738,34.23185125223236,18.66201650088329,0.0,32.96530538735978,15.781313292987562,2.073378564943618,76.08970591814489,0.0,125.760577845064,12.738036137928873,7.358028648320287,0.0,1.918071240983135,6.043993310987511,14.47138025075252,4.143276243283872,0.0,29.21847936530275,9.425931701154619,4.4538187033846794,0.0,9.332964962423082,2.496714421874561,0.09339551338873789,0.007333722910767851,0.0,0.003748303823889283,0.0026634680741402204,0.003292936819315162,0.0,0.004227853213541674,0.004145850151333317,0.004030647981982743,0.010536942418740874,0.0,0.005923972805130195,0.006218266125282958
0.5294117647058822,0.08260925187089208,0.11717522469803356,0.0,0.056478641285111514,0.7766257413806,5.617080455659693,0.0,4.784845035434574,53.137377039473435,10.187205092972038,23.376491134881764,0.0,23.678296779680636,10.120338802230876,1.9961183756332073,78.65086159396037,0.0,377.3935623558811,101.0349567727861,2.3775178058060376,0.0,24.87924164199763,27.566052031745613,27.037545550948515,4.487931582565167,0.0,1.5555814161911625,0.2596195877630395,0.5039542505294167,0.0,2.031606769863713,1.3728493567079632,0.06679084116676699,0.0039553895161173,0.0,0.004666575989662036,0.0021373897335103653,0.0013292737853933686,0.0,0.0036305269166849747,0.003873224226178783,0.0027985130455674082,0.007400199315903928,0.0,0.003061447139438099,0.002846112574350335
0.5441176470588235,0.16571858399960604,0.09599206402344843,0.0,0.36840529184777526,1.070614183461863,0.21701800863685838,0.0,4.908193022825686,90.67782186575232,109.7356560711631,27.797600383381095,0.0,10.255087911861665,66.45111004084197,116.9257079515925,64.27917006771213,0.0,507.95840520982983,325.8907418049155,8.387596455705223,0.0,1.4334056057801896,11.648558328608061,3.5389430911567645,0.4484647736742366,0.0,0.4106287282391101,0.4000507889824969,0.10379486230156522,0.0,0.1107425063725423,0.08530405865910563,0.0278271431129073,0.006580066255055401,0.0,0.004015348863378827,0.002385281775152452,0.005926852336113127,0.0,0.007051713359913683,0.0024955570404079806,0.0036570179106520306,0.00858368040394209,0.0,0.0030534320121173844,0.0023578681839328754
0.5588235294117647,0.14792005892748877,0.06150829486690611,0.0,0.08881867670399271,0.6356442733218901,0.5185718573068837,0.0,5.313634010570221,41.72395446544742,44.70106372535884,14.718407445714142,0.0,4.97875625353708,81.7754649550102,265.1115129913597,56.92985055221389,0.0,1.959024758888561,162.81679364186766,159.96135312896092,0.0,33.13986470822702,6.109938930895041,0.3570405708157125,0.7247577430099066,0.0,0.4708920717588818,0.37067514508488564,0.10462749206275415,0.0,0.011623090998852679,0.009835079130521274,0.004671583089452288,0.0017043396377622775,0.0,0.001722953189786258,0.0019425703162002535,0.007788499015074664,0.0,0.005425524950495373,0.004064860084112134,0.0025327734208174858,0.0015040004592670364,0.0,0.0023403852929372395,0.0006166668409785885
0.5735294117647058,0.04792258627437354,0.0223709101228658,0.0,0.06393214401648059,1.1870319952599808,2.878701616325426,0.0,12.624564856072041,51.90821375796214,80.00861318959508,61.64933426986053,0.0,33.4245694670807,26.302068997627998,335.1232847927803,681.8738770081466,0.0,221.62280917235591,21.195453362999316,91.3322537039164,0.0,14.153349989730897,1.3241571685506006,1.3179057929426554,1.1368127473839742,0.0,0.14749027828009403,0.16296252325798383,0.032920599622881914,0.0,0.036509157891299215,0.029339192222282498,0.016186236840722568,0.006793533092837888,0.0,0.011082195808299312,0.010272354223660072,0.0009459612845998911,0.0,0.0020946345930211918,0.0023602766446326044,0.0019712170148266568,0.0040560235907064705,0.0,0.0026344300986991956,0.006736762000884703
0.5882352941176471,0.3244385352340613,0.27228445213461583,0.0,0.12950362509874977,0.4923738190483655,3.1923514872805283,0.0,3.4037786095387608,3.069995266575133,156.5783878119796,174.95573524473593,0.0,64.96364061316959,46.07865538465565,217.55135687625886,594.8699877417696,0.0,68.66662041522815,108.50204427336845,705.2387129373985,0.0,291.6224583836864,15.835783201884006,3.974185403399649,0.1427657043428765,0.0,0.21381634444936048,0.04804616875824116,0.01692161922463263,0.0,0.009167929785832496,0.007355471484171433,0.0037392995330640653,0.002640590641324864,0.0,0.005018010178118383,0.0006491538360525552,0.0016928547510584291,0.0,0.004405897270206643,0.0023673360414130213,0.0036380919518227395,0.0017413427716771951,0.0,0.0023091161886593355,0.008919212262867907
0.6029411764705883,0.11237459718876888,0.12547076525507267,0.0,0.15757117411936486,1.1393592625908446,3.062969206447243,0.0,7.7863876501328715,25.414105853817208,79.86258281529999,537.7985447241421,0.0,396.5720123305642,59.74423943574945,139.81444642829078,397.7999112760783,0.0,1781.4963945319723,629.2815766775204,230.17532107705938,0.0,1234.94372442225,403.30260470928977,3.614996522826507,1.302359365470653,0.0,0.1116757005990757,0.039089110451733744,0.0035816762296533556,0.0,0.024199794576265178,0.016759579929390346,0.003075684025939703,0.001628608810777486,0.0,0.0031397119784227416,0.003974994918751123,0.003554043926196348,0.0,0.004291189022535564,0.004569565414620138,0.0017658112872277459,0.0055180911571627335,0.0,0.0010019049145850209,0.007331625716943421
0.6176470588235294,0.22948253366494187,0.18396833690161804,0.0,0.44699276293939605,1.424235611853568,3.5884480034685344,0.0,10.092779228059728,19.625217375333968,140.3177643807662,364.73766555970496,0.0,106.8993647748343,299.18896536195365,909.2172690290437,99.95014087730631,0.0,1187.597119820656,1288.0763481227264,391.7836717158938,0.0,422.55001278816314,1009.4402814903893,266.9419791824188,27.33403519577184,0.0,2.1386115200221103,0.36534019824261527,0.01893679469717672,0.0,0.005743398202031238,0.001553811677629734,0.00874871444155495,0.013059875998252049,0.0,0.0033715542706251366,0.015129580368138704,0.01191733652431012,0.0,0.003024951457807696,0.00969200746571474,0.007652819256145799,0.0014428183920361798,0.0,0.005080597842743126,0.0016726481565370586
0.6323529411764706,1.359068659405166,0.6765680078777024,0.0,0.45860961632500197,1.160545313137844,3.791215483315196,0.0,19.561594223098584,51.592400128473784,119.94835029392746,438.967973691233,0.0,147.20645868406396,576.174395697984,1022.1149362090534,679.1786484838356,0.0,863.8628437218712,2198.2222031121937,1841.2329465612472,0.0,193.6202857417225,84.55934854771849,916.733841480119,602.9301628077259,0.0,24.532397428035686,0.3376994664058138,0.2307189975690816,0.0,0.049787526906888875,0.013781097009491369,0.04828100661489901,0.0378058557855228,0.0,0.008578806343697839,0.026100014213972286,0.012360588076131128,0.0,0.006431330169834342,0.017245693216738227,0.005882839313660647,0.004737396339868094,0.0,0.002657906062202166,0.005666101899252318
0.6470588235294118,0.4742505870651708,1.008553641244387,0.0,0.6230077333738483,0.4736583244839177,12.247463567471442,0.0,58.71034998508061,36.267467781323646,31.03621922824302,355.01065472412927,0.0,780.0442552968937,176.39588092982834,21.120142265551813,158.3625281429845,0.0,599.7566888388252,295.532502306702,1482.7290820551023,0.0,3284.1199571550487,1362.5911395924181,1533.3393433185522,2436.8761626525566,0.0,1373.5101022144004,441.71747050467945,79.3733484728404,0.0,5.4766340066315795,0.9532224946107568,0.09597610541870885,0.009899547867785232,0.0,0.010998088780220227,0.01556330736178655,0.004964409211542597,0.0,0.008007405332528339,0.005415165484500857,0.003272887927526039,0.007347146376611705,0.0,0.0067161848298986,0.026868599412872087
0.6617647058823529,0.6243840657078827,0.47680284717517396,0.0,0.8183890057699288,1.5017793551840515,7.818010645633316,0.0,7.3681527983666335,15.547898479438485,53.477187189446155,95.73902951208927,0.0,752.1273537140709,173.84237429555628,118.21459908014958,5.963239417068122,0.0,100.9051658939845,57.54669375102837,118.200619335583,0.0,770.9486091578299,1053.630489626924,23.760946137655303,213.72815086735142,0.0,385.86396903937776,186.2390123374933,732.4521359506409,0.0,498.21642971686117,101.79208272805334,11.93297243535429,1.0569473488913388,0.0,0.02012714699196351,0.01750908423258313,0.009372773070543414,0.0,0.007798312934854537,0.008216800947358905,0.003653981081587613,0.006946727353537456,0.0,0.047842928207078944,0.028737251235991662
0.6764705882352942,0.2728923817494628,0.23592016578565522,0.0,1.1366129472624957,2.3948031216733634,19.395955769154973,0.0,47.73147697293115,11.432150283941185,20.078151999322458,30.60139615128509,0.0,155.46310889708644,946.4119782816277,300.02600060382827,18.265731039148445,0.0,24.549950706744042,75.79141846992447,245.82713824665836,0.0,283.66537048035207,158.69595823722648,2552.299026060992,1361.196515597999,0.0,215.89143774779907,88.70983980639151,32.277099485222024,0.0,129.88935005410426,593.5615162695241,259.6986305246453,9.169396152841571,0.0,0.06965312470994452,0.00736432824208038,0.0029353640018813373,0.0,0.002480120015861662,0.011924939603838764,0.011777653563093403,0.007019967192149621,0.0,0.008276067630683047,0.017274984445019168
0.6911764705882353,0.2259000063405022,0.6090358426882325,0.0,0.19133170130396893,2.0226874462696083,13.722933370568079,0.0,7.783427505372584,6.5772040254509765,57.52762674072903,128.88721950792794,0.0,51.18430970925138,141.5400662295264,256.72395283755145,16.564521802703798,0.0,1.2025184434808034,38.57539913959244,22.998208218715817,0.0,11.342126398400534,163.96841350873433,230.72484886323122,853.4628009279577,0.0,1011.4430748553015,125.10745320402795,1.7402868246049037,0.0,21.76881167778912,228.9990017106313,199.31929327741938,3.5662631477940065,0.0,1.7399103295076024,0.04154833436713724,0.05019856469050739,0.0,0.01215973908774716,0.001150520252296523,0.002199744492849854,0.004248765459288965,0.0,0.0056056737543758355,0.007126361485919195
0.7058823529411764,0.2109631410637216,0.14013274040941837,0.0,1.298538140230519,0.4012006076893168,5.283119971566614,0.0,7.350914865808448,4.873513387609357,4.863955570206598,10.815575662877155,0.0,8.169566157024525,88.24074641975493,164.36693142587808,22.721654123337714,0.0,3.6708137372671796,1.9635092233400167,8.431126581957276,0.0,4.501882220860739,16.122734921514436,8.349681631154859,87.62170692252313,0.0,559.1936730570309,285.40110417147764,21.284314870006817,0.0,4.528111376468335,15.865456085545578,68.75363479512629,48.09447404502626,0.0,4.229690660819044,0.1674307884779091,0.02031505797222527,0.0,0.004824172613143995,0.003827155657476788,0.008144989458486136,0.02221271562689116,0.0,0.02916846784272303,0.003898722422372283
0.7205882352941176,0.0921450460660388,0.1413579383323735,0.0,1.9616491346657803,15.603478237137123,25.783994135735426,0.0,21.458062131286844,6.600362167056776,21.60606020619872,35.03331880607392,0.0,6.917218579805384,1.9475151121020828,48.49119499657445,79.87287411596189,0.0,26.304586096447878,42.20189447092602,39.878918213819205,0.0,20.324052697135606,8.568870320772076,2.4652143658595778,39.24718987582715,0.0,250.16787607614503,404.58520358322255,130.98452837472797,0.0,9.999870604302723,2.6240608188279646,2.4820705761930535,3.3762636776162784,0.0,0.13994817203788232,0.003366448582664649,0.010240776908673359,0.0,0.004008347425949179,0.002136863540918374,0.0035004093612982516,0.0024190206314199485,0.0,0.009522957921277383,0.04157817231638343
0.7352941176470588,0.10410454232546695,0.06153653839343123,0.0,0.4484822516369268,1.0671649984493108,12.308836027612752,0.0,21.024840205088125,2.435413919479851,25.828973736127548,81.3243383201117,0.0,13.831290742262707,18.63996972871878,127.98904790323962,279.5566729696815,0.0,115.84920086385092,25.849149163162856,0.7280767399287167,0.0,0.8426009306331466,7.842441812966468,8.873804199240876,9.32463358487663,0.0,2.1749519005395443,75.64840832846092,252.78676450006196,0.0,36.981325965356596,8.275364873887305,4.398900114391262,0.21639058576636477,0.0,0.03671325380769381,0.05549927788115897,0.013463267932143351,0.0,0.0040165946002392264,0.0033154926548274607,0.008401043581944259,0.0257561269129504,0.0,0.02395180879037509,0.007502981237029558
0.75,0.08697821209558548,0.07446704253997757,0.0,0.28259411536307355,1.0671507178159456,17.707836361419986,0.0,14.357225002149615,0.6959621511910075,4.9149730100795335,6.149436936865863,0.0,81.14344713289984,113.43445658528259,71.86688431596886,53.01858717995353,0.0,5.646020080554093,2.496087721221282,2.5770481820320867,0.0,1.2995475435901036,9.821440974188544,8.632029886691823,4.508516226236825,0.0,12.475135863728296,60.925616271964316,92.77315699268732,0.0,112.55957652872804,21.08442625316269,0.5261664792727674,0.04050301007051958,0.0,0.024642478709202185,0.004579580921542164,0.0012089866584527194,0.0,0.002428461942481545,0.004897867273501803,0.007336257864913487,0.013361188334840962,0.0,0.023837236950203275,0.03373799337152544
0.7647058823529411,0.18950606658335098,0.025096065991049982,0.0,0.48130432425536196,0.6137068842695136,0.33546970731402925,0.0,5.697736982131105,23.83831327386433,50.80172069577174,41.2798533028018,0.0,25.28773206479434,14.722612004525395,63.083054734692354,122.66653741081208,0.0,59.5901886607941,17.64895223833085,16.043965165313782,0.0,5.755740752907503,9.771807574060995,28.829515956950964,128.7680015505189,0.0,224.0556794730752,95.26312673007187,5.7838308748605725,0.0,4.031444997322447,2.6312861434356143,0.15142168139459133,0.011361513697653397,0.0,0.005665704150107449,0.002751316568389495,0.0030752692192992283,0.0,0.0020474069599678867,0.0032964247865187608,0.004549725166559611,0.005883592509046941,0.0,0.004929081015008959,0.0008837656616634993
0.7794117647058825,0.12138768065028864,0.09406492611538116,0.0,0.40515099406801813,1.529644203430054,2.355457673461279,0.0,0.6063109097509934,13.163624685122102,76.62221923198511,52.239505048664135,0.0,4.192951307307337,81.17338118621862,153.8708365994368,247.29546603632565,0.0,309.1855907567435,103.63946327278057,10.826659039400605,0.0,2.1226184698238173,20.093992462665483,61.887777349242505,57.984106427030326,0.0,1.2384582666914765,10.783968295227293,3.578350190299289,0.0,5.259194368685151,1.053952638574942,0.21032708711945286,0.014077277699300174,0.0,0.012250429354134916,0.002509241520853972,0.0005686912206062985,0.0,0.003057980529395334,0.0006442265644087562,0.0013675741192965677,0.001640349230179461,0.0,0.003272778165131577,0.009380803227918406
0.7941176470588236,0.2131691906597486,0.05167175712890216,0.0,0.5684037590621436,2.5786335012746653,6.988178005510991,0.0,2.650442559853092,14.497857673887435,22.613984087781915,58.812155620354105,0.0,34.11127442394408,172.08698413789054,83.16935923913795,59.17407390353363,0.0,262.48956816299096,96.14078423372676,47.169949450728495,0.0,6.995798521058972,5.671434200080435,20.75998655632488,31.915983545711377,0.0,3.665085014467987,2.5808994327281085,10.206685381463402,0.0,13.326086197276993,3.5623759545696334,0.3604328095100118,0.03212975064840327,0.0,0.010538771058501106,0.0073636930103367455,0.0033603425636881848,0.0,0.0030574224563173743,0.004113572974440871,0.004377765649243009,0.001812045016597375,0.0,0.002527889059898718,0.009091655162018144
0.8088235294117647,0.21403247064374853,0.10846491521208018,0.0,0.4171258306320586,1.378298443543969,0.7645857164699978,0.0,8.886865067400993,29.084259832629918,6.7012476699388985,85.90917137249568,0.0,31.92350892450179,26.00446492796413,40.03179060599699,17.75442880095568,0.0,36.88581074393515,1976.4276240850236,3584.1607363308076,0.0,1021.1973356623298,167.3560716509804,13.802627870937371,4.5568457149515496,0.0,0.8768639508244498,0.34992420374861966,1.7014895321160015,0.0,2.4748860263360144,0.38086133408795425,0.018072530631616242,0.020136424303764666,0.0,0.012091990252140448,0.004811892225751892,0.006221722099677006,0.0,0.025967438061260232,0.020166299666016525,0.01105968155868662,0.01121021129454941,0.0,0.008888144924177997,0.011287122580275252
0.823529411764706,0.23224682488989284,0.1902168260305135,0.0,0.3842855176716943,0.9923526950712145,0.7813192734578989,0.0,0.4278828369083679,2.809751859340011,38.168234293733285,509.7892838455839,0.0,877.8590997358831,718.5958568281221,383.69195394838164,79.37505474703983,0.0,152.38363373303895,94.50508147366347,3040.712473949773,0.0,6965.154199095576,1306.3961333187406,55.825756729115724,7.1149480905362505,0.0,0.33933171374297955,0.8090058981568382,0.5890950134820154,0.0,0.36519963031211233,0.01369499901760875,0.014017099466838693,0.010089921910691555,0.0,0.021698626443257853,0.009599676156735189,0.007544312867082976,0.0,0.007315633520828716,0.00912099582307509,0.004518406305688085,0.03512427341317243,0.0,0.1056507109582813,0.04805919475552679
0.8382352941176471,0.1330899323373464,0.3664822396060229,0.0,0.4089093371993403,1.596617070214711,2.690255152659045,0.0,2.8006106477895694,7.649308144967309,0.6014563621019103,150.5766768060637,0.0,348.26838363882337,199.19618742825787,249.16504997707756,358.0738165452709,0.0,93.5877629826063,10.126418534839901,197.59091736070198,0.0,4044.4828179263995,13904.223768185737,5452.171276473901,1142.2960725303942,0.0,102.87649861917279,15.08381745762588,3.630089325193997,0.0,0.37029031688891817,0.35541201400739997,0.026082064074581832,0.04529541094043105,0.0,0.00406325370648592,0.06108709226179962,0.017959972219177955,0.0,0.011046088453060435,0.012686345907964844,0.021183562642270795,0.031056427839694423,0.0,0.03798880964399161,0.035535660250289744
0.8529411764705882,0.11258623828375268,0.08340603795097126,0.0,0.13189501810681206,0.7861686486089445,9.26198908180507,0.0,19.32514006186994,18.71704452295694,67.62180198804884,173.72945582684167,0.0,175.23577245620106,175.6820397522635,193.51641800681705,137.82723215301087,0.0,93.5673373098179,97.33425985249751,74.30402214774443,0.0,865.533955525276,4246.539831640946,11118.562659605414,24561.885005883232,0.0,15666.773138831122,3193.2009980701596,179.4958835293622,0.0,12.555582586781568,1.694433113032285,0.1358762665232397,0.09187754422246544,0.0,0.010494492527345387,0.02944488930992192,0.013660519237898287,0.0,0.034727531079820545,0.04794815076897279,0.03974594372586555,0.025231999847167706,0.0,0.01699690946129484,0.005090878740738323
0.8676470588235293,0.21034760905434302,0.177802502864104,0.0,0.0302241446766964,0.28686143869961395,6.613565996875502,0.0,8.454196913277677,2.599328680389063,3.1589254680490853,57.82580469721876,0.0,90.33707248622378,294.59106272940056,424.38651224411456,75.57993720164478,0.0,25.229302719032408,80.55453370253638,162.3311589344823,0.0,243.65199777857345,457.3493451662028,279.45057848434755,250.56948332627417,0.0,2920.188328494383,8307.892227013535,1430.8686111248023,0.0,26.016347807010426,2.316181171838439,0.8675634502391203,0.01655195381707268,0.0,0.007813312206121727,0.019452550907523777,0.003091873795320192,0.0,0.033978618595283026,0.05005039582963178,0.05739021004746061,0.017960433371543325,0.0,0.02958997098867158,0.0293048636193812
0.8823529411764706,0.23563859061678005,0.08455301493984217,0.0,0.14946311794786893,0.8628552939823441,1.8225158078327979,0.0,6.762738940908736,8.073746713174284,8.604759325892676,171.88918543613642,0.0,421.41680350024103,485.0656248742767,396.218473192401,115.26961878366644,0.0,33.336612865367556,75.05590941612888,75.98649510089811,0.0,33.0067690526532,260.27854742146235,710.4290547548899,924.9150283374488,0.0,172.34303367318972,3788.7332852160002,2543.9337721278316,0.0,201.67236472082703,13.003990000782002,0.45886341152208543,0.17967148106778838,0.0,0.025929424452092734,0.03288145075431702,0.0055432798048240615,0.0,0.007360939003348207,0.0033865954434179443,0.008559402100554432,0.009754014362133521,0.0,0.006478012868145974,0.011904682872469652
0.8970588235294117,0.511661649603769,0.10486382958670562,0.0,0.23081813852541144,0.2853119679871308,2.847229624943086,0.0,13.426846744031376,17.778449379046126,24.283495076142117,38.831432594107206,0.0,59.21208008589637,22.73306620662802,71.4497210563806,186.3588106966256,0.0,96.45128333587975,34.204997531052115,44.27026412583052,0.0,31.220795531146734,88.81509009216511,11.946550167562814,37.130350568512625,0.0,1212.9575073518508,1471.1698711553427,307.0191478509599,0.0,13.62804675801667,10.886865719576642,9.518982583571441,1.4304469878969868,0.0,0.3660569121346212,0.10908811857681507,0.05573586235213973,0.0,0.0125890652120021,0.010329573624519276,0.021393645807061476,0.019150257076714774,0.0,0.03708271327247576,0.04091359571976315
0.9117647058823528,0.14812361799880525,0.19728356926121784,0.0,0.05562642766570187,2.884597645937875,12.043563859307863,0.0,10.295466620873121,16.298937046414785,21.09433182602054,8.702055683423142,0.0,49.34329939730573,51.067736420454324,90.61706130881551,322.88192551851296,0.0,397.9947111053515,353.0972753650118,658.5509522293426,0.0,348.54384891574614,111.74664239169046,3.1923195107806963,15.662375246805567,0.0,157.06840482167146,55.89700946006853,95.77328006058096,0.0,44.7822762090524,9.843284941656588,1.9059117866222395,0.9431708090272216,0.0,0.10037154710348567,0.04382381241250262,0.011184598670656125,0.0,0.0213725546339934,0.03794905804957713,0.02649605003347496,0.00699778166595146,0.0,0.01979304527384836,0.027615925559982598
0.9264705882352942,0.14214977598708622,0.14207974215502353,0.0,1.8459600102164972,2.55441030445982,4.526863313454955,0.0,11.76643570168745,20.671980783348445,45.46780761529392,10.365825940681269,0.0,18.55454349519656,18.284397436861944,18.980242305894933,12.750301805219326,0.0,181.47110038671394,352.0194958302278,110.00650082510282,0.0,449.3206312264368,935.9181818003303,287.65796832755746,65.480317859931,0.0,6.29631524971538,212.05562057775632,637.5176166604372,0.0,125.72515771230262,5.342645698797286,9.885344824980887,1.6452873113944952,0.0,0.06201755168099394,0.006014430314058324,0.009484066077089704,0.0,0.007768078111898268,0.012826700445576805,0.008068983149302225,0.021112103074478486,0.0,0.028993390420576422,0.08815537095147319
0.9411764705882353,0.24574893325915864,0.2292264752118545,0.0,1.7244859288704886,2.471835751418281,4.655111175798913,0.0,29.41817314798487,69.64722778024554,47.57998429738245,16.130814333428045,0.0,71.40224693626355,53.139859818109116,7.718440609395853,7.485021137118016,0.0,4.808024600180104,61.413363019363786,101.77918795367765,0.0,47.36868332890153,202.65069176020998,1601.6499624469966,2194.4933435030207,0.0,408.5758914896031,111.96720228114344,231.7820731180331,0.0,59.680134713666675,6.60572475464859,2.352970964123691,0.49074723003508425,0.0,0.027812906949227584,0.01406265151294835,0.009486968697177103,0.0,0.009383051978591518,0.0023269809117983016,0.009021002853487491,0.0024931950833111637,0.0,0.004347025537105403,0.0074932534174823005
0.9558823529411764,0.17270103231014758,0.2661766636607981,0.0,0.32345684386875495,1.1573233641909988,1.2969680131327659,0.0,0.1348386353077677,5.801244894620451,31.668236563931387,3.085451854452417,0.0,78.31653066692044,292.7192598296874,68.0024063191204,1.5611771221977846,0.0,4.884478986377324,4.891865777625675,27.46656310525733,0.0,139.1027721296364,195.36327748059898,251.24877174056746,431.09867949780636,0.0,1570.2173510131647,265.2490733008161,12.277517261958245,0.0,3.67211950284965,2.7846601870148295,1.603766369205545,0.3958334998383701,0.0,0.02988297894061026,0.008053632171301124,0.0023149677247169607,0.0,0.003088027689629871,0.0022397703093256175,0.0029723208265403133,0.010984670153811167,0.0,0.012915017889778493,0.026337506664506002
0.9705882352941178,0.15494317462102888,0.12798833761252945,0.0,0.6212871213141481,0.46537173136070104,0.33274357558759693,0.0,0.9359478359257598,2.645871956022682,3.6455332271310166,62.70590905077611,0.0,193.7639647975875,235.84487278285084,149.74709755170534,33.86985257116144,0.0,10.796858843722333,12.261961205051712,14.858387236467426,0.0,403.79068106687384,1251.826694176871,313.4384228580522,257.1357391089867,0.0,2679.315382360918,2403.1245871122205,293.75923171288076,0.0,9.812258926300027,1.0643153572412682,0.14949913768636905,0.07291822760758077,0.0,0.003878659035956295,0.0031535977133057775,0.004272362844153808,0.0,0.00917800943024514,0.009241997638222916,0.008824327190703082,0.004336651604302358,0.0,0.00785136070733265,0.0348496896797698
0.9852941176470589,0.23239787151427135,0.04376592119761667,0.0,0.5378290209793536,0.9695510108990228,1.8613737547126452,0.0,7.782154185895273,6.8987345504198725,0.8972404996990946,29.036369342104816,0.0,98.01520892557338,108.00082337528687,83.47838563516808,31.291977398162828,0.0,14.916847064334322,13.09331845764497,54.2019073653826,0.0,344.86861647279704,253.39485099270428,356.5424676484779,472.7872643177369,0.0,521.0024651483511,560.4339740396213,225.47268059195076,0.0,7.003645902339008,0.3484443313959241,0.1310401041443666,0.008993343116963282,0.0,0.008721422703019408,0.0030651360280183042,0.003499313850726823,0.0,0.0024981700278094636,0.007932744225224938,0.00812007332995469,0.009786329847196766,0.0,0.007696387132795633,0.03654392464552926
1.0,0.09336830643699937,0.035788621752333494,0.0,0.18828287332925822,0.5429829304367285,4.198557575039009,0.0,14.601341929347324,12.86588733726736,5.26796536961743,17.46417976229657,0.0,18.45929354061233,281.4497680400691,422.80426334698427,98.7938547883588,0.0,8.380544599850595,2.943811203223439,3.010001536800612,0.0,9.880485568171773,7.435751499701125,46.05973334493259,209.94621150143598,0.0,132.02661520666481,139.64495756804877,93.09678283104486,0.0,12.352188087861423,1.7481149081592182,0.3206012825458249,0.005163260535873725,0.0,0.009491764002264879,0.0024616871432460684,0.004039209477373189,0.0,0.0024067443661456344,0.002063746883256006,0.0009228396247318365,0.0033503918314116256,0.0,0.006110483092124191,0.0125557911207312
1.0147058823529411,0.0834963289186244,0.10321641166895304,0.0,0.5385154727015163,2.2119586567809133,5.481869137495279,0.0,1.3006441580184123,8.040216909941298,23.749323825179147,7.128466804505356,0.0,32.027820723224494,32.6630791507732,237.96973542140404,109.65521684098657,0.0,9.505214651681914,9.495034600551977,31.158865250773708,0.0,17.388388777959204,0.613016923955805,7.117270255152006,143.08213927856576,0.0,227.46589469034117,100.2281923679201,49.60744643347856,0.0,13.434236045036545,2.5066929348238514,0.19333951614709916,0.007398035244922815,0.0,0.003510025864784313,0.005314113290086282,0.00472555371930609,0.0,0.0006883746004217599,0.0025887671932578508,0.005212372372082864,0.003566176593005261,0.0,0.00459817968655496,0.0016280952442408554
1.0294117647058822,0.021842280359386033,0.15643817892195974,0.0,0.3009550657899976,0.8738875708409382,13.399097003608613,0.0,36.21928636873615,33.206464404878034,73.84193227110393,80.14239874109305,0.0,6.325973476830072,42.11148348592518,310.7944293992537,121.91121950247134,0.0,57.468755873573386,62.895469036648365,13.962074949630663,0.0,24.347837194113815,44.082876746059675,25.475661502505524,127.70331068272696,0.0,91.87783689357549,4.925212081437798,14.3135783228469,0.0,4.776812001743885,6.004649559572213,4.677638356401394,1.3946254070806572,0.0,0.1545754155071377,0.006965094652599384,0.002381558042094868,0.0,0.005035173750180734,0.004892941392266127,0.002311316397898967,0.0060016928956071,0.0,0.0028813214049598916,0.006009467331890645
1.0441176470588234,0.10676608800579024,0.03519854959169991,0.0,0.1266954290818295,0.388644327930058,5.1731986188346015,0.0,27.913597175895198,34.029358994675746,47.9531360972737,3.8499113790650714,0.0,34.50391828306432,106.8995975671496,34.09716581791258,225.25328859112818,0.0,287.710216218535,12.605563194370188,15.351825928629289,0.0,9.647428420514675,3.2929743570142733,5.8403088326668895,62.703676902706285,0.0,70.80821884075525,6.712223534753893,34.44988446011922,0.0,15.378928976528952,10.199446839040007,3.3177345340909286,0.28402865123662546,0.0,0.0421803430065456,0.00783565426509068,0.0033218609760317704,0.0,0.0027838401745231304,0.003785922864159758,0.0012148660853179198,0.006099753775325711,0.0,0.005783937525370894,0.01377960325488543
1.0588235294117645,0.06490187739665436,0.2111187699317174,0.0,0.05731949546867615,2.4474199769050036,16.661475838896095,0.0,38.122476818979,51.61016311650548,90.28654614335825,57.73321412583903,0.0,11.106440914298176,17.778472679498243,47.47999408673069,396.9012762822174,0.0,346.5314683833334,283.8549948882271,266.23126500063904,0.0,45.43290843218281,16.041188974904184,3.5846431540035093,2.1122424528968424,0.0,13.186340005323917,28.259638714186394,3.1162889434242693,0.0,1.101971099016874,0.48550405822512865,0.028786617347064537,0.010677271390165503,0.0,0.002564286116618738,0.004918299309168809,0.006230161252703269,0.0,0.003771777532398023,0.0007064670538150295,0.005346680195378331,0.0033351265741776723,0.0,0.007338826016906929,0.019243256949389206
1.0735294117647058,0.07198179086178863,0.11634501309120965,0.0,0.1877450776155192,3.235347202038848,5.375588385339275,0.0,17.545352677213096,4.695388422622392,90.11044826845628,173.98334919645959,0.0,89.00644015242293,20.951939655591293,21.01883955520283,249.21880103326856,0.0,297.7541411096143,39.56511040287216,130.64473427327545,0.0,52.39187342784469,11.127093247792693,10.148141571532431,42.25192855864732,0.0,36.84221883313577,5.319733127642446,0.27037300222754723,0.0,0.3126629092012696,0.07158670885172638,0.02189571364469171,0.009462758054498664,0.0,0.005791416946380642,0.00491864447106235,0.002016494295572483,0.0,0.003339143988187844,0.01545362472673738,0.01391771544346208,0.010524366086669536,0.0,0.007128319894490465,0.002620024049579965
1.088235294117647,0.03142718967597929,0.06690128704772767,0.0,0.26593914986078826,0.5253089474187125,0.3647937472728837,0.0,8.2040647494529,64.91071057806019,333.98804812083347,699.6474842381492,0.0,254.58873294352017,17.01102260966872,11.876504329804463,2.8499877470568076,0.0,22.545438348399493,117.84944395929708,454.2666478309698,0.0,203.04035996599208,13.884028485099169,0.3963871242940467,9.143183709399228,0.0,4.2250883182210845,1.6943392500577472,0.06589638308847488,0.0,0.03133761542954895,0.01350377416821278,0.008129179042566931,0.0029608655493085353,0.0,0.0047982055808331,0.007982294866350353,0.0035044905945958104,0.0,0.004060348013718227,0.007044436258959248,0.008269981149536315,0.005647123017676638,0.0,0.008312612632568848,0.009975177250032871
1.102941176470588,0.18381092648680947,0.08474170411321036,0.0,0.7646639376519517,5.194256286082206,9.315163119974963,0.0,19.651793381731714,14.240777500666486,19.933715904491294,4.331214671149306,0.0,150.1553544380952,181.46159724763683,8.39153937436113,8.949790735483903,0.0,139.62031871281485,278.9007815659369,776.7906173715935,0.0,2904.766319417309,1054.5320165785138,43.66496955991027,13.035669848211928,0.0,0.7501606455735312,0.2998069204189891,0.2005081253119328,0.0,0.0554977792488178,0.006925629912521572,0.007952798026946114,0.007907282155907826,0.0,0.0013096395412995096,0.005841140599361402,0.004359983595216038,0.0,0.002315653442473627,0.008291040196566953,0.008505197595303908,0.00399477301540422,0.0,0.006432299758650638,0.006559968287106463
1.1176470588235294,0.03311780708556776,0.0799257734146607,0.0,0.5248728402787013,2.388596022332994,9.627171445731872,0.0,11.964707889623458,3.7529424350953553,69.35886363806355,97.43305235069775,0.0,182.95188582606622,1040.328171634544,493.1973158583453,17.311229840530324,0.0,56.65296281803106,22.935837884987325,449.45070957194775,0.0,1161.3177781062882,4138.1957501668085,2628.1980452156004,385.3906331715199,0.0,26.428319504308064,1.7159903583670166,0.14662353902740896,0.0,0.2818644472231152,0.06799066479697216,0.05951720484716125,0.05772520097334945,0.0,0.014649816439820065,0.009219892080209017,0.007499576607671945,0.0,0.011719417345246603,0.013091697060392845,0.007693640519542216,0.005068057683511913,0.0,0.008548209311334723,0.006649928423931802
1.1323529411764706,0.26643824155778284,0.02401047508130582,0.0,0.12456745923913128,1.5038642107029165,0.9812286978702496,0.0,12.595648479751617,38.398465642309276,58.18451174837784,279.3004409933767,0.0,456.59272481742516,424.79539124162363,546.6659519481358,31.42104841029006,0.0,5.503671831315046,3.4416084810292995,144.1547072157727,0.0,109.54498854089172,1170.1351979671706,2173.272950125383,1588.5245396013052,0.0,2270.582456028642,698.6202463590967,45.246952442967164,0.0,1.035982676923971,0.5768711779610195,0.2935092666023466,0.033226939546270456,0.0,0.003415227624328352,0.04629048639300052,0.021282674175816897,0.0,0.006963668415330989,0.016926477985858175,0.03900214616185954,0.03107962771208547,0.0,0.02116385458202682,0.003119887230450801
1.1470588235294117,0.1261083740435849,0.026046884670136834,0.0,0.18159457254862782,1.8162065130578258,6.279497161435549,0.0,10.348983048904218,10.24367840849062,25.099807137553604,20.889171609704228,0.0,113.74601045706487,1911.3918484716883,6371.697952895594,4761.395971840102,0.0,868.6477087700986,6.207908485870865,83.18822612831224,0.0,374.6502091126612,2111.7493427241893,613.2108287077085,480.7290437741765,0.0,6086.975275794306,3914.3118575296126,188.01727224216614,0.0,5.21926381899278,3.362413506123692,0.1597656303508178,0.005993986701870124,0.0,0.0997559597269917,0.024165886453474998,0.03956204954742946,0.0,0.022457320811492886,0.01795729348344629,0.011848534803095516,0.013442075699064625,0.0,0.03258219677171725,0.0375112603665565
1.161764705882353,0.8031062102278347,0.4023013451723555,0.0,0.2763082749926017,0.6387676438915563,3.4417921974317798,0.0,33.274331429725486,40.38702949510114,16.26370860112257,22.727811216579312,0.0,190.80562338068995,386.87071933547776,46.345627248755555,4282.811172491667,0.0,12148.4558483837,6589.902270165323,939.545844289587,0.0,681.0497574383215,483.28989981646913,72.92196075473151,684.2405411868131,0.0,3643.3153834142267,4022.560529457328,737.2713969812535,0.0,248.95293982649883,48.152244023615125,5.042571890445861,0.10693366553885625,0.0,0.10516763179573843,0.01495607836435452,0.020052903722454003,0.0,0.031208654734062768,0.004864030035786926,0.028266776472919204,0.021971543421281003,0.0,0.034449261598806465,0.04934218143449904
1.1764705882352942,0.1338468156239867,0.2881744218086183,0.0,1.1092499744187456,1.1752872038901079,3.674804110134346,0.0,17.6208455973322,26.770464755999114,8.334632523520083,0.9614689628916233,0.0,0.4193272872207048,5.4012466421508085,53.43911931235927,65.40469579336462,0.0,476.57291841204596,1724.7285463180729,7680.4871715684585,0.0,7663.303935592356,2344.7851425663684,327.0175582558289,541.5479817464588,0.0,895.8139373423088,1019.8473765759707,566.0968876678273,0.0,51.56092031110428,31.959809608449525,1.871415942540806,0.5180184782312028,0.0,0.02791829989181856,0.0744625831961884,0.004976243141159583,0.0,0.005427341830551863,0.05042495612527728,0.012645682945887967,0.01799383206196302,0.0,0.027076642763757795,0.07463821856154929
1.1911764705882353,0.48357047822956967,0.08066232972105494,0.0,0.08724379070646332,0.43080086070594636,6.263183553547906,0.0,14.318894178495361,9.093975010125469,12.805673056381844,49.82553048832198,0.0,48.11429316993468,33.00417608924715,2.18964915032491,40.001133215094015,0.0,23.504153219041385,36.65513963199108,77.24622786271763,0.0,1118.4252174276096,7710.509741913953,4735.980678558725,321.1266278670288,0.0,55.07313300544091,84.85561766155661,110.37263746835247,0.0,13.74776772567719,32.58939744396525,32.25210463910561,2.5860019876796794,0.0,0.0894084072032576,0.012084225912626558,0.01694443795964147,0.0,0.028204146803923098,0.029060528877532132,0.0068199778909736955,0.017634401583958726,0.0,0.045164847317843385,0.05222966737524316
1.2058823529411766,0.3387995332496501,0.01793592253964297,0.0,0.15221950967678266,2.7286802101445913,10.127116018575325,0.0,7.9746893948441055,49.61805181925487,107.74258310806367,7.089949895032143,0.0,23.90349175660512,36.994742957754994,33.54066900989977,85.64967704819202,0.0,24.449813948537916,6.2440568196581925,9.349657759622424,0.0,7.058745174305746,1267.720422768323,7042.5281125336405,6401.216502859135,0.0,1077.2921188321657,37.692418891231924,19.36168214659783,0.0,9.303443381854125,8.705044384351705,5.490908931344995,0.6496425193775237,0.0,0.050183089148194505,0.005359358275463322,0.015050916849853532,0.0,0.02733980983581632,0.01815781832228274,0.006422898969250919,0.024166988765726812,0.0,0.00643308135512596,0.02515669805108836
1.2205882352941178,0.41466095262234887,0.13538054236839825,0.0,0.10587851807812203,3.2353004279274638,5.674951599302487,0.0,2.467530255509927,5.570977325305587,9.358204047320337,17.922196830642484,0.0,25.543532854902175,4.737378020040864,55.79428967000822,6.579734326551038,0.0,20.019462149656896,4.996381227571037,1.1167479865193688,0.0,24.85139972176552,101.71379842684615,23.28122754492417,229.16348454349333,0.0,2083.2462629513075,2381.755812052291,324.48999083010915,0.0,15.5239313909583,2.836394767661135,0.9519241406490795,0.18690442993887307,0.0,0.008952292257068763,0.013904153218678616,0.008095506597760867,0.0,0.008279694158879847,0.009036119385285056,0.016207251282594627,0.016271438426806256,0.0,0.0476983731013049,0.04028213172263396
1.2352941176470589,0.11584779270611281,0.12959196500789572,0.0,0.09953390747168157,1.2122572568613728,0.8155536496842952,0.0,4.98628899556456,9.291999003627563,16.260919883081378,17.4211529122432,0.0,5.28591122871218,16.821466064247144,17.168235109867222,175.7390239878742,0.0,114.38486650333724,25.134761208241507,82.12001835007723,0.0,6.823474630670983,68.78729536246695,93.9921417448044,56.97082590426065,0.0,62.89565359194073,347.6643410646134,998.2457924086275,0.0,356.2695991682034,32.9332402802233,2.1087240926125284,0.03141161653134547,0.0,0.03995352963402423,0.02108952300273807,0.007975402247337855,0.0,0.007047706286443595,0.0031880618284627596,0.001497848071494886,0.004398547439392408,0.0,0.0049857273513703735,0.006996855166753139
1.25,0.12996822254544377,0.24274727905137,0.0,0.2647191519867288,0.19087942282796966,4.269142240077053,0.0,6.041478022791393,12.113993762836,12.311714896334605,27.197932824450554,0.0,11.541309768356616,19.985998440319324,27.33919925109381,13.08944641203971,0.0,216.0972475589573,2406.7216549833397,2923.7789758369136,0.0,452.06581791361896,10.667569064879526,22.110468725734407,24.770818356698932,0.0,167.22456681842135,113.99186966123027,136.74402587713686,0.0,66.65792878280695,33.01449888748488,4.736763448599503,0.09055677195114668,0.0,0.008892775981582633,0.017196096471513413,0.062265327079531946,0.0,0.01526138584444919,0.042027642365849466,0.14820068204396586,0.057542354082578885,0.0,0.0044159706333652075,0.04731576941709159
1.2647058823529411,0.11780210436703291,0.08181868413170353,0.0,1.043792843318934,1.22086080702999,0.9524398904785665,0.0,1.0080574136370617,7.052900276361137,6.265532689305275,5.791581319993698,0.0,8.959324723314385,38.19880048000313,45.35499651066837,64.51411507623799,0.0,60.513846405226374,991.3976994368788,2441.519943669582,0.0,3096.1086124024714,890.1940082509338,34.04445133639747,221.66872561649728,0.0,705.5650412850863,461.029494276026,100.73244889387962,0.0,13.291732091127013,9.51384128675835,0.43137180817744897,0.17184149605662463,0.0,0.3982252325039293,0.2215569385828978,0.05727914505039783,0.0,0.05503183519426402,0.13309508599401954,0.07600108655266774,0.043058377659814184,0.0,0.04158620252452169,0.12932285995424905
1.2794117647058822,0.2563633266677784,0.184902927940259,0.0,1.1480774226740762,2.2484704749578794,0.9531194625773667,0.0,1.9553491460057568,3.6117308278050864,22.164295183757616,17.602138384444565,0.0,9.798882028213857,5.985923804519167,31.82280367122857,5.74571693576224,0.0,4.803441927496242,53.03112845469556,11.261218068485444,0.0,245.5149915225708,178.92987581948853,146.31867982199634,116.90848162324235,0.0,124.30529580829028,295.31041538624413,286.44188787498945,0.0,103.3098988487944,21.038627952026193,2.113190239842373,0.3424579524871907,0.0,0.07307749263094104,0.062154613498152614,0.028647293108330342,0.0,0.018199534162477507,0.006317831187914254,0.03686253524789583,0.07832078837009784,0.0,0.1327323578380643,0.2769512618745519
1.2941176470588236,0.14751204677300028,0.05617147523669728,0.0,0.3316229486554568,0.1261983974621134,0.22565013978313944,0.0,0.13286154448374005,10.190553811792586,54.55627799090201,29.552844240962088,0.0,2.331977554292431,18.090509823746082,59.43138192699492,15.762520213322647,0.0,40.755584875207205,38.27486967746725,2.036331794138758,0.0,76.70902116441647,123.5803283045642,59.36166888893166,75.42559343940593,0.0,38.21068662615608,4.740643475918963,5.6431751057859145,0.0,10.854109432318776,9.75689061739045,1.9369338687974857,1.1722006261801523,0.0,0.04495962763511945,0.009298185513816597,0.010597959605873586,0.0,0.007801250365698087,0.005874374465479218,0.0023209973454708503,0.0013434718011583928,0.0,0.0038102782895994246,0.007981830498211292
1.3088235294117647,0.25405022527332494,0.28470857775135777,0.0,0.9699647439993494,2.4766634666060225,0.9435366738465385,0.0,2.219829242951712,4.61667232862503,11.641256099081975,49.66231463755453,0.0,41.70068852586647,19.87733193115557,3.863073371731187,3.753552247473407,0.0,22.02959404056714,17.84306926651847,24.637135262460895,0.0,35.10789055516641,22.470252463836033,13.066021818563367,21.440797867029467,0.0,2.4320093542002637,18.746674328036452,10.62889703730937,0.0,22.920353663594163,38.090932591492,18.48584710160367,1.3443524821613124,0.0,0.032993879803285386,0.005792088189800962,0.0037519239288727546,0.0,0.00435748486500092,0.0023589990784092397,0.003041527641578324,0.0016258687007315025,0.0,0.0031242582257981905,0.003526724461808688
1.3235294117647058,0.1447755410703085,0.032401247015080875,0.0,0.021017067284986275,0.06961810954389158,0.4829931417694908,0.0,2.248857228104048,4.753227590776533,7.858937882122407,15.374852081110195,0.0,0.8178640880526458,3.094282958457723,9.966920375921207,6.032378983694786,0.0,9.121108392823555,9.539286604658226,17.615680557459765,0.0,6.961098067218718,1.4230756117897303,8.374167958336258,54.42727215258192,0.0,163.03923052163867,113.34992621795612,20.259935683023045,0.0,3.080092521392534,4.614264274220997,1.9674033669987978,0.15615495497748647,0.0,0.0067723760533543965,0.0017788137934550382,0.0024869520837785025,0.0,0.0021983977677355825,0.003445220364124341,0.0026537754968304064,0.0024067220156684666,0.0,0.001755840205067128,0.0035205287709204006
1.338235294117647,0.0617825158408023,0.038588428382706416,0.0,0.06900877545017266,0.5483743420918219,1.3365465009077329,0.0,3.300553319469045,19.491732947747472,46.50972032079363,17.3791592268936,0.0,10.17692685933881,13.039648669485844,11.285367405241118,1.619545752945985,0.0,13.186886312044365,8.14295935140714,7.298027949403762,0.0,12.61400907125842,4.217796414034312,4.219554078639126,3.4207440409585286,0.0,6.988562582685793,30.24591836917376,12.555315621827592,0.0,4.58338750362185,1.7188227910640552,0.08287070859173547,0.00970177904120581,0.0,0.005991577762333615,0.004205215326135261,0.001611666227585193,0.0,0.0010437373561377953,0.002115143605071395,0.0048988359971833895,0.0029057846309586506,0.0,0.003056684451823675,0.002073878735077945
1.3529411764705883,0.14031310480064643,0.08163360376746122,0.0,0.021980547885586926,0.3586575072045919,1.777180627094422,0.0,0.9961262995170772,0.9581008356273761,7.477492752273286,30.411173707291255,0.0,33.05537732566166,42.33093431382206,54.041576458560996,37.21953521456479,0.0,25.851758445598364,30.819008687286377,89.28872084009001,0.0,53.667895178721636,29.924138090975234,36.684108046001185,21.74493206764408,0.0,2.3336499104340422,0.9274432257057668,0.8218725926972402,0.0,1.1896161438168469,0.640003796600008,0.036751531867461405,0.005146968648079469,0.0,0.004786036083144202,0.006703522540912925,0.005853594136108643,0.0,0.0037851655623134042,0.0026069360750179903,0.0015486088051924096,0.0032474620403362678,0.0,0.004594346844492361,0.003468312544482979
1.3676470588235294,0.05051416439554398,0.01636724868306471,0.0,0.028018799116828218,0.06529844068954581,0.4411159940938337,0.0,0.5393526320409076,4.231521164989302,10.37078838035913,12.206649654476212,0.0,29.03184497758747,85.0666434930874,12.072541425261349,20.860920694112217,0.0,8.557259470151706,15.802141618469243,10.227697959422224,0.0,2.235560379974927,3.6780246054831185,7.841183700671748,7.879765550860281,0.0,9.958916291443211,0.754850865567788,0.07805948067601132,0.0,0.03943311557389434,0.0667741470319484,0.006947334081822825,0.001882744542078233,0.0,0.003888825345302508,0.006173901934281073,0.0020704353614693287,0.0,0.0015367961858292769,0.0005694633221605099,0.0007185215731394148,0.0015965408974486553,0.0,0.0012544392969468811,0.0036870387281338723
1.3823529411764706,0.04640671257969249,0.07716729952924203,0.0,0.3062161049599343,1.6824388928275975,10.805422578605707,0.0,32.255512841496,37.692207265544596,46.90596281418746,64.4916094286489,0.0,27.957369855045727,111.11659874689134,135.30986318816718,50.553793235159596,0.0,43.19590384689694,25.45261433154717,2.5622439310385983,0.0,3.5726680338912624,2.5366508426949066,4.509013521389406,15.241263155400539,0.0,11.800236254409235,4.48410549036986,0.4954064409459704,0.0,0.04193235290777634,0.004059359765470436,0.003192121578956464,0.0018089765028649102,0.0,0.0018990201249980895,0.0020969651135353293,0.0014049355579894148,0.0,0.0007336896945677917,0.001490467034404306,0.0019222379508742713,0.0013734411018218066,0.0,0.002422585588258912,0.004680648594691458
1.3970588235294117,0.10570033367018972,0.07442678852239501,0.0,0.0507911269113368,0.08057958827885933,3.1310628509807654,0.0,2.8288827923841566,6.888851849067712,16.35012452478743,38.9502109595557,0.0,20.828814649656216,160.85638015461123,47.81049829052152,39.86728223082909,0.0,6.349212005206528,3.1350743937204304,6.007064693669551,0.0,7.419536987763789,7.229503887933545,2.527244015058643,2.464215498089061,0.0,1.5967475429912357,0.6292046940737508,0.08740284268394317,0.0,0.05822003252203975,0.009733631048581513,0.0035448428791791608,0.003212370204971082,0.0,0.004337745455657215,0.0030641628465270633,0.0021939839160535378,0.0,0.0020208221442141435,0.0015884560816322047,0.0007080757760058686,0.001652371168826186,0.0,0.002629120990187537,0.003610696150928022
1.4117647058823528,0.05699291450788887,0.0506584333400731,0.0,0.011566946982588245,0.3826004390164056,0.48702790378153227,0.0,2.9451371887211724,2.03857316189893,48.10960286093086,269.8742456457717,0.0,405.03874804429825,49.10343040804393,27.0867437723399,11.401275639868478,0.0,2.0553738799564316,5.939771142212473,1.1301432318482867,0.0,3.8897955063040746,3.0203533701165854,2.878514072828508,0.8020043169685387,0.0,0.358573294319996,0.18041242824229986,0.1003137800404042,0.0,0.018395683778438705,0.005615622718664807,0.004337143596821638,0.0018834005079787356,0.0,0.002477508351950667,0.0016883232962368298,0.0022432293207177885,0.0,0.002041655192375984,0.0027951669291745697,0.002028109854159435,0.0025435229610689548,0.0,0.001960957324518975,0.003014351417146525
1.426470588235294,0.1943979036170949,0.053546595541847875,0.0,0.28604373915104375,1.7484272745523273,3.760812082168812,0.0,6.285964200777693,30.87575765620062,57.154498139928805,111.2074168756673,0.0,57.109616627148384,74.4879662975401,34.35243304015445,7.3534048454877805,0.0,2.9546963425053736,1.4248339963792933,3.395825522633565,0.0,0.5466925376288307,0.33965795774822816,0.18043552905562746,0.188735757855526,0.0,0.13854794408932133,0.03806790769652155,0.022435398795822174,0.0,0.006348985508231488,0.00784043529892539,0.007127292668088602,0.008399062659736915,0.0,0.003718497615034468,0.0010671563467475604,0.0028675117070256243,0.0,0.002688363843760892,0.002211938350170984,0.0011695240889148314,0.0029330954264426656,0.0,0.001741055781508364,0.004523259373935627
1.4411764705882353,0.15746219769192765,0.05454874728925467,0.0,0.09669856895644513,0.08305963548171494,0.26580459014491387,0.0,12.437170531045716,148.97198312331497,263.014086145988,530.5259923390554,0.0,1535.2577104302093,421.91388747562416,218.31780173230797,346.6049445337911,0.0,221.30608148490614,51.92757013719191,3.8774585270211563,0.0,2.0170334098549487,3.083485340943398,0.7555268410041467,0.09220663184810063,0.0,0.00871335510909677,0.0083751978730465,0.004769510499899345,0.0,0.0009034325529606378,0.0033115163531717796,0.005278986200361883,0.009389813426264191,0.0,0.0030186107907968426,0.004690680107388594,0.002475816866403294,0.0,0.004515445919218783,0.0020967482442402745,0.0024665080577176593,0.0021537224635350197,0.0,0.0005163772427567398,0.0025975294135515328
1.4558823529411764,0.26491671002811246,0.15318092706644074,0.0,0.2598570755102101,0.7414114110593487,0.8564548387467132,0.0,13.986507019826016,298.34698734150265,544.0216973013319,657.1412894203916,0.0,953.2442037531409,290.0192981523056,100.12437841884073,124.0552344336131,0.0,92.46605050801577,16.599121691735697,11.385252099627873,0.0,8.8241203759118,0.3395294207876333,0.23564542267658817,0.1391435054878254,0.0,0.03366336956145621,0.007712265120591672,0.022866451067513505,0.0,0.02400603752747389,0.001486461859720668,0.0009206049969826266,0.006526136230401035,0.0,0.008985368536224891,0.0032414765930863605,0.006765520162910941,0.0,0.0028881784181619885,0.002761497284796372,0.006091288178754449,0.002429065132175547,0.0,0.000888981210801463,0.0011880889433275505
1.4705882352941175,0.15235884761459625,0.19330806388854777,0.0,0.038860473506804244,0.0836435934404447,1.0360743447814453,0.0,0.7225178025132312,68.85661684255189,173.01930122109363,12.015864738740063,0.0,246.60550142229846,695.659586351966,718.8994926655819,102.30787764263852,0.0,27.870284078572098,217.65281183246623,182.04535502617802,0.0,22.04055963259545,1.104091142241724,0.13110919303476856,0.05017870774796082,0.0,0.011742666816811326,0.008460536137903327,0.00142105026615924,0.0,0.007722577108950246,0.001773800094074055,0.002808930068709524,0.001938892484146863,0.0,0.0024633173679189805,0.00443521133306074,0.002531633295432892,0.0,0.0014761865024909729,0.002385383825552549,0.0010530883163848647,0.001001457023820494,0.0,0.0005671627924433697,0.0026468825208582646
1.4852941176470589,0.13541128090411644,0.06366515109233661,0.0,0.1433143174481229,0.06814003824077933,0.9414208626459278,0.0,2.244115908701358,16.526138853992375,81.24204972178143,256.14127004185883,0.0,412.82500195619525,424.721372150439,522.913565384109,1181.7515627163914,0.0,558.849252124143,959.3965139277585,1035.37722351092,0.0,22.034271203898243,49.29231701328372,8.338314893202039,0.48411337179143843,0.0,0.05593760219452912,0.017207658262995987,0.008018727220210077,0.0,0.02088759291551521,0.012454191576119034,0.012954485285664348,0.01908280268844514,0.0,0.03842256984312993,0.01015384411730803,0.009022463698491107,0.0,0.006237135581703948,0.002405206827483779,0.0012141820168143317,0.001012687596649327,0.0,0.003793316609690072,0.004801288252469714
1.5,0.2911382705038876,0.17562930778481523,0.0,0.10697805478070768,0.42672828303415206,3.9274694473866685,0.0,0.5106022026784844,25.993938550079918,5.9209877882587,154.4246887025737,0.0,17.585249809199183,4.171392467591506,81.49497982742949,369.9576933967714,0.0,1381.4808577816916,3460.6572835500892,11433.646728266354,0.0,11866.700465914117,3236.5583794900667,445.29911927616274,36.722549542025135,0.0,26.440618100458444,3.983746085109133,0.057420952720699726,0.0,0.10362738324414239,0.03391420385903053,0.0029858264057939813,0.01325774763225631,0.0,0.004959210907951055,0.0176014142775051,0.0002403790363326186,0.0,0.0049038243246911604,0.020682771970445983,0.022047279974832537,0.008014866718971846,0.0,0.01329640310707928,0.016959866110319674
1.5147058823529411,0.25376645682174365,0.1333975298177365,0.0,0.051911532926226744,0.23985415313507558,0.2318014140962147,0.0,8.450750687185405,7.725995507180249,3.463949556111344,161.15873167990617,0.0,256.93601538249305,37.63231545105573,290.39258997735027,1275.4416619568237,0.0,1288.2450965455814,826.2480259946858,658.4026078211527,0.0,6346.856155030946,26837.420919759126,18458.206320765858,1971.600910305548,0.0,95.26712476112039,138.04154801683748,19.87852783323342,0.0,0.3965531597571537,0.2429073210246444,0.020077124163961308,0.003556954427895112,0.0,0.007690593271545492,0.010417344494297126,0.005925274033113706,0.0,0.01152073839727688,0.0030868487326427426,0.008229701300241407,0.01311637894714195,0.0,0.002829487417177544,0.00655399204865428
1.5294117647058822,0.15611844744874315,0.06796943893543067,0.0,0.10455657802137591,0.8115110545454709,2.0561815084187085,0.0,7.160101645064702,8.287200728739956,22.06127250863316,250.53912515723778,0.0,289.8655905649733,13.331452340664402,22.43487684690126,51.978817360379395,0.0,12.295660929120501,222.07104461312593,180.19116063903226,0.0,190.4737488802273,592.9672996974894,9535.193461366456,24112.678870513428,0.0,9710.46272918101,340.17608779914053,233.30265604087194,0.0,25.28835515840231,0.5673810967579053,0.07079642013890328,0.010017616035826786,0.0,0.006487077855290022,0.015525166622116643,0.009483456054193757,0.0,0.007596208616195321,0.008743516023697832,0.020611104454082617,0.0197521792309655,0.0,0.00553596110011347,0.010936716590316793
1.5441176470588234,0.05775214914707114,0.11502490422464368,0.0,0.13619792968666142,0.803631632084786,5.102122761418455,0.0,31.64385212162627,100.76883840214666,203.87699173143773,253.24658208682297,0.0,190.4066915613564,9.03729729610994,71.57068393148904,16.02678958126765,0.0,3.9972405482449935,32.73045991324742,371.8614166160878,0.0,440.61657300258787,397.4452369262234,85.69906974210937,845.3176391325837,0.0,9341.033393254795,8004.4802782806,475.1669226097685,0.0,359.64922190489557,32.26198963309604,3.6558392115773355,0.4314849628782007,0.0,0.1130403682269374,0.006232672148838709,0.006109689016829714,0.0,0.0073716020086447565,0.003844608763605608,0.016447745447987317,0.032780197681382225,0.0,0.0082909734804044,0.01674199915634961
1.558823529411765,0.19218004118235704,0.0625012162674288,0.0,0.09837918487878203,0.522723966202075,2.20851710141153,0.0,1.220667137026855,15.323947932127119,40.14837464091327,127.25125207575026,0.0,325.7225674713826,115.44255601369514,2.1191207959096383,3.245785081890622,0.0,15.149514401184982,263.26243599617476,435.59608144208977,0.0,68.34111799384027,107.78877319466548,126.8985463867115,686.3389531494684,0.0,745.2360091607337,4520.839368960613,1844.0638195138138,0.0,7.705749351798374,62.15202681660784,6.7258904227663425,0.45627455629635616,0.0,0.07795547375826982,0.010789024439509012,0.031173195497647122,0.0,0.011448583024534054,0.0035566489617208106,0.0039118414819218315,0.010171110403762406,0.0,0.01232498281915325,0.003839368430607045
1.573529411764706,0.1351028635539512,0.05599975377089719,0.0,0.1668497735667869,0.21072227249443318,1.1387547609010416,0.0,6.544934564317921,14.41230362927299,76.7262119355008,51.637179995899736,0.0,149.73646457456056,48.76759859266318,24.278593476265087,22.365654850979922,0.0,37.76482194088312,22.939294179245227,93.89769850187204,0.0,470.81219322013334,112.56530657555209,105.24852942671511,500.0152849321259,0.0,311.61061448486623,2011.0329074748497,845.9264341286339,0.0,59.02785120437305,9.584561548392045,0.6248799156620248,0.217014752391204,0.0,0.006553947205650511,0.030277559245302472,0.015149817284298366,0.0,0.017784217817385248,0.007647600740780776,0.007889453454967929,0.014262128945269055,0.0,0.020136795983188994,0.06130795556132234
1.5882352941176472,0.06077320902695102,0.0794675528334527,0.0,0.1758715429889356,0.4923537442627749,1.2811284262077631,0.0,1.8321981608289581,2.1040911499223016,20.115663945850322,77.27599667282034,0.0,192.40137165260631,42.89469050957282,19.24529366101073,6.491321890076184,0.0,8.967621221345812,9.40815092103918,55.36546767178319,0.0,83.99139236442275,75.43027591410359,76.81558264188317,63.422783337445644,0.0,76.27882935554236,2531.8465970299594,3195.683331477822,0.0,409.6749642393394,19.15171936808278,7.767456495062477,0.3067977695159335,0.0,0.00472104342451635,0.017830850358240224,0.02935518413300551,0.0,0.023483928011160254,0.02284312915632454,0.031311863049357305,0.029587446235541742,0.0,0.08122899587291492,0.08216506811107652
1.6029411764705883,0.03197025716273765,0.10385247440330705,0.0,0.13841300974135093,0.36121564235347936,0.030507984296283867,0.0,1.7015104193137587,9.133381327344805,21.942914446879307,21.279833034280934,0.0,10.647489052500983,100.74354200415027,416.4958209764472,261.52611604488243,0.0,40.24479205085986,2.5284969308136684,5.84590273587215,0.0,36.09374887442799,148.30806487290275,50.93740795364634,92.57353253023848,0.0,416.5468163375572,97.37599639233696,960.1169591179369,0.0,270.98691203670705,0.6646593244769619,1.1928390203611465,0.3360747179100807,0.0,0.04268684762757009,0.002336932677040802,0.007334750334233823,0.0,0.004676930308392677,0.00439722027883787,0.00014365885799423118,0.003847872210227459,0.0,0.004701075700368445,0.012890800797854922
1.6176470588235294,0.132770294810874,0.07251130058622302,0.0,0.224959139431387,1.5473615823205562,6.660794553372604,0.0,37.38370515281245,114.7162124478264,127.74365994902816,47.05484661496237,0.0,0.2786609156170374,36.404068967092364,133.68920631601972,1226.6068368754884,0.0,1444.4009738664115,416.2988356681668,88.3174456804797,0.0,10.527012832515128,9.012403795872334,4.582107329864882,25.51562311195823,0.0,93.43063988488403,227.1395264240495,294.32202602750056,0.0,46.42572037314409,7.653556160476134,3.3296686409392455,0.838767420774562,0.0,0.027267754231803762,0.009417976073072864,0.007876983051439091,0.0,0.031104106507293058,0.022311575006024896,0.004091782278163465,0.0072255802656258,0.0,0.00879977749113443,0.010807003127453753
1.6323529411764706,0.39305393293427093,0.22184795359929807,0.0,0.5205226328156959,0.7440082841646845,1.915455934635401,0.0,12.04596364793828,19.478369023782818,95.19952683224612,45.04439969276807,0.0,38.30226575873761,14.668727021086234,11.738974828545327,55.35475267970696,0.0,2482.4025864490914,6266.805499322856,1869.3976727670788,0.0,163.01878834477498,12.38344072204161,8.699932889326963,18.99716130908234,0.0,57.25888364474389,17.075149800566997,6.339621655386289,0.0,6.14205534762343,3.1665412217349878,4.39611156425484,0.1648992302480947,0.0,0.19006974916786368,0.0806082804274997,0.026664955657276033,0.0,0.1333419877205178,0.17032964478008847,0.021390009814628932,0.012886258606852207,0.0,0.003920710321161865,0.007159696170012426
1.647058823529412,0.15541191623027073,0.07304003999259817,0.0,0.03330055806632222,0.09087299646940279,2.35931087681861,0.0,2.3481978897804168,10.174198343609147,18.579615342302183,8.945224611035648,0.0,22.226042112417666,16.961058136510772,18.532288891603717,12.456368419363134,0.0,139.22932679209052,2704.745897717124,12136.041042300574,0.0,15795.461476118007,6897.917157676259,1840.6593369292211,205.39520419854597,0.0,26.99048547047983,18.381196499726485,13.314376659042148,0.0,3.503371038210009,1.1246163990648557,0.06203990984654345,0.13284095117422956,0.0,0.04546421291908868,0.07630059992975671,0.03153171537850316,0.0,0.07293427686371058,0.10577464486466069,0.11178700993512591,0.11800879616071117,0.0,0.12055278680331313,0.18964591373769663
1.661764705882353,0.10915451076925628,0.06029412026485728,0.0,0.5556648848468656,0.38845477454763133,0.2931892724107333,0.0,1.6484398939630025,11.867730347125091,8.637446025212771,6.0824552253584,0.0,8.418783961468966,4.603094432117612,6.95692421605782,3.979876528519763,0.0,4.438343741696078,33.62213638744525,75.63774194121632,0.0,560.7331411707166,2689.9097068188003,10117.105914328044,14074.993370981581,0.0,3588.6073250320437,94.73441771607142,8.948593089209155,0.0,2.2235621537131114,1.6350022511008084,0.042623976059718446,0.031145625268185005,0.0,0.003188561863746879,0.003944690242105416,0.019520465942498424,0.0,0.03017636087824463,0.014990946327294028,0.002151118877877131,0.003986409052334693,0.0,0.012287244708594373,0.009665227212229482
1.6764705882352942,0.1960803490461708,0.08572344621091518,0.0,0.6293425404681368,0.2159693668883222,0.6799779738108496,0.0,4.095701829019465,2.3839243707232454,1.7785038330549563,3.803410453044653,0.0,6.952245642930674,2.5755878739756044,7.043696927360302,0.5788988113023019,0.0,23.504988197168466,35.21484116645556,9.74193800550669,0.0,106.03229625755431,45.8008487460845,294.2432685806862,3578.4307229953356,0.0,12032.277870141694,3547.3005372553807,213.5578990831745,0.0,16.26306844611011,0.9514925472868409,0.29409782005475854,0.08808678289414973,0.0,0.006442704009252297,0.005236380745238548,0.0017713472981976757,0.0,0.0004756754821034462,0.00476210821608712,0.001689138247784514,0.0013155113194476644,0.0,0.0010571695675963217,0.00396941119591184
1.6911764705882353,0.38197346773284746,0.29446441378171917,0.0,0.46695621931403924,2.5237120514955724,6.632045392410591,0.0,8.772066711392146,4.671906900475708,24.572508313021103,28.37460017726073,0.0,8.25995181152676,4.4339476044318005,0.9884230349902146,12.463858661271567,0.0,17.239557313626275,65.45108733493984,129.70246165397677,0.0,165.39572362729922,24.044021323704218,144.10697924096735,841.0744835628643,0.0,617.8184620323773,6757.018443809653,3767.1474423781447,0.0,161.1355629412946,1.9170967416882667,2.481147403028821,0.6155837706104522,0.0,0.4723469151577585,0.10531900749524006,0.013205140066994865,0.0,0.002049363663869908,0.0008163479729756495,0.005893636093890271,0.012794842213816854,0.0,0.0038312899799323357,0.02069500598398544
1.7058823529411764,0.11636253135080442,0.043772381584204344,0.0,0.07283430738093283,0.04657316224858503,0.12846235240344436,0.0,0.44384736229061394,0.9463124891244945,11.599319202355755,47.79987611846231,0.0,62.385156028579175,22.017488243020487,0.7047356491585343,5.79130740389097,0.0,6.149590401823774,24.827251937633626,48.041028093930706,0.0,7.963818907605712,17.653923585759998,87.02036782254632,396.1081571418946,0.0,2083.887451562513,5220.092606483131,2961.557274154185,0.0,232.18162749156903,33.54488568326977,3.8892179778601035,0.3765762365906461,0.0,0.08024026683594965,0.045677122403865345,0.004503536930531561,0.0,0.010722521090101887,0.011218970517161255,0.019028414537474343,0.01190903148702869,0.0,0.002042498541675212,0.012621755910948766
1.7205882352941175,0.04186142357215267,0.0184264016003772,0.0,0.06953821404611737,1.017671055803074,0.9808807728639776,0.0,1.757807124346262,8.619045537860316,15.05352138408529,15.586824085103489,0.0,4.782894984591418,31.15896735886184,15.534045725734135,25.86730182827249,0.0,53.308010255127044,22.416911759084627,2.166561670983758,0.0,22.438026467826298,70.80092223458519,213.54150303393982,1336.9267012333075,0.0,2055.328787551017,410.5898015926616,212.54514138506224,0.0,290.2322981011388,7.307888040719349,6.885544444014728,0.09181370780990306,0.0,0.006418424315730885,0.022908291811782534,0.00527693941912003,0.0,0.0011438782618872951,0.0013803021520767875,0.004979490300506094,0.003290040719918824,0.0,0.0037698405555134772,0.0073537080476321365
1.7352941176470587,0.06986239206267233,0.015835416748119564,0.0,0.49541142971241314,3.077512103884003,2.9945273216873844,0.0,0.6670531962447562,0.5864081859217155,0.3539749613945993,5.159697787494771,0.0,3.0236396450633958,28.553959168561445,35.573911961510746,2.02868195833884,0.0,1.3394448825039964,4.18350784223136,1.6135808571736887,0.0,2.9485444989026726,0.6179813096243074,2.1777879682163723,59.856687785450234,0.0,257.7726257883315,100.68285517153225,68.18077884018216,0.0,95.0634192590582,120.16127128661927,33.801581750590834,3.4045873943875704,0.0,0.06444363861254933,0.013711857695890079,0.0019382329807674237,0.0,0.00038090816291754036,0.0045316610243683435,0.004663363487892856,0.0013319244716142858,0.0,0.0017554441634422596,0.004340300129949651
1.75,0.4732193641636097,0.14941216544092237,0.0,0.6369300551542635,9.055024637898168,16.466203197037434,0.0,8.050443507021274,2.9230065318016374,19.57238492196502,129.77599380269916,0.0,96.74127002071376,55.96305631426978,295.1720416669512,119.18070800894469,0.0,13.527640995841857,5.936740186397257,3.58162978353976,0.0,5.360226395911687,3.626570842996379,19.023461195097248,34.13409194213743,0.0,76.93860820894388,78.29876775791823,27.575342988819298,0.0,45.01652062216651,59.94252928843264,23.36021926304459,1.337111303555066,0.0,0.06083427159615348,0.015166100113924563,0.00964644502876536,0.0,0.0021352873703779944,0.0012212052179940115,0.002087519570493103,0.0027742725424903573,0.0,0.0028617068876134093,0.0014615060426758065
1.7647058823529411,0.08561885350619555,0.16159938005473048,0.0,0.3699544564186237,4.259322877844271,7.201914491894505,0.0,15.435778820144781,20.23574080640463,126.65100540830974,872.5584771916133,0.0,887.2212186929157,111.40372916348298,318.79561966293454,463.9807225556581,0.0,55.78559020779787,3.8169071258589637,16.191793206109153,0.0,27.421971462761917,22.536094282420166,5.939912294944642,7.775146556398505,0.0,19.684929933874436,9.190680835354758,10.45536308365864,0.0,12.371046518781192,1.2194453812428276,0.5056167320601018,0.11280890133534362,0.0,0.023105192050370454,0.0026093952638841845,0.004142324865078161,0.0,0.002634058638859518,0.0014904563970729227,0.0006765699112275234,0.0015213612414719736,0.0,0.0027864683717348446,0.005383623661446478
1.7794117647058822,0.11825780360502003,0.18917420402086088,0.0,0.037773828874967434,0.11488178954344744,1.5027833914417497,0.0,5.924393880595305,0.9521575711991821,7.488383545872974,308.2947635968814,0.0,1409.21838352787,446.7734903128162,46.032799305140784,907.1413328175099,0.0,710.5250895104382,69.12458617924624,9.105592377869801,0.0,1.276209616145138,7.702398979976511,18.622067898283724,21.77358867767468,0.0,7.946552251394792,16.890966854645697,19.08782031903697,0.0,2.61573545111831,0.6313790459442219,0.15370159465724775,0.05668952792797642,0.0,0.006647505124690138,0.0042818425719318735,0.0032341132384706385,0.0,0.003327153216568776,0.003127401505082817,0.00253976880689897,0.00166576702415427,0.0,0.0016889731896226586,0.0043986454563319215
1.7941176470588234,0.2050019839503794,0.15025873461082817,0.0,0.10268146996690314,1.226217655923831,6.463399225774195,0.0,3.166018910980327,4.830474069639254,18.313931649843802,130.56849181462957,0.0,2721.9445531972265,2356.7294179229875,336.15039843703244,95.1551231787243,0.0,2375.9487001047037,1664.9524749679667,109.91168400481052,0.0,5.469035359523836,20.018382740788805,10.122620463410211,2.682056216249626,0.0,9.720882844727075,23.704945888502124,7.307259993329257,0.0,2.0933967203380837,2.586264381018048,0.6893633731180525,0.1023177301504613,0.0,0.003765994211720007,0.005899959966011692,0.0125030052433435,0.0,0.022681603482977077,0.01851879845502291,0.002853815028298398,0.0044316125101895205,0.0,0.00746904436311713,0.006638924227899414
1.8088235294117645,0.14685881310522308,0.38969225738800023,0.0,0.11483454663133671,0.7384956410394554,2.436553996468117,0.0,0.45497371616364846,5.605502843870614,38.13371615868098,186.94148013743327,0.0,304.76683981136955,3672.784742829584,4058.0183969036316,611.436893679469,0.0,694.2969184079925,9192.51904346071,7115.0085326160315,0.0,857.8767260469317,122.21211102730263,35.432876769873374,10.925724791623697,0.0,0.4404196219322555,2.73070063196372,0.16086101757041324,0.0,0.05614589698277968,0.10143086522032946,0.0032275494714792408,0.003321414563856323,0.0,0.0063789682920689025,0.010175049349062767,0.005242070220647115,0.0,0.005745857475471169,0.040632719189662575,0.061653221708700585,0.016604164492453236,0.0,0.014347885639806391,0.01923668683312256
1.8235294117647056,0.1469013598446205,0.5221996127273609,0.0,0.2742925755495991,0.6877970984981499,2.315690863979097,0.0,5.50987100670435,13.535288852163864,10.309418095546256,5.659097362181743,0.0,72.17623139536914,267.1975850299648,3228.037575229123,6466.270713766258,0.0,1164.340386862264,1187.4015077870629,3799.8468152355927,0.0,14009.649827195297,4042.1039394800237,147.58419146539012,109.87996919699413,0.0,10.86538711961424,1.1757365920150442,0.4432904161120578,0.0,0.12202431013281792,0.012752924811562852,0.008271349726866157,0.013640001140993377,0.0,0.012606377539047834,0.0062145427146089345,0.008441709554405576,0.0,0.0037705133644945995,0.006293177249751699,0.009741767249151342,0.0017203240996563718,0.0,0.035616797625661174,0.06624659730942543
1.8382352941176472,0.042854366951838106,0.21178075733454735,0.0,0.7118588698919621,0.5072767762123277,0.41864374538909044,0.0,0.2248395127905387,12.36416764676045,43.217540202354556,9.656269372025932,0.0,30.99275037815277,9.600469130103821,28.663318941649024,502.3367034941965,0.0,2955.75576307173,1624.121592278169,538.4051284865138,0.0,3330.96512011135,14351.684555959082,18600.889161915242,5706.592774424036,0.0,926.1158668144712,34.1644471285304,3.514168827157482,0.0,1.7121917585534354,0.7154103792489412,0.12263171584653645,0.010762974280715255,0.0,0.006693833822135663,0.02505166293271622,0.005299273083422839,0.0,0.004603028453068422,0.0032202740609298466,0.011830051430742729,0.016061346424909383,0.0,0.011966719794822677,0.014090214031419813
1.8529411764705883,0.16910587629855767,0.05972271020586201,0.0,0.3242244312823524,1.0157347992773849,1.2094182211228528,0.0,0.3119172733089357,13.719376161008219,15.604658824349638,4.268224879494598,0.0,8.385917626244758,10.420312544388782,19.85898609411293,104.19495348315158,0.0,491.3092553550804,1033.963370736436,328.86552472800895,0.0,388.5697735517564,251.05765755702575,1501.154859501902,10677.980299456844,0.0,15395.73171142969,3079.9241223527383,94.47289901547467,0.0,6.150403795942715,3.7439118227078065,0.20134179060280805,0.32865598095398546,0.0,0.017498746778529424,0.03541303119971027,0.003745751738700723,0.0,0.009587302931189784,0.011208331632062002,0.026976478045911526,0.034346858077449534,0.0,0.027502407245887837,0.0077389764249379996
1.8676470588235294,0.1869921070871668,0.20045014694366686,0.0,0.5851722557478628,1.3641959810287476,4.648082622624681,0.0,6.330549798235882,21.740682781639464,55.10624664594873,27.604281867987055,0.0,4.767821631705964,1.2960824026915723,2.7689383959952547,9.244707516981647,0.0,26.848697114891735,109.58262848835213,1637.647297034721,0.0,974.6357748542366,11.168510851058429,73.22668727444986,96.19809213163902,0.0,1695.443121680461,7548.711030035145,5149.239004329407,0.0,628.293460102444,11.164584995263487,0.9739063163792929,0.09324171700593945,0.0,0.03939992563541308,0.027542223702219655,0.0027164303422010793,0.0,0.004828103038629947,0.006242093181562049,0.026961243486834402,0.03911734573474214,0.0,0.012387806032954127,0.020428892542023798
1.8823529411764706,0.22000432376531728,0.1699825573266882,0.0,0.2046075571860116,3.2904740505506878,7.135373726763501,0.0,2.999294601659389,2.2277641423979935,4.933446827221196,11.42370596639898,0.0,13.845105628884902,16.48476318026907,6.521648468438978,9.435349880094854,0.0,16.06350860249382,78.93715763835874,545.3652789706583,0.0,293.1286270823891,208.49877994607237,468.329583077779,452.5184121826111,0.0,457.8453877505916,202.95734242787597,3227.74191014198,0.0,1407.5384445022028,52.60916014810434,3.4106367440580585,0.35911463176641556,0.0,0.052884266369651364,0.04313468548716897,0.045103555049576645,0.0,0.012919545386898146,0.005450062458446401,0.008548033055050792,0.03627781581765089,0.0,0.0191706040779581,0.00850461522016123
1.8970588235294117,0.077482027737228,0.022340643923837656,0.0,0.09512839782642489,0.8229504079212153,6.860290244502897,0.0,11.004867915651872,11.144173585003013,8.200659214681078,0.7488848152046951,0.0,3.066718210835297,12.287248617313907,15.210387059184056,24.7951507832187,0.0,3.1980342158032764,19.253615699762605,15.514909027342657,0.0,0.6943402857324739,28.57386272579633,386.3751399879684,494.0134037932629,0.0,402.8246146939218,135.32325005715887,795.9425657627136,0.0,492.7342025308574,38.335149586080504,3.7371284002028995,0.3050888268867717,0.0,0.09759295770379922,0.04208813445302588,0.012946567081817054,0.0,0.005358494219937723,0.004617581200838021,0.0015273009627408732,0.003474687185920933,0.0,0.005930746921598106,0.016307960808015227
1.9117647058823528,0.03570107742001789,0.06567666784825055,0.0,0.1498098531028985,0.7175357234179509,2.188849906884011,0.0,7.386754438692764,21.4167177306592,7.767404883394719,3.4198383533230805,0.0,2.566904347615295,22.558882390154942,41.49048266308062,1.6699667547580224,0.0,22.89920927238196,16.04093282115508,21.21224258941629,0.0,38.21116990678384,22.69506803791716,17.729410641014354,23.43280649817902,0.0,181.89940008215422,441.7707510609662,241.7156610016892,0.0,14.327294720472302,89.43621222935082,27.148503915152926,1.731065893425674,0.0,0.10891798371837148,0.06132090071802809,0.010735903090933191,0.0,0.002388934109585876,0.0018930554887431738,0.0043710064094030715,0.0004919852634784958,0.0,0.007534329515687756,0.004315596372551838
1.926470588235294,0.03020828034745944,0.10887562525889824,0.0,0.3396722417128715,0.06660946280795224,0.19818538789308565,0.0,7.618316309019946,33.15841428595987,19.48038152404222,7.22177782337643,0.0,14.436894664570431,4.089966499554584,48.508678276110345,5.274045208783266,0.0,11.857461395598316,7.20262786256904,3.4738178342907418,0.0,8.738284858915934,20.939884730491926,97.43561670506705,94.53013360536235,0.0,199.54765881652077,322.3904527366017,132.61318624102358,0.0,40.075400110301366,4.2280947657549195,16.12024204484898,4.84440209092532,0.0,0.009917820560659315,0.007792945853870841,0.0033694099739347977,0.0,0.0019051561616346053,0.0019358107932144642,0.0018516722482754553,0.0044396178385806145,0.0,0.008282733620376492,0.010224107983025012
1.9411764705882355,0.009961345148272977,0.11947954367231745,0.0,1.3729742908812754,11.447205889637488,39.7517598597296,0.0,59.408897007429104,31.364111212876562,14.474874895226474,14.266226991347152,0.0,0.9273483886726996,3.550965655467535,18.36787586899966,19.674627428037745,0.0,7.411387411562492,20.85907542093405,12.77039147965521,0.0,37.92470495483191,158.55603710952204,160.66351652634603,69.46065745175241,0.0,10.598164908424938,11.13953374718185,17.729770070032874,0.0,5.365893668942682,1.4190061126633826,1.9995419782083894,0.6196999892989584,0.0,0.09435780006565271,0.011362573277228484,0.0058978649382240254,0.0,0.0014436384499434635,0.004001254975794048,0.0013962680753202596,0.002673471096541813,0.0,0.0024098824448907158,0.010547084769673875
1.9558823529411766,0.1443936761959948,0.08361725889712215,0.0,0.2504456043347587,0.518746093709156,2.065477774703263,0.0,22.90414590007802,46.24570837777822,48.03725094733863,12.379101017315026,0.0,4.122690265200228,0.8569398207103245,9.029404194941101,13.709056830365506,0.0,7.58637115436755,10.486012641920215,1.5959610942296627,0.0,8.304471477104997,18.366337071658105,60.95683370793495,86.51395153146953,0.0,42.16265342956985,10.53313975966689,2.5992413416234252,0.0,6.444326106046961,2.9078020829149374,1.1922274597830944,0.16146762727356448,0.0,0.005309766801915659,0.002478865886468999,0.00164774957710144,0.0,0.0010917497676156023,0.002238011010384495,0.002381095173083805,0.0057071280106447495,0.0,0.003428188473304382,0.009311828698653758
1.9705882352941178,0.1067265966029445,0.053611500440936384,0.0,0.05217656327929052,0.3132064410705433,0.4559502263175337,0.0,5.973408764631886,30.76026608814464,9.571227633789075,4.041293206094552,0.0,2.612823644949338,0.4561653221793908,1.8366707909654274,4.324427529944188,0.0,2.5091090788178763,15.84293089244656,12.59455006187664,0.0,5.06604838133046,3.5703153687332376,26.77910556098206,73.0683463655698,0.0,34.81050814357178,3.725419069215179,9.789511332739522,0.0,2.7992913038162808,1.669199436124957,0.9160486311357681,0.03664774313855318,0.0,0.010121357961130673,0.007224168285512063,0.0037326061249587424,0.0,0.002181134101129532,0.0034870683151891372,0.003082915229313145,0.0038005179015007536,0.0,0.005086483592072017,0.005898088556092831
1.9852941176470589,0.051860221847437896,0.09258235417495157,0.0,0.27712797483328566,1.6013427954272568,3.800168251673835,0.0,6.942954594595764,26.92080267920339,32.47525639632501,17.639266909313317,0.0,8.60775369756727,4.334892746184579,0.34198564666456693,2.966339016545462,0.0,1.3630793434700248,4.239002156915676,1.3146508426269383,0.0,3.0754045409580777,2.395900132352227,10.84054800089422,7.446505953091064,0.0,1.5846479013583563,5.463688000325481,4.438079073905481,0.0,7.019719531666982,3.291446536747742,0.12319251247945873,0.005465177861500866,0.0,0.000953878347175699,0.00442737849809721,0.0023424151174476445,0.0,0.0018144904140210266,0.000885222324550205,0.0017551898012091983,0.0012325943653792094,0.0,0.0018527761579699934,0.002486584506510577
2.0,0.06593237593230925,0.06181175558042101,0.0,0.07486332842553442,0.4358285682742202,0.04265138467283374,0.0,4.4765814576768745,2.8474570844331595,0.7103949028883444,0.5192671354349698,0.0,0.06352833405560263,1.7618097356151217,4.863305056210576,0.8498890495632556,0.0,0.5681948523981313,0.13584704732386843,0.534288651325196,0.0,0.8254395889065415,2.6887291977003125,16.18160391733118,16.980440458826333,0.0,5.45172332567369,12.76728873662717,8.527036604702623,0.0,2.210342092863833,0.4616890657949827,0.010282076482419831,0.007552191720275869,0.0,0.002821404759337101,0.0024674804212713357,0.0017634309370401311,0.0,0.00024650278544181543,0.00036033230599305977,0.001113026596419609,0.0009433143928199777,0.0,0.0002140239148487596,0.00025405324182896757
2.014705882352941,0.05682071669233191,0.03498862081281705,0.0,0.062192821461821604,0.4620660345048215,1.5812883777503388,0.0,6.172039902198241,4.724914722297587,2.7932522858164366,3.0681654171838537,0.0,2.216392606351499,0.6581162867499081,0.7104496589009581,1.8460492654473653,0.0,2.827004882930722,0.15602096154362358,2.370287263152192,0.0,2.690351728351153,0.4999156423904354,0.7809243844408602,1.3156670449971253,0.0,1.680777144645352,7.560733375409305,1.8783658652169737,0.0,1.0754030580342984,0.1780653726997521,0.023993152292498425,0.012405002959212005,0.0,0.0015490662114770542,0.0014072392310623088,0.0005364714898708599,0.0,0.0004892537922169513,0.002160740334445018,0.0028595826835975248,0.001427867082433321,0.0,0.001576896020493085,0.002425185719202638
2.0294117647058822,0.12876191573054943,0.020273109507347332,0.0,0.05781000713869222,0.2105368438692846,2.213705193852711,0.0,1.7060776062820149,12.509719877815755,10.940165293348272,4.4334108089331234,0.0,3.4043858032425347,0.7141613073251013,0.010861397620668236,0.6871392622402417,0.0,0.6994624595893187,0.2119701706192273,1.7806699384820708,0.0,2.753129075837661,4.597769810577898,4.968377940040199,1.7170253277294503,0.0,1.1223905794026092,3.4679131108813452,1.127316183210085,0.0,0.4071604467218186,0.03072472208618613,0.0027654759190013497,0.0019896091582471175,0.0,0.0014370843070919148,0.0010467126157555889,0.0014722948241460009,0.0,0.0020220050318415644,0.001056523790183424,0.0012513672554140792,0.0009231949736512757,0.0,0.003128862162614958,0.000851313456845855
2.0441176470588234,0.05886569383010566,0.028264385338218068,0.0,0.031550387719582615,0.34216712710556707,0.13794136180822833,0.0,14.614828137967958,20.700626853739525,1.0701123935979728,7.644895198966915,0.0,7.098749679308248,1.3510829708833798,0.35172608709270026,1.2053938129650819,0.0,0.379676074418871,0.11048709577633413,0.1319500150753718,0.0,0.21454533423171182,0.5347720256695798,0.43271536638631836,1.0804099520497112,0.0,0.31236764646521187,0.5162322334619829,0.2090624467656939,0.0,0.04325225951831866,0.011846746218484543,0.002907574375423352,0.0022346778468191955,0.0,0.0012593555895614031,0.0006538723588113428,0.000674935505893733,0.0,0.000880193468627231,0.001629532793807014,0.001404388196009227,0.0013111176374017949,0.0,0.0014194945112915235,0.003380850269130843
2.0588235294117645,0.09027410733951058,0.04025944794517366,0.0,0.029914513200768857,0.11113875525059752,0.9084700723634032,0.0,26.914943107374654,51.25603125299726,11.200354049153825,3.7469380707410678,0.0,7.2339258170707375,1.0096311240246072,0.6815613835615766,0.41983993966132793,0.0,1.0846111525778763,1.1027929511289616,0.8615395141974049,0.0,0.4853920641697882,0.24400613946162286,0.16056365355287572,0.9980250494124763,0.0,0.48019240102281685,0.1033035281080445,0.0208731582137445,0.0,0.01561429628810956,0.009115180318678598,0.004826563847379027,0.0025711347348871512,0.0,0.002521050012367494,0.0017833815847004394,0.0009014158842401676,0.0,0.0014443699157768192,0.0025785741970215346,0.0022336057145729226,0.0028762575273795273,0.0,0.003487239145544759,0.0011357349754492433
2.0735294117647056,0.03855622212682444,0.024923080935864438,0.0,0.011611466726248989,0.24455008968041117,2.4407265580763955,0.0,51.65631173108092,78.73620980019578,4.160773839201092,5.257058210572664,0.0,3.323941757875416,1.6763459645503553,1.1648224615281255,0.05407482242511115,0.0,0.2664485730992761,0.02705021381794425,0.5594352516646686,0.0,1.0856490146008007,0.8850183795595312,0.24548118449478673,0.0492526539123613,0.0,0.05706298713784709,0.006341418300084556,0.0030554767619438822,0.0,0.0015445918810948283,0.0010732038645751962,0.0011565848682849485,0.00022767348098555782,0.0,0.0009007792400441838,0.0012224621366384216,0.0008259613117633845,0.0,0.0022259734259938617,0.0023451287314691744,0.0007118073939234979,0.0006035175008496756,0.0,0.0006186218840774774,0.0020333974300747277
2.0882352941176467,0.0683284454387364,0.016555454587492944,0.0,0.02451861281409324,0.20238712371518058,2.3169850532568557,0.0,72.6990590886498,83.88839429913764,4.62411040907088,1.1444335768843694,0.0,0.9918283317876323,0.49448441139784527,0.37080685790689516,0.11227531937474786,0.0,0.031568339349303344,0.4831024185844868,0.5977469829857447,0.0,0.06120465943036239,0.029458534680814295,0.014064891757776143,0.019354168142056045,0.0,0.020332240245503404,0.002629409064365589,0.0022036327845142973,0.0,0.003778487813434854,0.0031170795475936866,0.0031696576932578394,0.0031922592892042667,0.0,0.0009092323996079273,0.0007238956185867109,0.0031163554524920676,0.0,0.0018208645611137676,0.00042845246862226367,0.001997837278994457,0.0021659147048111727,0.0,0.000630975612679588,0.0009355616678228848
2.102941176470588,0.08958877981583122,0.017867594835606872,0.0,0.007069046489057621,0.036643315943034174,0.10282091240826642,0.0,28.01715833388686,83.78192372761485,9.844462977181426,1.4845827565246594,0.0,0.5712018057094483,0.7281199033344792,0.41003532579576774,0.019318483294798048,0.0,0.15787605914107855,0.46035712217357816,0.08099324084639298,0.0,0.05536162032580318,0.02001669479018464,0.0015178362615278656,0.002039715917964859,0.0,0.004498816391506871,0.0030443255475458703,0.0015073807008837588,0.0,0.0011022882587798735,0.0006946111129983164,0.0010689838136117551,0.0014497035800349395,0.0,0.0008616208394279375,0.000620462497884305,0.0003774154806153036,0.0,0.0021658836809534516,0.003504567824239366,0.0019526357121974255,0.001841485030020355,0.0,0.004376756456271592,0.005216578168838368
2.117647058823529,0.16576470330252388,0.04555281574947751,0.0,0.010939607060742675,0.02973278488788529,0.059809864362995485,0.0,32.0474145825548,138.18949198251755,37.50635407945802,0.11787115365376494,0.0,0.11297512523105846,0.1032715608102058,0.082917006494417,0.01570011698951133,0.0,0.08312592512086155,0.04641608070588883,0.051343401130174424,0.0,0.12648566601188155,0.09683708938983066,0.017629559598067755,0.001829597568482385,0.0,0.0013871511811129691,0.0009213424769587166,0.0013312308961588488,0.0,0.001611054230776876,0.005018784219181713,0.0059690151565381135,0.0011028133759955737,0.0,0.0007170210891569826,0.00033773544774600355,0.0008727614117563002,0.0,0.002019252056092898,0.0011729087981461584,0.0018783750048485617,0.002152960756719141,0.0,0.0022370061526155575,0.003566974620599244
2.1323529411764706,0.0748875584766781,0.03963795296258338,0.0,0.07011378528697527,0.16817452089514473,0.024142647537708752,0.0,46.33834875332188,255.06436274622033,89.5080949535205,0.19663348844750966,0.0,0.6269286625672501,0.1753574963403837,0.037589040694657544,0.1353328133631004,0.0,0.0037977204323566866,0.025448759569083615,0.0649900499875798,0.0,0.04484163450697265,0.010962500802071746,0.0018379080792873368,0.007657024432881298,0.0,0.004033786741661125,0.003268057479530332,0.0025888216801462686,0.0,0.005019645410657398,0.002979103163183434,0.0007254969760338027,0.0006016193704024545,0.0,0.0025236341190268572,0.0018636561382435355,0.00023222581201159394,0.0,0.001126282321783713,0.00112181628489718,0.000896276911913777,0.0023245641000214545,0.0,0.00212843601339131,0.0024037435759667316
2.1470588235294117,0.08207584272091753,0.024044647866134028,0.0,0.042077820882583127,0.07035481160475342,3.1001248545682953,0.0,91.30988064933571,749.0142680697929,313.11015139684287,5.612763393991978,0.0,0.5165713859348566,0.1386480588850067,0.7796371400124686,0.19295240963868493,0.0,0.20379096779648748,0.07748415823157889,0.012509810988319742,0.0,0.0035991827323790153,0.05376067144083495,0.08388970201450074,0.02614478865185077,0.0,0.0032178606706061005,0.003699036859029081,0.0010634214313601394,0.0,0.0007984110468892869,0.0026883581575191905,0.003022370733816963,0.0008404184441426173,0.0,0.0009018543873305989,0.0009012330498198595,0.002308662132129447,0.0,0.002034517319126098,0.002518367945362889,0.0018153827788737896,0.0011306930856120662,0.0,0.004074994983274836,0.006883187326480782
2.161764705882353,0.08319820672464606,0.05662770246372842,0.0,0.07590617627018248,0.07091620557064318,1.2993336732693166,0.0,422.85701053420047,5071.116604742865,5016.830996867192,535.9807914307678,0.0,24.860814845763826,1.112973923844725,1.7110816330602296,0.058462746836190356,0.0,0.009959693760355309,0.01141697143124985,0.046596966657114165,0.0,0.019576351490302943,0.03466448065024443,0.03277796363516202,0.017449289223089387,0.0,0.02228398236535244,0.004989978140742639,0.0036187024789057316,0.0,0.002404341312659839,0.001448778970140484,0.003189967277287249,0.0015262911846677665,0.0,0.0004184892694543963,0.001997447796773567,0.0029017090356243847,0.0,0.004150130097132804,0.003031082128226407,0.002569655818467781,0.0026817204983950677,0.0,0.0034008983106922934,0.002961396280589568
2.176470588235294,0.04280681659720757,0.07133446361907864,0.0,0.059912861159361785,0.2896196533311838,1.3778327794756962,0.0,411.15493647273263,1069.7604984361635,3448.9113493272935,7208.679903070099,0.0,1282.6524304669679,72.88533536310663,2.1959613722343905,1.1131471648692122,0.0,0.019223632323931802,0.07436264425114765,0.05471441058583165,0.0,0.05863683377962929,0.0690978334270998,0.044388482101406924,0.016104005334247707,0.0,0.010844334522868202,0.020569252464292757,0.007466803810993059,0.0,0.003942766448476472,0.001076075992989148,0.004034048737243662,0.0027941879380154514,0.0,0.0007318744404791004,0.0012724759949147197,0.001379703913105396,0.0,0.0010529604128545933,0.0007770285592671494,0.0013455652523591797,0.0023636093709470205,0.0,0.003164542181082559,0.0018824936171029944
2.191176470588235,0.0851504513494695,0.0713924535709932,0.0,0.04273409358661337,0.168463410834074,7.12107163789765,0.0,15.249440346807987,164.01246518048424,35.595416177606836,2561.6689340832468,0.0,11297.73205313342,4629.9826047314655,523.4121597912946,44.32721564977133,0.0,1.605890705085438,1.4266406376162266,0.19625453291942757,0.0,0.34993145858757846,0.42533126343273076,0.4227912789760846,0.1679866446253768,0.0,0.050719640532307944,0.23592167923686203,0.14525367500955366,0.0,0.011381911975658202,0.00842579412595762,0.0040411913384673145,0.002551533265638963,0.0,0.001246173065469868,0.0012155194178443,0.0013362555802702335,0.0,0.002552412093981768,0.001076594139882607,0.0013642765228209417,0.0017383694615963135,0.0,0.0028549323687943125,0.007159774407296067
2.205882352941176,0.21951776671662196,0.13713750875826808,0.0,0.05117106831925948,0.16347497674112788,3.731634008560861,0.0,14.010860286449581,5.545524717241818,9.589345309440123,118.92270429143963,0.0,1090.8934984341918,15549.269357615767,27340.625019205516,7182.370865319177,0.0,1044.897116881285,185.92720170785046,23.96932060702744,0.0,4.945557166489142,0.918419455016565,0.659527126595146,0.016016167055050604,0.0,0.0023432438813688512,0.17403673739349387,0.016027721332186846,0.0,0.08843502578725833,0.115523125643123,0.19441730638378146,0.13606618416803118,0.0,0.028260050201892373,0.011768572293768077,0.0011221041922761443,0.0,0.0015743865826975067,0.003916797543120196,0.0034523333326353903,0.0014192153719913294,0.0,0.000887505038435178,0.0011951973596632877
2.2205882352941178,0.13747629275419065,0.034989845530734406,0.0,0.009889374203307183,0.04231568021272099,0.6878166734637543,0.0,3.3604091878608324,4.095924403633016,7.273652007402821,5.939924527984571,0.0,47.54168660642537,736.2326645031587,4107.603184177541,15177.349713689626,0.0,43607.1028916123,32149.27534456709,5602.610364517961,0.0,252.93085028524786,33.03527057232567,4.708333848910637,1.1847941868715388,0.0,0.50268857308471,0.09926257483446549,0.0749594124695894,0.0,0.08204067332359542,0.01757677275165387,0.10041711718052612,0.23777430110014908,0.0,0.18875055911416955,0.04196076159499848,0.1371071428712623,0.0,0.1374965697677244,0.10058443576957979,0.02709730203942198,0.00914841402531473,0.0,0.005307249229865311,0.003072885778769791
2.235294117647059,0.01827469761512574,0.05397188257161093,0.0,0.029198005146246587,0.6609235552057398,2.2388313139523066,0.0,1.034095150702984,0.20355652091600168,3.7246087016164937,4.561702301481295,0.0,4.614297383332862,1.25868501790164,20.248610833296546,7.9347222429466395,0.0,2538.9747463357917,25022.736787206963,65596.38422593585,0.0,64166.969824014224,33592.184978982084,11293.918652167757,2137.0140453277404,0.0,290.0302848292978,48.796533044831016,4.457319953555224,0.0,0.15575218368957705,0.4650784034105899,0.07904340536574653,0.056487055508968334,0.0,0.05503133717762529,0.061738545253465046,0.03731717760031536,0.0,0.03503639303437982,0.051378898646695766,0.13855123176527678,0.20390396106967906,0.0,0.23534973672845635,0.20385015077876295
2.25,0.18002910657890786,0.12173379254866587,0.0,0.05084437512375027,0.10233774980567681,0.9681379466870095,0.0,2.8532988258401284,0.19948000199501315,1.9710660785277647,8.356478039580722,0.0,4.498156474059519,6.772518631175456,16.791344192646076,1.1929229733302846,0.0,4.873994456555615,45.130666214953,278.9934144111868,0.0,497.08803884716235,2911.978485674415,13510.347287603003,43856.85826902205,0.0,11880.298582918836,661.5795532269901,206.3017669039259,0.0,5.547734283400128,1.7082708461034097,0.9706945363406327,0.18458556542869656,0.0,0.011603763897755616,0.04323740623920941,0.009275500017054742,0.0,0.003966862501110128,0.009766966382930049,0.004324665702725602,0.002631121271210456,0.0,0.005672998396124599,0.006490180451693382
2.264705882352941,0.49688652077687684,0.7145091674312138,0.0,0.30367415505983414,0.08318474392456414,0.632059902711948,0.0,3.8472068098294727,0.9399700877594612,9.473250474039588,13.97974750711245,0.0,0.9842784702844378,6.586541768834349,1.3259034481227772,2.298259372755106,0.0,1.7576694069069956,5.292406378156743,49.027319254600734,0.0,80.21909442480964,534.7800077449369,71.68936043145372,12640.342932197624,0.0,37819.46679226539,28230.772078871232,6990.879940677815,0.0,720.313523605928,14.656557907564679,0.395059852854811,0.9009642894180921,0.0,0.27144334691938543,0.17105925090594454,0.030741932121884252,0.0,0.004488489586116621,0.009740178129140752,0.033528343461438216,0.02783279969488632,0.0,0.007003328878670549,0.040959781073159146
2.2794117647058822,0.17486133940464527,0.16741435407597555,0.0,0.1540277781734269,0.4278766315508583,1.2808494698900867,0.0,4.486768756819146,5.0976592802187435,4.445511108827024,19.165925193226947,0.0,16.55703781596258,2.905000987845556,3.09021790149232,2.4565399337394505,0.0,2.9089813334772385,3.1629888745421373,4.116682373194475,0.0,2.8723647821886513,366.550521971554,615.5187076271052,1640.7845954513432,0.0,1170.9681987079625,1748.1583099166364,4185.581445016651,0.0,616.2991665060301,76.51257720123436,5.463600465241349,1.0736219744022621,0.0,0.11327181515947685,0.08669477651499469,0.014491289996880388,0.0,0.040336899560529146,0.049082490804561105,0.051413857781563085,0.04563280191189678,0.0,0.042434574875220066,0.07055123634459347
2.2941176470588234,0.11121702915551392,0.2664527976454615,0.0,0.2346953005734907,0.1309589433415803,0.061936154238789745,0.0,0.5954178360818057,0.7463599390290285,7.847318510970839,12.375780955022755,0.0,5.625152652787154,1.9122687353024315,0.5085001590339999,1.251155896749134,0.0,6.5217100806407995,24.810819968553776,56.280758199773985,0.0,196.97498371249503,267.16298868323787,24.322566167944764,77.00013931630427,0.0,113.87582420622269,441.3534111456937,561.1944227808287,0.0,604.0970493747391,245.01445864759677,45.424400008349785,14.9925893289453,0.0,0.6283261322208779,0.05526643247234207,0.056767314063646726,0.0,0.05748168066219106,0.0642712046011646,0.12226789161853563,0.10287544267317167,0.0,0.10743597728450155,0.26575720333579933
2.308823529411765,0.23127010724306898,0.05473506995573717,0.0,0.23589882558376796,0.33454710267786336,0.34279970310283014,0.0,0.5348635972011889,0.24499566863131508,1.4364976746254834,0.8632139881569565,0.0,1.4398168038779526,0.48776720341200636,1.5542468699166052,4.055193287171773,0.0,5.893520959793923,17.860879557714714,24.491086253814984,0.0,6.418559185186346,5.073832952272483,19.002504074696684,6.274666994643397,0.0,31.26859930066081,187.95456383777196,377.02448123394277,0.0,405.7357853929612,240.2104260160542,20.841070301311,9.818733561160649,0.0,1.890313438608283,0.09374578361263458,0.00789357246446655,0.0,0.016770428153609,0.00988925695679149,0.0085976178374329,0.009659289115685728,0.0,0.012256140380108518,0.044959895538072954
2.323529411764706,0.0770174699624318,0.13048148866703635,0.0,0.07490779233161189,0.14313535871815034,0.3052333806256674,0.0,0.9709691141784229,2.6043054825280256,1.0812071200519868,3.8495618726653804,0.0,18.88475533271018,23.507032159012795,13.083166981834253,1.8834897550736258,0.0,2.8283623110481617,3.591155973227589,19.33518958555932,0.0,43.60284681536331,32.20295186864742,22.17361276233848,12.52886184932817,0.0,33.987250031787966,141.45764616018508,71.75953055495458,0.0,40.90708948220792,37.24125347871079,34.435860010472155,5.485942467637182,0.0,0.29321597747687933,0.01034232614337949,0.01847717229336777,0.0,0.0037804699973658295,0.005275077309834767,0.002602698371624252,0.007378555738408259,0.0,0.007141706585504981,0.01024260105871822
2.338235294117647,0.14776904121204604,0.15225527960385926,0.0,0.1459257584433017,1.2603816316160275,4.562159863140181,0.0,4.852545235060645,1.268120720517613,6.362698423104977,9.589264985626528,0.0,5.866898962864019,12.690633425679934,11.491457663383912,36.85133463427109,0.0,8.710046422706936,2.6191366393139823,1.9881892833833996,0.0,5.758338544760067,7.9582267912079105,0.8651083732527731,19.222843630012015,0.0,13.136946842660105,3.770437844956843,17.78406485129709,0.0,29.69975282944914,8.824688022292424,0.38368035241477805,0.691447508413592,0.0,0.10818774697616654,0.025662581174556068,0.0059711578284643695,0.0,0.002842747237514867,0.002126052771377927,0.00222103955426236,0.002846463348138896,0.0,0.0021094075432047067,0.008160296773846217
2.3529411764705883,0.10025341800661984,0.0250721867931886,0.0,0.13498340147328186,0.5410574101656477,0.33722978628086575,0.0,5.174536067552043,15.469401987326968,6.602127102423916,0.7261365717139359,0.0,1.5196976103682909,11.912401046704364,3.175030301420012,25.637450615185863,0.0,34.664254583950424,1.8254499163807483,5.8612077484573195,0.0,6.757621099483579,0.7947336625177865,12.334421224300591,10.580206279810197,0.0,5.4660382661303775,4.462232264713906,0.3163242436065853,0.0,2.739662076899874,1.1018448728449675,0.7242264974093438,0.8406781497514406,0.0,0.11372203004454609,0.012654096398621315,0.0012035734237466813,0.0,0.002385109443512862,0.0007664419693959402,0.001309398213030799,0.0011676408058947897,0.0,0.0027037359475515547,0.006667096146073243
2.3676470588235294,0.10050300210932858,0.026115419256582076,0.0,0.18240835615770426,0.9228077641440768,1.0293422188689236,0.0,4.292296899263286,7.4437796886102925,2.308455744239004,9.96256438360897,0.0,33.19406407878517,25.605548427949607,16.006645083414245,38.976475503972395,0.0,14.07375498870336,0.6988532523082025,8.393984153753028,0.0,3.127801851931932,5.227449882181693,25.666194782456945,45.91562837249417,0.0,20.598669652162265,2.935690361273929,1.0054668318698956,0.0,0.3444690310104316,0.7871829647810235,0.11070550809303294,0.06405275597213839,0.0,0.01752256338768971,0.0012307971905759574,0.002923993221424753,0.0,0.0035633571559819132,0.002691029548766399,0.004442016505788351,0.001092551925108431,0.0,0.004667699739230766,0.009204746683437858
2.3823529411764706,0.10521027428894913,0.08740791657343486,0.0,0.18653608766410823,0.2250919099607694,1.2522272236603773,0.0,11.973104523860412,22.492926964278972,12.772995120846307,4.662840185655947,0.0,2.0053033143373384,14.474924521132358,24.82427272975579,13.311114167428897,0.0,8.943299040941,5.427252322453349,8.667240460671982,0.0,7.010758724799756,2.5433795033732944,16.78483600069156,29.972742559134048,0.0,17.525372138857687,7.836470859383749,0.8512855756972122,0.0,0.9060530450376327,0.7044600089694801,0.35384233528745923,0.021458695737730488,0.0,0.004875723129992186,0.0016891255373575789,0.002944048083571723,0.0,0.0014412237157368293,0.0007154051506890391,0.0013190261816777979,0.005247515231884132,0.0,0.006622180429853414,0.00904342090969034
2.3970588235294117,0.026114817269862124,0.00909009582538194,0.0,0.12644615614287716,0.5136372183982847,0.6664558381488053,0.0,2.009102515209659,0.17920931527851747,5.802175836026662,6.267329616516992,0.0,4.846209257265624,11.003087859080559,17.66816965707016,7.743481651131123,0.0,11.202369644988785,15.928628302326509,37.31392135577768,0.0,20.151931086213267,1.5138731510400127,43.17690805332214,41.9669953124704,0.0,1.8525038317772364,2.1908432264123157,0.36603879675002315,0.0,4.966379049502946,3.701194177283155,0.34725878410241284,0.015148295860388556,0.0,0.004794341032793219,0.00398087216087185,0.0026159663673214727,0.0,0.004054269171993904,0.005722042091391403,0.001955009242464141,0.0015718793631707478,0.0,0.0046776357860249815,0.005342151157932073
2.4117647058823533,0.11156242766176686,0.07257143350902663,0.0,0.04870306915332857,0.8194106822092053,2.9612955339909495,0.0,1.23958649489976,2.6140143823727175,4.203033869087697,4.249959520828533,0.0,20.47822131986419,29.124463538719915,1.8650129736588927,4.287544057559152,0.0,0.591442546597605,3.084315043118079,7.57220372837789,0.0,19.121056605504908,3.3879169759296657,5.055716537251948,9.938791635515955,0.0,7.495074957062961,2.11180374772682,1.1804419413668423,0.0,1.0919642078350695,0.10616789164982801,0.03264041287789159,0.004232572207589502,0.0,0.0026105375218545713,0.003270637893155741,0.003019769035205175,0.0,0.0014432142208701077,0.000989760574080508,0.0006982461693695126,0.0020833038226622433,0.0,0.0028495860102745662,0.0018596857677234207
2.4264705882352944,0.05444980825028805,0.058400926942266645,0.0,0.29606667660830316,1.0422455963535215,0.3575744010303914,0.0,0.4000465868433753,3.944649045541216,9.055075267813134,7.726328136248121,0.0,2.023487246672229,1.9772816703613636,0.28336681112863193,4.1980205856782264,0.0,9.584621328190321,12.419698360522386,8.886038834154881,0.0,1.6993079450165558,0.5966952800292421,0.3477351333359157,1.9191037923992431,0.0,13.656302993756608,18.00952136201694,3.3539212637460616,0.0,0.20429668788216315,0.0059637002052313655,0.0015105533266087932,0.001434902464334923,0.0,0.0009117429772125847,0.003428877798803237,0.003283908904006779,0.0,0.0022943252792853148,0.0017872072518620567,0.0072239282375172655,0.005231019654668639,0.0,0.002224193242685251,0.0017087591167782316
2.4411764705882355,0.031323461902083856,0.06657467696771294,0.0,0.06852120642632908,0.14830107128595504,0.29492163770046864,0.0,1.0378843594974703,1.0455817210998435,14.618449888753066,37.77284090608047,0.0,22.670440482033776,8.177701138545723,6.874713623981024,1.5062571204056328,0.0,1.739099788291446,3.0973633158080984,2.995636781679478,0.0,0.9371227215180538,0.9949270639312606,10.257765137284373,24.827857562380466,0.0,14.264200307595981,1.7825100667323805,1.9464744615181206,0.0,0.4923738824948667,0.009160732937379071,0.0018558924654093313,0.0027028224363414,0.0,0.0012630075294930458,0.0008149934052829122,0.0006607633260489186,0.0,0.00039703343083255966,0.0002958075539859068,0.0012628103533880585,0.002919553776424708,0.0,0.004341384170541309,0.006525687722056367
2.4558823529411766,0.2591121213227996,0.1100233080428497,0.0,0.20021300247117782,1.171999069924301,0.28210989158514066,0.0,6.354397396385558,2.1928426282634605,1.9717144568334697,9.427900014997945,0.0,5.257797583495503,3.6893709005632234,0.8448829733604792,17.500962973284278,0.0,7.94428228342939,1.0257488228935512,1.9809710667953384,0.0,3.091142917453264,5.701796415611833,7.161614931580319,0.5805914508168295,0.0,0.2147603851127364,0.5629562162069518,0.32604373714911333,0.0,0.05493192263600174,0.018731015048263352,0.017198223328479804,0.003553299184012806,0.0,0.0024672776484532285,0.006491356904585646,0.004813400817571674,0.0,0.00255943613832622,0.0020400459657308316,0.0018868258655369266,0.0030520475648279193,0.0,0.003345348118523402,0.0008593086912129774
2.4705882352941178,0.14900233184367662,0.060627278449036454,0.0,0.28894401034672956,1.6769261649344638,0.09755827322898752,0.0,11.074331941054638,36.29141529349144,50.761344931847674,55.845998910042184,0.0,33.48945658775246,9.132142426633518,0.3385513515274523,1.9866637251243093,0.0,7.121114341749745,2.2350308077873073,1.818417800384319,0.0,0.28284526596354376,10.548094518329117,13.92773829225543,5.534638010027203,0.0,2.3086839579981873,0.045801372857645656,0.07826380744919562,0.0,0.05306596137074596,0.01676672055371797,0.010652304871765066,0.005946718423655205,0.0,0.003225979935135423,0.0007958707307124784,0.0013608341103548565,0.0,0.0017535587396811962,0.002639416704813528,0.0035059552450166244,0.0036481256180209754,0.0,0.0016912681672688386,0.002430010468366056
2.485294117647059,0.08018908888298987,0.104734267605506,0.0,0.1141338484949759,1.2811288423574987,0.8455495880611725,0.0,4.113155471456646,3.8861713608496324,2.2959349728895915,1.0086940566006115,0.0,0.7162147926864108,2.2855627462391315,2.2997051116943754,0.21797809489181744,0.0,1.404678479845853,0.43119853078397147,1.5860291769042796,0.0,1.3128839799385543,2.7756331352406924,2.0919410010918176,1.3699614002622962,0.0,0.23148056091641095,0.7597762771692997,0.10970419810909966,0.0,0.0022609364603958754,0.02121509604082094,0.021336012471742338,0.005817886115167014,0.0,0.0022347754353063865,0.0014670331919050482,0.0017162275497133897,0.0,0.0019271639785032593,0.0012664721416779934,0.0013885379392114218,0.0019102031344809985,0.0,0.0025554386290629755,0.0030260769717840572
2.5,0.05353501802547359,0.026391944988062715,0.0,0.07882140563767012,0.038687755298746386,0.093558309012723,0.0,3.836508327100562,4.0780441488991475,4.360149102424243,2.8345928561555405,0.0,1.5647029115512745,1.9834801901405368,0.0746087563368589,2.38636826044584,0.0,2.644321816929449,3.3220793084235347,2.7053151840965812,0.0,4.280616432616611,1.189193119150743,0.17462758413613433,0.04033626698027956,0.0,0.020910906771495402,0.14248416142933312,0.03532699013475587,0.0,0.014805124219203263,0.014296058502734355,0.0028151775802766083,0.00481947188442811,0.0,0.0007464477576259668,0.000727462705987262,0.0004501381598656529,0.0,0.0004750067065637534,0.0015078967205355116,0.000989684923743143,0.0003336679080115084,0.0,0.0007932662450486351,0.00482687281640377
2.514705882352941,0.020502859131680123,0.011920172954336597,0.0,0.045029593835753716,0.11875294221406343,0.6495671915813727,0.0,2.3612824834213004,2.6619625160828706,6.087018685134455,10.424424985575918,0.0,4.424298997022202,2.895014635281076,1.9575644964555279,0.20459929985577313,0.0,1.6592923327884548,3.7605978133911724,0.8123062555383607,0.0,1.3477321834018334,0.5647274141726707,0.5912966023889865,0.4784138218236218,0.0,0.04821923105362536,0.003957837818842801,0.016208615144458906,0.0,0.00412275005319575,0.0031061399295983084,0.0021779699469676576,0.0006994301818100331,0.0,0.0018437885574070602,0.0016737324703320626,0.0014428785766314733,0.0,0.0008731770939984965,0.0007611995162868321,0.0011734575304707122,0.0002546067983265159,0.0,0.0005135843038460622,0.0008488280515375137
2.5294117647058822,0.06601393973004281,0.060148661521985065,0.0,0.15578744969991176,0.05077934093114558,1.0196088038447144,0.0,5.815025655453825,3.6466517759574026,9.685040366014942,13.385979502867013,0.0,0.6565359641863381,0.8608660342929653,1.2615412993021975,1.1671750846899966,0.0,0.7467374641359934,0.08174651560965707,0.5459782972158513,0.0,0.2502585890733634,0.13366492959002052,0.955780529586345,0.3160986499777052,0.0,0.011011545896924121,0.012458131632559993,0.003740274880781616,0.0,0.002289762650421249,0.002526518434128543,0.004053158725811104,0.002800659763467845,0.0,0.0013772116266958171,0.0023644650161532164,0.0018072724467677775,0.0,0.0009892108181280498,0.0007778673133101801,0.0022305694375211716,0.002525856573330576,0.0,0.001823178394490662,0.0020672463742116547
2.5441176470588234,0.05964713164936084,0.009588617369456756,0.0,0.04922866098444821,0.04815265307807539,0.1702002656103181,0.0,3.1870559919637813,10.819913374671312,33.30591046494472,24.212906464911292,0.0,8.09030881513947,2.947185660474025,0.5413761365132284,1.794152824895279,0.0,1.4071891944157824,0.24042435438681603,0.09752463181478217,0.0,0.09680154138422227,1.2653256578411678,1.7347483087294842,0.3395100023102344,0.0,0.004008362521940195,0.00361492349761474,0.0006240360589459031,0.0,0.0005258423535872506,0.0026464709811407426,0.0010409710593057102,0.0021531183092999115,0.0,0.0020540484631827185,0.0026362775653792237,0.002076013013414956,0.0,0.001156290599660764,0.0018399562552508524,0.0024410179198362013,0.003995020186555014,0.0,0.00037982606687212236,0.0011103467671111397
2.5588235294117645,0.11512637803839407,0.07462653359132268,0.0,0.08268306887726297,0.2258927260516397,0.6729243470869519,0.0,3.195370635504145,1.2311454050507913,6.322832659913588,13.548164675892288,0.0,3.2932116337911506,0.5905649832701296,0.43411833967277613,0.054845612221139296,0.0,1.6602005777400435,0.4492308732802791,1.0709916056241322,0.0,0.4909098196866824,0.39941319859272634,0.15400256856248745,0.054895518668102904,0.0,0.05986434605395642,0.004245869628202482,0.0029320172034039273,0.0,0.0013089933644880231,0.0007810667012505183,0.003940989061298167,0.0034014752955117736,0.0,0.000656947303851553,0.001261808798987822,0.001046746819107937,0.0,0.0002071248857677721,0.00028411525473860503,0.0009330611395645149,0.003732654159519149,0.0,0.005554190489957568,0.002934619755674172
2.5735294117647056,0.19844743723804925,0.10770710692368812,0.0,0.08306189044538348,0.03896089489518677,1.3591099123002102,0.0,4.594010348824529,3.0051214384064373,10.204391950253312,24.429837480998806,0.0,5.2229359389823315,2.255932762969543,0.919181008694925,7.627843980994234,0.0,35.35464424500201,23.661228982419225,8.65855245624492,0.0,8.234911787121822,1.3169748657665665,0.1507505692708364,0.008070578379670765,0.0,0.004722856911403953,0.001975882169993874,0.0018607072197895347,0.0,0.00395843327302745,0.0030381438823923,0.0015191484643880507,0.002973552392941558,0.0,0.002808895121398508,0.001340998780310282,0.0006014526143863727,0.0,0.0007671588486625166,0.001809393900342876,0.0021032711740863966,0.0019770471955510866,0.0,0.001009436623685822,0.0014445535637445353
2.588235294117647,0.029272364673147887,0.018781613082692838,0.0,0.029751826826667355,0.05077514050068521,0.21881072569458843,0.0,1.7640325747753636,4.9556065803858225,1.1186550878208654,14.59930995843754,0.0,37.14826657286807,28.624020848251185,9.13574662030469,29.506152123945895,0.0,159.11015943642258,147.06457782906716,25.13583177470536,0.0,6.443478739414326,2.5599822776203442,1.4402198728160713,0.17904646333570515,0.0,0.009479594548358141,0.0009813246868644522,0.003599468550916099,0.0,0.00514428453512257,0.0033218134138797576,0.0034058155383828457,0.0030845888177496693,0.0,0.0030793531391505665,0.0021142289899303574,0.00686894788344826,0.0,0.010344675575963753,0.0075287243062149576,0.005649465348815171,0.0024035280474860522,0.0,0.0007017163172057465,0.0019283992884443037
2.6029411764705883,0.0891748007459103,0.03089204927884876,0.0,0.022342710416838368,0.012654704554391924,0.016856590467082766,0.0,0.0518604617208133,1.2730401946685834,16.29635737176426,23.23630724820063,0.0,11.530108839151364,30.713076194535944,92.5566382956476,130.31808660408345,0.0,18.7397364911059,132.58345588370145,125.55517182132205,0.0,62.28335394631215,26.97166799321743,12.14043058464712,9.396201444343259,0.0,1.4551580898853054,0.051216826119798775,0.04814247006814171,0.0,0.035261150508787836,0.0033596462701604227,0.0038441256915417842,0.0022183748736168884,0.0,0.0021127138128958145,0.003121356317478419,0.0015531116309158736,0.0,0.0011110892561183344,0.00038139387965266717,0.0015401489190454984,0.0017696701068004544,0.0,0.003289962050636812,0.001233369896758729
2.6176470588235294,0.04997406890298728,0.041821030850117985,0.0,0.025394929976880868,0.09315489400351679,0.21788355779168994,0.0,0.34146080845180826,0.27966236072572986,10.394659881807378,18.18053180527123,0.0,2.746855396881358,10.271725445880692,23.30092557231665,131.08872161929065,0.0,233.06916962522473,11.155931886430057,19.898205967936867,0.0,2.7085482199817017,1.2105777837838292,5.99641682151757,3.2808759055652787,0.0,5.208873825389896,2.8130154453704654,0.05973402671783942,0.0,0.02716415954975812,0.01697893739143567,0.0019557204250974323,0.003309819987565146,0.0,0.0036512958449685835,0.0006673196168318428,0.0018118140142986973,0.0,0.0019253879297185684,0.0021292901582153244,0.002958409737433753,0.003958752137746135,0.0,0.008546316456610607,0.0013368127411035294
2.6323529411764706,0.10304753302253869,0.08227232569194183,0.0,0.1976258860507657,0.8885913030193433,1.0842950717161373,0.0,0.6985951062777842,2.130445447112943,3.4684860487009503,20.995621291879992,0.0,4.081963048272556,4.917937359112333,28.799201406739375,30.32953615444548,0.0,59.57161860490815,89.7160652779378,579.8771449772294,0.0,369.79628784610327,19.875144417582113,21.67891465039059,15.771335623224932,0.0,18.811500636840826,2.681465074651648,0.6753578369128443,0.0,0.04157309452470097,0.010124377497337177,0.003180581648630506,0.005634673298646699,0.0,0.00092669422937944,0.0046844086227001164,0.004558053162008137,0.0,0.008861783057141881,0.013333995645798504,0.009858729384012829,0.004353853163906922,0.0,0.004003351206398056,0.001976092495288831
2.6470588235294117,0.07096110305419231,0.02147622950448041,0.0,0.08210739178899384,0.09788681712832681,0.1336802300364536,0.0,0.068166715765629,2.632094251440145,22.14847337870755,8.425668684602185,0.0,13.672415680423963,13.680646929340064,8.109445430693922,30.099471311753888,0.0,2.504748149902017,15.607066432046334,188.77769854266757,0.0,67.78846566007249,419.2582082673704,678.2059672045293,72.89523188702303,0.0,31.675795183111294,12.679030335796291,0.14456308384621033,0.0,0.02162473917098708,0.004645022653632917,0.013610032138210448,0.0059411819299522006,0.0,0.005093175671532253,0.0061592729084582135,0.0009079178896770326,0.0,0.004345814723110944,0.002854771316548744,0.0022610686232130764,0.003870184856689627,0.0,0.0033707530464061482,0.012592096776764438
2.661764705882353,0.0803898272535033,0.05115992747242306,0.0,0.2804687203558731,0.37984691291594846,0.42369200976576266,0.0,1.4907511695103892,2.998796866118343,6.611248726580403,20.557124182118336,0.0,14.112565507168698,43.62686026187323,35.35230317309704,8.96803207643812,0.0,34.19382399307967,22.785273673959473,4.21437654714125,0.0,24.068328627781206,462.8624181196777,742.2050279826148,409.49534442985953,0.0,186.5313658824369,18.26339112009196,0.9945393411085608,0.0,0.05464549453075887,0.013360725207794983,0.008626128738574247,0.005942976137946206,0.0,0.004027876964285817,0.002814760028023693,0.0013028112782441704,0.0,0.002233948546298322,0.002738862647952105,0.0009126806807908377,0.0011657181754933682,0.0,0.0013159499109805712,0.0033915724676813197
2.676470588235294,0.06619062895881192,0.06815399012685325,0.0,0.05901226518177642,0.24522981784682218,0.37258635905157367,0.0,2.597274890982736,1.1711002208291867,9.207526736675229,19.356831249226,0.0,4.988983477697747,8.029034477805196,4.299342188337233,6.855827701061889,0.0,6.674703852281121,3.0922378129692283,0.37683103063241263,0.0,10.451619563053026,13.681552876261208,10.955620856562494,7.694419268085857,0.0,21.483287050335576,15.072818920814356,2.359814943618055,0.0,1.1228642267046562,0.11311081499455647,0.00499000627296556,0.014401772188764265,0.0,0.009183110236108835,0.005186764502499633,0.004785496394371492,0.0,0.004774336590511951,0.001568902145267777,0.0015433166992323915,0.002318460101583529,0.0,0.005057329655509879,0.009637087844939468
2.6911764705882355,0.09076749156626936,0.0227336662390677,0.0,0.06361395769154551,0.19951753851934503,2.3236471727241534,0.0,5.853408557390823,8.54926939081922,68.42835726054956,161.52597850644656,0.0,37.502960638912036,3.591640131797508,0.7202299161564099,1.5281444532805077,0.0,1.6534441602014047,13.175858021527251,13.79144118050096,0.0,30.10570372494032,56.037784731882866,10.521093588738136,17.482460209527936,0.0,18.053311264697065,46.9395360966237,20.837665748706243,0.0,0.47740367566633934,0.1319675243623825,0.05002463021328159,0.01321884486818473,0.0,0.003044604578411851,0.002787753900416923,0.0018530629129004299,0.0,0.0016049338320281766,0.0014485972777009293,0.0017438675209817066,0.006701223111603598,0.0,0.0027884250549536117,0.0011064401585918965
2.7058823529411766,0.08693173774286297,0.08295065156136695,0.0,0.07179709249122129,0.5516241574826499,1.3345208350585271,0.0,1.7997946890331344,8.432762121743941,162.52752561837593,578.8648672176819,0.0,110.83460029558788,8.276657893780868,6.019948541437662,1.0808094506386956,0.0,0.46962854829853173,1.3290108058466577,2.936511270299646,0.0,14.28578933722244,24.310018257223568,1.9499501012290676,12.89609751798412,0.0,3.617090041567504,10.026878342938911,15.361795768470845,0.0,2.281924918434978,0.04041832427512026,0.00838655026281049,0.005420875848662123,0.0,0.0015434956743701285,0.003205654611635646,0.001990872350900322,0.0,0.0032465946845507444,0.004574691742948352,0.0018941050532739752,0.002945046762546065,0.0,0.005800015883413242,0.0020462494174042826
2.7205882352941178,0.13004079005021862,0.01907401597286939,0.0,0.06677558543090045,0.17605532078392885,0.9089558818345687,0.0,1.751639399370308,15.629846331357218,109.40979384606854,784.9703369613369,0.0,323.7099176255714,3.0800597051054224,3.0601990236898575,1.1335571020037325,0.0,3.346346767297449,14.580086127707702,39.58958027293611,0.0,90.89116186444501,92.17302673632685,79.55898754671168,53.443723834291355,0.0,16.28454300912807,3.757254373708391,3.4269637066800605,0.0,0.8776166083080479,0.23687422713469242,0.04330165824616358,0.0050745172216465975,0.0,0.006317028696501557,0.004636679147060649,0.0060550352527860484,0.0,0.007216342904597188,0.0021441008474690545,0.0015327991395487023,0.0028897620331448863,0.0,0.004824892847798527,0.028285263709297
2.735294117647059,0.10740448633764965,0.06411328688379703,0.0,0.06981618533164449,1.012080245620731,0.1198235489226856,0.0,1.8681250020896352,3.961649642557831,97.65185435567912,1617.8762451440969,0.0,1706.8266643989418,159.6746122294578,19.296585959907674,0.9212254371053299,0.0,4.053880430736747,3.0181730715604926,3.953622560356107,0.0,2.235205657718135,28.284823499253793,10.005576483705244,2.1810624316555547,0.0,0.8896539566548568,1.0140420520271123,0.4150061072660447,0.0,0.4081029245598933,0.38179594485025975,0.07515556072506803,0.002114496574518424,0.0,0.001303836155089302,0.001961979163985701,0.0013218599799131744,0.0,0.0026773620228871383,0.0017953432190690047,0.000550931002030994,0.004111296237650536,0.0,0.007307792469699664,0.008882412649690143
2.75,0.13866161042466796,0.05333249247347316,0.0,0.4423995445228495,2.3970571041095967,0.30319183462187654,0.0,21.593921562967704,56.1658343436425,123.57236839747858,351.1271918074321,0.0,4482.054006965335,3697.1960376697107,252.5287179722399,12.058626938532516,0.0,0.3716810286074272,1.5071519037305376,0.15388355366362336,0.0,0.29248393116135374,6.3558691515483865,9.526989519070879,2.635370144229312,0.0,2.2938707333475588,5.689103786201597,1.6292242547882496,0.0,0.07738034190957095,0.08135385723699345,0.002168742098407478,0.003796952598952655,0.0,0.0036220285695121677,0.001176964750975927,0.0014193049384028879,0.0,0.0016484761757374897,0.0018287944544758703,0.0010418968696114248,0.001946502094228651,0.0,0.005107511108733897,0.007088618295958228
2.764705882352941,0.13193039067892082,0.09200825672636939,0.0,0.400723963358401,7.506841737829453,19.20705178349356,0.0,1.8219065187278582,12.403648985254605,43.34431660401628,12.821911765090118,0.0,362.7298582733589,5168.606765478766,6766.910393935779,817.1811677861499,0.0,87.55235542317862,20.68464754189753,1.2479719687297668,0.0,0.14755362171337216,1.513965602528712,0.7883516745162686,0.807661712076886,0.0,0.6010233313839971,0.1713142958918799,0.05327790238312298,0.0,0.02643773714996089,0.045501211695856913,0.0169265836882195,0.020080769225514244,0.0,0.00072882511163673,0.004098044997889155,0.0018631080865828752,0.0,0.0007102131099221822,0.0016534378199532455,0.000952420138394698,0.002021421574000007,0.0,0.0008090190136933924,0.002333273379498064
2.7794117647058822,0.5227150156172563,0.21457698321112814,0.0,0.48176310200137284,3.036610265966357,1.8137339952899332,0.0,7.4486507742097885,20.28959075898657,14.44047885997858,8.913365476423785,0.0,35.48797171551383,384.357678173292,4479.129639277922,14281.099745171585,0.0,5849.040821664819,710.6157376179162,125.30629757431126,0.0,3.4470001365813303,0.6810994796029006,1.2814921850034975,0.23427580002059706,0.0,0.1601083348642208,0.06338879073288468,0.010020023405701827,0.0,0.018382510876782936,0.07840551442804589,0.013379492277723037,0.015161399590733416,0.0,0.04561539816588789,0.012987898195593563,0.00630777754079537,0.0,0.02258785223818554,0.007237141571822642,0.0012307934799014142,0.0010072639670443704,0.0,0.0006720978882519667,0.006920440828651923
2.7941176470588234,0.10756278789308923,0.11922733454699694,0.0,0.3358653567328412,1.723980936620757,11.51328135953137,0.0,18.77771789047384,5.576214560019762,0.9450090170295536,1.7774312746178829,0.0,3.1341129062655266,14.066995699450526,35.05113986124387,911.8761139507963,0.0,6619.001225581558,18583.044164503423,8877.978618620826,0.0,1162.4202898375956,83.51217130294401,8.003414241967524,1.5878298872807586,0.0,0.08992863951181287,0.022318682279503278,0.035539157895595336,0.0,0.00532158601503387,0.003318497206240042,0.006848764635312907,0.0017575979181761927,0.0,0.0022951556355602577,0.015454222270404466,0.011524570688185763,0.0,0.043680908790808756,0.10316230985309408,0.12518878795058536,0.05899598393044256,0.0,0.019767519081048207,0.016847719350413813
2.8088235294117645,0.13350260086951934,0.026156354386114952,0.0,0.10785212963086972,0.6172399674118378,3.240585727432274,0.0,7.50392896737457,6.054578184983582,19.716512709808214,12.587415870744225,0.0,5.269751650530669,7.214569479581507,0.43863095068832214,4.305946666019414,0.0,30.107280833063644,1145.549118264992,8518.165737541869,0.0,19494.37497866303,8734.992902441714,1490.9098487830106,238.57886711752275,0.0,33.95356968145075,7.734638654933389,1.0935284505261436,0.0,0.14275976655162023,0.013047624304283368,0.015680448969112835,0.0012323249395091317,0.0,0.0038613275280898617,0.004060621121766024,0.006881630030615473,0.0,0.004727799944257373,0.002667996000424417,0.0051413156406171345,0.02998442602931243,0.0,0.06581503670357203,0.24242482172111102
2.8235294117647056,0.18315480186015323,0.1960855572748118,0.0,0.18688400776659186,0.3111753403228368,17.921444196614928,0.0,43.203023547147794,7.864678859331817,19.05677671566687,0.623118472390767,0.0,4.1168943687099695,6.12222811833948,7.516913110169165,5.41507146003077,0.0,12.920120743812408,27.593353614169352,205.01042803863317,0.0,661.932425774005,1361.3552999915842,11843.3600519707,12320.740212821467,0.0,1559.850628171361,36.66202099217978,4.076467271129319,0.0,3.1730519497325655,0.027279412327159663,0.19596529880461985,0.15412300874072687,0.0,0.009415609398642326,0.010079149440676755,0.0015546098050794306,0.0,0.003389761510518446,0.004658401056864019,0.0019588645517022818,0.009710063833133543,0.0,0.05517255687107671,0.07032172178705548
2.8382352941176467,0.07700149082388154,0.22258056294241724,0.0,0.17154193778852977,1.238675391465745,9.760634393001801,0.0,4.111836150480811,15.719638599558987,33.122441753449564,0.5233803918123834,0.0,2.8902386607134627,6.269443433624225,18.356756968454114,24.847689515713338,0.0,13.061240394136693,8.684871550855776,11.987106577732526,0.0,11.33740131387776,36.56816489498046,316.87355257246423,5360.830479003473,0.0,10296.16144425264,4360.138778208018,596.4761091253486,0.0,45.55006001257645,4.026875540305382,0.41087428985231556,0.022943903065582763,0.0,0.08329760607566253,0.0035033988928895215,0.002701627053848662,0.0,0.00327223888954284,0.006718785122824138,0.016284096252479147,0.01730767969419938,0.0,0.002011269774150605,0.016741708234855615
2.852941176470588,0.2747427976148136,0.1574408093101045,0.0,0.06153566880582931,1.0682665872339063,4.189981552146621,0.0,4.070825077410075,14.919559476432038,25.452096234688867,8.292435416767178,0.0,3.6496026154776926,7.016721330740452,4.502653021988937,14.343541422738026,0.0,30.614487322497716,10.258562946199703,1.847942085100337,0.0,19.239390898622478,130.47282948692137,278.5514829854051,322.9208417985211,0.0,1531.57810630178,3170.89747440424,331.8970622643426,0.0,47.30559126743336,18.05113327034743,0.503291694255072,0.1272419780463292,0.0,0.017888252985116225,0.07346364262665657,0.014562379408641335,0.0,0.019110958588371366,0.01670780095378343,0.008419136128905633,0.007938988116394393,0.0,0.005209977433000137,0.001841721953725235
2.867647058823529,0.1133919600252115,0.020985288388673036,0.0,0.10011642858371983,0.17051512416474948,0.6112125485553332,0.0,1.9050365853784688,1.716385941311875,0.9666274325065265,0.4486727214661748,0.0,1.995414901303681,10.027222068175599,12.351920098951691,30.418918876528572,0.0,5.472858298702872,29.163159239493154,34.54724536033133,0.0,32.932504066126285,28.37078827988038,11.108084237878579,76.5096484445483,0.0,1369.007144779894,5757.715945929495,2455.5536723920336,0.0,51.97252501375406,10.624452962558784,2.643823484248979,1.0530108585924083,0.0,0.11562082093853784,0.0680399586326236,0.1023026713818411,0.0,0.030895796837510158,0.004033750381256038,0.005929979871914787,0.0027748359686210235,0.0,0.0044898088471114804,0.008002660889766262
2.8823529411764706,0.6286473566385261,0.4056010470757206,0.0,0.2625439547387013,0.5506971718399307,0.6888485381445237,0.0,3.1349772525624946,3.037522832956535,0.33967750564431776,0.8882997610202281,0.0,2.0922224049609626,7.152796309933281,52.251080780284525,88.50643459413843,0.0,76.60463371693973,14.479931430214547,7.915134078744046,0.0,4.266270680410702,3.093636882611428,42.22388551600933,832.1915491254765,0.0,1968.259806104566,363.24384389926377,241.4982384802109,0.0,16.450487957054598,28.37770710725935,5.015062335537429,1.0916653186224883,0.0,0.19830601795834688,0.016268397910156843,0.0057262328710246365,0.0,0.055914578615144914,0.020053446966496247,0.012198750562558456,0.01842741060776351,0.0,0.03270317592528599,0.1668118049879465
2.8970588235294117,0.1944065907865013,0.13529577534169196,0.0,0.03842165711158875,0.030977907804949113,0.49002690368516294,0.0,0.11796159742913083,2.350008094235837,1.7784931379765547,4.366070262801301,0.0,0.6133783685070678,2.2215964407037574,21.658285417911582,36.03740392653674,0.0,14.41637325057439,26.20451101512738,5.868737210339567,0.0,4.391596120228539,18.089917501606383,58.537008263193016,34.7641114205408,0.0,101.69523739835331,305.25266703709235,27.428596795002115,0.0,15.251266294009403,7.1680825539815665,3.0694326056879024,0.24047993178455734,0.0,0.03745069775015065,0.017002629601137225,0.011121185822163326,0.0,0.007348344850400878,0.01179716595281058,0.0152550283936028,0.006879073772525685,0.0,0.021596696988961953,0.02733650462234155
2.911764705882353,0.19105314798556466,0.2623908176160861,0.0,0.48828187891237174,2.2287804737529173,6.558268864348688,0.0,22.63188025879149,16.020373216151636,1.7989757115300231,1.627521016471082,0.0,8.5317443857008,12.511664554335564,12.844971698052166,56.16692213343643,0.0,7.178615394890849,48.29035558325771,39.87040026578909,0.0,5.04902708431578,2.2065069297062068,13.429896421826559,35.56912684218795,0.0,213.48705292864548,455.67125435866046,144.31511971363187,0.0,12.00410289883287,0.40246333620757585,0.48596239275759,0.09608450361679988,0.0,0.00935188043678136,0.015564134699681181,0.006219143406022636,0.0,0.0034197356772366046,0.004373500374847192,0.004787190783070256,0.010787931353149012,0.0,0.006160037124132829,0.023533558783396812
2.926470588235294,0.07944371098710387,0.022415664812643527,0.0,0.7118047510708162,5.246665389394646,2.2638421181008033,0.0,2.1020968229713395,3.4955658777382626,10.070494893118214,6.083931523757265,0.0,0.712449744636976,25.917393564099733,18.356557918383857,88.13968936265181,0.0,19.76270746421072,3.3804957774606255,1.3786205946741923,0.0,12.449717906173806,16.16994996814022,17.54537999406503,8.632764041280318,0.0,40.04947886035238,34.196233222700435,10.34024659455853,0.0,1.8389057501250061,1.9493643444307047,1.2408507454716393,0.11567156482535781,0.0,0.011600661819276107,0.00382952023466852,0.0033343371973378823,0.0,0.0011539393627182097,0.0013379446403227408,0.008405020234487876,0.009011113851426725,0.0,0.002376858794422762,0.011466770490188504
2.941176470588235,0.13778443855418576,0.1458076117808444,0.0,0.06726580254247319,1.1383938332064643,4.64672623318109,0.0,2.255908281772751,3.3260264766646586,6.3701043561669275,8.194210638658387,0.0,10.801134794267051,10.467603982963372,3.671910105279353,20.47120489217111,0.0,12.067791002308212,1.2632176778801487,7.7108455131054185,0.0,0.645474321775596,13.504245194941674,35.81522233387305,4.507073578711054,0.0,3.794570767376496,4.521696222849008,2.167137566877053,0.0,2.4929092276963947,0.32149163588767543,0.2680953801183529,0.024786510188091408,0.0,0.004778320290819054,0.005206119509612915,0.003906342211882087,0.0,0.005306330842776179,0.002918484912226699,0.004319945350185834,0.003351877937134833,0.0,0.0010072307732687863,0.007367432583700515
2.955882352941176,0.12604331411211464,0.07719428301383315,0.0,0.13025873032351856,0.674368546329204,1.00447588554289,0.0,3.856556206762109,16.29135431555926,13.686911394168025,7.7561846208076695,0.0,5.6520429629552025,4.321116780017891,3.8681428048223063,2.733030387980172,0.0,0.7800418211285975,0.8630792891374106,3.0742713087564155,0.0,20.66072080719772,27.24313494808122,7.857452408516915,1.826467349158207,0.0,7.648948117792555,6.4737162143040745,3.826719527036806,0.0,1.9051103976415882,0.15835097538597165,0.02208874029487034,0.004382926853856325,0.0,0.0004370471505391612,0.0016684037503550365,0.0012468326667814348,0.0,0.002383914986084468,0.0035287958805674427,0.0026366915017199686,0.00490664994257733,0.0,0.010892144907454637,0.00594033326339914
2.9705882352941178,0.10538491231685634,0.05046569761881963,0.0,0.0167728101073857,0.1744885418230058,0.8194061973630092,0.0,1.745963246591017,1.660715047014731,2.8820577230735838,2.7885062313940923,0.0,0.9447014605091368,2.467245671320958,3.1737017965890697,9.385339260687982,0.0,5.615067660931343,1.232713817654929,1.031469869083092,0.0,2.3225253444750247,1.906686537766605,3.4512678436163586,10.58000760935196,0.0,7.63215448116549,0.34520717704884063,0.1879910438857294,0.0,0.2425222011329844,0.0695415674441121,0.02273002738285497,0.0036632047106979846,0.0,0.0010608207857203465,0.002225674524305716,0.0018133114760650712,0.0,0.003123504916150082,0.0023891844208074903,0.0005715302005940186,0.002676091180173768,0.0,0.0009366434227009262,0.00369373122682901
2.985294117647059,0.05270475647480288,0.05076895151077635,0.0,0.0923501356104745,0.43870472420537565,0.6654952221595973,0.0,0.31435087791439154,1.4744644655963106,0.9833817505442828,1.9203318982488784,0.0,7.1623744268541545,5.425121671534608,0.40792506235016,8.609856978097996,0.0,5.512100635560156,1.310687518850202,0.719267536515628,0.0,0.5265594078584239,1.33554280932805,0.5199855128255737,0.1919222047509305,0.0,1.091301671915954,1.3910864080129364,0.5769574641692787,0.0,0.061007614634280456,0.004533666656036831,0.0029458442598964273,0.0028800966226694667,0.0,0.002615776756481931,0.005592700897852339,0.007946834522928112,0.0,0.0024414294168479404,0.001822380103681111,0.0026967227571714444,0.002343603674904003,0.0,0.0010188785064707726,0.001407534808133395
3.0,0.1700478648052414,0.019667163484604813,0.0,0.009677256506952725,0.04896247292298127,0.2720204323980459,0.0,0.6340824002615809,0.10671781966484363,3.6807803747940557,11.721939326058205,0.0,20.775734271521664,6.318238459501318,1.7060968750600507,2.6341672597315955,0.0,3.697783500089731,5.83304799464662,0.7404242130627834,0.0,0.3768872790377893,0.334876897386723,0.4683755537531553,0.23914451810599968,0.0,0.37687490481152147,0.40668789048170395,0.15331772698838508,0.0,0.017118420115649173,0.0029095983643700357,0.0022517390009188813,0.0017709186628577457,0.0,0.0024328655699464193,0.0028266028871864433,0.0021429879852803016,0.0,0.00037819021645564847,0.0009703937113704113,0.0013203746076575777,0.000988483537089416,0.0,0.0016594629490215306,0.0035500786277520603
3.014705882352941,0.04509452618759473,0.03306550268525818,0.0,0.0760130785984906,0.4610926613674275,0.8447859546915122,0.0,0.9278010494406121,0.4965600380237367,6.728951545056124,28.324424845077285,0.0,48.682612385737514,11.46190349548567,0.4870921623810233,3.184719408981686,0.0,2.302294310589523,2.1873761442033226,3.025298845715004,0.0,1.2842266512707319,0.21240227370979828,0.062008817451994894,0.045231060172860146,0.0,0.09942897917139171,0.07719723517495272,0.013655698065944785,0.0,0.00269011476557216,0.0011745837194983347,0.002615189571118993,0.001251386252711888,0.0,0.0008194423262891339,0.0016218628682443058,0.0016118782196291102,0.0,0.0026061501083069274,0.0016874471631667365,0.0015978330290420486,0.0015092922807153084,0.0,0.0006326145970550956,0.0027950078279896894
3.0294117647058822,0.07881631050002424,0.029898955569724852,0.0,0.2073137333157833,0.6477618051647682,0.08362126881424212,0.0,0.8560786484757144,5.036964610920462,3.3196233810998774,1.0798942337384485,0.0,31.60023953937455,41.24754431697265,2.0563425000121254,5.235044991308561,0.0,5.435970241929911,0.4612358383527472,0.07386824121762509,0.0,0.04888855130476168,0.03515955479875611,0.004353408621042025,0.0029411853433640948,0.0,0.0030853689598457743,0.007620702900227085,0.007423606863135768,0.0,0.00359960309638405,0.0015188729147606222,0.002798663191329401,0.0025179436367051486,0.0,0.0009708443839454087,0.0031371607663991494,0.003799427602723753,0.0,0.002065532058193374,0.0016608540513296777,0.0015929002067105323,0.0017947264579157318,0.0,0.0017847132863083788,0.005898252756603675
3.0441176470588234,0.057283801120049604,0.022102169133268703,0.0,0.14390486269426445,0.5998880113538739,0.44121065809270676,0.0,1.167398284451143,2.4389919699193214,0.49428244816152006,2.9647645070441,0.0,109.87938336745198,444.61802526934264,209.78289205881828,14.624743563595093,0.0,1.4798583763380404,1.3816280488605877,0.6224265890662962,0.0,0.07564348732468648,0.021124906611629062,0.011498099566336158,0.005989724850287099,0.0,0.0037757073881857046,0.0015291693784637154,0.001337568560084297,0.0,0.0015317775977203981,0.004552643778199969,0.005988674375259125,0.0015085721565090268,0.0,0.0008787905481880711,0.0012799473865804187,0.0015561675837060182,0.0,0.002403563139418565,0.0006285019234723693,0.0012990007274924684,0.0010797666131321564,0.0,0.00024539120033427475,0.004041218265578803
3.0588235294117645,0.09767650540705174,0.017787953527965687,0.0,0.07112819817039434,0.28073369852151453,0.7845906676622557,0.0,0.9639806643462537,0.13312753749479672,1.2928991949201958,3.094204790524259,0.0,41.79946751718087,758.9099994052708,438.19595545723945,82.62304614164832,0.0,95.72199636535558,8.75025688867894,1.1790736673086317,0.0,0.47674913688586074,0.02339337001166075,0.010898642514896851,0.021092542211492336,0.0,0.004101223914500852,0.0012794546516784904,0.0023381095664412,0.0,0.0013571994261342977,0.008724813398094384,0.017636743501412804,0.015027282950762427,0.0,0.0034861928783528093,0.003566906748765192,0.001684320728613733,0.0,0.0026194107905952915,0.002994279966402804,0.00056016159235597,0.0015170465420834937,0.0,0.005527860501410078,0.005598653681496393
3.0735294117647056,0.14034753253965673,0.08840265474547948,0.0,0.1679179776786989,0.2040926788402482,0.14233448799962486,0.0,0.2179384067604948,1.041429956827052,1.196015276053497,2.1080454951021568,0.0,82.07066855230838,1161.4782911072439,726.7567128722268,54.03470721131801,0.0,887.2551998893791,1119.8982217331545,156.95255851704238,0.0,6.277062750383729,2.4582359131792284,0.7562504880794736,0.08093366216366771,0.0,0.020255258152999167,0.0014411386720044376,0.0023756094001006166,0.0,0.007332823916433813,0.007152249735456871,0.005951459832957263,0.0074004690838385435,0.0,0.008937074118934385,0.006465946841834302,0.008193788627483697,0.0,0.01316711243989415,0.025264913597307606,0.009608178699656272,0.002674999808088791,0.0,0.002890969575029637,0.004735839467761739
3.0882352941176467,0.08443722231413153,0.1910401719127278,0.0,0.18965076257773766,0.285617750362017,1.1455495449664714,0.0,0.986127916934395,0.24841376509534127,0.7426970096354426,12.48946619406101,0.0,185.06314446848828,317.1101733072871,282.52081719541513,319.15232253453024,0.0,171.24665193409845,2295.988908969168,7189.573215663173,0.0,2960.875728232324,382.3586043142527,76.07704495704473,10.162928961952929,0.0,3.60276222872461,0.1806014288498436,0.07438179427833541,0.0,0.01178209729133936,0.02040977934932257,0.0002758439445489505,0.006104130989744046,0.0,0.00174692709960213,0.0017869772704957108,0.0016408451079826373,0.0,0.0029267529753281485,0.010377015349120952,0.03238722026028773,0.04515631279814081,0.0,0.05101418924474021,0.018378438987317867
3.102941176470588,0.2283569075472385,0.051844431475350526,0.0,0.023686967817736448,0.057795627072739636,0.08397395885695116,0.0,0.8817350668240194,1.610461675457343,1.1831894666443301,10.087394790678584,0.0,6.357484805087438,14.019627165201575,71.43641429063771,162.70027360888724,0.0,89.63638518167099,223.21059900110913,1063.205597462689,0.0,4030.083977678687,13905.385141563744,7446.892256555277,561.8811614129938,0.0,13.540200559671074,7.915302563503952,2.9394406337502392,0.0,0.23888195279839608,0.17729391084300278,0.029533087993434196,0.02211917107795385,0.0,0.003433864414520301,0.0015454437679336694,0.0026652834436833132,0.0,0.004541865134350263,0.003390614865609557,0.0036147212872744243,0.0011871506158775118,0.0,0.007381669279759213,0.0365142230444121
3.11764705882353,0.11518606883665994,0.033245810132033454,0.0,0.03073954628344489,0.06833908797764754,0.4533656721035064,0.0,0.6915022446691472,0.269726835341647,1.6724579078227566,4.144884745205062,0.0,3.608670833449241,3.1814495514488677,0.8696989378486418,41.99850699658202,0.0,53.88127738820103,18.616550484744018,143.2080936156201,0.0,38.2470007153498,1339.2932968941425,6179.108619052268,12124.668490792617,0.0,5470.9184510292625,706.7575888905187,67.36063994669283,0.0,18.146971635040693,0.22699970848371703,0.020242472531114445,0.011307761265441862,0.0,0.005500164728407121,0.004553286064703346,0.0012837608638045373,0.0,0.0013610011919765767,0.003017791852231549,0.0012224223223468004,0.0029771849681908963,0.0,0.0028062030789838223,0.0023440836973944333
3.132352941176471,0.04856699034007731,0.04250971108641263,0.0,0.03735856975604521,0.14926918669505707,0.6844130348959132,0.0,0.41785239393918183,0.1498081076906853,0.8758783379776229,2.2264559739742036,0.0,3.2476206172092024,10.891356954722138,11.272576317273321,14.286528660252344,0.0,52.028495354852595,27.36354256613202,63.273044774660605,0.0,25.957766246498778,18.071665245382068,33.52407484643386,1119.5949499348014,0.0,3851.422368123178,568.0138329043657,119.58103932290115,0.0,78.79206074457453,3.5412465779013056,0.2223395798094334,0.05427576751311877,0.0,0.0018558256365610892,0.002494733125495723,0.003972636343321248,0.0,0.005072411154560734,0.015366810308702766,0.0031632561540778127,0.001488479361202021,0.0,0.0019633628399398292,0.01978634346089612
3.147058823529412,0.059665285623189505,0.023584581042862814,0.0,0.028387076701272336,0.09757181469965814,0.8004396529986144,0.0,0.31230053298802596,2.537020007359219,2.413496212510192,0.948390012645449,0.0,0.2169210085968878,2.1665796397319634,34.108837657954226,34.750082128588325,0.0,1.5820952478647552,45.49149618555178,69.42426590877969,0.0,49.18842382727314,43.69476452387589,23.340234233328452,148.44888154720468,0.0,2257.604237583925,3962.9985077941506,1010.6615407649415,0.0,44.257510228255946,5.619265267358016,1.3430665954054068,0.9958901530158786,0.0,0.005811959326346041,0.02335955331674177,0.0026438457925059416,0.0,0.0025333425668577635,0.011309535389002997,0.008719403402294464,0.00428046483027275,0.0,0.008009550265637853,0.004025910837016526
3.1617647058823533,0.09121281614611028,0.05455123710346854,0.0,0.07353287935283698,0.036248330834906375,0.3667253491846143,0.0,1.8976981890851792,3.5837365381737847,1.3272795038752379,0.22367672831790195,0.0,5.628009591455234,19.788368574473154,3.1930187615182346,9.521528097522014,0.0,6.947302818404224,12.443977759241122,18.555885716133222,0.0,19.331106100730935,1.929012954330651,3.6309729928582772,19.215479427159543,0.0,572.5142182578562,1007.1818499605508,272.552286320182,0.0,160.0800318859449,50.2859722594768,9.134286066859817,7.421299577828835,0.0,1.7313525609326417,0.10035710628941036,0.01389307211382513,0.0,0.008879762229832222,0.0024518151406238728,0.0009652145571707604,0.0028476185373082713,0.0,0.01887316412642902,0.07295359775401704
3.1764705882352944,0.32504876418266626,0.193674980544081,0.0,0.01910388178379925,0.42263492808107594,1.6989338665050988,0.0,1.5643852923028494,0.23399826482328578,0.42737761256180656,0.42387709657096667,0.0,2.0176583222196314,9.162759389005,6.606322258408719,1.2880432120512726,0.0,0.6819538537183205,24.715000777603905,30.857161463201365,0.0,3.227269521322161,10.187710999692422,11.538648032054127,22.199168726123368,0.0,46.59474981893254,108.40743584136064,43.92427619568132,0.0,0.7357901209708226,12.578619637754297,1.8620280207503654,1.1851264091056777,0.0,0.1311801066996489,0.009136120135793848,0.020108144533509842,0.0,0.01005353970555343,0.0034963909509237337,0.0028818308236071596,0.008496573859987611,0.0,0.015500620076375204,0.025748848651603082
3.1911764705882355,0.12655697118796563,0.09055788272533878,0.0,0.07999264627942183,0.3483967825933015,0.4897379185146209,0.0,3.147186515611927,3.7245352570548462,2.3946395171092836,0.5107084576716319,0.0,1.1326008672323549,3.1633870422875017,2.345599468710388,2.3939477253242316,0.0,2.6007946827454025,3.447081999817327,22.396174290997873,0.0,12.993468487579667,3.5472944001881475,6.3882130031330435,7.511261808872507,0.0,21.667069902323156,51.370095397167724,11.717233759401887,0.0,66.07491815909654,32.91401526032766,3.2067645022034164,0.8151827721754423,0.0,0.3707123356149642,0.0048174854533226666,0.0023677345295157865,0.0,0.003015705763293538,0.0022039058432989107,0.0005710663340786009,0.010236417062229735,0.0,0.0077136331078783245,0.009417583468528154
3.2058823529411766,0.07567036650051473,0.014535256614294785,0.0,0.12467845664906817,0.16263484373996656,0.12588574562538324,0.0,1.4865157645469689,4.6026404551050994,1.4246154877193096,4.9169805246191345,0.0,2.807638554110669,3.731802246147816,6.235837709223569,5.582318899194387,0.0,2.9536522549881927,0.8447818057633665,4.40208041130117,0.0,15.653085051811559,3.769633267592075,1.618837907750872,2.676161240588221,0.0,17.94685667142023,46.94836359443848,5.8126220106063275,0.0,22.161975614703795,44.99132119717749,29.28769047693841,13.638707070783415,0.0,1.4317035145853598,0.04711825222746489,0.00918281106828687,0.0,0.0009300223763521568,0.0029431284878614957,0.0017869703135947317,0.001932359256838444,0.0,0.008937301970915319,0.012300676532467756
3.2205882352941178,0.1127698839201223,0.046766185864578425,0.0,0.3923772933731608,0.9353930873893809,1.7599278118135846,0.0,8.065203598608946,10.074764276086222,0.6857531712167632,21.013587290764733,0.0,25.465414322226216,10.793182223340736,5.877053291036145,1.4370661247060388,0.0,0.7329552995247692,0.23975147038474276,0.40802238150194886,0.0,2.198862426651816,8.093942811988116,8.564535275407401,26.46294259319585,0.0,26.995348319407643,35.36869976230359,67.10631741124227,0.0,58.67326613788982,17.94740152433485,11.64779193093915,2.9187648258537444,0.0,0.08330530807622963,0.01506226124562474,0.009218802853616212,0.0,0.002796385716387453,0.0022468758529413813,0.0010135147349871177,0.0023590025461427116,0.0,0.002397414967050648,0.006201837022718971
3.235294117647059,0.07632306829435757,0.08389377042137824,0.0,0.24632287673132325,1.1930803448479117,7.595654378067184,0.0,13.798814427487711,1.7237621395882723,3.6059911245787006,2.650277772374256,0.0,14.122406149909425,6.106513125814069,0.1902760988294232,1.3665174470659065,0.0,0.21254422487758315,0.3984896662316773,1.051684553542723,0.0,3.0442043200562594,6.324701147574702,4.385074949261368,12.314860440970477,0.0,13.297818414747969,4.618358317314632,25.553587756960134,0.0,52.09233448896243,8.995444218316404,0.04241369587757164,0.027511899430811074,0.0,0.00600965431337218,0.0020895142839842365,0.002288774449678376,0.0,0.0024384621484008894,0.002157495959252365,0.002889333831755883,0.0024880076821084058,0.0,0.005606171921428165,0.002585081652016441
3.25,0.09807666646157147,0.02804603543952282,0.0,0.15790529165205203,0.5992799408501122,0.09037210707422277,0.0,1.2451059967135345,0.12395111857279087,3.6419987328922434,6.308594060789473,0.0,31.513609826896953,26.101858642284938,2.341275620402392,0.4196484414033448,0.0,0.8698530733947869,0.24507384288716136,0.7632589335050848,0.0,4.8629815168504855,13.422068498570054,6.755168592696204,8.344850043393034,0.0,6.899879989452053,3.3026913193416325,7.526506498925842,0.0,7.321599988432428,2.0081142503781355,0.1789575914908323,0.0025564356745654453,0.0,0.003352198264208927,0.002485037897882773,0.0014059920401525725,0.0,0.0008039595966074689,0.0008117342617175367,0.002973117027542374,0.0012946588957075892,0.0,0.0021340536326387863,0.01623896335599379
3.264705882352941,0.18941029460499534,0.1482616951544397,0.0,0.494016680043288,1.5414281236547143,0.22505149156429827,0.0,0.39830549311198105,2.4406865529465467,1.103377328595863,1.9440794410016826,0.0,14.127905438236013,8.596710712268655,2.4946288003541195,1.3306790193999831,0.0,0.3317539689101759,0.21948291028617134,1.5471930174340078,0.0,1.9342738188793187,0.22532749467922691,0.8598966701875579,0.9943855267198741,0.0,0.14571472396750035,0.07970060702557177,0.06418758879965658,0.0,0.06773259590702234,0.01752523715809732,0.010761785211760928,0.00254506970939268,0.0,0.0029283497028489503,0.0012442251063133456,0.0016390570544185794,0.0,0.000985200835471111,0.0016537871208771489,0.001960144811610376,0.00202330459754845,0.0,0.0010105312572309592,0.007085745600508457
3.2794117647058822,0.20842860326065202,0.05167558366482883,0.0,0.018798436028893552,0.6639060463088504,2.478415170102907,0.0,5.3854285617226,4.142651446694924,0.2936757844813578,3.664173275721932,0.0,17.593814084855413,13.40255584170483,1.3750689307790813,2.2496653213217117,0.0,4.262591339435959,1.717244977128924,0.3341040499074066,0.0,0.3453592582081398,0.4147589014043319,1.0525540281504782,1.0406551037514644,0.0,0.30167241788450905,0.13633095520238628,0.0530988626833816,0.0,0.006942722349105151,0.0034824694712871597,0.004757489955048327,0.0021067254991864264,0.0,0.0017625679257807106,0.0009826206751454584,0.0014129064823284378,0.0,0.0010016797199650898,0.0010812179998234332,0.0015142947350515784,0.0008961151353282416,0.0,0.0029661919771746836,0.006725852290594131
3.294117647058824,0.08047106152319873,0.00457335720824586,0.0,0.04682717033546729,0.010807272327523555,0.24806065206401803,0.0,0.1251469105166842,0.6485758948877971,0.24073795103593784,3.748877837215141,0.0,34.95918454349561,20.317704421473827,0.27220137876853967,1.180126629352844,0.0,0.4912322788261404,0.5777441272091198,0.14197932445218248,0.0,0.13317397182165852,0.30534046054486064,0.18555293526837924,0.060800415680580484,0.0,0.04229792968240185,0.007822861881414393,0.010410455798186464,0.0,0.008375426906567502,0.0017409830543461298,0.001434575233651448,0.000854148852437673,0.0,0.002744128408823814,0.0029077954904287227,0.002827393851594563,0.0,0.0036119502444996805,0.0034623805061151907,0.0024218560891484265,0.0027389918943074437,0.0,0.003876065545986933,0.003949719137855237
3.308823529411765,0.07659689539731365,0.048454845568326285,0.0,0.04057902647916334,0.22640072935850275,1.2015902145355755,0.0,0.3386519186335354,0.6738818776544402,0.3325588510727901,9.647079487712372,0.0,156.2388618000253,149.08393431687077,7.058888491739705,0.5233055228165437,0.0,0.35939313137149276,0.2236506724765454,0.11904888082522042,0.0,0.027597836018877463,0.13612731523731003,0.1832277521654585,0.03385652475615029,0.0,0.004829281099197243,0.014895497335489597,0.004926828035742766,0.0,0.0033294297044444915,0.002245002162333743,0.001846465522404921,0.0022776965273503804,0.0,0.000786682721758857,0.002996683817771781,0.0035251535681450736,0.0,0.0017478630801411128,0.0020752340826405554,0.0010592232371250828,0.001467460024521612,0.0,0.0029260324146222613,0.005149504404250995
3.323529411764706,0.11769802253983652,0.03471507990628845,0.0,0.07233606792452651,0.27527805985183906,0.5951540736667753,0.0,0.12523628064063955,2.015825536568136,3.7547811371677255,11.023584072709458,0.0,150.13868921003876,338.12597102291386,56.99417405155235,3.014560996854937,0.0,0.4241967831875028,0.3648714515946436,0.08908338857165138,0.0,0.21522435888703512,0.17089775011720437,0.12385939854761215,0.059572539898729154,0.0,0.02446766502991539,0.00790466992909318,0.0014600695734616948,0.0,0.007701282019299411,0.001801032021625166,0.0023449936800530153,0.003122699628363249,0.0,0.001665519184653851,0.0007001290082752933,0.0018769941533311025,0.0,0.0038137489322354265,0.0007585281295215873,0.0012619047274855342,0.0007636970519429218,0.0,0.002015664310308739,0.0016680500438940346
3.338235294117647,0.09725496651714391,0.023254917744392804,0.0,0.049795126171803275,0.1997068085555575,0.44282007671769014,0.0,0.3834576597775523,0.02957958990782824,0.3678733740064474,3.0656921504960115,0.0,1.0762621410164153,44.19702323936999,182.58554338837388,56.233637946340174,0.0,0.5647486984764241,0.045169317773782566,0.9413754333705147,0.0,2.630105918265053,1.0895402583900087,0.19782369976265096,0.306752592819768,0.0,0.08954025273778662,0.02505467799784685,0.016716393884323506,0.0,0.0024793122645597244,0.0028428237518831117,0.001129667786751319,0.002989352861653211,0.0,0.0020774043006002224,0.0020247854453504894,0.00044974318985067794,0.0,0.0018696236267117827,0.0011839192397226773,0.0013919869003551507,0.0018610635112795483,0.0,0.0005730135961409303,0.0023623033735143736
3.3529411764705883,0.050290803230404496,0.08314667228558638,0.0,0.11911303224153127,0.05680146897282293,0.011053926861535453,0.0,0.034345922063865574,0.11536188558392442,0.24548019023613626,1.3716535149819595,0.0,0.6965446160825163,1.543152251624373,21.09120085408432,80.65761408923994,0.0,71.51222913281434,13.467252785407728,0.4493720573652516,0.0,0.7868289929963199,0.12943958609270467,0.033998767639145916,0.09074733056906914,0.0,0.04214452913538549,0.004396026473862198,0.0024521144955021758,0.0,0.0033132534178738657,0.00398339350679687,0.0028421807569816732,0.0016103165536725714,0.0,0.001981188991628935,0.002820801081335907,0.0028455377237062555,0.0,0.0027218270401456954,0.003362617836673617,0.0035049527175297942,0.0019922631710563776,0.0,0.0011980958875813085,0.0019969374552431143
3.3676470588235294,0.07134192214117865,0.03721450625406393,0.0,0.011640909156082239,0.04689484540266067,0.0537874154053954,0.0,0.1266259201409985,0.26790520560125863,0.290504564008659,0.043315655687008306,0.0,0.06253885002531527,0.1951367411051474,0.07518627996277252,0.1421569632307808,0.0,1.7197025042447454,62.40378745720121,146.46148611782925,0.0,52.07392077892663,7.310804870075204,1.479325028129323,0.17857478015168615,0.0,0.05862277369858334,0.013797222058677925,0.003181390368366179,0.0,0.006769995987911889,0.0034274664488033093,0.0026888573863267373,0.0015989599746054563,0.0,0.001262666741465861,0.0020748584262607326,0.0023118857192241386,0.0,0.005521369582149861,0.006899800593923517,0.0033695046630656104,0.0011781919331891337,0.0,0.001585281957120347,0.00805086188619015
3.3823529411764706,0.049498642676360366,0.052467028000063184,0.0,0.01845482717779582,0.009613767285254945,0.026767685157740195,0.0,0.3406587104347326,0.4496710017287473,0.1481955178419591,0.06319632631487983,0.0,0.13574584360138356,0.1705373082000055,0.03083533211478854,0.13239343595368194,0.0,1.0991563266531448,1.621053855970628,53.163092921443436,0.0,509.11220858938157,1200.5361314632341,556.1506276382868,86.68383472576468,0.0,6.719356787286651,0.7735374626666265,0.06602692575201388,0.0,0.017503778138266098,0.013482703023422813,0.005582017982634976,0.0007626375329083301,0.0,0.0009240281746194408,0.0019683584668093576,0.0010294076250958848,0.0,0.00023567836277398546,0.0006846985349257985,0.0014056716149688136,0.0015210638927067633,0.0,0.0018972745631227607,0.012982535600244736
3.3970588235294117,0.06864822683943315,0.02190071175904034,0.0,0.014732277925056884,0.02032604957173846,0.05914186007940169,0.0,0.13668528020807438,0.06529992479045563,0.13321571225529888,0.24228673529392525,0.0,0.08938640983956321,0.03354505756752549,0.03394851420709973,0.2356561601134324,0.0,0.1923792878040326,0.40000518758367665,0.6182208314991208,0.0,8.02447432096906,181.20991186727224,1766.7380601325704,3481.809530014477,0.0,1130.67109620674,148.14134295556306,10.417236760246091,0.0,0.5604008151796895,0.08449866529927819,0.031320318343212014,0.007637817379089766,0.0,0.005176991251319733,0.005508385037225906,0.0021169781433003857,0.0,0.0004981268720908506,0.00038173365014418674,0.0004252471784443844,0.00043081334808195535,0.0,0.003071445400743197,0.008730954371497571
3.411764705882353,0.17455885732649123,0.013156705604440697,0.0,0.004855336895000035,0.013370417738041231,0.018328031576307156,0.0,0.04097637854050992,0.08193460630863594,0.014549275619406372,0.1062654170353991,0.0,0.07836426719066758,0.04383654937183082,0.3176453657838411,0.23083744951437998,0.0,0.05114175651801433,0.1476525048443324,0.268662476871141,0.0,1.2321072469135017,5.685164149077905,5.875790665825468,385.49012004419933,0.0,4447.340810243722,5770.60265804584,1096.6632211955528,0.0,85.02531973810305,0.9322945669758298,1.0689055687718225,0.21340280577697004,0.0,0.03355381102631375,0.016224254181782423,0.003599116044887298,0.0,0.005511436186926637,0.0018049288686252365,0.002704171575293774,0.004351679350564888,0.0,0.00205879701930694,0.005459384709183664
3.426470588235294,0.3165232013558061,0.15782015570830107,0.0,0.028070867309312065,0.011512815460377041,0.02289830604024976,0.0,0.3443352635240184,0.4640514598332113,0.04683607416462031,0.012086979223157952,0.0,0.10262127427244627,0.4035005451022455,0.037919406843654066,0.10929179966969957,0.0,0.033336073521438477,0.054142604856719304,0.17399233199807626,0.0,0.9302463019354266,1.0697204646596017,15.213402285212814,101.88366902277676,0.0,129.6235477681401,1733.701892356015,6214.587618109721,0.0,3062.2333895421625,261.4264679848284,5.2044485924670765,0.9059918076147514,0.0,0.09191801202680322,0.013199297665153736,0.005748280383529538,0.0,0.0037569846168617428,0.0019101335145345713,0.0029225707624286816,0.0020542843924932232,0.0,0.001277722767808995,0.008794681449378838
3.441176470588235,0.15896605602572209,0.06028594026737869,0.0,0.0626498072988933,0.20827677181920168,2.631987974071498,0.0,5.474004688975943,0.8589022914091229,0.5698929656271717,0.08609442144248149,0.0,0.15998794042493394,0.259151582325851,0.09301961655274381,0.006999479955523533,0.0,0.01958941426314383,0.11620263481962462,0.7901078534713388,0.0,5.173598611981252,14.668741145336027,8.951334349034875,46.06977813141843,0.0,293.17027841860704,221.07351738608412,516.2957312972044,0.0,2468.352955404673,1591.6286111744535,142.9036987764004,6.0669307388412985,0.0,1.0049544154476955,0.011792800696318367,0.012463467976431691,0.0,0.004770544627512845,0.0061650930158710995,0.0028804913722756823,0.0004738967409627209,0.0,0.0018848297517109884,0.006738921055465418
3.455882352941176,0.22995021675088767,0.07399386694480978,0.0,0.018440885542341866,0.06369450753478477,2.414600544609403,0.0,12.051094692167908,5.773868278564459,0.2666980147003491,0.3014348508871104,0.0,0.2637745358059917,0.3920084281938644,0.08530296840309697,0.07678916385459186,0.0,0.15646699927533764,0.025608831890873283,0.5338407898564848,0.0,2.372839276502411,9.058966382006908,15.963424555212228,70.91399679698897,0.0,406.18868062323986,546.3388947536477,101.43755894002554,0.0,344.2510376986371,935.3962261715385,217.44402581503948,2.8534287554628874,0.0,0.4076673704328103,0.059577146422681776,0.010668076311644618,0.0,0.0010690887354542903,0.0010525365301985808,0.003122120155704232,0.0033529299464890084,0.0,0.002301939129864358,0.001744535275821339
3.4705882352941173,0.12936723015334117,0.07268986554633107,0.0,0.09666891203008222,0.20006321882109557,3.533718989517769,0.0,4.506516155491521,4.0023188339522875,10.077297110852674,8.80883464155424,0.0,0.8255091264658373,0.2962932920891598,0.3151545595764821,1.1101615108693712,0.0,0.4400325782838189,0.24997899365505927,0.5138567868832274,0.0,0.2582194870078612,2.658897815384382,17.110244770672573,63.47479750410423,0.0,6.8853874643214885,74.51565903113344,56.11788457660235,0.0,35.72339163443307,64.50987963795228,42.292769102464916,3.5570725617858865,0.0,0.7014102429428022,0.04242713355970928,0.0061718737993263885,0.0,0.007749609890844674,0.004442441538000608,0.0032191761712868786,0.0025335421770549173,0.0,0.0006228609698949974,0.0042322464239717625
3.485294117647059,0.0901067335832152,0.004233088220835506,0.0,0.12755972897774626,1.3469504750429573,0.08027857137560288,0.0,8.992874700007459,12.908438704704505,19.71039538129527,14.729355033555684,0.0,0.6730804328851335,2.919884355995646,1.2908197771586827,5.166134728520559,0.0,6.1118857899807395,4.115592717722919,2.6835294883999,0.0,4.066291744570584,30.83763566094485,91.82863729710624,29.054322774100683,0.0,11.046458111673385,3.474222978350213,13.601509852829054,0.0,8.854861306104347,7.524776050310187,5.514084250252449,2.9058772915784115,0.0,0.23278401278060698,0.05265331316707301,0.0060115786954140615,0.0,0.006086901702409892,0.008146889622657388,0.002515011025940761,0.001968910395031624,0.0,0.00356750583529642,0.012950115731404348
3.5,0.01554916628279031,0.017625125018689215,0.0,0.107836131041741,0.7843358821360242,5.788612581354817,0.0,16.12440614136136,19.60148387502239,30.585291046241466,0.038509326770373796,0.0,2.4790679784689518,1.5015241635105796,1.4231471910683564,0.5820019230113636,0.0,0.055640342462257714,0.7996967982218908,4.306145350201016,0.0,12.972434129130889,16.823605640809042,6.6362312190074855,0.24028784148464624,0.0,0.4422761168987661,20.775226955952775,34.33738923359177,0.0,22.081221976656572,13.09327642939586,10.533534805091442,2.80925884564305,0.0,0.08564875489548324,0.008989957431963971,0.002896596068904826,0.0,0.005298019398548941,0.0016963512545910518,0.00107537474696852,0.0022360953821845605,0.0,0.002764116301256214,0.001366164777239364
3.514705882352941,0.006399981776145935,0.021518357569011413,0.0,0.061485071557544846,0.3963689552903674,1.4098936720331117,0.0,2.8940072745610057,3.176282596793051,18.7202215783769,11.81985350160539,0.0,1.7397644163551478,2.583064071855919,0.4182640046735042,0.12260469719704016,0.0,0.39884813157087773,1.7527979755926335,6.904516679364566,0.0,1.7287784765078804,0.6288862400421505,1.1573130526018518,7.41625582805414,0.0,15.369721207029642,3.9708097945728587,6.6438061759146425,0.0,5.837183118329634,1.3247042393518984,0.08875336428574057,0.03751059361178366,0.0,0.00601951725683714,0.002152926001786191,0.005508010931491873,0.0,0.0029599971448292005,0.0032366162193110753,0.0025772975403180374,0.0010685009063870201,0.0,0.0025257668060519193,0.00449897347002738
3.5294117647058822,0.0126568751180298,0.014504990522338158,0.0,0.045033778556355306,0.7545746466558936,1.1003491011666335,0.0,0.36452221307397137,2.0469047779639555,8.183059724865952,2.999597561449672,0.0,0.13418163949542625,0.19326101166322718,0.17487950672403818,0.16522011999050112,0.0,0.1493396107936129,2.833715521187436,5.1793011190146565,0.0,1.9634434367251354,1.9929449872593339,1.8830550288975334,0.9183022327103078,0.0,16.831361309471667,48.104213667113555,18.882057465480386,0.0,0.4278376077142887,0.1432673025295845,0.060130813544919726,0.01890645597411784,0.0,0.0010784911745962797,0.0010241999675393704,0.0004586761489618115,0.0,0.0015512846047031808,0.0019197893379506261,0.0021925653015378915,0.0009084085208138693,0.0,0.002195689126075008,0.0008526710858639346
3.5441176470588234,0.03091927100322857,0.024778998492568177,0.0,0.0836244279907989,1.1398880822244766,6.307932430676265,0.0,4.796808864243904,1.7799003743656239,0.8575468832205446,0.6012507997348109,0.0,1.1534579399642828,0.51828960614584,0.1936227120368368,0.0797379178609498,0.0,0.14691703591571798,0.15687385885484584,1.5186597283271253,0.0,1.197299711534931,0.097548758269289,0.9017389267668825,1.111874097630262,0.0,2.580570461697156,10.699954451054081,11.696809627147204,0.0,1.540617700826806,0.23964384394716742,0.008826730126020798,0.001534481286802707,0.0,0.0005607252461656126,0.0007146786037481934,0.0006045629889271309,0.0,0.0011534592151596279,0.0014583032004944008,0.001015054606156915,0.003907625280625423,0.0,0.0033987232855403403,0.017640125488543112
3.5588235294117645,0.03100369774808165,0.030450741099200054,0.0,0.04148253975638269,0.8489597570600704,2.789551468446702,0.0,1.3240682402608757,0.21609168442612245,0.42942586524633963,0.8211872021739814,0.0,0.6623312653731036,0.5351688295641865,0.10509724213947555,0.1673965471144327,0.0,0.12981860768483225,0.09346882646683209,0.02879886877544083,0.0,0.17648214162536874,0.5855635230933904,0.6269279626885447,0.4592983607027564,0.0,0.2146285468870435,0.07012531589691426,0.7869917779606077,0.0,1.498477786697987,0.2190170710654019,0.00019645154650455612,0.0013939891145417977,0.0,0.0016709913654277442,0.0023278546179094552,0.0009134089206546544,0.0,0.0017914740908154874,0.0012081818767197593,0.002676093378184933,0.0017566073088516676,0.0,0.0008907821467339343,0.010258247697956493
3.5735294117647056,0.07077737496769518,0.02669704822738661,0.0,0.012948319674904202,0.22144718183255285,0.748629585741721,0.0,0.10298639697592571,0.12822362087911762,0.48474750188803284,0.4811314449532922,0.0,0.2968833440359864,0.14228458429806712,0.43605579399374494,0.25670401063006176,0.0,0.003264217159175116,0.41160927768194466,0.7464677382946674,0.0,0.3392506746781019,0.1546593097507972,0.36244729062742315,0.11884868587377628,0.0,0.00604427676452171,0.03819701972698927,0.02765378669492053,0.0,0.03658492652846925,0.016281165650134585,0.0030687766833319965,0.0014128758988982994,0.0,0.0010708214028616939,0.0005595018647855241,0.00047072942694518247,0.0,0.0014488929392307034,0.003657680397216946,0.0038541859226810726,0.0008237749635128157,0.0,0.0010964389670530274,0.007661028198284459
3.5882352941176467,0.0485194977930994,0.03866004754054407,0.0,0.02188695548013124,0.061180412271979706,0.09694209772975967,0.0,0.06634712925743393,0.03465213203492644,0.04353545589292521,0.03474917138500404,0.0,0.05805451247470969,0.029592403782343568,0.06954719288203984,0.054439265360493226,0.0,0.03819158555033404,0.1660089109057186,0.04319009859716638,0.0,0.08822336016829954,0.07170517159810502,0.025083491440780717,0.017362921648066777,0.0,0.01795030302907298,0.0015431098264474617,0.0060318650536951455,0.0,0.00439801342080395,0.004307735170997588,0.004263486341621668,0.004728012856955475,0.0,0.00288612457248694,0.0004406286994294621,0.001768017956418801,0.0,0.0016428755441209686,0.0018395369663061377,0.0019073678817459285,0.0008947067929136924,0.0,0.0006713714084254025,0.0007679845070564887
3.602941176470588,0.14514076321529223,0.025490277280985664,0.0,0.06217965280308345,0.15519512516652825,0.25116844893286366,0.0,0.36057844958087515,0.43433258768298383,0.258006298634784,0.09052435881429641,0.0,0.021282238956663813,0.15780584608538442,0.24599139182771856,0.2217852881760724,0.0,0.0651791168852858,0.03789889670184465,0.13820003930005226,0.0,0.10229622930245652,0.04083694777517499,0.045955663016103876,0.01550163894536257,0.0,0.01270725049855162,0.015602698671447986,0.00838835070903792,0.0,0.0038738969406367863,0.0017983665320046446,0.0009855695441659087,0.0010119286524554775,0.0,0.0023014684614858305,0.0014064111847694688,0.0007277945909014785,0.0,0.0013787210559040985,0.0011292053574623398,0.0006019046642923526,0.0007459958323870629,0.0,0.0016733610119984163,0.001480918158417167
3.617647058823529,0.10152831794588592,0.055822008705160214,0.0,0.023281522311971677,0.014078412404365696,0.08418548155344892,0.0,0.08784734861793689,0.052321271229176396,0.042760810966709376,0.09965136024018562,0.0,0.11571948470675739,0.06821333657324696,0.04130002164667538,0.002135079152087749,0.0,0.07066371587744881,0.11119383644368838,0.045685474833361425,0.0,0.03950381170210594,0.027019049605902477,0.006264288137528976,0.007961969481817866,0.0,0.006885230880514202,0.003244333753985374,0.0016791834586786833,0.0,0.0015862533516771932,0.0011895213623366338,0.001486800777352751,0.003472296363134455,0.0,0.004208679222587048,0.0010996453352782665,0.0004852756572279137,0.0,0.000732458709733671,0.0020380512674537895,0.004842619610595779,0.004891875824409509,0.0,0.0034049816828510895,0.0020499811756849937
3.63235294117647,0.1369224808845649,0.08743996029058479,0.0,0.04475690384215941,0.02602462696215763,0.01705735795209078,0.0,0.08697173075280688,0.04035714338874302,0.04014393690713904,0.15339710742288856,0.0,0.20722160035551412,0.07150560341521475,0.014638317382350548,0.025957602956369202,0.0,0.05163948736304971,0.06489611769791091,0.003744759769598823,0.0,0.014248807701796356,0.01268272921235316,0.010331685740938706,0.003023484409429266,0.0,0.0025903237945705056,0.0034376082070235025,0.001717858707311748,0.0,0.003547656515344466,0.0029170422490126667,0.0007017655135635881,0.0009605889603323471,0.0,0.0012411070354533449,0.002778234435049212,0.004270403418741497,0.0,0.001967106762256292,0.0018113667803855477,0.001461834101810158,0.005208947927441643,0.0,0.0031732361744657516,0.007760365739742802
3.6470588235294112,0.041949784149305995,0.04437889525706416,0.0,0.041492436437949975,0.013054850106381327,0.012521095302708224,0.0,0.05544185347241361,0.01645452882416897,0.12102942730790317,0.1249077730499609,0.0,0.06119041634904743,0.02040304687700867,0.09733414510228039,0.03879824188759365,0.0,0.0025031769162857298,0.005696765418466587,0.008749700088215764,0.0,0.008840384613207452,0.007827675665644226,0.008141222356870096,0.004794296853343622,0.0,0.001797024980148766,0.0015402051476165067,0.0014375336524034615,0.0,0.001966001998484504,0.000894653463222978,0.0005652864625463581,0.0013767483359479018,0.0,0.0005711703915771598,0.0016338484458327347,0.0020585455341228954,0.0,0.0029558132040003924,0.0010194531930251577,0.00028918825171063276,0.00211008722237554,0.0,0.0016023164579821387,0.0019366110859744398
3.6617647058823524,0.060933324264303604,0.014940226492087462,0.0,0.006989161428686256,0.014761075170163198,0.04388889307434504,0.0,0.04516425773373509,0.12573351772112543,0.1474327853717063,0.17561276687242147,0.0,0.009200204511959475,0.037547588701012435,0.029698427217237235,0.012820597872051944,0.0,0.017438164282256294,0.01835634622409144,0.026780849763977925,0.0,0.008834545694424668,0.0031928552383773084,0.00928845561617534,0.008034972500859284,0.0,0.004922611530567047,0.0031858511165548786,0.005005406187998791,0.0,0.004525942231333313,0.0028124170637694916,0.0011059325765920961,0.0016773037781626623,0.0,0.0004613963360583252,0.0007669311628481432,0.0037213291091042697,0.0,0.004233140176398558,0.002364563493649139,0.0029279386914382362,0.005141754811839932,0.0,0.0013461027456066615,0.011269805825618175
3.6764705882352944,0.21357212629194314,0.038622487269741185,0.0,0.0331985566387167,0.04204644413767264,0.04451934071402476,0.0,0.0578819625248413,0.23986718215201022,0.29416636655754047,0.09355520766701864,0.0,0.03119375859999965,0.04650614372332447,0.03426590096528912,0.021929166865540625,0.0,0.005309100744230848,0.012895715162857514,0.012650249323277084,0.0,0.00515167076108791,0.00526254852293904,0.00214581672219768,0.0035038070483795697,0.0,0.0013651608218229487,0.0012122505167203846,0.0022624517445290517,0.0,0.0014373994210078321,0.0037069284582165883,0.005668571665809113,0.002663284929483917,0.0,0.00045055620985260715,0.001555180653919658,0.0013330246519964806,0.0,0.0011301549595070912,0.001804215427247894,0.0018897583747395905,0.0029788660950174684,0.0,0.0016212034865819135,0.005944459942106713
3.6911764705882355,0.08657587857300855,0.02327996253139663,0.0,0.013379770589468539,0.03926961380378047,0.08412619243739262,0.0,0.058561982956471643,0.011438593078207451,0.02017246905697908,0.02985952284673353,0.0,0.013924105597398293,0.008383531387617953,0.030471993071904846,0.02498481958755166,0.0,0.04135978624116082,0.013004481687763508,0.009343975280573503,0.0,0.007733964759163753,0.0022839896034341487,0.004229318047174428,0.0029552654055880617,0.0,0.0014015288966311283,0.00222720972243649,0.0022081004448039274,0.0,0.002681793771364377,0.003189911411391197,0.0038949520440190333,0.0034531513485703113,0.0,0.00046692872785985184,0.0004396805454530142,0.0019113296550706802,0.0,0.0022959789863342653,0.002264537301179045,0.002560758838540655,0.0018836524545899026,0.0,0.0015581463231513777,0.0016915591973801192
3.7058823529411766,0.06084732540859473,0.04275164186777715,0.0,0.023284108264878915,0.005626674428299512,0.043801486157943575,0.0,0.07099253659316966,0.16130470922152945,0.23325400045211886,0.12459418546183298,0.0,0.039416266064298565,0.007593459525041366,0.01047414154383396,0.006829007976828803,0.0,0.01874948253901462,0.01813198914567791,0.014745600358658673,0.0,0.005565455271242083,0.003026517623229605,0.01983060372710745,0.007718234915589523,0.0,0.0015135770395481149,0.0008699377589200133,0.0010359609598547556,0.0,0.0009396823667304397,0.0018575843560048814,0.0027817428842876217,0.0023595964684307693,0.0,0.0021480229776058737,0.004694259557140346,0.002965580594958709,0.0,0.0014358792670832116,0.0007009297896608863,0.0020654039110275463,0.0012672356749656656,0.0,0.0012417027913397176,0.0013778666875612546
3.7205882352941178,0.03292832787519511,0.00856502401688386,0.0,0.00823844153539007,0.02516885053677064,0.01960576509114391,0.0,0.09828158324605707,0.20881935591358614,0.018971776998648854,0.12456479456291543,0.0,0.014813827376728955,0.006266258621147733,0.0029320399607554413,0.006535518398426406,0.0,0.008366317055882129,0.006257791323496125,0.0026659423108091156,0.0,0.005087649259214676,0.01255220884329477,0.025453116943839692,0.01644568608677292,0.0,0.006389435507191328,0.0013910551819424789,0.0010613711009753745,0.0,0.0007526963606268244,0.0028641098096861477,0.001759346401659759,0.0015858840063536612,0.0,0.0015863879376352594,0.0010875856094324317,0.0006947667947375297,0.0,0.0005669853073100558,0.001840409901881004,0.0017896944666015457,0.002194369979433595,0.0,0.0050333655777499335,0.006393365732574003
3.735294117647059,0.02728814757065494,0.023808273026469137,0.0,0.023606060472905952,0.009463357372131111,0.03687397941779924,0.0,0.017270625746899946,0.011949830706945469,0.037967548293512614,0.028794858969070972,0.0,0.00959237832577118,0.005278383688399245,0.009567693174654921,0.00458521566063672,0.0,0.007936516093648928,0.00934884307745165,0.004126189816731669,0.0,0.004614213053665972,0.004315027791310648,0.0075872615778668755,0.006900343606782582,0.0,0.0059087886234205685,0.0016090242394006117,0.0008118283693506657,0.0,0.0008611904984172525,0.0012127936090879756,0.0025738699238217365,0.0042059818495042865,0.0,0.0007035783839110718,0.002748533044846348,0.0030586161517286345,0.0,0.002921098898286424,0.0025284369730609753,0.001198929561939682,0.004809211641501557,0.0,0.002744985233924488,0.011847693814456193
3.75,0.08912794338034154,0.02413176243940692,0.0,0.02434195791338402,0.03927487102206471,0.03410722875367776,0.0,0.045641564173900945,0.09241739744836419,0.155286074086959,0.129128430722065,0.0,0.039529237437964056,0.06981771402392975,0.0297997845506252,0.0036964821036094262,0.0,0.007954054139282294,0.005247097731137838,0.004966686094472475,0.0,0.0016642174798433146,0.003366197794398927,0.0009178973426560095,0.0006847819433041572,0.0,0.0034979708184113443,0.0021608728786497527,0.0005990570348685645,0.0,0.001900745555992454,0.00512025158059216,0.003362522813469612,0.000848263979418039,0.0,0.0015632284410294092,0.004835845925121834,0.0024545038072409193,0.0,0.001304899611939869,0.0025068738622050996,0.002448905135515965,0.004166616734278878,0.0,0.002594613633516701,0.012914061498228064
3.764705882352941,0.05209262174319054,0.038398362671086664,0.0,0.03558524620258048,0.034067498603908695,0.0745391950862395,0.0,0.17178905948495327,0.17267506011998282,0.1886607866012895,0.026123861848939434,0.0,0.013307679114424986,0.021626030766990788,0.013056266427197167,0.016636680545841248,0.0,0.006922334103960422,0.0013127657938223345,0.001184329354997502,0.0,0.0008282788276870255,0.004203368353086001,0.006482435840760278,0.003490448015206791,0.0,0.0029539208611767944,0.0015922838516713245,0.0014849198600605119,0.0,0.003317723068471017,0.003302186543602298,0.0016898431416315714,0.001593376106324066,0.0,0.0015949891483544405,0.0007511156814704262,0.0011809588093112796,0.0,0.0026055165541928153,0.0019083002792393724,0.001981192164562017,0.002702154294589277,0.0,0.004454845374265029,0.009636714933287426
3.7794117647058822,0.09335194322598944,0.02799936186593107,0.0,0.008087284145671017,0.00994590473420016,0.025184073099946906,0.0,0.026532678885596385,0.04276074228246536,0.00983061506617133,0.012812308663900153,0.0,0.004894772636263554,0.015262456750560625,0.007880899288255281,0.006652058347865546,0.0,0.010881316585547505,0.0038191693130141804,0.0037777332850780503,0.0,0.007556793592784303,0.010364101191084546,0.008351680441900652,0.002009528768419729,0.0,0.00185110933687815,0.002486810905679298,0.004858894402004995,0.0,0.0016856883345100178,0.0013153549234836352,0.003979252399073698,0.0038548494852922483,0.0,0.0019401493133514806,0.0020734253032912036,0.00209343959583382,0.0,0.0011978543032223098,0.004075049984365101,0.0016363007584819418,0.0022349294301203092,0.0,0.002097088619782422,0.012795972421820387
3.7941176470588234,0.041084820074515575,0.04438281491200939,0.0,0.056452843542363275,0.02952701834907464,0.014262791411824516,0.0,0.010083668997231496,0.007755264944240409,0.02428297792283607,0.06302428297647508,0.0,0.04501995813287585,0.02201153351424023,0.00398150258027754,0.0048540564355818334,0.0,0.012082474854036242,0.004465836125258707,0.004730965170218111,0.0,0.005082888281125962,0.007527910478495371,0.00905435528642491,0.0024987688367297035,0.0,0.002114982839664443,0.002289997920957136,0.0030399259838355536,0.0,0.001076794623901904,0.0005495202040377518,0.0009606617437655859,0.0032812432394216102,0.0,0.001715504569687473,0.0026980542902381678,0.0010664336297508245,0.0,0.00046893217008092984,0.0009632375714167731,0.002320273351952522,0.004074343925715302,0.0,0.004616905368071688,0.009916055305427222
3.8088235294117645,0.0440424572791089,0.08906287608438049,0.0,0.03479113036180083,0.026788489592664166,0.04833960097991828,0.0,0.03188157678338303,0.02583411727777351,0.08140495376798418,0.06337967151499015,0.0,0.016096416406029428,0.008778716006896066,0.048981726446942,0.038068618103630394,0.0,0.005026880702447479,0.005753637206620242,0.0016556143573504662,0.0,0.000846063774441372,0.0029445529262663974,0.005821710791369478,0.0023471999504928428,0.0,0.0018380901018086873,0.0033872799440425477,0.002224837547397903,0.0,0.0011563500171458052,0.0014157278106139333,0.001763208584045871,0.0025834409701043456,0.0,0.002168939613119,0.0012156450978085159,0.00030710420409976144,0.0,0.0004758187375636249,0.0036107794095090245,0.004533349794373578,0.0026753401076265006,0.0,0.0015077652995918512,0.0046399656195782865
3.8235294117647056,0.0650294459827111,0.018892322045004607,0.0,0.016710252094169285,0.009750837135555999,0.03674641736968565,0.0,0.030488329264260323,0.07370120168212801,0.1464177351968997,0.027488211278723054,0.0,0.012176726520261647,0.014532781324230078,0.04095012687978763,0.029734929897463964,0.0,0.005231552133129954,0.001566854691610796,0.001835366581434363,0.0,0.003323533977373114,0.004650330007350417,0.003193288286722224,0.002546495504827754,0.0,0.0007826707891305079,0.0009155287980189779,0.0013482298415500966,0.0,0.0016112205183729394,0.0007419774716620358,0.003595743345417024,0.005098151764939079,0.0,0.0014175325328820217,0.0007744293764789857,0.0007699541557033262,0.0,0.0009173726656423948,0.0013237553715895784,0.0019494957700128808,0.0015504621989729012,0.0,0.0013410504954598848,0.012697931060251046
3.8382352941176467,0.06965091811153284,0.05869577040530543,0.0,0.03032004009847492,0.0060201984780772775,0.018472771627972624,0.0,0.026275572883721128,0.008633760468929306,0.1216001814849641,0.08638976197366635,0.0,0.01624786115224024,0.005811775232922972,0.00204734930209426,0.0069482906890011055,0.0,0.018817171124852622,0.009658159977856084,0.0017350275740773981,0.0,0.0018215332529539596,0.010518807013865974,0.008702390240769018,0.0026026839722687605,0.0,0.0016927893338279688,0.0021774229783648237,0.0011381413112952954,0.0,0.001075356144303926,0.0017670222139816918,0.0005728198337199387,0.0037438192483942407,0.0,0.0025036465430084706,0.0010460425308656852,0.0016792086085721492,0.0,0.00283181585493726,0.0043868125410167136,0.002196799257458054,0.002235538653958354,0.0,0.0013297057245444848,0.005125233247111382
3.852941176470588,0.04019996488957939,0.005689603304060046,0.0,0.030294553652587052,0.035973357505288274,0.03971406736105743,0.0,0.02132538916212569,0.04064501786611195,0.1725409319092757,0.08380137253214837,0.0,0.009592802236627257,0.006631252855988314,0.02074010454320118,0.006317462969419998,0.0,0.008481868642311811,0.0035794433795540903,0.0035786991475059197,0.0,0.001499989264614577,0.0021041972347457926,0.0043984107979245695,0.0035596232502099314,0.0,0.00204374847282872,0.0011533722926731376,0.003185129776227306,0.0,0.0022776664327462046,0.002153943238175248,0.0014616229841099412,0.0005056159659390967,0.0,0.002061004237698318,0.0023962839166787216,0.0020406522581942615,0.0,0.0036002330504885547,0.0020972058718406374,0.0017831434598037878,0.0013932206692819776,0.0,0.0005511225650282082,0.002125466401696213
3.86764705882353,0.08605263647831045,0.0665887749275941,0.0,0.053581693469108446,0.013742229367764088,0.002373171113027458,0.0,0.0662883425171612,0.1424918038570115,0.018687098881204886,0.053277423939639953,0.0,0.02071277310457098,0.0018500443322659614,0.013368811617319998,0.005001505728226037,0.0,0.0017824143253540674,0.005529705912099409,0.006757588979309625,0.0,0.005977825188491342,0.0043890853393568335,0.002253507285739369,0.0039025888534469154,0.0,0.003248311044190719,0.0020522412458495436,0.001668863728178627,0.0,0.0015071382304556883,0.0008162334227027791,0.00026423846324317654,0.000859477696487865,0.0,0.0012588848658309502,0.002128901561815006,0.003277558143387391,0.0,0.0015191089356625502,0.00223253073562868,0.0012064153202798564,0.002237727945915771,0.0,0.002040567809865629,0.0007920014750742931
3.882352941176471,0.00786658544482535,0.009432642436398566,0.0,0.011603138116076954,0.019372223861428915,0.010240548098740837,0.0,0.06108926364360822,0.09049924882767853,0.08299152485824689,0.07632643424405179,0.0,0.022349859325201515,0.0013702965411483132,0.0015882464011065462,0.0014823687144443149,0.0,0.0005468228673159562,0.0005209524212298792,0.0036711523608451407,0.0,0.0028166476276952263,0.0021131952496701513,0.002425425474083359,0.0012143314009728013,0.0,0.002914119394966906,0.0004533201500230188,0.0011276568831201823,0.0,0.001987535912075555,0.001613056552753743,0.00175243805918603,0.001556991450602881,0.0,0.0008862071943543225,0.001829785675573679,0.0038363603529822637,0.0,0.003585469672853646,0.0023125311607338824,0.0024644434794037205,0.003338554954821435,0.0,0.005874043957239674,0.005869515738190872
3.897058823529412,0.10553501214279311,0.05217795942534479,0.0,0.02897122194468637,0.026818938060079612,0.030955238220706498,0.0,0.008794464716146044,0.047455196866664884,0.02404364318461202,0.0020961535771656754,0.0,0.006866343596981021,0.008021234855201285,0.005524007930849232,0.003189634441455454,0.0,0.0038537509412684442,0.004287889756207309,0.006554860530618253,0.0,0.004239417643063939,0.0011522011557414918,0.0024584519565639925,0.006076149610211076,0.0,0.004636120309824965,0.006991524461729279,0.0038258564560571216,0.0,0.0014417739678584689,0.003320380807730496,0.002662886513279638,0.0027205595634520875,0.0,0.0009778499309718927,0.0012253019719882666,0.0015153119344175827,0.0,0.0025662716770068154,0.004115406931839775,0.001077777305527099,0.001752103216390265,0.0,0.002482089693321236,0.003562720785262902
3.9117647058823533,0.06819743085893941,0.023091910034311353,0.0,0.0174642917266685,0.019027928018745973,0.021810820154818833,0.0,0.02881459896230413,0.10326650197513626,0.07875016623197831,0.056493419107358694,0.0,0.05832388100465678,0.02392078943690009,0.00920034879792776,0.006550042657367353,0.0,0.0026714438408783634,0.003344746643221783,0.004037067361790636,0.0,0.0016434663947672476,0.0007770011403948327,0.002043462910847262,0.0025727447677567333,0.0,0.0012651347238584805,0.0014937314173159675,0.002655474195656806,0.0,0.0023528074142737943,0.0016778868357078805,0.003036430955412747,0.0015654436923421607,0.0,0.001795690610452655,0.0019051626975344796,0.001860340605974465,0.0,0.001480874350747008,0.004256473956155203,0.0015674589335775418,0.001703060741463677,0.0,0.004009998470504884,0.005353553782928599
3.9264705882352944,0.12071577298905842,0.03840929423879501,0.0,0.018375053062347237,0.02323567101336757,0.02054771321894017,0.0,0.05229597923031386,0.09823033697154257,0.023137699600661858,0.010929045939527607,0.0,0.011629125504433561,0.023698293823843475,0.019371896762613798,0.009917104940143681,0.0,0.006069908638234185,0.0051031040244544,0.0036451887912988066,0.0,0.002682213631824078,0.003244332216178444,0.001375849147811171,0.00020794591211906237,0.0,0.0005440610553214926,0.0008832266978662921,0.001513732137421685,0.0,0.00375170858335461,0.0033842523434165915,0.003629113292986199,0.0036067386218777715,0.0,0.002749987558223186,0.0006459994683755386,0.0010735913893861826,0.0,0.0023453090347056787,0.002085142935374757,0.000754327248524158,0.0002591694594199276,0.0,0.0005320452810349999,0.0036968285993359356
3.9411764705882355,0.16740562850769708,0.10187136522219645,0.0,0.028943407486081523,0.009361225040498626,0.005331962187469774,0.0,0.10498349979143387,0.19271787399150073,0.07777659486928794,0.009355356801520345,0.0,0.01577921260383052,0.03531479639903598,0.016887473560380926,0.0050052187180613505,0.0,0.0020088979042992595,0.0008513175409122154,0.0009406771559186934,0.0,0.000708217702386289,0.0012308822323710662,0.0015133868979802323,0.003522373307243694,0.0,0.002599753750592183,0.003074448112308484,0.0022760972122272574,0.0,0.002533760524584097,0.003994478315225295,0.0018454180024823849,0.001097714914294941,0.0,0.0006206660313389948,0.0003434644670514162,0.001074280828747084,0.0,0.0006366310673569615,0.0012269557059834217,0.0023118167850062995,0.004356872264968301,0.0,0.0035800630956430795,0.002158288960278817
3.9558823529411766,0.2153426766016578,0.10133987047338869,0.0,0.035670152563841505,0.024792027376862716,0.08977408425753469,0.0,0.21310527010567323,0.16519153181815155,0.16252393161387685,0.08552372600813346,0.0,0.003066262024544023,0.012662073711671638,0.011877784866645945,0.008222400486433164,0.0,0.006037167439309581,0.002560682572509576,0.0012469058307918177,0.0,0.001553638631806422,0.002652648116472372,0.0030153820125867993,0.0045906173580495205,0.0,0.005029800069480002,0.0013369407766572747,0.0011143121437173812,0.0,0.0023352276125385204,0.002145427194459564,0.00237132824415072,0.0035615708570300142,0.0,0.0033548555590161904,0.001962247996188697,0.002532653574372722,0.0,0.0016679433754170918,0.0017999608965953695,0.0014297277878196702,0.0023002096039586146,0.0,0.0007953076339859548,0.002718744907912396
3.9705882352941178,0.12438123233816861,0.011576853559605462,0.0,0.02235138635805409,0.011247599128950693,0.019076233850857566,0.0,0.07086496146956116,0.07702960035127249,0.056072854529299054,0.011817357103579758,0.0,0.014254546510669264,0.010008157621211896,0.012469407440705457,0.009675675527938144,0.0,0.006698281046138033,0.006145521021204989,0.0048450356772722,0.0,0.0015417920453810229,0.001446800300053337,0.004617713145613022,0.0018525941197965424,0.0,0.0020770982140868835,0.002726077194869797,0.002904119036002299,0.0,0.0046552015695433425,0.0026149325774519,0.0032693801062532086,0.0016365439705444515,0.0,0.0014957910771960263,0.0010234374734682029,0.0013397239492212143,0.0,0.0030970144028464445,0.0029476185754848975,0.0018391597036463406,0.0007587496396460517,0.0,0.0015164774297278499,0.0031021568424890746
3.985294117647059,0.07055328169548172,0.016577769465885954,0.0,0.030606976164509737,0.01969638828517846,0.06184789094708601,0.0,0.048664084739657706,0.0473874880202757,0.025208864256408503,0.013826226829251855,0.0,0.00626400897881861,0.003656736898256306,0.010411379463823239,0.011319670270055326,0.0,0.0023821869611006788,0.0007697650438168195,0.00181551114048136,0.0,0.0028940188817316087,0.0009433181680750255,0.0039882431749362485,0.006699532114282571,0.0,0.0029841828569928414,0.0005329860916772022,0.0011425389449680843,0.0,0.0014385580476576022,0.0007252397919801922,0.0018849329035853836,0.0018318284450897966,0.0,0.0020912764927381103,0.001243841371898613,0.0010029809401127545,0.0,0.0024098997725780346,0.003631937723264368,0.004374262001623017,0.002508629797728364,0.0,0.0005522383487240281,0.0040821247798639385
4.0,0.11885989010813487,0.05456232383909044,0.0,0.029577483319765653,0.02692191324770414,0.02894367230872749,0.0,0.04009715209556643,0.06208947679737746,0.07140706280446281,0.033585681537416034,0.0,0.008740561135877784,0.013125215993117164,0.00807902315534341,0.005762874011109942,0.0,0.0029249640777221416,0.003703690465722749,0.00215309811837639,0.0,0.0006352290159569608,0.0033740701496429376,0.004005501205542763,0.001231468950930342,0.0,0.0015724665274815795,0.003377410073569098,0.004206929293717331,0.0,0.002164248652692222,0.0022233544421289293,0.002236502178505299,0.0012282339875972776,0.0,0.0009770973174487124,0.0006805700331276881,0.0015304375588151976,0.0,0.0037723216084792994,0.002668374760634109,0.001938172689335424,0.0009676258361796642,0.0,0.0021504453062828445,0.002798953660917499
4.014705882352941,0.20622712523521258,0.061649394256014664,0.0,0.016611765604534433,0.0069511485237521665,0.005317547032637864,0.0,0.014107911398541713,0.024843607143038404,0.019069097310906787,0.015607087910501367,0.0,0.005424622128177895,0.006572737478460433,0.005949444402108728,0.006437660305531289,0.0,0.0027985163549005777,0.002200595121288271,0.003494767670405426,0.0,0.0052085684104121776,0.0031222808673936897,0.0024314250652018796,0.0021502717696557285,0.0,0.002002348206169922,0.0008876994875112844,0.0012467314352809181,0.0,0.0016446276322534855,0.0030760950420827627,0.00292499325252097,0.0006408235557680188,0.0,0.002791982776572391,0.002804728060404482,0.0011427229573109101,0.0,0.0016386063216474469,0.0033402645121562644,0.002400928666716336,0.0031104534918618017,0.0,0.0006179946740777187,0.0010092278696154206
4.029411764705882,0.053543263531088806,0.047071887720250206,0.0,0.03179096478368806,0.022021742824478698,0.022807355446746336,0.0,0.02195926110003344,0.03796633613548085,0.02552028301859377,0.015763786572731007,0.0,0.0292044605419502,0.029749386697576097,0.007632859728616542,0.0084370835941469,0.0,0.00325216909785072,0.0008920029226576168,0.001255581209342606,0.0,0.002628003804844815,0.0017685406206184781,0.0012197106071764577,0.0020403043656995667,0.0,0.0015353553652924326,0.0013819521446902052,0.003453079751327484,0.0,0.002656887838348157,0.0013147004373528029,0.0012512249108179957,0.0011284041042586726,0.0,0.002574528375612005,0.0034491298800700177,0.0027076927229983143,0.0,0.0020125337796566074,0.0018216550157383626,0.001365988047603752,0.00104087091562886,0.0,0.000570575522604721,0.0038846795917478567
4.044117647058823,0.04599294920443458,0.03205132096160159,0.0,0.005730109272803267,0.01563582160500268,0.03554619783642439,0.0,0.013043097983975148,0.020912850411554555,0.03438172616227919,0.039123413860885706,0.0,0.006760912542704289,0.02028983888361135,0.022386195439749686,0.004305794542115687,0.0,0.00242839023601211,0.0024299083100100586,0.0032936217654193373,0.0,0.00422155506581765,0.0041879625549395665,0.0030240087223731274,0.0035405458969655695,0.0,0.002790921366631837,0.001758479587571653,0.0017524001260545289,0.0,0.0009383099814079196,0.0022290370784300217,0.0015474619798894142,0.001393577842050969,0.0,0.0010644588513016228,0.0005074784352687037,0.0006062853055559123,0.0,0.002357448555479612,0.0034663075048965287,0.0029921426814970534,0.0017491986327970764,0.0,0.0014893808864742757,0.006653937728602768
4.0588235294117645,0.1674618590413807,0.0621752381967484,0.0,0.021597929040317022,0.050079628667525196,0.03621839705619968,0.0,0.023601831669340382,0.017450603896244962,0.008781627168477506,0.025963021421344486,0.0,0.011738464862690742,0.008816241704705982,0.00241768814853147,0.004962757217904904,0.0,0.002214461615950407,0.0016110262191611187,0.002107696002538876,0.0,0.0029004128308284826,0.002236517108473816,0.0020162434360347535,0.0018474664745214394,0.0,0.0015946993340900703,0.0020870950512433604,0.0016685640475573422,0.0,0.0012586355141572868,0.0009982495768358778,0.0024213442531146856,0.0011876246430958864,0.0,0.0006084121043498236,0.002422184213075569,0.003195661202310497,0.0,0.002264570614253377,0.0017832221399157872,0.00022461008252014974,0.000851907652495236,0.0,0.0004985370455458387,0.0025782866491934494
4.0735294117647065,0.049304992175382506,0.01543408676316527,0.0,0.026917485069110632,0.011577340580980654,0.004107405870299902,0.0,0.004420361200227797,0.03021005483043924,0.05069343646328299,0.007870156377705544,0.0,0.013639314436952859,0.006321267682400854,0.0021868697961638793,0.002002894133884259,0.0,0.0017096445207086032,0.004264231432570845,0.0032549764774745206,0.0,0.0029462377577877752,0.004514894992962979,0.0063699677931836965,0.0010709098536988719,0.0,0.0016224224361587629,0.0016594810578569462,0.001533210429448374,0.0,0.0017060114641363456,0.0026797435539411313,0.0032238897354383593,0.0007534652291631478,0.0,0.0008774769384592623,0.0010387054373567077,0.001845242396170826,0.0,0.0018488289883624573,0.0038216987272211575,0.003908428900113907,0.0028091953105863496,0.0,0.0026511547683008884,0.002301132157828323
4.088235294117647,0.09975804894641221,0.04654211457702167,0.0,0.030389383855322336,0.01244696889056594,0.02133252384612353,0.0,0.038106556249981306,0.06338689293683485,0.06193389693315958,0.06872591048367435,0.0,0.02153959946831388,0.004445747543522869,0.002362170067048947,0.0009108304187592918,0.0,0.0017995656301180304,0.0032769047240411857,0.00452955451081898,0.0,0.0029766725828463754,0.0024029505782131215,0.0005807753971611692,0.0011592960673299294,0.0,0.0007382009125668339,0.0013427468393121325,0.0019842519442889125,0.0,0.0019220409672300889,0.0023202921250075285,0.0012772940630169855,0.0010746146624715418,0.0,0.0010599161048281285,0.0038089319493768456,0.0029169451049658977,0.0,0.0012376069625266227,0.002508452653462305,0.0015197210166633364,0.0013330957257164276,0.0,0.0011798253088442755,0.00492993071658129
4.102941176470589,0.010898811220397361,0.013538010187403391,0.0,0.03475974466021496,0.018451976161461502,0.021192745424645512,0.0,0.05916578740777917,0.03893763430079665,0.033544540724653765,0.02233077382828695,0.0,0.01228275163573263,0.0036908800498230646,0.005476999941451934,0.004391658485372659,0.0,0.0009587278552758791,0.0008383066879183527,0.0016510461291586313,0.0,0.0041284503834457765,0.010251271456776597,0.007911524353606945,0.0016882209458435882,0.0,0.0014544534112839636,0.0013554297313674623,0.0017451745324302166,0.0,0.0028677165010045527,0.0022908375892511457,0.002372004018019693,0.0017828364634586912,0.0,0.0033239559706199793,0.002662760285910789,0.002500591181314114,0.0,0.002086311356647397,0.0008166437329640728,0.001258754900084011,0.002880869265800514,0.0,0.0016721907620965747,0.006745142412141239
4.117647058823529,0.17089403196259798,0.0393705756966983,0.0,0.018463131465548992,0.03896459916337065,0.05859884948401828,0.0,0.14109483579005888,0.15596694636213634,0.10515040820138558,0.018161658816585685,0.0,0.0014744091469594126,0.0025514137299899745,0.0037511467469627485,0.00783831500221018,0.0,0.006281575027273154,0.002386746226276611,0.003263325508748489,0.0,0.0031554153600239316,0.0007389831934985658,0.001743349531451633,0.00425633039562758,0.0,0.0008362812927102463,0.0013427471153652376,0.0013479160048923064,0.0,0.0029747758286959814,0.0052405325922922925,0.005142195750927578,0.002510658843528292,0.0,0.003466899118493034,0.0017154172045327027,0.001307359507980559,0.0,0.0025354525277279166,0.0016114040993201327,0.0008255846460332216,0.0032066447482249675,0.0,0.0038040640826997553,0.0038177270218958574
4.132352941176471,0.08792359803510669,0.033239741441115966,0.0,0.0026390963483895157,0.013635607580867046,0.08320330860412943,0.0,0.05207651733421144,0.029680839769323758,0.06390057048678416,0.028745343685330847,0.0,0.004260789148021761,0.004796639752753861,0.011847388591904975,0.007739210869310565,0.0,0.0049980700222853535,0.0055012404613504085,0.0042135463446600525,0.0,0.0023630689391230066,0.001739831572114622,0.00190254443490639,0.003329196753202055,0.0,0.0012991322813223597,0.0008191409006633563,0.0011901422306095373,0.0,0.0011470025721870669,0.001711813585057006,0.0008843424697558244,0.0007074527692320343,0.0,0.0004384671978167929,0.00033710767549589176,0.0018124980864355918,0.0,0.000926213889432984,0.001039046530868214,0.0007149571800694392,0.0003024608915285793,0.0,0.0021849984900025854,0.005980897842203239
4.147058823529411,0.08951022391007697,0.03509634188241925,0.0,0.015045023505877542,0.010577136375784592,0.03445207510900106,0.0,0.011392673847170116,0.018680723420869495,0.010629921090622583,0.005374151387671135,0.0,0.008687698108826653,0.004767627066173771,0.0022072094686341817,0.0026092113349938675,0.0,0.002364360202656006,0.0012355809242750777,0.0026733354846475146,0.0,0.0033683966005328934,0.0019305271761346013,0.0017950724722597955,0.0026458464283905473,0.0,0.00264762033837804,0.0032751569362328642,0.004362273489574091,0.0,0.0014611496691418094,0.0007325412513749353,0.0032072864910962706,0.0029503457556728204,0.0,0.001250963882760409,0.0018667986068360148,0.0016721383269502274,0.0,0.00048510803869920285,0.001441590542532299,0.002562486685736123,0.0036555218471819215,0.0,0.003333134278023284,0.008451532315770453
4.161764705882353,0.09279410625220423,0.03493100077399728,0.0,0.03674929212508897,0.0054631205591053065,0.06224848799547706,0.0,0.12360889350662795,0.03488261999689253,0.011262573154240368,0.005421330919653314,0.0,0.005266244789674759,0.008841381425174748,0.006471379801001578,0.007656354178764728,0.0,0.006663740858870271,0.004614838815841057,0.0042898067609850815,0.0,0.0021263220512885528,0.002791577512134796,0.0035881840860819835,0.0017644264193867544,0.0,0.0019523547495430673,0.0022454212168829526,0.0013174119738314674,0.0,0.0021329394894065066,0.0015153885944919187,0.0016048962723779175,0.0016985065084383919,0.0,0.0014993277781456527,0.0002261416770524497,0.001369957879445528,0.0,0.0016533480044416938,0.0022801738450924968,0.0009385402735282481,0.0005985874686116978,0.0,0.0015085915985572102,0.0025286080966432658
4.1764705882352935,0.12758301438531133,0.06561390200742437,0.0,0.03005994647230096,0.019620318952585,0.0165348312178275,0.0,0.06334843938255189,0.057915697335900795,0.010530459037785732,0.008266309831186756,0.0,0.0136175355299926,0.011316303188286525,0.006411394150108638,0.0014072783739732544,0.0,0.0019535159339573033,0.002424573372442386,0.0016397136717261867,0.0,0.0022557839880317223,0.0005058113985809552,0.0011696062190916566,0.0019105867465211775,0.0,0.002192212823900759,0.0006320904061005907,0.0016712019973312555,0.0,0.002462461475768489,0.003870921392066638,0.004102934005174039,0.0015187162538330074,0.0,0.0016090780902438514,0.0009036671497850217,0.0017740058550434448,0.0,0.003941030702346667,0.006642955117972012,0.006693562309259118,0.003107935565852089,0.0,0.0007421109489428279,0.0027501405580233115
4.1911764705882355,0.05066279373659223,0.03029355969837405,0.0,0.026511152354920936,0.03565160359615553,0.04501821438345377,0.0,0.026140847094054356,0.00948516305903882,0.015632403111683933,0.040050444140740354,0.0,0.015322530661833561,0.0047435206154927715,0.0034010335493916233,0.004215877792201002,0.0,0.006918982487155213,0.0047492191624828786,0.005958429413404031,0.0,0.0054992605606131294,0.0023786724944346105,0.0029349176912906107,0.004811399165449078,0.0,0.0010099514341851477,0.002138145019955914,0.0016020625185739837,0.0,0.0005355427922078325,0.0009377484678299627,0.0031212897824528106,0.002955961871453263,0.0,0.0021278033021410203,0.004499189802276044,0.004032886310599788,0.0,0.003194157641143775,0.002513273008248008,0.0020958155659654234,0.002645547892082387,0.0,0.0022482261852360325,0.0049883678369649605
4.205882352941176,0.41535881534626207,0.06509055433011071,0.0,0.013207887869010362,0.015239788292285996,0.014098916708528766,0.0,0.009534176898843075,0.060552553420614386,0.11829477640719784,0.09569782669970497,0.0,0.02710714090860718,0.0027773008760051455,0.010366842432746444,0.007717147601576324,0.0,0.007280326851281336,0.0025175979141249857,0.0020677915978204197,0.0,0.0051862883994933965,0.004525644187779369,0.0017833501474144129,0.0002805872200398172,0.0,0.0009374011283359166,0.0023754705508937423,0.002635575978591973,0.0,0.002327063849782148,0.001097249199302216,0.0008997677354217625,0.0016692650169886983,0.0,0.001750162332576113,0.0006237277403788748,0.00037137770605552334,0.0,0.0009178275610065124,0.0018351732390369556,0.002583185755010182,0.003165323762131826,0.0,0.0047100204822196,0.0017228168941884692
4.220588235294118,0.0761633932506255,0.02814087576645895,0.0,0.011068143012039927,0.012692198976628561,0.012558237466006521,0.0,0.09171083973319447,0.232999608206159,0.1224248278098812,0.029396468073372636,0.0,0.006812264700004808,0.0028076440337597257,0.007450176926968803,0.00551938065096688,0.0,0.005820992968558027,0.002930726016967432,0.0015702279847757917,0.0,0.0030273322194265474,0.004041483108918532,0.0017544584962679798,0.0006941396042657391,0.0,0.0029442714209985017,0.005981918573538118,0.0035465537691619295,0.0,0.0007437460213288486,0.001069308134187393,0.002042329169068534,0.002257576952892471,0.0,0.0009372519681005632,0.0016017507389051314,0.0018077521679306788,0.0,0.0014005843599852973,0.0008561636982882077,0.002034072484201208,0.0016416512394645982,0.0,0.004470928106235962,0.007400804407660326
4.235294117647058,0.1321851535596315,0.05055454855921655,0.0,0.02571325246136382,0.025037318607864466,0.041217681765515574,0.0,0.039507633263582864,0.09397146148065319,0.03360700749225869,0.03000906303667618,0.0,0.007097891523689715,0.007644281229268984,0.00852106340228561,0.007103823185041973,0.0,0.006740018410166653,0.004428285232601359,0.002076285487093144,0.0,0.0023553770491430313,0.002772774716714511,0.00447896719957413,0.0024675987292401454,0.0,0.0016984729145587075,0.0010757748165648715,0.0028055007576039343,0.0,0.002885695267439015,0.0021935155598150203,0.0013817651761989665,0.001348826788279819,0.0,0.002082452014457739,0.002647175452704271,0.002323418047168799,0.0,0.001241191699574298,0.0007971408515805811,0.0028863664695467834,0.0022949457847237244,0.0,0.0032231980331558444,0.0061678185173313135
4.25,0.15654345961834443,0.10684772393717623,0.0,0.02478798765564497,0.008419571471901631,0.010851987969086504,0.0,0.007481371920870018,0.057148560163624275,0.008592218540299557,0.02638255717913546,0.0,0.01223756136266934,0.0068438161316247605,0.007260311583711564,0.004792161707786671,0.0,0.0013863905636385702,0.0036219455234042454,0.0026627751476909363,0.0,0.001458854177970749,0.001514377929503488,0.0013996683258668777,0.0023854901095068477,0.0,0.0009314957521724305,0.001082254718403385,0.003292835847031057,0.0,0.002671904684335175,0.0023458950447405617,0.0019177438640054314,0.0017896389639965417,0.0,0.0017816021773696673,0.0021222793972618115,0.003536565933173913,0.0,0.0027769620684436887,0.0015731360408257969,0.0011006085641303276,0.0022903137555781786,0.0,0.007302770863170942,0.0016370497348718886
4.264705882352941,0.09120631675149726,0.0662237620237708,0.0,0.016919271458986668,0.032146374879418245,0.035806565575014354,0.0,0.03758359592192873,0.11942211959694211,0.16597063427903558,0.06159450047458049,0.0,0.020822354912196514,0.0027481344405641166,0.007189658414231571,0.0071499260490903065,0.0,0.0051310287860086914,0.00484367003865681,0.004717524469360416,0.0,0.006334409097149609,0.007074548629689497,0.0022736603447615737,0.000480693499100652,0.0,0.00022275363146698955,0.0024673001885366164,0.003268461938211835,0.0,0.0022310857983376415,0.0014550928808154645,0.00041095517349750115,0.0004872310987107853,0.0,0.00103823384748934,0.0014813740793749787,0.0014840814587661697,0.0,0.0015793532581573938,0.0014622154683008857,0.002434672590657027,0.0020253677302598614,0.0,0.0032425184310214067,0.004319905846855223
4.279411764705882,0.023252991931841663,0.02638390195284017,0.0,0.01964588318146289,0.019842554279363135,0.019907150460909004,0.0,0.04378072151438633,0.038006547000938834,0.03461777430854615,0.01970583635502727,0.0,0.0034134695040026032,0.004184197164829591,0.0009921589785277605,0.00025047234652361586,0.0,0.0009397910108663394,0.0016126934554246987,0.0024578254541295368,0.0,0.003624121028194983,0.0012073080567752362,0.003266420182119767,0.0026958237956695775,0.0,0.002552266707432049,0.001398435434578382,0.0007889655232629987,0.0,0.0009129541089299575,0.0023541495099348017,0.0034255394842337334,0.0022797751689907315,0.0,0.0006960168828093296,0.0015093361718148597,0.0021397959851772444,0.0,0.002040226807543872,0.0020167038026071126,0.0028650304306724506,0.0025850420983381055,0.0,0.0009904929069004596,0.0024727967485439293
4.294117647058823,0.11239394918543816,0.06771617516967157,0.0,0.01925602743037956,0.010652892102337382,0.010739685833488295,0.0,0.009256147330828603,0.04526858523806883,0.11825328892682613,0.09686592617747196,0.0,0.03352315752833575,0.00618354240462799,0.006550868773785121,0.010972614873596864,0.0,0.007352414129997812,0.0026484778407801384,0.0012487015008009676,0.0,0.00212022720198665,0.004151470014793433,0.004835728565660292,0.004455083077100642,0.0,0.0012848749441890482,0.0007041758927787294,0.0013202249210010715,0.0,0.0024041354384321378,0.0029481077975634816,0.0023164717930291637,0.0011829996944243738,0.0,0.0013182008610145705,0.0006778919423112399,0.0010669801222948326,0.0,0.0026356300506632426,0.002235428608353191,0.00111755968850173,0.0014057462528879632,0.0,0.003615226267961793,0.0069107315280895615
4.3088235294117645,0.030597274189297183,0.03375740531573262,0.0,0.013808751613289762,0.012731039548948246,0.017525557344216982,0.0,0.02501655340496324,0.044094637183955586,0.0593356506666766,0.03143889432031883,0.0,0.04158432451152116,0.019053980327534664,0.004083572732902215,0.00627762911326603,0.0,0.0017944319889197878,0.0005817254095330986,0.0010625115037210418,0.0,0.0010532908426007462,0.0005448203306436241,0.0016725599298787804,0.000621005049978774,0.0,0.0012068194971365017,0.0014862961053882257,0.0015283589234840085,0.0,0.0033968164726475526,0.0031804606397921476,0.0021067527235912546,0.0005659087822303572,0.0,0.0013959364711426693,0.0037018661587471953,0.0016999890249938042,0.0,0.001047044468411015,0.0019109130525374238,0.0013352916828350526,0.003755006656021111,0.0,0.0021331189928387104,0.012520840574341895
4.323529411764706,0.01329048025727287,0.019541777718744126,0.0,0.008570337430384899,0.009325998589395833,0.036501273395706794,0.0,0.019063895831651266,0.07487894360509628,0.04893765310681497,0.018607585853300572,0.0,0.00601241931824736,0.010381548769094955,0.010427644097476735,0.004223019231371174,0.0,0.0019137849348351038,0.0007719787868487504,0.002632885952686207,0.0,0.006315790487643203,0.004190467790142097,0.0007597164998388683,0.0035406083427176596,0.0,0.0033405513933206883,0.0018401133289120937,0.0011192425161164422,0.0,0.003038101812889837,0.004087966399363719,0.00276299654678208,0.002507988035877713,0.0,0.0020143717273411544,0.0005299311050315505,0.001406172753725698,0.0,0.0011680822754354045,0.001672993737743188,0.002694872513444852,0.0014216035343640203,0.0,0.0038196258088112594,0.018996757887360684
4.338235294117647,0.10649231427769927,0.04744200044927395,0.0,0.03913220372761013,0.013844504167458613,0.034955910977484544,0.0,0.04822282518435787,0.03279851860693923,0.0818646825327978,0.13441783304316057,0.0,0.0688759110843908,0.021942468664545793,0.012020608891538493,0.005338997791431116,0.0,0.0039187757231128354,0.004645497135618142,0.004448430358089587,0.0,0.0014209697723424643,0.004366732656035768,0.0061104933613278815,0.004576713377983345,0.0,0.0015642373127481503,0.0017261634404537357,0.0009855631672701453,0.0,0.0010887763987999443,0.0017026901124515942,0.0011609383737270613,0.0013062526795965322,0.0,0.0017194290693947033,0.0017387769782959274,0.001929756263800459,0.0,0.003226579045322372,0.0028431895291421796,0.0007432079650409951,0.003908789179742246,0.0,0.003233792846296649,0.025963640254066164
4.352941176470588,0.08623660660797818,0.11923363754747139,0.0,0.08286172313596041,0.01876129746090679,0.01289899759528804,0.0,0.008616895365376007,0.004050419626526605,0.02334731368592532,0.10702626534746784,0.0,0.06316046586976598,0.01882857081988819,0.00960553685551928,0.0014326668149939649,0.0,0.0018275827472444945,0.002647228996265437,0.004106233008337633,0.0,0.004652557687559051,0.0025030812026731364,0.0016100893746465437,0.0030385795900594688,0.0,0.0021536140221929175,0.004467261950295516,0.0029555489420622174,0.0,0.0005967622482388309,0.0016426401002634472,0.0018979261708717496,0.002485198076228072,0.0,0.0033397382606496708,0.001354085193049624,0.0026404827765343494,0.0,0.001096126874870416,0.0026619159366015705,0.001807220914091882,0.0009745257804039391,0.0,0.006045666748666894,0.020753576889475468
4.367647058823529,0.09161838021644621,0.0705051446828641,0.0,0.028266934173718845,0.01929890736980482,0.022985522793245207,0.0,0.03112918544022361,0.01588748642256302,0.0033692930561830493,0.07086206357282221,0.0,0.04975895455834957,0.007221152556930227,0.014721634877676339,0.011487456774517957,0.0,0.002979934407691927,0.0020064032947678737,0.0013255536284090175,0.0,0.0014137719244540158,0.002172301667513063,0.002952180662295047,0.0029887915535013426,0.0,0.001196172049260847,0.001007095604638324,0.0004593359556285446,0.0,0.0034504189137868103,0.004545016332361788,0.003874553803101404,0.0018029890407459345,0.0,0.0005081672199881371,0.0014688381284204597,0.002500950811531437,0.0,0.002290646013603884,0.001379375122442208,0.005645419732492801,0.002549944277102571,0.0,0.009276908570456347,0.030521436372751565
4.38235294117647,0.14712397746523917,0.047186478333382194,0.0,0.03275327489360994,0.04897211116375214,0.02652333570371765,0.0,0.0014012877974797962,0.018471433511264658,0.030644785381342625,0.005532020136366498,0.0,0.03538745892854562,0.028692526168988042,0.0041017333503955335,0.006505228341967243,0.0,0.0023819192117221434,0.0025897383015044424,0.0021171477617904612,0.0,0.002367220675948404,0.002790053102486331,0.004230432070141081,0.002134851824893364,0.0,0.0014328461898672133,0.001220232374182395,0.0008402392528107409,0.0,0.001839022937329339,0.0010786657389902498,0.0013896373027411134,0.0013567915279543209,0.0,0.0014510872893567649,0.0011594632642821273,0.0009122450814696135,0.0,0.003123140386185579,0.0027874631101634084,0.004317306146283744,0.0033945657840357283,0.0,0.008714911252113666,0.024725362361310017
4.397058823529411,0.07524589339196698,0.009099862095960667,0.0,0.016351703892284707,0.021039863290209824,0.061559933854573576,0.0,0.023274412665422895,0.03459503498880995,0.0824587642930651,0.04033989006013135,0.0,0.030097515157607082,0.003998850621279155,0.015544173345745947,0.013455336906181798,0.0,0.008542783755385879,0.004824707607831314,0.0026213478114307446,0.0,0.0005516358092857271,0.0018704877587888734,0.0015491396294365306,0.001311592868417209,0.0,0.0017398846599111792,0.001124770885417795,0.002184185670191771,0.0,0.0014004920528426106,0.0013747873673274245,0.000535427367240077,0.0005690081793093245,0.0,0.0007693948098325366,0.0045344453396369885,0.0025595918179942257,0.0,0.003194578678071312,0.001757792025730299,0.003568445290409797,0.0021608947312408175,0.0,0.009925665631283657,0.045251858223687824
4.411764705882352,0.15833864318020427,0.05923932542018207,0.0,0.017179750652914178,0.0373585693203035,0.06946327223610281,0.0,0.06456117012333218,0.024805226693009545,0.12446099501367314,0.20266363822571676,0.0,0.03258047579424473,0.004266183045693434,0.004931895555303632,0.0021946854400413736,0.0,0.0013801589816117151,0.003182004036040802,0.0033211811609752356,0.0,0.0022223624562102457,0.0015306129671768093,0.003204286087833123,0.001891772665642649,0.0,0.0017521683570446232,0.0019075639941974053,0.003507495551159238,0.0,0.0013068595492575705,0.0016365998311692741,0.002253555093835521,0.0005276738196012137,0.0,0.0012969553197370262,0.003808928380999681,0.002148663470207186,0.0,0.000562042316957403,0.0028498424690203868,0.0013459106516637179,0.00596792721138689,0.0,0.011627454575940822,0.05033091996378418
4.426470588235294,0.06935577951411684,0.05522005488357333,0.0,0.050092415008935486,0.03465510199070129,0.03210676025794636,0.0,0.023202699651035115,0.01644485378196942,0.013596901779980894,0.009122074234053918,0.0,0.014138045164163057,0.013134183959173144,0.004402459771978383,0.002150279407377849,0.0,0.0005495097298230335,0.001953514447601956,0.00197865688247603,0.0,0.0009589715583157316,0.0006727182972088702,0.003672723610080206,0.00212951798431468,0.0,0.0031072679605451035,0.0042544629553913395,0.001151960459419356,0.0,0.0013149652094468277,0.0024739229043525815,0.0008407566011520886,0.0003960065427275694,0.0,7.405685113796155e-05,0.0013636990454963382,0.0009403517214871593,0.0,0.004122088086789125,0.005035288540070395,0.003022872940529195,0.002245651654327573,0.0,0.021383570485327096,0.044483870258214694
4.4411764705882355,0.14784734826450813,0.07706437389277385,0.0,0.04290072029619454,0.018737709822829345,0.028391654077014272,0.0,0.015045129654035393,0.041752097425763676,0.009974388937490032,0.029202493977838875,0.0,0.053499168242403056,0.03167154679861108,0.004849821608270216,0.0034638053323660335,0.0,0.005858335487371073,0.0023475952573370324,0.0019307514941146,0.0,0.002020764013643193,0.00495326328543857,0.005617251068515352,0.00241329783315327,0.0,0.0015839236570729482,0.0014949626265910328,0.0008107242082898267,0.0,0.0014198845169838695,0.0016970117969066106,0.0013723772095609555,0.0008939261300685975,0.0,0.0006171134322005495,0.0017447406644539682,0.0016692776060019295,0.0,0.0037690239821318145,0.0008092344568455406,0.0020511702177054888,0.009087705757221499,0.0,0.00445656716913328,0.06129057594882864
4.455882352941177,0.08616399020104998,0.02225191423840816,0.0,0.0173959422639972,0.013376960909573824,0.009613934548328054,0.0,0.009919514005892336,0.01748488870260058,0.025279651107842926,0.04923474668960643,0.0,0.05801622362963722,0.016756037222883213,0.012281548253229317,0.009035781631795038,0.0,0.002166944273971109,0.004075715853764916,0.003044054458002936,0.0,0.0016430357036062771,0.001889270430514618,0.0024391191785537443,0.0019842208119885034,0.0,0.0007070281973330574,0.0023500331034770434,0.003238073250499575,0.0,0.002241439704048577,0.0005797451123426738,0.0016108270506151128,0.001785246233181922,0.0,0.0012362700280779757,0.0023051578733164625,0.004145780029898615,0.0,0.004406179116145688,0.004419132216502022,0.003450657623143086,0.004308422182589439,0.0,0.004374190465710689,0.046004407305076045
4.470588235294118,0.035372940699002625,0.016415115238033365,0.0,0.022192443209636738,0.03543205988685008,0.05959804036299214,0.0,0.1501376189263357,0.12811514922776102,0.14075781259749354,0.09779363603981278,0.0,0.051056464928723885,0.03537766874067415,0.01963791910203229,0.003157182501671758,0.0,0.004139475308367625,0.001962190986475996,0.0017440880611974817,0.0,0.0029313920799088483,0.00125777634961763,0.0017010110349152524,0.0030625411546652236,0.0,0.002356779215236039,0.002840568079595061,0.0005061711853744986,0.0,0.0028013333087631947,0.0012134619769066924,0.0003725069256433134,0.0011868058742301366,0.0,0.00312464999321169,0.0025301528607568993,0.0012687834337404892,0.0,0.001245943363200519,0.0006893541130542729,0.0009026423886434996,0.0013324397859012292,0.0,0.0006470032859617282,0.016739142413272724
4.485294117647059,0.03934907187916352,0.03969260221563768,0.0,0.020212895261235795,0.006364383519976383,0.03165475919601421,0.0,0.04220005308654238,0.014818848079429334,0.010507611733364355,0.1849174592055361,0.0,0.18577603821633992,0.021683316385261747,0.02163635172817921,0.014907495266031197,0.0,0.00206382463200634,0.005965539993805538,0.004609319348341708,0.0,0.001894510311391217,0.0024624689689833786,0.0024461856933578768,0.0017992343909852152,0.0,0.002657756660684709,0.003065004253802962,0.0034399858564118807,0.0,0.0013415263399140834,0.0008966461806087247,0.003946166181515568,0.006759498949477459,0.0,0.006047980120356868,0.0012731722141794948,0.0021101265983935005,0.0,0.0021206207651654997,0.0002663111069093044,0.0009763354146665871,0.0014874793373501817,0.0,0.0010730281817541913,0.020420772381285573
4.5,0.05914681075876173,0.04725787878318258,0.0,0.011928909018949631,0.027687038884287533,0.06665357768955016,0.0,0.029567518379605216,0.022320253481763724,0.10662483946286863,0.20853774558345356,0.0,0.040466071833225925,0.006433470202646129,0.0027178674531263074,0.00836122972709756,0.0,0.006723637809866101,0.002013241293257563,0.0018338939875883781,0.0,0.007053645031015158,0.005320810662582023,0.003948675745728292,0.003334638510948498,0.0,0.002160751268545989,0.0013381632094176836,0.001753078033497411,0.0,0.0023895235767758894,0.002148376920507892,0.0017970050978174635,0.0031992799662854832,0.0,0.0013731339897744017,0.0019263869053201094,0.0030177467842873737,0.0,0.004205025456099497,0.0026280486766956128,0.0007188717243048234,0.0032982203083368796,0.0,0.0009607815465484232,0.010633559949117494
4.514705882352941,0.2392051174191465,0.08699047527171591,0.0,0.023589995181686658,0.015746111679206476,0.008873425173455653,0.0,0.023224976271897374,0.10815490356926576,0.1855631043871751,0.187782804033132,0.0,0.08278036946321622,0.015081107985879427,0.008349326903802691,0.008368805598708944,0.0,0.007363400873512961,0.006093512918571874,0.0034955343102092183,0.0,0.002155997168068732,0.0033004722692192346,0.004840725239002039,0.004651462008422277,0.0,0.004030820612974221,0.004738452387282904,0.0043636070463323635,0.0,0.0006227048104135327,0.001731542958037746,0.0028196495040282133,0.003866467366901406,0.0,0.0031184255799021907,0.0014020928836440184,0.0010924093304745374,0.0,0.001508086847839309,0.0010526142059881917,0.0014755493917640837,0.0009639384860807733,0.0,0.001410469212512749,0.01253647397778726
4.529411764705882,0.05759270777024298,0.031138597030917398,0.0,0.009024154263894918,0.009159751670200028,0.0032243790446894356,0.0,0.003962608263859244,0.005934570347470093,0.04524037228407428,0.04759502326523491,0.0,0.03588580161595167,0.015544867022671768,0.0045030617275725274,0.005199974394790583,0.0,0.002408437553823392,0.002121988446501802,0.0014794278240794542,0.0,0.001641002720792313,0.001059597042716582,0.0008357735176960301,0.0010362626435374632,0.0,0.0030258480967184096,0.0025885848120993688,0.0009254378089573376,0.0,0.0006587508913490033,0.0009707531695651117,0.0012595783668122886,0.0033853312708574585,0.0,0.0014312388598121083,0.0006460152554351395,0.0006687217928909847,0.0,0.0012882726687806897,0.0007988721054968248,0.0014738620040848187,0.0009503573669113283,0.0,0.0011746602748104369,0.004857098209082852
4.544117647058823,0.07846419224149713,0.0681137798399493,0.0,0.022988118523471924,0.009416178878729213,0.03190503994899033,0.0,0.023532070943695946,0.0032357410376365812,0.014384913128037313,0.006150192418526596,0.0,0.0021934368822717517,0.00233563611409713,0.002787106624754206,0.0041933697770139755,0.0,0.0030040586934776395,0.0037522408021674752,0.003991242904283446,0.0,0.002768407938105563,0.0021867761641668256,0.0015012867287238771,0.004819437261880544,0.0,0.004245446777872531,0.0022149638957852753,0.00123913614166955,0.0,0.00024002840013970684,0.0026765851098916825,0.0037387836422945525,0.002970802946527935,0.0,0.0009782040399122728,0.0006427921123709167,0.0004822982279889365,0.0,0.001140333835813804,0.001759702139744382,0.0023318724696094408,0.0005063903493915619,0.0,0.0016421255663147533,0.0023921868834509644
4.5588235294117645,0.11625115915857792,0.028391412421634517,0.0,0.015565465168986176,0.016288909206551204,0.00492892752283722,0.0,0.012236855624630606,0.04020503647676772,0.06331054205123005,0.08420990792907143,0.0,0.02556229964644853,0.011132267751048018,0.008547529839140058,0.0009877940356951167,0.0,0.00264736134375164,0.0027909623058467526,0.002116370010985458,0.0,0.002508100582158966,0.0025232046134169676,0.002542732484934864,0.0033127010148521325,0.0,0.003125989901624042,0.0016034985220224032,0.0005185662951300335,0.0,0.00080369935943947,0.0010532566814300218,0.002494923613085725,0.0042791430986964625,0.0,0.0017883915682297016,0.0007059701896144251,0.0018808317714627792,0.0,0.0014620836753020075,0.0006904899418755308,0.0010796734872486743,0.0020075616148845206,0.0,0.0015674399894039974,0.004023124614740875
4.573529411764706,0.04018754891862647,0.008642082376314055,0.0,0.020713802603256712,0.017350631761537533,0.006099333950162643,0.0,0.050275979216891295,0.09036580187016753,0.14504767934796498,0.1212531301950265,0.0,0.03054857799974494,0.003978531006969725,0.004928354790136909,0.0021234884127665126,0.0,0.003423394344771896,0.003581620258135375,0.004105324919594074,0.0,0.004473610458113326,0.0016044341630630794,0.0009241072638540397,0.002355019002749066,0.0,0.0020939378799919557,0.002410394764466434,0.0017719236637440355,0.0,0.0016692272856566332,0.002564043803060841,0.001824676630529344,0.0025651642447460494,0.0,0.002538891786239762,0.002109388199624427,0.0025017409779733513,0.0,0.0010409978101367622,0.0007792417972761416,0.0033930669115600563,0.0016508211731248695,0.0,0.0031734072943415247,0.007817589107434637
4.588235294117647,0.07077283954185491,0.04597091822909115,0.0,0.03089107102207952,0.03214611812704321,0.01958981989286059,0.0,0.009490458998263012,0.05988960707702394,0.048579038093470105,0.04111177770309835,0.0,0.03326882803075199,0.015596407611072782,0.014509648410822324,0.006820800412890314,0.0,0.0025392683020759917,0.0012958094864179443,0.00028536915138392715,0.0,0.0015494285466351402,0.0030071323683175987,0.0024855118325823418,0.0009991619768493524,0.0,0.00014277904681500494,0.0023400594649185943,0.002371875335219221,0.0,0.0015626474472660752,0.0004276337235984901,0.0005694217851247464,0.001969089853485045,0.0,0.0013928549461011477,0.0002980660426842183,0.0007891510268511378,0.0,0.0012410214049184225,0.0031651726668138836,0.0021616333209541956,0.005061874151826351,0.0,0.0038140966834694584,0.012323332250537554
4.602941176470588,0.04940368337950887,0.0297503825710416,0.0,0.00978615525349237,0.01764887092842794,0.00704267432065898,0.0,0.008743613432646385,0.04133951602217667,0.06058607847999541,0.04653989427629995,0.0,0.01248494411262576,0.011111266436221677,0.005128813113526355,0.003271552656773526,0.0,0.0007796747358637493,0.002048076984418537,0.001787208643403881,0.0,0.0009661957709302632,0.0026387420795324,0.002966708569913065,0.0014661860978131998,0.0,0.001052199409142318,0.0015352826306365198,0.0009029815263089138,0.0,0.001123251566543042,0.002324630459037267,0.0007681290443654818,0.00044574827887299516,0.0,0.002216194069293005,0.0026779570565306984,0.0028607998869363553,0.0,0.0025676240184412153,0.0033335966070357245,0.0024932461313580735,0.0029063439597016806,0.0,0.009527726041418437,0.020940659757698158
4.61764705882353,0.17540122777462872,0.08761603518779287,0.0,0.03365679403530938,0.014212733637812244,0.013177677012738379,0.0,0.007049269118472834,0.011277059728950925,0.00933284925697779,0.019490312367013186,0.0,0.0361982034922156,0.0026200619652652557,0.007377690530500082,0.0022417699105476622,0.0,0.0058994099937553016,0.0018897591812436667,0.0010287547326588188,0.0,0.0005788934604430211,0.001753193799477699,0.002349976056301805,0.001442813723523507,0.0,0.0017701413288579138,0.0011755634250748743,0.0010256405415698814,0.0,0.0010572473624020238,0.0024708950895136117,0.004262786315383859,0.002766141660340278,0.0,0.0011720173395242503,0.001454430172185646,0.002740090408996908,0.0,0.003880275907682777,0.0024891189158891846,0.0021347773257095765,0.007346055953284627,0.0,0.005921387827951525,0.045758836528046354
4.632352941176471,0.10422361897327592,0.0931063806901472,0.0,0.030591215010191738,0.004486201323290686,0.0018293484826035426,0.0,0.006573020799785067,0.08738299152732337,0.05239041958325581,0.010332137284448832,0.0,0.037914702774641255,0.007144629411675768,0.019535277783303936,0.0032886459844532062,0.0,0.004574863569645198,0.0059634003923803094,0.00434792528463631,0.0,0.0032126340628902024,0.0021812513083059393,0.0015709318800487262,0.0008069674329918321,0.0,0.0016824371143743162,0.001953556464310646,0.0011787808380600325,0.0,0.0006317098714480138,0.0024705962346825406,0.002102929291183198,0.000906544318640666,0.0,0.004237764556774344,0.0030242495971705887,0.0004905133679799124,0.0,0.004501580020056874,0.002292298746758148,0.002933293221303745,0.0014637303152816642,0.0,0.014905590602901428,0.05105676266326341
4.647058823529412,0.20109924397100581,0.07777210933613256,0.0,0.01300257594824158,0.0015146163556025735,0.027919628238012372,0.0,0.1230344603687826,0.115576499508377,0.016025755899893152,0.021174745692114805,0.0,0.040556243884409295,0.04587880559027836,0.010299463680360013,0.003926580584771464,0.0,0.0020076315273168674,0.003178593804467296,0.003182764105353846,0.0,0.0024933302405060745,0.0014680926446446856,0.0005610566512385003,0.0015339837699933523,0.0,0.0007808841900554576,0.0006340597549030281,0.0008690107742643505,0.0,0.0005913093027587955,0.0013682102763971221,0.002400527389918371,0.002433385618307227,0.0,0.0011206770005425947,0.0013500714149768914,0.0011493456122125515,0.0,0.005670052255417442,0.0036799452707871804,0.0013006974677089815,0.006504219428608168,0.0,0.010234368479928521,0.038005960228675514
4.661764705882353,0.11733037470151733,0.04711568954868204,0.0,0.03145509011796324,0.028100850871069,0.0048838687455702474,0.0,0.015566186112993374,0.020079585936604742,0.04208881734572156,0.032489483256457105,0.0,0.01977932594459103,0.0038007947365265695,0.015741590641004707,0.013538502347714762,0.0,0.004527262775933287,0.004544971422016827,0.008666998496382763,0.0,0.009888491763582627,0.00308924656617226,0.001187077858300486,0.002639015033646408,0.0,0.0007575034715287339,0.002698424625141914,0.0025112204640561292,0.0,0.0029784919001575655,0.0028960686386615116,0.0023991236993005944,0.004382480216039681,0.0,0.004264080524661408,0.004470289617481903,0.0022418834820422647,0.0,0.004032692301816981,0.00421386438148218,0.0011292494890527693,0.005276085632404913,0.0,0.02029332746582667,0.051371999988896355
4.676470588235294,0.10207820953029345,0.034507171424163464,0.0,0.01920299656187356,0.010275549397119704,0.01652248604434347,0.0,0.03707774759612904,0.05349140948432407,0.04906517182526014,0.010249604049426117,0.0,0.017172027559022238,0.0015395304027808463,0.007144120464073601,0.0052156297517563345,0.0,0.002409618547287756,0.002674928988867315,0.0013398569258329827,0.0,0.0025900713795564407,0.0032020663577123705,0.003699350640945398,0.00485337975338879,0.0,0.005593943275858132,0.002146093710128684,0.000589813184672158,0.0,0.001027154245915726,0.0010525563374072038,0.0011935357022936509,0.0015065408044337028,0.0,0.0023146963784885224,0.0031815979086717303,0.0025721433854833413,0.0,0.004301140721401047,0.0008602552011370977,0.0010526319730576022,0.006970304584031422,0.0,0.025019293760124628,0.0674786101011765
4.6911764705882355,0.03291925741113218,0.019906852501530542,0.0,0.003427218392451638,0.01005009529837006,0.02606462137255771,0.0,0.023625395119877712,0.0017997052369725763,0.08004493230694226,0.1234882745560948,0.0,0.05882102675197526,0.020146496616395254,0.009539537128910489,0.008349888367955915,0.0,0.004366194808329649,0.004794836158705637,0.002460972400315325,0.0,0.0015834207770343233,0.0018363480071639851,0.0021931726285622562,0.0015253541679380222,0.0,0.001507435165537758,0.0021076504687386785,0.0004945293868897412,0.0,0.001750908034829981,0.0009996773559259513,0.0011561308895751028,0.00102970221856906,0.0,0.0029656651419016355,0.0013006465460125443,0.004930450393097019,0.0,0.0011179776308618645,0.002086055216312938,0.005748391013937699,0.005409335256167768,0.0,0.02594209539238101,0.13148202520805835
4.705882352941177,0.12354305751154021,0.018867458361685997,0.0,0.011756314268888516,0.003762241439895069,0.012280926647856374,0.0,0.030820119043139145,0.14487974324027292,0.1695209033663797,0.0628854565467955,0.0,0.005571564826330937,0.03652539140755972,0.020017727358832192,0.0013292272868766159,0.0,0.0015173320727177612,0.001057577608149849,0.00067527426928779,0.0,0.0038171211564075698,0.001484646531339957,0.002348875515518027,0.002453060157543072,0.0,0.0024514984770600654,0.0025511746630411955,0.0015333087202758216,0.0,0.0030169865942914287,0.0035375263686177457,0.0010521108139123195,0.001950220531928301,0.0,0.0020289293445691055,0.000801111629999355,0.0025315313990304667,0.0,0.0017213739282687854,0.003397784537285425,0.009649896009339165,0.00984345386699597,0.0,0.018818886474727934,0.14455071752706178
4.720588235294118,0.04550141235406716,0.00815209161790328,0.0,0.013155964705400555,0.016039120215583978,0.04941278812978748,0.0,0.008457255448221016,0.023426263028935503,0.02251065415738916,0.07525627605608627,0.0,0.008035598186892801,0.00363102349907715,0.01326472531013773,0.006408963702778351,0.0,0.0017395801719395226,0.0020804577619049336,0.001999646673819002,0.0,0.000894164861916926,0.0012951277726412308,0.0022000293787957426,0.0020810337758093485,0.0,0.002397062958802092,0.001680002572345578,0.0012751668157439029,0.0,0.00179693620623483,0.0023288572275313984,0.002945919017035929,0.001737775725022794,0.0,0.0019679736150636303,0.0009712674126723431,0.0013270071545383251,0.0,0.001141445854587008,0.00402577229864649,0.0017296008196509651,0.008882928711106552,0.0,0.015578238218903383,0.11532537441616716
4.735294117647059,0.13602522274359488,0.04890924353723512,0.0,0.01419626748400871,0.03938095341300329,0.0436191088432844,0.0,0.01024809119792539,0.020596774182341376,0.018043137111308293,0.02788633992175176,0.0,0.0034301373966742973,0.005678606370313743,0.009755544915029809,0.0071796199820016535,0.0,0.002171088408163958,0.0007346765444024431,0.0025725345393734335,0.0,0.006922827349618972,0.005167113400384893,0.0009383835498467001,0.00329075208322109,0.0,0.0010917573896926775,0.0008447881638891264,0.0010495388842446825,0.0,0.0012922460596190197,0.0012885440810954125,0.0007861335037260044,0.0015832734301775443,0.0,0.0011990388951137172,0.0020031651268736118,0.0009938122009994226,0.0,0.0019139933623330179,0.0013876898712770654,0.006835350390630499,0.0029401480818976263,0.0,0.017839348374071053,0.05960210253311433
4.75,0.10712001953178718,0.04067192532883995,0.0,0.017959622763746713,0.028306702361790434,0.027385747069082363,0.0,0.0047082180830053605,0.03904797234929243,0.033084293224874696,0.03562092904124797,0.0,0.06007278452313148,0.029744509189248567,0.0044167280435866854,0.002639599472014341,0.0,0.0014404398636145826,0.003345126248845408,0.0012684006713655797,0.0,0.0009314042535562483,0.001600127887797071,0.0018564454988198881,0.0034878331234515962,0.0,0.00839551137240954,0.005111646823095181,0.003156954493727444,0.0,0.00070010364987613,0.0006399261282507595,0.002376071586737564,0.00495097311340031,0.0,0.005438874924666462,0.0019187072794082385,0.0007723795368042692,0.0,0.0029333828601890025,0.0021110334879150074,0.001482277314081843,0.0047029557403414435,0.0,0.007739697506381933,0.03485001933455896
4.764705882352941,0.13366142344487142,0.021366468938478614,0.0,0.01995077221968713,0.02892428423661113,0.032148749885692204,0.0,0.029505962425771887,0.05993653816521852,0.021257737335691397,0.015281077222133404,0.0,0.015039514335481693,0.008178522671898267,0.01704768503991721,0.004739690208131118,0.0,0.0008236673092681494,0.00042096120562136794,0.002794534736331348,0.0,0.0027042926436869476,0.0017025424580572165,0.0018878921352640898,0.002560153983485077,0.0,0.0021468829849598118,0.001803192159212055,0.005022563144753175,0.0,0.0018271180649538914,0.0014989306998843567,0.0028482645240224124,0.003417041706161995,0.0,0.002305008551582881,0.0024771096526653835,0.0016085644308915013,0.0,0.003223052875364441,0.003151526642970478,0.0029516967721218883,0.002276813853640422,0.0,0.002518463488810424,0.015827733049334505
4.779411764705882,0.16703574069250646,0.03990893295114228,0.0,0.007831705742243854,0.008964921745410526,0.020022310911897254,0.0,0.01120781891679791,0.00995522242647236,0.055914379367884515,0.08069026339901633,0.0,0.016884189211495416,0.010915659019958316,0.008314744549912444,0.006652488307229406,0.0,0.0006978038810076648,0.00027143039404837316,0.003533963055922568,0.0,0.0021995370708121293,0.002223973392394109,0.0029647172804639784,0.002181456389822302,0.0,0.003239992136520614,0.00440828563669573,0.00457249695750966,0.0,0.004161837468636097,0.003592596758967166,0.0020646666034452453,0.0010727948290645357,0.0,0.002668133820006094,0.003105697946307823,0.002772205869872991,0.0,0.0014733020121909949,0.002273715685288608,0.0026980276028439527,0.0020003447659669633,0.0,0.002403250886041989,0.0071975834617720065
4.794117647058823,0.09309168525923761,0.08415709676696577,0.0,0.018363618564073262,0.019890585515906663,0.028719543505521042,0.0,0.02137433417909705,0.010082503765812406,0.028550403935197033,0.15198001628198604,0.0,0.0915239395180368,0.006846211386852934,0.00501236321317384,0.007354945574838819,0.0,0.0034884439074860155,0.001093759780848306,0.0030465618621676495,0.0,0.0016658705112930661,0.0027954181555099895,0.00440443058177341,0.003905923313646396,0.0,0.004357387495802813,0.0011190894345055825,0.0006414084870277795,0.0,0.0012708952769582445,0.0006600941858277854,0.002244971688140767,0.0022222069152191552,0.0,0.0007010839217926667,0.002507812134619034,0.005047826914471091,0.0,0.005205276778362506,0.0021300253583081295,0.001073504919221071,0.0009694711520081526,0.0,0.006518980172976422,0.005358031782329851
4.8088235294117645,0.0638211474822601,0.0529564475845237,0.0,0.03201190846789701,0.01454718943455011,0.014449262401426308,0.0,0.009742373201178958,0.00287084228833012,0.032230732131735766,0.058972065534381016,0.0,0.025512828120882135,0.02441614420555455,0.007764174752910693,0.003831795174449899,0.0,0.0019458460295462016,0.003353756002348397,0.005464336052306322,0.0,0.0033567230256908707,0.001760866305873405,0.0009954581061939467,0.0023931500045357764,0.0,0.0027991596429731112,0.0024491028969138217,0.004433550534269612,0.0,0.0034698974328230578,0.0024545630424525743,0.0015356759704561395,0.0014945564171254336,0.0,0.004326846272407162,0.0020995826585048388,0.0016825544487565776,0.0,0.0016151502336118877,0.001751274076910427,0.000796598486698304,0.0023088351398781234,0.0,0.0027759250360390344,0.00727736054135152
4.8235294117647065,0.018819427720547628,0.022058610056028934,0.0,0.022935123895619063,0.0020622384762405688,0.004652303315222805,0.0,0.010312953023329444,0.04211590767704618,0.07730413071890865,0.038651830637342566,0.0,0.06022095441735363,0.03867928970370029,0.011683358925124423,0.0016746466589294975,0.0,0.0013233654120974902,0.0017367072033264755,0.0020222784309493302,0.0,0.00045070084523646036,0.001832770755179271,0.00240604942737548,0.0023544956204046568,0.0,0.0016955338076014642,0.0011202658781636543,0.0005292246022905751,0.0,0.0011854363204244639,0.002174574136304405,0.004621468045532124,0.002775842449433567,0.0,0.0032299211424144433,0.002520521325582588,0.001805116907704767,0.0,0.0030198500932857777,0.003172876516508887,0.004835084004225967,0.006112897183102735,0.0,0.001351469589550044,0.008313446802475992
4.838235294117647,0.16309572267662856,0.08823485414431873,0.0,0.021402909885156498,0.01069412444563404,0.00820855342533981,0.0,0.003007387083995645,0.0031079279598962457,0.003389885483492172,0.02586042630124135,0.0,0.04246022749515012,0.009998045359244005,0.0028524960293446642,0.0035411071299476615,0.0,0.0016206467643723234,0.0020919774078197975,0.002753972722677653,0.0,0.0008346813627919792,0.0010597244243127739,0.0022634723160910573,0.003634418131428915,0.0,0.003207880040936744,0.0013025094720173266,0.0006362750239336635,0.0,0.001227712389969729,0.0027203146475459294,0.0046213289920675645,0.00227043068106868,0.0,0.0008181176426268818,0.0011613388699259063,0.0004615200808945002,0.0,0.0014796157934449147,0.0014594643348284832,0.003313320583135416,0.0031307713197290254,0.0,0.0022211543317254964,0.00817229866128333
4.852941176470589,0.0420155703022634,0.037861341523481015,0.0,0.036576323402992994,0.04220955969727862,0.04090427201041431,0.0,0.03539995926539376,0.05762150502329074,0.05708776972993482,0.015403040362946164,0.0,0.0018873472381497698,0.006213934096130608,0.0030594668675316093,0.00410691535036813,0.0,0.003162605992466638,0.002279178081677028,0.00343142767475496,0.0,0.0031287823354334164,0.0015824503213408632,0.0005902332285855512,0.0013502085075833459,0.0,0.0019088629479399465,0.001438269620358732,0.0010192122322710009,0.0,0.002135598863416292,0.005523622031661982,0.0061298949783587745,0.001983497522565476,0.0,0.0007753909536325605,0.0007806430074723295,0.0009720535811189393,0.0,0.0023239466773924715,0.003172793189648756,0.0023476023932316324,0.005919561326614543,0.0,0.00223255611525996,0.016471322040169836
4.867647058823529,0.09518850614626895,0.04808349231569578,0.0,0.01996872373677202,0.037589634061694105,0.07699130762759904,0.0,0.0795069282160381,0.08863018050888086,0.021280451650223242,0.04805652683736571,0.0,0.030771220335664016,0.007549101078926356,0.001599568703152481,0.0018145817025768142,0.0,0.0019980049448812052,0.001085583716450643,0.0022185733665754225,0.0,0.0020799140105261047,0.0009668033185556706,0.002277162796184326,0.0021831013025979304,0.0,0.0012276156610984705,0.0022786522589946577,0.0039781633329602105,0.0,0.0024607025906380493,0.0022132042498840335,0.001582438255932995,0.0021313019220876805,0.0,0.0006022767309742362,0.0004288300837850691,0.00033554705240771587,0.0,0.0011919669075038239,0.002976354928043035,0.0031293876272262696,0.0013247059791143092,0.0,0.00727070495708264,0.03879132946830414
4.882352941176471,0.04878241860953369,0.029992382091320498,0.0,0.05060636395751418,0.0406571933495289,0.008573455226180512,0.0,0.018138513610117077,0.06616912906121053,0.03368638593342825,0.03138178360541958,0.0,0.027237919695184937,0.014019615254454675,0.0010331967937759923,0.005102696521695757,0.0,0.005129123124421275,0.003980089448349833,0.0005903056671883262,0.0,0.0008046728798848596,0.0021034921613464347,0.002156883430405627,0.001614170256722482,0.0,0.0007789118600699991,0.0007972321162066986,0.000688203567438655,0.0,0.0010430907483107385,0.0015164600412004433,0.0020944410407014473,0.0022134816462621265,0.0,0.0024362882508692676,0.0014975616587544912,0.0009515976157724174,0.0,0.0025515258391374867,0.001655661153266369,0.00188772030059732,0.005143186883488755,0.0,0.010215280234384807,0.042315207697827775
4.897058823529411,0.06287740378860016,0.03501487699029071,0.0,0.020518986124872296,0.020473208768373784,0.02181961675954243,0.0,0.01880450885208511,0.006884997320631805,0.045945748374564985,0.06652483627129349,0.0,0.026475925320196814,0.018065180429072628,0.007767048657491715,0.009241641137718816,0.0,0.00967716413547378,0.003499979281866046,0.001384450844510317,0.0,0.0016281977799224446,0.0031485195479685245,0.001605834035024339,0.002471064069024396,0.0,0.0014253896205046206,0.0013576877877306574,0.0020988453946275353,0.0,0.0027804546549179522,0.0026113795833822627,0.0034184138056893533,0.00235975111815105,0.0,0.001610855244808947,0.0025311042803068404,0.0017150698156168476,0.0,0.0013033333703064247,0.0024594028925025786,0.0015052244814149779,0.0047016658163875815,0.0,0.01024899161582793,0.06842513990544175
4.911764705882353,0.038260833521961565,0.05639400773572302,0.0,0.025730700911002914,0.030830741718617362,0.027536009463023238,0.0,0.028679475144981613,0.0197236483797127,0.03263148460623837,0.007733452677425732,0.0,0.012976099273738169,0.021273993663436266,0.02103700504193597,0.003238044484556386,0.0,0.0035468084327818106,0.002665928893482374,0.004760345425763684,0.0,0.002606137089143209,0.0011003848905630008,0.004039671070718022,0.002847288355061539,0.0,0.0013312082324870582,0.003029298881854884,0.0047002846929384,0.0,0.002949656008052907,0.002060759297904659,0.0014850001078091134,0.001476579027273712,0.0,0.002600148411078805,0.002287501848989697,0.0010309720941939697,0.0,0.0036033971826343577,0.00098329882545013,0.0031671153796772153,0.0029505737870146893,0.0,0.012927461053045715,0.07015471710172103
4.9264705882352935,0.050815913281718965,0.01949405707927633,0.0,0.008792171167859275,0.015955595797812715,0.06196913205517131,0.0,0.08058741773049659,0.01064303919432882,0.008378622839815608,0.011113529737465742,0.0,0.03877119314920709,0.008860041659746081,0.002788499743577048,0.0027708552227343874,0.0,0.0023396575123634336,0.0017846205681994556,0.0012184164241325532,0.0,0.0031558272421412766,0.006838562583410234,0.003930428841374019,0.0009736606795823445,0.0,0.00037434757453574,0.0008187483381249614,0.0008759674979013362,0.0,0.0012726320027636865,0.0010459661544547437,0.001333331330519371,0.0010586882270569233,0.0,0.0028365824696336924,0.002279866981688224,0.002593403602210785,0.0,0.0037107576822808805,0.0015656648363283053,0.0023795773515112133,0.011633551977664067,0.0,0.009069903897210834,0.0512502737185449
4.9411764705882355,0.08513808322931873,0.018932547343341273,0.0,0.02614849272238113,0.019875442606440794,0.01824067907161478,0.0,0.023173776421583015,0.010911987762671523,0.05901179093137501,0.048006349386880684,0.0,0.0054960748530925516,0.004897949131261737,0.0015475601553870209,0.0027264294735067063,0.0,0.0030681825373685967,0.0013310858214795143,0.0005654799228564831,0.0,0.002777696716582941,0.003368642134543175,0.004028359091974413,0.0005761291786819977,0.0,0.0022085584496398603,0.0025795791368464407,0.0022496457189927163,0.0,0.0022913265764627796,0.001294865328384459,0.003710826830461521,0.0033851715185759727,0.0,0.002569865772426973,0.0020961972884608973,0.0013670678764652134,0.0,0.002006766856465953,0.0030228520575319327,0.004441402651265673,0.0020145447009623806,0.0,0.015555745006757389,0.049020637358429764
4.955882352941176,0.05114934098014168,0.020171769424551213,0.0,0.026454487436112062,0.040400222437293826,0.029686873850021295,0.0,0.024046357521819144,0.11488153575426929,0.03993918644097803,0.010531652833780436,0.0,0.007772233575100609,0.007878142030654959,0.00581943029431152,0.0022357646536722516,0.0,0.00398302347507612,0.004348076353331872,0.0018896497470357642,0.0,0.0015258861585691129,0.0024929169734265906,0.0022223907530859966,0.003045037990809828,0.0,0.0035907024058821567,0.0030354649443918216,0.0014451337172059183,0.0,0.0027622804245961067,0.0033905470371300745,0.002226133243892506,0.005217525337115388,0.0,0.002890340127906264,0.0010156019395451007,0.0012069524083654073,0.0,0.001935567954146459,0.0028630837538870424,0.0010346956631766334,0.003283196349766965,0.0,0.013413958386961142,0.056963020095164574
4.970588235294118,0.11912320122614246,0.02924428238543504,0.0,0.023712841870821386,0.018303981088360753,0.005110884055217929,0.0,0.007090142551883854,0.06929063477580313,0.016968371008930498,0.018802137239078094,0.0,0.005965001254526259,0.0012846638769172477,0.0010166171027048768,0.0057153895191349915,0.0,0.0065046475682099605,0.0019037682988652354,0.001086618693928701,0.0,0.0016645303197493455,0.0019465271658218415,0.0021823428030950122,0.0005551689146792325,0.0,0.002693754814737721,0.004273072693080602,0.0025640640025716204,0.0,0.0008592283971636857,0.002276765130339491,0.0049454640383093116,0.002323956542411255,0.0,0.002273313492084394,0.0024008805128695842,0.0018482748865635626,0.0,0.0016686634848991815,0.0005995679819852292,0.0036729558034260187,0.0021646707870424655,0.0,0.012025761598867084,0.04223916826165567
4.985294117647058,0.1270928246349302,0.06904263501365993,0.0,0.011809124264889653,0.008570052114250083,0.017306825280309905,0.0,0.005756648327421615,0.049688195559667636,0.031222972535363533,0.0043946085501178,0.0,0.014617220280290406,0.0033586078698756333,0.0037626286080603617,0.004520790135862573,0.0,0.00433186888726024,0.002663921117787899,0.003751457447844263,0.0,0.002959654765912254,0.000528737427120339,0.001051700400399094,0.0009598772510849964,0.0,0.0012294030003081014,0.0017202660194606811,0.0018308684788256864,0.0,0.0015392265661022416,0.0010503455753421464,0.00142855258710591,0.002371591049805012,0.0,0.0015847861134846565,0.0012110152082439297,0.0005237971976894092,0.0,0.001043583004935418,0.0010950425948868126,0.0022802886821836634,0.0032856379320876936,0.0,0.016253607425525812,0.05005080905123013
5.0,0.14155205360612874,0.012467677622501987,0.0,0.004015321875929778,0.03313951811324756,0.0937201203045975,0.0,0.061267516758661156,0.005318927303369444,0.018435330241529924,0.02307012239418809,0.0,0.009543759686331223,0.013942996861833744,0.0022031169283601476,0.002496126918486971,0.0,0.0010993156571041146,0.0008606419965217417,0.0006425248967961623,0.0,0.0008476893831241471,0.0014866799431573073,0.002823279443610213,0.002766577148115156,0.0,0.0011525787567676295,0.0008308820382756852,0.000960613405625967,0.0,0.0016303804276610646,0.002069878822461157,0.0015977777119711898,0.002232383652742175,0.0,0.0027450569385110016,0.0013834129040766448,0.0014247070351383615,0.0,0.0012643977937422334,0.001520668851249427,0.0017564507457988074,0.008431211957640523,0.0,0.008405157170427656,0.05098543680184691
5.014705882352941,0.07133383478736649,0.03245677956244978,0.0,0.018033337871242783,0.007258081185164458,0.017683639895324767,0.0,0.017923205270433624,0.08605990414856873,0.12244170889060177,0.0345267438451958,0.0,0.01004303356094782,0.024418922154003007,0.00780344962527367,0.003705804417617604,0.0,0.00555323874101124,0.00544571660618972,0.0019069798462079109,0.0,0.0008851916485184689,0.002157879945648342,0.002964904731694086,0.003005556469284649,0.0,0.0027219488035944706,0.0020342334086218762,0.001819410371917071,0.0,0.0017628325879476688,0.0010009649634786218,0.0018029282314134195,0.0011587943115665765,0.0,0.0018845046171628488,0.002413521181304818,0.0028202858370510522,0.0,0.0025006029681945824,0.0038538314067055887,0.001591067902727054,0.0020624716642561438,0.0,0.009797758379626936,0.044576191681726246
5.029411764705882,0.03844558849145825,0.01514297413926644,0.0,0.016084546828897556,0.0066890324796304804,0.014141990670700813,0.0,0.011381192039430388,0.013961205302099263,0.02194668791694337,0.002707848698049229,0.0,0.008119700652906939,0.010020091227979309,0.01257326870215528,0.00603792767067279,0.0,0.004350622954243809,0.0015528784816945336,0.0013312798998812395,0.0,0.0026919683139589854,0.005144766161595043,0.002965712153339342,0.0016287776897478243,0.0,0.0021762106748982597,0.0013694384145344237,0.0012099690175107365,0.0,0.0005869417453636047,0.0023212166742060765,0.0027241263959736643,0.0028199792696200214,0.0,0.0016213648597859236,0.001234072329098599,0.0006227013848019279,0.0,0.0034564592250628332,0.0012930937640374895,0.0023963551401614677,0.003718925032656262,0.0,0.008912798698759687,0.028845704815050284
5.044117647058823,0.1426037318750136,0.038642369432679326,0.0,0.02021163869444263,0.017348882147963703,0.022324627021876965,0.0,0.035069134974328786,0.11098703750937863,0.07590907566185695,0.012571486203208419,0.0,0.0345514192882294,0.012773349848957966,0.002186025782973845,0.0028316195724846986,0.0,0.005678328209631812,0.00491620239894623,0.0014390079019238008,0.0,0.0019941983449821795,0.0019216286373823967,0.0007737699419208636,0.0011368413791075249,0.0,0.000654845297704147,0.0024254627074878814,0.0031133830157482655,0.0,0.0025983709608538644,0.0061069768096160765,0.003988907725518777,0.002226083592324085,0.0,0.002764323375240929,0.0014992202028890201,0.0006083007037509863,0.0,0.0020316494157887766,0.00048017922440682386,0.001736075974554345,0.001148048078467175,0.0,0.009093579834451321,0.01744061709796999
5.0588235294117645,0.0354374737883843,0.028373263394314827,0.0,0.01826939087639542,0.009313283167089736,0.01766353365066757,0.0,0.022770781273936516,0.09363527857105416,0.1362001310519469,0.038548511154400555,0.0,0.022281199897727724,0.017537910303924906,0.007581799864562039,0.004852477551695454,0.0,0.002629150957255369,0.0025891399619263258,0.0023061415979254104,0.0,0.0011141058278315303,0.0021457041506057605,0.002512383445213093,0.002890680435209499,0.0,0.0034563667996173587,0.0010959830950846967,0.0025233213603356353,0.0,0.004402824301385582,0.002692306159586064,0.002041231826543777,0.0010284489376191125,0.0,0.0018476785015815345,0.004723185521939892,0.004794126512048278,0.0,0.0030676495271385286,0.004072630193473553,0.0057596563908054125,0.0032130363468275054,0.0,0.004734690344252574,0.016156598529299748
5.073529411764706,0.13973086450319208,0.026434141623701453,0.0,0.017434558520734188,0.02192239034096942,0.02144832318644544,0.0,0.057113963051167574,0.10562975936036786,0.07358505655970596,0.0459429899322614,0.0,0.03515053792969702,0.010545828401898374,0.0027831516638359317,0.0037645930392067096,0.0,0.0026699879199245,0.0037605964627806755,0.004357810203401195,0.0,0.0024681751551867935,0.0018924224567513125,0.0014329530580480061,0.0016325917697933925,0.0,0.0014282614514626703,0.0019980571950610395,0.003376128965480013,0.0,0.0024118707142440675,0.002507749897703358,0.002114342005825119,0.002246631830064424,0.0,0.0007498549381430526,0.0015886884588744046,0.0006912145639645496,0.0,0.0014605292518774613,0.0028998265142298986,0.001182871707806322,0.0009616303839438511,0.0,0.002758087097380952,0.012777041399343126
5.088235294117647,0.10242352914167258,0.0479509305376035,0.0,0.034444493251905996,0.003748821417222375,0.0074764360984238346,0.0,0.007848367779280278,0.02176577737591806,0.05685133647168575,0.05380098770380204,0.0,0.011596286390817109,0.004043506856867026,0.005619139403276926,0.0058422801191590785,0.0,0.002877583598225935,0.006065917954356884,0.005481027183858165,0.0,0.0042802639123902175,0.001914273682923671,0.0012271719043250725,0.001968307798673956,0.0,0.0010135857660212779,0.002698973506076539,0.003959657513356533,0.0,0.003645403555871983,0.0026398080162004936,0.002845139197168527,0.00265881317738596,0.0,0.0027752050545009925,0.0018789677669464734,0.0018541634780361654,0.0,0.0020861102828653674,0.0006280166488459946,0.0005371310240272091,0.00324901500112418,0.0,0.0019164476340604343,0.008835893960635931
5.102941176470588,0.0467967620078511,0.03403743594430337,0.0,0.02026444419451741,0.009453910905646614,0.017037702434210118,0.0,0.020944194665336483,0.02656030539057676,0.034010517839029135,0.011395196030978605,0.0,0.004136461965631911,0.022532124191504077,0.00951453551857848,0.002591545596039608,0.0,0.0007690499333376404,0.0016480615839004882,0.0013029468975865083,0.0,0.0010483186794378856,0.0010443401313847474,0.0016164296584586116,0.001902478572749844,0.0,0.0034917013684916147,0.003541827397655727,0.001294545138133681,0.0,0.002371108024009051,0.001190521115361024,0.0021576190710233646,0.0031527489887618523,0.0,0.0027322974174201586,0.0028579087965204643,0.0019222619214505814,0.0,0.0006828223632477876,0.0007278649613052696,0.0016082076079701319,0.003430603093802345,0.0,0.0033959399716660997,0.007263824528130152
5.117647058823529,0.060826627515997565,0.034093908009986046,0.0,0.047233103042183255,0.025003150802178804,0.018417665826180846,0.0,0.05767314870381171,0.02791396353185758,0.004867676034556786,0.037057931722574475,0.0,0.03199579915374991,0.0018543456416232952,0.007752524383057341,0.002529331264719952,0.0,0.0028082191646524716,0.0010591718498472722,0.001986391187142519,0.0,0.0016346525608986568,0.0039265829977544724,0.004029682052661924,0.002123931529448817,0.0,0.0014833874629857314,0.0019066437151418045,0.002922678094974507,0.0,0.0011230177266532786,0.001328356934230819,0.0017004623490602237,0.002217658705538089,0.0,0.0006298171005119004,0.0009530481468398523,0.00165904723096398,0.0,0.0012232586680278918,0.0011363469697234577,0.0014420503352516449,0.0029044887670589487,0.0,0.005488808366677728,0.018210659782702372
5.13235294117647,0.11187178083090148,0.02484064821473578,0.0,0.014572563374714648,0.0023978050905958566,0.020286525013533264,0.0,0.012412071450511363,0.01221204264066127,0.018163049799646967,0.009253763368070803,0.0,0.006710567118128731,0.014987973049940201,0.009394704412645418,0.0027200566290035114,0.0,0.002562661025621537,0.003783781709373818,0.002061511122800991,0.0,0.0014911574930011305,0.0019207162857120066,0.0017388865934698633,0.0006325936890383399,0.0,0.001098824090161072,0.0030992935487125462,0.003884839380049023,0.0,0.003262415357730767,0.00282333730902626,0.002444486747941191,0.0012708328707131656,0.0,0.001761956037639212,0.0018534961782695697,0.00043017722917855494,0.0,0.002370145505009864,0.0021403827572035452,0.0008218642092764169,0.0008247870902628941,0.0,0.0019686203502761552,0.010267671816230447
5.147058823529411,0.06931769040942694,0.03614290021837873,0.0,0.03947074184332411,0.027277579355107506,0.020882507603688795,0.0,0.03665525526834593,0.05554775688369968,0.06157665909763521,0.02328481795180547,0.0,0.03706771633585313,0.01831161344600151,0.00431236565664367,0.0026264257128656857,0.0,0.0014514326964259984,0.0009755707870626189,0.003965044174191161,0.0,0.0077136602690008205,0.0042750347704743515,0.001121925845081475,0.0007991690063203114,0.0,0.0006990374020386489,0.0019124049372384383,0.001688657035894516,0.0,0.0038516234929508626,0.00462968135825643,0.0011858589520908883,0.001481578248245499,0.0,0.004378973350456478,0.0028322639975837827,0.0013597373116146804,0.0,0.00015953886890560673,0.0019232308002878485,0.006987648519417267,0.003142824401842693,0.0,0.006082125436394572,0.025975654091035173
5.161764705882352,0.11886323403173343,0.05868219111396376,0.0,0.0059143646820172405,0.024166535482968602,0.019764493645668103,0.0,0.02835976153805731,0.097169153133364,0.19830266026240528,0.11278420635478803,0.0,0.007668408521718833,0.006602942959857026,0.004286384617632348,0.0038262634233012906,0.0,0.005624302080537057,0.005341460692045012,0.004802993827270889,0.0,0.003973851476757979,0.0035197437767350856,0.004965011161849713,0.00427586366568102,0.0,0.003271875662313222,0.0011688504678550506,0.00138048439671198,0.0,0.0015803957160520426,0.0007457028463166216,0.0015454426101393728,0.0021153162095085966,0.0,0.0025283306587970244,0.00279525989263359,0.0052390761529634115,0.0,0.002739942651966934,0.001234895695784118,0.00028861491045157803,0.0030586853743689436,0.0,0.0022393215184100244,0.015461613045601834
5.176470588235294,0.019568967875351923,0.04488155473946457,0.0,0.020202420782225873,0.009818775750869776,0.001121978208673866,0.0,0.02063845106380339,0.023538406551343757,0.03381775170450742,0.01928820199130732,0.0,0.004510460275095063,0.00978140983387674,0.012510283124705904,0.0008169964020172669,0.0,0.0009452038406649013,0.001075168612831449,0.001224464461080062,0.0,0.0017778690970919066,0.001767644334361178,0.0013962251281154324,0.0024065573841909964,0.0,0.0023829865293551215,0.003626377730805397,0.003984460278568604,0.0,0.002154201148023631,0.001922892338045642,0.0012977958854005337,0.001188594633172733,0.0,0.0014770110830306222,0.0017035590820849347,0.0022056375894789937,0.0,0.0005694826004386398,0.0034506413609108983,0.004128874333139253,0.0017836679114776135,0.0,0.004022027233467821,0.015610279440332882
5.1911764705882355,0.08838697214175736,0.049056782428262065,0.0,0.010898463806574256,0.011736343627095734,0.011515892328028111,0.0,0.0308286144329633,0.015688468609070336,0.010418718024625314,0.0035863859034604133,0.0,0.01406979188097334,0.02172271662903536,0.02079357426595769,0.00526944015758163,0.0,0.0025936980991928824,0.003772445634026062,0.003591077064773552,0.0,0.001834435650535782,0.001736036309972896,0.0031094519247213902,0.0021440887998183133,0.0,0.005830226460402141,0.004163326312814027,0.0014248484722356783,0.0,0.0023030867756190093,0.0015867606467787425,0.0021635132109790746,0.001137743924722933,0.0,0.0022024522533796794,0.005329584625022191,0.0035046204921963175,0.0,0.0008250159838390557,0.001665602516614325,0.0005339515365717111,0.0010462645145607658,0.0,0.0027278414184127553,0.008785264730935952
5.205882352941177,0.04203965612420447,0.05522560739978369,0.0,0.005332587290659569,0.022328226093921988,0.027635424374190313,0.0,0.06530856125864756,0.029481547557400185,0.046944690831538946,0.027215445238547957,0.0,0.04555235459990584,0.025859932137338414,0.007280568702073083,0.0026349532868029046,0.0,0.003871655620186925,0.0013526997044118851,0.0004789340986306918,0.0,0.00031952063141742,0.0004522235926089519,0.0015395580365499834,0.0015979678225490805,0.0,0.003583369323655415,0.003937200307926385,0.0018066976329235917,0.0,0.001505994484628428,0.0030501725761212786,0.0014104712084519943,0.0017090456563766654,0.0,0.0011825004132122088,0.00108675601836548,0.0013928407513943413,0.0,0.002204768094290137,0.0016035097600971477,0.0025181610517466774,0.0024709517757272345,0.0,0.0018101860620903546,0.013706888160245762
5.220588235294118,0.1025007382530371,0.03980054019639412,0.0,0.02825409427908869,0.004885086174715407,0.022285859381985098,0.0,0.07767675592391718,0.06227573580838756,0.004431769890427104,0.024156979095055018,0.0,0.006466176581055485,0.011142218649684298,0.008547194851759567,0.0027360156545460056,0.0,0.001938372347984703,0.0012731354485824983,0.001389746033286426,0.0,0.0008404716279499921,0.0003511021184920352,0.0005503976198352853,0.0006786301546033279,0.0,0.001167267763508295,0.0024471209524264963,0.002459254581353589,0.0,0.003042810669282368,0.003970337508261195,0.003565402280015124,0.0019118911673334802,0.0,0.0014608331077654087,0.0012833811270193396,0.0009659899032699004,0.0,0.0005868112152589264,0.003796964037036936,0.0015281769889532947,0.0010360478204570975,0.0,0.0028225100438682127,0.00530058193075839
5.235294117647059,0.08671908124368632,0.004260675015193782,0.0,0.03002460026695042,0.03667737208410119,0.028785547966885615,0.0,0.02550806425053362,0.03911136336356906,0.006260511923613816,0.032846696903583765,0.0,0.02321615782944303,0.011251412613598348,0.009601530500757103,0.009980518566004494,0.0,0.003091226798203721,0.0026474415958960182,0.0009646377160702276,0.0,0.0009794029440902963,0.0007561180571619239,0.0008499607775352234,0.002591196105213557,0.0,0.0027101986774804203,0.0036670289296700347,0.0019827571352011124,0.0,0.0007616538311169547,0.00029108434182983467,0.0011970758248382412,0.0016266662297379436,0.0,0.0018782175971547902,0.0027213910516160856,0.0013604923759221199,0.0,0.003667238080277928,0.004442448445802659,0.0016556761242524517,0.0005541366014211303,0.0,0.001884476909662378,0.005794162585707084
5.25,0.0902930117598825,0.028334186511740626,0.0,0.016879593995019614,0.03253899199799835,0.04712841173714265,0.0,0.016597027078748522,0.05632011941236942,0.0722585156889572,0.02491814066726561,0.0,0.02307013796621885,0.04948441847686101,0.013212996109894404,0.0027496872031640618,0.0,0.0028138944692459125,0.0022172678518438695,0.0017064269301841567,0.0,0.0003129859105485761,0.00144551220671293,0.0028273937104237668,0.0038737756151328902,0.0,0.0033332917031431014,0.001542997422662898,0.0008694196660142197,0.0,0.0016674358747569527,0.002643998221106906,0.0024235064303462436,0.0028371704066533694,0.0,0.004505384293291235,0.0017042456204913,0.0015282663482705868,0.0,0.0008061538297077587,0.0035871665178735445,0.0023397267949368757,0.0010999535842139143,0.0,0.0036761525465509415,0.0037861519044188625
5.264705882352941,0.05407552866330599,0.011211478234737903,0.0,0.015180854590703535,0.018354870058680434,0.0227261421871039,0.0,0.015332914839479395,0.010463663130767385,0.023505375966751132,0.03348853685117368,0.0,0.013750836546896607,0.006116014262910686,0.006628507922083377,0.0018527656740984458,0.0,0.003186206726338053,0.0038082521409515463,0.0007956169519337825,0.0,0.001698004139642812,0.0024086486625278657,0.0041787894975080595,0.0021454243029049164,0.0,0.002642598803689539,0.0026810091770741395,0.0026924208884870444,0.0,0.0011261942636370764,0.0013329997580209378,0.0025929548263565584,0.0021239092149557873,0.0,0.002594309030153111,0.0014382018959462842,0.0013379705167473085,0.0,0.0006425678266415142,0.0009590547703647301,0.0006976931595591683,0.0009766812007105552,0.0,0.0009656230129342035,0.0021930382743999524
5.279411764705882,0.18265104464119875,0.03751280581304202,0.0,0.02387694788469421,0.01796021015718817,0.015883201386837378,0.0,0.011531794746976281,0.032197740129348895,0.007259891717073773,0.0083624760089402,0.0,0.0011384675684284866,0.003700689966179559,0.001780669317482628,0.0020236234425002084,0.0,0.004296366346466605,0.003983132104222576,0.0014816437046966246,0.0,0.000740223586889953,0.002307325942948358,0.002055341787466255,0.0029647051789603992,0.0,0.003388602671300694,0.002121756436567316,0.003551671676246742,0.0,0.0036222608133928405,0.0020203670329272407,0.0022328758648532364,0.0008332836772506249,0.0,0.0004279688530582392,0.0014409827564429733,0.0042084587419600585,0.0,0.0024587760758681544,0.0004250940812743686,0.0008842641528000481,0.0013679394206143824,0.0,0.0005605510539038319,0.0010096489512061626
5.294117647058823,0.07306231671559461,0.022513674664683795,0.0,0.014192123293412528,0.026829709734795298,0.007031908138518196,0.0,0.009832528539778531,0.07039354328350564,0.04082063667599521,0.04620291911107935,0.0,0.03275183131861671,0.008409317172411248,0.006495768579787318,0.0036091368443740496,0.0,0.0016676815673779112,0.004488352029807088,0.0014141631689076352,0.0,0.0007579892601247275,0.0009015507851073941,0.0018737082066681069,0.0011295760548187676,0.0,0.00033014569172289403,0.0016335437083020276,0.0014462002127514878,0.0,0.0032308082580970905,0.0037061609250906074,0.0019388689822735787,0.0012737076604995,0.0,0.005452408812507823,0.004398369178302025,0.0034461462906961258,0.0,0.0027080520942157444,0.0017899594644043958,0.0007817042093767577,0.0007004527087839217,0.0,0.0023231739238791134,0.0037245459129652877
5.3088235294117645,0.08738864133746868,0.0190529714536483,0.0,0.01197125387666489,0.020074150142655338,0.046933383429095844,0.0,0.019893816511002985,0.049725390277405954,0.16632876744076106,0.10870804280649839,0.0,0.03931980730514728,0.01066053182297709,0.008109430732776673,0.006858767416784815,0.0,0.003359075830677403,0.00328450360586755,0.0022388305174985013,0.0,0.0024477047879212306,0.0032511388168209067,0.0032304030041029924,0.0018009276863977094,0.0,0.0011699004693347334,0.000911901160853882,0.0023234268148102305,0.0,0.0026882761199167084,0.001906603719720094,0.002006388514274268,0.0017859128768780486,0.0,0.0024496829056689525,0.000384284195661936,0.0011950836369225505,0.0,0.001289758849113712,0.0011689450469232862,0.0019270187321985119,0.003888917803687593,0.0,0.0012785191987410068,0.0031975815054148546
5.323529411764706,0.2337160533096466,0.05359609125934053,0.0,0.023729782497694786,0.01071465068288283,0.03523515628585773,0.0,0.08385341155358991,0.013645207492450762,0.053493637749744714,0.021777575189846424,0.0,0.00261599481166455,0.011175419803412724,0.005860040630064628,0.004351177991810634,0.0,0.0063979186099600675,0.004079309918999848,0.0033653305810955746,0.0,0.004342578399708063,0.004172259449533461,0.004945344597475124,0.0034311005872353076,0.0,0.0020329348000334745,0.0020448418141692164,0.00290831385160035,0.0,0.0011889558839706734,0.0005070528211846691,0.00261505281960272,0.0030953385908362363,0.0,0.001360023372970554,0.0014202903875945288,0.0010858320922786046,0.0,0.0003739406955336627,0.0012562588123756564,0.0014990347762742313,0.0003250662006440375,0.0,0.0008559685736496173,0.0037873484373905455
5.338235294117647,0.07399545863925372,0.02661707161304223,0.0,0.02484250386311929,0.006178291797856915,0.009781667675604679,0.0,0.0126547862444036,0.04746383981563013,0.0574045135541364,0.08919797484463243,0.0,0.0311778689491591,0.010705233096261195,0.002068449094796975,0.0016933280242200797,0.0,0.0034971554556643405,0.002360388786591387,0.002303454870749004,0.0,0.002164270050385162,0.002904424446209184,0.0029026696761064045,0.001531469248350553,0.0,0.0005227450459639614,0.0023679875990449987,0.00552752948390055,0.0,0.0024434685198734553,0.0007490341725111536,0.0005853874323427132,0.0012847159010992185,0.0,0.0016323147110446385,0.0019391260405700991,0.0034057852587536094,0.0,0.003163373181797543,0.0020014615376339794,0.0025710086101146143,0.0015739490277143719,0.0,0.00335065420637549,0.0013023567458093845
5.352941176470588,0.12577598518339747,0.052253987638745884,0.0,0.016772729344208658,0.009733103865639052,0.02547274046116462,0.0,0.023048247856525716,0.03336829844432865,0.085116130247242,0.1805288239744436,0.0,0.08230555333737405,0.011528418100538758,0.003948962141356156,0.0046200250645262965,0.0,0.0057130662473101,0.0033710664760967205,0.002072907037328587,0.0,0.0015413923917807378,0.0018445198095056548,0.0021900432452479275,0.001044548030719733,0.0,0.0004317787452222442,0.00012923068128078266,0.0006441566167160139,0.0,0.0029852607612551717,0.0016865130051353105,0.0018283628136382007,0.0017268727284877128,0.0,0.0010317263601058919,0.0015852365592724416,0.001600541710083895,0.0,0.002483244762815445,0.002127265942814318,0.0013828082195940182,0.0009434705640643622,0.0,0.0010933207196240358,0.005119971118098615
5.36764705882353,0.03853755528006892,0.04041799368208969,0.0,0.005246272797489357,0.014388511862020724,0.03634637585816246,0.0,0.007642262482126558,0.023942405858399303,0.05423215948963558,0.04642325291987624,0.0,0.06064697706263902,0.06318113892057316,0.016038488641967465,0.002585684003651896,0.0,0.001204020754072216,0.0014817713554609168,0.0009345266864891796,0.0,0.0025151240299900817,0.0025002335212969094,0.0008996553356577457,0.0010358170254117587,0.0,0.001057065471286774,0.0011739310280724207,0.003102619785798462,0.0,0.0020741521609788523,0.0017460131954316629,0.002572786257040942,0.0018445913392373414,0.0,0.0012356744751549165,0.0022456550558076047,0.0013537059682897903,0.0,0.002140646263695048,0.000929400925489693,0.0007344051450535971,0.001088329262887226,0.0,0.0007353431039163312,0.005228316304958262
5.382352941176471,0.10650692953584416,0.018555041097098695,0.0,0.021826754151053743,0.017780831676613096,0.017993303334206193,0.0,0.01690846951737698,0.09282817995090635,0.07673499714780327,0.1739721710036508,0.0,0.15397022178211855,0.007073578129116136,0.007423048061880509,0.0031909830557584756,0.0,0.0006637685747966805,0.0019023902285703416,0.002124705529008136,0.0,0.0013059124383180798,0.0023824776410832386,0.002186724362037065,0.005066656666710983,0.0,0.003974551593103338,0.00404983295829429,0.0038630088432800775,0.0,0.000997302175280993,0.0005843498222083765,0.0005933566249523223,0.0014383115490277142,0.0,0.00023552921892718956,0.002796679261311494,0.0019736503285480386,0.0,0.0007605532187287505,0.005156315825329829,0.0024740171514281667,0.001718551401674732,0.0,0.0012447835891541655,0.005181585788701146
5.397058823529412,0.03520744157761298,0.025472888701643277,0.0,0.0034833673899625516,0.021021203441738603,0.008633121886650394,0.0,0.028492951917136702,0.0036782919091706027,0.0041186212049855505,0.06356158837676076,0.0,0.00801371426631045,0.04335021021455314,0.00999796622713886,0.0033115248955367287,0.0,0.008345514178977631,0.004314268883024486,0.002373972097890577,0.0,0.0023443729972339945,0.0026034218889036025,0.003818986596264718,0.0034713276898652255,0.0,0.0006781766122986832,0.002193496737349186,0.0011805773163307345,0.0,0.0008425945937620995,0.0009161412515936655,0.0008892531600609484,0.0023084436422406637,0.0,0.0036888738468293216,0.0016196003948863269,0.0006181427049662838,0.0,0.0008365357492223261,0.0019710642692404878,0.0024528140888386116,0.0025112330267525566,0.0,0.0033693886600171174,0.010084466985087403
5.411764705882353,0.11895841180373226,0.02664907276509722,0.0,0.033381869149286925,0.03367861009621605,0.09114411776452386,0.0,0.0349333787692082,0.013891826158149548,0.06326113590804204,0.06186964448022905,0.0,0.07778009190013696,0.03014407436560714,0.005630770376255938,0.005573522914366332,0.0,0.0016217414817823292,0.0018745758210686365,0.0014787518030718782,0.0,0.001539374490580159,0.0020352889953316063,0.0016636601803361383,0.0033591930295729547,0.0,0.0033078925480020246,0.0012669704811158092,0.0003999496200761209,0.0,0.002204480893439874,0.0031578614757595967,0.0013380510563911208,0.0006826098725320551,0.0,0.0007301735155591002,0.001435093299263763,0.001750882957805943,0.0,0.0013268840236103788,0.0011972120179236177,0.0011165496369329399,0.0023118806814895775,0.0,0.0014858429579281771,0.006031719174348667
5.426470588235294,0.053721911493575,0.021724984562867086,0.0,0.024350174882676823,0.06102495716479516,0.05795485526618491,0.0,0.01060072320971702,0.00958437736369756,0.008574530613148184,0.022614869427706037,0.0,0.0408230833520973,0.014436416822586201,0.006988292495611742,0.0024608742746994607,0.0,0.0017288409038850726,0.0010017183486957465,0.008635072527539152,0.0,0.01344475338184299,0.0059964179257994115,0.0030220610414380604,0.0027087491563799024,0.0,0.002729225211568047,0.0023609277884030547,0.0011459509949749917,0.0,0.0012718793210179258,0.0008832232407432302,0.0010271476512639618,0.002477360254381876,0.0,0.0031745806011887223,0.001958269883810834,0.0013599685671440798,0.0,0.0016542187696673809,0.002198555051509602,0.0024546886496015267,0.0023748277149972146,0.0,0.0016034539122454822,0.0017050241116525135
5.4411764705882355,0.1296886901985297,0.0683633170806042,0.0,0.013653202411581038,0.01691308883895659,0.04121881420693591,0.0,0.04040130437613996,0.014677266678440298,0.053845482998924776,0.06293551241152624,0.0,0.0055606399475230245,0.012697961565280398,0.004745188858920165,0.011937159027904445,0.0,0.005143855220063003,0.00437117596028096,0.002371191846415637,0.0,0.0007526053991879952,0.002568091152282982,0.0019525513364098256,0.0011652215823718093,0.0,0.001990946666807965,0.0018101459670541774,0.0020009189935172016,0.0,0.0018271795126972702,0.0014057608285251444,0.0002861230637096581,0.0005743219946700827,0.0,0.0007077194220137833,0.002856000309265606,0.0017396087967063018,0.0,0.0008065055213802242,0.0006505745596403702,0.000765159465324451,0.0029803934384632735,0.0,0.0034331165436705174,0.002151545193931131
5.455882352941177,0.009033602293860467,0.017920446314375258,0.0,0.005741531948162447,0.007846247629813844,0.013233883427575446,0.0,0.024662599828284476,0.022303476547146532,0.03589240873607674,0.006620907661169299,0.0,0.04991471774469679,0.04455443976064971,0.006184445872742503,0.006195612709958878,0.0,0.006268123008038793,0.001280835361615426,0.004440059983365367,0.0,0.005659407570056202,0.0034921491169659946,0.003319994920105467,0.003374107035683227,0.0,0.003242937845140334,0.0019960704205213608,0.001624746122135749,0.0,0.007011752619224278,0.009791420033292473,0.005046542594609521,0.0016390453487627613,0.0,0.002520196032505112,0.0028975312747979735,0.002430281081248753,0.0,0.0010717670812218237,0.00029646590189781055,0.0005121360546571939,0.001218881577163986,0.0,0.0016810258474305047,0.00454793072103069
5.470588235294118,0.072125451984213,0.0024541417719325205,0.0,0.009251480303150645,0.01819341477214899,0.020047234247135372,0.0,0.0019955445932308196,0.00945154577558188,0.012766579415421635,0.009489725332170712,0.0,0.013499417812166438,0.008653568270834997,0.0038079927031677424,0.0015441739025797937,0.0,0.0011114534345115122,0.0009206605295608815,0.0009153528642887873,0.0,0.0019038590854370467,0.0023726678387795295,0.0006302297237366426,0.0007782104517956481,0.0,0.0007281119682529329,0.0012987609549363248,0.000836052518373862,0.0,0.001089187858068703,0.00045281859265156727,0.00023448187206180106,0.00029750400174713377,0.0,0.00039542867761963084,0.0005475374775282401,0.0009873679613545956,0.0,0.0017755678465925546,0.0015606023325043534,0.0019369883482314998,0.0022891001305791604,0.0,0.0026288016236227204,0.0023404605613551828
5.485294117647059,0.07801403037905981,0.02538698922764005,0.0,0.025886683601625313,0.03328677410685692,0.05011250995412022,0.0,0.02368285254274309,0.013933385564850837,0.004761123909455623,0.033325797996245236,0.0,0.007189984664190602,0.010694065967926422,0.008198390858459475,0.0018748590375375776,0.0,0.0024081735516921247,0.0030803247215440786,0.0018653309667316814,0.0,0.0015260142717572359,0.002165506684652514,0.0020617307693638624,0.004284881926843535,0.0,0.0034821144932637243,0.0014005874231019905,0.0004897743949037382,0.0,0.0010250569893345306,0.0006655217077832043,0.0003851982097493893,0.0019794960132361885,0.0,0.0026233823739639514,0.001138172129791403,0.0016925708581880063,0.0,0.0027637530014467636,0.0026043335601920927,0.0032404554444309184,0.006238860130481227,0.0,0.006928487110796057,0.003981093964714492
5.5,0.06511521861041483,0.02195826787941022,0.0,0.014645006290103686,0.015293153620373711,0.017532825604393825,0.0,0.010044122732774373,0.017668349579788488,0.040617634078857316,0.013296314050920998,0.0,0.003942601149476876,0.011590809772376087,0.016582635796637834,0.005599975243295556,0.0,0.001822112587066297,0.005495659068327562,0.006875245098092031,0.0,0.004213083996962796,0.002447750750496201,0.0007613663888424377,0.0016013960334850196,0.0,0.001479404283401973,0.0033795274721379145,0.0036201292194871543,0.0,0.002291539603334861,0.0007828428194865054,0.0014392912964726358,0.0041995536967174545,0.0,0.0054489603163988196,0.003533240484499538,0.0012572886937242144,0.0,0.0023711507411549072,0.001895797847579777,0.0015301880422542912,0.0012748185465753215,0.0,0.0006788920607552255,0.0033123628447567473
5.514705882352941,0.08306056379295887,0.06544782663068342,0.0,0.022288204245586096,0.013653472003311,0.008949035438282037,0.0,0.012199780384954253,0.012852495447958363,0.03823794720948246,0.023600021818832875,0.0,0.037671491751318294,0.049706836908706364,0.012691820788573146,0.0022581256165160996,0.0,0.0015680822138873654,0.0032945964634952373,0.004143075640691479,0.0,0.0071564495409976,0.003963359420470693,0.0012567480839082044,0.0025849726203348296,0.0,0.0008473442117789018,0.0008412505851142483,0.00029510393107054934,0.0,0.0014789478210007207,0.002300004821422085,0.001048772933854036,0.001647377825160618,0.0,0.004535022855105571,0.0017158253957126027,0.0015810208909260862,0.0,0.000701742230778987,0.001781932171979009,0.0025993729360284127,0.002030555521632702,0.0,0.0011484430934298943,0.0013528731916035857
5.529411764705882,0.028578161767125906,0.0640147516554931,0.0,0.009243666875685862,0.0075763910976815,0.014367995534164377,0.0,0.005056915069504331,0.017055022080209363,0.016616042375187007,0.05315092647008554,0.0,0.035944885670260024,0.025763352329199726,0.019684328905443034,0.0006899257968126593,0.0,0.0017523703070257044,0.0019198734314741577,0.0018008710573218065,0.0,0.0015241786407723204,0.0009219419411965638,0.002568814208762495,0.0012734796893786107,0.0,0.0009118093582433041,0.001223213326733759,0.003000866463680898,0.0,0.0025959816817201645,0.0033638377902967627,0.005533195086394348,0.0022880187317185783,0.0,0.002779019567955456,0.0024516878089782894,0.0016261696826153451,0.0,0.0023015408792887416,0.001399784859076277,0.0011197674845753684,0.0009779026011210586,0.0,0.0013907773866901228,0.0017907174269671641
5.544117647058823,0.10154765178922824,0.03544095129682928,0.0,0.02941616615226518,0.016670556740529145,0.008593914742511128,0.0,0.006083296125242979,0.013043875359713849,0.012793618977329295,0.011336444514859644,0.0,0.005551517002425437,0.0368142306209613,0.06297982476976968,0.008673043696107125,0.0,0.004144099371363814,0.0025292484938330144,0.0013798108829603136,0.0,0.0008986176024323295,0.0013791292129927378,0.0012325243450267004,0.0026087509495134045,0.0,0.003119876060473969,0.003869618411899656,0.004292906856953077,0.0,0.0038406824261918117,0.0024475923156152724,0.0019632626309779152,0.0033873183948315263,0.0,0.002902280165444097,0.0023620943080546394,0.002352890906676927,0.0,0.002447018705240926,0.0029963739710132664,0.002347878585186042,0.0013724938460655187,0.0,0.0008483576009725344,0.0006877677924098807
5.5588235294117645,0.04002145053704064,0.023725102226209216,0.0,0.011748964380595006,0.011170881917138612,0.013735995845169912,0.0,0.01341966061442359,0.009374130746451662,0.030818125945216004,0.020121789199547352,0.0,0.010146909507002096,0.04719711969381724,0.01586085456811192,0.002491495353152399,0.0,0.001783906319097547,0.0013684194122386163,0.0021102633257886814,0.0,0.0032248338599568218,0.0016183763600822994,0.00363392246531812,0.005496378107422087,0.0,0.0028573916534341886,0.0010704515203079868,0.0006976796245617217,0.0,0.0008976859158721883,0.0005053521183087875,0.0023544194270212664,0.0030121327130842547,0.0,0.0025746359554348975,0.0024060164169140974,0.0027292213499929764,0.0,0.0025591010232334523,0.0031006283283685175,0.004370314181828204,0.0011193000989796404,0.0,0.0011669656852792295,0.0021807390990434715
5.5735294117647065,0.02845263326345687,0.024053511295008455,0.0,0.018855296456486148,0.03733306282281542,0.021020270875778922,0.0,0.021871833186479207,0.023123225798378725,0.012637528395806064,0.0025139293540688496,0.0,0.052493734499600084,0.033495427720201434,0.005481774536781786,0.003056754973478919,0.0,0.0047528970937806315,0.005741251969079236,0.003453603177318021,0.0,0.0018314728887086052,0.0015214116687317372,0.00231452569516649,0.001930292103384316,0.0,0.0014462103665771986,0.001373175839853562,0.0010864920742750185,0.0,0.0026993394101148256,0.0032149497682149772,0.0018453027873350744,0.0012143966770189162,0.0,0.0008893079865812194,0.0015047621516121234,0.002862032541801344,0.0,0.003891240664725632,0.0013606180121423545,0.0024607250253131916,0.0022531936380153312,0.0,0.0009037682179391071,0.0013284278835127626
5.588235294117647,0.060293642052039194,0.016413770149644402,0.0,0.008614657720137385,0.020003137051504662,0.014791428329639443,0.0,0.008633547405858259,0.040250957319245564,0.11665083254438002,0.0625271019640254,0.0,0.10702745103238775,0.11528268163849534,0.016933454282044846,0.002287497204051265,0.0,0.0011142230109457028,0.0019574290202234376,0.0043550248618532275,0.0,0.0020721330013102044,0.0004735196306934581,0.0005044076533296538,0.0014952854386276841,0.0,0.0021203543688666773,0.0006572624169212295,0.000762032454058017,0.0,0.0013111086135017282,0.0011702384229896913,0.001387556080690312,0.0016182928736888718,0.0,0.0010218730673970905,0.001666168720944411,0.0011951189994253138,0.0,0.0013387538556039417,0.0018346337517183427,0.002364815438474447,0.0016165730659290947,0.0,0.0014105161120168928,0.00193129918452922
5.602941176470589,0.04579627940772773,0.03882393320593289,0.0,0.032657289714368064,0.005957564207385061,0.015436625480000276,0.0,0.008508544127643585,0.005675438742859424,0.013817739716069964,0.07343088015808283,0.0,0.026458170903054856,0.010198407830283064,0.021390310144692573,0.005030853743817006,0.0,0.0016386492257739142,0.0037968952706247724,0.0051777742527676016,0.0,0.002283051306816304,0.004040788461105053,0.0038122639489363832,0.0028890221912047,0.0,0.0014152832572242782,0.0009044661870822228,0.0007945055516857258,0.0,0.00018572782383587087,0.00045210013355956335,0.0014000941853285422,0.0016556549787684156,0.0,0.001975859334168988,0.0020606928346524537,0.0016848644129047665,0.0,0.0034146562906399777,0.002916539487380863,0.0013839928616356737,0.002491885908369767,0.0,0.00434153177737307,0.0033819759534355854
5.617647058823529,0.10364396406530915,0.05529231644612078,0.0,0.015611456856723499,0.02412162905576932,0.01448097665721412,0.0,0.07000754463033283,0.12968613073880242,0.10740231301188091,0.08295808564478677,0.0,0.03595484759865521,0.01611867853980164,0.007425682042386217,0.005052284604956856,0.0,0.007484100177367006,0.003347353143741356,0.0010346237812782204,0.0,0.002874205530248089,0.0012111333786576513,0.0012711537982542046,0.00120054709973129,0.0,0.0007518426125887637,0.001349193342218751,0.0006146050266049118,0.0,0.0007350185036029646,0.001833828369356364,0.002061772658652504,0.0003918978823663031,0.0,0.00011662383025446264,0.0008808987697003596,0.00345254567491729,0.0,0.0039939349403937206,0.0025671204131938303,0.002275657807927557,0.0009333043858829185,0.0,0.0005022678007325143,0.0009127174166150328
5.632352941176471,0.1469737944591305,0.022690040207455693,0.0,0.013657996294189704,0.021449211757718953,0.019040636405312235,0.0,0.029770392149698708,0.02978798039731711,0.02850622174442654,0.08052326346600903,0.0,0.07552411837844356,0.028480165621095843,0.013229642267093717,0.005953378270494502,0.0,0.004696596928392524,0.002935694642977534,0.002826392128883819,0.0,0.0018538393196910353,0.0032244814425677515,0.0027198984105368945,0.0008400209266717229,0.0,0.0009099212347109207,0.0019583605398328695,0.0015103829545594044,0.0,0.0013705577983076297,0.0025000611651085297,0.001203571197143937,0.0005372210188696932,0.0,0.0004491147246668285,0.0008960976053281088,0.0007181948742311574,0.0,0.0003698030241688856,0.0009276661366557011,0.0008317718618792734,0.001224491101117301,0.0,0.002322641191148453,0.002272499400079863
5.647058823529411,0.04184999598717404,0.03588791665687249,0.0,0.022710365912389202,0.005452574888699066,0.011792933192148698,0.0,0.025548431894293004,0.006762750954452479,0.021210640492743287,0.017813466992543044,0.0,0.00611780108397212,0.03665281483933697,0.010055324371962118,0.004713073340437876,0.0,0.0066136299858004215,0.002741419699327148,0.0015906418736579993,0.0,0.0038860098862620114,0.00480092547576188,0.0023244903880174595,0.0018636626148988964,0.0,0.0008871771939600941,0.0002460329622870169,0.0024200501621180807,0.0,0.005183990494725415,0.001411738199709787,0.0018022935743397537,0.0011301290411378096,0.0,0.0006897909312532155,0.0006916095115569103,0.0012365494428506233,0.0,0.0032362507496006606,0.0029521529604227058,0.0008610424705257934,0.002137447377921812,0.0,0.0014829236302908418,0.001975945909459952
5.661764705882353,0.08003267790372134,0.042334977024875695,0.0,0.04009450554723475,0.006253687634081032,0.02269101309937792,0.0,0.040199621427374106,0.03462565076805833,0.026887467985459892,0.05682161530697871,0.0,0.057285251603550996,0.012566625081054057,0.0036075216844627615,0.0025651855615969987,0.0,0.0015062701466007607,0.0024736422445833647,0.00515393646072808,0.0,0.004125955869247283,0.004489556134353793,0.003178472795267021,0.004546527637750582,0.0,0.00461283242102678,0.001939600836887125,0.002926636866865043,0.0,0.0026490509843891848,0.001357683799112223,0.0017795477864751348,0.0022232419214245325,0.0,0.0019649334460124434,0.0016106720278245162,0.0016385406298341037,0.0,0.0018399459217573525,0.0021778799691933,0.0018661789398704848,0.0033009773126761247,0.0,0.0032239088595587264,0.002465988606864233
5.6764705882352935,0.15924570532017696,0.039111999503087094,0.0,0.026500940499868966,0.019202804057753715,0.05677256918090333,0.0,0.05443210056289752,0.03833243029610005,0.005455756514133733,0.04522822074076587,0.0,0.027567862771036754,0.01604560493933208,0.03131176138939718,0.008966558670046657,0.0,0.0018694469617501687,0.0010917019820854972,0.0022137680261084787,0.0,0.000738951780598867,0.0013415934819488236,0.00125606641492744,0.0036227738858180154,0.0,0.0046404533010438506,0.0032947850622269395,0.003070601882532797,0.0,0.0014963919683467245,0.0012845763541669535,0.0006057357268542053,0.001486658205330026,0.0,0.0028080859076732184,0.004834431722770757,0.003519252443728924,0.0,0.0015505406295782294,0.00021818013706058904,0.0033211700200263504,0.004624246860818925,0.0,0.00044462912967832324,0.0015089384795115535
5.6911764705882355,0.1277590028468357,0.09253427147306145,0.0,0.056185759421346564,0.014788594923092476,0.007803508926590972,0.0,0.02004479316086787,0.023440331128045118,0.013538641991024109,0.022226600211254485,0.0,0.07904241965280459,0.025527781154603368,0.004997061325150747,0.003352604568721229,0.0,0.00617047177625247,0.001449874823565929,0.003281180577231635,0.0,0.0036960639482050287,0.001961141276936979,0.001288868140400196,0.0008760280311794944,0.0,0.0009153282011657294,0.00043927933358570875,0.0009736455219894156,0.0,0.0023736988868550556,0.002374925182126191,0.0019052032863201838,0.0009796902765418405,0.0,0.00047713407664566225,0.0009771222917202796,0.002033661081466221,0.0,0.002519011788369899,0.001656101098346819,0.0012159961224999147,0.0011946786909752078,0.0,0.0008644978372659574,0.0022562307743270666
5.705882352941176,0.1309696736469335,0.02873496449991283,0.0,0.03300277459634099,0.022731095689792074,0.03440012499801591,0.0,0.03019817524476179,0.029345548307420335,0.003231223026581233,0.011801682203607783,0.0,0.031182031101073076,0.05482812332263108,0.004907892611146495,0.00816098622376054,0.0,0.005438674815163356,0.0024092407219913686,0.001327555042381626,0.0,0.0014580006407256328,0.0032292331223175113,0.003125736186049776,0.0022523689951630126,0.0,0.002993171131593052,0.002743334236279889,0.001423676798605448,0.0,0.0008284468009468405,0.0025149102418437885,0.006115268857485571,0.0027947309997593574,0.0,0.0013234497310839212,0.002503940237429204,0.0014071632979318377,0.0,0.0016444522244552897,0.0009498687424375981,0.000799175170480963,0.0013499096517792565,0.0,0.0014973014307036441,0.0019279386001482667
5.720588235294118,0.14141112753180426,0.06469604392198017,0.0,0.0208345931560597,0.029790275073335978,0.12800406629568697,0.0,0.08700200367243227,0.021108188552543723,0.01760174392534323,0.05163431495977558,0.0,0.017935470322468235,0.020448801376121373,0.013182955848006168,0.002649564953124982,0.0,0.001275540308366316,0.003277861653833076,0.002904749331541983,0.0,0.0025479949030026766,0.001064271813167139,0.004914383218006826,0.0022241145999039452,0.0,0.0017484890851405671,0.0011410903827865375,0.0019561548190841207,0.0,0.0036498298518915623,0.002396012805286581,0.0007299335739652988,0.0020334144604240633,0.0,0.0019589415245382874,0.0028004183553231522,0.003443081922452299,0.0,0.002165306505215107,0.0006746235804617204,0.000672798651975821,0.0010392133962264234,0.0,0.0016528101644880436,0.0021756873661545545
5.735294117647058,0.018512686464412634,0.04061351896654954,0.0,0.02988727587489088,0.019154706783798513,0.05890853969118407,0.0,0.037592296998935015,0.011777172480778558,0.05409024202495362,0.043615371722735746,0.0,0.016638186934519593,0.005114424620767773,0.004522775637370605,0.007021723564267855,0.0,0.008102034196971312,0.0025777994492935698,0.0012948896150388953,0.0,0.005066929937564942,0.00516733706417557,0.003137153929710285,0.0032947985594603034,0.0,0.0033022883357159616,0.0009121685278668712,0.0031747834064582686,0.0,0.0029386243980702616,0.0024362643147910826,0.0026566682973736024,0.0017673916191870754,0.0,0.001917853419025816,0.0017964317339357692,0.00233267990701117,0.0,0.0021029974562972783,0.002594315833206886,0.0010153995451149512,0.0005979814592993706,0.0,0.0009731175641732806,0.0029960854476792616
5.75,0.06503975182705882,0.028273122376418974,0.0,0.007625512065934305,0.010980467060971536,0.027878021999151417,0.0,0.012725330864474756,0.013952307649810529,0.013075846220943425,0.011377594027243716,0.0,0.00870106992825021,0.002862203345494419,0.002007425928082739,0.0026839139612214098,0.0,0.0032731040438535967,0.005873690791711924,0.0024116229925321237,0.0,0.0015582843201975007,0.0011024070796105917,0.0018596758957882746,0.003870703215510259,0.0,0.0023827676252131105,0.001586864503402661,0.0011425035025089797,0.0,0.0027366472762620146,0.0029560748922321236,0.0009405869433398988,0.0010638100174299313,0.0,0.001583156403273596,0.0014097315123136889,0.00019122027047528526,0.0,0.00037149818021912885,0.0011942666491960717,0.0028803342773696585,0.0013380859295984955,0.0,0.0023314667332399383,0.0016301190136939214
5.764705882352941,0.06058009663929394,0.030335708587977774,0.0,0.01958989679086317,0.019046861112634497,0.00669236034495823,0.0,0.008587549892458756,0.008978794184889553,0.031066849559227262,0.048784669311648265,0.0,0.026790368375512602,0.00912246421781297,0.02145509104016751,0.019685544566450698,0.0,0.005673004138922467,0.0016869806180635715,0.00026818989083395056,0.0,0.0025896744650485476,0.0036440040572170906,0.0027872002272426965,0.0013351544963684442,0.0,0.0020143391391864974,0.002139725241030923,0.0011101893182053231,0.0,0.00127314375529576,0.0024656896195740636,0.0015765620939007692,0.0005073505561258203,0.0,0.0010920742577931867,0.0011034989411320348,0.001599927994503723,0.0,0.0014430440978951647,0.002727227530425784,0.003773854544282382,0.003793080932751637,0.0,0.0034685918251460366,0.001449415472510543
5.779411764705882,0.11651274384066418,0.01673474739151447,0.0,0.01901132959372087,0.007918385156863422,0.022724022458394194,0.0,0.026449219790499565,0.018879009413415193,0.023300170990062374,0.005083972255196748,0.0,0.026290449486314916,0.020166294035745165,0.025152512753248937,0.015051699370578119,0.0,0.005208719851500789,0.0024231815815545813,0.0016234561727738789,0.0,0.0017323237783955672,0.0017855341928463614,0.0026177606808882752,0.002604553289941908,0.0,0.00105227328044653,0.0013223501699035996,0.001591181091966423,0.0,0.003995497282845749,0.0018222178017630233,0.001530198597671827,0.0017841122432969367,0.0,0.0020279950086652615,0.001170729542353856,0.0023582386809310263,0.0,0.0026387280311652188,0.0007842171737420965,0.0021836900252575195,0.003864946682910037,0.0,0.0028399528093592708,0.0025207445245238663
5.794117647058823,0.06211556721635317,0.04768087411891461,0.0,0.008648900043160901,0.011971840737906827,0.05446614828114042,0.0,0.04251430109854946,0.020220623084713413,0.025316060618086913,0.030971146576561352,0.0,0.03790114949236587,0.016699480235440767,0.012688930812230513,0.008672899776118055,0.0,0.00511112227302718,0.0030952682948137632,0.0053962625456178085,0.0,0.0026587356976572494,0.0008875490511844442,0.004009128810704263,0.0031214941010577623,0.0,0.0033524106243519227,0.002449249913113006,0.006112534669951947,0.0,0.005681745219161155,0.002284688923996393,0.0016822699078173156,0.002187062621569062,0.0,0.0013967883153128535,0.0007877527197201682,0.0012201719763466879,0.0,0.0015247154700424015,0.002979816640579444,0.0005757614823753936,0.00099269321678204,0.0,0.0006073721608133796,0.0006412716646580845
5.8088235294117645,0.07726836547577458,0.02125825408930082,0.0,0.02705345285540646,0.0381240281396935,0.05953468325660054,0.0,0.09862651641188877,0.02720977862647061,0.00747388013890979,0.05125896513743428,0.0,0.10072993958538227,0.07446125471824044,0.014214812001741847,0.002555901109032468,0.0,0.002382999321086839,0.0014106005290568182,0.0017409020667677405,0.0,0.0018270083740214486,0.005778811736048534,0.0027540876132844633,0.0011760960997851697,0.0,0.002350940706408406,0.0013991329010012445,0.0016746719076812268,0.0,0.001393547397827957,0.0016325577109091403,0.0025459534033413795,0.0029402909743715916,0.0,0.002115668112968508,0.003138316087898444,0.0038761290510173373,0.0,0.001986922355287959,0.0009046303325998755,0.0004907919627043557,0.002657583268131828,0.0,0.0029181125224158936,0.001848030870902582
5.823529411764706,0.08305845450145029,0.02288339732949301,0.0,0.013030682349003668,0.023795204928503722,0.005282734518887357,0.0,0.006760620891779695,0.004643884176410237,0.052292028256356746,0.014660920311211585,0.0,0.012186238018216286,0.03132565445243123,0.012826222852394278,0.004201784028433525,0.0,0.0031649990590448757,0.0018219100474358718,0.00346633189773785,0.0,0.0026870090769175623,0.005277040421928518,0.0031493690245860007,0.0017996879428864726,0.0,0.002003922415290074,0.0015533300519095243,0.0028606211951928287,0.0,0.005236650219170593,0.0045595804619755565,0.0009231788042526113,0.00042304897678222306,0.0,0.0008235810590996414,0.0010513128356286084,0.0009633449156302438,0.0,0.0016580640288214876,0.0054538848213053215,0.004284693326014521,0.0019672268887280693,0.0,0.0021939578262075484,0.0010412445668161747
5.838235294117647,0.182038828609368,0.031764940623580595,0.0,0.009661594906164203,0.002537134637679271,0.015293955995978244,0.0,0.04621923824670664,0.07178296641025952,0.04682275760318021,0.04360462630822191,0.0,0.041476035096929834,0.0041354509531375755,0.011206086164852847,0.0067499560483878125,0.0,0.0032279420353670046,0.0025445450409015886,0.0026370990839608578,0.0,0.004329990991842092,0.004409323448869434,0.0030388711451262342,0.002690178305944403,0.0,0.0007961780894163849,0.002202135037001782,0.0022892905780419488,0.0,0.0005206984788238139,0.0006426845962270564,0.0002370624610456859,0.0009368466212130676,0.0,0.0008000056221182104,0.0029554414028919672,0.0003022256887529122,0.0,0.0025587889200102787,0.003062612149889532,0.0023214247405807017,0.002359119236249462,0.0,0.0013093188673936847,0.002240280734735405
5.852941176470588,0.13050030830498682,0.05066563908088614,0.0,0.023454399693303964,0.015216881157071156,0.018165759834892017,0.0,0.013455563084370419,0.005539451802902496,0.020960261484057583,0.0905510077665714,0.0,0.05853482453673718,0.0029401999546437713,0.010696398315704764,0.003056939758496138,0.0,0.0016653202605853262,0.0017262674176395667,0.0018897213654557354,0.0,0.001014112509448383,0.0019615300172123582,0.00266111345838993,0.0025671121478045176,0.0,0.0008982695877420263,0.0012168524740039104,0.0015877536799234408,0.0,0.001698760550427008,0.0004914255537918921,0.0012211381706522101,0.001190865020384819,0.0,0.0011435008486490445,0.0035007991907341,0.0019897809003085643,0.0,0.001215786077912917,0.0009240279135355154,0.0015825446171017408,0.001819171281387245,0.0,0.0024563188448647596,0.0023699377029066954
5.867647058823529,0.14817353298657104,0.039411707672443175,0.0,0.010617206066351512,0.009808000569490619,0.017956533982809025,0.0,0.006003754062193953,0.011496917063880275,0.016558391598489475,0.03945863389247567,0.0,0.012121812747482677,0.00432502499291569,0.00481812931057532,0.0025359136996253675,0.0,0.0013875166703494035,0.00130346341682077,0.00218276968806872,0.0,0.001960557249182789,0.0005558389921611017,0.00047598663536487033,0.0015958883967899075,0.0,0.002488708451392229,0.0027749523463138316,0.0016624352845676536,0.0,0.0017226277970469538,0.002769001697286763,0.002126044193377506,0.00220314674982649,0.0,0.001104086765243745,0.0011503029336520445,0.0017786637622813372,0.0,0.0037032472969923715,0.004035502796974483,0.001572668741157679,0.0013466442409584725,0.0,0.002963033886206402,0.0028550701731458023
5.88235294117647,0.08862413095447003,0.08946721438404504,0.0,0.021584092430595173,0.033468362539617366,0.018229916879109093,0.0,0.03533200534113062,0.06958082501409144,0.042180380468126485,0.03908839044912236,0.0,0.009446012235297,0.02768421111336081,0.009712100999577398,0.0037267939075352943,0.0,0.0019941262574049716,0.0031890744605445488,0.0021680139507378,0.0,0.0006293074938719803,0.0006085665881947265,0.0016605837720942796,0.0027468939303094083,0.0,0.0015114154448562596,0.003474834443180276,0.0032106694847692505,0.0,0.0016736686859109844,0.0015870322579609995,0.0008169188449949276,0.0008977436996314141,0.0,0.0030194529134104035,0.0032459984816551983,0.0014511397262353043,0.0,0.00172354625272771,0.0012872480071188979,0.00021950175738086574,0.0011411403857571165,0.0,0.0015562359251848697,0.0016212289268153993
5.897058823529411,0.13773693000706283,0.022172436929890155,0.0,0.013300771243680422,0.007843689635597232,0.003173156410683679,0.0,0.010447292894132654,0.008089722086157311,0.031601126093555545,0.0040587339825232036,0.0,0.05071000804859629,0.02571849840182324,0.014078053121875097,0.010914512362127137,0.0,0.002630418008554751,0.003200629147490347,0.0021121283695717356,0.0,0.0009425922762982783,0.0005153637998684945,0.0010049710724366562,0.0016437198845893485,0.0,0.002538628687893465,0.001598242675301812,0.0015905787767880137,0.0,0.004197169244306845,0.002327786923517476,0.0023162493616289146,0.0033861436931325577,0.0,0.003966678478480345,0.004043183652842635,0.002134640185450855,0.0,0.0024813645640743122,0.004450146125298286,0.0032708922631868058,0.0010573226849610417,0.0,0.0018260837772220984,0.0035203669076591445
5.911764705882352,0.06798494732187321,0.02593033941787056,0.0,0.013974118160236623,0.011075374651944837,0.01690798643044283,0.0,0.028655305248181898,0.014399799025355403,0.00881523010057067,0.009209511154376343,0.0,0.03008978483758015,0.005567451720031597,0.0010036968142455207,0.007601647121702721,0.0,0.008501068325023087,0.0019344509671847738,0.0015419971700615085,0.0,0.0018122602946800727,0.0013525688003254866,0.0028361885916875075,0.001452362372417269,0.0,0.0008295111990462809,0.0012110389736940436,0.0005223531771755024,0.0,0.00303326834386729,0.004826526836628617,0.002370111887184909,0.0018185558646997503,0.0,0.0015747849120048597,0.001464240827507895,0.0025487802139685864,0.0,0.0020229553519238177,0.0014166902587079266,0.0011223409799006666,0.0023536591776512007,0.0,0.0021936840604497203,0.0018109890450504697
5.9264705882352935,0.08628240952510322,0.006186857061690101,0.0,0.011524829276495768,0.03954731479122394,0.05673089746002857,0.0,0.03453918965023736,0.003336887400435185,0.022339292198842016,0.005923666698349366,0.0,0.009725130136740688,0.008219036545167174,0.0030857329839138023,0.0034026630083115704,0.0,0.0038672575508671573,0.002533292624887595,0.0025387089443882557,0.0,0.0016776016021425007,0.001271003941972216,0.0036866670763257984,0.0011706624515005573,0.0,0.0017384664494939158,0.005970111715462235,0.004491665119443467,0.0,0.003690502555292054,0.0005800798372428225,0.0026243581079366247,0.0030777673799171775,0.0,0.0018870586903165709,0.0024713708331905227,0.0011951531423771034,0.0,0.0004227658413459063,0.0010401766262158486,0.001986443618697021,0.0021345548429407366,0.0,0.0022153785960046437,0.0010298539890888493
5.9411764705882355,0.05284359625258184,0.006954980214565568,0.0,0.026064091759188786,0.005347684307436554,0.027885188919792907,0.0,0.04775196985837163,0.022418335913114144,0.09311053118640675,0.16609306886869252,0.0,0.11737676360747737,0.02086102438093308,0.0028039677309211843,0.0019994299285750025,0.0,0.0002210417880337036,0.0014177250874916883,0.004413150617443112,0.0,0.006178888144864476,0.003521082999621498,0.0013413007219644877,0.002163126957443016,0.0,0.0020316691043346696,0.0016646540199620667,0.0033692142108076063,0.0,0.0015990650707813922,0.0005750908350243941,0.0021394321009498233,0.0011906109252475836,0.0,0.001594204875541123,0.002561760674264061,0.0024960270530046103,0.0,0.0011464755206845503,0.0012572600522201079,0.0015403309258359415,0.0015340940971345827,0.0,0.0012990004754084008,0.001320025245953185
5.955882352941177,0.05764550744875736,0.03762535206434976,0.0,0.043122087279303334,0.045342503202905504,0.028967027781529674,0.0,0.058801476440580085,0.060060444595971055,0.04807708897137773,0.05023668080984488,0.0,0.006313045021525502,0.04129178060095298,0.002359412766347602,0.004742143170944477,0.0,0.000992622637083428,0.0013930614869385551,0.0021069155028600314,0.0,0.0028680943788515203,0.0010301416274493672,0.0008542439587432582,0.0006921504493207808,0.0,0.002463642017800881,0.003271202891857769,0.002960861527298301,0.0,0.001500248606839762,0.0018393151444671607,0.0032497386276535084,0.0025822861467813345,0.0,0.0011160164426616101,0.0010990703243079077,0.0013363175046564742,0.0,0.0008273468929018202,0.0013675975277667855,0.004254173003696563,0.004605028877699434,0.0,0.0019925251069279103,0.002361912123539129
5.970588235294118,0.06950477361215895,0.05350651123122374,0.0,0.03282472215549816,0.04244486171672624,0.045158958470838215,0.0,0.04892717747706982,0.09197039977912858,0.05301414842862768,0.010390666406871394,0.0,0.033945896719999535,0.018195770051815226,0.010936017920379936,0.003888404553744028,0.0,0.0007411298698929214,0.0013506045452597994,0.001995614000761916,0.0,0.001714279087597872,0.002628208106766765,0.0024935259497456796,0.0012923994223761068,0.0,0.0015534779250182679,0.002021929938294595,0.002269626400166521,0.0,0.003579510549559368,0.00304654915731535,0.0017165218780249975,0.0006635727362881312,0.0,0.00104886146230092,0.002085514286597842,0.002895626290104086,0.0,0.0021903201123340326,0.001152083458338759,0.002715758509685051,0.0031218744166770993,0.0,0.0006895427593220855,0.00015278308657375113
5.985294117647059,0.1341424719344883,0.049373469095387756,0.0,0.020484210108388225,0.005276311156442598,0.015170229187942889,0.0,0.04451203131966775,0.03743191323879043,0.008486722029023161,0.006337634822705415,0.0,0.007409400936927151,0.016485224676091603,0.0066368643525929315,0.0026169834182739435,0.0,0.0026689844061174505,0.0032408540160151736,0.001725632666801426,0.0,0.0016915981378255109,0.0024701476828959757,0.002015873992240122,0.0031376471589062574,0.0,0.0019595279244151087,0.0024123353873397348,0.004540543220002964,0.0,0.007061611368889626,0.003649064422809622,0.0044142641420134845,0.0028961143075532545,0.0,0.0012425180894802014,0.0030409167209153936,0.0030737763235586797,0.0,0.0027237961276200835,0.002470843078773401,0.0017963520060633312,0.0018218970947290799,0.0,0.002229838409430012,0.0020660373288785335
6.0,0.032332538629443165,0.02342105726476572,0.0,0.01294809294618132,0.015512409722353168,0.019211774632719752,0.0,0.008950163150108992,0.007780015940268353,0.018262836298813243,0.024916940784367035,0.0,0.030423010531815082,0.028778057227534706,0.014911585861378623,0.005818286345369515,0.0,0.004736445245816781,0.004080588510274977,0.004224085118840204,0.0,0.004941828829044893,0.004576691360166582,0.002972417669157894,0.001413391033528089,0.0,0.0016058336477060566,0.00135658550085307,0.001175594234222085,0.0,0.00276028523396883,0.002632455838626747,0.0010503086602106535,0.0010147689071337196,0.0,0.0011830725377532723,0.0010884076577245257,0.0008588583966500459,0.0,0.00046146440655504736,0.001171233841369138,0.0023435329322035545,0.0025138318339450317,0.0,0.002061357490175633,0.0017675550012308343
