time,0.05,0.060000000000000005,0.07,0.08000000000000002,0.09000000000000001,0.1,0.11000000000000001,0.12000000000000001,0.13,0.14,0.15000000000000002,0.16000000000000003,0.17000000000000004,0.18000000000000005,0.19,0.2,0.21000000000000002,0.22000000000000003,0.23000000000000004,0.24000000000000005,0.25000000000000006,0.26000000000000006,0.27,0.28,0.29000000000000004,0.30000000000000004,0.31000000000000005,0.32000000000000006,0.33,0.34,0.35000000000000003,0.36000000000000004,0.37000000000000005,0.38000000000000006,0.39000000000000007,0.4000000000000001,0.4100000000000001,0.42000000000000004,0.43000000000000005,0.44000000000000006,0.45000000000000007,0.4600000000000001,0.4700000000000001,0.4800000000000001,0.49000000000000005,0.5000000000000001
0.0,118.01370697686875,140.95015922591378,0.0,148.19479532532017,132.42819402419988,0.0,141.13936897796657,169.5187684097458,0.0,192.07062187601272,0.0,313.4263441010858,163.52266960620253,0.0,676.6518863900085,3152.828083266307,0.0,6077.937923063904,5930.937924687323,0.0,3030.078891754655,0.0,4299.398978629177,6872.705891450612,0.0,3443.115116377839,173.03661410030531,0.0,291.34594999642525,270.52635179499447,0.0,83.82609880355537,87.04533662421387,0.0,57.83175295636573,0.0,39.708400840026286,61.8205552086949,0.0,96.5847612865246,78.42613085816163,0.0,53.64455194152737,46.99929083805657,0.0,41.21561488482439
0.014705882352941176,4.595677987214219,10.739215445800227,0.0,11.579061426272409,3.706356419984072,0.0,4.434012642289426,10.471145764056928,0.0,182.99734081523354,0.0,327.313492648463,858.9737034243108,0.0,5516.495115481486,2188.537206562007,0.0,66.24188503193646,3620.6511132312025,0.0,20001.775664209366,0.0,29027.421831842315,6470.879252318835,0.0,10414.104163946671,21827.63108197249,0.0,6026.0603456273075,320.4076218222461,0.0,3.9872957312012973,4.885293380828361,0.0,2.731123029195802,0.0,3.894293218904078,10.136318468942513,0.0,6.269933722871236,1.1731725800401542,0.0,4.917354622179736,0.8139363821596795,0.0,1.4298110074678831
0.029411764705882353,13.604684741316584,6.534395676414056,0.0,5.026204893744314,6.288323812280354,0.0,3.044632193478744,50.01638028898813,0.0,104.52996333906228,0.0,150.7983962181409,1513.2350321815302,0.0,4026.4370983128506,4362.387490423455,0.0,285.2054404235029,1559.551018255393,0.0,4029.8162576515915,0.0,2854.710895108251,8857.89689955648,0.0,14354.121658653876,5805.380255758917,0.0,7204.256315743047,531.46193070496,0.0,8.59432943477289,2.55774517346978,0.0,3.3028465109388807,0.0,0.7301907321214683,2.254485179776525,0.0,2.0402931025969333,2.802900206090057,0.0,6.507516642330982,0.7703086790287486,0.0,0.4701888506833919
0.044117647058823525,14.478308851063392,6.33457865489991,0.0,12.846507598995869,9.645655698436649,0.0,11.441375026146318,30.347401008484216,0.0,147.8968800791073,0.0,58.75239292756171,131.32931978468025,0.0,476.8059084397256,2708.179231865003,0.0,1440.9858651694294,3551.370997362937,0.0,3664.6227393885065,0.0,5259.684924218813,7160.537903377611,0.0,8014.942277866474,1536.0088669266697,0.0,866.462441055109,269.5390515477177,0.0,5.0701283020597705,0.4715252614116773,0.0,9.221117864174365,0.0,19.658359551144223,11.960919527189303,0.0,13.35482886629075,4.946933467278668,0.0,0.3181180426691065,0.0942692597741846,0.0,0.6186550711088186
0.058823529411764705,16.38674966839397,4.922389198925895,0.0,6.200216679692568,13.498388936018666,0.0,4.787317845594995,10.348217979865343,0.0,32.414678931244744,0.0,109.74098088233285,644.8621638196396,0.0,490.2339357925614,2708.003757885762,0.0,2460.616174971711,490.63007851681004,0.0,629.4867038947191,0.0,1092.2485215050172,1266.2927419511507,0.0,11769.799020588522,9389.985346647374,0.0,628.6742232983402,99.878037003457,0.0,58.876061374238716,16.19239976430844,0.0,3.028909615092947,0.0,12.935729889338587,16.440079648077244,0.0,3.2623781320888963,0.558487250525844,0.0,0.8108597963575386,0.42023087252458485,0.0,0.3580982702723677
0.07352941176470588,18.182357970762563,13.18417695476126,0.0,5.796522096477728,3.6524956775499544,0.0,5.291488950863297,1.63851079549686,0.0,36.33331419425289,0.0,410.2540164580877,471.2688477340728,0.0,1152.8219252495528,6971.4455335831535,0.0,6832.999243742699,2748.774145967228,0.0,185.67577697666735,0.0,706.4770381618588,6357.414174565043,0.0,7484.3987935959,7272.639394702428,0.0,4109.808632570838,366.09379033392497,0.0,18.83605439234786,2.2169906354628037,0.0,3.5698996884946226,0.0,3.421653644018763,11.70240028563337,0.0,4.699592357212094,0.8670734445494335,0.0,0.46973518716543083,0.24796163547886818,0.0,0.13829822176596937
0.08823529411764705,8.583848741691597,5.2552861801498265,0.0,5.637654757865716,11.598034288131961,0.0,14.71116193739174,12.259646695444356,0.0,11.373639634531182,0.0,225.17596362660828,359.8600624554267,0.0,2567.9518980213675,3118.1695831219804,0.0,18005.95985189244,22695.608029892577,0.0,12342.676211487833,0.0,5109.484560839108,1737.2555834087634,0.0,6531.332682512207,2953.524856692604,0.0,193.04567932011383,36.63438080623992,0.0,14.450467509335116,11.563746903375428,0.0,2.3422124427836826,0.0,17.942207493482222,23.936116143525226,0.0,12.544442015101142,1.218116818901386,0.0,0.7979175262593686,0.780095835376251,0.0,0.5334379156785627
0.10294117647058824,26.255695204833557,25.189753505763036,0.0,2.7572614692041557,1.4372172609721212,0.0,5.497492237587617,11.92457279895709,0.0,56.13745079776582,0.0,354.5514072700829,2514.409687572378,0.0,5403.965238714509,2066.592813904467,0.0,228.29143083437964,61.016869148647984,0.0,5070.158840121832,0.0,17725.82363045495,24035.33009762146,0.0,3604.6739407531213,1408.295488009623,0.0,350.2351232584234,11.299897747759019,0.0,22.803554720983502,12.238150355746416,0.0,7.304154312042401,0.0,6.697478111866992,13.132229458741445,0.0,15.21489054511592,5.342425926750718,0.0,1.1845699123080855,1.9556694392672673,0.0,1.5780261985327133
0.11764705882352941,17.71388676196721,2.7608130240086,0.0,4.447165082893202,1.2750254788287183,0.0,13.105734070743674,41.50858310357094,0.0,161.14070416578448,0.0,681.4587836786973,804.5153326232274,0.0,259.5376465760441,1320.3095434564195,0.0,553.7880463514357,581.9072306242269,0.0,726.5667393611764,0.0,12830.049713936121,24790.58563972592,0.0,4689.883376116389,3191.688999777002,0.0,2804.49672001789,136.6406921069798,0.0,10.218028920251186,1.4918614078946668,0.0,4.370689528846322,0.0,4.633335910585901,7.752633072583431,0.0,4.425077020908833,2.798118343737147,0.0,1.1271631151757437,1.919851018970326,0.0,3.5160770478299574
0.13235294117647056,13.492111142171792,17.737016229623684,0.0,5.456724440275464,8.129998491256353,0.0,15.000969459785939,7.822440094572406,0.0,15.27856905332348,0.0,246.9512029691207,553.7570664176625,0.0,1694.6156576225023,6300.814802723702,0.0,2634.6670326836875,1081.0910745121903,0.0,7198.246737583217,0.0,4369.09454332469,2489.5711635374782,0.0,13347.627930487204,11819.862630491238,0.0,185.20834492117305,156.80107544069887,0.0,4.200712681960857,3.659331637431094,0.0,2.05869465708541,0.0,1.2220395690157337,1.4187138382830433,0.0,2.9488412613529533,7.056472079115236,0.0,9.061785872759389,2.3047247781737097,0.0,0.28453646567979163
0.14705882352941177,1.2796017746997412,3.7216184828158623,0.0,5.069383813986693,23.072377089540197,0.0,11.1318967042698,4.454636851982026,0.0,107.17935026911681,0.0,715.9704418345736,4478.913230755044,0.0,3742.607480550079,1898.4427681739035,0.0,1905.5562602651933,354.67479437859,0.0,1383.7244282260572,0.0,43.57732715701272,442.37001926128613,0.0,3232.356037086567,5699.11826895252,0.0,1050.1542161013067,17.847943766332563,0.0,2.713239882234993,1.4654202719906144,0.0,0.8084532154603219,0.0,1.1410107331335724,4.6901570896937965,0.0,4.4487544918317745,1.1359646441825477,0.0,0.272989710398158,1.1606285895657393,0.0,0.7658170618747135
0.16176470588235295,15.590916585883402,14.571545575649397,0.0,28.844170203632444,10.485515798838108,0.0,6.156045157042525,4.929681079090034,0.0,89.02954386285538,0.0,478.18234272913514,11.43341630326834,0.0,774.1468645950968,733.1993392252118,0.0,481.534557543305,2490.0896973822655,0.0,2002.5520241728916,0.0,868.1127751790675,545.6170453441023,0.0,405.47809589945325,1257.491106416175,0.0,1781.408956944832,128.79701590791163,0.0,0.3395572184882871,3.005389214786926,0.0,0.8035990756760804,0.0,10.063017788670173,7.294076931581682,0.0,2.0482955570607455,2.3680825399535537,0.0,3.347365097101452,2.1753133724419964,0.0,2.207994676971966
0.1764705882352941,12.831156391742917,9.3575466860366,0.0,8.941745401617498,22.23326361788628,0.0,16.333267927998214,80.30290874668935,0.0,270.4632978811307,0.0,162.06249921979597,441.5640524452765,0.0,151.55646736369516,864.9093717212622,0.0,4671.3900301678495,3970.0115082834936,0.0,225.33463132025898,0.0,3325.7341575303926,9176.66478957282,0.0,12465.90956009549,7428.566533610483,0.0,719.3156955280067,51.5318895008608,0.0,8.226139992117828,6.507219093545961,0.0,2.0673601969347186,0.0,2.118971874800045,10.71194206414261,0.0,9.137453287859625,0.6157145087392868,0.0,2.645450816423453,3.9680911985837413,0.0,3.5745123286609837
0.19117647058823528,4.053744621394761,2.52723494393743,0.0,6.021798340267477,8.659512573845477,0.0,17.840256068215226,22.533530072098717,0.0,142.65049785568678,0.0,811.8860103845477,2076.523178965548,0.0,7926.658422558996,10607.86677425516,0.0,7322.590720431321,11486.438078989602,0.0,13674.570769409445,0.0,23449.316297065154,12608.319159549439,0.0,8732.464394660978,2272.1446875556717,0.0,30.252052838600406,5.229476139182724,0.0,5.592630028457273,2.29197342469247,0.0,5.638711951098915,0.0,20.096317451109172,18.971067218460323,0.0,5.1213056408909425,4.051939300598869,0.0,11.74085480495867,19.26416844787965,0.0,12.390701745548334
0.2058823529411765,9.63469692411526,6.693747302918988,0.0,3.788227022918478,6.457595909148376,0.0,10.069005853435328,21.920784008065898,0.0,56.49497129654412,0.0,104.61664575479689,325.1206921642412,0.0,143.56703404438326,474.4502542469919,0.0,955.9871204309218,2694.279369831946,0.0,2530.404639450568,0.0,1245.8774029225326,3971.9406451104715,0.0,5828.317682087123,9148.45866863713,0.0,1750.0337689133612,51.77147500241222,0.0,6.101407502586191,1.5895219914870822,0.0,4.522164112057623,0.0,16.211094247414096,18.922324437127706,0.0,3.0285311745167505,5.5516554981204305,0.0,7.640281985499463,2.67109739427885,0.0,2.3340926756713793
0.22058823529411764,6.581537403630456,2.9259585214992807,0.0,3.834063110490294,5.044486776269431,0.0,19.224139152111213,97.72371968859818,0.0,303.7275675075189,0.0,884.3056881873895,1248.1154764710968,0.0,1441.0463893472481,4725.33023059038,0.0,12941.445557375977,15176.77749597084,0.0,7591.275346772082,0.0,1501.3360964327053,380.7057085376672,0.0,2547.967564575699,7492.463405608097,0.0,4347.9723393014665,116.52410943177603,0.0,1.6211549316278835,1.770942183740221,0.0,6.721572464739688,0.0,5.269416727863179,3.4586977356458255,0.0,8.357029710174906,1.052037568078385,0.0,2.0190743242262363,0.9127660267797042,0.0,0.792882482183329
0.23529411764705882,7.697201214466515,8.605816548624553,0.0,15.995342714140468,15.721512045018113,0.0,33.13256718583052,38.3465182309487,0.0,283.41013206865375,0.0,1230.3611930153106,1810.9052914685676,0.0,321.37288131744197,28.592977531275544,0.0,4628.3187096833335,15380.78907893134,0.0,14155.238126962122,0.0,7066.718966214423,297.95159317202575,0.0,530.9868770783738,3365.9123186560173,0.0,2794.959289584584,47.99817982238085,0.0,3.908002353079068,4.310304958157274,0.0,2.912139838686241,0.0,0.7726366349168448,2.3064328983170617,0.0,12.260144197982093,15.437755696935238,0.0,3.831652866917846,1.7191021398455226,0.0,0.4431459528350447
0.25,12.705487444227245,4.317337928374343,0.0,6.9698932238787,5.665341857267304,0.0,8.19499850649358,22.249870891606825,0.0,1054.996992483452,0.0,2181.5472722107147,540.5544792125077,0.0,1444.1664413790172,5303.9372634042975,0.0,583.6124251971579,6276.120324657097,0.0,16867.545865567063,0.0,29863.76756809142,26764.686188392847,0.0,27168.019576474617,19621.94010025312,0.0,4629.784961526257,144.34724966385633,0.0,5.5361797028086075,10.342190181710132,0.0,6.218267784194374,0.0,17.38828138586751,37.09136020692106,0.0,74.2464541940407,37.93663196216525,0.0,9.768459560405681,7.129538081246954,0.0,2.336780492257108
0.2647058823529411,5.811539713167399,9.284929816025512,0.0,2.0286228327129634,3.4672362197729587,0.0,22.277100440564674,179.70320386078123,0.0,130.56846146469582,0.0,1070.0325406830177,2127.6680521223807,0.0,3480.5605468598487,8809.013492593607,0.0,4512.855683376301,3656.8958363528536,0.0,1050.9646907411889,0.0,4165.1937946473345,7025.0215130901815,0.0,2368.4331712964313,1884.2880509815213,0.0,1035.1388673372487,16.165778983812547,0.0,8.58696383695317,3.153576717383633,0.0,5.00927851708305,0.0,15.863096816651382,32.58015050550219,0.0,23.204460799620854,1.4447843676486851,0.0,5.256291192207561,3.9887010108719885,0.0,0.7242181308470179
0.27941176470588236,11.764122994125117,10.2909134286332,0.0,9.539653849777704,7.457532836480549,0.0,11.581212193160004,50.786940979002296,0.0,81.9779304758849,0.0,805.7504629022699,1605.044221278742,0.0,485.9128152045425,1963.2289534993802,0.0,10998.079854172549,8642.926283877925,0.0,3772.710860117534,0.0,6318.376256928729,13840.843000704806,0.0,9004.968215391218,947.923459844654,0.0,1285.4630306146933,194.67819449144193,0.0,4.866151522304307,8.177510592449234,0.0,4.901210737432167,0.0,4.512643412045387,5.740915267354312,0.0,1.362139571876042,3.180282725984173,0.0,7.2937031332240245,4.0083892536686,0.0,2.076286962147125
0.29411764705882354,27.930445831579274,6.116221790062626,0.0,7.291479081592347,2.388798283403728,0.0,26.69118800559307,4.601102900924355,0.0,65.47739481069908,0.0,414.36552460777875,1446.7085097620052,0.0,5427.191679724635,12100.24323104192,0.0,7766.268790646046,1003.6330114980602,0.0,1493.2020257394543,0.0,570.2439230941131,3131.729676510206,0.0,11314.476843589167,7323.510351569525,0.0,1991.9510733287095,113.77050820746231,0.0,16.57977689393758,2.052141074019161,0.0,1.2532895878816488,0.0,10.92815669224278,26.342717713982353,0.0,15.951743611306707,2.646471107796101,0.0,1.2524300791035765,3.212423221658582,0.0,1.0258097422987382
0.3088235294117647,19.668649211928717,40.66282779606731,0.0,18.507079350881515,7.5998418751869075,0.0,9.255689920960528,84.49385296113056,0.0,497.0248631559066,0.0,359.4618156433345,69.81698685173005,0.0,1195.9228161841384,892.8306158118378,0.0,2163.043446500392,584.8590267738884,0.0,282.9874553406521,0.0,4091.284821216683,5648.18328649166,0.0,348.0968576257826,4033.5606016535876,0.0,2663.5155617784258,321.9003198207264,0.0,19.40839529655393,1.678100120677531,0.0,4.801985390516285,0.0,12.813547260187871,4.497575869736832,0.0,4.878514188047667,2.599084392137404,0.0,0.3736513435137314,0.629007816766621,0.0,0.2697358614649569
0.3235294117647059,34.78168261537767,17.962125607501985,0.0,1.7549121346306558,2.6471285705277836,0.0,4.159191128542707,15.464770522808076,0.0,186.35217463723671,0.0,2081.8314399820797,1828.6030298172343,0.0,385.51003477758184,182.07697842026514,0.0,133.1838445584721,2037.7245568472376,0.0,1403.2058513254692,0.0,6746.666266165964,1053.1399741404928,0.0,6622.577485847773,4435.108689844044,0.0,2560.37674991187,118.40735160692644,0.0,14.225487738569322,2.928440948795675,0.0,1.8909567575409625,0.0,3.093761127245278,12.051782540048931,0.0,21.630130094664963,16.087957495903858,0.0,3.4271267081638075,1.408058624775127,0.0,1.0941004837603017
0.3382352941176471,8.74682804026407,6.310762045969759,0.0,3.0053443759544907,3.356525179609705,0.0,8.027812816193059,12.686644894726923,0.0,275.43229020312333,0.0,431.6148792879882,768.4261085308292,0.0,3447.565300116694,4928.46948365905,0.0,3084.4310416899643,480.2740687646184,0.0,5586.940249313962,0.0,1253.0460997376667,3518.7200755467125,0.0,8383.55178061101,16358.883600014968,0.0,8059.335960445893,1091.2878279424453,0.0,100.28067583539534,13.316283920047287,0.0,11.179547280833948,0.0,17.451947928629767,16.01897047820927,0.0,18.542992311142456,12.028741531124176,0.0,0.33667785098459946,3.175544733487559,0.0,3.8035047328409997
0.3529411764705882,13.108939597773904,5.61129603661426,0.0,7.479545740772641,2.908501479032926,0.0,11.234955840156456,10.207349720476412,0.0,92.58150641130214,0.0,790.000363499213,1297.8219276257291,0.0,3159.7217218488086,866.4339792907115,0.0,5706.910106533602,9708.3875517312,0.0,2044.225239110261,0.0,5855.356427328046,4237.4267101899995,0.0,5452.448590998372,16588.236129043333,0.0,3708.2377425521645,12.67334744392803,0.0,85.24482443778635,1.961453695878481,0.0,5.556199121470826,0.0,8.672897111476196,4.828181669692978,0.0,16.361389254025795,20.868961731271746,0.0,11.86736182783422,2.0765905316537943,0.0,0.3301493759916253
0.3676470588235294,0.9832187603660246,0.9595382792867174,0.0,2.726511373815401,5.990650642221577,0.0,2.545746443826804,5.251510915865498,0.0,12.979107898466825,0.0,674.5223372246126,1928.1758014559182,0.0,2119.4490569205905,5985.411523116618,0.0,3831.331992307266,1814.6479922674503,0.0,53.598821121404725,0.0,4292.325472416559,124.05971223687487,0.0,11873.571602348924,7625.019355233771,0.0,467.1695040280332,153.78291824411,0.0,6.8375103894672,4.064018974658841,0.0,19.2065934124757,0.0,19.45736051019513,13.658427337969089,0.0,80.36651093453452,49.4861500424383,0.0,15.722887973836169,3.322183723764052,0.0,0.31152197771153217
0.38235294117647056,9.256131020062085,6.355313609168779,0.0,6.5882736694936614,5.037649759569217,0.0,11.725455024345749,21.93401539691316,0.0,31.38142231204586,0.0,891.4340796492088,1522.8019387457311,0.0,184.20430420852605,1119.7369371331042,0.0,2796.395595094311,4550.709546286168,0.0,1025.6494124001413,0.0,1474.5152615091529,7828.3239186141955,0.0,2883.092399376689,1552.5841491119977,0.0,670.8376127743959,30.077766801654036,0.0,0.7500053525114869,2.355989428505276,0.0,7.130034750231017,0.0,3.6911382511985913,16.681731203578842,0.0,13.055266871721747,2.2014901279956187,0.0,1.6765076742752836,0.35950995162369537,0.0,0.38976604075156623
0.3970588235294118,12.142342310261366,1.2487739548171977,0.0,3.426952779662456,9.582339331888601,0.0,14.85171993013056,16.871906719444276,0.0,48.1871513301751,0.0,446.9869185677554,8572.455228864079,0.0,11774.356103185988,5597.3425976922335,0.0,6465.1856955353705,12068.03685509387,0.0,12767.633446198477,0.0,5653.468119659091,7120.073333090146,0.0,3403.535515220556,2095.772331679306,0.0,92.3117070624921,21.260791833554713,0.0,15.239809023068213,7.849971674381119,0.0,6.687341945551876,0.0,5.8757871061033775,54.245965589403156,0.0,119.53125043225077,87.24045692814462,0.0,20.220062772721107,2.646976059318281,0.0,1.6647448601302277
0.411764705882353,9.426119301124563,9.744004369853224,0.0,7.104043153481948,4.108313322214851,0.0,10.001649687115481,20.010704763448672,0.0,95.15474851409002,0.0,1216.5992585229453,1564.9438216140434,0.0,1818.3244605402435,4205.970145882289,0.0,1800.639439405405,728.6830312676959,0.0,6758.234355562629,0.0,13472.573208678365,23043.557609375603,0.0,27590.543362116026,6228.553226193986,0.0,222.88681216998197,34.890829545064776,0.0,9.6315660259734,5.691305864793922,0.0,4.182122330747761,0.0,5.443129013876473,16.597077125078645,0.0,78.4761065605978,16.690626329821228,0.0,1.1600104789943182,0.3496918141332521,0.0,0.28860368489628696
0.4264705882352941,8.976983605842296,7.970564295840907,0.0,7.370026677612154,1.0635461911717197,0.0,13.287424564914186,47.38100103625364,0.0,104.19397719873135,0.0,20.066300669366687,291.1406304798463,0.0,2064.7012925571266,2938.7042110766106,0.0,2323.4369086945544,5954.774263151114,0.0,1902.5796075062926,0.0,3105.5035351925944,2415.3862468095367,0.0,9977.909749300052,22691.909763954143,0.0,7526.420959731229,377.6714507913166,0.0,2.0289088761881886,18.65502613262349,0.0,1.7384608036204068,0.0,7.722549253202067,18.00508063557715,0.0,11.12918346763767,4.837021763943614,0.0,1.2665669278272682,0.8480716470626389,0.0,0.38181502805817136
0.4411764705882353,14.739755476090808,7.3385906135566765,0.0,5.836208485494897,7.498784977201396,0.0,27.790027357071622,14.895265617056072,0.0,68.28717172195876,0.0,323.7633790099119,619.4498392204812,0.0,1207.1159780903681,9429.260680946252,0.0,4465.736273511819,4146.122512236849,0.0,6618.576929692181,0.0,4082.479988009147,1459.996823430331,0.0,7823.996757776882,2723.8470104194867,0.0,3460.6672290478455,690.2507102002247,0.0,60.45285985898083,1.863361615877185,0.0,46.411147734253476,0.0,54.782684588386815,4.145905798140636,0.0,41.70079626996748,30.097662040474624,0.0,10.005790756664194,2.307438015636323,0.0,0.314812185204547
0.4558823529411764,16.727750568768712,12.111141938657575,0.0,14.811961503835684,7.695698568780053,0.0,12.281997432580019,16.437982246822504,0.0,27.448879266460516,0.0,76.31303424157588,203.65217992087085,0.0,133.86745932699588,2431.015298602432,0.0,12352.36073706194,16940.62599943048,0.0,12200.311222470365,0.0,6555.632092358648,13337.137854010543,0.0,20636.115916369596,29922.76614701042,0.0,9858.740275534132,135.27681354474612,0.0,6.8671211970967985,25.299907734397415,0.0,16.4507323010174,0.0,2.9158944840428633,24.58055920553566,0.0,47.22664098003544,27.112468412439803,0.0,10.630285084829213,7.612164244567884,0.0,6.697708518179588
0.47058823529411764,10.2570030240278,13.093410974098912,0.0,6.55540649663835,5.837546627139658,0.0,6.2919011836124525,48.61883749555117,0.0,80.27963070555063,0.0,263.41573964166787,856.3565210004351,0.0,1231.4547021199028,1052.451526304786,0.0,47.24517797935037,464.4391273562211,0.0,4412.176545559765,0.0,1327.2908097785144,6710.528299908696,0.0,4264.28446607183,3214.475123371919,0.0,109.80416141589427,798.4194573887812,0.0,22.48428961960542,4.156930485009517,0.0,9.195933244704541,0.0,17.40761320883172,6.7271244893043045,0.0,2.458625414071942,2.107989459344478,0.0,2.907747395934015,5.44077056199507,0.0,1.3611666907864017
0.4852941176470589,8.891245679904868,10.074992532800085,0.0,13.797616848201278,13.481599807776389,0.0,5.5033933200260154,19.03063444591723,0.0,157.7285505032428,0.0,456.99874997031725,723.7751070415529,0.0,1502.4205868379713,3458.0995963006008,0.0,2753.7526841958415,4291.029317054077,0.0,5445.734649747756,0.0,528.7434783412987,1028.6219603175566,0.0,5675.625113441885,2513.863279031436,0.0,236.2426900926887,95.21273207459569,0.0,6.361339754485208,12.81314757544392,0.0,24.521670150240432,0.0,47.47083716806081,22.11977873393969,0.0,1.0241604763901309,1.913345010170725,0.0,2.5113180518360716,2.595794574274441,0.0,1.1402855847527782
0.5,9.994998909406267,14.222822933368288,0.0,21.480922819299174,21.830938436554433,0.0,1.7210720398206816,10.290773254799758,0.0,45.39739104384801,0.0,75.27498336936574,184.3822487802541,0.0,582.3479671831268,1940.5823404236958,0.0,8033.443875999093,5949.945589395518,0.0,4254.005871116897,0.0,7476.273279218927,5296.110481865297,0.0,11612.097408832566,836.7484048215997,0.0,351.2430410941913,37.27387007468063,0.0,21.40301374516513,6.628608747645422,0.0,3.931889244494425,0.0,30.15418336900418,3.123151371113791,0.0,27.908436860473195,14.38644803182822,0.0,0.37930340345086944,2.9196062627096446,0.0,1.528864849116384
0.5147058823529411,3.4597435187381143,22.063279731972703,0.0,16.800972725616855,12.912317195288031,0.0,6.4248329246131535,5.49861191052193,0.0,44.85488009988481,0.0,784.3485568137864,1699.4754279567883,0.0,736.9690582086403,1812.917292317686,0.0,4103.612176670021,7316.659768986176,0.0,6237.6026851674,0.0,643.5006801852426,16587.547361104058,0.0,13453.976924741497,10666.909787472345,0.0,1936.9566177581664,30.030917741704158,0.0,16.34438908580544,6.559269498271086,0.0,22.793408533103538,0.0,17.933993789661834,63.432645453785454,0.0,16.83161386645316,0.5470114189952279,0.0,7.697242868872042,0.4210719353415554,0.0,2.864542034474341
0.5294117647058822,3.1018306058867315,5.938611957443229,0.0,3.7781568477785754,3.274772076169784,0.0,7.532895281039837,6.3958162761744095,0.0,62.21198166065947,0.0,545.134673508564,1818.317361576716,0.0,1530.4896083467868,548.3921784281572,0.0,407.8797814115095,185.81793673871604,0.0,1446.3040915925965,0.0,5019.8894485616875,2486.064357520165,0.0,21174.390119915202,16850.97154819033,0.0,1800.3950737174043,19.544257246478175,0.0,1.317896208137566,7.925797551911916,0.0,4.598540136841428,0.0,45.07098203343658,155.8668785507807,0.0,64.13977875048016,3.9252646827167466,0.0,1.4687510974391658,3.953098691741664,0.0,2.4135705723253706
0.5441176470588235,18.28353345161743,22.850804347825516,0.0,9.896317053946584,2.191217703198479,0.0,8.065117955503334,21.674088658732984,0.0,26.7655865382835,0.0,52.44451016062111,191.47007728115202,0.0,804.8796557166642,2189.745041069807,0.0,2733.523742012456,2195.860202317831,0.0,3651.949466586185,0.0,6107.420952815579,17297.271145723542,0.0,12339.405699618666,1546.5037193671778,0.0,683.756778143869,211.7296257728488,0.0,5.650247060145377,6.005341654712824,0.0,11.260338566264629,0.0,5.262044149615678,60.52933161608008,0.0,119.40576661854882,44.940529275185646,0.0,9.809053501624714,2.52777297494438,0.0,0.9892446274330796
0.5588235294117647,3.162447742800437,19.222396337254555,0.0,10.583585577921218,3.580708937265219,0.0,4.424361088780443,60.0093397081134,0.0,177.84823431709026,0.0,284.7709546056549,2391.3554858310044,0.0,4134.293090785015,1589.7391121235016,0.0,1548.869193158148,4632.667028399212,0.0,1987.5822877880787,0.0,2778.5624385848614,475.26593644849123,0.0,704.1264703985036,1142.8041106481091,0.0,79.96245306390783,116.37858232712942,0.0,41.927819568390774,18.519069742824733,0.0,7.107917713447188,0.0,15.384189325895495,2.9487024420773698,0.0,1.255015195361637,10.823210740031705,0.0,4.225560619150739,1.2733530583767039,0.0,0.24718235674817185
0.5735294117647058,19.732646028419328,8.012329544953715,0.0,8.35465119250944,3.9895758066907705,0.0,23.112076507059644,44.996588832791524,0.0,77.67547419873372,0.0,33.356092584678215,3052.6452505917214,0.0,13585.559046309027,5859.818553210258,0.0,5544.0018098787505,9573.316044971578,0.0,13803.435159112028,0.0,7987.201252146096,6221.177776188254,0.0,2456.245354956892,1403.5115978600197,0.0,1427.2091193867795,23.761631282255774,0.0,8.964677075419612,13.990595097442792,0.0,14.594955115037521,0.0,40.640925646670084,17.794404447258856,0.0,15.092566363064655,7.464054547009143,0.0,1.5719842157749109,0.35941325907458027,0.0,0.33860992617475577
0.5882352941176471,3.967281863395284,6.830047947175376,0.0,23.575595262375142,2.489896818928921,0.0,2.5216407559769696,9.739543314545962,0.0,23.0665804918744,0.0,48.74970609366626,357.66475086351795,0.0,6928.962691742415,5885.485144402666,0.0,221.26128837013766,627.3423275262276,0.0,1696.58755593982,0.0,4957.3174264025365,10756.531508439804,0.0,14626.5283061337,8354.3159589797,0.0,620.2027339518606,61.79646416724612,0.0,3.1687394498683794,14.51841815574356,0.0,17.2991162476263,0.0,2.219358459760127,4.6848708717005225,0.0,2.2725179386147567,4.69123818439371,0.0,2.9713674423082717,0.8572831723348063,0.0,1.2509738323615616
0.6029411764705883,3.8504395355978263,2.7015973441273253,0.0,2.2638261207652057,4.249882178945102,0.0,27.10126892994796,40.40211091747919,0.0,118.03119759683602,0.0,1181.6301585730707,4619.373267534886,0.0,23066.184022122085,45989.033758842925,0.0,28772.84145919932,9295.598714971795,0.0,2128.1957950980204,0.0,824.0391967592759,2567.114957918585,0.0,5760.360066119021,873.0778585890444,0.0,171.33163651504734,22.64664702145871,0.0,4.8163151394921,18.670137810264926,0.0,43.91969546423273,0.0,13.410876402263337,8.968449232208034,0.0,3.639061230734959,4.481385376226516,0.0,2.765850905888242,3.702611234814774,0.0,4.823224371323173
0.6176470588235294,23.812138570113135,16.108420609025664,0.0,22.26748306329703,13.172344062357729,0.0,27.44319446292635,20.07934055625392,0.0,213.416453039144,0.0,177.1731336126777,1178.1680160551305,0.0,394.2341450916354,6647.883042790918,0.0,26022.549536050814,12682.918722163828,0.0,13572.18668537476,0.0,3617.742473440985,13785.16710063767,0.0,24493.13184445582,7386.659006782118,0.0,2015.5259177638095,493.9475385152401,0.0,16.25001349753989,15.369403595588711,0.0,30.09775777100596,0.0,33.50855530429777,17.40365546010819,0.0,9.423883296979216,1.5799209902705174,0.0,16.15401348679545,8.522165089558904,0.0,4.575787400187116
0.6323529411764706,54.075387132562014,24.941754707688915,0.0,21.716264271163478,18.278372002445423,0.0,16.780764931234657,35.262544593161095,0.0,9.938932471496713,0.0,331.4918066559889,714.7969122335894,0.0,394.93435534591214,1228.5270991467787,0.0,2866.9996330452464,6454.168715857624,0.0,7320.521496525962,0.0,33458.21627748973,21712.943356741154,0.0,7154.129115469432,2504.347575836333,0.0,1895.8434736035028,1783.1668613032305,0.0,1.9063928836857948,13.02727234659136,0.0,34.96786170407381,0.0,69.2941748480177,29.181778301071105,0.0,2.549117592812284,17.89948475746583,0.0,21.431199972518414,4.905027798452131,0.0,2.9555872751749432
0.6470588235294118,74.08046850845628,20.049818693047705,0.0,16.89258180864431,24.182517251690697,0.0,16.42249636752116,108.90143706282926,0.0,314.7726331871472,0.0,174.21651353150526,239.02670212682452,0.0,544.6462906230217,3496.6530345495667,0.0,674.4780730085193,6934.651439973327,0.0,19922.57978582986,0.0,18751.149316892355,8629.97325217445,0.0,455.198837839539,10978.358612733758,0.0,17671.404852667205,2160.355426441427,0.0,42.717950872754116,43.36673470206992,0.0,122.82218626319641,0.0,81.36987198204704,29.46058926640699,0.0,4.859477193450235,6.756517729691494,0.0,1.6696410868733969,1.4615012750696939,0.0,0.9794359388904875
0.6617647058823529,13.157250848567571,10.241948634082561,0.0,14.678602523539617,4.927189741739893,0.0,27.31476899241785,4.5194381405308235,0.0,144.6503754923595,0.0,391.6098963626396,471.43619138148927,0.0,1796.3165630097537,1048.3125614752971,0.0,1440.5117955187436,2794.214172048539,0.0,8442.280863489374,0.0,11357.686777725561,13790.839698389265,0.0,23760.545344111357,33440.02260969559,0.0,11000.598245833604,391.58675945806624,0.0,366.99294931508746,2.9865065477030246,0.0,6.93174727437751,0.0,9.327601203600116,13.398961402537555,0.0,8.457701022489392,2.5726323432592046,0.0,0.1032657750972518,0.9006135584659738,0.0,2.18007744253054
0.6764705882352942,12.636288253451294,6.628239555004955,0.0,8.622712875433312,7.516827923877092,0.0,52.13728131487536,52.265611270428494,0.0,50.104487759197255,0.0,206.3628866676636,164.0428345617766,0.0,1017.1418698625359,487.0180218612428,0.0,2146.861233535704,3598.2654926272335,0.0,903.602325573496,0.0,4294.902153141678,2807.1396820497434,0.0,1781.8848621461316,12948.47801875127,0.0,6792.462761264946,473.41597965797075,0.0,323.6105655537041,25.72512774638613,0.0,48.053465166845726,0.0,16.98151632488904,14.353394733774742,0.0,6.763680728272049,2.450492493305121,0.0,0.6198147806657024,1.0565803002099494,0.0,0.7533661094760578
0.6911764705882353,9.871303623508817,11.839584834024768,0.0,10.04148602889318,10.815323437191179,0.0,8.673157026009257,51.26117568111822,0.0,78.7044775440441,0.0,30.76050250464786,84.92943386968496,0.0,905.4679963895398,1191.4882023369923,0.0,323.2478653284231,903.9127546123314,0.0,241.0458378472777,0.0,5408.444660272016,10068.687116093253,0.0,4813.500861159728,192.9049577535323,0.0,857.7217493925893,34.13372431168203,0.0,22.11489503429132,23.22111189044402,0.0,56.220990967127776,0.0,110.97457651722115,44.040074956081426,0.0,4.120320195521124,2.2116352183716703,0.0,4.3682730866839705,2.445143276826384,0.0,0.19304966879194319
0.7058823529411764,5.481298732493384,4.577600739405188,0.0,2.527390190605386,2.8377177901273463,0.0,6.9315392606921575,1.2915071950028243,0.0,56.81272687250334,0.0,366.80905676882384,702.2414337301664,0.0,698.3004147164875,238.55982218499824,0.0,428.8973244793976,198.3031925482443,0.0,245.29951120390712,0.0,1547.3690448765597,2451.8121018756297,0.0,1696.5170976593658,5220.785619869026,0.0,245.36029576195074,77.67858882870014,0.0,7.990557228092655,1.4614296744935107,0.0,16.232505042827064,0.0,31.69122689347612,7.906474464407646,0.0,3.8988055309620155,9.111055352768538,0.0,2.2559922668550128,0.5890223999490549,0.0,0.16626287141927956
0.7205882352941176,17.75998157403392,5.993783834044212,0.0,13.912815820216206,15.813213872885449,0.0,6.672082054298592,2.3061714654344527,0.0,16.06275378281684,0.0,414.6645481455586,892.0060800048457,0.0,481.3580635639139,1036.9989538283887,0.0,1101.3145682077952,533.8864132823921,0.0,10.196410821601816,0.0,436.8680416054325,5525.813012986497,0.0,9325.430082243309,3939.0156471402724,0.0,514.2448413961041,28.94220013593801,0.0,7.73545279498163,3.660831110081979,0.0,3.9854499474689895,0.0,12.15941008968904,18.602038726603276,0.0,21.066736359181682,21.732111820769987,0.0,7.366651236160601,0.34048894219214726,0.0,0.19733205932531986
0.7352941176470588,11.561222946425248,9.34532879627452,0.0,4.081230021575331,3.170163074046287,0.0,2.0655233673345625,1.3646523285696945,0.0,52.34909290588074,0.0,401.9858701026451,411.78742334194544,0.0,725.9546621092459,3745.5653679362204,0.0,2712.370473557744,582.8477512444304,0.0,5756.084166124401,0.0,5049.161230588006,5493.113988332413,0.0,5152.801320564335,1909.6917766626239,0.0,295.0659324238294,0.8895344257749075,0.0,1.1457660075552631,1.4432092539227173,0.0,1.7961841174190305,0.0,1.0021435650682284,2.5915930150607926,0.0,3.7017076442435544,2.1677434642953806,0.0,3.664898277862168,1.3262208131503226,0.0,0.14735420387502152
0.75,2.762625657259938,3.5742517328635532,0.0,1.4841911196455793,3.560703847407077,0.0,4.5797073041713645,7.394246599786709,0.0,16.785579601291456,0.0,285.91060375368113,750.2671843136428,0.0,2280.0183203546444,1992.33982407555,0.0,2150.5868209458295,2349.7056520119095,0.0,847.218176247293,0.0,4567.219863374881,4486.490233178543,0.0,1366.5636772597354,684.3691575641901,0.0,189.0530509158238,46.05271494343437,0.0,4.560577622482861,6.883118315580189,0.0,15.12869950589989,0.0,13.910862280423565,0.47381992826205227,0.0,3.3455084874612986,3.863352283684467,0.0,0.5384671934929164,0.8457904058013235,0.0,0.7212071862036289
0.7647058823529411,6.031501648315825,7.849813146767993,0.0,9.344818560748635,0.7779477955346779,0.0,3.693067497346929,10.339190190895161,0.0,18.72586356265034,0.0,483.0104760626712,1321.8353315598308,0.0,2452.665432814719,3959.9110615596674,0.0,852.032754949852,5897.099332251161,0.0,5617.467465813741,0.0,1479.3848023008802,5333.305070363265,0.0,13547.922149204005,13582.349287606721,0.0,2643.10686510248,40.26301544686728,0.0,3.3532010484982537,12.034409803568423,0.0,6.767765750479366,0.0,2.1852651605686413,1.6319597113428626,0.0,1.2322101267969117,1.7824417730894166,0.0,1.5225540712905967,0.6672738795846115,0.0,0.3103630924609338
0.7794117647058825,6.453488241794288,5.779137074686166,0.0,3.9399904984980676,0.24523678732203885,0.0,4.369807375984301,40.130740613634636,0.0,205.1263850519531,0.0,506.90075043662637,151.82783922359278,0.0,562.8202410411493,2215.149008514664,0.0,7638.295772745394,6000.867619511109,0.0,1596.8507151375543,0.0,3058.9419671788764,6682.861289425557,0.0,2426.613816567323,5362.024524052984,0.0,6819.604844418588,454.90718484143906,0.0,3.9314226599111075,3.410822119499696,0.0,9.606703310279293,0.0,10.257260727707296,2.97358037496553,0.0,1.486176881452381,0.33114789292055546,0.0,0.08899995534814972,0.25186946302090935,0.0,0.7386182420630716
0.7941176470588236,7.862314166281147,7.591466493884097,0.0,7.001375127709057,5.304122877184874,0.0,1.4545854460335383,2.3592678502828988,0.0,51.20845401223733,0.0,639.60204587242,1137.302201217129,0.0,143.8016831783532,1113.039588523017,0.0,4796.478259484336,11833.038195012941,0.0,18612.557379637874,0.0,6235.200750381577,2119.1453214577755,0.0,56.10092989057121,2569.7707180873804,0.0,335.1139877565805,489.6751304473487,0.0,20.342633237638594,1.0254126588514607,0.0,2.770683277332444,0.0,5.660910062866907,7.217984251552683,0.0,2.0729633611696157,0.8741966011370439,0.0,0.8948218856847469,0.8178101791162895,0.0,0.6016755940578875
0.8088235294117647,15.949673441923059,5.408883020111222,0.0,2.2996182550952393,1.3967951030768913,0.0,5.645304838466379,4.293538743112151,0.0,54.20148763041907,0.0,274.3745806155796,158.96355591007193,0.0,895.3789611790502,2084.3962532549504,0.0,1155.798731250748,10126.892518694105,0.0,9760.015688969752,0.0,14612.298298234338,8254.472285670961,0.0,9492.068099426879,21960.99045053187,0.0,5900.015620152926,563.6723602016092,0.0,86.18719591128561,15.17471068969887,0.0,31.727584207137756,0.0,50.998977045496765,20.58176994306988,0.0,2.3409654095208836,5.217273820877788,0.0,1.2150315982627111,3.1254048205503695,0.0,5.223365936247507
0.823529411764706,4.626766263552239,5.638637700176197,0.0,12.404084914190348,6.345212435196749,0.0,4.388991519754199,2.5285280894914717,0.0,60.02392147383286,0.0,143.13431034677075,419.09252027425293,0.0,396.08098993001215,1774.7626055976607,0.0,3601.31449756979,181.34600963627372,0.0,2854.4980092515616,0.0,7207.985351476169,8557.721361781536,0.0,7069.709887343468,3655.4578449099104,0.0,3380.563332501172,1844.0135455700674,0.0,206.2859134418352,11.139353294625273,0.0,6.684640533169219,0.0,13.815058585684902,5.424493151529262,0.0,15.23811707749454,5.491797485538523,0.0,2.779802263817551,1.043268490076652,0.0,2.0524864295203575
0.8382352941176471,12.52966668437221,4.9216859249883065,0.0,7.41381790488991,4.170551434871836,0.0,23.789160626902635,60.68599119518383,0.0,21.844538031407247,0.0,331.9926729344879,259.12398422200283,0.0,806.8566213404968,840.1697965167741,0.0,1496.2411204286254,1190.217559591437,0.0,1815.5017107401095,0.0,213.80374495673925,8248.162857124013,0.0,18274.726807297593,21681.18035384485,0.0,9958.873782897797,700.6131366545033,0.0,100.19026729534193,8.881127337348337,0.0,0.6166866391841186,0.0,33.04231161896353,34.14150015324425,0.0,1.7684280000450574,3.4928602317085513,0.0,4.169446498757956,4.931068280898366,0.0,4.970009949663029
0.8529411764705882,8.562580053307308,25.850328940970726,0.0,11.651136500681705,3.3254741596223045,0.0,8.704766388393312,44.670647429328014,0.0,135.6177764483789,0.0,403.7881952223172,2420.8271460743235,0.0,1931.000587739466,1071.0573860773993,0.0,467.31994248945034,72.3287790803988,0.0,1192.9363042148764,0.0,51.03970421358491,1638.5405376946096,0.0,1303.53366482437,540.5252742976331,0.0,2397.929436749685,626.0880881627652,0.0,26.077431189401885,7.245528080720739,0.0,4.719079320604037,0.0,2.4876939120451755,10.093068238985923,0.0,7.83356962752555,4.200760436642686,0.0,1.5407852672157234,0.25754863447553056,0.0,0.25113101936383386
0.8676470588235293,14.290731809934137,5.25450931087303,0.0,3.387924067563131,5.34203681276105,0.0,10.868417065192665,19.68698660908087,0.0,28.52081058440658,0.0,359.7212483934786,1329.3672198077202,0.0,2690.9966651990535,4934.099160193548,0.0,5508.329210135493,5106.979702327084,0.0,1368.201437454762,0.0,705.2498301319717,1695.1155022075443,0.0,484.74566997985426,1275.6804227626612,0.0,660.8526257037911,36.22013001192141,0.0,12.52003672132176,0.7221968922041699,0.0,32.66604683885926,0.0,40.7456639696612,24.643311570659037,0.0,15.76830280310202,5.836267831985306,0.0,2.7493465382677797,3.4794619855045155,0.0,1.9336500563919228
0.8823529411764706,4.951960599237193,5.112062208066495,0.0,6.693737869367735,2.124160863722175,0.0,2.6219487466584286,9.318694099408464,0.0,68.85640552569545,0.0,1397.7575678865958,2464.1912180854097,0.0,406.60856015432694,263.98731417121644,0.0,1385.9624699005421,2550.721080419871,0.0,3847.976026756942,0.0,556.6350921164352,5134.919020129553,0.0,2504.2159603945565,349.89869413465976,0.0,10.021514740863498,39.93423663337655,0.0,4.994880879622993,1.9124769181050043,0.0,4.477617915304709,0.0,25.174375702890224,30.05805877324314,0.0,5.683903979096332,0.8536965272496584,0.0,0.37730248651361303,0.5650591980586418,0.0,1.0374146122149446
0.8970588235294117,3.3042129050673053,2.3874492774500173,0.0,3.9159362433925313,14.956552958357793,0.0,13.335060897422018,5.617124528029324,0.0,20.216686057686324,0.0,305.7282041279808,2410.419225988279,0.0,2052.087023398259,2031.200611720391,0.0,2839.98676743554,2487.9184229929306,0.0,1706.8828343990078,0.0,10643.687253650642,1184.5621414622801,0.0,5041.270412611731,4771.538312198343,0.0,398.14010929350366,99.06642144072887,0.0,13.719248598171315,3.3519908016019615,0.0,11.12392342937219,0.0,40.83467441805801,4.42588871778187,0.0,11.379907362916295,9.457486214713512,0.0,7.5139470126736905,4.597281200904015,0.0,1.1154159952527365
0.9117647058823528,4.109275501513828,2.6130770227114484,0.0,2.720714787497125,2.8553557489070873,0.0,5.421090315947264,18.892253959172134,0.0,49.22851800094236,0.0,1244.3901966018836,3046.1599358529634,0.0,2306.101416018978,5891.5204499116535,0.0,7505.637510651661,895.2055985941743,0.0,2501.6707949786596,0.0,983.2884718884299,5573.232476386648,0.0,7400.3081274347405,7022.240343780599,0.0,4307.123433948705,153.12738305569815,0.0,26.488341202409117,6.103671091265056,0.0,1.4638222486129475,0.0,15.97547683142848,13.487635686370622,0.0,8.479005485057765,2.9007634158994837,0.0,1.2979866900989356,0.36410490643632765,0.0,3.6540936161938093
0.9264705882352942,9.695075647707574,5.562154097154688,0.0,3.1353599833224237,6.689837041785173,0.0,9.404110934496863,18.496844359779946,0.0,81.93803718335036,0.0,2161.118786194682,8882.654238281659,0.0,5267.59144014023,404.9339377927731,0.0,12860.370682349523,11907.330129086982,0.0,2754.23717221045,0.0,881.0010291278588,6330.29719808576,0.0,21625.44077585009,25313.71768649353,0.0,8171.162080544835,214.41658557018468,0.0,77.120152878695,8.376537707735705,0.0,3.3121103074230964,0.0,36.24042006485837,21.797959728806198,0.0,15.799021565539416,12.272038203463623,0.0,5.324782926425541,3.3432712135596074,0.0,0.5663432074391979
0.9411764705882353,17.541767887735144,2.793621090642038,0.0,7.022295254800183,17.922936560597506,0.0,22.47565110978221,88.00769581908112,0.0,143.6722939454683,0.0,261.7097653028332,5061.214703745983,0.0,13748.97623117072,5376.618673810042,0.0,3690.6562167788015,15387.290421140558,0.0,20493.789499371436,0.0,4173.290514014779,6144.555655405395,0.0,7406.100634040265,705.6650735749838,0.0,1024.4691949458497,912.5632557029685,0.0,117.19313155351952,14.636856431231038,0.0,5.332419223417183,0.0,68.38435095412873,105.87929280587409,0.0,44.20294492111317,8.855009582003731,0.0,4.019032219173242,4.754800258080464,0.0,3.505652097388258
0.9558823529411764,11.62389526248207,1.665775625842613,0.0,3.2240646921298843,11.777909387421301,0.0,20.396687816219057,59.638788172415246,0.0,141.80589940248976,0.0,148.6844656795315,108.91362427704411,0.0,5667.004206450854,9072.783238719026,0.0,4294.286908688862,5673.947534964202,0.0,1615.8472314297621,0.0,7575.673945140699,11433.939600361331,0.0,7436.283730064558,8002.339869099863,0.0,6885.58102464131,2729.6171873918875,0.0,169.10803405992317,6.5285263086433,0.0,10.036110068302634,0.0,11.230735428669082,11.040671386946416,0.0,8.394901678876238,9.411252537834907,0.0,2.8812417272354724,0.7983835962881064,0.0,1.185125808020286
0.9705882352941178,8.15348533030759,12.922426631888854,0.0,12.94251253284152,5.195935452631275,0.0,22.56820582634424,37.70909380528376,0.0,3.8693366912062515,0.0,4.698523195315543,179.41099681922626,0.0,1242.140946998083,10314.401008791665,0.0,12801.873136142955,5825.762883160685,0.0,341.14837313703697,0.0,863.3818898852891,667.2848120624553,0.0,271.82191880062294,3164.9525845109147,0.0,5718.299993479549,528.1444681105979,0.0,40.18293285878224,3.655151648058807,0.0,24.880959032156614,0.0,40.693203924170874,17.454802389073052,0.0,3.7831915780521093,2.3488458328931197,0.0,2.543626440149196,2.8570399813943306,0.0,0.5321328606698921
0.9852941176470589,29.77907661244336,2.2934979057541423,0.0,11.627303374331866,9.729508552837757,0.0,22.740215758177687,54.044680287686944,0.0,69.52110506119682,0.0,73.43954885821742,16.124154175731086,0.0,221.8869764864147,2041.1515683628706,0.0,3947.3976871306663,10468.333351801473,0.0,1307.9844623478702,0.0,4808.692423423546,7112.80861057163,0.0,1957.8797017147476,1806.3307339925013,0.0,1175.2819037280155,72.01752085997691,0.0,24.042058458692757,13.959743437136911,0.0,36.42133996711931,0.0,19.411396548383216,3.194665746563727,0.0,1.6785425784068042,2.597256474091852,0.0,1.3088378397620828,0.14697200448929215,0.0,1.5360594560364191
1.0,4.05451202985378,12.399516976907618,0.0,11.128572910691851,17.865809184693724,0.0,30.281551563757397,74.92713064710395,0.0,82.12840999620963,0.0,9.400621974394706,154.5267496198361,0.0,274.39396490958586,350.4543111935745,0.0,2739.7405462344627,10146.557480824351,0.0,12594.873722241755,0.0,7493.9473789587555,8054.266095871508,0.0,2424.4886449538026,10332.35494390699,0.0,8292.03425746516,227.57204505585216,0.0,75.56103381701563,55.37806571460828,0.0,41.38188525774565,0.0,49.083690212380986,37.234177740019376,0.0,5.4002396846996525,1.342580375042414,0.0,0.8014752601067524,2.3828133692412172,0.0,0.4607967471411458
1.0147058823529411,5.11536263325878,17.100176271111014,0.0,14.58507993257857,10.807747558153508,0.0,14.403880162218972,8.129549258524527,0.0,7.638284191766775,0.0,30.028246221460265,51.44246670686227,0.0,502.87322106444446,994.6097745795736,0.0,652.3650484837802,1507.551413851791,0.0,7422.350914291828,0.0,15036.046469377568,16144.45153835812,0.0,1789.8584276990077,9578.327949287363,0.0,12350.217111333342,1509.063499285393,0.0,36.20150865467679,23.814274022259724,0.0,69.87536558097236,0.0,102.07972289940449,58.75052742896581,0.0,20.522437611116295,0.561102572114039,0.0,8.205001052637638,4.647855836430244,0.0,2.6000221011457825
1.0294117647058822,23.677085454568555,17.901106323588767,0.0,14.359860619995784,15.852063029064755,0.0,11.48594514784744,29.538681287848426,0.0,80.78417087233976,0.0,21.433162792806815,97.29894830882273,0.0,416.124099340072,1539.5337754188727,0.0,2292.8649520071813,1069.7649213133575,0.0,4640.987457758285,0.0,11578.963932572107,9874.71493437916,0.0,9128.811477335174,476.6858375184412,0.0,6466.541543145824,955.7235638298678,0.0,12.955033650492515,23.940389257402522,0.0,25.48096009197879,0.0,28.40534204404632,21.360733531614613,0.0,1.5401386005240432,1.0562587902637095,0.0,13.978176947984226,3.605393627169536,0.0,0.3642311536182317
1.0441176470588234,24.455285824338006,10.510834744251477,0.0,13.55978060145726,7.567549567102637,0.0,9.551370868996141,50.17567871534055,0.0,252.842682497351,0.0,187.14626294021713,68.44501832205371,0.0,129.31975248107193,1440.91781477155,0.0,8315.438345295066,5875.128061384806,0.0,1806.7799000203245,0.0,464.4065237274026,2195.1935083332464,0.0,5787.700327585178,16429.38473487961,0.0,5864.451252140912,891.9228784635516,0.0,96.74787672197476,2.4519290400366147,0.0,18.35269816085953,0.0,60.050901578617655,57.78467690972333,0.0,3.158528351360477,5.133150046903051,0.0,0.5705971293062819,1.644294156021411,0.0,0.4271765271046265
1.0588235294117645,5.984904336511774,7.45319021914038,0.0,7.3848272377759745,9.50595141319684,0.0,10.145643907420094,33.51483114772499,0.0,37.08511008153344,0.0,10.547023422635501,120.19370396831252,0.0,253.25026900721554,880.1148997470348,0.0,2298.485525912869,265.5501007948357,0.0,2502.06768212486,0.0,1507.3176693537396,2155.3022745566154,0.0,4481.345463725607,4498.526135020349,0.0,563.6683150295625,4.547315224264169,0.0,43.707596210828,5.377177878267636,0.0,0.22015195120029651,0.0,6.670745809871098,19.932549245309534,0.0,1.4071843498746888,1.8499838265666027,0.0,0.31492400530033887,0.6599792156281143,0.0,0.40606213590398765
1.0735294117647058,21.377063572982273,9.808038079644753,0.0,4.761084997199718,3.8146537672558334,0.0,1.6389711211057394,10.947293666116057,0.0,6.960243453505603,0.0,46.90490444769714,92.62801896269112,0.0,604.6618017921708,1114.667277579032,0.0,855.5726081680668,1121.702317242298,0.0,577.8589840851569,0.0,3034.5535591370153,4725.458290045969,0.0,11601.792316728886,5131.5009265210065,0.0,428.4709598584824,43.189224038891865,0.0,9.056017355223323,4.1675056539713,0.0,0.7302528680848357,0.0,1.6232477522475102,7.502274090187807,0.0,5.702706625415672,2.6075636353294755,0.0,3.081482171330431,3.119066499985621,0.0,3.076927698650856
1.088235294117647,8.245878634853014,1.8545034951186783,0.0,5.340901069044749,7.416187676313421,0.0,8.37803702977239,8.218698181739413,0.0,48.11405078569835,0.0,952.0967158807334,1616.712323152392,0.0,418.31778037521724,1287.9229456499381,0.0,640.6144247057381,1735.2936600336889,0.0,2653.5871657472426,0.0,548.0555239512521,327.81315440774125,0.0,184.4184739888576,3907.658286986518,0.0,2718.4333225163628,96.61516676332883,0.0,10.356755637301083,14.336214633626533,0.0,5.0647999189356385,0.0,2.978442389506926,4.583651011961745,0.0,3.2774297690570773,0.27141748657043496,0.0,0.5466715972335554,0.3177461588152065,0.0,0.09445171594355367
1.102941176470588,5.4107296581366855,7.467472701439522,0.0,10.509237097269938,6.578861878342905,0.0,5.373625619272838,41.22692783407567,0.0,140.20994175496588,0.0,260.8754263625446,1794.9044742393326,0.0,4490.371465974212,1086.2854700856874,0.0,624.106419924615,3551.087180079162,0.0,1191.871597009159,0.0,1709.6932105303165,2174.15615074746,0.0,1380.941697474877,3179.9925702055248,0.0,353.95141769934617,23.567907812605824,0.0,6.075299200029319,2.8637016647170217,0.0,8.439454652714899,0.0,22.767132469589136,3.891182351692681,0.0,0.8658520883851694,2.3483035757245165,0.0,0.4454374767114825,0.18193095003916926,0.0,0.3117024973010183
1.1176470588235294,8.556133789264887,8.546354582412507,0.0,6.3810576873618015,2.443390730539761,0.0,3.4576163034841896,55.07539524431519,0.0,237.57178376824714,0.0,134.56551762125815,718.0936333237148,0.0,558.4313366607298,2483.47630254658,0.0,1942.7926797457812,3896.9733559167703,0.0,8036.081065537802,0.0,6870.945114824732,24.136841735874885,0.0,9561.752753915187,6299.1719129771045,0.0,362.3580987071059,58.08687715028096,0.0,7.02877917149318,1.9162596835013879,0.0,5.756360379744931,0.0,10.970210549610623,27.280400167525848,0.0,3.8314719514774755,33.39116985886615,0.0,35.03601842430784,21.654002845680616,0.0,7.701149577395432
1.1323529411764706,5.493871003455889,1.8786775678874412,0.0,1.064092957041089,1.1437323341859154,0.0,8.780234886292874,24.49052726836519,0.0,114.8229182635632,0.0,326.0356038297724,17.583544328643736,0.0,1482.3938069480607,2370.2763405215037,0.0,872.890528432619,139.60653507590695,0.0,1623.3152106370753,0.0,2414.407540337986,1675.4770923461735,0.0,7696.334090658001,9222.660319016299,0.0,1420.5653078550502,15.396788319458388,0.0,10.427728242612961,1.183679736668789,0.0,15.415209009087846,0.0,3.76975833402906,29.137871055423012,0.0,27.742707709396818,6.2213165548862115,0.0,3.2719752234265247,0.587949027245117,0.0,0.3650865381937582
1.1470588235294117,3.768336520686001,3.990227431246317,0.0,5.318971099218208,5.536388054662149,0.0,25.384955471938063,83.39955171527886,0.0,20.793482920110954,0.0,507.03651380584097,726.9170483395119,0.0,1994.4628019974125,13184.983642407558,0.0,29838.9530239215,23911.214843679794,0.0,7002.271773807257,0.0,7636.3876141333185,6592.86202051008,0.0,2420.4207449148544,554.7497553972007,0.0,147.15041930925184,48.23895085151432,0.0,21.819993961276374,10.431332227816187,0.0,11.230335055412183,0.0,13.940781057379137,9.574896507274083,0.0,11.207619695838435,11.425943487151802,0.0,0.7685932530043146,1.038643676243379,0.0,1.1978209710843242
1.161764705882353,10.566809914328076,12.18770436314948,0.0,21.40151634146503,21.271088990425675,0.0,18.2112921567931,43.03424235068478,0.0,280.8257099556315,0.0,8.119429707698806,1350.5211877403112,0.0,5235.404713745704,6815.0595980003745,0.0,2913.783224781737,17230.373418162424,0.0,35815.923664773974,0.0,18169.939288608733,175.04964856305133,0.0,10350.418429818252,21803.32308487233,0.0,16997.737687764915,2725.2456193535922,0.0,74.39280421046213,5.977505305094721,0.0,26.20121704341203,0.0,15.711524558349943,1.1502010309986765,0.0,16.38492305241188,20.603244986842498,0.0,2.0795445776928463,3.3722006497089287,0.0,3.2850104949211514
1.1764705882352942,0.7721803119764836,8.578426935717044,0.0,13.124152332790363,5.697988685954436,0.0,1.4622403730433151,5.212313109970411,0.0,39.009903259512896,0.0,305.0416128553789,851.8770281959123,0.0,1943.5458239556651,2549.6191290000324,0.0,2728.243454680605,3100.7182048033687,0.0,291.5556925337821,0.0,4044.144430143524,9499.474138102069,0.0,16436.511622185884,13213.930265098395,0.0,621.0384336809808,1273.7366565809903,0.0,276.5144890511598,4.59760026504964,0.0,3.6452407299126772,0.0,10.599632086500307,5.123663314307613,0.0,0.5497582855402031,0.8670405211527021,0.0,1.284192867417401,0.7559640238622001,0.0,2.171699383735784
1.1911764705882353,15.453538281685422,18.027293828741893,0.0,7.1132217471710515,13.858211178858241,0.0,34.8792855569475,10.377197968839132,0.0,13.794441314768534,0.0,90.86538611512034,983.89636577288,0.0,2198.9749375588326,1597.3767738293732,0.0,2691.5324924616248,2359.716286085891,0.0,297.9800304250871,0.0,2107.2955920512095,3003.964529040617,0.0,1526.204849176086,2148.8918366065927,0.0,1986.076409143324,1297.0612820898873,0.0,16.50022220476208,15.82636022486788,0.0,11.10742303254534,0.0,21.434111617561005,1.8097338895423962,0.0,1.211178007035171,0.3027687527846361,0.0,0.1811066313945378,0.2766663291586827,0.0,0.4473951836522777
1.2058823529411766,2.3625820840923373,9.88572399615445,0.0,5.78799481877008,4.80509947244676,0.0,8.808158191064956,1.0951501897515772,0.0,101.80835734211576,0.0,201.2737117938235,168.45068916367865,0.0,289.9813643904577,1873.5730400096081,0.0,1466.5757956176112,564.954070674484,0.0,3228.565793841215,0.0,5048.902804524165,5214.451837266877,0.0,7333.5325473913435,15557.013136923135,0.0,9812.846199426695,678.0540057330873,0.0,122.37149827838928,3.53361446191668,0.0,15.872435854922447,0.0,12.829709346341428,0.6594395620751796,0.0,4.722333198167908,4.041694692483496,0.0,1.310233956395074,0.4717352966857167,0.0,0.9340972085296781
1.2205882352941178,9.270107149521483,12.686664142762481,0.0,4.640728890392494,7.156029535855535,0.0,6.02047420742606,15.094892401957601,0.0,121.96148716264585,0.0,86.864479229291,148.84187892491866,0.0,1477.5752281536816,4651.722493907765,0.0,2282.313540509463,6025.081073532816,0.0,2162.766373923191,0.0,2349.9500850575128,1078.9582199431798,0.0,6093.138905154785,4698.387784840936,0.0,2141.359701018525,1392.6146306767996,0.0,97.43632704268364,4.465225213123193,0.0,1.2178565625053885,0.0,1.1310232836669547,1.0662550138678675,0.0,1.2658627393567532,0.6316740075348455,0.0,0.6039196537445346,1.3868324410976647,0.0,1.443886769974455
1.2352941176470589,4.55543910309109,1.6133002054181302,0.0,4.191368464126828,21.58262895457287,0.0,8.654368148075505,10.421227706077719,0.0,42.35108270500448,0.0,226.77860563816245,348.6428627630032,0.0,271.2582909029533,1742.7746187028106,0.0,4556.774943304465,4446.220907412809,0.0,3378.197412499666,0.0,1877.8503463713535,8645.29901908281,0.0,6737.254101247373,2157.8809273266593,0.0,2600.00497267016,615.7114478119317,0.0,26.784518986980636,16.580592828362498,0.0,9.94614870105966,0.0,6.122435703095662,4.312360614441682,0.0,3.6758248456255336,1.4856368635690214,0.0,0.923928211115502,0.7099674990845353,0.0,0.31664891981818644
1.25,4.1554460850601425,2.4715992736086205,0.0,3.284013376703542,9.655662106613512,0.0,5.067972721119926,8.289665431068771,0.0,118.23245827452928,0.0,108.07216978995842,1731.3402995954411,0.0,926.4294836396978,447.9555891662619,0.0,611.5744697636992,3161.095008629275,0.0,1613.6349611046276,0.0,4072.129249399044,4197.452229875654,0.0,833.1152064410704,3319.1980652813254,0.0,2368.7083601509858,93.60516655233721,0.0,22.611665670588007,21.81425321834155,0.0,4.966374454745792,0.0,4.2213216641607945,1.5937496975624603,0.0,2.104853044463641,0.3774826427563468,0.0,1.2994755469277368,0.2689538977439776,0.0,0.6574663204015847
1.2647058823529411,10.426028915601552,11.918854622384089,0.0,6.893971308652965,7.571574699436907,0.0,9.264290205762457,86.77596308620369,0.0,949.4196089357946,0.0,2076.5950234454344,2274.353293356566,0.0,1587.8543912543737,191.84765300668866,0.0,500.42844570778743,434.1528248775878,0.0,623.6028552165449,0.0,4327.491209718193,266.48958697800737,0.0,8385.141440511159,4234.16427608942,0.0,2430.343211065967,45.250048261622894,0.0,42.15104813915286,41.683470529853295,0.0,73.54062945113374,0.0,25.7364651543689,43.71095487885071,0.0,11.775440333722528,1.7993387099880747,0.0,7.411206488509837,6.093217519129688,0.0,2.8516875192320885
1.2794117647058822,5.150074693319907,4.374251626537402,0.0,6.987417060527554,13.963818629683207,0.0,6.019425721359472,8.445980006281783,0.0,141.11234117457576,0.0,195.6529862281018,32.48863243067492,0.0,330.82193490444786,1114.5309067680944,0.0,1558.7438831026577,2867.8537959248865,0.0,6774.620292118449,0.0,15189.289510828828,23412.535272034846,0.0,20811.84688433823,12519.85995290795,0.0,5461.561180806015,188.3099446123378,0.0,9.719398497602867,53.28783337341189,0.0,89.93160581246396,0.0,68.28358900237204,13.705664670818845,0.0,1.7909174566464297,5.124637161803108,0.0,2.178257396642612,1.8818253981370714,0.0,1.1644820208360918
1.2941176470588236,16.79263307388858,6.576964259780948,0.0,3.6067050829154317,4.296946772287889,0.0,25.80357147262416,88.07480288170584,0.0,186.92171390495872,0.0,89.53523958385034,85.64103127717843,0.0,84.0617980860008,275.3818709045701,0.0,356.53080749795015,1991.8961332540798,0.0,732.6816499996885,0.0,5937.760245502739,6203.101375723654,0.0,4440.094380270219,5989.095460315588,0.0,639.3941262443614,57.18067793244393,0.0,5.324798257393214,3.617093288340253,0.0,5.457820483665792,0.0,5.98875468233588,5.611666226395365,0.0,5.0912536246723405,0.44101450949678306,0.0,0.5924461707063742,0.8462704416009161,0.0,0.642583702733203
1.3088235294117647,5.926283471960475,7.645763428319246,0.0,21.90825248318114,17.145875396204744,0.0,6.856183375811227,7.303041652880722,0.0,29.408961728630615,0.0,137.04544068872775,18.506723270823255,0.0,1436.0184720083942,5085.24171740529,0.0,3016.2086193683667,314.88673732005395,0.0,1310.6209460596701,0.0,1813.291409582353,6205.944267411021,0.0,1235.3853241310044,2699.253559155698,0.0,2434.2023614654527,133.0346886329708,0.0,18.70525519559954,16.77333406239694,0.0,24.22488604433798,0.0,19.139994851773032,11.306940285823039,0.0,8.578175822135814,3.0707611454068937,0.0,2.0408131508496905,0.7880801935336881,0.0,0.475493461268148
1.3235294117647058,4.33121277502796,3.3021669806435052,0.0,5.03176645050699,4.086990777365974,0.0,1.7635666510778827,8.278721534223955,0.0,4.770504207671346,0.0,215.70395323764583,291.97026227246806,0.0,2033.934308254023,8083.884449098903,0.0,2770.6069156793633,6298.802592200882,0.0,1248.3961891334523,0.0,119.57425347551022,15.727017967807981,0.0,3454.37723373037,1765.202345723539,0.0,120.3766265327643,34.70581452854164,0.0,11.731252006907127,7.041138761990073,0.0,9.655444344662904,0.0,40.57336440722075,41.441539827099774,0.0,17.223226190126788,2.541785009171617,0.0,0.4043622038197863,0.8556148015093237,0.0,1.967005853877978
1.338235294117647,19.319712882522506,8.998949560086041,0.0,11.214596236592259,20.12079099230225,0.0,34.322676843182684,25.513789795057505,0.0,6.408328143237862,0.0,243.06880012199423,324.95966396450603,0.0,1466.8946273323852,5548.608506557364,0.0,16618.402391861076,17949.003854185474,0.0,8828.662524837448,0.0,8927.864260430579,2514.0295915802317,0.0,13852.324429609067,11784.664574603918,0.0,1085.9986523513865,38.94762271996797,0.0,16.513166809799,1.9502059735411825,0.0,6.966370665499667,0.0,55.864826611457005,46.22505225842511,0.0,10.733484324191792,9.500993794502945,0.0,4.980403658718625,1.3473857384117633,0.0,2.081572893817255
1.3529411764705883,2.1934657849537147,17.20514727319738,0.0,29.75936091572816,18.645356566124544,0.0,31.563684336012003,37.74742254211215,0.0,122.92040062653226,0.0,46.145536855894285,319.18119475074684,0.0,148.6286625444695,288.46207192578254,0.0,219.1036807231094,3779.1444152569793,0.0,7319.210928642097,0.0,9121.646695779542,13067.08562051116,0.0,5408.104095620178,7675.134106868599,0.0,5169.519261291795,351.60399786203965,0.0,61.60316344874428,41.66226068673411,0.0,61.36508788841926,0.0,32.275485658172116,3.6080891535981374,0.0,0.514921308042312,6.639860370850762,0.0,19.7299081428625,15.502516055745925,0.0,5.059071342574301
1.3676470588235294,19.097304164910263,29.99667355689115,0.0,26.91518487116477,14.545407747105944,0.0,6.158432539784053,12.207257804655429,0.0,168.6965219690149,0.0,1091.8833964667906,1539.3273643372495,0.0,430.0261450808663,363.60772346016256,0.0,496.91877430427405,111.14141507997599,0.0,783.7880313313034,0.0,3916.5812461616542,3153.697990258322,0.0,3378.667951769677,7016.4024494547775,0.0,1138.160128584333,52.791756096623956,0.0,28.337055687016395,7.961872103351252,0.0,10.848685842021446,0.0,24.085502692439775,8.32877586512345,0.0,7.140022281154763,15.125706462278806,0.0,5.07957107209687,0.5542017899436923,0.0,1.2437921588162084
1.3823529411764706,9.928374599416996,3.6097862039240294,0.0,1.6787742128572134,2.361206333775235,0.0,1.3899318363598598,1.5460382700944677,0.0,97.58279481975046,0.0,330.70107627830095,518.0595464109723,0.0,569.1451037431596,188.45984277956242,0.0,375.4335697114542,450.96411043724606,0.0,2960.052695065434,0.0,6491.545912338346,6611.246642318527,0.0,8389.521870611356,1506.0483162005467,0.0,347.6561307374102,118.2900102725717,0.0,7.505929732243026,4.489359480705999,0.0,3.02599294750787,0.0,12.263986113959632,6.075627306218329,0.0,10.608629270516998,2.9439209952881065,0.0,0.583112587147093,0.21985878607876785,0.0,3.0855264723266287
1.3970588235294117,3.9278421643884087,2.755696376289351,0.0,3.6637507066510024,12.315816055987781,0.0,15.018971005642115,8.884578300282955,0.0,40.30857138810163,0.0,7.175623471705877,74.14617448394516,0.0,595.1668706215324,27.9598073906415,0.0,2034.8499228449,3814.127637098368,0.0,1106.7774349524639,0.0,110.71490834738324,233.39527207740952,0.0,59.96984720047636,2439.8698857717836,0.0,3482.862470967998,528.0216487556007,0.0,5.692566839042927,9.73556184697241,0.0,3.2716435277967006,0.0,5.188039904492239,8.894097124240897,0.0,0.3857456223659399,1.7973102774940246,0.0,0.2422719132697052,2.304329419559729,0.0,1.414440714855186
1.4117647058823528,1.7059341715948477,2.2496554342697155,0.0,1.826054682279867,2.6052706296265584,0.0,9.26572774576083,12.186909095772164,0.0,14.85803980902703,0.0,229.05831782839078,331.1626728368015,0.0,538.272419266435,147.102372293393,0.0,96.00862488107461,893.9903267208856,0.0,258.61837438267315,0.0,564.1877543107535,165.34597634675856,0.0,523.9009413681449,327.6345828525621,0.0,1159.106362248839,338.83785230230217,0.0,10.278024516504647,1.798823639230565,0.0,1.3362641886492521,0.0,2.113303018644892,1.0468312621742404,0.0,0.5269001681822985,0.8136243117675144,0.0,0.2542605885561727,0.5622439067035253,0.0,0.3539862720414086
1.426470588235294,2.265375028774624,2.2027713425489037,0.0,3.6363238523890153,6.225950656392933,0.0,3.0712666139318756,3.773440047480288,0.0,65.95129373264213,0.0,350.94119680940224,283.5510969180151,0.0,2673.731223223994,6723.7580687081345,0.0,1211.804469845427,3181.232381068816,0.0,3377.229155356365,0.0,1986.2829229528704,1191.5473811689994,0.0,64.35392506433053,1154.1471733022554,0.0,317.02069714057836,13.173583727137844,0.0,7.249959029238328,1.3075304451647591,0.0,1.5660244460642194,0.0,6.472777215468106,7.2351458251266045,0.0,1.0247605762119414,0.6958455374627144,0.0,0.28361455913548955,0.4928310324226365,0.0,0.209046501433064
1.4411764705882353,4.949098223763697,5.1835779906901385,0.0,13.415896948873645,7.2049965676980445,0.0,2.181169734105885,9.34421317733401,0.0,14.025602719991703,0.0,32.151158327153595,1717.2906007147253,0.0,4924.452408453421,6430.256132033533,0.0,4657.348707255305,5271.328183630178,0.0,5781.422876050003,0.0,4658.681862352385,3536.2461024562335,0.0,5179.551147247724,1633.0080629828972,0.0,294.7719688157633,60.77372402839669,0.0,13.967586753052611,25.17137829912621,0.0,24.526091916141375,0.0,32.5374188174393,25.77192373995552,0.0,6.2757556733800826,2.8710869886731163,0.0,2.2114840623189016,0.23648911046529486,0.0,0.8116839156665937
1.4558823529411764,4.700418324584579,7.683118737524261,0.0,5.525535246478803,4.822007772957586,0.0,5.54265582779086,48.65233778529928,0.0,37.444479167895565,0.0,763.1868262450339,1796.4173334470179,0.0,612.3599181888376,491.0977051178777,0.0,5137.218323340745,8197.886341615023,0.0,6851.306054844208,0.0,3268.46567873574,409.3942376713186,0.0,8199.387075475615,7000.094531968054,0.0,912.1598081838674,86.37837406567567,0.0,16.544154804405576,3.3762816411463312,0.0,2.858743418653442,0.0,11.520335918917084,12.79214097960007,0.0,9.136694778944728,3.4126448263058338,0.0,0.8285688321408973,1.7007591595581317,0.0,0.5952037374575571
1.4705882352941175,3.7425530010075687,6.427454029036233,0.0,1.9133758915594765,7.031337019699075,0.0,2.808971974152749,11.860605865682196,0.0,236.79718222188367,0.0,953.6673748452791,616.4520876237956,0.0,361.25153486796,188.60644962809496,0.0,4066.5208348906526,2080.008568429862,0.0,4099.045908502371,0.0,11543.578851717499,17456.0666207153,0.0,7822.309772212224,14017.497092908028,0.0,4640.06365213991,267.63686406339957,0.0,11.124110882855975,4.832111482852337,0.0,13.44283691939398,0.0,8.050086124049386,9.853077087837857,0.0,3.5579100156306036,4.751513467041334,0.0,4.142813198317417,2.5421792588955476,0.0,0.811032875417729
1.4852941176470589,8.63690383028928,9.25368081412136,0.0,6.1752825942487615,6.961964849192133,0.0,9.946480311637371,44.53399851181774,0.0,75.56582947388006,0.0,176.87560519739299,394.2543211861626,0.0,971.6404819420216,31.481666649762385,0.0,3201.641391952214,3184.7507804916117,0.0,150.46169076297306,0.0,4270.096826498498,5612.422322908086,0.0,478.34604301360645,1589.2170010814157,0.0,416.01715745364754,422.2235598725643,0.0,94.78130237220017,0.7588982142829153,0.0,3.9014481262306555,0.0,11.748765319115861,1.8755317251226484,0.0,7.057511000697573,4.986959329652807,0.0,0.8364659564730648,2.4950617522006473,0.0,1.6169454733041273
1.5,10.6213876025726,13.156355192322046,0.0,2.5496217970185295,4.7269894730092155,0.0,3.543286533259859,27.347456906732717,0.0,14.833813621350544,0.0,279.4734393327783,735.3902009308778,0.0,259.87567109620807,1436.8650424161967,0.0,674.1156358016631,1000.2226793051093,0.0,1280.0587943751011,0.0,8950.053616164518,13172.703170883404,0.0,10201.886833164357,6602.081402647887,0.0,3069.9015244698276,1184.9505981749753,0.0,74.18119214701862,6.4589383126488045,0.0,3.371937743978467,0.0,4.942346175198565,1.1284462336543346,0.0,8.298762577311232,4.581036514584032,0.0,0.20822717125763607,0.6749133199996962,0.0,2.064613946597448
1.5147058823529411,2.6167298995126407,5.343114429889517,0.0,2.5631196166213512,1.986723988451431,0.0,4.582482795042456,34.179998981876594,0.0,127.91643737729918,0.0,323.48354202333275,659.7262252962705,0.0,220.12670595161063,296.57472401235145,0.0,173.1123929418402,53.05186864025439,0.0,566.8822651921043,0.0,1050.5198359913488,38.80909952913544,0.0,5834.727215297238,6394.107031310628,0.0,6355.75937850672,745.4778084489402,0.0,8.105104650394104,9.751614349164537,0.0,7.458643786422915,0.0,4.084151212120625,4.626846186657611,0.0,3.372216017884079,2.1199155189852164,0.0,0.29522339062727615,0.45885699970122373,0.0,0.35058259109556505
1.5294117647058822,6.92536003370447,7.1829209640483,0.0,12.822983975186222,5.54823778821039,0.0,4.850779733134331,12.807323450802295,0.0,62.86450526425543,0.0,110.13948125944106,53.91880217248417,0.0,1322.6483411058198,1252.1381380537855,0.0,186.63034158773638,254.07710904569404,0.0,43.420953624282234,0.0,732.2050875620192,3127.737017930188,0.0,290.2677371838279,2517.462151437926,0.0,84.63459405146656,569.1779675151711,0.0,98.18300882244334,32.14765840389957,0.0,30.558229694812997,0.0,21.361732616412446,29.907976646789653,0.0,29.655735977866275,4.189175241565165,0.0,0.2500281494374014,0.34557262911098374,0.0,1.0317937595292457
1.5441176470588234,8.476168053632607,12.968228286512833,0.0,7.359212184832251,9.006607545232512,0.0,7.358744139717963,12.75045767554406,0.0,113.45487547522066,0.0,232.60368027433825,350.51380942348777,0.0,451.68139867536996,666.024978345806,0.0,4195.612265540067,1480.1131876542004,0.0,192.21512616340854,0.0,1994.1998417839059,7224.599758182132,0.0,9378.984453106163,1050.068449451679,0.0,750.594101275467,139.0498199335628,0.0,9.78300078197849,1.0187575951847783,0.0,7.416720810704028,0.0,13.077546701218942,21.204713287090662,0.0,20.315280916629654,6.1310907156617525,0.0,0.7664675973059896,0.7952475186241852,0.0,0.43035265876676554
1.558823529411765,3.2122112865510783,6.870018428992238,0.0,11.344150790480445,13.507004805910794,0.0,10.35471453544503,19.834625458476612,0.0,236.9913108824694,0.0,16.951386239158552,703.3054863904033,0.0,1678.8312122775574,3753.4836663360684,0.0,4100.769611290776,1563.3024931208572,0.0,2414.917759980591,0.0,2804.7671988219117,1302.0275503320727,0.0,7822.100360884935,8208.915420388155,0.0,765.6735148345804,8.667256531784787,0.0,11.86642349635181,6.104130122305287,0.0,1.3304783866210959,0.0,9.850085288811641,15.620874773681505,0.0,7.017329764087853,2.640408008424205,0.0,2.8690623797805923,1.2583235539503232,0.0,2.0036843697926403
1.573529411764706,8.904167026646665,8.717187095890786,0.0,11.66487374409989,6.1339162998111565,0.0,3.8039326845299275,16.892640941312123,0.0,235.90215113630626,0.0,2244.259757970369,3868.675942877409,0.0,1856.5851053453664,723.4279012222887,0.0,991.5216500292331,5149.991320293642,0.0,6887.986300951717,0.0,2883.494667005222,3557.972897106048,0.0,2908.9377531520613,1768.5043534489942,0.0,62.6999383252886,102.16870095971703,0.0,3.496497712650174,1.5241254764014094,0.0,8.720946326254023,0.0,9.480340572358305,0.9982078712524227,0.0,2.639890586551594,2.2273499863444055,0.0,0.8629909790698369,0.3989576843309199,0.0,0.7121924555435573
1.5882352941176472,3.468656868271545,2.665007799577009,0.0,5.521911506121915,4.145205269537518,0.0,3.830138848542351,2.4186795914769172,0.0,81.92246141716124,0.0,843.0670237961336,1790.8491074133863,0.0,2052.065543948334,3090.1430030351794,0.0,2974.2719750940323,1148.9703450644965,0.0,5430.383872207616,0.0,3091.285683983209,360.46337289445887,0.0,2945.9454268185345,5773.788636600822,0.0,1301.077958953728,9.70000898475731,0.0,4.611537021019377,3.8279697642936203,0.0,1.140493697932592,0.0,22.587398490951042,19.49217411007818,0.0,5.90161844297568,1.9348127788856977,0.0,1.9316992929494803,1.6860284649035793,0.0,1.2627514451737238
1.6029411764705883,4.404952992389177,3.0353373805585755,0.0,2.144059604406731,3.560370077865451,0.0,2.7442644916340337,27.83994064132913,0.0,73.11876939862583,0.0,218.36062040562308,521.9964488555063,0.0,216.825221866705,258.48895382233974,0.0,1104.0706441568154,2144.937686309038,0.0,2842.080542929555,0.0,2533.087457095079,8347.634074269437,0.0,11617.046539570081,3835.1595756597853,0.0,3567.047951113969,528.4075723263238,0.0,38.681782368783686,2.2101431052633953,0.0,2.9279533115223195,0.0,12.544397831072157,5.6287105103907535,0.0,2.9433895353244024,0.5567089791021708,0.0,0.8938330584217844,0.5058629173205943,0.0,0.6285017202614918
1.6176470588235294,5.925858976966903,0.7664234873161505,0.0,2.2470250909154146,1.7857129909826943,0.0,5.073305751074127,21.518239877674784,0.0,92.69464947248237,0.0,1579.5615207740432,3690.6267488402327,0.0,668.6216068905799,728.0168884609143,0.0,215.9439361292803,2468.395203163262,0.0,7620.8162850112685,0.0,4874.56454150271,6602.067191328025,0.0,7816.898286896582,20667.965964554096,0.0,28554.773575504623,9075.315552809554,0.0,501.38349040130015,1.7356941882735994,0.0,5.151302399447964,0.0,2.265146386884993,11.54844763063672,0.0,10.40345202121993,4.5945333187072235,0.0,0.6166137639009076,0.5455120936336862,0.0,1.181719422753598
1.6323529411764706,11.366908807769715,7.25617582120904,0.0,5.955404072654985,6.842209029956329,0.0,7.397462316286303,7.346272194743196,0.0,21.402593737142315,0.0,1332.7855547115769,4464.875931754049,0.0,901.3562842936043,328.8164275476385,0.0,2531.183821406288,2216.4105618979747,0.0,58.74257163750503,0.0,243.78364467114622,214.45629388393502,0.0,2083.7586779547432,4937.551539753886,0.0,303.8820598876374,2943.332380774032,0.0,527.0683343486864,15.909409432358103,0.0,1.4446067574794246,0.0,4.150037786067598,3.4339301017161916,0.0,2.755401843534544,1.7866556584684403,0.0,1.6563266482762793,0.9519348848709561,0.0,0.10555364000547468
1.647058823529412,21.51934749341079,6.718996647045428,0.0,2.7126982585766033,8.253893012220392,0.0,4.819529758890521,4.410629416561534,0.0,44.87841960477003,0.0,21.055396511065666,2478.050116006184,0.0,4247.224254192907,379.6785782345152,0.0,7452.29281258684,7075.339160712019,0.0,390.94163588555455,0.0,835.6648675325523,7173.677684289925,0.0,8917.336281317448,2796.3274736043013,0.0,4086.896343103229,5134.361517138525,0.0,344.40616487856926,19.2924791220792,0.0,7.3160140089232435,0.0,57.82216607573582,53.99536487244488,0.0,7.474901266530529,1.7544894727781655,0.0,0.907607374071919,0.29183529320574675,0.0,0.5835816796434847
1.661764705882353,9.722477820841235,5.582558868545026,0.0,9.41132584590301,7.475011099154453,0.0,8.860752514352967,39.8970581133803,0.0,22.745180294489227,0.0,167.68483583780414,409.67915990306255,0.0,5372.319346728118,4624.263213506138,0.0,1469.045870709207,2751.5780343747892,0.0,4906.873557302606,0.0,6392.645044145128,1529.8634596670788,0.0,15678.727742832918,28147.295548241003,0.0,17000.23983715833,2948.1216845464764,0.0,31.87087530109758,81.25712560879907,0.0,30.423684273912087,0.0,4.716645921378389,19.8753794757425,0.0,4.172614812455981,1.5570581957069325,0.0,0.9341804499603057,1.1662037156499803,0.0,2.6586839642133397
1.6764705882352942,9.604784351305518,5.201550218021408,0.0,5.639593102114819,6.812460155228514,0.0,16.141576826566368,21.682941894613933,0.0,30.08762078655795,0.0,165.06006287094016,68.78592221844394,0.0,581.1580876580272,1338.4711567239315,0.0,5766.920007199391,7834.666266439195,0.0,16709.11542780704,0.0,16188.348601913362,135.19695458356117,0.0,7670.442171886274,1379.7547829259756,0.0,2033.029624862128,932.8261676196502,0.0,245.43887128542386,27.232514859782764,0.0,12.24568500852624,0.0,19.722590017433717,3.296197842479621,0.0,7.74384300385228,2.5092528089568025,0.0,1.1983706974279313,1.0240038874367356,0.0,2.8506141470676907
1.6911764705882353,5.464214062221682,6.1048781469618305,0.0,11.335534189796121,2.954811017276968,0.0,12.819442642550252,7.855307889114105,0.0,6.129335788692538,0.0,231.33670038318775,805.5999892928066,0.0,432.1438810923605,1506.773191842669,0.0,9098.450334747715,9012.476113654011,0.0,136.30017723401207,0.0,3145.040438614887,2810.595717915993,0.0,2076.6109450662198,438.1112628222546,0.0,9544.669921654737,7791.763377228492,0.0,795.6746478747957,45.54384760816879,0.0,12.23948170534275,0.0,24.723020737574096,16.825381065340878,0.0,11.770253041967432,3.270042155187861,0.0,1.2504922000264684,3.2770730757219972,0.0,0.24464920170389046
1.7058823529411764,6.553804985530226,5.041859025135791,0.0,11.147526522603998,6.280106608083934,0.0,11.175031275391241,23.11698764204981,0.0,33.53222557969718,0.0,476.7201831639946,2143.885389109138,0.0,3311.578658477272,2356.3503565225037,0.0,406.43149274191745,2289.412900198101,0.0,8894.114600724482,0.0,8044.979900160985,1763.481933334427,0.0,5682.780108812853,7243.1929099210465,0.0,1294.1137418212206,2337.6532109627888,0.0,74.09671487217992,3.0527785744072515,0.0,2.515034024388916,0.0,6.780961199543985,9.179046509218432,0.0,1.9029279566756188,1.1801179712619225,0.0,4.6030656984237055,2.2219353765024854,0.0,0.3407568218064635
1.7205882352941175,7.370022845070289,4.683802610382452,0.0,2.0254122169634967,8.323096673716469,0.0,10.944022492394597,4.381563725914684,0.0,29.664742902824024,0.0,322.7418425618305,376.41517115491405,0.0,3220.0884576160797,6065.73202032062,0.0,1851.8702977433404,2174.3259791422934,0.0,5966.726895451442,0.0,6987.865597463968,9341.666760590782,0.0,9394.680374382993,1408.9170044256261,0.0,9771.286260917255,1364.3925519805089,0.0,24.944573065961762,9.39260461889245,0.0,6.972184006761986,0.0,1.9481372079604715,34.1689693667623,0.0,31.723378576006574,2.606938618168148,0.0,2.0650294047984796,0.35941132224884054,0.0,0.8818749278476129
1.7352941176470587,4.8900919071819295,5.548083193538279,0.0,17.246010904224068,21.288495768639397,0.0,7.267713822055567,5.0016650634881685,0.0,69.35943935831409,0.0,824.1519391499182,2068.3655966903616,0.0,595.8528538052544,4632.347438454541,0.0,5056.844929518817,40.14143308597872,0.0,1566.0103250855464,0.0,4073.4923650854103,8003.974019258001,0.0,919.055188188648,13435.474824863499,0.0,9164.236690299045,942.0780011297184,0.0,12.6630429027519,7.9869102924940165,0.0,5.103097881519753,0.0,5.8527900180873065,15.33744441150454,0.0,8.469740631581258,2.234477840985979,0.0,0.6032933180316142,1.4946097260643572,0.0,0.35409339998067135
1.75,4.776234499496095,3.166885128337779,0.0,0.9898060320271918,1.1963801585553353,0.0,1.369590310092481,32.41560970545435,0.0,80.35400155768482,0.0,61.912125466549476,656.273249799362,0.0,310.015257257078,392.7360151348058,0.0,1053.360682219181,1538.5448902075457,0.0,5355.5402432599585,0.0,818.0238053403498,651.7937735856415,0.0,3967.938778233142,950.1827322789875,0.0,1510.0532373556803,66.00930409324116,0.0,34.87223669654376,13.457693267635518,0.0,3.695004388786954,0.0,6.404869793540758,3.665382290948804,0.0,3.8925620925199067,2.195554020459555,0.0,2.460991591151108,1.0993200872308715,0.0,0.14189630695333316
1.7647058823529411,9.602531663330872,1.6852839550491847,0.0,2.8810181301093225,5.954440741667404,0.0,8.488585232483214,28.06909135959757,0.0,37.27651369016376,0.0,25.85750876984369,27.65231774499851,0.0,412.0683245699756,3492.878591384887,0.0,8740.176544913207,6526.101495475194,0.0,4358.868898219697,0.0,7570.191288761698,1831.872033643825,0.0,146.1988410022065,3272.736924660652,0.0,1976.2634769255094,92.84084794022688,0.0,8.277972448561231,7.56038055583088,0.0,8.963650177826501,0.0,18.410459466104548,2.0745839697479895,0.0,1.8772026665575205,1.0033256910899124,0.0,0.4981905747365466,0.6542731022221304,0.0,0.8566098554843419
1.7794117647058822,12.820623323862506,6.078320499967697,0.0,4.196110592783104,5.706610434813976,0.0,2.64146563754492,10.347011508779271,0.0,139.85703642562385,0.0,218.8653113929837,134.10443387847243,0.0,1880.2491213568346,1959.4349355911886,0.0,1291.5867475150071,3537.400299486646,0.0,1809.547451158176,0.0,2377.3131393563635,10888.015249382308,0.0,1764.1341780423938,5072.689753420501,0.0,8525.847367882556,2343.9724007913082,0.0,153.06675600786554,14.260347100066042,0.0,1.7349702341542006,0.0,23.232678093077062,42.5379612549758,0.0,13.42737341166348,4.478165327381221,0.0,1.211113886175271,1.1658859180330738,0.0,1.1315319128052619
1.7941176470588234,8.756287231551696,15.333643074606721,0.0,4.378903518222384,3.903977201148776,0.0,7.702431313672355,24.58002709861453,0.0,43.131859445260886,0.0,209.15474417690396,145.48049452811298,0.0,216.00937644786208,3744.593207502442,0.0,10218.00519639881,9564.05578507698,0.0,19328.857111308844,0.0,14285.46051093825,12595.070563603587,0.0,2011.1598580728942,4249.850106146018,0.0,4291.638915115383,6900.1557118330575,0.0,433.34517080056264,55.72962895734331,0.0,9.072716990236852,0.0,42.023143378651035,59.70680584125164,0.0,24.349595329693486,6.6781408773974515,0.0,4.020917047664714,7.808341842580704,0.0,5.967984655282166
1.8088235294117645,12.51297456266501,23.229958385579888,0.0,10.785403681628255,4.8136176318295805,0.0,9.884302842369056,6.081350027998917,0.0,92.11127142316752,0.0,301.1238219249213,849.0156810366002,0.0,915.6698608083245,568.3742818447121,0.0,3632.885980021634,14060.069560955508,0.0,10308.661219044006,0.0,6061.619478317597,1580.722745050647,0.0,13016.510182140606,13957.998316842935,0.0,12447.824044946843,4892.368828574684,0.0,258.7424281281064,104.95387635433136,0.0,14.61559442940403,0.0,14.063755416131112,2.0635675370935074,0.0,3.4087259262501206,3.62838830569344,0.0,1.7841672137339648,1.6341357300889632,0.0,1.417368614380621
1.8235294117647056,25.81215046455303,10.62598082940296,0.0,3.5446483369273105,5.314252289020667,0.0,9.334458631483033,11.311956123711838,0.0,213.3978769501004,0.0,2420.2558449167227,3603.3967281464356,0.0,1473.5592918076177,426.5795777449349,0.0,717.1251070640109,51.64645917621709,0.0,1411.9339375007135,0.0,2085.823690583086,1563.629898272195,0.0,1528.6663594278675,14357.414474298812,0.0,10825.713752316286,2704.8223543073427,0.0,260.8478353930267,52.9632594181879,0.0,11.67322551468226,0.0,9.042020185654746,3.534125950197401,0.0,1.2601981948583911,3.379939056303261,0.0,2.8797863962734453,3.484422906244836,0.0,0.7893030336723726
1.8382352941176472,7.880911671787983,19.501455239265145,0.0,4.035510473412617,4.96614081502136,0.0,5.4063620645601915,7.798258493890314,0.0,98.0135554603028,0.0,90.20524559726107,1416.1699878980853,0.0,269.83760697171385,746.1026765607077,0.0,52.96752241732604,173.1775698020496,0.0,835.4141725672754,0.0,3428.1069771572256,4324.110245781945,0.0,2373.7281307173316,6322.1522353563605,0.0,6531.112766931264,5075.627109515231,0.0,432.7599084911452,33.039505947807015,0.0,13.756032727040925,0.0,12.173631102537806,11.787136226212493,0.0,3.8144001290645217,2.2942177882277806,0.0,3.303172429424321,3.0770677116491916,0.0,2.2989178524049505
1.8529411764705883,2.6360151389644937,15.512608540842386,0.0,20.55284583002811,13.993216878112346,0.0,13.25117695680768,39.19598259396766,0.0,65.41696175150888,0.0,1194.4482387485782,2268.7901329479823,0.0,681.5931067510246,1886.8126054193222,0.0,1290.1447076859054,529.734592730267,0.0,554.1086142549458,0.0,1491.1630347143564,715.6620662581995,0.0,5766.273759702295,5762.908443720875,0.0,3432.2077569132125,1679.16873178271,0.0,226.04604398950903,21.92161954060777,0.0,10.492026562522291,0.0,33.91320269305673,43.05608991262254,0.0,32.73987339345552,4.793754065691257,0.0,2.080308157128667,2.481602463149891,0.0,0.6808369916024724
1.8676470588235294,7.41261744146726,16.486174354101987,0.0,10.509206459665272,6.442813004221385,0.0,12.842224969445212,9.835543759894534,0.0,207.4947108251687,0.0,86.94675787051764,1077.609214811107,0.0,1931.4059428074443,1848.627974984393,0.0,1044.6136495764986,185.76704270497203,0.0,1418.7173952042972,0.0,1405.2122046538645,351.92684904587867,0.0,1191.7972877083153,6068.945007716204,0.0,2720.8945543799937,171.62537692151284,0.0,3.770326319120268,1.7711698253353245,0.0,2.2151748821464374,0.0,18.37028288780159,57.259578341065065,0.0,34.88510527042809,12.02224812362423,0.0,2.7623504136437718,0.4573914837079009,0.0,0.3884399332892442
1.8823529411764706,7.894899137316861,4.562695983207498,0.0,1.3679216015721947,7.777319410053986,0.0,3.483127048469655,2.5681554047680697,0.0,45.48284983449919,0.0,761.8610028916586,410.11920550141235,0.0,4671.150918397217,6932.212646315247,0.0,724.1216500645863,2100.070399739972,0.0,6187.826160610547,0.0,8858.488568119457,2543.2483472388885,0.0,4855.269878403742,10380.12196794579,0.0,4272.590084576306,281.97792255705565,0.0,20.68652664908656,8.243882937124978,0.0,5.406828335573838,0.0,7.356138752877914,11.15930825318293,0.0,17.727069487539367,5.795486380991072,0.0,2.146641094496136,1.1354221749534243,0.0,0.40785372914393064
1.8970588235294117,1.6103143927103534,2.083565416250851,0.0,3.974669929981574,2.9416926644485315,0.0,7.237294605748083,6.687821324185381,0.0,17.680868190940195,0.0,46.569909697475566,2457.6327557903714,0.0,2428.8056268508526,4352.625792914776,0.0,5106.495007082505,611.2024158748977,0.0,2002.9237142350844,0.0,3169.3808160728922,5537.203068171497,0.0,7560.3010194668,3461.1261304242785,0.0,1011.174043059234,122.25892400327656,0.0,14.721975436026431,8.021825141815743,0.0,20.05788540766609,0.0,21.985907731915916,20.9380931922054,0.0,5.136746584765847,3.1045214661979355,0.0,6.561151578536732,5.382156095282168,0.0,2.6635367077300787
1.9117647058823528,2.9732470928368704,1.9017951340111834,0.0,0.8929392846986925,1.7626077905460213,0.0,4.153368679196852,2.8304912972895133,0.0,57.08540611935956,0.0,363.63972465377503,885.0171081514866,0.0,489.8088822580513,188.76018381627478,0.0,3460.672725960998,5463.143452794107,0.0,1309.2077799000092,0.0,1692.1501278571175,446.036536705374,0.0,659.5229790358745,2338.8949202966464,0.0,4325.142312422147,286.80297406473346,0.0,14.422706669362693,58.64511870908857,0.0,57.138672723699926,0.0,46.03705063268927,31.49639628388055,0.0,15.177792722524613,3.591680850163427,0.0,1.7968199448671172,0.3163681708105315,0.0,0.45031138519640596
1.926470588235294,8.871909528738541,5.423264988086845,0.0,6.537718083765061,11.820325156941198,0.0,4.9626423968866575,13.24317887457605,0.0,44.29101415655529,0.0,93.0599953016679,56.73011901508616,0.0,64.98553721188999,686.1352878900727,0.0,2505.2612590540257,6782.481046428427,0.0,8628.190352990632,0.0,7527.926877103706,6678.306530812403,0.0,9227.00307544456,5715.126935029735,0.0,561.8244554808098,98.56538761109374,0.0,92.94835572514052,17.170887044780265,0.0,34.1476785308339,0.0,56.05903608366836,9.395106102766455,0.0,3.1868035514149593,2.7129488658577134,0.0,5.831602090545389,2.165181702828129,0.0,0.5737294240531556
1.9411764705882355,5.675532453144062,3.0319940053058616,0.0,5.72902531862886,5.505045654000914,0.0,13.021943269158944,24.0002804169509,0.0,48.68825886897682,0.0,164.96473434807257,189.42965420605665,0.0,349.5020666891577,918.6263273124566,0.0,765.5823774317325,2067.2593182795936,0.0,3763.313729725941,0.0,1284.5450405794686,2005.8650823115888,0.0,6825.490488785485,13120.333838945357,0.0,2553.6422837623486,23.916387201795384,0.0,40.92629060560395,3.4671255708025885,0.0,37.361378110898556,0.0,180.76883944318257,60.03496632011003,0.0,7.6641402365808595,5.422951305613933,0.0,3.900218956786353,0.623150211161887,0.0,0.8903926255154007
1.9558823529411766,5.650000142923175,3.2392027360469378,0.0,3.926824760980504,15.678240253667916,0.0,31.07353704752424,178.4009494792586,0.0,483.54294441130594,0.0,1061.7870221383932,1753.693994507822,0.0,911.6677406223307,142.8599344729961,0.0,1574.9746780374867,3234.8132058083847,0.0,9737.149427223492,0.0,7037.007122515715,7144.584488115914,0.0,15140.399131616818,3679.00931612976,0.0,9317.47391667935,4561.529165579698,0.0,239.50102215762504,47.15831807729458,0.0,125.4137049766199,0.0,21.322643071867567,16.447037414987612,0.0,1.6505412134340025,4.5540770309655265,0.0,5.628721460666201,0.9191793999543145,0.0,0.8100805180908722
1.9705882352941178,6.998047903685256,11.052938354615197,0.0,3.8456074805459943,1.3189225097220414,0.0,3.0695083071708433,87.54895044845621,0.0,399.2272423006659,0.0,462.4543896857652,911.8123459542928,0.0,409.00549875032914,583.5599141277542,0.0,371.9971863227699,3733.055819289303,0.0,2840.3079016439883,0.0,6521.508700597899,7415.8337614066,0.0,5298.203585851877,22861.285075282518,0.0,21097.83751147558,5459.4618639130795,0.0,422.04356590682755,85.10896378708802,0.0,8.879233395140988,0.0,1.3574706790030382,36.99879648624764,0.0,48.22358758845397,5.272301292363016,0.0,3.9133825086748164,3.0187506116904235,0.0,2.8297036134134306
1.9852941176470589,5.864213417373989,0.8640381938191832,0.0,1.6769114718137468,5.114216510385501,0.0,12.588580991852583,40.01830365962143,0.0,40.91821612259918,0.0,309.6368928449068,190.86719802930207,0.0,1576.928955979742,2140.560416297423,0.0,506.51365470124637,4641.471271275535,0.0,3698.789463067824,0.0,52.670675485195886,1814.6054585249685,0.0,1781.8071078004068,2393.483452335795,0.0,1795.8968087075018,1480.2020021129372,0.0,327.11346931707385,8.202769929419306,0.0,107.164808936751,0.0,105.80845648298805,29.8070827228336,0.0,15.376940456087674,11.115364925973639,0.0,1.3930363927986393,0.9979723011370041,0.0,1.1125609810911705
2.0,2.6293148431786397,1.5454951113532762,0.0,12.79890501350856,42.79368209735493,0.0,17.391850757681638,5.338661755592772,0.0,43.44242813798486,0.0,14.834515373572465,684.8847936145542,0.0,2664.304255442529,462.8753149353372,0.0,1158.0751919061056,1899.118391728445,0.0,2376.286482167743,0.0,867.5787318165369,8149.267048806845,0.0,3566.7899539910286,9094.931498538328,0.0,3105.389616124553,547.5864517748121,0.0,501.10686479678725,30.21273433962449,0.0,34.517792152112534,0.0,16.050949273363557,2.4898073816228483,0.0,10.687440507333196,13.115036165935697,0.0,2.086457366050456,0.5472471712270426,0.0,0.824740877007103
2.014705882352941,8.319100893370805,2.1897405454444145,0.0,3.4187645653944663,3.780660021882897,0.0,9.011038380466143,24.197621689059318,0.0,91.63159746563313,0.0,621.5177056361222,2057.1578574698183,0.0,2878.824252395789,6306.725981253325,0.0,2289.4481864535464,3652.1452113399646,0.0,13455.717123598912,0.0,14395.585073137161,3817.9757870362764,0.0,1227.9099732245108,3306.2977386569537,0.0,5978.836761652905,178.87893999149813,0.0,50.788794827295675,38.38827654399653,0.0,96.10264278725496,0.0,84.38543963339743,33.98146741332671,0.0,30.753504716617996,8.075562920655864,0.0,0.5564316926003506,0.7984495325894676,0.0,2.403888151280749
2.0294117647058822,14.514519905148054,12.35485288253753,0.0,6.1574760989225155,10.286188551600672,0.0,6.112678153475132,6.410522194267294,0.0,36.05745435295374,0.0,625.7776087434352,2984.6245074268527,0.0,4429.067965903692,6966.423466412656,0.0,13149.402187257203,16960.32274765984,0.0,6596.147261969552,0.0,854.6833813959802,13850.162068112519,0.0,19392.38764686795,19166.738715743355,0.0,4012.9139642753426,564.9049220625866,0.0,56.70219564288469,109.7753772213648,0.0,144.5431504615845,0.0,69.59223927513841,7.186917443877842,0.0,27.146203681061063,6.341557990513196,0.0,0.568777018539182,0.4472617427612921,0.0,1.0212288025905385
2.0441176470588234,4.240848441850891,1.2583151132662063,0.0,3.709629581061206,3.124964764649378,0.0,8.948030783698314,10.260891630304805,0.0,41.29743550315081,0.0,119.60166052528021,403.36772949015096,0.0,1378.4925165909312,805.0689005856502,0.0,130.9288178678429,2805.397362793132,0.0,7860.547159969497,0.0,7972.931712365551,741.5930245907284,0.0,2589.114352355702,11668.477113004405,0.0,10318.760664193505,431.36234458057436,0.0,82.62052856020534,44.718772182220306,0.0,22.98944286034395,0.0,3.753428947528901,7.477068593999142,0.0,4.251078249666939,3.687953356864842,0.0,3.382312958778813,0.870136820664553,0.0,1.1240908428546996
2.0588235294117645,4.633054638681298,1.9576193241685043,0.0,10.872523677279709,9.518929775904699,0.0,4.923819893712265,31.37484736938439,0.0,98.57511418346144,0.0,7.978660607138677,616.7636623350588,0.0,6876.449012206603,8798.22532310332,0.0,1097.0751380894671,604.0974473518986,0.0,3302.172315076822,0.0,8553.680772590607,11262.58991479061,0.0,9596.429302204131,5481.475512220102,0.0,671.9204295489465,5105.705571800194,0.0,621.6361632036028,90.14207285218441,0.0,69.65639043173765,0.0,41.281442610105,11.199845046628356,0.0,17.47863272890494,10.067762682529061,0.0,3.3054415702117406,0.3167321448787021,0.0,0.09863701726584294
2.0735294117647056,25.837946661349868,14.575931311629486,0.0,9.894198584387723,5.985617530025017,0.0,10.117472678457073,30.398873917255216,0.0,86.43391963110963,0.0,57.04791489588201,1089.239114250525,0.0,182.89836581053783,2219.331981123227,0.0,2356.539136974579,1954.873264459539,0.0,2716.0045383150746,0.0,1638.488023146741,426.927506806879,0.0,941.6702079846209,6999.527297074506,0.0,14146.239175125944,3150.332853534186,0.0,804.4409604940146,305.90108245557917,0.0,61.91974347589496,0.0,79.42201720718687,61.51901912281891,0.0,7.365606029538105,4.023196735502934,0.0,8.302557183599543,4.784216547662578,0.0,1.3138955062171709
2.0882352941176467,7.566267694916922,16.513369160304826,0.0,12.058922333920211,7.012375927079212,0.0,6.7989206547757455,12.405936519557947,0.0,41.27497361253414,0.0,306.55992497323206,307.932403647785,0.0,1309.4034791329677,8109.115615130095,0.0,5543.34800605987,1153.734540801961,0.0,1937.0075924385405,0.0,10584.869128747974,7662.518742546214,0.0,6302.2491433031555,1105.9463079350285,0.0,1249.1239027540055,195.12123273193345,0.0,50.754926500550354,31.958334548994042,0.0,9.476760220319079,0.0,16.13956627130835,10.389080319351121,0.0,2.878107274512497,1.0195179666935505,0.0,1.168396842236013,0.6464485748791874,0.0,0.9746606465044947
2.102941176470588,4.684476107252669,21.08528512516107,0.0,19.12700933880469,11.054872982641207,0.0,8.201831532899405,28.489620742623167,0.0,169.13390819035027,0.0,253.53330348800387,401.01948138118047,0.0,1719.2922785384385,2735.030487603947,0.0,19002.987687844496,27407.088154975638,0.0,1268.387244641445,0.0,1449.2265407437249,2456.7571849562373,0.0,7418.650786823761,8837.284620542836,0.0,8439.6533921782,2956.6486915185337,0.0,242.41436487038766,19.082221072184616,0.0,35.37775445093809,0.0,31.776800695667454,22.152499675861748,0.0,6.76417404205666,1.9182009116545522,0.0,1.2166738242148392,1.823358524274179,0.0,4.8005895716461096
2.117647058823529,17.829317304471925,15.051267210388424,0.0,3.272259583437348,7.975734456758643,0.0,22.196133750374266,15.158727216642163,0.0,61.01037209850756,0.0,35.50191031065218,111.04222300815965,0.0,596.6191528626998,286.63591238845845,0.0,764.7806557276845,4470.438038328101,0.0,12358.060887473614,0.0,8108.545224118684,27349.149366368132,0.0,10364.580827178394,2103.0555673423187,0.0,10333.76115691917,5377.0040943354,0.0,222.9516161910845,26.31445430750106,0.0,24.324170102258847,0.0,34.897160976900025,35.73713814493775,0.0,30.789207853671517,15.216122575638408,0.0,6.22076498358099,1.1955487586227558,0.0,0.9222256560704643
2.1323529411764706,21.324690778672938,12.753258083267749,0.0,7.8555153925131815,5.961908327370502,0.0,1.1445590214220887,4.27280880282153,0.0,80.24351559831169,0.0,714.9813590992026,2216.3707531168434,0.0,1617.6084751883154,114.65648219987742,0.0,974.5572294047074,1378.5494510237886,0.0,3421.5360954496255,0.0,8019.041924730057,4226.286684726836,0.0,2140.8541342025305,3469.7709540545275,0.0,7126.309891934612,6593.616321825137,0.0,1614.3101094395588,59.0636113330075,0.0,43.877115389511225,0.0,70.75628664508912,23.152621184272988,0.0,10.301629447761036,9.002524689288647,0.0,3.817589993643252,3.977364131732444,0.0,7.854383964990659
2.1470588235294117,10.605154176049066,13.008020135215752,0.0,11.94762195453626,11.175583553552698,0.0,20.261889938786496,25.301737281293853,0.0,50.496261644534044,0.0,60.90381226007054,189.1369650769056,0.0,584.0473256106326,110.31193168108385,0.0,106.6557558276877,450.90122969398726,0.0,1137.2787342105235,0.0,1307.7842524880325,1404.9605034546275,0.0,2543.9303804260635,5837.510503114463,0.0,5048.022593228299,1793.261064597888,0.0,457.4547581749188,78.83686227116792,0.0,81.02545253838404,0.0,106.20154980949525,22.95698665521697,0.0,0.8697742801871875,3.7806377638580773,0.0,6.864796935936953,3.4378512257005625,0.0,2.210220159066556
2.161764705882353,9.416227214198242,4.402522111127247,0.0,2.694024632852284,1.9671958839614754,0.0,22.066025719144825,22.403282846843865,0.0,22.532143544668322,0.0,27.19738770251301,256.80975971953137,0.0,227.11108025879884,539.7293427136032,0.0,687.2269212064634,1108.0712233277134,0.0,3939.144215053874,0.0,3191.5906632724073,1565.9513337692106,0.0,1711.605883661613,281.4766718691985,0.0,768.3798935341446,343.3541560731585,0.0,69.3339211509919,52.482446821994344,0.0,18.413782091853875,0.0,35.18919404648513,4.323202365885899,0.0,1.410681861173096,1.5425503087869363,0.0,2.2474730047477327,0.5176971369595389,0.0,0.5435629769492789
2.176470588235294,3.8437372649908936,9.337165399339561,0.0,2.6011143848261677,4.730693335195812,0.0,6.3773341449304715,4.832971900828886,0.0,57.70245723760055,0.0,95.17482710796655,643.8935950234575,0.0,2025.4972359580195,3220.5496841839913,0.0,2800.460506510324,2151.6860320019096,0.0,918.6814255029433,0.0,365.1080176995429,189.85130339822518,0.0,1397.652288828954,9752.66935781027,0.0,9677.888849275132,3375.3736735557227,0.0,244.659350421939,55.64757018075088,0.0,21.545977838822523,0.0,97.62296946144545,44.694075334553446,0.0,2.689125887228529,0.7095065604052055,0.0,1.2254737900920107,0.33122825797368555,0.0,0.2211154736355257
2.191176470588235,8.239813212959433,10.011155794413328,0.0,11.332418257137281,11.288926122811485,0.0,6.9781355112477605,14.145924436159088,0.0,9.392469199770886,0.0,314.0753642647519,1575.7848665930592,0.0,738.1673717263852,535.7004212644306,0.0,3466.9789223103717,2524.7209711098662,0.0,1926.9535705348303,0.0,7934.424651897178,10151.93388355706,0.0,7386.833052383642,1908.913976046998,0.0,10929.941417053402,1626.658584848879,0.0,238.6535715770359,46.16564167902092,0.0,174.77500849947944,0.0,180.67060085903086,27.475247856499372,0.0,0.4973836428167153,0.5666046030803398,0.0,2.3122391899426846,4.021433186026242,0.0,5.74421122030483
2.205882352941176,8.105810853020762,5.489118629677174,0.0,12.828023781501525,14.074448396550899,0.0,1.3395181671181486,7.845612422615682,0.0,128.454661138235,0.0,217.24014165827242,230.32172028339366,0.0,1964.4888042523894,3074.968477563598,0.0,5091.231686658874,2332.849486452446,0.0,6861.222178604847,0.0,7520.6008959508135,8275.722215939097,0.0,7235.202010960482,13497.098467202146,0.0,6823.347970555657,438.4297394004077,0.0,38.907467948122374,28.170233806485665,0.0,7.713814860769685,0.0,23.597338222367863,36.70276000283282,0.0,0.9460686099696926,4.43085147869901,0.0,5.205223727691027,1.558231047379652,0.0,1.54993626477026
2.2205882352941178,15.603636074201646,5.718101243241959,0.0,6.5236449356198625,11.71655401983232,0.0,11.182743309537658,6.221868479895569,0.0,25.642085720867026,0.0,247.21628645497088,196.1776345101254,0.0,1397.9461106479257,1292.2910528083198,0.0,122.13459423328777,791.3551544077972,0.0,1445.7921054790754,0.0,2202.5047431226812,278.13084130930986,0.0,4909.511579722049,6795.445824480048,0.0,8016.953950991271,1701.4631768395143,0.0,61.40480451189045,29.946114322603115,0.0,75.11791682185165,0.0,147.05233529066174,56.752084095065655,0.0,4.911955356552468,3.2040420954137008,0.0,3.3853931384867963,1.8735902158367908,0.0,1.6280756142335422
2.235294117647059,9.21526182262239,7.504365666403407,0.0,3.6301957517948282,5.75658199005375,0.0,12.391816056056205,12.353154895731343,0.0,122.6832632733926,0.0,537.7030407426585,379.09120659697805,0.0,1089.844718886943,2048.6740886993175,0.0,569.7282434219702,894.0860931498737,0.0,2691.8173953448495,0.0,2614.263898616824,3521.2429982024046,0.0,1333.6424214698457,10979.395758957013,0.0,11980.68135262345,2306.856844395128,0.0,350.6161637473306,15.253320225054644,0.0,8.740653952483854,0.0,22.553351058229445,6.0866385003768935,0.0,2.1543833325017117,6.574584712763897,0.0,4.9751398448940005,0.9536394842824069,0.0,1.0763703171951375
2.25,2.8951606968458936,5.018900609215706,0.0,6.729442051663418,7.710661727023087,0.0,5.28542554013918,37.31632990272823,0.0,37.9532165522853,0.0,138.82890676258938,94.71013759880515,0.0,241.97211885065687,3475.167696841715,0.0,2898.3951381505112,947.2676135939405,0.0,807.6223061561058,0.0,474.3745668958276,2355.7310409938896,0.0,8397.222711026414,7009.399262775556,0.0,3671.3225429656136,3742.572068816872,0.0,656.2120709290557,23.85882905491865,0.0,127.19276253677582,0.0,97.54472352880089,12.487003923396255,0.0,0.6709433045139211,4.21370562580024,0.0,13.104368444033268,6.443787025043678,0.0,0.8819053363022858
2.264705882352941,19.1780624360821,9.491537689814681,0.0,8.83235243115214,22.297275102777952,0.0,25.414806443697763,158.07002550017472,0.0,125.21303887214766,0.0,18.769758804554723,68.22554987583358,0.0,444.4139260239276,2653.68526254441,0.0,678.2214547658903,1065.201099767525,0.0,458.56955847120855,0.0,1259.990827945183,107.0239010127691,0.0,952.7982497823532,4724.401320687401,0.0,4428.998113502141,817.3393409505542,0.0,83.50365408682448,46.57450065155807,0.0,84.68864556430307,0.0,115.52777716084162,15.424812283917458,0.0,7.967718950668029,2.0548052669056416,0.0,0.6316937433330478,3.054024529336976,0.0,1.6044689328998847
2.2794117647058822,4.91516895185163,3.117866207000174,0.0,5.828087709870599,28.895527608181723,0.0,26.335793252325114,18.775523764335947,0.0,17.572668598887734,0.0,27.68091022439324,177.47786874181895,0.0,313.4432248490117,985.1634681589775,0.0,3102.689341686337,3049.675774858479,0.0,2866.413201225644,0.0,3929.585575045915,2566.3263696251443,0.0,2658.8934558701244,1263.8080537499775,0.0,323.0865705166235,561.6442604232623,0.0,172.2628231524393,21.506166884865273,0.0,3.756815222075984,0.0,13.703108658500028,27.382969530142553,0.0,3.6204322990099573,4.006182881229482,0.0,1.2884698367013137,0.5693255932157465,0.0,1.0012666906301564
2.2941176470588234,6.49672120682585,8.260045907303766,0.0,12.825197112852738,19.312610185478782,0.0,31.32172202679222,45.34810874232535,0.0,91.79832771720564,0.0,341.53637335432103,1040.7240911185445,0.0,454.40521253793247,1803.371491345787,0.0,3042.935789067025,1084.624912464761,0.0,6723.656789242228,0.0,6595.049578823616,3459.8775074871423,0.0,7897.985078489737,14332.08953211577,0.0,13215.028141223233,2261.470922774961,0.0,13.732383530287585,10.66337285571565,0.0,49.02361390742939,0.0,30.432885340046116,10.098364731685773,0.0,1.8784923696841562,4.253229091594191,0.0,7.562798471232538,4.98495783306424,0.0,2.421975260503067
2.308823529411765,2.3125415140444288,1.1884056973654809,0.0,8.470835111884238,17.246742530418533,0.0,8.94181210458099,111.57312545616756,0.0,244.51801236697304,0.0,106.10544193360266,71.75180637484911,0.0,566.2266934429067,598.6932340819806,0.0,10488.192667496629,6934.482220665611,0.0,1182.3700396919576,0.0,6982.409665953037,4130.688479965648,0.0,1444.4473480908196,3023.749672048845,0.0,9989.476470787904,4349.887285622209,0.0,119.42969927387261,51.216899514747226,0.0,17.68473116286458,0.0,4.3799805236074505,18.266968442356262,0.0,10.957620526266673,5.607799894179455,0.0,2.173378949077599,2.2588720739940635,0.0,0.7595708591539249
2.323529411764706,39.94288134367009,33.03245154404673,0.0,26.730416147396255,19.203267159215795,0.0,12.957567474078942,110.27270033263417,0.0,418.39637938276945,0.0,397.1298234200342,370.23127182143736,0.0,299.19206903158334,307.8715160681244,0.0,7070.88739119155,15461.49144107975,0.0,18926.821774430908,0.0,30103.327306636158,25070.920488333242,0.0,15328.193141204754,4533.914684510668,0.0,10238.901447372395,8084.394754997078,0.0,196.5869325462498,13.463034067424687,0.0,12.843966370299459,0.0,7.327449429944544,26.26530409280177,0.0,32.162785644404394,11.754387750757996,0.0,15.38473330796348,13.30085922137198,0.0,7.86087285271947
2.338235294117647,13.1135837021045,12.618572694450979,0.0,25.3455038880788,25.396800251468,0.0,11.379782185398081,48.93872917651619,0.0,263.66266088185415,0.0,224.16886124215216,2728.6753412127946,0.0,8976.38554877989,4273.559510723845,0.0,450.86289293464665,228.7550709305665,0.0,447.46150705836635,0.0,1569.8945634587214,213.67921639544727,0.0,6469.586160731285,27511.475496121748,0.0,16258.971933073564,479.48915875876094,0.0,354.43362715630826,134.8668144698603,0.0,44.47596013749954,0.0,42.9968282224816,18.67633397203644,0.0,6.801256207805883,17.88627799978562,0.0,23.926833891271322,14.123615945614754,0.0,14.465158023842168
2.3529411764705883,18.20723723665764,21.102815696914046,0.0,44.011817832939464,58.781820963764496,0.0,52.62900637284301,48.08862379287045,0.0,5.413648166178464,0.0,1101.694079581354,5782.005162872431,0.0,8638.152065201859,5750.409979811684,0.0,816.6765071089178,145.9007368309287,0.0,1390.1919857180603,0.0,2352.4658744669705,7096.369379109981,0.0,8400.722447405897,478.0333502304497,0.0,2392.2260697583524,333.4772143185638,0.0,207.01866543187367,144.73574246138716,0.0,107.85662825540203,0.0,200.71363540318805,86.84137245328054,0.0,0.7940685937937103,1.6204606468364675,0.0,4.458753902956141,1.9172893391824317,0.0,0.2608164887441309
2.3676470588235294,1.4785219767845077,3.674605594025274,0.0,16.084462039447867,20.64056471257152,0.0,20.86668598123673,68.19574521037816,0.0,225.62631872008222,0.0,561.8193640814017,32.59280673683263,0.0,3456.834528585781,14184.369090604156,0.0,22492.156761912822,21230.375682351565,0.0,14163.212102602987,0.0,7463.467589684414,3053.3786558946204,0.0,1020.6646061601814,8810.356338979314,0.0,7885.136940705878,1997.8856117046298,0.0,372.6893306951978,62.69118986520989,0.0,166.5409289429807,0.0,198.5321441801413,15.391159844389122,0.0,5.187099631068999,1.9736976745407298,0.0,0.934491644089092,1.8549811491914534,0.0,1.1148808496086395
2.3823529411764706,5.9317213841450105,14.104594136935264,0.0,20.04376675224475,15.940902981831996,0.0,13.31900100556731,1.7785743978221238,0.0,57.40605328205913,0.0,65.13521822309659,479.4759641316896,0.0,840.2324722449569,153.9644539168204,0.0,3633.3957945153984,11265.411183286331,0.0,12025.553898737448,0.0,8874.288418193237,1384.7629644026647,0.0,7061.409506075734,11283.209875811597,0.0,12940.687700208047,11621.821759635435,0.0,1533.4411478456996,55.877708927047784,0.0,152.8853721900466,0.0,182.5407884088516,74.32097650932334,0.0,37.09871211867744,4.1680957219247805,0.0,0.7621240643585486,2.6759837753938074,0.0,3.524383065950805
2.3970588235294117,11.153687360242504,9.825732796397194,0.0,16.455300198828336,16.2651635265954,0.0,5.918965962046754,12.337678682498218,0.0,7.63051348507971,0.0,90.42750762726962,224.73566680167733,0.0,119.10135325915046,837.6880658792572,0.0,1043.4992791818622,286.7640986902743,0.0,1678.7352017370565,0.0,8865.46202602901,13323.510825620904,0.0,6398.3143163263585,1139.122523491128,0.0,4297.541563528146,2422.524198630751,0.0,56.00836004656351,236.29654173828658,0.0,97.68579655316802,0.0,2.869290272354579,8.01770018321466,0.0,11.665133128928426,5.025833687327868,0.0,1.9807565470676636,1.7351625841742662,0.0,1.2805802670932762
2.4117647058823533,23.13700445489239,18.576190177881347,0.0,19.778599417673373,21.28372885578147,0.0,13.291743635791114,7.120188224996822,0.0,21.486874508185515,0.0,15.55419216167731,53.47907207986122,0.0,417.3929761239143,797.8539317868845,0.0,270.5263556480813,777.0353632479212,0.0,724.1398050652382,0.0,2790.5028615117326,7495.352382869612,0.0,11659.26972554364,2806.1970645565134,0.0,6925.027963765275,4177.4428421147795,0.0,193.99386628941284,35.34942744664741,0.0,50.72990599432885,0.0,25.286122765169452,50.72288264084836,0.0,4.434098615973099,4.415001632946621,0.0,3.9139549064569232,4.038959758788056,0.0,1.5118056460085134
2.4264705882352944,6.287678527024768,5.4746266384662245,0.0,20.634823368814608,8.726195662837313,0.0,2.559794064441116,11.338157816797771,0.0,16.712282820085186,0.0,103.86328610626809,193.27466795844038,0.0,163.86113049624592,783.7724929969548,0.0,1743.2921095088313,3133.8267851382534,0.0,1645.258267767491,0.0,720.1059709894837,4834.883632233306,0.0,3150.2999672755614,7652.534676024918,0.0,11909.954924954869,5647.4913695394935,0.0,3133.009044364191,870.1839945773272,0.0,397.4242803646532,0.0,258.3759265396511,86.88999623656582,0.0,63.737778279527475,11.568422511548759,0.0,5.2241142456369225,3.3713560551499393,0.0,1.4253201748907043
2.4411764705882355,8.233045321128492,9.084336743780367,0.0,2.178860408871164,5.240798501551169,0.0,3.7456001445982707,22.641049718515163,0.0,70.20218337888333,0.0,1.7253449606295876,41.9971499909608,0.0,38.37129378585122,639.9929206351921,0.0,1568.035435714055,1055.8181694871666,0.0,875.575293479827,0.0,144.36063292209337,1775.8097439465873,0.0,6911.578504999006,5706.031013781919,0.0,4936.770559640579,1088.2232937579327,0.0,257.88914362117055,159.1565628732161,0.0,29.17559478559236,0.0,20.984081298877296,14.128194762551413,0.0,12.321046185000085,1.2542495259249367,0.0,0.6448605127331378,0.5291807535898625,0.0,0.1306268964592488
2.4558823529411766,12.64113837783042,3.996700538955597,0.0,5.9356780850590525,30.252292825252074,0.0,18.324449090867034,37.33377149419857,0.0,66.49994803167218,0.0,342.55631523459385,216.77890511410357,0.0,676.8834877818301,2110.0295409216474,0.0,2626.515932240803,3272.147403432688,0.0,1461.8642891705072,0.0,2821.4950847937325,4403.689669079921,0.0,1118.8715102066208,2571.1378596575255,0.0,826.3474601310238,584.0628215129707,0.0,72.51124706419965,155.76628537706569,0.0,282.6705405689596,0.0,79.60640642312558,15.347562001774966,0.0,23.289672285756833,1.3353693362549213,0.0,1.431963503555919,0.31311622749558976,0.0,0.7373812436280525
2.4705882352941178,12.762818733866546,14.866273009741125,0.0,9.889679611158279,10.10392574505239,0.0,7.723962945560167,28.117100388559365,0.0,124.94320704710331,0.0,711.1922545258012,216.81153825926611,0.0,774.4691393233308,618.886703604892,0.0,34.91307802326829,596.4006298125896,0.0,5496.140886136714,0.0,7497.723895931254,6247.44173770477,0.0,2445.3983621042667,2627.9222682306,0.0,2813.83683852235,1366.806148575899,0.0,12.71322258046525,50.70910258453646,0.0,39.31461258610182,0.0,13.37865148477709,64.12610067791577,0.0,8.191488186601262,13.256602637338968,0.0,4.729429683242942,0.6047008370968809,0.0,5.185435557673779
2.485294117647059,5.081675251084034,6.995235163851659,0.0,10.231897187167373,10.889941206303137,0.0,9.506449488543726,18.295475536433358,0.0,69.62434843277956,0.0,106.58794201353244,416.03631032851945,0.0,616.765931298102,464.04844819998823,0.0,127.90969481480545,1645.1034296077662,0.0,4995.475289022872,0.0,1891.275063511767,3974.974215784375,0.0,11508.59713008159,14335.755659684559,0.0,9872.309701288668,3730.48888978738,0.0,564.1642982086001,33.1787775924232,0.0,40.0767329807139,0.0,121.72636168017937,216.30981115833745,0.0,90.4289614057372,3.113013571070417,0.0,1.1105270077177505,2.596329092941976,0.0,3.985013529068116
2.5,6.613158601259024,6.1066790707003396,0.0,12.433115647567794,6.088766711076206,0.0,11.75720240558525,26.63098218262884,0.0,6.777842034082086,0.0,353.94450604450986,292.2336039929657,0.0,60.335969706966864,155.84371983141395,0.0,681.4252289186841,757.932008595456,0.0,2706.5362520186836,0.0,1386.9373589636762,4863.534228923754,0.0,12677.099577242945,8330.57947229894,0.0,3202.574991399564,647.9877169131128,0.0,210.0632737529778,150.79493201467756,0.0,174.12937790155215,0.0,241.12901655291222,175.6331397545449,0.0,109.89834220565214,8.71654577238256,0.0,7.497295333292732,1.3953567430622345,0.0,1.3019822360605886
2.514705882352941,8.477235238273336,3.175673896971639,0.0,4.7621008329465795,7.971774283378341,0.0,9.416227439503569,26.49574491559048,0.0,45.22773307748862,0.0,1190.6052316127189,4047.5473625913237,0.0,3065.337444479872,2286.2638123375273,0.0,1562.7838042561534,1004.2417175669805,0.0,538.4245731526388,0.0,3778.1559684972967,5593.4647762345485,0.0,1226.5322413767883,4698.930534730911,0.0,4519.73338117831,1926.6868125838364,0.0,211.38173350154256,32.98714657190714,0.0,32.35179933085114,0.0,7.148694506562606,95.4621997315937,0.0,133.58348171582742,0.9746918496264865,0.0,6.376695886020839,0.599974554065816,0.0,0.4591652198497296
2.5294117647058822,1.7846368524272695,3.512194342744701,0.0,2.5418536363091015,1.4441851075273124,0.0,4.056376376386096,4.9981284212796675,0.0,75.70978814393087,0.0,1029.8213524574214,3681.0312645937456,0.0,6601.231903394498,5442.63510264911,0.0,1272.3354076232963,279.02261654873826,0.0,1725.7023885818917,0.0,1574.3747503852223,2413.813268042158,0.0,4714.09200317555,10597.85360528249,0.0,10247.177996761005,2753.1410399359256,0.0,63.20042248201491,7.320989379739223,0.0,3.785994919168829,0.0,53.4688045157357,158.52795346613902,0.0,89.41668872936864,7.572691474625583,0.0,0.5542397326424603,0.059155450544151215,0.0,0.6110348012225105
2.5441176470588234,2.5593609605613743,3.367074332838344,0.0,3.8243067995325104,8.973102059757945,0.0,22.765567281094192,31.01675742629554,0.0,12.919969319104316,0.0,377.3514410155333,1826.0772558814288,0.0,1878.615211995213,7395.927322831834,0.0,10326.200649599541,6094.236643630584,0.0,3697.2313244331535,0.0,1087.4267738508088,1452.2950832338488,0.0,5257.233706244937,3172.8234663542853,0.0,3376.543114934081,2189.409158623908,0.0,806.6221652471287,36.30868922019968,0.0,32.38338965926537,0.0,18.832761406877378,23.338997597909493,0.0,5.68334357331651,5.472609024230547,0.0,2.227849310261124,1.0477913860442443,0.0,0.7129298582517231
2.5588235294117645,6.421820580914286,3.8700947296005808,0.0,2.116177822946793,1.947562708260652,0.0,2.385799344838474,37.94690894675238,0.0,6.457426350671842,0.0,150.58543140005088,1017.966198138532,0.0,1827.6969268081752,329.9430091162089,0.0,1007.5134415203191,629.9385548276598,0.0,9192.205128495136,0.0,8843.095811220212,6960.295843330108,0.0,1711.0638825788035,1313.3269364016849,0.0,3213.273434477297,854.707451120499,0.0,285.25094213745433,162.260909578082,0.0,50.19834996995466,0.0,31.69956133229526,0.2890340619953673,0.0,0.3007528755784491,0.8363438250225809,0.0,1.2166964655855346,1.3632444711604408,0.0,1.0420949610666672
2.5735294117647056,13.502941576992363,21.145105403586378,0.0,3.3841074410020426,2.0266323927321572,0.0,2.2408736776030667,17.274728749827776,0.0,184.74092244485058,0.0,339.6358050208804,48.699193690055935,0.0,799.2287209740883,2292.674690843162,0.0,5055.784777578095,3059.751568904183,0.0,232.8806670417066,0.0,2061.242309744468,395.28895869280194,0.0,6538.156417453527,6864.36974927652,0.0,5273.0844550291,2461.1639006849387,0.0,181.56592678905145,11.024793488705484,0.0,81.29239174673155,0.0,93.62183156520238,9.290230247880682,0.0,2.382003251256896,1.7688846173037522,0.0,1.6642109221512236,1.1747331037243387,0.0,0.9914441427994756
2.588235294117647,7.147977763324439,5.279654710088902,0.0,5.459412913310467,3.6552529602838684,0.0,11.448087932034461,36.354389619993086,0.0,53.76884326287965,0.0,154.11190236167582,827.7028971032935,0.0,924.2671906864016,1086.8421204495621,0.0,4036.525312825744,4073.1816070973096,0.0,3578.8027623163625,0.0,2169.4276549269025,9848.903395423553,0.0,15181.720226601863,6357.227118004084,0.0,2177.568882532115,180.6877328130961,0.0,116.23051119439766,43.89357505624211,0.0,118.39961859373015,0.0,13.955949410742207,21.47513460553831,0.0,5.704953975004828,2.504018700411274,0.0,3.860829076262444,1.1660081892556367,0.0,1.609298050054878
2.6029411764705883,2.0183103980557497,7.535127788952548,0.0,9.56895942150038,7.7352312140563555,0.0,4.17497792095721,14.654730250994886,0.0,16.39667175649697,0.0,9.546795087825963,73.29737434191142,0.0,2077.0424316836447,9636.564216450946,0.0,3395.6934227375577,1216.7845108448332,0.0,12844.606211986556,0.0,27728.02676675216,11516.609301936383,0.0,6400.401670990812,14130.052374285044,0.0,9242.90892341333,1404.0085370606234,0.0,69.70604659603698,137.15553175762045,0.0,97.56128074450163,0.0,22.792625892970655,8.773773948771687,0.0,2.442190397243329,9.495026482380641,0.0,3.1772706813953944,1.9059102332601652,0.0,0.3325301026765831
2.6176470588235294,31.562553283181767,38.210253109219146,0.0,21.504487211971842,8.595974236448793,0.0,7.883822369657486,12.772438342920553,0.0,26.733520009908624,0.0,74.95393152995146,270.8974200644111,0.0,907.2944390147416,2978.0303512902956,0.0,16292.381375067234,7739.40341569424,0.0,2024.120283392971,0.0,13798.289638406266,18208.964613168348,0.0,11676.363603450525,14327.536074098201,0.0,13590.760864543246,10925.089684370992,0.0,4049.096701441139,439.9661678401576,0.0,2.841279884843032,0.0,49.11733202056058,9.273835586048541,0.0,5.376657080496458,7.665344029335193,0.0,2.8483010991587197,11.367099306089848,0.0,11.424885811061475
2.6323529411764706,5.011057665894532,6.596503207759867,0.0,3.485112844585308,8.006808537681625,0.0,22.994009641734266,29.338120923016604,0.0,46.50726544283872,0.0,39.12903207415995,92.33650317062595,0.0,571.1385174729623,356.66456777871883,0.0,870.046850762254,1317.7525029088179,0.0,1616.46980964958,0.0,3667.480812379021,2621.025021723875,0.0,5749.044153807477,3622.3755183863195,0.0,1199.0987180578484,703.4337859169416,0.0,314.06617955284685,172.3656158918343,0.0,42.684346270995796,0.0,26.602910005269884,13.271506213799068,0.0,4.746810377974307,12.634650636939185,0.0,4.721817737550467,0.8110776668514617,0.0,0.7232629248942231
2.6470588235294117,5.784942041325589,10.019779760516709,0.0,16.611366788323426,24.76720839220117,0.0,27.597510438956547,45.31181077877988,0.0,91.31010238269803,0.0,99.98046184954497,31.41852167541591,0.0,85.37644434993558,384.4164769373532,0.0,232.90265888759203,172.9813747615668,0.0,1121.052076868148,0.0,3726.83596714956,1457.3963444148822,0.0,3907.706598252186,6021.460101582167,0.0,3072.3995069551306,3873.0158183017543,0.0,2534.204184839832,766.3860237612565,0.0,285.3676632451874,0.0,50.09412882319177,4.021437203303927,0.0,3.8404178457109692,0.9590208207437866,0.0,0.5137969301293378,0.7713627988043559,0.0,0.6458975168588716
2.661764705882353,29.8384286895009,7.14934616156332,0.0,2.70235526237584,11.84443901170361,0.0,25.428132279167002,28.20823152070096,0.0,60.03593225009905,0.0,21.992338277959647,47.064247350723974,0.0,72.06386336191265,930.0491803463362,0.0,2561.4000750377163,961.6083843871157,0.0,177.21463681690858,0.0,2162.94058756807,1802.8523030388428,0.0,998.7880524669001,1067.8821630643276,0.0,179.57606907297242,5448.957290653658,0.0,1709.5919340688802,41.67100399316361,0.0,47.143584320369655,0.0,9.50661089616623,20.77769513868067,0.0,8.754447332754658,1.7334846248885212,0.0,0.2657812058586071,0.4547600494104967,0.0,2.048370619374391
2.676470588235294,21.90796931426008,30.540664676107347,0.0,10.357440809127604,4.259138840504223,0.0,5.268311215921244,53.47479591136536,0.0,41.655084419072864,0.0,11.837072323542694,67.54916635874804,0.0,126.84310147703276,290.32588903859323,0.0,997.6558631361049,1841.7614191888183,0.0,654.7455458699516,0.0,2508.0050166819456,3165.9508500677643,0.0,1848.7701429362057,3414.3945719722587,0.0,2973.7065200760953,3417.9395697757227,0.0,1091.7912464774968,20.646034376268855,0.0,117.59017492356153,0.0,59.94035256687144,11.568965721790788,0.0,8.564310788315954,2.2602525039826267,0.0,1.1855574085909173,1.5547461681601782,0.0,2.633481813141559
2.6911764705882355,11.011422182293627,7.251505035275296,0.0,11.582396440097828,13.642305035039328,0.0,17.875664823914512,11.282722727906801,0.0,45.31153877639672,0.0,106.86516866981268,268.9610144508335,0.0,280.68846334962427,31.602693960225476,0.0,288.48091891160095,977.4338955390044,0.0,2912.3658238522958,0.0,7404.5214674118715,3748.4450038459954,0.0,907.3583645861847,320.95200146412185,0.0,1434.0277362987824,78.51358380746709,0.0,291.8316675632351,70.86464558617473,0.0,44.84154449749231,0.0,6.159540153672184,12.649333983591438,0.0,10.801749322264975,2.8499991664391295,0.0,1.9387007553638314,3.1091169317298357,0.0,1.3192537594202673
2.7058823529411766,5.72793262318503,1.427141423180189,0.0,1.5311376124213218,4.781315731390118,0.0,14.361123241440254,26.028104031607988,0.0,15.547842478944508,0.0,104.9657521073191,128.71398737090166,0.0,1303.2634394162126,1371.6224417446085,0.0,346.1623762809054,413.41395044166353,0.0,444.97087633603763,0.0,503.3556294565315,781.0390801599423,0.0,1182.5191764459755,577.8773177378844,0.0,3674.4899490358866,1524.1614882794986,0.0,247.15432447974112,59.73174135055534,0.0,6.472191623929662,0.0,12.17212740572273,5.229175827536581,0.0,4.754026612435453,0.9270484796414121,0.0,0.8891844870644645,0.14139420730284452,0.0,0.5129648806307534
2.7205882352941178,9.880820641172441,1.904830779129868,0.0,6.481160612029229,3.6992071191856732,0.0,1.9061235283139408,3.1420213100468466,0.0,48.52825659313437,0.0,167.06936270942236,202.5238713699723,0.0,1657.003420585179,302.5221691543809,0.0,203.25872871444838,1092.8577053189533,0.0,1505.2678824335271,0.0,2695.584337706797,6519.636046268619,0.0,6233.829838195007,5635.028425818809,0.0,2685.90852777677,51.215560867744394,0.0,128.87893951200553,26.215804768872378,0.0,10.012358121827203,0.0,6.218180021139473,19.577353496094876,0.0,12.13397191500697,4.278645510979523,0.0,1.0844830039221618,0.2233628187300615,0.0,0.3289238143823928
2.735294117647059,6.317803305401286,1.3047335386967087,0.0,1.8650283820052649,6.063581673611053,0.0,6.984338187537036,7.301362347300744,0.0,75.73534353469077,0.0,149.00774718105373,183.69983886888508,0.0,1063.666642017454,426.9267926472613,0.0,113.92431235077716,1243.275733067443,0.0,1488.0609932868208,0.0,1703.983726452122,4766.941735344135,0.0,4938.502371346909,1439.806742743043,0.0,5369.036303276383,1362.5866864350548,0.0,7.470358239173475,52.81067538893811,0.0,178.54492368637983,0.0,90.02932140509182,17.980759610007368,0.0,21.951010793130216,9.089558238330529,0.0,3.335097218270388,0.7126595480363709,0.0,0.9212907421734678
2.75,3.581917759850606,9.545616941064322,0.0,3.6885002484242158,2.2250240941921327,0.0,5.665255193020381,65.52775226967056,0.0,195.86399024261544,0.0,112.03805000211864,1782.9756704625227,0.0,5530.422104446175,4368.449067222459,0.0,1823.1648472545787,1072.2672646135493,0.0,2186.6953396060258,0.0,9371.71998011268,5279.690076853513,0.0,980.806564512131,13289.214647993947,0.0,9636.87858683152,902.5658611661419,0.0,31.09812104153468,6.704485554038835,0.0,7.090194567934994,0.0,40.059628343512784,4.135330972373599,0.0,16.465732518564753,8.60496156342685,0.0,4.878396903560959,1.547883768423286,0.0,1.8484527765041983
2.764705882352941,1.5959724175563412,7.733276830280792,0.0,5.460034974890595,11.269268131525507,0.0,27.92986258840891,21.360581404050404,0.0,80.16279033743405,0.0,720.1149907057528,1355.9259401637373,0.0,3043.5563493391883,2896.4490920961,0.0,882.5339512483674,222.53774777897382,0.0,82.93973786180959,0.0,706.6493058158271,58.482722466096405,0.0,2223.0414374544557,5451.7296388779305,0.0,2799.625284023995,707.0244721143844,0.0,68.77420635722721,16.830275284946886,0.0,27.24456987097946,0.0,58.34775017081233,15.31172584376013,0.0,2.4598082021412813,2.0135573511476803,0.0,0.4557544953708775,0.24002908286317526,0.0,0.24449930074070864
2.7794117647058822,16.192121615279625,9.54608276443992,0.0,6.021214889499549,16.858571224813094,0.0,9.929039990629914,14.0036900957611,0.0,18.795874672805247,0.0,335.0173856314341,1550.4966575938697,0.0,208.10495309982957,1024.7882021562077,0.0,1033.4076879988497,253.06065999542204,0.0,245.63346460088508,0.0,307.7984483322789,640.7883136094711,0.0,3895.23835070291,5324.400774362839,0.0,1424.7892219250102,410.7662497837447,0.0,24.6138697148115,17.63690830156682,0.0,116.97682833332594,0.0,60.036499767249964,3.821040579820569,0.0,0.9367651942180217,0.8785952854986496,0.0,1.7488836376486459,0.6999654642643819,0.0,0.40777527805708913
2.7941176470588234,7.649178827288972,16.396565729404678,0.0,8.92717703127413,4.135518609692931,0.0,7.81583895892786,4.638021497228512,0.0,56.513814701644314,0.0,631.0168750074577,3599.6904643878283,0.0,1984.496100541166,1500.8890421608712,0.0,9470.45203491443,6900.631923633299,0.0,3625.499285779236,0.0,7724.770224887156,12823.752073987825,0.0,8241.033601579651,2319.1821927881188,0.0,6345.378624082352,2148.0738408095212,0.0,30.163774848084984,41.01334779318677,0.0,105.55598665302102,0.0,42.97704945535751,18.643530483070954,0.0,7.105237514072341,5.2637757930908595,0.0,8.947189695073261,3.2970556220631466,0.0,1.465091553527443
2.8088235294117645,10.309163986605867,7.585854238747981,0.0,9.658212221638685,11.441612957342809,0.0,57.01921577721917,80.34106618610676,0.0,224.68494518751817,0.0,531.715375330267,234.33051582226142,0.0,2151.15216923731,4128.011849612218,0.0,6697.62673207146,20247.385261436553,0.0,20063.427025332654,0.0,14132.226888044348,12417.830100760359,0.0,10427.152121881167,3812.188193327043,0.0,12867.470394056407,3271.410796211453,0.0,323.19968730658195,193.0997478757399,0.0,44.6149157595958,0.0,21.306392698514685,2.502624012279507,0.0,3.212630958281216,2.0341964024740573,0.0,2.4883013061878234,1.3419941058073395,0.0,1.7124507747153668
2.8235294117647056,10.056415849603384,9.853942771901492,0.0,14.78992642797807,10.357789195183683,0.0,2.201499879039685,34.296194208186385,0.0,99.21365945397841,0.0,147.05878999958304,303.984715006755,0.0,1716.6642536954928,4041.6142333707303,0.0,4102.6430087787285,3166.8529146869696,0.0,2260.7363145811064,0.0,6724.231845692564,5942.165057895092,0.0,1107.856190075203,2863.3711405965487,0.0,12400.155670107833,7592.936264961507,0.0,395.11782634060614,15.1224504399163,0.0,30.302967823983312,0.0,26.236692942088055,4.809748992621265,0.0,8.982762414880332,14.763753270899514,0.0,5.179828657796564,0.8986933345003216,0.0,0.40073735028889057
2.8382352941176467,11.860094802475036,7.570542453481123,0.0,5.4513089364464875,10.856398005562578,0.0,2.288119168340696,21.09026327482884,0.0,53.08647859054565,0.0,53.66128532831588,27.388197212447928,0.0,849.153203215569,1912.151648023319,0.0,378.43356800247886,7120.400535544176,0.0,6082.902435982431,0.0,3337.9079613451095,2939.805084096581,0.0,3430.106223529496,5184.8771025762235,0.0,4180.061670923097,232.85683605340654,0.0,1352.7126256271156,389.524560575751,0.0,69.88727337644472,0.0,72.88324522216294,8.582362619524666,0.0,0.7318230670065893,1.6419952991875406,0.0,2.4568614747875,0.878891417616386,0.0,1.8100580358194232
2.852941176470588,6.68877522214688,2.868721754649065,0.0,12.105664142071255,10.923866644621093,0.0,9.503653011373315,50.763636191853436,0.0,49.310708737777844,0.0,96.92761806573583,321.3854204407653,0.0,504.64265222426155,2591.930452548296,0.0,11006.672142026768,8692.646414646526,0.0,2147.88545156666,0.0,6324.636004462547,7944.248960721288,0.0,5028.015644450066,2531.198738826798,0.0,3079.4058422495937,5647.086521975034,0.0,1645.8079036347992,848.3676651385979,0.0,682.6139225511492,0.0,426.66837291080935,64.37130790951913,0.0,40.42479647179846,23.217612129673377,0.0,1.2331376617622065,1.362069522939839,0.0,0.8763241869971183
2.867647058823529,28.30201600313365,7.573295970759705,0.0,7.859015224231861,16.610967171313266,0.0,33.906877844649316,55.45307709927518,0.0,61.52311825614404,0.0,58.996269814499996,100.47136437517588,0.0,497.05318796526257,106.10397948592455,0.0,34.52607844828073,990.0335811236057,0.0,2210.3668900783705,0.0,911.211958702443,121.30422989631342,0.0,4178.279168417603,7136.969224351897,0.0,7916.4027323363935,13703.414513405482,0.0,3220.002926346837,593.3838648404758,0.0,20.061213571627803,0.0,389.4583966360433,175.71203300603904,0.0,29.970963208022695,8.76841839886216,0.0,1.0997813228973348,1.047039166925753,0.0,0.6514459890195716
2.8823529411764706,10.968018098302512,2.663782406147675,0.0,5.062894698468707,4.627038000066461,0.0,9.31467391028786,28.908230185565053,0.0,11.624801908411758,0.0,128.0715899646333,1001.1837403348887,0.0,1146.7493719217914,109.78965178577795,0.0,336.8784019819217,2124.1476416765217,0.0,2895.982886948275,0.0,499.30421569687854,1801.625026794273,0.0,2598.6687635208345,1425.2324430143321,0.0,10349.096979495564,3355.5590536753107,0.0,3982.536916602381,2657.6538621769114,0.0,393.31331281587165,0.0,79.69106947642409,42.25780493849536,0.0,6.166326161443539,1.6911473358084188,0.0,1.1559700840228138,0.6095113165274824,0.0,1.3595863163199575
2.8970588235294117,5.404169012662411,6.61426554435814,0.0,2.829230817677344,7.08383312872132,0.0,16.214677772985965,110.13663288920813,0.0,128.10263536045514,0.0,4.549819751656153,8.438253515587492,0.0,416.98463644552226,1212.5129733204244,0.0,1164.6319169654817,702.8766896928655,0.0,2407.053347611552,0.0,3692.8180549032386,3311.749048151296,0.0,201.9047887752506,5449.447970022008,0.0,1684.6944445629226,8610.615782707122,0.0,2716.664056825406,460.3922667095985,0.0,128.62843950975846,0.0,44.221222687760985,61.765366206364774,0.0,2.043783982865316,7.067576138103932,0.0,1.3297315614491918,0.2811637703171764,0.0,0.6616049823196567
2.911764705882353,20.520490865730032,11.237439966225933,0.0,11.36257995719553,26.665877351296913,0.0,31.015500628643252,17.595157558654726,0.0,14.869358723979891,0.0,108.90581071452638,165.57297051420142,0.0,210.8619843363189,602.2498758993072,0.0,1374.8054259575333,1662.5749447544772,0.0,1744.1741921138316,0.0,1126.1029863003062,1755.2712924213924,0.0,3534.2843048244667,7912.694322844562,0.0,19445.216298508974,8332.817398791467,0.0,1694.9624905970506,2578.033368263879,0.0,488.83941557576725,0.0,40.62777287919147,76.30847025731885,0.0,58.643634933381904,19.798106700881938,0.0,12.077816179853272,3.086230124614649,0.0,1.1377047250494616
2.926470588235294,2.4496799214273492,1.1807662218638146,0.0,0.9358999997463662,4.8650463296785444,0.0,5.9378504208462894,30.502301474082465,0.0,132.9392237896028,0.0,176.78096624507262,81.47560799019924,0.0,85.7815962010068,297.2538801553279,0.0,926.7778135743808,1342.9484670380145,0.0,1569.972556674666,0.0,846.2945473839291,32.57884632836347,0.0,66.59380212231903,742.8157853479055,0.0,1108.229296679677,3589.3223356273065,0.0,4316.963871977767,2474.991724868066,0.0,336.91848354569873,0.0,39.35616799460291,3.4219873707447523,0.0,7.75237574708245,3.299406082475059,0.0,2.502615825778445,0.21393096738494713,0.0,0.4352725950133268
2.941176470588235,2.7195183636134,6.216084060215813,0.0,12.129759473191216,9.63924318952944,0.0,8.829930012862324,27.71106980209149,0.0,12.963910572036205,0.0,56.10233180938597,116.00842927704136,0.0,145.84989433060116,1476.3255904954226,0.0,2415.258766201155,851.3071461253569,0.0,476.34508529113623,0.0,3302.325005454255,3441.9008382486636,0.0,1386.0275860793613,648.0052709330291,0.0,319.2042181105979,6555.529411754217,0.0,10581.666690648915,3139.357139468559,0.0,171.70882326335723,0.0,13.321834230664248,34.284246468218804,0.0,9.22342783289044,2.3455496227495076,0.0,2.1193891892226806,1.2051394582298145,0.0,0.7297675786907525
2.955882352941176,5.947543013503133,10.137974093849081,0.0,4.1248898356544945,7.061217483253316,0.0,5.788904958151696,8.401930217668681,0.0,14.980113767938981,0.0,89.38731235550532,166.11637991307043,0.0,35.90010173439802,758.3559143034638,0.0,2411.129582578129,66.14771335719357,0.0,1994.3015781971526,0.0,1722.434809993429,837.7752782883231,0.0,2483.529098349807,730.0953570922982,0.0,915.2939845873674,737.9071428482544,0.0,458.9851061687198,1965.419491646921,0.0,468.3271838868991,0.0,233.25473058313668,77.77692451490697,0.0,14.229828867826091,1.575960526581887,0.0,4.250071801723289,0.7807418559481266,0.0,0.467506809846453
2.9705882352941178,4.264603506700502,1.431936406918666,0.0,1.0436706376829874,2.301974577494745,0.0,6.076463213838729,15.710764419921919,0.0,33.88042620196242,0.0,63.096859349931115,881.5069083979099,0.0,1577.3221181229642,335.17014740441607,0.0,3322.3759498954582,3855.776521568497,0.0,1476.8794401847222,0.0,467.3836814487891,82.80925781554167,0.0,3255.8773895138997,3356.7628916276826,0.0,3283.74609870071,597.2016985339906,0.0,600.3628583410239,286.27277202455105,0.0,94.94668324397034,0.0,15.691665937008985,6.588724935080087,0.0,1.5972570113574707,0.9059260595566103,0.0,0.7154634614653275,1.066907512682909,0.0,2.8083996265378155
2.985294117647059,2.8826162413667356,4.416679421106271,0.0,5.109258486349413,10.673237521169142,0.0,14.088784364693108,35.41842748551426,0.0,67.17325542752813,0.0,337.3847256031729,133.70153832740357,0.0,96.92862339195761,611.7907044167664,0.0,427.3423887542541,3673.0100054266286,0.0,2022.4252964076893,0.0,281.0503585571026,2415.8141867732293,0.0,3798.5951291659153,10394.552263964171,0.0,9346.708864574292,2329.941804751092,0.0,277.3730001907199,92.7091967542843,0.0,18.709057572594837,0.0,6.050518697727657,16.34055705608774,0.0,14.175056756835495,2.8499687634146733,0.0,1.337562241972731,0.7453532386667872,0.0,0.9900119899854252
3.0,2.03920408683686,1.8146442570848944,0.0,0.9130407737618624,4.338911933437225,0.0,6.3871407774707425,8.399232105255539,0.0,22.744859980517838,0.0,200.44073805572495,422.11709992171143,0.0,1164.462223772363,1304.6134377395688,0.0,2112.0485055638947,4421.306578672476,0.0,8763.53957911332,0.0,6612.854725832978,661.1917342642608,0.0,3101.9499106800395,3318.3649900660694,0.0,698.955279283635,198.68489974242465,0.0,34.559505841377465,22.12727031408538,0.0,72.67521361258807,0.0,141.34236215583462,22.49367725541685,0.0,2.5291298845787216,0.9645107940765413,0.0,0.18728968252468514,0.6204524955385025,0.0,0.22404876812479618
3.014705882352941,2.0996226552684525,2.2652325694930013,0.0,7.761740966312276,1.7518281282792512,0.0,2.912768046672036,4.162205293763018,0.0,9.234637747258468,0.0,49.341786572259274,355.61459264986223,0.0,775.3464661781439,67.58267938618985,0.0,8.145931167875556,2648.761033998875,0.0,7367.06684135429,0.0,5037.859748578665,7311.504846208501,0.0,3146.6408930506223,6386.725200919162,0.0,3200.029366957967,4793.301836564951,0.0,456.2036558961283,0.9055329224710373,0.0,29.917534457541997,0.0,74.41766182802013,24.994268793602714,0.0,3.357865189387076,1.1177428447759183,0.0,0.48287651806240084,0.08935134799214599,0.0,0.10670605375380764
3.0294117647058822,3.602038403160738,12.940163941194854,0.0,7.351651446140314,3.666731153080159,0.0,6.8389137512315035,8.190238271176227,0.0,8.142580571714259,0.0,16.8998721944881,187.36043962648833,0.0,1214.6142325948754,978.923532564696,0.0,1809.3387552057113,3546.9234848112555,0.0,94.87024834798405,0.0,3958.3850067622916,9746.677801923153,0.0,7831.647945983492,7831.032020759003,0.0,2373.273143323436,2748.7224931912133,0.0,1508.499173467762,51.88606793949046,0.0,1.738817021489573,0.0,14.667743429348334,4.458115447282477,0.0,1.9214166338558687,1.088999492348991,0.0,0.6427297789446161,0.5618862276157874,0.0,1.2052918046055612
3.0441176470588234,1.8445760206956143,2.546138775843981,0.0,3.3650572858924366,10.240360788760855,0.0,14.579124230432104,4.36394970893099,0.0,19.2092509774981,0.0,70.94231098092558,340.10675075966446,0.0,635.3601630026965,143.22910159946704,0.0,735.6890152317865,154.26565920211056,0.0,1037.475717895208,0.0,3058.859282235271,3395.1361873221363,0.0,8782.23834948668,3505.1664192443777,0.0,2499.127096881497,435.06521622156026,0.0,1597.5079661301893,93.41174883811635,0.0,50.53385643848773,0.0,9.73667624732565,1.780446096330069,0.0,1.566054288927785,2.4044538916139304,0.0,1.6682996938510177,1.2912877357988621,0.0,0.7459975135863844
3.0588235294117645,9.311096149634785,8.886474093122974,0.0,8.01161448981394,8.202975627717457,0.0,16.124673035150796,16.639083895334032,0.0,36.03318183664847,0.0,19.78226648718729,73.93424980434476,0.0,752.0467484519468,766.5549264510731,0.0,1861.637105480635,884.8205882635859,0.0,376.47987745560863,0.0,4730.680083795121,8100.879271830446,0.0,7600.912166707207,13095.332714699434,0.0,18946.784787132492,14285.386190589563,0.0,3726.7387598902246,476.34617943130996,0.0,136.7674220505702,0.0,26.41214901978371,16.47707133716839,0.0,15.415995475732249,3.9028339795070477,0.0,3.4920542778936254,0.6334733381236571,0.0,1.123314654789599
3.0735294117647056,7.7872765507203425,4.135918715669004,0.0,3.8944852493111077,10.209172523384623,0.0,6.474630735859385,3.449291338278789,0.0,17.626895581180886,0.0,311.8645052666178,429.6680649327981,0.0,43.689223541054524,390.33358607689286,0.0,237.07302125518987,2448.7692406968263,0.0,737.9226445297602,0.0,2168.2656551758027,326.6298501085902,0.0,456.7644375441606,24.813895280632302,0.0,30.77587644373068,694.6867482531686,0.0,1362.1613022596748,85.46468205104135,0.0,4.2177276117306315,0.0,17.36328908387275,35.07007899761978,0.0,11.961401530800778,2.9402754126982407,0.0,0.9563516751865683,0.9079216078164551,0.0,0.798482623300107
3.0882352941176467,4.196781953998462,1.9946135974290786,0.0,0.3475050761107851,2.533951234522067,0.0,1.0912816197305284,2.5346331953681096,0.0,5.349220653052456,0.0,182.45312443287867,239.0991357928837,0.0,426.5500157932813,192.87660753647705,0.0,91.04114935363546,336.5329837918273,0.0,11.020004640589248,0.0,1323.323298859782,1164.7762767667546,0.0,802.3422565472467,2165.369560632535,0.0,313.3262750352726,2028.191087997268,0.0,1802.4515568730403,151.63144284879877,0.0,3.318297169357839,0.0,5.834464311071041,1.8292767873939022,0.0,0.2353845209830566,0.2720065367173611,0.0,0.17854703237816766,0.08631298430520368,0.0,0.06965770646710592
3.102941176470588,2.6173790064035605,3.0934492854646716,0.0,6.546503466128948,6.211448381251716,0.0,5.446111265270722,6.21397705432685,0.0,6.68173195822953,0.0,134.6710095200151,274.0803429326462,0.0,648.4996971387012,2206.994044820961,0.0,949.0871591052783,511.6980837892887,0.0,2468.540852378643,0.0,4892.452928624201,6286.145114416309,0.0,1382.5971611009668,886.5802643082175,0.0,10959.871561847352,9236.489861482374,0.0,1132.3870204558398,274.39695565729767,0.0,4.660411125132441,0.0,9.137271537152987,1.1342805231592235,0.0,0.41156317764069383,0.5650461920112715,0.0,1.4357476236976883,0.7556880400569701,0.0,0.1389246577248649
3.11764705882353,10.072934836962531,18.093812326690827,0.0,11.251554103455728,5.798995185569419,0.0,9.992877238040357,6.158966518864417,0.0,12.782972511521088,0.0,298.10731435017385,461.29062247835475,0.0,310.7680635444551,4126.939207818456,0.0,4061.6386972194073,1730.6315584650279,0.0,269.0826956128624,0.0,871.0102104690313,5998.238049243364,0.0,7875.277758878288,14597.989589162702,0.0,13848.183798035381,2546.2439722576564,0.0,1250.1558332918535,1271.7716722930031,0.0,21.606305429354585,0.0,8.104596365068716,4.656053458223289,0.0,5.912145093823267,5.930472031204726,0.0,0.8578672597393893,0.9449398706713633,0.0,0.2533958519025151
3.132352941176471,4.926107300488481,3.3039141030350803,0.0,2.869122371950549,3.679951643858418,0.0,7.597031302191008,26.3651544795331,0.0,50.012980877913705,0.0,367.65875877302193,821.5139623521668,0.0,265.65204487644496,75.0197327105978,0.0,3898.071871462492,9260.023107744822,0.0,1630.161488710999,0.0,925.7226917891018,2115.0851149656396,0.0,1522.792240285834,3057.8783063233914,0.0,6889.331484676632,8200.273872831724,0.0,6064.409835971947,1332.2004094636104,0.0,75.2795273689914,0.0,2.155741432581473,30.861940784907684,0.0,24.26125677716103,4.502011216461156,0.0,7.435005253073983,6.2536861608511956,0.0,1.435087608299409
3.147058823529412,4.799044952882056,14.80582134347392,0.0,22.77181875025061,8.163442718258496,0.0,13.444618959388198,11.850427827792583,0.0,39.22646244132467,0.0,330.59997510249184,760.3855289069306,0.0,432.6032463964194,467.01052095780585,0.0,1200.9165763731237,1244.3948225706456,0.0,3667.602490653182,0.0,1355.9469419017714,4754.006406719343,0.0,4872.896608729002,615.7113117035802,0.0,483.4703488910636,3221.8242917974635,0.0,3565.9095470909097,1119.2678944330794,0.0,129.69197180311735,0.0,17.891595376365053,8.778007668864428,0.0,7.086378516113905,1.8045962923452739,0.0,1.1239845565370055,0.37924242564696314,0.0,1.9906868044376722
3.1617647058823533,11.42755247646486,12.307883000472842,0.0,17.36159732760117,21.029030601634076,0.0,25.5552967500709,8.532500949695617,0.0,11.190794638605077,0.0,199.59849702735605,462.37087644499763,0.0,238.06849767795796,774.9340750848534,0.0,744.4676594371309,221.13411216774367,0.0,5248.975149557964,0.0,6066.375504653094,290.33373266438207,0.0,1503.5597758009385,165.68309788494213,0.0,5302.324874143711,6222.082556719264,0.0,2894.7685904482114,1419.6176610681937,0.0,508.87877840161923,0.0,117.24161939661928,25.343042047861022,0.0,3.1631337200120146,4.36565033999435,0.0,3.61292615657532,0.8031760738033258,0.0,1.169279615688248
3.1764705882352944,23.170013854658894,35.43072494289752,0.0,29.57954626987351,9.490304702838738,0.0,5.255759013392015,3.934052688227239,0.0,10.868644162860894,0.0,155.3014121041658,721.9652311189668,0.0,654.4599069391384,1024.771929108534,0.0,215.80135429317488,851.3705385392899,0.0,332.5391731790176,0.0,2158.8352441357674,4514.331524467509,0.0,4562.187989361363,5531.342305191119,0.0,1397.7122611599777,736.8326405717401,0.0,1446.9137383383472,834.498470219816,0.0,586.3985196466172,0.0,223.35582582964363,4.648506586367018,0.0,9.817200092277636,2.470489805854623,0.0,1.5051532073195648,0.5755611256844168,0.0,0.28977104357332106
3.1911764705882355,3.127327150556635,5.741558341201783,0.0,8.006246511639429,5.2979635958837745,0.0,3.037923797177938,1.9154229919859151,0.0,8.166132994659492,0.0,53.6897749997794,479.1218782711894,0.0,665.5194949272399,1111.1289063099991,0.0,2111.7478168819334,2046.3809934102592,0.0,1270.5102702475153,0.0,267.1140907402184,606.2891940028007,0.0,2025.0821961503752,4555.38703103033,0.0,5587.490522941487,2159.446078420275,0.0,513.9973342010461,340.00314420593156,0.0,88.93451157256132,0.0,193.70082827939126,90.4402973710641,0.0,2.6421474872936184,1.0789406187406798,0.0,0.14069449223925207,1.2749744842527186,0.0,0.6560693662293378
3.2058823529411766,2.7948848947828933,4.8164812250096,0.0,3.6366033694155098,1.4684106682550273,0.0,1.7114271562962435,1.1982903754058598,0.0,1.9582136395876724,0.0,8.437018897937996,199.90339628752258,0.0,963.0592653718949,1183.4649181889242,0.0,790.0722715045578,191.89511602020787,0.0,2769.1067044094907,0.0,1431.2056232475911,1705.8952327031257,0.0,3734.908909589115,1657.4338797510704,0.0,439.6308248367623,1191.6711764994293,0.0,530.4301374824378,8.728574046594773,0.0,156.58529358040573,0.0,83.93856915000956,27.927211963423055,0.0,10.261738686349698,1.0984115406809491,0.0,0.5740911906581662,0.42109405405675526,0.0,0.10432123131297624
3.2205882352941178,3.256775031261774,1.8997879178033608,0.0,2.123659152922683,1.741367931163421,0.0,4.995018168830929,10.2719044735626,0.0,62.10303499141533,0.0,253.49620144409178,556.0188969150938,0.0,712.9757248266949,28.81629317877219,0.0,1138.200064026376,319.7844777581965,0.0,998.6813405525766,0.0,3047.984283327853,4327.571372531411,0.0,1977.49128804935,83.82793945159634,0.0,25.684789564463323,59.642082436375986,0.0,78.85526617781306,118.84979164763114,0.0,20.610773278298538,0.0,41.55847247664663,6.937343951583845,0.0,6.395498823947777,4.807985387652861,0.0,0.4673617811620996,0.14841570047534167,0.0,0.2781742965598698
3.235294117647059,2.1956990339464,2.316079820154269,0.0,1.7785761237667104,1.355274772644293,0.0,2.3106302421476315,4.172647456679409,0.0,21.576220596518795,0.0,1.7699656664113212,93.58725734472806,0.0,576.9373974401572,1974.710101382982,0.0,2522.016674166077,1744.4641325164562,0.0,1064.8225946138314,0.0,3899.3404309049406,1574.9691240963589,0.0,3482.41683109137,4367.561153525573,0.0,648.9571289004432,412.8860391373147,0.0,205.6385807908623,8.360515725880433,0.0,41.462509649999944,0.0,92.78043906220387,6.4177010889849075,0.0,8.182842205911028,5.209998005164163,0.0,1.6945993768749208,0.8702338143387892,0.0,0.3741595591845008
3.25,4.043746097817907,4.603702403562175,0.0,18.98285896009016,35.38018036790893,0.0,16.881097407743614,0.7109873323336728,0.0,35.238917591086185,0.0,135.56795647071579,274.430187176326,0.0,201.90417610921722,2945.8745980289614,0.0,2439.1476977278753,5190.942677494427,0.0,4900.686243624619,0.0,4778.200125132815,7419.83662530441,0.0,10853.292726280259,787.0097164634471,0.0,9308.380415156895,5826.982320693229,0.0,154.66685435898066,45.92025183451323,0.0,60.92187907813235,0.0,115.43700894854263,5.730570242967263,0.0,2.2820925716586102,5.998420556968412,0.0,6.644752402174291,0.8535306054924414,0.0,0.9477071579571523
3.264705882352941,8.664555833041273,16.062852860027302,0.0,8.088668669574066,10.534639945386541,0.0,7.262235287610388,3.6509056360777645,0.0,81.52002671990138,0.0,439.95061206070494,547.0590055898542,0.0,302.4114514202811,99.21404042150633,0.0,2284.184572461175,1689.0969918822418,0.0,2022.296755951666,0.0,5043.871130713264,6655.6397046764705,0.0,2606.555782781067,3500.178152758618,0.0,10007.480215012996,3932.57297372589,0.0,4030.672463714456,1430.7550834373988,0.0,10.427992142879662,0.0,142.72603809394474,71.73026815687764,0.0,26.496509585589337,2.4928769023812514,0.0,1.0757944652728786,1.5837350349760762,0.0,1.1046452404512883
3.2794117647058822,8.676557654286922,5.6867095591527015,0.0,8.172037187870925,25.179982011317705,0.0,4.101055269341615,11.135761552532898,0.0,143.20859727555853,0.0,353.9134734625668,729.0605877470546,0.0,1473.2601865913487,4172.565617827846,0.0,1074.9707865211722,891.0923613699445,0.0,1258.2247383706622,0.0,521.0678618366829,556.0580229229419,0.0,2155.2321243277197,5133.5456588032575,0.0,6352.958381696279,3652.4845998367346,0.0,1737.1819251689403,1824.469492830739,0.0,1127.414576184598,0.0,87.5211717792812,4.362498069178771,0.0,2.9327043287708046,0.6838104689690041,0.0,1.208369620030745,1.2254603853011532,0.0,2.052844323041107
3.294117647058824,3.534320157288188,0.26647514746972245,0.0,4.541575696122399,7.73163939315903,0.0,1.2957657191699408,11.694050557865964,0.0,69.03450658346927,0.0,270.59714697507667,632.5846649763737,0.0,1548.6239320358573,1937.6058060762707,0.0,2836.479096094892,1501.3013396326871,0.0,269.42190043743034,0.0,130.80771055515552,236.94998043480695,0.0,468.1263129323366,3207.7410681265674,0.0,2083.510225332759,310.00561538908056,0.0,100.88890397658494,268.2704763034331,0.0,533.2329908943296,0.0,211.45633605591075,82.53204860662414,0.0,11.508663339151681,3.899263863635718,0.0,1.2375632280406157,0.40370652194623635,0.0,0.54946163783628
3.308823529411765,5.742977821361956,3.8030899218625747,0.0,2.382197550336582,6.923458599920112,0.0,3.3672839182314367,6.491400169761684,0.0,98.38457763315677,0.0,229.1117174012546,399.72055286608975,0.0,322.84891114759944,268.4769058810694,0.0,176.36170101656066,879.1512040180746,0.0,1400.8736955522431,0.0,612.5640292377152,384.06557592473996,0.0,250.70233176570184,195.9655393191672,0.0,1805.880811342189,1154.4045181750719,0.0,233.91868186578193,66.62725071024877,0.0,136.82339237920323,0.0,163.65111365407373,93.6600801766753,0.0,10.35582308893589,0.30007206872371195,0.0,1.475875941821795,2.69783466654901,0.0,0.3323805212972395
3.323529411764706,4.2341583252200286,3.4571161482558117,0.0,2.9550203336906113,2.3698222660656194,0.0,3.684739434996675,12.081732925377118,0.0,128.91892987116645,0.0,85.91534581392524,386.8903680963664,0.0,1138.8325079883273,196.95898374713215,0.0,1101.8300164409259,4600.268831551055,0.0,5498.54836257709,0.0,710.0936955321304,26.693859184338837,0.0,1030.93003140425,2109.1085759644097,0.0,2151.333475550312,233.63792657044095,0.0,75.59895527670943,26.65882295858073,0.0,57.451393847691946,0.0,85.14014050286193,38.7932821454248,0.0,9.690446258296962,1.841189544622449,0.0,0.4000161592315684,0.9041374150838964,0.0,0.8115612610291347
3.338235294117647,1.004758353143301,0.40261525390623965,0.0,1.6593009574055875,4.412103828759916,0.0,3.1169071218305704,29.885129440530598,0.0,47.55176897718957,0.0,53.10337258695872,178.32580509964083,0.0,605.090521086034,187.84871727658123,0.0,246.6100418416475,1396.605725809477,0.0,915.3293390110417,0.0,6629.790554736123,6310.425061619388,0.0,2722.5303802767776,3395.49069247415,0.0,2758.1001555577823,1368.8590190827135,0.0,73.4045579226811,109.65940852789006,0.0,150.9653409835002,0.0,167.80407557070754,68.76775442708609,0.0,6.678327093648111,2.1135299758132127,0.0,2.1172756389655496,1.2913603154339333,0.0,0.44072270752247844
3.3529411764705883,9.247717065092909,5.229645018019317,0.0,2.6461827222375858,1.3575667665764228,0.0,6.595695209290428,5.020838013745748,0.0,18.267698741517343,0.0,18.75649610928756,301.90724189363027,0.0,546.1931205983461,114.17849844916236,0.0,1595.396112076399,595.1269094257439,0.0,177.81824996399325,0.0,12.78534772251723,2071.707672912081,0.0,7971.179017838069,7628.6813106550735,0.0,4652.694900904324,1854.9779948274659,0.0,457.3234681621449,19.42223531091571,0.0,31.385407971725556,0.0,70.32711745216993,43.38729681432397,0.0,10.326324613405736,2.548195008505816,0.0,0.141072384621461,0.07284088996405527,0.0,0.7560102378004221
3.3676470588235294,7.807152338264377,6.490556228189778,0.0,1.3443353119619834,8.289260113100156,0.0,9.605613764940465,13.482800065696118,0.0,29.908876050211347,0.0,16.197405591165154,620.2056754110496,0.0,9299.328306926385,13036.51567692145,0.0,5663.29072065485,4550.549747071565,0.0,124.57042508541704,0.0,1410.3891737540873,1330.4482122173736,0.0,662.790126912274,7550.010541987542,0.0,11343.556887059192,1053.2671339715296,0.0,1163.9943098224694,624.8319580797164,0.0,37.036027024270666,0.0,87.59924282078913,36.86369547918846,0.0,4.382906622795829,2.416901511548209,0.0,0.3907276103940289,0.5715194310275471,0.0,1.670480300773504
3.3823529411764706,1.1416939687760812,1.3228171343965116,0.0,12.47717160301055,13.008492446753557,0.0,2.7486117445957454,13.877002000020461,0.0,28.802007630248347,0.0,240.93311315898183,730.9287171464482,0.0,2253.865281753643,9275.9125025046,0.0,3415.3787511415485,6031.044255079525,0.0,6667.227127793403,0.0,4680.6417024825405,3039.399631797548,0.0,2364.218924161937,143.3015662305814,0.0,2039.674851212748,137.55564205774817,0.0,737.6037122358418,348.2599553361157,0.0,150.5099764661636,0.0,2.09697265216996,1.1428584497806686,0.0,15.942979314592304,8.30957880100513,0.0,3.452157532662288,2.0106156774058634,0.0,0.8876041479403474
3.3970588235294117,11.303872807394367,13.326905754094824,0.0,18.13270155764074,12.352126352335386,0.0,8.610036261507922,11.720443970621057,0.0,60.83817971461738,0.0,312.65719280244946,427.7884972443545,0.0,182.0848981296587,754.4986294131186,0.0,3102.4950886020597,4495.933728239384,0.0,11051.035706765575,0.0,9603.1411745876,2427.016384664558,0.0,5177.930633672557,12077.70483074932,0.0,13008.958351950347,6064.90940390469,0.0,2208.741890874825,244.3577584922063,0.0,10.834028148557493,0.0,12.617275750780905,42.56753946101068,0.0,8.97331711984127,1.3909365773475422,0.0,1.6168125257680979,0.8236656295294164,0.0,1.1886744609196949
3.411764705882353,14.67431014926443,10.591157687411235,0.0,3.296021629786202,3.890846541870066,0.0,12.447709134026478,20.097347718194904,0.0,15.089195667404192,0.0,10.475914819160684,15.179712973308948,0.0,94.0850349885746,352.7536682166821,0.0,345.98155564839277,1646.9233050724224,0.0,4806.04103143469,0.0,6004.529702263417,9705.235539391611,0.0,1383.9330080530633,5507.345657589416,0.0,5100.798190301379,5066.63822243968,0.0,1781.655280937718,585.2819725457771,0.0,75.53350229711192,0.0,79.1884865940815,65.82621096401084,0.0,23.913455482122323,9.96350691045296,0.0,3.5110808516664083,0.6386492193133988,0.0,1.1172035483352447
3.426470588235294,3.872909897970779,3.109066819040331,0.0,8.691832897844758,1.3672733955233738,0.0,3.5632358177376875,7.2349998012041965,0.0,13.683457655472708,0.0,36.21565223252384,171.7994824667697,0.0,385.14804304723305,332.58431429146697,0.0,548.413126919217,13.026333029511374,0.0,305.42217018255485,0.0,558.6093665068081,171.57306210083013,0.0,3025.8855316675335,9464.947409425582,0.0,5406.683560610092,3093.3934396495297,0.0,1283.602523128106,292.2561499600133,0.0,19.593837255085372,0.0,21.273902257351573,17.994736815049148,0.0,2.8371150028398544,2.7545949831877117,0.0,2.7503511737814286,0.9288884548497554,0.0,0.4308764787798503
3.441176470588235,5.583525920246758,2.6649558788046495,0.0,2.0010243523856293,6.56058520260125,0.0,5.471567750606813,2.1815482485096944,0.0,9.901155057312927,0.0,26.16535403480117,191.2169922412181,0.0,82.99441265063611,45.540481868171646,0.0,545.3949094060731,1807.6972499580888,0.0,1446.6988258821045,0.0,576.4324930248565,1597.4595620780524,0.0,2907.104399684388,874.0397437337078,0.0,2412.6168297071163,1480.6363111123474,0.0,127.33616407845064,14.589232820565257,0.0,35.42880686607892,0.0,89.40877919417483,19.07491469830699,0.0,5.572486121572801,3.3510176230837025,0.0,0.5463463248945317,0.8628310097479202,0.0,0.08343709569740765
3.455882352941176,7.7479597560304985,5.451868302198983,0.0,2.481037569910819,2.305005165052041,0.0,4.694608560348236,1.1628291988970214,0.0,11.815266197102662,0.0,11.311603983428316,42.31074506677107,0.0,14.201101417121262,227.56382130812898,0.0,205.1540528790583,207.43369963976266,0.0,1151.9821461191743,0.0,1604.6829639612597,630.4597081820355,0.0,69.46144532284534,732.0432074195694,0.0,418.73510352773155,355.5195089817013,0.0,292.18084222928167,37.095302178148685,0.0,20.820435692073602,0.0,17.596818236885944,71.5695082363722,0.0,18.78641880796625,0.6006148640458044,0.0,0.46557162991918366,0.5104807026297927,0.0,0.5831641805180836
3.4705882352941173,4.844527685912652,2.806240273354582,0.0,3.2137185509990736,6.611693462871118,0.0,5.567899276125458,7.121076365115569,0.0,7.530186338979549,0.0,70.11727776955908,181.97897341967732,0.0,253.53030106291178,957.1518263032985,0.0,258.4268529187472,626.7730644762798,0.0,1346.8455213311618,0.0,508.30534565827617,463.5686700115176,0.0,854.0051393212518,706.9364725739434,0.0,1278.1636506008745,1156.415523129545,0.0,120.2741747704186,22.39458578105856,0.0,117.93025241046152,0.0,77.82139508215937,10.585560096169857,0.0,12.790891262913796,3.5869484558517537,0.0,1.8129280937577759,0.16248796149201672,0.0,0.15355800289535043
3.485294117647059,6.395896176385542,5.491319801140628,0.0,0.7519493412899465,0.7620679476584235,0.0,4.10424007292931,14.624157005320212,0.0,14.065388936467121,0.0,178.101698997207,1007.4625044990764,0.0,400.63077002193114,87.04861095536502,0.0,764.2139402989236,1002.1507020025491,0.0,2541.9859271571327,0.0,2538.7454781418037,6467.769891775997,0.0,11220.102062064354,5223.694304444989,0.0,2433.1319203273174,1265.2513617814134,0.0,278.5213431011371,43.22288459437489,0.0,20.3229605059189,0.0,27.643066498189143,18.338646393633134,0.0,5.417265208854826,3.688878146105661,0.0,0.30923241007047564,1.9202457972990268,0.0,1.1968164666457586
3.5,2.736154355777518,2.149207418088187,0.0,0.9793647050502884,1.5169673486387556,0.0,1.113279241749848,14.281670444105785,0.0,68.99286649761882,0.0,21.615697934576325,585.8533915890791,0.0,375.35089537236695,845.6075250427643,0.0,1228.4536429590012,367.7494136884543,0.0,329.390151278689,0.0,3690.3103255274027,4221.952350001428,0.0,260.64597251368644,1204.523473339534,0.0,9765.204915246517,10612.792855705073,0.0,1437.1530362461963,10.44831566022993,0.0,33.72742259989534,0.0,37.503552386698146,11.52307574304142,0.0,7.137400381973988,1.9400207229988295,0.0,0.48389740724360175,2.305529220808669,0.0,1.8043318010570781
3.514705882352941,3.1568557031133695,0.8008747382923034,0.0,1.4297293202274854,3.4688170805499334,0.0,3.8267883027209857,14.174180710301018,0.0,29.916476898560717,0.0,81.55690348318299,814.8344416041923,0.0,713.5927549870867,92.44366709922741,0.0,206.42756068719706,171.47208741718555,0.0,350.48258553989183,0.0,101.66897595690651,122.32259170156429,0.0,235.00356765509298,283.1049295526647,0.0,935.0280762724436,1167.6881606385755,0.0,333.03042137694206,76.56252789608219,0.0,10.149385120872235,0.0,5.639892055858396,11.196878124634228,0.0,5.041840205842053,1.899791601037798,0.0,2.430380611762118,1.9555050191889478,0.0,0.40365022434906755
3.5294117647058822,2.980342539367766,1.5625141042490693,0.0,3.548794360797632,2.386974390998815,0.0,2.9084005103800568,3.3655928073121553,0.0,13.520007728893992,0.0,149.85939502570685,831.3091115594336,0.0,1337.324823786164,759.7468993531895,0.0,2347.9204719505497,2190.2178689505167,0.0,671.9990458336448,0.0,2168.5683012023496,5384.581960282836,0.0,4572.8785846300725,2431.5441813418083,0.0,1697.765283065672,693.6228213504039,0.0,84.04341925037059,9.58420878155183,0.0,1.495445489054489,0.0,10.498693235736827,9.049178736422554,0.0,2.632687579135014,1.8819806524031752,0.0,0.7342653326678401,0.2726332995231002,0.0,0.3788536834378412
3.5441176470588234,3.018976726442355,3.3152213427343153,0.0,1.255478014729381,6.119526887616464,0.0,2.31489672590488,1.231640224371238,0.0,0.9215160993825579,0.0,16.286320731175586,259.5923348907937,0.0,815.0667037808076,1829.2948948269334,0.0,481.8169356628289,7018.382485377743,0.0,8379.36224816221,0.0,244.1407071234201,4628.407832873854,0.0,7292.721274760371,10318.369980243118,0.0,7034.05653558712,2579.0117585316666,0.0,469.30028423378735,67.81646808914509,0.0,10.391401905673263,0.0,3.48510592831936,7.0695316496281935,0.0,7.2130575311084435,2.5789046098264325,0.0,0.48732644800899044,0.7291666832847912,0.0,0.13248419370277958
3.5588235294117645,6.718553935179859,5.382997086723617,0.0,3.7295610607497416,2.3998040058484214,0.0,13.23172220119403,24.378591855911647,0.0,38.2812173804735,0.0,139.09260821478486,1706.214577899037,0.0,1649.2550202212497,1209.3574122507457,0.0,1272.9850981081613,558.786691928288,0.0,19.665860263617475,0.0,1117.920720027842,293.78000862284523,0.0,1881.7173313347866,2949.5836698999183,0.0,7701.284165592815,2849.1773254903155,0.0,98.36637642912166,28.05333311299728,0.0,17.760984166330815,0.0,1.839343519368576,4.011055969124227,0.0,3.2209623705617076,0.9904309698728669,0.0,2.9389147923807677,0.5041913521021708,0.0,0.49026282835611823
3.5735294117647056,22.070655342393415,10.798988623701653,0.0,12.353538095987888,14.942827541833854,0.0,5.0474657092883755,10.46855156380812,0.0,14.404093806545514,0.0,88.25552601245508,1305.0246711952782,0.0,4714.269300564754,3029.8154161573884,0.0,957.0215546911197,93.27534600478901,0.0,1055.9371565382526,0.0,2544.493351031193,496.5759500386992,0.0,5442.557104178333,10893.293789795594,0.0,7572.304721439588,1213.4084050019846,0.0,194.31902025916065,78.32669349183988,0.0,17.64483384344846,0.0,6.513661044579715,6.891622129111871,0.0,18.719662254429736,3.933182212448601,0.0,1.9564948985213981,2.284471211390159,0.0,1.674065211336031
3.5882352941176467,1.8164309693310645,6.835542763528002,0.0,5.073761101611597,6.91866600989168,0.0,19.03661713917949,24.949784235287048,0.0,45.908656350633336,0.0,176.62797861742672,306.8657735794628,0.0,327.6913736391697,1858.3878819064817,0.0,3051.284423250223,1873.432979830297,0.0,1288.4146825839252,0.0,46.5385135201087,269.8510254235465,0.0,1356.5323146675469,876.430080591698,0.0,553.27889796054,1772.1868518322701,0.0,474.11059711800965,1.7903008499119824,0.0,19.563420649641703,0.0,69.22762101877967,28.372985440255814,0.0,8.345457734566097,5.764457828781565,0.0,2.2755864777572423,0.7921671494851157,0.0,0.09851547508334837
3.602941176470588,3.093704452355208,8.47651185111046,0.0,13.241688454243373,17.90197745871101,0.0,8.057842242152617,7.586689586110701,0.0,45.104958716642216,0.0,86.15973607696372,133.42065420851787,0.0,277.86592928618285,3878.2793754937675,0.0,7781.254770494448,185.54368668186805,0.0,2330.2292546993367,0.0,2242.617012452637,2308.4973214753654,0.0,3215.6362452548674,5592.2704879294315,0.0,671.5940516514793,6534.147724965884,0.0,1736.6819475238303,40.59782558258722,0.0,9.840641012184882,0.0,31.432434890901913,27.014375785213467,0.0,2.9118428094409157,1.2054313337975782,0.0,1.9101109512028893,2.571527650606349,0.0,0.37742314792827547
3.617647058823529,6.002634024597448,6.0508781676035435,0.0,5.5359058444379325,6.303042490024758,0.0,14.35993351731566,11.461482369390245,0.0,126.09926127159714,0.0,175.54415097694783,244.54301521862936,0.0,754.8009206371262,424.78045966155685,0.0,3005.5380550328996,1462.2512544368994,0.0,3081.187271082879,0.0,2912.003827597393,4739.314358196644,0.0,4263.271165181197,4333.805957747488,0.0,6400.002282960226,1305.4790240563993,0.0,508.92334001013546,213.29118021726026,0.0,36.16523139815807,0.0,11.946986902125817,41.709558953992534,0.0,25.69375978529448,4.427025963225774,0.0,0.2436430056112735,0.19717951004561335,0.0,0.7483784014439077
3.63235294117647,5.980163824319857,1.4862761271835303,0.0,2.182691184713437,2.249742755144357,0.0,9.046916105564918,13.385172182244021,0.0,89.6715490777628,0.0,289.7181986262787,229.5253860131943,0.0,57.874193722009316,1206.2719481202848,0.0,924.2378912375478,568.8281602665277,0.0,181.0123358057332,0.0,7166.562430964739,3359.6326707785056,0.0,1630.7984683379782,1744.2672896300937,0.0,3419.262912343383,2610.6320856088246,0.0,330.7136193941622,200.33623283774443,0.0,103.88728583633406,0.0,43.34562848776035,54.752614600346945,0.0,33.52752361729227,3.814545311773709,0.0,8.995076062740605,1.6183445976954767,0.0,0.6323688317602211
3.6470588235294112,12.16117608892753,8.071480051642313,0.0,22.479523179259438,35.984638453723605,0.0,77.3821707525415,167.69190117882778,0.0,92.8800712877642,0.0,76.79468811059867,11.321473476565226,0.0,193.67957412651748,274.9582023348071,0.0,1204.673898620541,4188.164482748462,0.0,3835.75986459082,0.0,3559.128526117865,3210.7676471132495,0.0,3566.7523179087384,1087.7203961358105,0.0,2879.709374211978,2396.7038937670814,0.0,2276.4003242224735,5.530883405965456,0.0,10.515358769852327,0.0,67.95652080319155,69.38949244285615,0.0,39.93328867775344,11.305155302484621,0.0,3.7553078451356177,2.957081225859853,0.0,7.094972116147513
3.6617647058823524,33.9908960448101,44.45646826214754,0.0,15.169523265648994,8.00768882679983,0.0,24.441440066752673,2.748958428014109,0.0,27.112150610344948,0.0,98.36386057291963,637.3295842380569,0.0,759.4183789497079,253.2590820278083,0.0,188.2401093330232,169.81183206817624,0.0,158.19706286764094,0.0,957.5681458818863,4153.70434810022,0.0,12415.542439887755,14767.358541470625,0.0,1871.8664989842391,1759.9184885087689,0.0,2098.0631460648965,310.90985619645505,0.0,259.14830271943043,0.0,311.4411219703023,74.49187716201055,0.0,9.850310273441998,13.54404225267777,0.0,6.591645218305969,2.8959656348205325,0.0,0.9468767349518433
3.6764705882352944,2.983146968013821,9.363518229654911,0.0,3.1292079884183375,1.4735906339070777,0.0,3.409841571717762,8.968118591281021,0.0,21.569111985674574,0.0,22.899021147036756,56.94074882824834,0.0,972.9593970124872,1069.7574690521442,0.0,758.9874266896891,108.6767687801306,0.0,68.18109109855718,0.0,242.32807314249493,159.99669202489395,0.0,524.9602229570228,1452.4058906538012,0.0,349.4541486742754,1367.194679769107,0.0,149.94327647064662,319.61680755390506,0.0,115.33767891697092,0.0,36.7793820169014,11.127941856587366,0.0,6.4584395549535545,0.43903806608742085,0.0,0.32674176114007775,1.0248883018821866,0.0,0.8649044077383403
3.6911764705882355,5.165449616342494,1.540772894268779,0.0,5.780389991792346,5.342203159668454,0.0,3.7265484103788773,4.313087651637151,0.0,6.0535638429406955,0.0,26.254760900303697,284.7125940440759,0.0,1070.0148767101514,1491.6950070894004,0.0,1605.2128360144766,1616.2932725499395,0.0,397.5281516389157,0.0,99.56289949934342,1527.2644238830594,0.0,394.2158008837974,2198.4517837112858,0.0,1100.2964270238626,516.5141700474747,0.0,119.68484603121107,15.53181255586577,0.0,4.528853341068135,0.0,29.166273745913266,26.96064698135539,0.0,7.314887484446138,0.4251733593141658,0.0,0.0636026741905687,0.5545769717111888,0.0,0.23622216870418267
3.7058823529411766,10.090557903127753,3.5090675281486754,0.0,0.3993966768188427,1.1214840001656552,0.0,3.43902081399984,15.914403532796623,0.0,36.16387045430143,0.0,24.381092967308085,196.98264079069196,0.0,348.2203827571763,336.68906203421545,0.0,662.7235184866598,996.4373412793323,0.0,273.61287212176904,0.0,39.01546348198486,124.80515767643607,0.0,960.541786822442,2724.9543915965723,0.0,3879.77811764026,1313.5393924599466,0.0,44.73349526657907,3.013769393381051,0.0,3.4431956497974046,0.0,10.203400886058294,3.2243291500361546,0.0,1.2862595717431795,0.898157684598741,0.0,0.4536830639478088,0.189626642442216,0.0,0.14751635707936347
3.7205882352941178,7.835790938515176,5.432584724138099,0.0,2.0790951817323373,1.402433246506897,0.0,1.1385097691942152,9.648100947007215,0.0,88.11222859185628,0.0,5.021147530344148,220.53597136787275,0.0,495.60277819788996,227.47531058627163,0.0,576.0730141874301,2884.0319933681485,0.0,921.1797101952113,0.0,866.0264762333279,510.20067759992037,0.0,222.51225329170245,110.91639378967022,0.0,897.011124932031,359.5363021134468,0.0,47.69695821901905,31.469927182930803,0.0,13.956320888434426,0.0,22.44948359179244,19.2174971395185,0.0,3.7477827944841584,1.4345675133249847,0.0,0.6578391665942378,1.0687999881890644,0.0,1.180262317029513
3.735294117647059,1.9570296666748175,0.6097450515609179,0.0,1.0032123003342766,5.273759967925665,0.0,14.153880676845763,18.86366360077075,0.0,11.397174422026218,0.0,90.45429370083838,276.39138157666963,0.0,1158.3257758982422,1596.3460933114316,0.0,900.0171977253108,2445.693727367134,0.0,1599.7553679246753,0.0,653.0318494222838,1718.9546883722483,0.0,1142.6813811737086,307.80525224638427,0.0,152.62537394700433,210.10458364627226,0.0,52.72208154163751,7.208842710899235,0.0,3.251080420963004,0.0,5.754001153133222,2.2049799254320046,0.0,2.5072713311006747,0.41320242376276783,0.0,0.10519761461286217,0.9903611936723319,0.0,0.7316300146578308
3.75,6.475064988706635,9.821111204740523,0.0,8.609249613978125,18.382741263497486,0.0,13.119457839362852,2.0534507955596784,0.0,16.196984759943817,0.0,94.02813953058458,404.1278894691875,0.0,1791.202965529169,9162.58389007048,0.0,13379.858912278629,11497.615726162447,0.0,13636.550786616754,0.0,3375.858389409861,1397.0750154507891,0.0,3247.318162179514,1514.320772282263,0.0,2185.881595854812,959.3542572912639,0.0,83.2804840276273,8.863810321312696,0.0,31.11336076927269,0.0,50.1692894239837,29.2981830392753,0.0,3.5505658559695803,1.883040355915545,0.0,3.999959889610097,3.170499898719707,0.0,1.3353078246613244
3.764705882352941,1.8174034991358616,6.018523352363362,0.0,19.58972513640603,21.539705001983755,0.0,3.5165230783619825,5.244511193490386,0.0,24.588121151825582,0.0,25.275493743732085,48.93656015960569,0.0,337.53453833497196,1071.248871069103,0.0,202.59098057335476,547.6271370532414,0.0,587.2904795757304,0.0,1306.957775027702,7399.931573242327,0.0,12250.725755768577,12427.803261262588,0.0,4399.710032275646,323.68127405061995,0.0,34.27345135617937,27.817600421065794,0.0,10.118741428583135,0.0,17.131306406898712,19.58102201341443,0.0,3.876768742728504,3.664097477979924,0.0,8.696765697094271,7.877776621696687,0.0,0.3416872426080254
3.7794117647058822,10.233439753739392,2.5879040125354678,0.0,2.65161689884251,12.239019721052728,0.0,8.800816851533465,2.095201032151148,0.0,52.159424850003695,0.0,23.55196875732026,335.86678753954004,0.0,1130.9610960150565,1512.9046767635743,0.0,1196.5820357815876,718.4294555554008,0.0,373.02252033416744,0.0,92.80277701798602,109.41455166232501,0.0,267.10016910108465,583.7365348548201,0.0,4002.717937561042,1039.3376516220846,0.0,320.70254378179857,63.788937668587664,0.0,7.643314878363707,0.0,17.29631348842733,15.363269329130672,0.0,11.657704403878434,6.412126481533553,0.0,0.9383374788633034,2.2163930564814276,0.0,0.9177491556121404
3.7941176470588234,5.086607940905798,4.139230631044262,0.0,5.49202830936066,8.37913993633414,0.0,6.104920229615354,15.978756549144183,0.0,96.24619731854929,0.0,79.6885400753512,231.57280304024394,0.0,508.7602339024699,93.50790046215813,0.0,451.06806197272454,354.8569178637906,0.0,2342.75029734299,0.0,1219.553225545642,521.6231244495784,0.0,1784.3411803305853,1269.3109602894706,0.0,153.369533964703,1364.290077356103,0.0,261.2471413138195,17.677562353065316,0.0,6.374853839166701,0.0,53.626798171405554,39.38217472036109,0.0,11.429223394642865,6.691125320962678,0.0,1.1252634465587874,1.433686132970346,0.0,1.2066836793377647
3.8088235294117645,3.8985207135578355,6.0465530387272715,0.0,11.067732442701754,11.9264444657741,0.0,9.00801811808445,10.415526406974,0.0,159.56806377925435,0.0,293.7501058534823,222.53159620222277,0.0,238.24673419207704,229.93578711957673,0.0,1139.313674287413,922.9723949709626,0.0,3101.72202459399,0.0,1449.7854042461802,2261.9022686174144,0.0,2588.516910073465,3494.059161249924,0.0,3175.81767090671,228.93945028376362,0.0,29.093597841455537,16.471495694138255,0.0,19.962745754315254,0.0,16.606455692036963,18.979687019879727,0.0,4.871232771685652,1.3284459335990195,0.0,0.6743229037441139,0.19391688113133826,0.0,0.20467701984852518
3.8235294117647056,2.10414887939321,2.2978696753077643,0.0,6.301382340670984,10.99958987609546,0.0,1.4727634883119158,4.251355853766573,0.0,77.29542328204319,0.0,30.07781002774867,27.73558267300522,0.0,16.92361689195685,335.0024732556426,0.0,630.9918361195137,262.76018920467186,0.0,3733.7100680785693,0.0,981.2445829877433,2799.700139314844,0.0,1779.5070374639608,2754.1759240766355,0.0,4738.827977200255,135.73896241218415,0.0,194.22116072790232,12.263720124642541,0.0,23.66679332546017,0.0,5.157141704461852,28.55529836157657,0.0,4.965304899996628,1.743504440775207,0.0,0.8845312273989815,0.9229678712214112,0.0,1.2400000733197742
3.8382352941176467,16.69161445168623,11.225605230223803,0.0,19.2489573121376,12.933629456402649,0.0,4.77490337408796,11.678428512595158,0.0,39.440058365833316,0.0,6.816332214257423,159.24033546357276,0.0,273.52957133146117,1979.971120554268,0.0,3004.325385284842,2871.7638593935835,0.0,3176.3142521486943,0.0,4495.795624001465,6976.377827226752,0.0,10919.375485618613,18531.54321701527,0.0,4481.931216048345,1735.095386992863,0.0,409.7369130923821,222.43825382799588,0.0,118.93637376019564,0.0,183.8158834728476,151.748402655798,0.0,8.648141978068374,2.760042631121533,0.0,4.407840418309211,2.6651386992018393,0.0,0.17163121255393088
3.852941176470588,5.69272576861383,10.080563383213217,0.0,18.741113801846694,9.159317130024911,0.0,9.875918384958936,9.71466533901238,0.0,21.459826029956403,0.0,61.79731080314602,14.15481637488355,0.0,104.72466008238501,575.4664527438676,0.0,1166.8368154372265,2013.1451912935704,0.0,682.5632511706626,0.0,275.6662692639776,130.5984650575082,0.0,568.8724669392454,698.3156532596367,0.0,2389.605004102295,5440.588960430143,0.0,2176.8083147577954,239.01076908730988,0.0,412.74378454913415,0.0,290.18278226355403,28.71875138721394,0.0,11.169636873634266,16.69934163282794,0.0,6.4194658607021085,0.432793089835138,0.0,0.44322195620301696
3.86764705882353,6.50140192188402,1.5596249883138387,0.0,1.2419821191106775,2.746324882565622,0.0,0.420109819320276,1.8954736955279967,0.0,7.378241577249598,0.0,61.96898393002712,105.9419318640617,0.0,206.9754309745091,966.712535861454,0.0,3351.7082151779828,3243.0023535095265,0.0,920.5681590345353,0.0,1531.8863698644877,1239.3709461071167,0.0,93.0365108698754,20.67846292364778,0.0,477.6752613309674,523.7724823545104,0.0,232.32337932871087,29.98984327460493,0.0,22.75116062471215,0.0,28.7953527473256,20.406587555988665,0.0,8.98986548427029,1.084162643052046,0.0,4.1592654974078105,1.695297330875935,0.0,0.5065650363378642
3.882352941176471,3.5858672082160954,8.293409194503791,0.0,6.894977530290222,0.6522818437648245,0.0,3.7332319564961844,4.040924047818321,0.0,9.05275451342603,0.0,14.858069523071878,64.6614264961126,0.0,71.09301555026263,35.22834387915162,0.0,30.008075271367183,999.7252672175443,0.0,4014.9990150359276,0.0,4284.648380023458,3161.6208210785626,0.0,66.68823491314514,2186.265117609098,0.0,2766.44081959703,1181.201705808217,0.0,67.35101928430213,7.7860962590981915,0.0,7.18428171510453,0.0,8.262822571868469,11.539815931551459,0.0,2.6342895318214063,0.46675845846942504,0.0,0.48719727186452855,1.0943397930146617,0.0,1.1227037768050594
3.897058823529412,0.5372739885644121,2.5663270816821804,0.0,1.504696858707114,1.255587142692456,0.0,5.910981710362876,14.44080541823514,0.0,24.596435641954105,0.0,6.386903877934815,73.68468393836092,0.0,21.661058610914942,167.046222949293,0.0,491.5448593527127,424.84545253643915,0.0,72.12921029103912,0.0,1597.739543819384,1653.229729314567,0.0,2497.957497313514,1855.0747302008658,0.0,1239.591918631581,165.69030000635018,0.0,118.9635918532478,12.967986886322889,0.0,4.595571616271387,0.0,18.005376638641533,12.141192181282797,0.0,1.7534529053756591,0.7369650645390695,0.0,1.7237399971852767,1.2509250006288095,0.0,0.46868066896319466
3.9117647058823533,1.4420047849604942,1.421002364823065,0.0,5.013957787146869,3.2734966972889636,0.0,2.5927830400155365,2.060758789818913,0.0,0.9447552539420815,0.0,21.90501567659104,166.0511153107744,0.0,58.772375881548356,416.8697310335455,0.0,80.48117265324444,863.1962096681273,0.0,1281.0498749599637,0.0,1233.0049251146047,3758.617492608396,0.0,2029.819118896066,1998.4856033091946,0.0,4502.469395905329,1814.9302708658954,0.0,95.48495511633621,83.8278392420979,0.0,28.12147745808305,0.0,11.312836042062326,12.366281534264818,0.0,6.180846882492963,0.35503972935162853,0.0,1.0962995627636487,0.38049798785481226,0.0,0.41259109904166
3.9264705882352944,2.162265067952237,3.6224684729789733,0.0,3.514967105334126,4.087435259173644,0.0,2.0213473384976215,2.702185700810403,0.0,1.1370112560241483,0.0,27.486263535589494,217.74832614470625,0.0,829.1679519127845,126.08463692025984,0.0,669.8542707200538,651.072157610228,0.0,2198.7343837517474,0.0,106.31803658811705,632.6084672084714,0.0,1102.9700538350457,1734.3660983979757,0.0,1261.9533467467716,886.6532253306355,0.0,808.7367034292845,125.01238640867966,0.0,60.67811238419814,0.0,41.346458327704354,16.613431197931963,0.0,1.4474811237176612,2.574309462285922,0.0,3.220947394795928,1.6615031785221448,0.0,0.2671185437427026
3.9411764705882355,4.384750450384145,5.48220226877206,0.0,2.78729314413491,8.716131087087357,0.0,13.446611409282443,4.708058434341098,0.0,11.39347234919012,0.0,55.07032791720237,82.8946829740207,0.0,1253.2043485432662,2075.10697866983,0.0,966.6147477886207,759.3600034552596,0.0,985.4544866977911,0.0,1153.8662681598657,1890.9076113513293,0.0,1097.181057390493,100.08694461086594,0.0,387.88859129617686,457.33658741975626,0.0,154.20297678812895,219.93509217819346,0.0,112.01759792831646,0.0,16.163830804086647,0.6071289317458405,0.0,0.4748901467592564,1.4018207162702168,0.0,0.5779862123908976,1.0060071107599402,0.0,0.6296636007580806
3.9558823529411766,6.625491851165049,6.129421381283202,0.0,10.929676702487455,9.101164374969619,0.0,7.166314660577628,32.003237183719534,0.0,32.99676576467795,0.0,10.94341429946213,112.79951799522053,0.0,307.9822862318697,164.4783723509303,0.0,71.41653352215152,16.977474503358383,0.0,306.66339102191307,0.0,67.87612587990654,302.2321084039231,0.0,1141.885356839716,1682.8992252972912,0.0,1988.1190186332346,1790.180046431391,0.0,571.6662299537761,46.734895430926265,0.0,6.555449541653184,0.0,10.180446547273732,30.734216478568833,0.0,1.9166465503099597,2.1609375659270063,0.0,0.8029123846668189,0.13374600191483604,0.0,0.05699744143503649
3.9705882352941178,3.255868545494236,2.8964090285774375,0.0,1.0558301557223904,7.214241309963762,0.0,2.4490105876653523,1.9375148298913176,0.0,7.39701178969047,0.0,42.60470657575996,79.87594823711017,0.0,27.938012626703507,46.27938332081818,0.0,635.4173194351015,932.6833789251036,0.0,768.2148338896493,0.0,650.8185573914103,742.9497100428305,0.0,1164.8162586607193,534.7475685888523,0.0,273.7964647573587,49.67751694846231,0.0,42.99891209584258,2.467741592844443,0.0,19.988830180406087,0.0,54.51562451753779,10.50171796408786,0.0,1.655137466490891,1.5325242586752594,0.0,1.664529961764278,1.0398502836284744,0.0,0.20641119379054237
3.985294117647059,0.33957877056091934,0.40621752671809186,0.0,1.0470232321211266,1.9351758799862295,0.0,0.9434323065779324,0.7846439612852165,0.0,10.866122111265952,0.0,27.171879485835348,8.168969199920383,0.0,54.50518063685586,372.26244588041317,0.0,1232.0766554942138,509.8120036302078,0.0,78.65430605179463,0.0,1033.4011622852925,1080.315894894955,0.0,237.86749746314132,844.8073902706908,0.0,1154.8147312710614,486.7518300514804,0.0,44.213047321117344,28.59046772642229,0.0,41.58083378912822,0.0,47.16855839377159,19.544439617541244,0.0,1.6609141560514058,0.33783382226408276,0.0,0.9422344505802308,0.18206491639215475,0.0,0.06639682245923388
4.0,3.9770016265678896,2.548859845670813,0.0,3.0738034762017747,1.7251204262817512,0.0,0.4622538258125696,2.0420764155255995,0.0,13.038472479173558,0.0,52.065289018198726,55.68426488205809,0.0,152.0058291425721,591.6466792448543,0.0,1949.435210051393,2818.996184174898,0.0,612.607882616602,0.0,448.64270345241397,849.4111971993475,0.0,295.9969780251015,486.09595933568187,0.0,71.2729246781139,44.28142522343954,0.0,7.422350746591886,0.8926911253616134,0.0,1.187355222678692,0.0,3.4284621122862933,1.6717610049810616,0.0,0.5258786262406285,0.22080820081589259,0.0,0.1283718012897312,0.013991015709863691,0.0,0.1572481533982219
4.014705882352941,6.7183406457173955,1.6014263287495563,0.0,0.22177067808754758,0.9272499932739988,0.0,1.4910453553446301,0.6380129723164452,0.0,8.910025018315443,0.0,25.70300243804507,512.2029453877105,0.0,1357.7730423725957,708.0444433324848,0.0,23.996891800665004,1903.9760035111708,0.0,2470.4317106346853,0.0,1277.2397788801968,676.8486519937737,0.0,924.2538390766721,769.998704072786,0.0,376.7155980431819,603.5989903754328,0.0,76.80569816740929,10.643816787057903,0.0,3.2433134266793937,0.0,9.120441125315413,10.684543618635246,0.0,3.2397519708871183,0.36930062126253654,0.0,0.538786847450095,0.06895847602378997,0.0,0.16182524123911216
4.029411764705882,3.5224125619223683,2.6798588219062376,0.0,2.7273155607227144,8.02027648506897,0.0,6.588917994847628,1.7134686287484913,0.0,46.291022563363974,0.0,229.76470981216073,877.6360491449805,0.0,289.3509303564603,1627.8912962442232,0.0,2128.750850552198,1682.1203979487814,0.0,3889.537092388211,0.0,8587.069238177022,3015.3794196409212,0.0,199.2695756225816,3316.2854839225984,0.0,7477.48215671508,1018.9676558752437,0.0,8.97950472572195,7.114321681814369,0.0,11.848173547603878,0.0,6.932996546943482,5.510005739483988,0.0,3.7002919458931016,1.1674533381400716,0.0,0.054310937933965714,0.2494011627117674,0.0,0.6610513753918916
4.044117647058823,10.725571697075798,7.554375508722012,0.0,3.2235239712785067,6.035078297842535,0.0,1.812580393839459,1.5286922536820755,0.0,30.715978134277606,0.0,102.73644425369048,230.1465945059569,0.0,156.42222313391176,2085.571922716147,0.0,5903.168877117034,2438.735755587238,0.0,140.1394523992919,0.0,2556.516695758067,6881.718798005464,0.0,7731.775151589149,8742.900891530382,0.0,3532.707199921368,123.12942206598862,0.0,70.88421646296237,61.40581361635047,0.0,4.133076456530238,0.0,7.684607608434657,4.676806580580967,0.0,6.952985944446489,7.910610635894375,0.0,3.7909283657832233,2.033791942471273,0.0,1.7585082505823353
4.0588235294117645,17.08121195106396,10.478403675649362,0.0,7.682720633619783,15.162232892861919,0.0,5.340693737695166,1.8933516498062084,0.0,38.702070805595056,0.0,147.76267397798435,39.53648306456651,0.0,119.02600268749606,171.69100574601345,0.0,851.7257248444871,602.5999280462734,0.0,267.74971347291216,0.0,196.29015039328723,606.6753039954536,0.0,11.407077643059441,2660.164241607341,0.0,8941.768489124803,9271.253292083431,0.0,3037.457853746217,274.7828799444187,0.0,9.92367970292256,0.0,18.904831861307287,3.66137199045136,0.0,22.107989095987236,1.0203950868846285,0.0,2.8413311772867633,0.13328807592856762,0.0,0.6039697240602165
4.0735294117647065,1.3798374221351715,3.846401886349264,0.0,1.2460237136415784,0.7485778092084572,0.0,7.122566364894267,9.71792679961186,0.0,72.82666438283152,0.0,289.30231877545134,300.65170019522736,0.0,49.88788619476428,70.79455195551694,0.0,316.3162216113784,2385.705000840227,0.0,1505.7650564499481,0.0,52.518278038713945,682.7747651406033,0.0,47.759984918859544,1396.2265957371578,0.0,952.749785822544,96.95928889269874,0.0,764.381418921484,649.0127879377301,0.0,2.9397180476021747,0.0,59.08907379672158,12.126739783722002,0.0,9.20253488633419,21.58280622186431,0.0,2.4625823999355907,0.5493721608192699,0.0,0.5029365746474475
4.088235294117647,1.0732014668380894,4.76410784806672,0.0,1.8463276674091458,0.7844634580864792,0.0,1.1803570374557648,10.690493609252522,0.0,72.36763716178191,0.0,160.49440326347366,183.3851133095766,0.0,119.09174165633613,385.69876828005533,0.0,972.5275710498747,1187.1255174287758,0.0,656.8759375771917,0.0,848.7034186813089,282.72034050631953,0.0,145.72624656081769,37.91531066015746,0.0,1138.28688817369,1966.6999586037061,0.0,436.8010517362949,46.29695842252093,0.0,45.095472610024274,0.0,9.689707122829766,6.760844532515123,0.0,3.2436588286500965,1.850395704026964,0.0,0.305409384082897,0.9351472756355923,0.0,0.40957391607405313
4.102941176470589,1.5220659852759901,2.2792940344150896,0.0,4.7327656709716335,2.505184025568718,0.0,5.791224260957522,9.529121516764521,0.0,19.523857933710303,0.0,261.0913521541463,1139.7098139057412,0.0,316.4808182039235,325.49969942187,0.0,218.35523370195585,1181.3773551447086,0.0,2189.991132303186,0.0,4305.288632911839,3348.4976168790745,0.0,1416.727001961904,774.7774638211067,0.0,1084.4579473804129,411.0053108722044,0.0,31.414918885436393,7.627155489894907,0.0,15.441132626463542,0.0,6.709973323721617,1.3617047773201874,0.0,2.932425308751408,1.8157137745642213,0.0,0.13853604034859504,0.6405537606619287,0.0,0.5669106366853061
4.117647058823529,2.5066403522456246,1.4949755459866956,0.0,0.4962744893970942,0.9608533279594721,0.0,0.902607447756588,2.9094040725716717,0.0,8.376839175187676,0.0,190.29177473870755,1058.772099653498,0.0,1396.3521360793525,600.8620873882821,0.0,126.69582899337615,1178.123890096805,0.0,535.7193895941105,0.0,1202.4489693273476,3783.283770328971,0.0,1638.2161950988227,3470.863471389879,0.0,4235.070071731718,1280.4279933454986,0.0,1.64305225831748,48.214287218812856,0.0,10.731894234520933,0.0,13.183245696402327,1.2444476402442055,0.0,0.7863652362516498,0.6841047419813532,0.0,0.865457941802149,0.3747894066780723,0.0,0.344542429863052
4.132352941176471,0.631322626162486,1.4379774272030275,0.0,1.047276055502992,2.415322850093724,0.0,1.6581864530006427,5.716187866532113,0.0,21.158049285387992,0.0,57.37765278361698,90.30786771331816,0.0,190.36354076280517,502.6889357726037,0.0,42.31038132539824,741.203357377452,0.0,590.5367284795503,0.0,138.63199036637164,1985.2726162929084,0.0,1632.9438075211765,1034.6487435262115,0.0,1257.4020954973728,588.1140624006152,0.0,451.33110818025443,73.84722852149585,0.0,14.015949327683568,0.0,12.0676019429734,2.2877139082059137,0.0,1.7135069050555154,1.503856356350468,0.0,0.7470872331933415,0.07831628587747841,0.0,0.09328622938268762
4.147058823529411,5.424677499071371,5.316806162465383,0.0,3.2749020082376457,3.132666860035542,0.0,3.693167301799333,2.819613266528123,0.0,3.724309744588507,0.0,22.062052445734732,303.37561393274666,0.0,1341.6874243991763,2573.768203442581,0.0,3943.8481501347587,1680.6114231569181,0.0,513.6416389435028,0.0,470.1421314199943,50.375833055464426,0.0,811.9277039092023,3744.7596223661817,0.0,5513.620035935739,2529.728747902657,0.0,382.77727799420677,90.98494370454821,0.0,67.020951746671,0.0,59.33373540671853,10.823463491045867,0.0,0.6050496114910342,0.984398595301794,0.0,1.2301929403435545,0.24939546357080605,0.0,0.221920216792938
4.161764705882353,0.3321199872272223,0.5418449507585363,0.0,1.4916207797122827,2.725773422905625,0.0,7.23096195885849,5.027209274088278,0.0,2.0784199835607047,0.0,29.53345225178082,463.16760283446547,0.0,1022.168498105455,1004.6745460378446,0.0,2544.071232449285,881.2975776701235,0.0,1441.238347835943,0.0,1515.6812088330464,576.1556557303807,0.0,357.54712833373566,2207.2608948893558,0.0,2002.9956919573542,223.90783294395177,0.0,47.760725807612516,0.9759872068214359,0.0,40.691829643191795,0.0,44.04591609672304,3.888003163410376,0.0,4.946887666945532,2.2010798139433394,0.0,0.20372501520627054,0.44518295647060685,0.0,0.668099034638265
4.1764705882352935,3.506974782357659,3.9496922864799258,0.0,1.378036253358244,1.753863425012276,0.0,0.7791480923893248,12.197129398114399,0.0,35.83993968324075,0.0,39.17022594773704,34.819922872210455,0.0,411.5244364339619,1539.2973672198132,0.0,2333.6470604870497,7117.294996700625,0.0,5860.696757943617,0.0,5060.420906731525,4102.278735600572,0.0,3643.9851232263095,1650.475217526328,0.0,66.08811690834776,700.975717310287,0.0,212.56942405504705,21.985077974027888,0.0,43.89779543913315,0.0,19.551193492462996,11.28965579134341,0.0,20.93638485103782,3.015304109344375,0.0,0.8090450011507204,1.3836265585188885,0.0,0.7161151078765327
4.1911764705882355,1.378865015976264,2.096483069696394,0.0,3.5623527165217546,6.975519704413401,0.0,8.140171914492402,9.836537885190824,0.0,6.201360362165617,0.0,19.415759295634004,37.30910463792646,0.0,227.3522132828586,682.5320806619828,0.0,427.05961038618125,3320.746450840846,0.0,1510.826101958724,0.0,2396.4455708598107,1512.4265032245348,0.0,696.5165722162012,358.0099679318518,0.0,258.01599605956255,173.43213234371785,0.0,131.06429208318932,21.940295952350787,0.0,27.4196041743765,0.0,29.36036079838427,9.722269176883763,0.0,1.1222690625693659,0.7061702757150758,0.0,0.8465927716180172,0.29385539674424566,0.0,0.04555347635415659
4.205882352941176,6.895984009971809,7.172768302546254,0.0,4.2858785894194895,5.2081679376836485,0.0,6.920051096489723,9.534689786693342,0.0,17.751567339941033,0.0,83.70793416009204,126.10731700675058,0.0,64.06666544324432,365.44607165940056,0.0,559.3372899425519,2043.784185197374,0.0,4623.978869454122,0.0,3522.5540939786215,1942.4613906848915,0.0,160.2568006348726,238.71782655660996,0.0,1127.6135039393537,547.0623338841349,0.0,170.39322968195074,43.643397577782274,0.0,0.9474118029986586,0.0,8.373678034523634,5.272313100811086,0.0,9.524637792698032,5.83661525903744,0.0,0.49903211843681206,1.0349522258758244,0.0,0.24984375588204993
4.220588235294118,3.589703945533328,11.30559351456216,0.0,3.842480001272315,2.3879634060440456,0.0,1.9161072128058838,3.839956623465467,0.0,12.175548136880444,0.0,34.38788033761696,292.46534379825925,0.0,993.1036762528545,582.04204573979,0.0,190.7414164236773,16.854491372422803,0.0,2290.9173897687715,0.0,7051.89148338371,4121.749266761782,0.0,149.8650203263388,3299.825624878903,0.0,2900.4825719611867,240.37987287769408,0.0,21.623478989831995,8.313652218638037,0.0,18.72209564618449,0.0,73.62324568081596,35.94450602567686,0.0,2.76030267078833,1.5003257799677325,0.0,0.8164728358390587,0.3595746863406392,0.0,0.5794661701442188
4.235294117647058,19.448194260606343,12.253546562023637,0.0,13.921066792197063,16.72274521881388,0.0,10.509797428039287,3.7403074452241185,0.0,13.653251074135854,0.0,27.471250297423747,106.40056950508658,0.0,69.38845858737477,191.94089064816694,0.0,331.15094506211153,198.3102173635303,0.0,71.7230861089648,0.0,766.3786989316558,5171.321659140254,0.0,3705.9627121377207,843.6778013369699,0.0,3191.3163208349038,368.3975954208477,0.0,41.8706458347841,3.3699383046095046,0.0,11.507326035122478,0.0,42.49892490212484,12.419046336584938,0.0,3.528105757633183,2.4815880173309104,0.0,0.8142150449360717,0.4499936761987016,0.0,0.5221689381355636
4.25,3.599213903995219,2.586685580656968,0.0,3.9887093075912503,1.2999777570227549,0.0,0.8720159346955823,3.9054066803427223,0.0,28.326029512839746,0.0,52.428980354671765,14.51480211628616,0.0,349.47525131635064,211.4224117455555,0.0,26.911962266233058,422.6504058383181,0.0,523.0225341989708,0.0,590.0864930092266,632.4399133912623,0.0,87.27576091877756,371.7847311849607,0.0,223.528070254958,588.3635601321824,0.0,125.68664432068024,39.75934391877263,0.0,16.355740976041073,0.0,2.12932445679958,3.364006728275999,0.0,1.044704733947993,1.6629497224282364,0.0,0.520876275880344,0.13303938233439364,0.0,0.14838286569190287
4.264705882352941,2.8237436426800366,0.7623064768625659,0.0,1.0936569264068052,1.750874657547157,0.0,1.6377850406838297,3.2396612158480655,0.0,2.0640753618384866,0.0,79.8234416481184,68.14977576827013,0.0,63.252337948316196,124.5826082455803,0.0,280.341746029933,109.84570834205238,0.0,244.1362231429793,0.0,132.15631160021698,159.17743642712406,0.0,209.72302237615241,878.8463980401434,0.0,1427.2858435501794,95.74117032946481,0.0,34.12322045391879,1.2132758483252124,0.0,3.3745179001109475,0.0,11.251620742982247,12.59881754439527,0.0,0.6020877315303224,0.08983728093629681,0.0,0.20807579785537123,0.09980136447554933,0.0,0.2511427898000505
4.279411764705882,4.016423151141613,0.06357367355847371,0.0,3.2824516265452335,3.563622032000736,0.0,2.5898594087292826,3.4043634568074186,0.0,42.41672463156236,0.0,59.219113189871024,159.93458879902897,0.0,1006.1552772251953,1802.1629648887128,0.0,114.52257143067106,418.69910864149415,0.0,201.01264218393004,0.0,26.661696083660228,25.467500834354112,0.0,282.8833271808081,1139.1559780421926,0.0,2582.8740340098675,667.5056641808299,0.0,145.85640304949015,17.593218132803536,0.0,8.574356637392714,0.0,22.79161521402588,16.213793909433846,0.0,2.083415378017981,1.4382442448860537,0.0,0.49294434554406485,0.6962279119700203,0.0,0.6984100618351926
4.294117647058823,0.3649689414375836,2.687308847295184,0.0,5.913545682171012,5.930432263514911,0.0,1.37834888754778,6.70443716287399,0.0,2.3216442970798314,0.0,77.98082899214114,177.62513920238612,0.0,61.68939197736306,258.26553447459105,0.0,1535.8894889051849,1636.4195188886029,0.0,2446.7779079421725,0.0,1047.0159460185582,365.71688528907373,0.0,845.471080271157,922.4871393351955,0.0,897.2612435599857,569.9911595763484,0.0,35.491389358115626,15.579674821860753,0.0,3.600847535034835,0.0,6.629822465576936,27.469279012571377,0.0,12.860424939173324,1.8867050366089426,0.0,0.07892174978341643,0.6777217216535284,0.0,0.23626256147594382
4.3088235294117645,6.509417822132086,4.311502462658892,0.0,0.9765022679222037,0.12090422984529682,0.0,1.6909093401970166,1.3559733884674854,0.0,17.09345092694905,0.0,35.47220911068966,126.4308942744791,0.0,110.69384538992782,126.32772876533983,0.0,2259.965394484408,3578.3920471234806,0.0,5252.012953370215,0.0,8731.323451810094,3410.654031180003,0.0,589.4646758858826,719.9504742239585,0.0,1320.1101198790961,220.77672564114354,0.0,38.64831850592343,9.22047283356913,0.0,6.477842219002957,0.0,3.3815362776933746,9.712500812746157,0.0,0.6193535561669183,0.32347729147543614,0.0,0.3244202860671457,0.9556535912092945,0.0,0.8067310321307344
4.323529411764706,6.0987786507106785,4.731323852356111,0.0,0.5621548824990922,4.895939802833357,0.0,7.351730605882155,4.358398677092144,0.0,3.60862331559084,0.0,61.81343877234046,113.14986724215834,0.0,263.9524681987018,567.9680624440919,0.0,911.1427982309199,1359.705115991495,0.0,4752.274746355633,0.0,2958.8429536271706,9222.610888356323,0.0,6100.559632514049,4094.7238805034217,0.0,4280.839986303564,650.5315319509174,0.0,30.340812222179913,3.549030351958097,0.0,9.370823998636547,0.0,12.763380774476772,9.652497429777473,0.0,1.6631963700277312,0.18678801889514385,0.0,0.2763972083630282,1.0289260442714454,0.0,1.377736398237524
4.338235294117647,5.010682478653175,1.1596753920061929,0.0,0.7243824582185658,0.5469872988817737,0.0,1.4093903860726034,2.873789448722741,0.0,14.333696503264022,0.0,58.05393589535302,20.578642146316152,0.0,191.68166989795918,326.07481102489953,0.0,96.3874795906066,267.2979489486131,0.0,693.7157079344136,0.0,2298.3192210097823,1153.3271407160407,0.0,3920.6479941759644,4024.519138473267,0.0,1246.4725765935727,769.0301798637186,0.0,114.12494426310968,14.80809725732351,0.0,3.83146279024683,0.0,4.169368407316362,5.360928008615198,0.0,3.768253046687204,0.7224274646252928,0.0,0.17741045447901782,0.04270441272273262,0.0,0.03509994177007955
4.352941176470588,2.0442437725760585,1.2411030762022848,0.0,2.991322859782107,1.3487867463987973,0.0,2.443832719967751,4.256008258382018,0.0,23.280601413210306,0.0,176.5832487073069,293.1234986969106,0.0,213.33950504650267,81.11163671755772,0.0,103.54220020239157,26.132163078176532,0.0,187.51060227762588,0.0,324.0021878206977,243.88938712656153,0.0,412.4483844033374,234.17774478938213,0.0,227.03373602190317,273.9219972929913,0.0,84.07522791823584,0.69889204117658,0.0,0.3474536357967881,0.0,1.723274971257974,1.4106670598130506,0.0,0.8606714883280554,0.4272247602712507,0.0,0.26045567444676243,0.08428620060358735,0.0,0.06869478537414762
4.367647058823529,4.973573914268492,2.403688728502654,0.0,1.1625398102808941,1.6256638149185278,0.0,1.0535401855742983,1.903379036814277,0.0,10.334703371414724,0.0,100.99301992668447,207.54298846269796,0.0,570.6639714894422,954.0400820778497,0.0,234.80928570132357,80.69389722270508,0.0,313.2940989072252,0.0,951.486759392722,840.5264309590785,0.0,407.61954940962545,1732.8320011501653,0.0,1164.5802267477561,307.4461911552619,0.0,4.14655493620631,6.167101382237632,0.0,2.7901536604427157,0.0,6.269924205983978,3.0641689803352232,0.0,0.3171872392196793,0.058556816334675514,0.0,0.055839034756730827,0.45672157749434583,0.0,0.5581117466022749
4.38235294117647,1.810314808431037,2.1689244078339716,0.0,5.16429000903614,3.2891447571228465,0.0,2.2579829935475844,3.3025327332748415,0.0,29.05076720159777,0.0,64.82493909334055,254.1360794661046,0.0,470.15026028303123,893.4132266514507,0.0,1489.7445975217358,559.8632519343766,0.0,240.10841855221346,0.0,117.6547976762528,734.676528207154,0.0,2145.0273790194115,694.2101872740155,0.0,29.367267589228987,171.86301766312354,0.0,67.89123834369649,6.478696699735996,0.0,0.9136614559634142,0.0,6.186833429979088,9.401752109820398,0.0,3.38740582524583,0.5007929014265313,0.0,0.01996656453536545,0.13107783723086908,0.0,0.08118384757973515
4.397058823529411,3.206207518766406,0.44299997991431594,0.0,0.5657949574083345,1.5334258499450217,0.0,0.7318486133409887,0.6040224383275148,0.0,47.02545239494461,0.0,161.7447881646649,489.3169253290297,0.0,867.9556448196937,581.827824718976,0.0,5811.304477643747,6292.69450764022,0.0,4417.12433722501,0.0,3427.888773239796,486.67915057635486,0.0,389.58188948074053,148.2944676941172,0.0,340.54316555511144,127.34247048243992,0.0,29.325441771538294,7.243560977499458,0.0,0.6208639482963715,0.0,2.9076950800225663,2.0909163393358456,0.0,0.39409715128522177,1.4161266582079506,0.0,1.6167293676421948,0.8896086927155291,0.0,0.2859569386938636
4.411764705882352,2.026790832006699,1.5187886539257207,0.0,0.7286314423480811,0.28912403816814036,0.0,1.216795408142949,9.328447176081335,0.0,84.51897430489724,0.0,83.56754162787934,16.699899008696754,0.0,1568.0052674384528,4111.927684854851,0.0,862.154774727376,2244.5853554282185,0.0,1096.8322395710127,0.0,3343.9729549757094,810.5044962962065,0.0,2775.928611208568,1400.1821776151573,0.0,527.4313758183516,1654.6274816075218,0.0,159.9288892469348,2.885703890831555,0.0,8.60971957845763,0.0,21.03227594689323,0.10319806431347443,0.0,2.531709426928094,0.7532913377550066,0.0,0.08629770708741208,0.3908819974305569,0.0,0.3855813497448842
4.426470588235294,7.341900791734031,8.991115657290589,0.0,7.92145988841727,10.22611498079442,0.0,10.22305205863384,14.61515103987571,0.0,26.36999309861651,0.0,2.283439202910309,221.85664689796732,0.0,130.6078884995402,487.8714622683992,0.0,942.7266192612651,2384.5751270204546,0.0,6484.831691217033,0.0,9440.306340173785,8864.533201240349,0.0,6241.904142645668,8688.431732278957,0.0,10555.27673918003,3195.013410681373,0.0,31.515493485609053,8.19257094811513,0.0,41.83006591470793,0.0,110.50184711930149,16.87383794721714,0.0,3.5816587449111723,2.312168068958858,0.0,0.8643846958146406,0.6041918618272759,0.0,1.1356315158406205
4.4411764705882355,4.534008258211406,2.7001684635700145,0.0,5.046095028182685,12.572201185008648,0.0,0.9167276156551203,6.022534776745182,0.0,16.166771793018476,0.0,50.7364875659043,98.65748100347867,0.0,180.1714635123534,1065.4620025064276,0.0,1446.0586703032536,848.0939865731033,0.0,212.40338466315777,0.0,136.87864212878532,1554.0122616208625,0.0,2993.905848787855,1797.3953977580763,0.0,1730.2100406234276,4271.295140090475,0.0,1461.0319839811123,19.172602849711243,0.0,3.6022797111682117,0.0,25.06350908325395,54.443734342584946,0.0,11.838159176077916,0.3574227794697782,0.0,0.3857337611239422,0.9270297118214239,0.0,0.8704936472552052
4.455882352941177,3.935980230271298,14.666195351215574,0.0,18.240893970332507,15.266906013934827,0.0,5.236227034169141,10.913462887872953,0.0,10.5372320344543,0.0,62.627789945499714,718.1560173345985,0.0,634.6500478952565,145.9187125641197,0.0,764.3627398587096,1457.7426790459992,0.0,2155.1606363291344,0.0,1358.8720504073399,726.2298333249632,0.0,957.7402282096814,2827.838275445766,0.0,3123.9718750723323,6739.361142374935,0.0,2791.5020678592823,154.4256378672694,0.0,31.272335854764954,0.0,5.576567476868777,3.2109160709579534,0.0,1.8003432730037194,1.7156348207315366,0.0,0.24293089878452548,1.4462154378177376,0.0,0.1188986709099337
4.470588235294118,5.080219174581473,9.58092729374065,0.0,17.689305976578485,18.05379971739324,0.0,14.879513399122208,7.153857712458857,0.0,21.409018063717884,0.0,326.66712862307577,93.70006899546294,0.0,525.3990127062898,401.7566622289189,0.0,8.34386865728128,308.5323331006316,0.0,20.5066793858221,0.0,537.164252548285,66.02400376328201,0.0,1712.7596398189548,1173.2297480468887,0.0,1005.8181828383115,3403.1191126531876,0.0,371.7782853034836,10.7408075935399,0.0,61.00166031992265,0.0,61.73024331108611,30.847195531229882,0.0,6.688379164074105,1.456203036301573,0.0,1.3595176283559227,2.3094622367893494,0.0,0.9118632191795255
4.485294117647059,3.257859726974111,3.3218522108691753,0.0,3.011442747528461,1.5930457072875441,0.0,1.7231023186570527,11.483276041120984,0.0,41.29538693153019,0.0,81.82752718462206,1198.5971700638152,0.0,832.2390255846137,358.8271950927698,0.0,248.76860988858346,453.32017892865827,0.0,399.4685170433901,0.0,159.5311465842077,285.04180316543216,0.0,351.0690416352013,941.6812772476903,0.0,2397.554797534355,1904.1443524193855,0.0,174.53299745012004,62.721432514766605,0.0,2.769434113043018,0.0,2.7484674010297807,9.105610644372883,0.0,3.348942212106653,0.10816177175099306,0.0,0.7349525430865653,0.6675380086521662,0.0,0.3793078633622702
4.5,3.017016723406609,1.788527083035611,0.0,1.1322222928555286,0.28974364418482573,0.0,1.0941089677729474,19.53283304649007,0.0,58.42743422662092,0.0,396.7593278824467,782.1661809898258,0.0,146.91029347746965,354.9180169503842,0.0,167.29289363983057,58.04330193271533,0.0,1259.174031830817,0.0,945.3741667744863,561.4804981690353,0.0,1444.2386721133262,395.79172052257326,0.0,897.1408746237527,793.4677536429501,0.0,28.80236348809475,2.611256133912148,0.0,2.573909751880575,0.0,8.494821812555262,3.2450175091767672,0.0,1.3181975940384127,2.358139893125384,0.0,1.2284796566686018,0.29780503994645524,0.0,0.5493937852987227
4.514705882352941,2.0159549389388065,0.6627152240262838,0.0,1.8519858949567463,1.902457004131255,0.0,0.6960233657755108,0.7450025087764092,0.0,1.046603211023697,0.0,17.68148357963656,32.67747440320054,0.0,237.89376080747854,88.53532104294666,0.0,1942.2450516683111,1071.1097207273278,0.0,349.4798084806139,0.0,406.44312869208227,922.8148983183116,0.0,392.4891096290827,316.34465091746637,0.0,737.5495273773679,247.77659076781515,0.0,88.87566182542912,30.976360137850243,0.0,6.953682680106924,0.0,0.6373341208987717,1.4603815647662506,0.0,3.585529694235303,4.63026722089072,0.0,0.35005420319352254,0.027378626206619912,0.0,0.13990391988960513
4.529411764705882,1.374439733167565,0.4819299559441419,0.0,3.0814131902242927,1.8647587041130103,0.0,1.6195285599690652,2.774272622243001,0.0,15.255781915899512,0.0,139.38062466384702,273.08404926607056,0.0,720.056313490188,1072.282618571937,0.0,820.6629924791416,226.76845794008847,0.0,480.03518476584196,0.0,94.20065809555543,522.9349098742223,0.0,1133.6656332729358,2027.0755977336023,0.0,2163.1754757471217,554.6552720300531,0.0,7.937499522400528,27.401862715741494,0.0,13.402057722220302,0.0,14.760885843057936,9.898403680150118,0.0,6.0964318549273555,4.947299273356923,0.0,1.4751748955063255,0.3111874223454779,0.0,0.15130808427286518
4.544117647058823,1.7830493653821677,0.9991430338618047,0.0,2.117815422855408,5.32247890596875,0.0,4.27484394442694,1.1561409857985994,0.0,29.716685926831993,0.0,324.1096619641091,246.06682472303117,0.0,346.97462743179085,988.3285649710072,0.0,1649.6354094788699,5188.879595759723,0.0,8311.938988842852,0.0,6056.0632653273915,2986.780738098082,0.0,276.2769389488434,62.94217749514836,0.0,366.33875686066904,426.02796110203406,0.0,75.55025528485916,4.418629510704788,0.0,7.456228867904655,0.0,10.201968233809072,4.503191479049898,0.0,0.3141081162200487,0.5859121075206932,0.0,0.3093307721892976,0.09055502845411925,0.0,0.2568463554641002
4.5588235294117645,2.5479443442705145,1.3049781151189117,0.0,4.416841568233414,2.4238402231311205,0.0,0.6515150194537327,2.1698150321714604,0.0,19.216148327418615,0.0,25.135370739085484,294.5812117137551,0.0,452.10578567238565,1965.6402283411935,0.0,1384.6750959599185,805.1572943196052,0.0,252.5270844395493,0.0,2487.6576092561663,12693.39454972275,0.0,16031.386461688402,10637.412632507478,0.0,4838.159008113393,2167.4988416102506,0.0,181.408533113369,90.02910401091414,0.0,30.43978666105823,0.0,10.1804670387547,16.56017944676032,0.0,0.7088883854547896,3.078844936661525,0.0,1.0544656952807605,1.12105653373867,0.0,1.0616875681155338
4.573529411764706,2.508452305132134,5.340780545917107,0.0,7.246676453639283,5.804447098415446,0.0,4.408215602631441,3.469420429107722,0.0,18.706736687560777,0.0,104.18239562920718,640.2911699043855,0.0,217.51935638962536,198.08574999133927,0.0,38.711794580984886,493.89449331127014,0.0,401.5369036143761,0.0,322.29282434587094,218.5175948596774,0.0,370.59935227138624,989.1566468198627,0.0,817.2324167326979,7169.830759105023,0.0,5029.200456348823,785.6017515845792,0.0,26.192249726443237,0.0,25.72440668705917,15.288225023648359,0.0,3.919693396937661,1.711691132335611,0.0,1.7458021421423093,0.4379769176335259,0.0,0.7934345446907805
4.588235294117647,4.208753674784152,5.958556454102403,0.0,2.363008829202747,0.3985180107409977,0.0,3.95665857034811,8.956865204661037,0.0,12.579269144308151,0.0,79.48805862270365,469.29280602699043,0.0,1184.534990008053,438.3870871465721,0.0,697.7446211007614,87.17794485897156,0.0,106.78428580480453,0.0,318.52826506875283,218.10378469623436,0.0,758.5072518293778,1370.1241414850076,0.0,441.07955371588093,284.7313046791427,0.0,273.7405535500509,29.211438506411717,0.0,4.27482727830268,0.0,28.736155234750424,17.636594356346897,0.0,2.779891048805303,0.11678772932107404,0.0,0.5294079833038409,0.5778249853691915,0.0,0.6097898334088547
4.602941176470588,2.7597065171511206,1.2593052911474727,0.0,1.9631585362080353,3.374151548185554,0.0,0.73022582632011,1.5391268952076507,0.0,17.85924200327851,0.0,93.47911216696124,908.466027179853,0.0,2827.3191161862424,703.2893856724486,0.0,367.4545431581158,726.6134991063639,0.0,167.4258746709118,0.0,205.3869559617738,130.7672690958641,0.0,351.0002189521172,278.6693703217277,0.0,1614.6603609745298,1286.436549021158,0.0,150.05270677825138,19.352505370538665,0.0,1.6657218093386632,0.0,9.989301167030042,6.308206094677823,0.0,2.107183694405241,0.6841637566624796,0.0,0.18598549297800782,0.5199940884985358,0.0,1.156609070883587
4.61764705882353,2.1330956247397617,2.8814442594236995,0.0,1.2547078404491838,1.9068843266606506,0.0,6.4420874090296785,17.37165393548853,0.0,13.069388402539499,0.0,97.05064519283417,126.48861070041369,0.0,290.7480219620993,464.8255088835434,0.0,982.609066028607,4347.296145702857,0.0,3108.7504592982446,0.0,518.6405915798922,421.5742124860809,0.0,163.64786134263997,1471.3323077880414,0.0,2322.2482472805123,290.3700162399449,0.0,222.23407396766848,37.37295910606575,0.0,24.60466134945213,0.0,25.213948786806554,6.036283041759573,0.0,7.8868415239371075,2.541752252292228,0.0,0.66217004951845,1.2170185630060197,0.0,1.5102102846707388
4.632352941176471,0.9483300375131248,1.0240076482567015,0.0,1.9802390083426507,2.963073469600165,0.0,5.751157937226241,6.218758355469353,0.0,7.833928582382124,0.0,1.6669147971071836,80.25644553708085,0.0,1031.0575940657254,4219.742002833017,0.0,5861.215624736474,2231.619529775463,0.0,2732.491664323308,0.0,1541.1531369326594,402.46630003894245,0.0,571.8309211225262,1907.5196107668294,0.0,448.2167194086039,792.3594357110103,0.0,5.756291707658067,8.883989061475873,0.0,1.0658608225346544,0.0,6.912728055587284,15.892566560330433,0.0,3.5676953540068577,0.5071761644662929,0.0,0.2934548411585788,0.32929226446223614,0.0,0.40543095902859394
4.647058823529412,1.7870334333495144,2.253935438483416,0.0,4.298229401804908,7.404555720917055,0.0,6.790641412606583,4.12490683193275,0.0,13.789301245471844,0.0,22.56006042618803,17.89772954371455,0.0,139.98622289433303,27.300905889848288,0.0,1029.1563834124324,653.4830805060831,0.0,1362.2113959761814,0.0,2356.969490547666,8019.392075370405,0.0,5264.673982289577,100.82370985668175,0.0,2013.1080464515721,1479.6833132589813,0.0,104.50610410130881,10.685143216750312,0.0,6.895561872782622,0.0,18.910248056049674,28.62183119806363,0.0,10.594171694661322,1.9483359697099611,0.0,0.4599056146319786,0.17378139723468952,0.0,0.6224017570285184
4.661764705882353,4.4144417323873375,4.58860707488963,0.0,5.14391677992432,1.2246314500681925,0.0,2.460497394670666,4.4167400039680995,0.0,4.948039862827745,0.0,21.204833830340103,47.56965069212494,0.0,46.91243873436918,88.79757765229094,0.0,1785.3953675930525,2730.459262352493,0.0,2006.87064022173,0.0,365.67304886414183,362.1089253018955,0.0,2210.9600101719234,2862.5901178837184,0.0,672.1592181122304,70.88455754813988,0.0,31.284845172725113,14.324760746071156,0.0,2.5520142276865188,0.0,10.676673145678867,1.6139987679145185,0.0,4.400031513231465,1.6296674654982966,0.0,1.149437067981819,0.6424401372265023,0.0,0.1839794541091604
4.676470588235294,7.533872677365957,5.685108182972839,0.0,1.6639810232330112,3.152917612053719,0.0,11.084389099995798,25.670270019703068,0.0,17.773184836421603,0.0,38.53365568235168,29.396383067957974,0.0,217.99915518151855,212.20684869234094,0.0,194.0878232955489,185.26668583463876,0.0,818.6058734138026,0.0,21.39163666253943,1219.529973910055,0.0,1274.7953118413889,3480.7540372598996,0.0,6055.383932429764,2577.789835553839,0.0,368.21540532140136,7.270425169234931,0.0,1.204645391752715,0.0,8.484582926378748,16.022151932190365,0.0,7.613584317850046,1.5243080796948973,0.0,1.994986603436121,1.0011408599377372,0.0,0.24566854737882088
4.6911764705882355,1.8799446132439308,1.153954938836212,0.0,1.7926206508762568,9.034416216504889,0.0,21.544151017225346,12.705259018400234,0.0,7.381916353738847,0.0,79.83285233377778,26.13165841060191,0.0,219.60226830372557,442.1622122633364,0.0,301.42979841126703,902.7950205325246,0.0,750.0140813981994,0.0,478.06413681466825,358.25328276673815,0.0,74.3952030056358,172.66129045424162,0.0,141.95905332946833,40.10360368238048,0.0,148.3699391286942,32.332752320480424,0.0,22.04124001835585,0.0,29.797587215468127,15.964970775296266,0.0,6.763302213239559,2.3015430041983773,0.0,1.3577547140582698,0.1510921550318905,0.0,0.3006945063454677
4.705882352941177,3.1400134546868257,0.6698673118717298,0.0,0.7478521796178199,1.731565288703174,0.0,3.6052053511613695,4.713946089718076,0.0,4.192771950342216,0.0,42.718659847815005,118.87994712688352,0.0,23.200203827382445,336.640682257933,0.0,440.14183386990476,417.32412359949376,0.0,105.28770897807473,0.0,59.34956500634504,179.5971754900769,0.0,9.34026488267099,444.73144187413834,0.0,406.9831413757407,156.7909585121261,0.0,40.52320301351341,5.089687765590367,0.0,11.470918847354763,0.0,14.483800559549353,10.795198576321749,0.0,4.074149473483319,0.5447894687509574,0.0,0.34720991712229454,0.08115420751311214,0.0,0.38969852398388805
4.720588235294118,2.1785716662839283,4.592606393387182,0.0,12.150971216254824,8.20648976662441,0.0,1.308722892181164,2.529772489068267,0.0,9.109080566758497,0.0,18.658903680476563,26.71592814528657,0.0,63.88991368680638,85.36715989397749,0.0,176.39538781228,352.1222998630701,0.0,125.76706482806551,0.0,164.36634017318943,101.50408437888763,0.0,27.080193860720303,124.92567932196829,0.0,284.68525000020105,84.71835464841953,0.0,13.203400650568138,10.030048617141677,0.0,6.716479343287471,0.0,6.286419557332504,4.621077446028271,0.0,0.13451465689788414,0.9201569214668931,0.0,0.592370363371687,0.43334247030715933,0.0,0.3342446232310965
4.735294117647059,3.1920752973876625,1.2192722574360366,0.0,0.9178553861184529,0.2959157712027697,0.0,1.925006277016073,0.6019724840958703,0.0,2.160575706684967,0.0,13.480490405270892,44.2788040174744,0.0,77.83614872044444,91.61705942671185,0.0,32.39131979654423,150.57678808600275,0.0,735.7705377403732,0.0,534.0446448251428,87.65234098738122,0.0,34.2295749884925,419.47433896149204,0.0,495.2260978516874,39.52264339154488,0.0,18.628158949667075,0.8408277950301789,0.0,2.60979523016377,0.0,0.9077401916262069,0.16623440818031004,0.0,0.14816894348416224,0.14040906923070864,0.0,0.20644975517292924,0.08248440102670158,0.0,0.08283269598262848
4.75,2.0301115424876195,0.7073850942760498,0.0,0.3721678339607364,0.2928751433584161,0.0,0.20419760150981156,2.0351112914298617,0.0,0.16465878299218448,0.0,8.069247319395647,153.01886678691523,0.0,109.07769893762814,8.109550091983468,0.0,37.89192224234941,83.07767294201393,0.0,432.33954514551584,0.0,473.42049107189195,166.90056849601433,0.0,63.53344417283385,33.996536112068426,0.0,221.396301224088,56.060749974269115,0.0,0.762396058630889,0.8907950777017684,0.0,0.5892228226187868,0.0,0.2213076130750394,0.6976376549583772,0.0,0.5204129787786642,0.3029537431784581,0.0,0.2206341439001719,0.06741517093544061,0.0,0.032548526612993504
4.764705882352941,0.5787796762687932,0.30454511463346035,0.0,0.423520899960407,0.754663868616623,0.0,1.814812644925381,5.9226896020372966,0.0,19.09273688110941,0.0,21.104053965995853,83.51174282541042,0.0,300.02731113937205,125.12671573369715,0.0,45.561967654253834,26.028338042827286,0.0,92.27697890121532,0.0,377.89268186527204,325.07374118027735,0.0,9.589661371003729,113.62012838593259,0.0,414.3615678274882,138.5564309717647,0.0,1.7916208851759943,1.7378731533385623,0.0,2.8059122517263706,0.0,4.440834328737736,0.2360096335091219,0.0,0.8550335601500085,0.2750201246767112,0.0,0.20564944121744191,0.24813138007927732,0.0,0.08915403707727665
4.779411764705882,2.607803461557467,1.9073768761104941,0.0,3.1595731369080493,2.381809721323609,0.0,0.5967417061327176,0.565015089833038,0.0,11.072194263056012,0.0,115.84648374600809,264.5571145711403,0.0,633.530743629613,57.64157991636381,0.0,251.36716748201525,71.59550546088307,0.0,59.53205122345662,0.0,347.6476100415333,15.214698143823153,0.0,852.9007028167289,942.8347342893147,0.0,567.2304726481415,116.83243048267963,0.0,6.950706363139572,1.5486627498935719,0.0,6.526340012265468,0.0,14.689587094804022,5.014001500106435,0.0,0.3091503967686502,0.7815824172118706,0.0,0.18345392683766476,0.052710948471902275,0.0,0.03180559154886435
4.794117647058823,1.9301236072109305,1.6044883222289954,0.0,1.5979834282135514,1.0615345097136384,0.0,1.0958482947208377,2.7523127132010763,0.0,3.218737689368054,0.0,19.46090178684159,362.4142772700022,0.0,1919.2899048141014,3679.5991779300552,0.0,2971.1946383604545,1714.6385925876025,0.0,583.6036261656352,0.0,239.2252411135666,1008.4268489954604,0.0,761.4920791330522,277.4000047695886,0.0,184.46064571690044,20.511731578884024,0.0,7.663539045226841,3.0321854356179943,0.0,2.0108594260576726,0.0,3.9282770462713175,2.1178495555759267,0.0,1.2249495961633285,0.1867068600481408,0.0,0.0758468075260123,0.12215729468792688,0.0,0.041643607659927084
4.8088235294117645,0.9277611574857981,0.644864992166353,0.0,1.2464160060449463,2.010972488929834,0.0,1.795682954167648,2.9138856009248095,0.0,8.498876492501942,0.0,23.525413384016126,70.80629300560949,0.0,57.0020409346002,461.6340772179342,0.0,1814.9954805000186,3702.1561910290475,0.0,3055.1119423765713,0.0,431.04085602546195,337.25555668193044,0.0,252.17770210457934,228.67519404646958,0.0,1058.1631924115159,315.68022636959125,0.0,55.871015214307704,8.993097360429264,0.0,4.0307566503531165,0.0,4.199924001849519,3.590571997434947,0.0,0.11903079910832709,0.05344009092395918,0.0,0.1248158501960942,0.288809505470565,0.0,0.1722400927625856
4.8235294117647065,0.6761867482849853,3.16669894755778,0.0,3.403921525278491,0.9480803661456212,0.0,0.8890830353563366,4.919992041567715,0.0,9.630600149916571,0.0,3.5294943051366783,69.56259966465966,0.0,176.44809482318573,611.6024324747407,0.0,1780.4630352334268,396.89650984756395,0.0,10344.104074897743,0.0,7148.844183464427,5734.768050181065,0.0,2700.2554512981374,297.5827294939197,0.0,1111.8283309814192,2077.9625132802594,0.0,367.8116473446836,22.544390110733566,0.0,28.26196999064677,0.0,12.594368594047651,1.1551867357865044,0.0,1.6273629866973462,0.5691754811793873,0.0,0.1395083045781801,0.8810128583894341,0.0,0.7741336834655368
4.838235294117647,3.786704430237022,5.1129441844706935,0.0,4.533342710303962,7.569790465511717,0.0,18.81551926420768,24.48195000896186,0.0,21.00623679359653,0.0,21.760903251231632,87.64538198880851,0.0,144.02183865066291,185.6618805697819,0.0,319.6211168901636,2028.077891280518,0.0,2587.9044102172543,0.0,2630.928303219967,7364.887705743678,0.0,5690.000600047115,7476.4757885785075,0.0,15709.217204651988,11272.50704346791,0.0,2080.000823168072,262.1996671345034,0.0,14.091591166661905,0.0,8.296176811904683,5.519146949296876,0.0,3.4733075026019264,5.588890954716793,0.0,2.7450169099999733,1.67729645978502,0.0,0.7716106053334106
4.852941176470589,5.994027625959506,2.7714098518439227,0.0,5.521795488524631,3.2260393741798494,0.0,11.452753255609373,8.359798065103863,0.0,13.693054901291593,0.0,15.870310933765452,126.89494006277982,0.0,387.2244160307596,277.92995118586464,0.0,29.15497904183902,285.250529547631,0.0,42.74692684871378,0.0,515.1965859922002,772.3572014672977,0.0,15.801742495540914,55.2797316119766,0.0,271.1378399656188,850.5778005530622,0.0,165.61669756511083,278.4214949338634,0.0,18.8112083351956,0.0,11.907968806430338,3.2657908394071176,0.0,0.9123745719110318,2.0820138668598513,0.0,2.242732595160449,1.1799144348591981,0.0,0.9655215656144027
4.867647058823529,12.535678856288257,16.619765853408673,0.0,9.850410777875236,1.6105940090904043,0.0,5.833955763048554,8.09654331449133,0.0,14.960308406331155,0.0,82.65411383133251,186.4768450695039,0.0,87.91035673729745,12.368804139196836,0.0,62.80906030590944,46.2638338161866,0.0,131.93350405869853,0.0,15.492416892012006,232.55321487828942,0.0,945.0288134427257,1353.6197755235444,0.0,460.64529671717656,1003.8178987168931,0.0,573.574485823509,6.021323668998168,0.0,36.228404797684156,0.0,4.228368832990204,0.9763094910626106,0.0,1.2640135645185087,0.19476816240979952,0.0,0.9376827774768755,1.1027241925568176,0.0,0.05568719699453734
4.882352941176471,0.5983538747862118,2.0891739355258214,0.0,3.3350981858171544,2.0192143078603957,0.0,4.228730050541933,2.3566378318410655,0.0,3.8091242464781363,0.0,7.526316818827587,31.113016320700915,0.0,97.3284941286499,64.52538267768105,0.0,192.3052016961683,473.3568853466698,0.0,588.7335991744369,0.0,540.5776858708593,49.48607847418555,0.0,855.3966664196433,1500.3396726676083,0.0,43.08774156205372,409.22921460813245,0.0,53.30725235258399,42.96184845264251,0.0,7.5571000350974575,0.0,0.45611962645889376,0.6959429209466212,0.0,0.6644476658220879,0.3217025274675797,0.0,0.7389112920227239,0.5379451713477379,0.0,0.13039377388280454
4.897058823529411,4.706242417602638,1.2711723609113172,0.0,1.1014188953869575,2.7273500493979794,0.0,3.2320349107900386,2.800845108951113,0.0,12.565951393147724,0.0,38.75770220923894,10.588760781563089,0.0,77.91609870016194,66.2760851892485,0.0,66.15723676897905,116.32039899662168,0.0,50.261207431609165,0.0,141.6109143757394,259.7406516080143,0.0,17.6365504122474,91.80068028880042,0.0,602.4183321152467,228.7255989774755,0.0,5.436656174007313,60.26064663464551,0.0,20.84673255677511,0.0,1.3683939729510903,0.4701707981322006,0.0,0.3150141912860174,0.3158908475158625,0.0,0.3519037171374863,0.32790116612250364,0.0,0.3204846701279749
4.911764705882353,1.752717636270957,1.690054964680514,0.0,1.5024346717249801,1.4896629531135437,0.0,0.23734774205552087,6.596593789191697,0.0,15.193874610524142,0.0,11.982327401082749,91.86382477119074,0.0,171.8300742333745,21.806074675415104,0.0,137.69319948648746,205.31054463559963,0.0,8.500676958005013,0.0,98.13414939012256,114.60461746253165,0.0,189.96510240897595,125.16280108871977,0.0,47.29971527237552,2.661547013954407,0.0,4.938967596694363,2.1614706643160186,0.0,5.018973613851264,0.0,2.580631041413339,0.4891909802758299,0.0,0.18225239577255464,0.4663158891407136,0.0,0.272870620923699,0.08173066179935717,0.0,0.03366695562872089
4.9264705882352935,1.9052927280011875,0.73894641927081,0.0,1.336395071440933,0.863205569816839,0.0,1.2938042991693681,3.4783415123160273,0.0,11.195399368161308,0.0,3.2143055909788263,64.78844878632803,0.0,93.22748198460965,190.7292324898902,0.0,266.01387429536885,114.46755379272153,0.0,206.03635708750744,0.0,83.57512226168967,80.22132762415404,0.0,72.21722208787878,28.35144596799804,0.0,15.69401144269055,7.262335564402457,0.0,5.301013436743741,2.8792237544915986,0.0,0.34681568362936266,0.0,0.7189111311973906,0.8423977275477732,0.0,1.1187989436263077,0.27605750466681833,0.0,0.012686960863675947,0.09219822531147306,0.0,0.15139829589296228
4.9411764705882355,2.2449967206321304,0.6061930598944462,0.0,0.38784353707916935,0.7862792616230232,0.0,1.159442010435292,2.988619711192488,0.0,12.15626883145326,0.0,8.452579432706132,19.017236270761067,0.0,99.4304727081562,159.56690764532,0.0,32.69809603469306,8.403660932546613,0.0,13.436372466153903,0.0,37.90285274280126,11.575233602111986,0.0,105.18370060161476,55.80695082180727,0.0,23.458643194002924,18.59793613919486,0.0,3.654278186883879,0.17611701363534232,0.0,0.44188697306902724,0.0,1.726978566646466,2.006153314790325,0.0,0.8362647220770034,0.07860379340357647,0.0,0.08711129310669907,0.07674084083098848,0.0,0.06656769680803121
4.955882352941176,0.510986364443164,0.3924283453393452,0.0,0.8996994533681559,0.3600903831974439,0.0,0.1272442623318229,0.17336750127507627,0.0,0.4695496636151415,0.0,5.075982616170976,24.596562502856223,0.0,74.5721991722188,182.5340860508873,0.0,53.21472884825647,127.53718745541963,0.0,73.47676876981195,0.0,31.345769427204143,54.22769181935979,0.0,81.63263923733396,3.8796674686165113,0.0,8.235739014240103,4.722422854292965,0.0,0.3912789430979817,0.06442582982312806,0.0,0.03812413738309842,0.0,0.0474782689981355,0.06815095720328289,0.0,0.028468718966561217,0.08803092870076455,0.0,0.018227565608435685,0.02292216821789537,0.0,0.01579422954083167
4.970588235294118,0.36501611399917205,0.05116397432034881,0.0,0.0854834205589686,0.45810878601112287,0.0,0.3068538897138704,0.9159377786253587,0.0,2.3923532662082785,0.0,10.254835563986408,10.107702417004841,0.0,111.0843921606477,262.85104781932375,0.0,86.51234289775252,56.97438193721086,0.0,240.91918970512108,0.0,850.0426554301351,863.0054193100223,0.0,248.75163139782688,116.89430279500351,0.0,69.07043677436941,7.9685745141193856,0.0,0.3317437224725517,0.09171546108156203,0.0,0.17831099582563345,0.0,0.2599240374596312,0.4537948264446734,0.0,0.37841236983352416,0.06565636988618466,0.0,0.04393049601775958,0.018899292540579916,0.0,0.003552360187518398
4.985294117647058,0.9477821038867908,0.3249399336117592,0.0,0.44354041622785895,0.4752043541866027,0.0,0.2931579882609193,4.444095280075201,0.0,26.909080879515244,0.0,22.37328594609194,9.966130803023082,0.0,95.54414224124125,166.17470677965701,0.0,288.94815684754246,269.8454697368738,0.0,69.67619817790609,0.0,590.6408528016817,1691.6861687677879,0.0,963.2897317846458,761.1964480362723,0.0,737.2146058048799,75.4258679212706,0.0,3.1276355358122876,0.41371318107247823,0.0,0.13203530354942722,0.0,0.10914250116110194,0.028961149228948248,0.0,0.18243466623540405,0.05553175717683247,0.0,0.025942618947635804,0.03153879657104915,0.0,0.020148523991239065
5.0,1.2685232946930125,0.6988475899024863,0.0,0.7878977764343842,0.3558376989582863,0.0,0.04593791128177854,1.903658163671286,0.0,16.118170923856276,0.0,11.326205739569115,35.07726595569925,0.0,149.0657904615226,182.7060555540608,0.0,264.57995476566936,398.8278700582391,0.0,873.8801548469422,0.0,1004.4199731268204,866.658748874395,0.0,1231.7754048062197,1572.032863540206,0.0,792.1900222661337,156.9449408485675,0.0,0.6864059304014418,3.281996604415794,0.0,4.116095949698331,0.0,1.7285621851665172,0.6515518603807076,0.0,0.2824485653800089,0.4406495644109542,0.0,0.29372619286444795,0.1728284440337455,0.0,0.04156621924073077
5.014705882352941,1.7807629433622956,0.8313128848871498,0.0,0.5544319306833065,0.4379535565991971,0.0,0.2873359638933431,2.392274240071396,0.0,19.990164410095893,0.0,18.249411874232983,5.1591404217220305,0.0,42.73106118484189,436.428495885373,0.0,813.1420946155616,367.15361019454394,0.0,296.6836137930711,0.0,419.2815590866255,5.732919479584116,0.0,21.560337127884765,301.86262677369734,0.0,318.9497930944319,85.66791840564012,0.0,2.554543737774323,1.1300384299584654,0.0,0.24840513119540064,0.0,0.9903357702691683,0.3537137297739739,0.0,0.10425659642693616,0.038328578157474334,0.0,0.033364978425617114,0.04594954194537629,0.0,0.007543388103057127
5.029411764705882,0.17698127553918452,0.9554374767833849,0.0,3.472214049629519,4.043524368550438,0.0,1.611747005431308,4.784874241302987,0.0,13.452361951843855,0.0,15.451582313688462,82.66129766123333,0.0,354.1220582930466,328.916551397543,0.0,190.87738346360032,490.1380773368627,0.0,523.7215186677364,0.0,403.6880292565513,920.2732922384508,0.0,12.78024592305842,643.5990138825944,0.0,194.81813495426726,231.90327202445474,0.0,14.811675407709593,2.766835291308098,0.0,4.394422578035526,0.0,0.9903755301335493,1.1236412415963806,0.0,0.8403538235973309,0.11063755588910418,0.0,0.04019140183969863,0.05158824322215226,0.0,0.04556349804486576
5.044117647058823,1.056365857213224,0.7216969064031905,0.0,0.5550437856421159,0.3677469822081556,0.0,0.4494450103808132,2.332683727792592,0.0,8.868522954399479,0.0,18.52299486527395,24.251649148658494,0.0,72.27049585512731,180.59199752246099,0.0,238.46846236928047,19.442388337345413,0.0,461.72215443790077,0.0,520.4869930104132,366.81469400935777,0.0,307.42624502332893,159.72356167517088,0.0,525.154240242532,269.5225225925408,0.0,51.179858706635926,8.413642577606701,0.0,1.0454312279625504,0.0,3.0322903731573962,0.5407642218291542,0.0,0.23673539805795074,0.4811678541073546,0.0,0.1253175547046358,0.08047601113514447,0.0,0.10096257870948475
5.0588235294117645,1.107949374995858,1.254403560428309,0.0,3.0551199629172765,3.0884670648141377,0.0,2.2463555330201173,1.067564783032744,0.0,4.741939353375987,0.0,9.97943688547733,40.76819483574259,0.0,55.53947314361118,249.32382416852676,0.0,185.2937044420484,66.59911221163253,0.0,179.69877220832194,0.0,388.97392022371696,249.66950937951538,0.0,208.99715206039065,186.7032851301048,0.0,886.2733098793967,702.1511007084546,0.0,89.03792343984472,8.995618336566341,0.0,6.6077171575352,0.0,16.573993538756667,11.283459594089653,0.0,1.3058417536850317,0.2569586902334198,0.0,0.36871814695303773,0.07815422978642068,0.0,0.010202605665750536
5.073529411764706,0.8354942092980051,0.38858948082006517,0.0,0.137568547887607,0.15564763549047872,0.0,0.40531253933301475,0.4765833665605441,0.0,3.744108447906553,0.0,27.52606503235142,148.4512949432864,0.0,208.78858629347215,90.31663043198529,0.0,286.5711126333923,132.1716680520341,0.0,176.6243929788588,0.0,904.6752755081952,566.914393901174,0.0,233.7170226694789,46.88297665010214,0.0,812.6657400918034,563.8572179159534,0.0,6.309911505091171,1.7627195580275514,0.0,1.2119992257420984,0.0,4.9217239325086055,0.4474207740041004,0.0,0.2902697723960547,0.4211944186900177,0.0,0.31034609533988183,0.11100844286974271,0.0,0.08349588399255549
5.088235294117647,2.4650121955267514,5.79580079456281,0.0,4.510377736386003,2.2227776038224247,0.0,0.8496320993550275,1.9880984587433148,0.0,15.420832527412605,0.0,65.913376413848,75.80940697890763,0.0,160.6289033144779,56.79353779139072,0.0,3.200336230222299,139.8000764140006,0.0,53.15479115205566,0.0,366.2810017462276,465.8901969686734,0.0,286.47933781802544,1108.35243524838,0.0,450.969793503705,31.82214442738846,0.0,68.94036629852533,16.254260547173836,0.0,4.770074678238689,0.0,12.72609761456025,14.597773303847912,0.0,5.607974070045939,1.247589528711956,0.0,0.19114509757390002,0.10589902331869033,0.0,0.01761643777956113
5.102941176470588,0.6470694378707385,1.7747056414049864,0.0,3.823680788763342,2.895497250755839,0.0,1.2354607770078643,0.9122163739174651,0.0,4.376485993786905,0.0,3.3638182833919332,48.16208046988168,0.0,134.4756967978815,181.31220074338768,0.0,21.6928323715955,24.22338629843825,0.0,13.613729559830004,0.0,203.13614378352685,329.8449550960621,0.0,52.402141043997936,70.88138318254946,0.0,361.9913364907999,109.82698466769874,0.0,18.387347745968597,6.782251275118249,0.0,8.15670097365317,0.0,8.152481964816822,6.843715737329722,0.0,2.51585804492328,0.23353605131258978,0.0,0.19800991835843568,0.03959906864527228,0.0,0.06180964812583806
5.117647058823529,1.4477140691079846,1.1582090344767648,0.0,4.554338023755243,2.8240662515777566,0.0,0.07104355146800596,0.9303381560321139,0.0,3.5663178725236895,0.0,8.007327331666799,8.175315898575752,0.0,484.4481079089024,1270.9683036310466,0.0,835.7599734474059,119.46726217939533,0.0,219.01331607099578,0.0,390.88943303513344,324.0943397425884,0.0,168.75466081509336,207.91871470367857,0.0,87.95581642976387,8.678285973737092,0.0,4.828848782515889,4.4162295912392056,0.0,2.8134194403432957,0.0,1.3280397640652193,0.7454108199265631,0.0,0.5951300427063246,0.26421289537153275,0.0,0.14975353297188218,0.05105103873996526,0.0,0.013685002642063362
5.13235294117647,2.3668403098318405,0.9201489068037865,0.0,0.5455801998773244,0.471711301647858,0.0,0.4126368801194272,0.4800349457374698,0.0,3.4660957922732463,0.0,13.101921268314857,7.250927946480354,0.0,35.59910520718158,442.08173473361256,0.0,1275.405396370004,296.66176524809737,0.0,179.01429161762414,0.0,116.10200863338221,20.29157142624025,0.0,138.71043976259998,155.32320644323784,0.0,13.427176929279572,43.77045619916477,0.0,14.283273162158368,0.971239549279431,0.0,1.02457507261504,0.0,0.15357941605026385,0.13013082633592457,0.0,0.16490840611807459,0.10294177224411799,0.0,0.021201284337900313,0.011931213301667838,0.0,0.00392157904334248
5.147058823529411,0.2818747837946574,0.49745286591669186,0.0,0.3099761514670061,0.09218490281651895,0.0,0.7029148733015602,2.2727578117312097,0.0,5.362268243702127,0.0,17.421044920176342,27.261569057382285,0.0,8.373975595453231,13.962340590912875,0.0,277.1102829095499,1530.8512923645735,0.0,923.8846291122518,0.0,129.56397467971087,56.12106345886852,0.0,261.1949052726724,737.8263207177059,0.0,441.2768406579589,55.273860867991644,0.0,17.266105049843496,2.5396175578649283,0.0,0.5942853678909573,0.0,0.6849624525584211,0.5383208985177299,0.0,0.2804252558281188,0.12073594402422733,0.0,0.06530167971441747,0.034766278332627576,0.0,0.010277630430317555
5.161764705882352,1.3242504338997632,0.7091772705733393,0.0,0.9973047646917145,1.0618895153455241,0.0,0.9198725782226663,0.9301437068621046,0.0,1.5550707046098364,0.0,25.020718166489807,20.7005969434019,0.0,8.865389258146848,19.633401738158735,0.0,17.370089544182044,220.15064905975925,0.0,1200.3826759894205,0.0,1138.6901466821585,141.59977994981335,0.0,63.04513701562138,295.021379733388,0.0,62.74968911588415,63.9938740919129,0.0,12.312013073212267,1.861795855091117,0.0,0.719294206743986,0.0,0.14385712952084687,0.07237912189955575,0.0,0.029106509332252544,0.03791977716522318,0.0,0.046970615078604366,0.03658299261026719,0.0,0.02907745721469708
5.176470588235294,0.9994090966394,1.0705998985170562,0.0,1.3775566763165625,1.1254961697345955,0.0,0.5907756277908769,1.3415040850652389,0.0,1.96328419368872,0.0,6.897352188051666,32.784878077378494,0.0,25.560247860935654,57.633207374750484,0.0,70.29118673353909,37.26112876179768,0.0,222.10987832103865,0.0,1810.9715843445792,1358.2692228494923,0.0,125.67506401326975,237.76542459345288,0.0,135.1471152466654,52.57783019943474,0.0,7.396040554819067,0.832641530376112,0.0,0.8883152098961293,0.0,0.7579551755383184,0.4718021803104244,0.0,0.32155340964878637,0.10440150878525013,0.0,0.07574700680657187,0.033893055918897186,0.0,0.022977314777440947
5.1911764705882355,0.16365228906113394,0.2567908299551897,0.0,0.2675238213122323,0.5447818849702701,0.0,0.4180639382260818,0.13170083737373656,0.0,0.6026097167638951,0.0,2.5709281354557314,41.36340959820877,0.0,67.50144871110334,2.673339440613589,0.0,22.534314328242605,135.46811432410254,0.0,102.05588242532414,0.0,1240.083700150653,1767.1966757748082,0.0,150.17576042255678,155.3225659862744,0.0,51.863247926062755,7.1065784059166335,0.0,3.3194829206165717,0.30480480678982036,0.0,0.20716680211008304,0.0,1.3625283703615427,1.1559193142317477,0.0,0.20608001810085588,0.06493508271267902,0.0,0.004775225142566906,0.02246350006502932,0.0,0.012532808732544753
5.205882352941177,0.554251378391188,0.32564648324990964,0.0,0.3194418063675999,0.7252154401576745,0.0,1.1771961802123205,0.6725051275730749,0.0,2.6282342633188294,0.0,23.889152097045354,54.66443786202855,0.0,45.344116131790244,2.269603852579767,0.0,36.680382913912894,103.76936499670641,0.0,109.48888438567282,0.0,56.51946639515822,875.3265179180094,0.0,572.2778989032851,52.221392895523046,0.0,148.26724654395008,25.67574937632645,0.0,0.9859845482604328,0.026199908979786767,0.0,0.5336348326841928,0.0,2.4315347012470734,0.38310631541642154,0.0,0.11139686666802966,0.04119734694050013,0.0,0.025272543532489342,0.05432337021943047,0.0,0.056633237657524337
5.220588235294118,2.239219962640858,0.7014639800979916,0.0,0.5701546569984235,0.3165857199671006,0.0,0.5846022503564565,1.8405938599808458,0.0,4.074043325995422,0.0,65.14733690175191,110.01664221400202,0.0,32.090294869498166,49.405714414662725,0.0,18.38526557718419,20.54496844825875,0.0,43.578240249632955,0.0,3.1339578150524474,50.90321050693625,0.0,473.53588714493674,400.33759451860544,0.0,208.64473390486543,100.84549905443242,0.0,3.864035363184672,0.7201428413603419,0.0,0.355797832421701,0.0,1.1024323277494228,0.28462215254059764,0.0,0.19517003498715652,0.11910991940158921,0.0,0.0399982859534328,0.06631165446521745,0.0,0.024840409262001883
5.235294117647059,2.359802163728519,1.4123529082298045,0.0,0.6660722316664927,0.7660132481522821,0.0,0.23662239724242357,0.25742200341402516,0.0,1.2356589237573479,0.0,47.65476208710208,231.20817114198832,0.0,164.56881178135802,58.07151121125249,0.0,5.0456083940170355,0.8470500605385378,0.0,64.69689973681331,0.0,139.07222373211332,329.7202330788987,0.0,314.76332708680525,474.97581765534466,0.0,501.79414616229974,38.654246311494475,0.0,2.110099337345337,0.16566177686135725,0.0,0.57796317120338,0.0,0.11222914429771735,0.34108094554343726,0.0,0.6357770695154186,0.05040505498071948,0.0,0.04779526309169235,0.027823733174247786,0.0,0.0136795675295099
5.25,0.8208147464132207,0.7313801756159238,0.0,1.2791520365530906,0.4296049391521036,0.0,0.146325835757048,0.7306596925463993,0.0,6.085483242781746,0.0,32.581449226362864,490.1842861764394,0.0,246.800234991573,29.762788193169875,0.0,33.02972206291118,3.0878392011043156,0.0,39.45558716997773,0.0,69.28994620991129,119.08116860761416,0.0,100.13491177446815,203.10395744621184,0.0,599.9995664925912,230.63475422108678,0.0,8.387263021777427,1.5352330164407169,0.0,0.7318045037432477,0.0,0.043130756012614985,0.5863331493334099,0.0,0.37496522332251425,0.1580195951105827,0.0,0.03688639345573965,0.055397109468571085,0.0,0.03188430962739631
5.264705882352941,1.3813455072018443,0.3540229381366881,0.0,0.20796703502422367,0.8937295763364328,0.0,1.9394697580410332,1.0073739735434306,0.0,8.144856039082171,0.0,5.398263129713228,252.18599621792401,0.0,645.0681286631725,84.8287845165119,0.0,11.389799158284973,10.019658498058472,0.0,41.880623046370005,0.0,177.56494094762928,66.75596133488828,0.0,270.87232347617396,282.53069811826094,0.0,14.30627593799562,99.56674539959263,0.0,6.674525891802542,0.15479334378968113,0.0,0.13474225165338177,0.0,0.23188810075275995,0.23307117395736998,0.0,0.44806483749032644,0.13588157912292953,0.0,0.04221988704820546,0.013718906826180384,0.0,0.055462309033288554
5.279411764705882,0.5697690160417155,0.17342359495241375,0.0,0.18793951202604925,0.1928742375104608,0.0,0.27944256236780074,1.312471944483325,0.0,6.017648962710089,0.0,8.47086683892193,56.243713471803844,0.0,360.52129987658384,143.9125820930464,0.0,62.69068333836787,49.32543762929474,0.0,38.81573272915354,0.0,35.259533231612515,103.88627702636673,0.0,19.34828487284765,61.82085779752299,0.0,120.27253352956868,14.422130740004977,0.0,1.8536799048818473,0.05393677405943759,0.0,0.05551811401398063,0.0,0.033294045428086214,0.19159025717872954,0.0,0.10749988240175878,0.023057652444048674,0.0,0.017671702091052226,0.021933214770679922,0.0,0.01792651980841153
5.294117647058823,0.27149035125514404,0.07571868464483815,0.0,0.17751049050469841,0.06918739443408511,0.0,0.06478437040704516,0.2526561052296162,0.0,0.9791787764403199,0.0,4.726250831518458,47.65689506708625,0.0,235.50935986482185,1.6410005996803256,0.0,41.78146575060238,52.46193039023631,0.0,57.30359357972485,0.0,96.9969881552694,75.87930067727501,0.0,32.23190703351594,140.71352347630523,0.0,211.3672037759933,22.232094897579024,0.0,0.5344485897088892,0.1429824255983209,0.0,0.3379289631819922,0.0,0.6579914568816218,0.090318734571723,0.0,0.06775366775922945,0.05362154954875627,0.0,0.07187121134805366,0.019823398344029824,0.0,0.014352327681747894
5.3088235294117645,1.2588297553490748,0.6593456326585505,0.0,0.8185720191997623,0.5781995298644234,0.0,0.24152946239964262,0.2340294344038636,0.0,0.7573195676857418,0.0,21.567148680278724,442.58610451568984,0.0,2165.854835411408,3033.4748595844094,0.0,1000.2168448431617,742.2182371131016,0.0,768.8014450141225,0.0,438.357765907021,287.9489467428702,0.0,39.40373527230973,173.14943854107673,0.0,222.1224444535656,41.00432789678434,0.0,2.2806564762903054,0.08942479168242812,0.0,0.32355585791734676,0.0,0.5131247782747663,0.05310194381089943,0.0,0.32348138878190313,0.23776322405860567,0.0,0.12672384096088668,0.07306784290734822,0.0,0.11049490654726118
5.323529411764706,0.3263779265575059,0.2937625057114608,0.0,0.15861714029510415,0.15368112741119272,0.0,0.0395973097050838,0.9902777755337457,0.0,0.6373053271696487,0.0,9.517276457398602,48.32271882894263,0.0,51.71904365667059,560.5749543919771,0.0,3380.6248081918084,2883.5213731641074,0.0,748.1155178902666,0.0,464.0521430756787,501.9623782202333,0.0,423.5096264536189,98.75942250140388,0.0,12.244019403056914,2.3352463590751524,0.0,0.31880446680835917,0.560117444543356,0.0,1.6573893373320474,0.0,0.9200158008977668,0.2198782296977504,0.0,0.6869450569196722,0.33993429824011634,0.0,0.11792451845829498,0.005520770109737522,0.0,0.016137128168131898
5.338235294117647,0.08922170448959793,1.3673440699732025,0.0,2.0553717478434113,0.3415216522201503,0.0,0.6542264594178236,1.6240679686829775,0.0,1.1125107409444863,0.0,1.89117239315116,6.030846410223734,0.0,30.604246040293443,337.8092186154993,0.0,142.39111430288173,1580.0640543044356,0.0,4195.942023667787,0.0,2666.921601889476,391.832261213085,0.0,1276.4177862379918,517.2107446306782,0.0,31.635544705090624,2.335989668876937,0.0,0.8776227584642089,0.16296517263440868,0.0,0.3182616545213056,0.0,0.1584029781423268,1.0741915680122611,0.0,1.5991349049671744,0.3489022112837963,0.0,0.1634236460838956,0.2839955555965709,0.0,0.26996314646239783
5.352941176470588,2.4331651369330975,1.2075335531775473,0.0,0.1556866134946961,0.048114477840550854,0.0,0.1820071513176775,0.4081692239423554,0.0,1.6440560172571979,0.0,7.423863640023653,28.6046461065267,0.0,3.349565793749676,238.02086108933474,0.0,148.0798729422189,150.7327143698181,0.0,202.40216778300305,0.0,3195.9466659609006,6996.944395325143,0.0,5492.93663368496,5382.527676495125,0.0,2982.5399883129608,465.4072270025082,0.0,77.78485643639365,2.884223667101243,0.0,0.42091747885480063,0.0,0.45057524656402503,0.40599882263385134,0.0,0.15201665945907972,0.0329497678963104,0.0,0.07957676797348603,0.06182219998972296,0.0,0.062456356070616725
5.36764705882353,3.852268471273565,0.2246123732723675,0.0,1.4351805750722275,0.5074285720019289,0.0,0.23218665457312418,0.3142973630689798,0.0,1.9961857288075537,0.0,12.165385579978537,121.25310245970789,0.0,293.5795861243823,88.58867881833842,0.0,10.217903264492866,12.760757153233602,0.0,83.97683554696857,0.0,219.37095110444199,3.976663260774383,0.0,135.9593513346049,1080.1840073149037,0.0,1263.8245603512241,2057.294054090565,0.0,339.0634749815555,18.737137733461555,0.0,7.42026965438117,0.0,9.84190418483983,9.90260252879867,0.0,1.6707023468396907,0.1866333411520194,0.0,0.30258370879391056,0.05601019028589738,0.0,0.05146770802634195
5.382352941176471,0.920243887989919,1.0152923837954608,0.0,0.6092703235399853,1.7206268072301687,0.0,1.0652173224613557,0.11000465004667936,0.0,0.6911977361464665,0.0,3.8027177315283085,6.161427940853693,0.0,36.60673338151795,34.66944653180283,0.0,51.509625788209505,66.9533912138779,0.0,233.5365580085101,0.0,343.2027039296615,167.49816292137007,0.0,395.1056620355316,215.63823727824746,0.0,13.151711021175018,173.61486428110663,0.0,42.45384098430415,2.8943615338371513,0.0,1.561283234634482,0.0,20.592675060605274,22.369045182660813,0.0,4.981027020669469,0.11198687955970246,0.0,0.21017909967444923,0.028872842577698697,0.0,0.04333585884433588
5.397058823529412,0.6028397600717293,1.5056347876434644,0.0,1.1404428477298931,0.27833688873066337,0.0,0.5282415001926138,0.5951421129729944,0.0,1.9671787706559003,0.0,1.3403978601939361,24.735197147136994,0.0,11.259572405253024,36.634021674518564,0.0,37.505818088464345,16.501764193657852,0.0,0.2786245085008452,0.0,5.92876128277693,252.2873436157159,0.0,564.649717545277,460.3235658069567,0.0,395.3222955257256,154.22323080372323,0.0,2.952910792629568,0.4520251346149292,0.0,0.12073185357149088,0.0,0.08092523269557378,0.3601712159532848,0.0,0.4749531934453686,0.1731800697841858,0.0,0.2543292987432768,0.5993801895453141,0.0,0.16400345264547814
5.411764705882353,0.6017050499285669,0.5866434972519842,0.0,0.5302341799124204,2.731562840769186,0.0,0.7123233386980853,1.6865464452055945,0.0,1.0856367073043018,0.0,3.62789059579129,22.146023100375295,0.0,70.9574247825973,88.40303822652892,0.0,17.040385836995576,18.59781660875316,0.0,41.12605488856231,0.0,16.75196028974362,220.7838465652177,0.0,144.3114255966412,86.13620482829114,0.0,159.75308701148197,126.54964738063632,0.0,6.459255261008002,2.0151773994020803,0.0,1.8764093619888458,0.0,2.3392946174889717,0.9540643592053832,0.0,0.7490039746955415,0.37669546944288207,0.0,0.07599622007756715,0.10575161042348274,0.0,0.04229767643062171
5.426470588235294,1.3618157099393322,2.0758859495416533,0.0,2.789740798134463,2.4445115261748924,0.0,0.2856971208462411,0.9979405107463073,0.0,1.1021405069858008,0.0,9.52090854747292,70.73239213818296,0.0,135.2847489937056,190.69413884062885,0.0,195.53449839580193,44.27536761713503,0.0,30.56447134127123,0.0,81.97673389929,39.73711981289741,0.0,194.5203006197019,736.8289330150999,0.0,768.450327582357,138.5912460688799,0.0,1.2574800820080467,0.6004425707541858,0.0,0.2628803852852919,0.0,0.30579490909202467,0.12292974843903948,0.0,0.1816098925355557,0.08446342043281314,0.0,0.05449695895244329,0.12955791140463507,0.0,0.07255844031241006
5.4411764705882355,0.11797164921416298,0.7351995520202317,0.0,0.4140399900145127,0.1632226646258172,0.0,0.7378022733118128,1.3474472533742716,0.0,1.4562414062621554,0.0,1.6891272706262308,18.185417092806475,0.0,18.727132818299694,27.66865603593306,0.0,133.92039473948998,142.06101281892927,0.0,46.74453282597445,0.0,40.38954270678884,244.68630096275274,0.0,37.885894022323576,43.00031638202209,0.0,39.71861143876487,26.05798475420846,0.0,2.888681386774582,0.034052907054458764,0.0,0.8795625683836161,0.0,0.488728023252913,1.6437001369586763,0.0,1.306554453608606,0.04127994265605983,0.0,0.11413072181613382,0.04066386835069602,0.0,0.06025937180415949
5.455882352941177,0.4260310963649986,0.2243854709313685,0.0,0.59206528643466,0.8500797211053363,0.0,0.7831799559290807,0.8104323472254538,0.0,2.2524648087075474,0.0,8.431402957288498,2.45719112562864,0.0,4.092987620929165,2.1906945687546022,0.0,48.57630299118708,99.15921885000422,0.0,125.04791854039973,0.0,87.0023748039846,37.72598348724793,0.0,111.62979718736463,252.86827336816623,0.0,226.02708584175195,91.38087049270715,0.0,4.275736568400275,0.34478468245623906,0.0,0.24546693399982344,0.0,0.25269946896967377,1.1968432581058968,0.0,0.5392336820276172,0.1931604435731934,0.0,0.18534022473280443,0.09796441217323276,0.0,0.01214050694623665
5.470588235294118,0.631900649042504,0.10129626533558136,0.0,0.12539899931896661,0.0188692184445067,0.0,0.22410419338836016,0.178722701330125,0.0,2.7512810242006833,0.0,5.182102299722963,12.913294290454388,0.0,14.691223333802492,26.286137283337865,0.0,211.65434541608624,268.41133183721985,0.0,51.09363601795064,0.0,100.43258589733576,379.4686754761927,0.0,240.24338659376244,63.888425695925456,0.0,250.6123609962084,40.89761644321512,0.0,1.5679110792711612,0.08734781379226875,0.0,0.012324499595447454,0.0,0.3922672340952582,0.07458519745930595,0.0,0.03462217931236069,0.024239078636562543,0.0,0.022099242125970156,0.005664784833182158,0.0,0.05137358157175674
5.485294117647059,1.3146924621978977,0.2497880085992644,0.0,0.4939731133559241,0.6588054887688213,0.0,0.28901539293274575,0.28011782876278535,0.0,3.22965866132885,0.0,10.060228103382936,7.09014120776861,0.0,2.949676613043808,30.559431253548283,0.0,16.71842560046426,145.80324613410116,0.0,135.53232155333598,0.0,224.01473247367545,321.56710668643495,0.0,502.95430446021953,634.9662477424272,0.0,150.5902612541553,1.803131588933279,0.0,1.1866440908262372,0.11900755783281339,0.0,0.2594753890394997,0.0,0.05726370155262654,0.022245306302474593,0.0,0.20598962289377082,0.23021084864004865,0.0,0.08603624275488718,0.0249637330036254,0.0,0.08031325694979048
5.5,0.24601940716549148,0.2870080790711322,0.0,0.26071589242521664,0.5290162221254407,0.0,0.15305316559959461,0.054975969922243136,0.0,1.487698867233497,0.0,5.239882498655273,0.5909086789054632,0.0,18.0131391799924,121.18919519553728,0.0,73.53505974810095,41.0993293122813,0.0,285.39411307878925,0.0,308.87352482687106,173.73655007905546,0.0,118.1228540642165,308.5407958242769,0.0,239.4406004646982,4.967335615086686,0.0,2.4931446384713585,0.3272956511174892,0.0,0.08004012103188973,0.0,0.2830515679869869,0.14970002870763038,0.0,0.10103486776767917,0.06884911674874417,0.0,0.01657858985425531,0.016978191528606877,0.0,0.004639951084444724
5.514705882352941,0.5025152996788862,0.15992994367061958,0.0,0.045966970161035556,0.1113129192399459,0.0,0.2143352337315808,0.03526143723750207,0.0,0.22877995133164003,0.0,4.023254911921291,12.987099526504068,0.0,21.071316773572146,108.6698970509276,0.0,47.66207911908559,10.146085862750958,0.0,26.72895576817201,0.0,178.23507468872074,137.08956585351854,0.0,59.58298559257842,184.35054825555835,0.0,332.8803044488615,39.50759047435841,0.0,2.7899529044847102,0.33951146435398505,0.0,0.05523741252891399,0.0,0.031795261822809506,0.06472318926897111,0.0,0.009051055694065585,0.007139210801745859,0.0,0.01404220698880106,0.020695599434916293,0.0,0.004078440599266474
5.529411764705882,0.48353220444069034,0.20623603794061607,0.0,0.16924381207760825,0.3239329329097955,0.0,0.3269596533946548,0.06291405348081722,0.0,1.5457492876423449,0.0,7.8412917418229195,14.791334062511025,0.0,17.451603186245944,66.4598472219747,0.0,5.442959858251017,7.724333893270627,0.0,25.515321048465104,0.0,271.51005433998273,447.20189861872666,0.0,317.0089895494788,68.78519197695195,0.0,201.165689171181,30.1450468324746,0.0,0.16375160119070736,0.10482793915228905,0.0,0.9009287799365061,0.0,0.9003800866060981,0.456755079017816,0.0,0.21734805578141364,0.032764040684823005,0.0,0.01028131834377617,0.009453402119535718,0.0,0.004716367047109505
5.544117647058823,1.1823351872575365,0.8929899399349911,0.0,0.8616390257773826,0.4795382461944328,0.0,0.8097078444832683,0.7080054090557146,0.0,0.36420689367724457,0.0,6.113548972855502,13.295530778839609,0.0,68.1296543966961,83.01049110776724,0.0,230.53608046161736,845.5375041841716,0.0,319.17457028204444,0.0,16.922809385811355,46.349096033818654,0.0,10.826140666580862,190.7771725234839,0.0,332.49663511981396,98.97967475683745,0.0,4.956380775693083,0.04148699574969518,0.0,0.10516839055566762,0.0,0.3157233830543766,0.6788835607309447,0.0,0.020261627977874872,0.039431219324714335,0.0,0.021081937199671278,0.0012701237421363064,0.0,0.006587726661212727
5.5588235294117645,1.8629905323105078,0.4052845806906517,0.0,0.15347856006727698,0.10704585537376393,0.0,0.1142152424402676,0.16330159790233495,0.0,0.19419110085130808,0.0,0.6374681542276959,8.43445149572269,0.0,2.1597892744039244,43.91736441171801,0.0,42.81395773498546,392.29803926747934,0.0,1519.8350088901293,0.0,463.1006459594123,859.1928504340101,0.0,462.38000107624043,88.66023114923951,0.0,182.4036482049009,117.40609348485756,0.0,10.004611215341818,0.4286878248645951,0.0,2.9476030669412703,0.0,0.847932749381193,1.8617096562806572,0.0,1.2291161117147928,0.04140426788902426,0.0,0.005462098097993071,0.013525255751578062,0.0,0.006922555854252756
5.5735294117647065,0.5752379333597206,0.2080913404900548,0.0,0.44618176800988385,0.13869113009153622,0.0,0.05718601354583448,0.31493618312517735,0.0,1.532683389339835,0.0,1.9450232734704205,0.1827563419272661,0.0,16.87427511118899,131.05079578362214,0.0,83.60308029167908,122.1738086377282,0.0,161.00246999897095,0.0,164.20087451194365,273.0070337492902,0.0,1344.795586472833,2136.193857634401,0.0,1739.3201904080179,847.2964976294768,0.0,300.6653851900858,24.91024026733541,0.0,2.22040602303087,0.0,0.651848314692518,1.429190069629217,0.0,0.3356307977056744,0.5483289875714247,0.0,0.031647002961218945,0.036453150731059356,0.0,0.02904924115196339
5.588235294117647,0.23080804861814733,0.26223264272465946,0.0,0.4695042735517836,0.21936525348961317,0.0,0.22665616162956023,0.33595009014365274,0.0,1.0331751251691594,0.0,2.1628325472483305,17.2951270081209,0.0,1.0618104765508194,87.27738891491103,0.0,138.84781667680406,19.421857778146705,0.0,15.391713538701277,0.0,104.55530175115098,330.7813641755225,0.0,276.3732889770555,332.11782035464205,0.0,218.08955523817156,70.86179752661258,0.0,365.9991703022631,55.214880860832565,0.0,0.5965532973539537,0.0,5.810831641157943,10.177188043191421,0.0,4.251206541532227,0.12329173520088772,0.0,0.043993430823772814,0.010191824618934968,0.0,0.007530501700787036
5.602941176470589,0.9017209102733525,0.1754255470689961,0.0,0.06291789792064004,0.34570046844889263,0.0,0.12099069856535939,1.2041666932616208,0.0,6.56128977029258,0.0,7.364237085896594,1.123455920430532,0.0,7.283753611883398,2.5771870563441146,0.0,32.80906781317018,12.221756049539223,0.0,55.44431283148997,0.0,8.996680598708409,150.1025297565931,0.0,709.9469456918359,1009.2889503776298,0.0,412.5434328248693,208.0124589070353,0.0,74.04358080459345,6.831458603987298,0.0,0.09349467072546844,0.0,0.22830154075623688,0.6519745667403287,0.0,0.823973832901691,0.043527206849013934,0.0,0.01825929236617657,0.014267879330557558,0.0,0.0044465408798407486
5.617647058823529,1.84308229997444,1.3990512030626108,0.0,0.1135002903992077,0.7060666918816667,0.0,1.1661058765072636,0.20508291486899188,0.0,2.478969357607215,0.0,12.905410297723144,6.90302242156659,0.0,2.610177594946053,47.495541642435924,0.0,66.28612303454173,50.66355265291426,0.0,49.2640347741056,0.0,32.43356265723167,10.982335608854548,0.0,76.86585468571292,125.3690616575279,0.0,150.00720717688597,40.953922788216786,0.0,14.844488183103534,2.141217388625943,0.0,1.0112939886994183,0.0,0.5314438546851681,3.166084808987105,0.0,1.5098083396170159,0.040154266879724336,0.0,0.173140190882342,0.03639184968125524,0.0,0.003123251357669529
5.632352941176471,1.185819327103892,0.5661473709440199,0.0,0.8723662787789306,0.525609768027623,0.0,0.4064101090923375,0.619961901558859,0.0,0.1287986983743088,0.0,9.342090296225606,8.631670595225717,0.0,3.8315459100293996,9.368338963709547,0.0,129.88573756803794,106.37032458853434,0.0,4.8116572291955,0.0,27.01094399064617,1.2881382964068915,0.0,63.45038758960106,74.22025881564878,0.0,198.00894524322854,30.395924326541085,0.0,23.98452247163656,4.059700479035917,0.0,0.5737924666167843,0.0,6.625104927411501,9.221728863735262,0.0,2.683473754514279,0.021877092754027896,0.0,0.09599712507242636,0.01050667460259918,0.0,0.019974010986161465
5.647058823529411,1.1679716330163805,0.7812360500663005,0.0,1.3013676569979344,1.1979250832179447,0.0,1.1681517986403682,1.176695833914975,0.0,2.7861172726297654,0.0,1.1174450379300573,53.45706835494016,0.0,61.0091875374448,12.948963455597184,0.0,126.81585845238754,210.25586498879017,0.0,96.33434331670787,0.0,214.84713754400596,109.54841657895705,0.0,100.7981596893667,158.42708671396775,0.0,285.17447129447874,67.56623257065151,0.0,0.1462570642607604,2.2721449064628776,0.0,0.24392999299343865,0.0,2.131578953466443,2.805426199617629,0.0,2.2719929059512625,0.1767996254617312,0.0,0.0831036972541622,0.028901593013629455,0.0,0.04016436092002032
5.661764705882353,1.6604110036177007,0.8464766020931966,0.0,0.3915766917129335,0.9172443757258691,0.0,2.023002438312595,2.4952852103097825,0.0,0.5306332756370127,0.0,6.99431441346438,11.52010707457924,0.0,36.76392753810502,16.44648232350297,0.0,102.37396586878484,596.9814014665272,0.0,1474.3488871187287,0.0,230.63692399840397,21.675299209541087,0.0,98.68007961535633,105.57628795243963,0.0,158.67042151779006,8.854191607816283,0.0,1.4182230152980988,0.05697409567147681,0.0,1.2153389318282621,0.0,0.6017931582584659,3.392367781168555,0.0,4.24769806578737,0.6183034789762664,0.0,0.036310522646904514,0.0015222466692611846,0.0,0.007266671219511526
5.6764705882352935,0.8737216906768893,0.3602722590381875,0.0,0.17648391130071367,0.25897676352798,0.0,0.27263857888955356,0.09910536239682752,0.0,0.481927500575976,0.0,5.923995480231186,14.575963661250068,0.0,245.51592335603453,344.7899987974464,0.0,8.487929145227092,116.11693780726864,0.0,150.32534160563588,0.0,1355.8154357959215,2015.3249145988525,0.0,220.71992310959322,86.40222806286975,0.0,47.34165289123846,4.049884644952022,0.0,0.4691766176234091,0.5421627006519948,0.0,0.9916608723558815,0.0,2.1619160803887283,0.442340970887005,0.0,0.22403041785428174,0.7349955790800988,0.0,0.09244426395747397,0.01256311792492467,0.0,0.04568634501473684
5.6911764705882355,1.048126501402859,0.4488898813609642,0.0,0.35046025838891814,1.0775924620722122,0.0,0.6177376038692748,0.8377220165349093,0.0,0.27156267345089236,0.0,4.8851994420963845,32.08252788491263,0.0,83.87081507309166,532.0184292470115,0.0,1224.0486791773183,307.9159376196287,0.0,2.1004363330016176,0.0,107.25269399759881,663.0726512509002,0.0,870.4828705130582,237.80697644441463,0.0,312.7430774676676,89.78146976275909,0.0,3.978314528802829,0.020495455239511823,0.0,0.8002202891184721,0.0,2.889948723558086,1.3641849858876887,0.0,0.3360018334487578,0.06482420419301564,0.0,0.0523843202268441,0.019504000957040517,0.0,0.010175839302890673
5.705882352941176,1.3715966242685225,1.9721360119338809,0.0,3.9095129739451875,1.5085117857282944,0.0,0.24952167502947578,0.410374505618907,0.0,5.130465460946995,0.0,10.055235742785445,6.882378770720194,0.0,23.69237918450478,218.70960957370107,0.0,1457.2885693720386,5421.630786953641,0.0,4974.9747499045725,0.0,1140.5050075622587,183.8604075013514,0.0,367.92225641515927,1743.1036658934077,0.0,1046.810933028419,52.91421465396547,0.0,12.676366190636603,0.050814953616984196,0.0,1.2819931723147378,0.0,2.4213469987313623,0.8645595450636494,0.0,0.039204799611356936,0.08889681810984315,0.0,0.027350011251255753,0.006889549575144754,0.0,0.013625262376715169
5.720588235294118,1.8768624373278184,0.833780420567033,0.0,2.2609074396566795,1.9113199573992696,0.0,1.8114848992797599,2.245319796723854,0.0,2.7452986539046607,0.0,4.5502556430534735,15.683660547036071,0.0,4.011961901373234,45.560795440806544,0.0,59.40317645436603,248.554998552743,0.0,3494.210535367636,0.0,8331.953213457164,5949.413914155801,0.0,4084.1813767236254,408.1485894364756,0.0,500.58024436014125,44.41389423737594,0.0,81.65468944191825,2.4752933704858524,0.0,1.304566514510547,0.0,1.8983017972572125,4.9134891120859905,0.0,2.4788768446088447,0.645805012263777,0.0,0.033556501404940514,0.08546165315489923,0.0,0.15000896481370285
5.735294117647058,2.817912271622647,3.0175159193183405,0.0,1.4708031538180362,0.3371621937972469,0.0,1.432817011454743,0.08719271623624192,0.0,5.504202899958287,0.0,5.591148306440228,20.379754248923682,0.0,33.55746565729176,6.186739525681997,0.0,61.635842062471696,108.75492061912382,0.0,44.53114126776615,0.0,130.2502783263601,1296.160298169456,0.0,201.77760950357697,2137.1921925032075,0.0,5205.692661066994,3270.431465342783,0.0,688.2307279079578,57.69145358573968,0.0,7.3995284670385635,0.0,16.10370898848129,11.917515242556707,0.0,7.270956334471187,1.6843382588676399,0.0,0.08902008247786972,0.07963134590394352,0.0,0.17661743132036498
5.75,4.7173521984423505,3.126867525892356,0.0,2.308182086437488,5.484954730572145,0.0,2.531500116831027,3.8893319878007295,0.0,5.809285260098722,0.0,6.208989746656739,13.960990209749236,0.0,33.987611391218834,26.78813930282701,0.0,43.68668482408306,98.54026688670328,0.0,130.0714281974021,0.0,69.86220810858649,124.1534471994498,0.0,271.96100178450456,391.39806497502707,0.0,490.2906349479958,429.6906231569052,0.0,30.03872652332435,52.49823298821067,0.0,16.272532119226504,0.0,22.478983993779703,84.96378896982729,0.0,45.29282103326808,5.643913512344662,0.0,0.09984748954260843,0.08503354349662202,0.0,0.015848717926349655
5.764705882352941,2.354686421258819,0.9063307311100259,0.0,0.3730013156623928,1.4858339761612225,0.0,1.0331261304658585,0.5783029897028632,0.0,3.6482917137051922,0.0,9.10622060091843,1.9606329894582935,0.0,41.3315699020302,113.89968493703279,0.0,102.83051048965102,5.537419761691822,0.0,490.8756781427285,0.0,1573.5903582298497,1508.5213161504037,0.0,646.1633835977619,34.71616248163946,0.0,266.273536603469,172.5088190097932,0.0,26.494419322034936,2.100216550341849,0.0,3.042650732129835,0.0,14.384108359857365,6.670644844109953,0.0,1.250389088510488,0.6416368395397993,0.0,0.14408217006099827,0.01791264163039508,0.0,0.03729278863697768
5.779411764705882,0.9225274375654209,0.6579580000452196,0.0,0.307138235179968,0.7445824770698145,0.0,1.7764808828793437,0.8500605357419132,0.0,1.3092182896475342,0.0,7.674854936991634,17.656866101282038,0.0,15.088653860506774,21.842504440981614,0.0,75.9539730732878,512.7271068482893,0.0,694.7532762681979,0.0,120.12507498640966,74.71995345560568,0.0,130.37671552194936,469.77265657351296,0.0,580.6310456229728,22.60176679062301,0.0,1.4982934661760738,1.2601713844900184,0.0,2.109305854135801,0.0,0.8045049141246734,5.200792421221911,0.0,3.986737841032048,0.7425537777151408,0.0,0.07211079642969705,0.01602723412455067,0.0,0.006669792778506141
5.794117647058823,2.4256311168109193,5.608818928490341,0.0,3.1085242522543224,1.3962210498841088,0.0,2.2250835867501384,4.33587854837355,0.0,1.8890071445156709,0.0,11.18959563921985,21.59601253039488,0.0,21.54102966122405,40.44510646352569,0.0,123.66882335210366,147.62557889759,0.0,111.78444062137953,0.0,148.99295546640414,104.7958785776247,0.0,210.49857085111842,423.59981902693073,0.0,108.25643119341433,71.26514535490912,0.0,3.260118461348565,1.3044444800700963,0.0,4.606505308122884,0.0,5.255115664201142,0.7755784278147739,0.0,0.4917100874678204,0.11460550129675703,0.0,0.04952508480392946,0.01352405486076013,0.0,0.04947288930584437
5.8088235294117645,1.0348554390832918,0.4271737775050296,0.0,0.1658613933745042,0.2596120376149577,0.0,0.13930483765521834,0.48324531569050627,0.0,1.6387956661587393,0.0,2.891566908469663,27.095129584950975,0.0,68.79659553548848,3.805325075234588,0.0,35.94204340292433,9.735524353636709,0.0,3.5622506700794556,0.0,30.23931557057078,45.20926999066319,0.0,21.2011136422307,166.09426841712488,0.0,75.03745648793209,10.189223173456899,0.0,0.5576776130474779,0.010737774511371532,0.0,0.02685690575602479,0.0,1.1021487907673921,0.9860237100615437,0.0,0.16097925015492875,0.05993321376953219,0.0,0.022170879090650013,0.014303626729676968,0.0,0.010871982228678367
5.823529411764706,0.17941225790732232,0.23419587285572613,0.0,1.1120327439380302,0.16684563938676947,0.0,0.26141082953844735,0.7449976536010923,0.0,0.8647992776197249,0.0,6.396947847493524,18.408096584625078,0.0,4.281975255874267,119.12469881927387,0.0,317.85567327382546,236.9310316134743,0.0,75.30804409054767,0.0,23.013340202967427,20.78048354726886,0.0,49.987127578743525,16.159684154191073,0.0,19.66328378564538,2.269876276969752,0.0,0.11028763779889889,0.058131275437853375,0.0,0.3127263578548199,0.0,0.48099194445676585,0.11979647375211686,0.0,0.09798997453139888,0.0015152008869324981,0.0,0.012007290383978917,0.004105335621329029,0.0,0.002396175536149171
5.838235294117647,1.2244031091280843,0.18659676435686467,0.0,0.5610143376864278,0.2569310595718771,0.0,0.3454288000331316,3.018454318577263,0.0,10.006553115822957,0.0,3.8176089973780996,18.084423854413842,0.0,22.75403346199587,55.705554408489434,0.0,286.68007362488646,204.78449521328253,0.0,52.0477357999897,0.0,77.72830599669773,33.91222880237432,0.0,20.321148353822164,11.929459501071861,0.0,17.354658716734487,9.823641527424396,0.0,3.128090554900199,0.34628740201749086,0.0,0.1438643058565765,0.0,0.12555029815066884,0.3635089876483035,0.0,0.9190274482077333,0.19880553117560873,0.0,0.05396543063589157,0.011139981175584814,0.0,0.006467687115233132
5.852941176470588,1.3196964287447552,0.41698800179213535,0.0,0.13684271823595195,0.06876708383028253,0.0,0.34232116897172626,0.19306066688844029,0.0,8.0584191391268,0.0,26.91175160904816,14.709602195463331,0.0,23.0976485815855,55.302044462427055,0.0,282.8168809097846,10.333002429872002,0.0,52.35724750715448,0.0,71.66441109171488,273.67076805723843,0.0,163.71106498565845,28.610084358006766,0.0,5.3196202585768155,3.1098138438081806,0.0,0.8627850616484056,0.1373794371999305,0.0,0.01808117389313617,0.0,0.3959998810651302,0.9982279277977231,0.0,0.6368250262002187,0.2837024536338272,0.0,0.0717981676570955,0.0598370517557484,0.0,0.07198536505998285
5.867647058823529,0.1590598826788454,0.18672183221892735,0.0,0.3426958227718404,0.21111382087588976,0.0,0.13735324925115738,0.7622086534820924,0.0,6.835260346134082,0.0,3.856887857255833,8.249380033653058,0.0,23.81488998458802,141.80649056678587,0.0,626.3559742792174,1377.8079846748446,0.0,981.6473192679089,0.0,35.801585140225136,87.40296867773836,0.0,66.4035335310022,112.72412712890883,0.0,24.920969961454503,0.7817611365524338,0.0,0.5511081205740835,0.4145489899813438,0.0,0.09768797354303224,0.0,0.2718299655739725,0.04646091646961822,0.0,0.22418567199823297,0.20546730257942564,0.0,0.032692796937840926,0.010398149045697346,0.0,0.014714174481925888
5.88235294117647,0.5905993414138808,2.16636872818706,0.0,1.4556418018337605,0.4482697097983398,0.0,0.29200181080789395,0.6909171405277319,0.0,1.066078054681882,0.0,3.7881447830256407,39.11065121865685,0.0,177.4129099292961,244.3426950736993,0.0,127.34308447357961,52.263090683540625,0.0,223.28950659214377,0.0,116.0615924083821,57.53755955410128,0.0,63.52645661679989,39.5217238284958,0.0,98.69111538105038,12.285790856103542,0.0,0.458099833294885,0.17639118050992214,0.0,0.08900248079872206,0.0,0.5912337693119826,0.6952045093267138,0.0,0.08714815172028861,0.02283965971278713,0.0,0.031577862799317125,0.003684132825723388,0.0,0.01748261068364651
5.897058823529411,0.2952944225247822,0.11519585662767569,0.0,0.3217493558619826,0.5888448481118609,0.0,0.6901254538143577,0.941674376280439,0.0,0.7853473518831563,0.0,8.135615112604352,13.279118532880005,0.0,15.56344789520487,9.67360942608046,0.0,24.713393095585943,122.65119128263638,0.0,311.6219135801052,0.0,73.76210081429726,40.86802736788971,0.0,112.5916027523215,209.35067437436646,0.0,41.44412787760854,52.144755242693755,0.0,3.2084864116287477,0.08975360084873026,0.0,0.7716602604066596,0.0,2.9982284413766114,2.312992065590807,0.0,0.659927971593179,0.09865381558062676,0.0,0.010362025626175702,0.005943320957885406,0.0,0.0065627704776545295
5.911764705882352,0.4825729564188765,0.3244131962967324,0.0,0.17524210702084259,0.11879935130966271,0.0,0.2894681186262355,1.3774099898542853,0.0,8.215675349628954,0.0,15.641672373571236,19.632504324781543,0.0,38.1094114076314,73.105429034288,0.0,271.33876132428384,515.5151392087157,0.0,516.5949237382544,0.0,827.8504247565737,372.364343427727,0.0,44.80710261182608,416.2537585842316,0.0,250.46914636719163,19.19303030602007,0.0,0.3522036824365575,0.10367786575706187,0.0,1.369217736045088,0.0,6.799983922584383,4.838380999835814,0.0,0.4341144868213447,0.06401194804845566,0.0,0.11116296053709958,0.03086800967579002,0.0,0.010804674742281478
5.9264705882352935,1.204313435011554,1.6642416018245583,0.0,0.7159292093044559,0.12642868496966253,0.0,0.3655101188249152,1.4363305989465986,0.0,4.937235477311331,0.0,12.439288537443023,22.127311412045508,0.0,17.663280272665055,26.679380124572376,0.0,17.279311594643097,110.29540286631409,0.0,58.388988259145535,0.0,270.377099483185,796.3154742574245,0.0,163.24212452953458,56.994501590147564,0.0,238.46117969259979,83.71302132021876,0.0,9.837367441336841,1.2744361289204402,0.0,0.6652861621940529,0.0,2.7021737165882405,1.9695556663848828,0.0,0.4826003154151042,0.3974149444500734,0.0,0.07239203864680117,0.009426898541244908,0.0,0.016005105114576854
5.9411764705882355,1.209402270185008,0.4280697244538764,0.0,0.2854247565218756,0.09783080182718962,0.0,0.4740900511184927,0.2795472982219194,0.0,0.2876021169443431,0.0,8.744107444420813,74.4738237447998,0.0,43.22932778674753,5.2534905189781735,0.0,30.391373886336552,392.41712769305514,0.0,838.1392866338978,0.0,406.92408935426096,103.27810031426506,0.0,405.5358042525812,401.48209459963664,0.0,104.36289784238531,25.188820079325932,0.0,9.011790956370218,0.09096774388434266,0.0,0.7975306201593789,0.0,2.7286794334032463,0.2578158752174577,0.0,0.8559814527096362,0.16792498916149506,0.0,0.02733574359632432,0.04743538502006075,0.0,0.03539849339288246
5.955882352941177,0.6642771285192071,0.5698737139237685,0.0,0.07515875013476804,0.04294145071937966,0.0,0.22417659782934016,0.6453338915035386,0.0,0.914808081677799,0.0,9.195238474363777,107.01499585124222,0.0,156.74854176130972,126.17894543453411,0.0,227.98752352720862,232.43741767564654,0.0,83.69502646087304,0.0,86.22799095175506,92.83996506271546,0.0,29.686631733018427,150.71494661836948,0.0,24.845589694532965,15.86830822433905,0.0,1.2475702476139672,0.0619235789120106,0.0,0.1288832400177393,0.0,0.8784911219416303,0.4464643281349931,0.0,0.149334794549443,0.17808498086676278,0.0,0.022782866701732372,0.007165443434256309,0.0,0.0023678156150708884
5.970588235294118,0.5946723783680694,0.32734258149152684,0.0,0.5123088551430267,0.6300594740712556,0.0,0.4492969031727018,1.8155102830680172,0.0,6.344954469087677,0.0,27.854935504893422,49.85116165934238,0.0,11.927887933726776,20.98965926344086,0.0,105.37179399110846,56.57037700526391,0.0,1.0087802503605146,0.0,9.935856847776684,30.160853070201895,0.0,165.792898916908,554.6581697327664,0.0,372.68758922865044,33.59985130025409,0.0,0.37866810217368607,0.13837710147012866,0.0,0.07938750311246111,0.0,0.15342974440477825,0.13182555428954118,0.0,0.22641169057411525,0.025620758699961006,0.0,0.004714652458641028,0.010541372415470455,0.0,0.008939815604750847
5.985294117647059,0.9294910233805842,0.6260348773015666,0.0,0.4557053197535193,0.6836899177273877,0.0,1.0801393899948952,1.3146326020359653,0.0,1.6730359370163306,0.0,0.6234407092117736,4.63094456683946,0.0,7.380715205024888,89.17257086329454,0.0,172.51969849365975,54.32646221203727,0.0,97.80991259015693,0.0,17.279017533415242,7.934970800490845,0.0,76.6863304396748,353.16413609679205,0.0,105.76959567598448,3.489101570027258,0.0,1.555554773103703,0.011426451011713495,0.0,0.0912019882318077,0.0,0.057074677420398096,0.6185542911440243,0.0,0.4087714874670608,0.023693390175192387,0.0,0.023627909413180305,0.021074089982501765,0.0,0.018961283534660967
6.0,1.1188919189929407,1.5970159453128574,0.0,1.4182720927232277,1.2544538503673388,0.0,1.9517549646767671,2.28466123014219,0.0,1.4430779449414892,0.0,1.4741593894516198,0.4321042757873964,0.0,2.7918239587033895,15.887356741408611,0.0,26.553359124928505,48.669277776673326,0.0,102.66030783497013,0.0,142.97842063256022,151.29294709454896,0.0,136.6753961258081,76.98588073851667,0.0,16.022984209227566,0.875645977774402,0.0,1.9853362856617203,0.7935363457142475,0.0,0.4143781291703109,0.0,0.5683773633465978,1.2549914322725364,0.0,1.1426489664019153,0.5877880907175712,0.0,0.38720749530827836,0.34935194008959747,0.0,0.3005489008379685
