time,0.05,0.060000000000000005,0.07,0.08000000000000002,0.09000000000000001,0.1,0.11000000000000001,0.12000000000000001,0.13,0.14,0.15000000000000002,0.16000000000000003,0.17000000000000004,0.18000000000000005,0.19,0.2,0.21000000000000002,0.22000000000000003,0.23000000000000004,0.24000000000000005,0.25000000000000006,0.26000000000000006,0.27,0.28,0.29000000000000004,0.30000000000000004,0.31000000000000005,0.32000000000000006,0.33,0.34,0.35000000000000003,0.36000000000000004,0.37000000000000005,0.38000000000000006,0.39000000000000007,0.4000000000000001,0.4100000000000001,0.42000000000000004,0.43000000000000005,0.44000000000000006,0.45000000000000007,0.4600000000000001,0.4700000000000001,0.4800000000000001,0.49000000000000005,0.5000000000000001
0.0,0.0,0.055444880671506,0.046204645206310145,0.04412490632423359,0.03292234760471513,0.02670345700436213,0.033653409433449216,0.03769392891431112,0.03337136089991512,0.0,0.03453004361298453,0.047217848858756996,0.055016846607719175,0.06496201250931423,0.49431475683731474,2.3196827106974562,4.8228825631074255,5.283745295914691,0.0,4.707673318344328,4.467938598678167,5.9432834845116735,21.99713285199067,49.25953607425562,52.6035264611435,29.793509199575933,13.882371739855405,0.0,8.18414730524872,3.194708993969498,0.9535128938828235,0.927170694746251,0.86302881144861,0.5768086818837176,0.6849376359109512,0.8039978129383274,0.0,0.8499592972961594,0.9146978554308642,0.917371106679754,1.0220065266853382,1.5065549032585719,1.2535544244172216,5.451346920767241,11.522357334174197,0.0
0.014705882352941176,0.0,0.04400003944837796,0.02848299447265576,0.018062725151944264,0.03447464645310446,0.019308453013427092,0.0027651286220376475,0.007036377853541631,0.00617351006919094,0.0,0.005356752408521768,0.004407010865202597,0.02071997156517623,0.02383355647415959,0.47623597965006037,4.175345898056748,0.8544439638683375,3.454451354501842,0.0,4.840109234525514,1.9494495047237537,7.5518204626575605,43.662538348544906,216.36070716845464,264.2770908704483,43.993985017571326,3.7643388830739686,0.0,2.1849965796054036,1.8011469464744858,0.6075583664148132,0.05520944920444583,0.21056462205294726,0.36302631627748816,0.09908549657658731,0.019552273107953492,0.0,0.004861242027882125,0.00829569635178122,0.00553311924346199,0.01370008169948107,0.10479277683541477,0.7444706161581245,30.03268997299024,49.56229077459545,0.0
0.029411764705882353,0.0,0.040551346827235886,0.014785132914371071,0.03281573360564693,0.01718847947002592,0.014131221970584282,0.016936270049535962,0.016035453179078254,0.00919948345751911,0.0,0.0053052342277720415,0.006470836850872038,0.00758181619606858,0.019834075527185566,0.4161329736336908,2.5556735646221154,0.7297761361856154,2.8900123775286826,0.0,7.200906665520815,23.98385820329147,9.609493569275191,14.451403757701392,14.607605227983282,533.5507044489341,346.6444535472193,23.068930548031027,0.0,11.645397756017925,10.05062397248339,1.6411880911847212,1.7735643883541585,0.1547777108234713,0.15627002290165198,0.2476893264630481,0.01229367588948498,0.0,0.004313499995839738,0.003970105587341369,0.002955122420985212,0.018212508468565813,0.013547099101135024,1.3792523924564977,74.42710370989374,401.8196973907104,0.0
0.044117647058823525,0.0,0.0935988747149179,0.04314051165323755,0.022327746094984634,0.01949081615306942,0.02558302601436048,0.011011376713843965,0.007846345608240124,0.004227955945013202,0.0,0.0011559332247388452,0.010488652843827512,0.010939396304596772,0.20686250507259094,0.08824204338199726,0.28411165207376987,1.1786792335878995,0.35897131831697926,0.0,10.224345930823691,24.10765638043817,4.112503072201377,7.638881845718118,22.980285556817144,588.3741755870524,3069.2720561872547,2275.42700192092,0.0,343.2863185662399,43.63197734162493,66.01998039409165,10.075193270848876,0.4691384317065834,0.01851381841549842,0.06907766144251462,0.004943273004585015,0.0,0.008266531862590134,0.005482386894623894,0.010871431019725774,0.005498073379005622,0.05628657199913735,2.0639508566601608,22.011585103681725,13.043370214097978,0.0
0.058823529411764705,0.0,0.04999086110321188,0.044114861088218646,0.01511632234717146,0.010528601419565208,0.002484357178811867,0.004304846585939416,0.004712698672365203,0.012976370486146504,0.0,0.011651995330431843,0.01568576597612075,0.0856962263657483,0.5344256014659112,0.735288524068616,1.9853528476008528,3.4697089771643927,1.10666866911902,0.0,2.2798832859076112,1.0855283093511567,15.4428226799205,6.907779433281139,12.479803706163528,150.3896083724345,202.26568025999103,43.92411951996611,0.0,375.38185506957745,182.7613358708117,15.406002619996983,38.66096396359106,21.35090074137881,2.1149393604915563,0.2394048550556917,0.013128455690275135,0.0,0.020825512682987733,0.012208090458181414,0.015522361876079332,0.011848669265337753,0.052997192086846015,0.5834021003013251,4.369535677335987,6.653959029128586,0.0
0.07352941176470588,0.0,0.04893305428289602,0.03725769774945434,0.04001925418824639,0.03042403104440075,0.010566388193492184,0.010816096175686022,0.01936425068797479,0.02424640726180527,0.0,0.052677989367536024,0.07487137550993139,0.05455080797211179,0.09919084044646063,0.2734073876241452,0.0761337063889266,8.096096020726932,19.59261099757763,0.0,14.700745854001145,13.256155644165275,4.983098105478764,18.031217409231154,18.120567430488038,3.564280519358424,3.7553666873530878,15.05947612720021,0.0,37.30038239292237,144.09584019832272,176.55789198629367,79.79312378832013,25.33674356802261,8.272403915134646,3.4658026838036298,0.0568092150474271,0.0,0.04858525262209718,0.005011344598605517,0.01263455980373603,0.046364190589499435,0.05099248700980906,0.7568388286676746,12.608866087208416,100.58458740841314,0.0
0.08823529411764705,0.0,0.025943403864172546,0.012463782342187393,0.03368527833184579,0.0408238062513534,0.013919710492381783,0.016099326595168398,0.01830707875637773,0.04180731702123305,0.0,0.026517088213191677,0.049013217892918876,0.22190852209578116,0.30292955412019157,0.3547693519613392,1.275230683385321,0.3956793762664336,2.245925077634829,0.0,2.4226498660686246,2.4192641058052464,4.131167442282089,14.256886959353928,8.823822341171342,2.670777553948585,2.0352740485079517,1.0634547451411418,0.0,7.041318692014629,2.3859089350221083,434.36683377394377,1775.5447740731124,1090.9810616225586,189.88613380218388,15.0391569125306,1.4815717589889892,0.0,0.015697594618545578,0.04023120870025981,0.04033096335359367,0.011330959214530183,0.03850334696034827,0.5660709263599024,1.948309269590636,5.5687180996699,0.0
0.10294117647058824,0.0,0.022263356438880243,0.03177942819694682,0.012072886864084021,0.04781465181952084,0.05629861033767938,0.03999577058797658,0.05209075497096858,0.12776632908484706,0.0,0.10086194354420874,0.18003618580264294,0.28340405899721227,0.19198594534957542,0.3457952338097367,1.054789267753,0.7955275964764568,0.9779370892883095,0.0,4.449172441787656,15.695195954632243,19.407673957713506,1.5138322775277064,2.9376638193606324,1.7340644654557114,5.165829090961914,11.0028072050709,0.0,8.531037540665523,83.53042199307367,660.1545323002008,3563.546139752257,3563.3780550278207,1975.347169568593,481.84730267104567,32.216438913669826,0.0,1.7895132053472125,0.5649701754247272,0.26482392496815044,0.24366393244551737,0.33273851926242215,0.21535601612079053,5.368503190358112,21.64224532194556,0.0
0.11764705882352941,0.0,0.09111887585238462,0.04627992570982458,0.019872308482492718,0.03823089290832434,0.026865977114770456,0.013689645531595313,0.04140965644000462,0.014048122875817545,0.0,0.09805490060224482,0.1492090756767318,0.1705793692930438,0.1487739029513877,0.2516513614293934,0.8940204274679572,1.2753892567053924,0.8312602013159005,0.0,1.2417484136905261,11.679241361076405,5.1533230384943725,3.4531227489362784,2.870583793055232,1.1993075501125288,2.8232130842386045,10.860026814144234,0.0,22.793895830868912,142.0030400228369,167.65330326103077,61.22956665914545,125.03947707315658,1959.997280333227,1093.0285642568174,126.41151230698723,0.0,0.5270986878994327,3.752850473829706,0.2864578733087537,0.15064784945218695,0.12698553587004024,0.5899012534013873,19.173874280877452,118.57845372579592,0.0
0.13235294117647056,0.0,0.05591631741144168,0.06619570345643488,0.019342656512011128,0.007665455409174634,0.02561446010019581,0.04375561160754225,0.05785477476538603,0.04924703172357017,0.0,0.1105056954901708,0.04320569474438221,0.20453907960403483,0.1665884909364711,0.5785158628534486,1.2203792568065128,0.6554284097383045,0.46094326571418853,0.0,4.572846432065279,23.185175072182005,10.299121169981216,3.223491640973097,5.380536153458787,23.68144040906885,56.63303364002892,69.81701916710585,0.0,56.84706913746661,34.52706765496033,29.557078563102397,391.5636812573333,2106.813356169655,2473.7726915396393,303.65091665953423,300.45165928844546,0.0,232.18889203486538,16.91137923368963,0.25463089450899035,0.1716990269088074,0.4504292929519613,0.12530732815420223,2.8906043392708316,10.409642567562715,0.0
0.14705882352941177,0.0,0.04281030745854902,0.030207588299662635,0.033900313413801224,0.1175491611297027,0.20274336326417153,0.07974741681503397,0.13091751711137814,0.2995067585226392,0.0,0.18331303572095414,0.10490261534590802,0.085268920461242,0.03750530576541983,0.16043623976701216,0.08630408417478576,0.13574388809383708,0.24612077403187305,0.0,1.8443698953940597,22.24783074192998,43.75317975222718,13.752893061891953,11.986300821577828,22.173014373931608,30.664763796333133,193.40585712930664,0.0,177.48947220184874,11.761455047330765,297.9276417817256,279.38431709186494,46.22560201056949,176.95838061372035,434.23877695632206,316.05297590679936,0.0,68.90393998070519,73.91122570210874,3.2468919081386494,0.40044821178594714,0.10405785674127069,0.3371390535478421,3.819903921025131,67.82198228170708,0.0
0.16176470588235295,0.0,0.10019534757323754,0.08696075229763295,0.05409573064628432,0.08043497563421709,0.06383746016181584,0.07349972189999295,0.1411552798023782,0.3200108769011728,0.0,0.1576804279203193,0.0935190864380297,0.03594635498773967,0.02822925015155292,0.10072050908697852,0.3623865284649561,1.5650048875208575,1.6812463032704006,0.0,3.2714949734671426,12.495842889711781,27.590660634422605,60.26211051843604,20.466899275596774,10.566159781398191,20.443736782451932,5.346762947739347,0.0,493.74047696785,1139.1685554532492,300.51813210053217,22.756286691937706,19.00918210666785,53.054350418952566,177.70722449981247,119.94938003673049,0.0,128.55157806931237,39.01760414634625,10.759342372870698,0.9964120808825785,0.0690588444794782,0.7096701252859651,2.543174329756052,52.12339857585553,0.0
0.1764705882352941,0.0,0.23860403204325253,0.0638601138744689,0.13193971369878368,0.093724592701345,0.0838256953465468,0.08937872654551811,0.038994620982507264,0.06087113354247234,0.0,0.10353129337365452,0.0851509275023572,0.061776036258656616,0.09222169249325865,0.07380371333019901,0.16521898790178732,1.4605337425901035,1.9274541666166642,0.0,7.423615169574372,22.13663648633233,4.087370365364208,17.80336725587729,3.514436235582602,45.47575930515755,34.89853620199894,42.39447094563306,0.0,15.59943442842727,90.85339080181885,580.8487366994942,370.93405195129594,22.920721170897924,18.619972849660247,81.43055530717547,36.6393416432012,0.0,5.410480826309183,2.346714785315011,0.34497687073791633,0.418206316372833,0.18360490540619234,0.023164820930686773,2.977658463041594,81.0144078782487,0.0
0.19117647058823528,0.0,0.047591021466540984,0.03299748949321154,0.03138014270505124,0.047964935771819255,0.04509919319092147,0.02830705289346102,0.050663256762327184,0.026652452514835657,0.0,0.042974663613767616,0.016107982703022404,0.07535399482181591,0.19243580392522913,0.28578698417323967,0.4035927780342654,0.4747919124091168,1.9334057822636654,0.0,0.7738254924310599,2.9799732799842418,28.67573609455835,4.344700419930668,20.404862763904205,14.420609290371505,113.6254409812361,87.18098241016307,0.0,22.319668540459524,3.509499605076446,15.156612396480584,174.13725886457325,95.9850671605676,1.7759042207687021,23.433936458281458,11.890465623759866,0.0,7.175205057561808,1.9368886459103392,0.35663327033470615,0.1012603790127484,0.05953427950581294,0.2099431082664044,0.8931623374259225,12.573810782663257,0.0
0.2058823529411765,0.0,0.10727375301039385,0.048954912392029086,0.048071669271729504,0.050262934606573065,0.020750658154536458,0.03577983911430594,0.010543740968791748,0.11198992893367682,0.0,0.1640537017185917,0.159214806268919,0.1994230212405624,0.9429015544372881,1.5014854944574754,1.7167263990068058,2.0687089553031672,0.5129686151239667,0.0,6.854841876171241,19.712978312900603,10.318316223107626,16.107264114190507,63.79735377513681,38.49748566429467,58.91499431363425,681.6963425603026,0.0,429.9934662906041,16.789397952509386,23.66817362702739,331.6603882858384,676.8037208759647,279.1263972537062,83.40656838628414,67.79849623021595,0.0,10.280578151315027,3.371729257332481,0.4618249395181372,0.055990245212830705,0.20910729767875566,0.3870717639386654,6.138597460046949,71.72008048093544,0.0
0.22058823529411764,0.0,0.04460333356347499,0.07111820502436572,0.11334366533241752,0.14929351025760643,0.1435725059070604,0.06320277607304611,0.038390674659522304,0.05047038907447468,0.0,0.08685644677430317,0.09830514740681716,0.17721659562773567,0.3720433503186666,0.7762884497545678,1.0484561352949178,0.6514487945341958,2.234231829267185,0.0,3.0351068664458287,3.6343327635723703,2.0285717615601575,12.817876647268896,16.338235240232777,31.233897092902975,199.25159593607913,480.3895062075902,0.0,443.52656668867274,138.26281335490958,211.12413537636874,105.99837532505732,25.663182798847643,54.50007135508184,7.480393630654177,25.94378355217672,0.0,35.28984476545541,34.31391918591099,3.3289387972082998,0.34400865933483793,0.04242756870185304,0.2845762678748799,4.195571886202463,12.014803318273673,0.0
0.23529411764705882,0.0,0.09056440367017413,0.09240210722020564,0.06321813937276607,0.02940518116501533,0.05774601932674358,0.08116082049652229,0.020110645581055648,0.03920295022457741,0.0,0.02127731274118243,0.04013551351879507,0.11466142265992531,0.04843407430215083,0.06521452177199807,0.17637820099341367,0.5569969688839813,4.4595787948002075,0.0,3.0531923870109523,25.055345303377045,30.994913517208374,8.564803738464155,19.877146668329154,5.3009135034978065,52.02218962563347,147.349318477766,0.0,373.0695472769927,789.5650780444607,364.36622186375644,53.556758681435355,4.39178605827606,2.8726700183236176,8.214996307432077,3.049992661377016,0.0,23.5564636094742,2.4970176063687273,38.26896436132087,18.29072487715505,1.7178656515267234,0.34216710128581956,1.6511417991530812,59.10707460579853,0.0
0.25,0.0,0.13656524519338514,0.03215941399932649,0.018025715041155507,0.023480248960006597,0.013297753306726758,0.009049985454040153,0.0034175741469533926,0.0666978938988995,0.0,0.09035399412550361,0.057297964123061734,0.08906804619499617,0.07457824887437217,0.42926294362721723,1.2532179281873677,2.2653716484202815,3.944754744653847,0.0,9.529489864905045,9.254037500566042,2.786566061596927,4.0062629635899665,5.273069415106102,0.3665544942142912,3.0372357666852308,2.510746961414794,0.0,18.870863816623977,62.24771618086023,127.70057522329103,152.63777463271379,31.469050380915437,15.946246431696343,18.55212119426413,10.971021522890126,0.0,1.8248737150319823,10.3059256527086,14.810368472076194,11.713426953576366,4.91972738587444,0.41118998841528803,8.436484979399026,141.7099931789809,0.0
0.2647058823529411,0.0,0.011787869718314546,0.09042608531213182,0.06933870920593165,0.017877762453999878,0.036331228303140124,0.021119646128669855,0.05192794300564921,0.03475010371277161,0.0,0.010752921746369548,0.020611268884216962,0.015171612831375067,0.11289072222810209,0.25394321748946064,0.14491870981680932,0.5884056020077975,4.051537710910102,0.0,8.676272597802567,18.013712229450327,29.059562485612414,23.98398771044491,36.8632676087542,17.801961594407427,5.018453801924619,1.8701779068503877,0.0,5.976407716960999,0.9186494785854683,0.6246613302992124,13.391584392902708,24.32669673330076,6.04591575472891,2.2505300991545445,1.1663856182847319,0.0,1.8894647676198304,15.216670603039185,31.594091167507628,21.68236180313771,4.256704583075232,0.4511964399703452,2.8270578837948293,257.16702682078153,0.0
0.27941176470588236,0.0,0.014703400065931335,0.021679815985993743,0.014023173806184893,0.021657495302875265,0.026119195896670767,0.0335399360145143,0.04892295900754252,0.020284444110787066,0.0,0.009086566986769585,0.005275956922002698,0.024939050463925083,0.059072545725786185,0.30915857940540953,1.0521363849662102,1.8578129460044828,0.35280418928231627,0.0,3.0007050862738147,18.092353969147837,40.707134601484725,56.93600857546103,27.473461354749446,1.9127174683011035,4.899374862331958,4.674028576262733,0.0,0.8176498435050519,2.019584255788314,6.113573467405879,10.715637376298954,3.392832199133286,0.8774765140872816,0.531020104696935,0.08484973675011366,0.0,0.8607476876186763,1.8203236702828203,2.4771577575168733,13.233149126689202,4.396674524912662,0.14467749575661185,10.422127356518445,48.04462532254514,0.0
0.29411764705882354,0.0,0.009998143678263679,0.027026078960777834,0.03305510695341567,0.018944784039562772,0.01605614111485793,0.009593599206712745,0.003180222107909427,0.004417496718913511,0.0,0.019342544952180886,0.04280338979166097,0.045630653085071735,0.10009047665238008,1.2375453505833007,4.715707774333893,5.454086882928578,2.4917684245677387,0.0,3.222503773892408,19.59329800762706,25.809322658262765,22.2203566849228,37.07043255330959,16.914807175035136,3.1654324588407228,2.791898691991407,0.0,1.8586901730899053,8.462665019908638,11.164283105003802,2.366731282622128,1.0324170375212327,0.3294738562554056,0.11829504566782509,0.1417614219829595,0.0,0.08261146572007627,0.3245953626331005,4.031152143619222,5.596168121130853,0.8846218446559697,0.24778892871745972,26.379571764796893,102.88814001854861,0.0
0.3088235294117647,0.0,0.028966558151939506,0.011909776082069373,0.014858174647721666,0.005067171072151924,0.00672458304334761,0.0055592084446182116,0.007442595118457024,0.012875216759454685,0.0,0.005801460563118821,0.005331901938229537,0.027127493970631994,0.012699034538291422,0.2651131616918022,3.435980893563828,2.177779728131715,0.9580905542255211,0.0,1.5054341808764515,5.846400184053028,12.432111029285187,45.49817824702039,17.36722134611464,0.5615642791638604,4.788266537087269,3.5073236041465305,0.0,0.26267622560077697,2.1076083957372997,3.872821534256653,0.24233018225828773,0.3121393671888313,0.2504956892865818,0.03654575346201828,0.1113801918752388,0.0,0.08151727117681869,0.0405354722356301,0.32667108147962287,0.7295814217295729,0.44270301024355285,8.9208437993328,89.57310535078216,263.53556135464123,0.0
0.3235294117647059,0.0,0.06864973458072773,0.041480540725153066,0.01773436581405117,0.02129988308862741,0.01996130453635144,0.021375741240329857,0.01451430207569047,0.0031888343254440387,0.0,0.01060260182116713,0.014225431521401793,0.07521439845780702,0.1599975175010302,0.45057032820000986,1.0344208021438115,0.46819670528559865,0.48058150529213794,0.0,1.9423442964320345,2.685458828235995,4.835231350919761,4.133894076315517,10.502612365444165,8.596483734789535,1.108373838558573,3.9557111118810786,0.0,1.269891832085889,0.09497425962416146,0.5842222895702085,0.5050322381987188,0.7427405912089821,0.2715840347681108,0.04804468939941431,0.022344323938413548,0.0,0.22462337519165002,0.38787773200713016,0.04802842972344387,0.026803212666696892,0.34689549230535655,2.4551933690305,9.36633909412463,37.19363886650832,0.0
0.3382352941176471,0.0,0.04530411225233638,0.037861561112864976,0.007420157006377234,0.010554424117327604,0.012457506682179261,0.009630778404449116,0.014212014894553239,0.022423194411804848,0.0,0.02703911550499562,0.011982652853893862,0.05100451787961699,0.28628190047575935,0.736078590353388,1.305135286570824,0.2571667137825113,5.3220488490833535,0.0,19.056464581480732,39.656675834001284,36.0592611665127,10.398988033516053,1.3804964416047911,0.591513167879161,0.5742149993177551,0.8539429931569996,0.0,0.5700063627297186,0.09882357174526094,0.16416846765664658,0.3149317231554988,0.05566651260584882,0.01557815519090706,0.0379438973474671,0.07963716648674285,0.0,0.056851661406500206,0.3441911721290706,0.37170490468486483,0.18636985662426733,0.1411990630493509,0.6425059307270846,19.152676961466607,100.20727211183468,0.0
0.3529411764705882,0.0,0.0338456312479317,0.03607020985147195,0.02202816348240461,0.020514336329633648,0.011066517761142126,0.010815959333762776,0.0025371990909068875,0.0020098680635342665,0.0,0.01790696262539452,0.02317736648059377,0.00930304375573209,0.006825469436161057,0.12277003066562914,0.6628555354490937,0.39207233164196154,3.8829624136342202,0.0,5.78329809836618,0.9908665772403402,0.3766005170071055,2.235622078546485,1.7499652956395273,3.4663816616118854,1.373074178305989,0.18818955911945656,0.0,0.1551327195824178,0.13258486914575973,0.18300192737478285,0.1622208653857865,0.09449432312558188,0.033031703133274325,0.11882829637698217,0.11954474040338292,0.0,0.1468711059262635,0.0071618000167264105,0.06323344637619696,0.012135463773070301,0.07797365783776605,0.21514835469949983,2.8831366129570366,51.07848044217363,0.0
0.3676470588235294,0.0,0.03468431499841132,0.02610754780075597,0.013403760989231036,0.011437913140724188,0.013769808684095821,0.01016567046739763,0.012324174919406858,0.010987194738500329,0.0,0.003083937403281041,0.010224223457809427,0.01071586492183305,0.09620045934532558,0.10060281127568234,0.5997873159390037,4.47035448488587,3.877462966819566,0.0,4.934138097887778,6.446754612205346,20.131551193409486,15.706075162126256,3.8755939599534033,9.327913676260103,6.823997841672782,0.8292098555336133,0.0,0.052078627790869546,0.04990158660439807,0.032582458737120665,0.015218731800773565,0.059862035258876165,0.15841113201568982,0.21847870730292238,0.13857111613702575,0.0,0.43244256717471247,0.746444851107277,0.11945950939749084,0.03296708144191892,0.06003338386400368,0.4252491989803112,4.894590250063525,6.126151162967163,0.0
0.38235294117647056,0.0,0.05795306478360762,0.06353907680789384,0.030270362002480414,0.013067414718456615,0.013064347139545789,0.0031196914295738543,0.0034204675855988792,0.008765161889163021,0.0,0.008873735411348142,0.001807277014606317,0.0041639130893683296,0.015294761058141067,0.04416580588668109,0.2018688279789969,0.21313010895355772,1.6052791273581557,0.0,0.4487473181174258,14.029910320892172,58.631526929946794,58.397257538564055,22.469228507649866,4.417363553874318,3.967259456053732,0.9299580479771574,0.0,0.06837588608855891,0.06323658700243312,0.035026669859627726,0.04455846984070225,0.1342795751332902,0.12285663403030918,0.06180910979257427,0.17298975756107077,0.0,0.15719086167429366,0.19781725348431994,0.49517044493446527,0.0865967148624076,0.012762945793806053,0.03249730914224292,3.714606072012511,10.886396436638009,0.0
0.3970588235294118,0.0,0.03272009019192455,0.027009752033816486,0.015683532726874498,0.019402192777504195,0.005543462632214965,0.0042433152010624905,0.003864285759205174,0.003714158153474233,0.0,0.004579483758592446,0.012335639145883686,0.007884060557521654,0.009546112434697343,0.024075809070186124,0.02988461788171882,0.27548798057398777,0.641300291922051,0.0,2.462894066769455,7.255011203415524,0.39855573589769794,2.3798545896236742,1.9045408155723456,0.38381557120267856,0.5507165994598494,0.25271167944422446,0.0,0.06318826108778042,0.024505980585486725,0.048591103797448076,0.12804792941507723,0.18182141267801216,0.3593039537045001,0.5210323919856713,0.08152771631476308,0.0,0.20082443966276636,0.16977853130994242,0.10623189325840648,0.023827570805012917,0.04778097319858063,0.3757032722976073,3.9623758373705398,18.17452652922771,0.0
0.411764705882353,0.0,0.01905651181054482,0.031095104622528784,0.028128653496294717,0.018836646504988508,0.008235640228518793,0.009484735543100156,0.009126121479471207,0.006342307796154792,0.0,0.011844979537923591,0.018991952466921036,0.008614621500562358,0.00043005790714406675,0.034972103312515754,0.09038340875681138,0.10240251325377754,1.5396406576840915,0.0,9.780103312455333,7.198136406268215,11.17372523149756,29.068646609504338,18.8415036519746,5.122594262416488,1.9789344710531425,0.20539097479532398,0.0,0.0978343359913389,0.023881584513309635,0.03447436198568532,0.029723136906934313,0.03248774927565626,0.04327797234312573,0.039659710678404986,0.14270182426325498,0.0,0.04430840497879987,0.09099156828053709,0.03370002774822585,0.017496406647867245,0.02170100779605206,0.14276318829552564,8.526519206890201,10.432457204920762,0.0
0.4264705882352941,0.0,0.01751461059185053,0.0062821261272238416,0.006430455874010462,0.0033135875834712624,0.0044239986017126694,0.005903468267247724,0.002675096103867706,0.0006791218990713616,0.0,0.0022665497019308256,0.003734564138095848,0.004747893902577754,0.0045441761550440414,0.02020190132562086,0.09069779297481591,0.5490206167123624,0.3048162226393017,0.0,2.977331864541976,0.5333959586617584,3.9372116113498166,2.018169113829015,2.8637325127459214,6.297700815241063,6.651105299642732,29.86766687016053,0.0,11.321651712315031,0.846662238306814,0.05342781733422379,0.008825332070792797,0.010277247094601998,0.020333823700566838,0.012706379168747629,0.030038045529939265,0.0,0.0807017137156294,0.08472206542963076,0.005097679926244934,0.016228954494260497,0.01473824752245271,0.10091526541272262,7.163822241721935,17.938918385801784,0.0
0.4411764705882353,0.0,0.011849459345187555,0.03032301105997157,0.03053733249547399,0.027374245431584926,0.01751028731486328,0.007171236399302117,0.006807939937440301,0.0046694654786738725,0.0,0.0009410569654681926,0.0006384000944530179,0.005142435742631417,0.04001922191836248,0.09625235719220646,0.04814350368129211,0.15225343371103994,0.2334261790629335,0.0,4.723078914021028,11.901127476753285,6.496825596731769,4.313156915110934,2.9774746503618617,1.1869693096614773,99.9279984026791,400.2263789215577,0.0,105.40845348866713,5.651644523509212,6.010663453374309,1.7623028597297126,0.1620009720118811,0.07951454974666436,0.024456714341340884,0.08698046032615521,0.0,0.10623201814373626,0.030935486900439985,0.0064141246477187955,0.016411700675648427,0.037678905705198384,0.5940366926723596,20.32126488482905,187.1529235176334,0.0
0.4558823529411764,0.0,0.07042274028533807,0.040550110894825644,0.034883160617584834,0.025073913319165038,0.012053179392019955,0.003375295068011883,0.0025472730943774903,0.007788303680645174,0.0,0.010216409134206296,0.011616179548787804,0.01536867338459727,0.012014785693704982,0.04556630203483892,0.056714909879144584,0.32610097183225717,0.21710631296634603,0.0,0.9727706142758621,4.236408688112548,1.1375430760546346,0.22876540549578914,1.946693876933119,33.09460440410554,164.49923074699802,104.02876000562247,0.0,314.2026287770593,2195.137005369703,1821.8749345645392,396.4597222310297,62.28270097320218,9.97311210366804,1.2654694874922185,0.06629442198738819,0.0,0.007072575264300375,0.015659462035580492,0.04226824648480624,0.014627749765129133,0.04096546790331961,2.232250090741349,9.918535026086268,4.739072255787773,0.0
0.47058823529411764,0.0,0.11269480698159215,0.05309966532823982,0.03301499199740879,0.015708786171441128,0.014272457951620705,0.016830419370636743,0.010197192560759582,0.006724555335444262,0.0,0.006839684440324561,0.019174163676001537,0.037809139246086955,0.12098735292958715,0.2683923966607198,0.1558634008585586,0.23423259323848522,0.3258467217544931,0.0,1.652287874549585,3.147888086904512,2.363154560689782,9.69997305628516,6.393960201116001,7.711436465407587,2.6699766376435274,7.25463372938677,0.0,105.62035217562399,326.9817153218215,481.4405244426527,3225.6724878477407,2183.7853600499684,344.4200164023675,92.89217780848509,14.152084570694061,0.0,1.7571219690746673,0.3547899304273401,0.022469014691469513,0.010694800404863952,0.0025603911244330636,0.0965789045209651,6.789318234905858,8.004868961548262,0.0
0.4852941176470589,0.0,0.05554639557296667,0.04228579597168479,0.016219187557901523,0.010361947143715824,0.026986654937827603,0.027658710633037126,0.015027529036292897,0.013332514116799952,0.0,0.007364335907905032,0.01938906485623534,0.05930749178931272,0.03297887587024459,0.07022945821196966,0.040608739817018014,0.1830730796337625,0.4796944358572551,0.0,0.5319212372309132,0.7677518223227593,4.936546797433547,5.006613073672507,3.727696655314037,10.686006085316677,3.8562940856741266,0.7273865438822156,0.0,3.497010754648143,7.325770331723105,59.781482082347374,109.00949387974683,340.60988585731366,61.027465353970165,9.463166177184577,218.058717626259,0.0,31.46954411147999,0.8215710101154619,0.032946821119550794,0.023884188857854365,0.058913938846623215,0.10730147254562031,3.275206157806795,80.6011210868644,0.0
0.5,0.0,0.04759288339420931,0.07275393468029098,0.04746702281411612,0.012108499720752394,0.01657846938580259,0.027103389165313612,0.016925489555575837,0.022337576123160854,0.0,0.023514559038265187,0.0758481911277066,0.06434066454995414,0.06801989886734722,0.22234100442792026,0.1936440629543819,0.045023681926156106,0.4448452057330373,0.0,2.4023518189264843,5.452924433625709,4.195675604256151,2.675067074233838,3.112491099132088,15.22141246887752,63.55749820641749,53.502935703620494,0.0,13.40598852209406,4.653169933997193,14.595770000416465,198.85334296578293,1008.0472429029696,943.0774111333117,1035.8051039848256,512.4783835986266,0.0,32.119778341362085,14.735555310957452,1.198644937451239,0.1083310970460238,0.013559640132041736,0.12900419521381082,4.480732719820237,22.279816134458194,0.0
0.5147058823529411,0.0,0.09412749229831735,0.03755264286464124,0.023643307603496373,0.025911960875520224,0.03167316761351387,0.020574726470050198,0.028098726864574628,0.014011456817238196,0.0,0.049607378125507584,0.08470186674722592,0.13307591096347454,0.1862354518749172,0.07478644264626282,0.11514330605972788,0.020704624942506893,0.1304914208572604,0.0,0.5618265470810844,0.8724180110193649,2.151149486492214,3.6058699725669676,3.514750864208506,5.166601134239419,3.2464849520641064,51.181455770535614,0.0,284.05378432560383,229.4139508732634,56.21107018118394,125.21589482635451,767.9635499292639,615.9072633827564,101.28815010551881,303.01359230477374,0.0,181.72066411063926,40.08768281374891,2.28265957439999,0.37161841701370146,0.043867028356287786,0.14647334387392258,1.6349716817669102,17.62298680030496,0.0
0.5294117647058822,0.0,0.05929446111911647,0.06433712796954626,0.036478348020016746,0.0996524071064214,0.05722437039510083,0.046763727521145555,0.05771792273735033,0.08070417969207559,0.0,0.08797123731566105,0.030911902871842666,0.06403082347609487,0.0930284607789114,0.19109358693219117,0.17273651389011196,0.0899787283964204,0.35691962158725615,0.0,0.6868611336171558,0.609010650782877,6.119088656903361,9.81783604484989,5.0183431393785165,3.514403464152491,0.8279092181260366,7.517389804020532,0.0,55.73804644955342,148.5742870494028,447.2021906939729,498.41927076785646,56.928667438365835,80.25518241064636,157.27361566019937,37.0574190303737,0.0,44.25879592956372,139.27129515477057,43.943180904994534,0.34305354397585863,0.10593152567205907,0.16052065779328342,0.2284456212995401,0.9126756670441978,0.0
0.5441176470588235,0.0,0.20756071818299146,0.1355222839056875,0.045383843455050955,0.020615073628654803,0.04432729262584964,0.049648656803469485,0.04911324951577491,0.061419122925657765,0.0,0.04294228728300564,0.2666784401982955,0.37003960836368166,0.13845640220660108,0.06132421053638453,0.028531107656826378,0.1991398595770616,0.244628890443151,0.0,3.0402966546794126,5.29305962748584,2.438806608007684,0.7628372098154228,0.8223172727708211,2.352223020843712,3.137882047092525,0.4220546069037715,0.0,12.191288401334546,76.40973529874907,627.1410129241308,688.0786239684635,74.79159521092177,46.566727199072005,33.47920319442167,3.9488717974795895,0.0,138.56707717207672,192.02445955735786,31.20312467537132,0.6994460443247922,0.14655312535972628,0.019008925691637486,1.8883909237765164,50.63429376908933,0.0
0.5588235294117647,0.0,0.015248044105799574,0.015298619199006032,0.01952875443987742,0.017428041800452043,0.04423215217971821,0.03627449923473006,0.013206166603902619,0.04902625900268396,0.0,0.1890522278144025,0.1128250228528195,0.05128326802419677,0.035106440773818685,0.042627095815938064,0.0874336609578274,0.3775758383208879,0.6069879109093936,0.0,0.35433413644317924,3.432261595587353,9.860492132457061,14.59636791652939,4.5076994330718065,1.1362615329007835,3.813057236211941,2.8557437601388074,0.0,1.5408029288602942,2.656661646573399,379.9324929654686,2566.0644514586857,3144.4465554734816,1051.8463721377552,248.60145443097713,24.441411683962748,0.0,10.172646537779155,12.609601412316135,4.793656598866283,0.5983439980818065,0.2095405195095341,0.19528130031428065,8.47910840570265,2.5239404544175055,0.0
0.5735294117647058,0.0,0.047409066875155725,0.02450966283447071,0.023850116705723935,0.02518390625119925,0.05948993244136274,0.0723165483034249,0.057054284433769045,0.02762520799115158,0.0,0.1284317786792234,0.24702876565169413,0.3603073676606847,0.2973326830530008,0.2257783353739864,0.4929528253441604,1.3377687515812047,0.723014320940706,0.0,0.48984715052588534,1.665576123317539,2.6943572984931494,5.299111521791376,1.4646840141658808,1.4897638785823073,3.2331511088562697,1.8722043598875573,0.0,11.910323487059541,86.50485233690686,58.354404026910814,18.071536253099346,49.47260368588456,469.05519911849206,1139.7088412384485,490.8912140062368,0.0,66.91483221616399,3.33728673060188,0.2671201237752337,0.28832554229766394,0.007099649584868698,0.055656450569348204,7.578039180271425,14.777072292042039,0.0
0.5882352941176471,0.0,0.08232901268610512,0.06764683897934577,0.05694566442954365,0.05319897414016922,0.026231084631362728,0.015161395873207618,0.04116868090810212,0.06604601364086296,0.0,0.051980327060014736,0.08395817712268139,0.0936161276220765,0.08456499868829204,0.1966849272919019,0.534051488174931,0.3374859423410581,1.5171633726541867,0.0,1.9270644156395322,2.2406241803232456,3.6938613694758686,3.7702056872989513,2.014145687174615,7.175822303681821,5.687778458263599,5.703385511745594,0.0,5.974944492775286,0.8533853673194146,24.1940960326449,103.39166732017003,190.1774674291656,78.61030266546071,4.840677816266914,89.00420214427606,0.0,183.61684725203992,18.7487503619473,0.1513871057544918,0.060840216778790854,0.05529895678611457,0.15522702255793186,1.5135879164971624,45.320390334994805,0.0
0.6029411764705883,0.0,0.06176778614928109,0.03417025722312543,0.03516341342194345,0.00797691120992712,0.010332829856030538,0.03479284536891045,0.01763548875385417,0.021302037175298598,0.0,0.013028832619681196,0.010456611224287577,0.03885243076800932,0.006269481424519493,0.36626762739477225,2.9458687173167606,2.9676481419071012,2.8983546572214935,0.0,0.4928128953417894,1.9009420020159111,3.04489583341159,7.335005076185508,3.546292605952795,7.649868419058873,9.754860614600627,0.8585699264557397,0.0,0.6831512552267958,8.816642847739079,30.01684349041182,20.241943188690463,91.67935300223365,19.734245848391293,44.10236070985614,120.71625362277237,0.0,17.077735604435304,1.809219246458046,0.2648761680098477,0.02458076825662557,0.0828143114461911,1.1390280066844412,7.119115957230832,55.465907023133724,0.0
0.6176470588235294,0.0,0.1080408471726533,0.02433156835906063,0.01568032084662108,0.01314018170141737,0.007783319666564932,0.013492741356776574,0.04579679188422509,0.025648500230172903,0.0,0.010639626922842992,0.021368643309631133,0.039691810646309514,0.05912250226091452,0.40506212983026657,1.2383314990585528,0.2936657858131273,4.52945764084402,0.0,1.8417271269130486,3.4200763926132214,7.760861384821263,3.3778891456180093,0.12587809500010816,5.148705917529721,4.968292974037764,2.2596348811554527,0.0,4.078576464962179,1.8455458104603961,61.52124842757453,80.26115863924073,10.719858948312133,67.25900018085494,131.24846757137755,15.911395091035747,0.0,1.4225307487986343,0.004811979915947334,0.03436990758990181,0.02623679475736902,0.026385126063406657,0.12000103528345435,5.230046914910529,31.884883876488775,0.0
0.6323529411764706,0.0,0.027790672004908798,0.03516918582421455,0.06992960192648741,0.026362226511442405,0.026809162499445052,0.03172238565342275,0.037869811046478644,0.07398754871246241,0.0,0.09274395471377665,0.04112380084242364,0.06629299533948095,0.1133446392579446,0.09278764108171451,0.44300114319462003,1.585574855316267,2.9707985578582994,0.0,2.411294855097116,1.841224604953966,0.1561524619126876,0.8273871230163583,1.947934583762782,0.5828256070266578,0.8709085159519101,4.629572061701802,0.0,2.859565754584385,8.600230657666081,23.63383905345313,9.263356460805877,15.857468250253106,62.240828776850066,38.5460747371883,4.0752345342723935,0.0,0.22146883923093807,0.07576718871910612,0.018725851859261566,0.02227840411530206,0.01854569942511105,0.1473677239939353,1.562376866402583,4.44709667173014,0.0
0.6470588235294118,0.0,0.10581257567695207,0.028604767655615957,0.01527437647827837,0.036510377834494456,0.044973076307533444,0.056093138995446344,0.05460678773965466,0.02634247305679909,0.0,0.021522039282604273,0.02929489809660975,0.030428105656565355,0.05617665843229183,0.02583934960478819,0.18145332513747586,0.2298104398544073,0.36457918403585754,0.0,2.0539927079967497,4.304605965804615,0.7581143206449398,1.1739001004299359,1.631717112079706,3.9805551823997183,0.8792016676802638,0.07740531102404224,0.0,0.3579794759093011,0.5863924276814865,0.8847711190367025,1.5907418854764999,7.0025435761790344,1.0004885407100774,0.8452490969745914,0.14104750837085808,0.0,0.03924713016559954,0.0654455056570919,0.010082946451451875,0.021222918053051383,0.01501520043881177,0.09887302359770098,0.39570878682170946,1.567494341622018,0.0
0.6617647058823529,0.0,0.06329085516393498,0.03142168978798723,0.052253764892525464,0.05269188938961078,0.017753201519780812,0.002500456540658575,0.009605252440117082,0.018699323215961846,0.0,0.042723067074436794,0.03317020315079111,0.02040791782436647,0.15053697020458395,0.04945588842084782,2.534249683991608,5.054483441610957,1.6905671346773037,0.0,1.121310346643933,0.9607993237372509,1.8882311595421535,1.300155029430103,5.776248072729998,1.1910820565677813,0.2394085159610846,0.33965462108152666,0.0,0.373183898066879,0.13946712397823452,0.061190307727908566,1.0366258299110287,3.6227561779228523,1.510180115498731,0.3174812392937676,0.12649075948827615,0.0,0.03411197677509807,0.020607249268179688,0.011379797175074929,0.017710355007163017,0.007331466372416129,0.07620979158826431,0.5044467703374166,8.065079045689977,0.0
0.6764705882352942,0.0,0.04741980147876463,0.019482819195559654,0.019996170485435106,0.005382962881396278,0.020242651550003377,0.02218403202890662,0.007124367164021527,0.005050656185258227,0.0,0.016188871091772406,0.02440612709322819,0.0066608485366347805,0.07670557393841322,1.1366884990158401,4.2221481433273835,0.9203701721825246,0.6698565860032791,0.0,0.552387435956091,4.583141677196137,14.35015710951128,11.962462201288623,0.9286297916551857,2.8530092720963034,1.4686909732231,0.5338593139263992,0.0,0.5681600912640377,0.20628315716018536,0.09495255347592581,0.35480503570532196,0.2678770334771736,0.06138082808483214,0.02409192167496202,0.02873664809430941,0.0,0.08832645811897336,0.16651503733125567,0.05582623913996301,0.0442439020087413,0.015210537106894658,0.21020913014542209,1.559138854083278,1.1667705808453068,0.0
0.6911764705882353,0.0,0.013103978090232811,0.029229757620342203,0.02309173603273734,0.008887971288140978,0.020217277777976744,0.009813438515644354,0.0010040082072255352,0.002970988696314621,0.0,0.003511974087206278,0.015829005430752427,0.022393667954584605,0.005377103569105968,0.019787245070369976,0.3006973994567872,0.8927419052976489,0.28357586789397604,0.0,0.052704913197154396,2.1809593193505123,8.781704905056133,1.4614543224586392,0.6853298090691052,0.11715207311009794,0.4767064155345145,0.10611555719574622,0.0,0.010219757731730957,0.255424770277272,0.26314645300446987,0.09275607643057299,0.13675721933311408,0.18826869625359258,0.2798866642067358,0.2208600085294144,0.0,0.049310615416966894,0.1769474921962772,0.24966751773938894,0.017363532046456465,0.04098874221787021,0.8005850409280969,9.22649011749424,19.86986331587694,0.0
0.7058823529411764,0.0,0.1888430141694503,0.08002039859240537,0.022094660534324947,0.01724211191030718,0.013060462551897358,0.008286880475117173,0.007219392762509049,0.0030323121705751804,0.0,0.0100963857722283,0.010385289606654292,0.017386569847308502,0.012160112934483013,0.15321380198970733,0.27910264781707417,0.006670379060671218,0.34822010277962734,0.0,2.297192079902363,2.696453050156189,3.384474344421688,9.725905705907582,3.659980885031154,2.061732987639748,0.8684639599200155,0.2517852632151268,0.0,0.16508311370360002,0.030607275746099637,0.06374108981774725,0.081157969010276,0.18458906572759534,0.09834556335353724,0.049664521545171696,0.24657437324090384,0.0,0.2438768736182861,0.11481042709223228,0.06997704177029668,0.034586097063555685,0.04172269788115103,1.4492306956869998,3.0249125883152486,233.52777842848795,0.0
0.7205882352941176,0.0,0.06659812897635126,0.03681895101297184,0.01760776982693911,0.007886350690141385,0.006630266901400966,0.0060061119901656,0.006134593234959133,0.0030750286840666562,0.0,0.004664116996678513,0.006316216074361009,0.010304490990467942,0.03813627650739139,0.1046206391709108,0.009968077357203205,0.1777022329517662,0.15605952874501197,0.0,0.23190471728767276,0.4357210057485764,0.27674472506579206,4.602691305798453,2.9304370065568603,0.58383440137502,0.22361357069729856,0.36185992462495636,0.0,0.2276472551860242,0.0886660114700939,0.021272161893062955,0.039133704565744776,0.033016007636777714,0.01244652221828974,0.1050457303567438,0.11690292255992665,0.0,0.02692493074972728,0.0697314957573189,0.04001261576005183,0.02856079894662037,0.03245900859050614,1.2457923718422035,43.328416813975494,101.9171559739494,0.0
0.7352941176470588,0.0,0.06136147194015285,0.04068403844941106,0.021172975414765958,0.00887269079635473,0.007051742144249471,0.004877616251464689,0.0026865277394651564,0.0026315222879670025,0.0,0.003901069625371028,0.002814574112378212,0.00999782910908886,0.04906032474106574,0.07611167546607206,0.06605631074624789,0.2903694611404819,1.3485639593339451,0.0,0.7702406319614752,0.1468194047565155,2.918237159154182,3.648150045926824,2.039470960506024,1.2600816622242224,0.5242246549921958,0.14777751802526287,0.0,0.0132741188152765,0.014231971323357108,0.015662134129863278,0.006304957849451124,0.003399397378386541,0.004860369881116841,0.0013320306073336362,0.0032711335668347595,0.0,0.013521301985518649,0.0144665734918266,0.01125137735064626,0.017906207828439172,0.04727213930279961,0.2850069259297643,1.7158011684567342,24.76998078798032,0.0
0.75,0.0,0.07259294627183452,0.017223819228500237,0.009617422526585446,0.009311943800315073,0.00632325856843682,0.010247871712846413,0.00030265525549022087,0.0030989447824161884,0.0,0.0027084772614876683,0.0023387769052478752,0.007865427638168767,0.015890889207313998,0.022931708545954423,0.015594865240702395,0.02824583412478688,0.16168319033735926,0.0,1.7393026575675772,4.432264536765187,4.487540992470885,4.605787015386658,3.0298793021106167,0.8078458935842443,0.10471943650623317,0.02405703298708612,0.0,0.03144049639393072,0.012125084351141558,0.0028818619838197074,0.002325466086508311,0.003337450122146667,0.006967081785757496,0.006757456125789133,0.003664000719347128,0.0,0.010232860625443738,0.00916986706752071,0.005258284978163476,0.019526235009399165,0.02169187887563296,0.8713978797900216,3.117852957476833,15.125953804467613,0.0
0.7647058823529411,0.0,0.06674334178769992,0.026684479725950342,0.01017137746773279,0.027460431540617017,0.013241021341631761,0.006863808385289735,0.00776053898884407,0.005847451088839765,0.0,0.0010100567878561892,0.0051058261416668665,0.007770551482254341,0.004824767568019203,0.007250439477630178,0.06091341101350413,0.07548080186568575,0.006359997023793242,0.0,0.16039176883358247,1.2416028544473925,1.1711762268860662,0.3640722962752745,0.3152939268203038,0.10451464894087789,0.03814277388092878,0.04721392222700166,0.0,0.04048392504794879,0.016193349757415793,0.01126606904740729,0.0023911697246250855,0.007184218861179727,0.005469123222028438,0.006651451045529595,0.007182571939620918,0.0,0.0025060449518470983,0.006472361786710972,0.009345858845702468,0.011986986847697677,0.010095174501325082,0.27216110492550505,15.510146283451613,76.87256785459023,0.0
0.7794117647058825,0.0,0.0590649840138673,0.10259146087166009,0.07223971354473431,0.06523751687983309,0.04843806982162989,0.017658192816341095,0.011985321846571126,0.009074961587762189,0.0,0.0032921200532204046,0.004012654928632887,0.0025042126662696562,0.003723099048787702,0.009270967348809663,0.011870513113940393,0.06042126224086222,0.030438221550236982,0.0,0.25900060691799603,0.11165837388236999,0.8421802950411427,1.2024864635708397,0.8350353657591165,0.39220310474694886,0.13702160366164293,0.5172543357852126,0.0,1.6685540083478339,0.6841113276093416,0.08398238045414158,0.01966776445869523,0.009838069350497768,0.005162744831142651,0.0028344170106806496,0.005083217200530107,0.0,0.00393187382421669,0.007586365447461741,0.010472701761591612,0.012491978254427133,0.21284537173913826,0.38163757896251693,23.041809118933884,137.5930569205454,0.0
0.7941176470588236,0.0,0.06443616884292333,0.02808968216386028,0.008960675724744389,0.019491674969976554,0.019217132471100882,0.006549358470865522,0.006780547965853182,0.007495992808855384,0.0,0.00899157892113697,0.008897907564529153,0.010058103374090872,0.01476472157012123,0.03185612718418436,0.04752477918882009,0.008892214190642985,0.10337788335914852,0.0,0.14603664618542617,0.3390836702322908,1.6763858370519127,0.2730307122812373,1.1730652349194037,0.6206641001312492,0.17983045754502705,0.16863916362849182,0.0,0.3675564491663836,3.1785284170578385,3.4110682922113478,0.3795763932264068,0.019259178914556432,0.010607583131137216,0.010901908971447119,0.01475403452298662,0.0,0.007606534798160317,0.006178180974152318,0.013570504936827823,0.011846393208669176,0.01591531032332676,0.4094270969177245,2.3476610587658,21.835937914333158,0.0
0.8088235294117647,0.0,0.06609066123791561,0.015806867284092984,0.010104964948791373,0.010887982808098773,0.01054441249109085,0.010545093119302901,0.010102511824438372,0.005544398935988241,0.0,0.008510808364153057,0.011115686438964024,0.003202839091475776,0.004320725448207215,0.0067797107151675,0.045873827218278596,0.019345391992496443,0.20899519594065907,0.0,0.558100138957095,1.3443502460189993,1.5231773752645945,0.11502276977486273,0.051801925344686674,0.274529233272123,0.49225415922406945,0.32092052877363453,0.0,9.334646198526709,70.96726429505024,205.75249075195688,131.027610928661,21.480120090694054,1.5636684104431318,0.1937325899299669,0.02719473191966369,0.0,0.02913720035756817,0.007407341617989762,0.002201288995609107,0.00992131033722952,0.0163986885552823,0.04496955013021928,3.1725866917765613,68.9957769061547,0.0
0.823529411764706,0.0,0.08422038062017141,0.011299443482654912,0.004614390832750469,0.00924102702348105,0.008144605139944397,0.009213597359909693,0.005581140260889116,0.005229262316260882,0.0,0.010809852822648486,0.018652552113129453,0.010392060625303148,0.01378383815156306,0.018123037934601696,0.008483388933924547,0.18258235561781244,0.42863618594756314,0.0,0.3715494286801931,0.6450285244552234,2.80151070754311,5.255162752184719,1.868184472026532,0.36000684699359975,0.1753646365738471,6.185560426639333,0.0,83.2780220443455,233.76559995248402,126.64733221593283,5.291887765385726,155.9121649743646,86.20005185934556,5.911159894955686,0.41685964031065265,0.0,0.021672907801270822,0.010478658992277118,0.02601696831111468,0.03617772736623301,0.05622766770953471,0.06315042578214262,0.3669568027108122,13.901566860048922,0.0
0.8382352941176471,0.0,0.06668079493019474,0.024277498142853775,0.02546385961719652,0.018884107252354523,0.005523535878511633,0.011466832657927506,0.007021899720489585,0.00243933226398707,0.0,0.004781583582950229,0.0038572629073315677,0.007994488963702574,0.008044488214698275,0.007997957228119157,0.018523341788227673,0.07832136252440688,0.06936427539227569,0.0,0.25116715138064194,0.5732733441299879,0.6012659287885349,0.6365749249406348,2.6710569847973256,0.5568196875468199,2.5965945353851074,4.423708660667131,0.0,10.873678828882653,26.22923120507282,7.236040156051706,0.9367045372550424,7.528010910442829,26.778864898505585,27.92294522040268,2.2723020751664365,0.0,0.01110886331539324,0.02354930073726248,0.01165788478104196,0.01096715502773737,0.006532331778698311,0.08437158670635114,2.5305819304180384,14.982802670736053,0.0
0.8529411764705882,0.0,0.1255466723760482,0.0435697930492282,0.005376763876521218,0.010736475833137808,0.012009095156555596,0.0032187892558299567,0.013857146832550998,0.007858402906032269,0.0,0.008491176577611271,0.006906473816758894,0.010131920279298257,0.027787940101895645,0.07836846277385018,0.03418347845365095,0.0161214885189121,0.07171162519767611,0.0,0.07179980924750153,0.2186064905025415,0.3945234061311914,0.29276820363490585,0.0996807894246248,1.4209112394296342,3.7087953035048042,6.657946305391792,0.0,21.91295349092698,9.966135511645549,12.487593523528826,15.985763300834911,25.595893882860157,17.07337462355779,4.101658304278435,2.166332282294711,0.0,0.04351265340984055,0.009474759536964394,0.013361172516154051,0.015918803358387905,0.006369999578377621,0.36495595286630345,0.6108478803303375,23.884252233311045,0.0
0.8676470588235293,0.0,0.06145692671700976,0.019009691033081595,0.009113243506881495,0.00209110944533277,0.006229497077281059,0.003485332778821237,0.00796649325139395,0.006101475378221814,0.0,0.015772768285254157,0.022086435665896208,0.012910477079614673,0.012754707521545611,0.073391247962081,0.21856191482188914,0.25992403138943343,0.05146331362961351,0.0,0.39833795491506396,0.7012155189831952,0.20307851089884657,0.1555856823237476,0.33053305137499395,0.1451453381657265,0.6637200487008148,1.7455257767277779,0.0,0.49825361681378066,0.1686015678012132,5.119449537818221,19.861497317882836,36.98500334768687,38.13642320851834,14.877233101497518,1.436239508742597,0.0,0.014515985989603387,0.027864680083453084,0.016990099425082672,0.0046018898816269325,0.004228038656958854,0.1141846184643008,7.246752699724356,75.53938978648029,0.0
0.8823529411764706,0.0,0.031583884497195146,0.014241737956404557,0.009524942773581903,0.01664649830187667,0.016326576604931323,0.010769556016302619,0.0054250020381537405,0.0052555606824727825,0.0,0.0030888848599527827,0.0031700910106780738,0.005673954548023533,0.02831252137537429,0.005315540532705206,0.05828718879427405,0.012378578184412545,0.2135480876656635,0.0,0.06279774432342732,0.5010774984863612,0.780625752556174,1.4738394754576458,0.8076392416784689,0.7428456682251692,0.23455638818575725,0.3237384966481622,0.0,0.30806757853847744,0.7425511175883903,10.177347789699947,33.9655904012328,18.182114667280793,3.676103928264361,0.47689949468287396,0.17002162777993884,0.0,0.002163909365927924,0.005071285474384351,0.016134840244026297,0.008953409589268106,0.06649710926395852,0.841551142299738,6.678929249030672,32.57006527871776,0.0
0.8970588235294117,0.0,0.1584334745359834,0.06297551157127186,0.008027383891003445,0.0033689753364435915,0.0031133550438189285,0.006121635792507038,0.005380420037533105,0.004982258249661097,0.0,0.013647130767588314,0.008954527858032104,0.005290551778961946,0.00753396209142196,0.00939546617595394,0.018783826990078793,0.052569605388865966,0.026547421969968715,0.0,0.776613027904158,2.1085187781011,1.1591858394932562,1.2849697188746045,1.513261083733783,0.4408107393968209,0.10359129067609409,0.21384390764310918,0.0,0.07471191644949804,0.24597214542593743,5.730521139767674,10.660552237352583,3.946265108314898,0.6597038249031277,0.034507310397519794,0.007595530419435736,0.0,0.0047493335912781875,0.01494825674109116,0.005892994533876757,0.011262858760327947,0.014480779482617837,0.11264210013687566,2.432151921203695,12.362774434048294,0.0
0.9117647058823528,0.0,0.03857427686933245,0.02060143275723459,0.020548253388719382,0.01968932714575703,0.011476768070080542,0.005385320768292751,0.003221129846064676,0.002264001408498405,0.0,0.00329951960987072,0.0017046776484478997,0.005101409453500669,0.06476591321629523,0.05219474398618347,0.00934073317665129,0.02236515015983527,0.06449059169750762,0.0,0.09695107362018235,0.0898867820385475,0.227584152365848,0.8113609852389212,0.786497657037479,0.1560166700639289,0.1658012313996139,0.08691244987778582,0.0,0.18341280561419662,0.3346488327147733,1.0436131360386938,0.7814198731207438,0.172158979075192,0.051296611385464,0.005049448741602663,0.0016734548750783934,0.0,0.006997175887628897,0.0038197491173553103,0.0035836014816437766,0.006008243434748424,0.01026032756705618,0.23037703974793441,7.436027770704987,43.61056659508855,0.0
0.9264705882352942,0.0,0.06990776194434493,0.01029776323721315,0.01032936841088055,0.013669661560916,0.011427283968770338,0.013119400680860522,0.010698252002881417,0.007489689708700297,0.0,0.010156033903220545,0.00713409181871533,0.011335979974990588,0.06570838253886563,0.15904699242307357,0.14030820172730535,0.14246869849328536,0.21726768140759553,0.0,0.0546643022532519,0.0032598219919029595,0.1852009069112332,0.0617418541052447,0.3079983530625444,0.5949756923780051,0.12566706920445375,0.23885580412872048,0.0,0.20749848643926422,0.09795454536357479,0.019261757793572906,0.04877367679997962,0.06343346880245003,0.0652680924578379,0.017619942929660633,0.0038788007025339225,0.0,0.0033314116928536263,0.002276516790002945,0.0014069409474047165,0.003789341915771619,0.014054096848206575,0.018463491089945647,4.459222621519922,12.69366578455302,0.0
0.9411764705882353,0.0,0.060487958313866136,0.01767725510515667,0.01452160158461709,0.021118691280432263,0.003916188827740612,0.004870783234202051,0.009913041581295075,0.0038969758598157707,0.0,0.003406273972807861,0.004053343916435546,0.0041317968276135,0.011923864656376605,0.035165091233457985,0.3909831564411244,0.13989113192532512,0.009840584880027151,0.0,0.22630876326070587,0.5241617683021691,0.026607333185997752,1.6073913130757018,3.664901540030586,8.275355269597215,6.6150515184595395,1.7513824039406,0.0,0.2513373907949641,0.01601444684763803,0.04937293679765453,0.014189741859078642,0.009046903201903172,0.005242578947176514,0.004735303499466681,0.0051249477860260614,0.0,0.0015544915140556423,0.0012369376021012742,0.006623259597251728,0.002817968935489,0.006444131472024755,0.1781907835734896,2.1530023379807157,35.75766453525929,0.0
0.9558823529411764,0.0,0.05129292317614866,0.01728851918394849,0.03344668346459262,0.0131258542058002,0.013777711980994105,0.006044789112806628,0.001943642087442295,0.0031389612493786983,0.0,0.006275363476461772,0.007509537130765074,0.013970395170483787,0.004266280652440997,0.047778656883422956,0.0741271694126113,0.5583033925529511,0.7502441930205106,0.0,0.06296878991131152,0.22772475498444505,0.10479689305242308,1.245017801931084,29.120168898991487,85.52040549991287,208.50684205886512,293.1421512430684,0.0,109.72704763762275,15.12188026614444,2.0398606937239054,0.4161431144313384,0.025843929323361887,0.017704601345583545,0.008717661384981529,0.0012357356712984415,0.0,0.0014929071389048962,0.002428680341335922,0.0021070888497112675,0.002194342413248092,0.006993036865534953,0.1836087115776282,0.7942307662933261,32.97745144296447,0.0
0.9705882352941178,0.0,0.03180033307956033,0.020033593957709248,0.0021927286295507654,0.015079434087353703,0.02299107804733581,0.009571549673832898,0.003847729481246209,0.0029157424119492996,0.0,0.00157943219780804,0.004096388364323835,0.009124949564206104,0.015779609176844494,0.014594553369777236,0.024202535586936517,0.18088939391242975,0.05059797239386038,0.0,0.06015026762497103,0.4099654635372588,0.4511422999487318,0.7186693693953352,21.24312725773078,175.12236195969405,278.0069217307513,556.2996675856299,0.0,780.7365002589445,608.4392871923756,226.68038145265223,35.19514303880632,3.3850391069807992,0.3257257825835619,0.007408401158035621,0.0026956424922689377,0.0,0.000975781792474771,0.0029969461279855314,0.003975085235742313,0.017320084307664088,0.027156150375951073,0.40959581010716045,0.8299612223303012,17.766507602192213,0.0
0.9852941176470589,0.0,0.04429634632584826,0.023849742978427697,0.017715756999590694,0.009049138682932526,0.007610688467323415,0.010019244267067224,0.009023526327035196,0.0027347911392041914,0.0,0.0046631311415416925,0.014236504291700681,0.02700814307993009,0.014712893048942901,0.013301845608333113,0.0037129538475783215,0.10685456134781457,0.3166985575725101,0.0,0.49903317297938854,2.1955755703070174,0.5040786661838066,4.176148753334581,4.573105936116527,15.561313811263286,20.49180227320668,1.4402479304258216,0.0,2.5004547276502436,0.6319516117345535,325.9246128182739,1073.2720394551743,288.9713362185555,31.710857723176566,4.032694711629221,0.5577189797164472,0.0,0.15757018086761437,0.033032668101259204,0.0034932597955094086,0.014478613847575181,0.03189683804308327,0.037556029775798916,1.4085361107179537,8.679188121602854,0.0
1.0,0.0,0.05802786121987588,0.007649069956663166,0.00826367151045558,0.015926365004036973,0.014176986931395923,0.004749429910626546,0.006941792063638886,0.007645327093125491,0.0,0.030895824486844962,0.10873678420106832,0.1789334135716758,0.12950283851109953,0.07210103412927672,0.025257926290869565,0.041591676542668245,0.15776721548152506,0.0,0.9576724064161679,2.249132911316039,1.6354331496061985,0.9442964284126794,5.849431832826179,2.671688896440485,0.6466719079414077,0.8419031196333748,0.0,2.399715766402582,1.7396547328354663,242.504583217024,3002.3244402022247,5974.071788589119,2800.665883974797,342.2578558294677,24.563156192555766,0.0,0.9969170839895429,0.23323365658386302,0.0865741422784166,0.010697868023116772,0.002919729476470537,0.25414400576879875,0.32426495850336523,3.3119841157050174,0.0
1.0147058823529411,0.0,0.04860675559432267,0.026449730297602236,0.02461963743106873,0.02182104706540587,0.01354265663072322,0.01675693704250886,0.02827745593629329,0.057892191398531787,0.0,0.034096399964844794,0.03094141153629741,0.09043728446386373,0.1234109890020085,0.08861028628688172,0.030207950150294597,0.05531670854759821,0.019560531779175865,0.0,0.006158522378146044,0.07764684280242654,0.11068261149291952,1.7920337990121382,2.528809250414822,2.403117356026171,3.2932819878129598,3.849205387621703,0.0,18.281910618358346,4.926019974827685,63.68202600755889,36.75925454495339,19.80249993157131,1565.1995503494488,3622.278997201788,694.2494252594876,0.0,16.11641819623241,0.33512979272338383,0.0800005182227549,0.016726829618322364,0.042245366812517435,0.01727729117431178,1.3857603120257769,16.195100555151708,0.0
1.0294117647058822,0.0,0.013344971955858416,0.011642789257053665,0.0041030745950540685,0.012900889757066861,0.010868061791878884,0.016871836715513636,0.046619483642533495,0.03181023094553125,0.0,0.03909642622291835,0.16123817211237224,0.09730079036076464,0.03754809230807029,0.056137944050658,0.08115733657557109,0.049967706668370526,0.22480087347163094,0.0,0.0795601690183542,0.5839039664377563,2.307463161296191,6.711510862117719,9.210357446428358,2.3520062534800514,7.382714878919831,31.95743335011703,0.0,23.957825551735397,4.826342499385508,7.173254095782353,2.0912412273601246,55.275963316803576,158.27888830669957,858.0015741198469,844.8204282776759,0.0,160.95492718965295,2.7611193030885737,0.20934644108906605,0.044154270547962574,0.05411760987091632,0.04839524575987343,0.052314240990945504,16.55638934140214,0.0
1.0441176470588234,0.0,0.04623287825495452,0.02698444486213335,0.016476946642045093,0.0052677382824681575,0.009034547538691628,0.013565386042186444,0.011870287108638435,0.03265538587407149,0.0,0.05940196278859915,0.07019046481499581,0.06966879234731573,0.04174662993651395,0.017392640155247198,0.10210096602417687,0.06568673533785396,0.15825989002080104,0.0,0.5633862956077946,0.9096759058540393,11.31437716499251,7.3119289058991,2.3083094887572537,0.8870826642482239,1.0003992389078045,2.010258890641465,0.0,6.775212297902453,0.24278348622095464,6.394529398540186,118.27127896768266,355.18751773028293,66.56772630832492,87.65283572942356,218.64264165113255,0.0,150.60857900987503,21.033431576721256,0.06573949957802432,0.025924744129026733,0.03701051348333377,0.11156336476724413,2.150213885388883,33.892257566914104,0.0
1.0588235294117645,0.0,0.06947371817635946,0.009056202049652493,0.03405140839386308,0.02722724418459023,0.004663932288009532,0.00714863475399079,0.03225505926265541,0.04970076447943675,0.0,0.03203218327698708,0.03011685205482406,0.061200676492186454,0.04729297276352366,0.11762299152860589,0.10555534430971283,0.04805867252368306,0.010621940369140583,0.0,0.5582463122204808,0.6368519671525393,6.69172120782322,9.329895831086183,5.043695811486515,0.8831857428746722,0.5567347036427548,0.8600992301756639,0.0,2.909822877982431,1.316431415807806,3.8487804563822676,4.4385558012570625,81.68600123001428,82.95943991852634,11.356112841735053,5.457398806233745,0.0,1.7643808464406647,0.7382714123206979,0.216317983852566,0.0722956786686602,0.09186702133536889,1.2917464259861258,1.3607790648827958,0.48639561176092727,0.0
1.0735294117647058,0.0,0.012941889721009802,0.03755555550466559,0.022468808216274977,0.024779324700338373,0.02921311354367894,0.03720286484754953,0.049420899199466566,0.07334726420346707,0.0,0.03802941335598983,0.03501487229794792,0.022805307694465697,0.07857615551252697,0.10563332858415718,0.022993360818180198,0.12373984330031801,1.060462638971512,0.0,1.9990828568061363,2.061492084613409,5.680860967315541,3.4884291783250156,1.7568115501151575,1.601142467292634,0.7880893581260697,1.0035368643676854,0.0,1.353767688677931,0.08258890831044177,1.0705846837279105,2.30652767059253,0.7275174221298719,15.133391917593592,8.453721813958285,3.483327417854457,0.0,2.2489611783514345,0.15429790860610043,0.2814500022241293,0.06392734375242935,0.028298461501703884,0.05748265378364468,0.15137324340860853,4.27194185483365,0.0
1.088235294117647,0.0,0.04041579590486196,0.050697921183179354,0.03527296874523811,0.0343977242989556,0.035675106585529304,0.015909199128929227,0.018000977967913646,0.039706432659910515,0.0,0.02358740451635898,0.04478281839885847,0.04160981744842075,0.010335742083105176,0.051529097469070154,0.07648446957057899,0.13913777791408272,1.5010252733734235,0.0,3.344086691209904,1.9126202535924468,2.490423514236218,3.4898236837928547,2.0672723715765375,1.1532649696144246,0.3891451458104269,0.13106699902614577,0.0,0.8710886761457701,3.007560086641525,5.3120208384777055,3.3025369254069834,3.198774762600514,9.287031550616165,7.8364220014650785,1.7363464974200746,0.0,0.21210412891183356,0.05107189082448195,0.1981384366359662,0.0754460263845974,0.030347930994221204,0.135915203105075,1.8889036955334542,7.054044598449316,0.0
1.102941176470588,0.0,0.037972392900336126,0.0317673558883926,0.015851880149084552,0.010431386482895601,0.006916402617183648,0.01953174589765041,0.03512385745961415,0.03506331040233851,0.0,0.03279949807645952,0.028566586711424254,0.04644780753391141,0.11538819885213153,0.2257269265696975,0.2134447162560238,0.18036440893513095,0.1538225968376276,0.0,2.0761405061992724,2.143528379404912,0.13905888360814553,1.7081899322672158,1.755315566971134,0.6501493324451098,0.7852760208035241,0.19890701406723899,0.0,0.05883666237832003,0.19711219035870706,0.8978255574104719,0.22777246755274272,0.13338620224027986,0.1650358462221468,0.16975411892188455,0.3473308505012766,0.0,0.09477310489566856,0.02434410728062151,0.03965791322168038,0.014628916084773198,0.024196673231729877,0.025980816006076348,0.6400019970600074,22.96360182596831,0.0
1.1176470588235294,0.0,0.05789547240801146,0.02446198259314168,0.006285358901267021,0.008548409296090421,0.008482609072855916,0.018451457560432833,0.02189937776637407,0.012529343209132536,0.0,0.007263592135192983,0.004231532559116459,0.008751598265183166,0.043856634759128606,0.10512320447489404,0.045783623926608875,0.042572893242635065,0.008548834075973274,0.0,0.4657337310152625,3.8105918729068997,1.0961691250381653,3.0372518708324194,1.4654742319664518,0.10416559106314893,0.2490954543370285,0.22105857876556018,0.0,0.010115923064234242,0.10344881587868662,0.07720223831050246,0.013390828143406992,0.021311978357715016,0.0124492570878195,0.07134739438509571,0.05279106395934158,0.0,0.004876693499777631,0.0028738101787503857,0.007278010104900003,0.007302698874691264,0.009232286006515359,0.02475114183633898,0.054563466555931625,10.480395063143241,0.0
1.1323529411764706,0.0,0.06516311875770348,0.014796921596635629,0.010250043159061212,0.013402696907714833,0.009573401429085538,0.005408052443558866,0.004542007418843603,0.007177725756584636,0.0,0.006587168446979028,0.0031551526675128974,0.004502657176281458,0.061640122059568606,0.1582783676434385,0.29611376416177065,0.36276776124312077,0.4032419428700649,0.0,0.2743135031698759,1.3705185680381673,3.6883227835490056,1.0454989357840925,0.2210160947143951,0.5744026824235062,0.8833199338629625,0.4953914620156162,0.0,0.10479480412088124,0.007147388602152383,0.02835313543586488,0.025220916614615306,0.001319228942881091,0.010629290449468153,0.015382206487870396,0.012136686375037446,0.0,0.002978244321882071,0.002160608912881915,0.005120641862597255,0.008760195225318736,0.05409722708318209,0.08135653306780392,2.286155467935962,12.406176343957961,0.0
1.1470588235294117,0.0,0.018881894818578243,0.013283153389805695,0.023330170607186607,0.017735220381110965,0.0074779787998908095,0.009395841447679151,0.006821486838298894,0.004627282725428962,0.0,0.005165969910206597,0.007645768141254472,0.011718665297471863,0.010314068317753977,0.010382845024498249,0.06957398272207262,0.08735728815992534,0.03323168040080625,0.0,0.48603682332433384,0.4230060483976858,0.240233706837115,0.546127126315537,0.19878224076937825,0.08974444862810882,0.09063867760980508,0.057238357100352785,0.0,0.06668610121385107,0.01329733754539533,0.0075852247207596375,0.0020116016743488797,0.0013101288276724814,0.004567436629980083,0.005468045955752668,0.001287952044564808,0.0,0.0008632491449243946,0.0028100616735326576,0.0016946064697200113,0.00229594406160917,0.01924575981852466,0.41211484180664043,0.5403667893597597,6.805739583926827,0.0
1.161764705882353,0.0,0.010434571700658481,0.020093129550854714,0.029071813371786236,0.00990259548502787,0.007813186570402156,0.005561479417205428,0.007752417131279866,0.0063646669682983215,0.0,0.0019618002659080405,0.0029173981485125806,0.006827636213945026,0.011275070689707777,0.018734395964584656,0.0929131581747796,0.12492429275410112,0.041129406386489056,0.0,0.41635939142007616,0.8726388669908552,0.3406886792363136,0.0550214657619627,0.14544272446898282,0.11966694661034649,0.03725581693660714,0.09320631733908799,0.0,0.02698268486379088,0.008611883886836624,0.008411435284296935,0.0006859777720660699,0.0012923613204522612,0.0010347154499503702,0.0031207281696470995,0.0012519871918756855,0.0,0.0006657035983731156,0.0017657041741543497,0.006146800870495801,0.005265596840274782,0.01063454210454532,0.052801786496368526,2.0945368206256063,19.981604997587283,0.0
1.1764705882352942,0.0,0.03520509819654266,0.008518245818188788,0.010447254936478693,0.003894210901846372,0.0015644482886057447,0.002467283152972021,0.0030638037778584894,0.0011352317500515146,0.0,0.002614310596458379,0.0021436116050465846,0.002039605012035018,0.006802291999054135,0.008839416057796909,0.0256593689557555,0.04289853721442014,0.022375443688114532,0.0,0.1766570012049507,0.39169866429014943,0.1607620453462837,0.2316903126802387,0.22509700760553808,0.1823585133120343,0.02634125233195401,0.011065808705898213,0.0,0.01360892329833327,0.0041310929654308015,0.008959911041678597,0.005452282263911819,0.0013818540752578178,0.0018814582687797304,0.0027589834860461686,0.001815871718750233,0.0,0.0038596356308254233,0.0030021047482368846,0.002376900336605089,0.0027846968044997317,0.042877230981537034,0.10253869875815261,1.3419661043158948,20.858600297683452,0.0
1.1911764705882353,0.0,0.024712759965599046,0.009536030178520281,0.01712362039166998,0.011921160338082302,0.00866800896673624,0.012314539504473176,0.005144833604012128,0.0031860286939242363,0.0,0.007407590531422456,0.013661067460084136,0.011938803805541794,0.006692319087302279,0.013022280664843702,0.023542590841884602,0.03187753915767859,0.023285842973787017,0.0,0.04626411014023079,0.005912018530841978,0.01805481392599708,0.17445103977618745,0.15119496778114336,0.02248018311075531,0.01995433465957809,0.021252140839622763,0.0,0.01231109262966619,0.0013930127128758511,0.0014157599869742523,0.0015918225929807933,0.000850333185344179,0.0035205677504413797,0.0016237083660805484,0.0007406863475874437,0.0,0.0012528665978820022,0.004280602536500662,0.004234387174447251,0.002208398638273078,0.028620675643410504,0.13022482255657736,1.2103834034132783,27.35237807597064,0.0
1.2058823529411766,0.0,0.04866369812109199,0.02216585469006955,0.019531805250131234,0.014787153222971437,0.013160394841262319,0.008266839991905639,0.0008639012492012572,0.002085117738573561,0.0,0.0030702835924992615,0.012896389336949036,0.02768539883757911,0.022159261318935128,0.003770548149976973,0.024506471864859235,0.021134060362081843,0.06060179025928267,0.0,0.5847938031426851,1.2679431160825674,1.504487952947846,0.854759337740854,0.2226200746764771,0.015267723665587346,0.04361562938828415,0.028088381244390732,0.0,0.006635773785796341,0.005981676520836835,0.004054879341363888,0.004895278887971463,0.003939168815281961,0.002072693826972216,0.003555170732844902,0.002939023575892467,0.0,0.0016402353627821822,0.0013283247042108726,0.003895140818779386,0.016259026807024762,0.09655023002224322,1.2375117215156353,7.266842915095779,26.569907305205838,0.0
1.2205882352941178,0.0,0.027212581188779644,0.018251166656131385,0.008141637845310403,0.007258740549818899,0.006552252062415935,0.001826102011294772,0.007321795094847839,0.00510876635979849,0.0,0.0008162266270733784,0.002798337520158658,0.010987644122192306,0.06771233343126558,0.14673048008597994,0.03644346798335858,0.019351003168430157,0.0568327741892844,0.0,0.12986153752765212,0.027199237235722037,0.2588987892308289,0.14634280764040714,0.05318795317057429,0.027783846367351595,0.037453505309797415,0.012036072089809164,0.0,0.0017580039358765104,0.0013736569915244775,0.0034577401963592665,0.00385577986627014,0.0018230555314914438,0.0010110796633218267,0.0002613083040577184,0.0011914435187678136,0.0,0.003895624264035028,0.005292743615868024,0.0059910970258252845,0.010646849728255107,0.018090818029881432,0.08436617660133361,0.5415430806566403,2.0957670995437883,0.0
1.2352941176470589,0.0,0.04712524804701145,0.0377792629474038,0.014291208938199402,0.018979116589549948,0.026404129370772026,0.00595284984549743,0.0017082558466106662,0.0021005587310490566,0.0,0.0019764539533270353,0.0028258703107793505,0.004728441354402161,0.010380676933450158,0.005033322301478917,0.07530315101929756,0.060752398939613775,0.004218412268188821,0.0,0.019039162166219183,0.14086050950796597,0.39563922292744347,0.5374648123316995,0.38332940203802607,0.3358037568020146,0.18489225737415224,0.03786544744584548,0.0,0.005922230780281681,0.0062853489639497955,0.0033802079647990368,0.0007473393122318372,0.0011394745316097837,0.001179446083801201,0.0002471083287716337,0.0008747144727200346,0.0,0.0025816983919849244,0.005052716302977846,0.001831145058440369,0.006443838812694134,0.034178576589890264,0.03987673300405152,2.171782883254351,36.89325304561373,0.0
1.25,0.0,0.0848269940370904,0.06755442664657767,0.03842335355906856,0.018692749904608723,0.003626980338512038,0.008171792970415287,0.007003590420696267,0.007048114279976901,0.0,0.006900908804242305,0.004758717363143339,0.006535327203416676,0.00997941819978075,0.025187032142808853,0.041499054834636374,0.06477201756895846,0.4083906095307841,0.0,1.1597792376010747,0.6797475433716409,0.12340686547927482,0.10875686781981014,0.12233875213488782,0.04853820604012795,0.0680151195124401,0.26835025313918703,0.0,0.10464797781292401,0.0035919686473026373,0.0014296979397464926,0.004910091403782342,0.002852855290346418,0.001396830681587222,0.0020381946606239402,0.0023877690224733137,0.0,0.0010506019283583535,0.0016355584153325494,0.0028845681672691327,0.014397678058704302,0.037883802059047754,0.4337975910679127,10.906616750361007,34.28457750375333,0.0
1.2647058823529411,0.0,0.027090774689699386,0.03153833153435648,0.029184766238640913,0.016934938971885347,0.004960598648952556,0.005011282435615336,0.005962828279591421,0.0022806402677380162,0.0,0.002416675350512351,0.004156971175264075,0.0005785178731416374,0.0025811738558511547,0.011391669162296527,0.012580468286531265,0.08387325701891049,0.26912655931581764,0.0,0.19855714565005492,0.31900313134346897,0.026575994309482036,0.23200052459314563,0.1805769477871738,0.17952234424849434,0.44601489433965447,0.22688027841725977,0.0,0.08466944196571116,0.027125547239653977,0.004906260383189058,0.004701560454450936,0.0010033544202260308,0.0010276015663401583,0.002243142256697245,0.0014968178932927398,0.0,0.0037224550143817843,0.003728959369334942,0.004327403291139633,0.005819523814472188,0.04004008054023389,0.30433881031527393,1.5320366886253909,26.97077726143984,0.0
1.2794117647058822,0.0,0.015499486680833919,0.013087288296099966,0.025333880329165868,0.020812828143056253,0.012674857909270365,0.008987949871945955,0.003980613398828508,0.004240382971433986,0.0,0.005770848905697859,0.0037698231545477425,0.003284303380768765,0.007116316884807564,0.018429219806868263,0.08187074532568693,0.05570289146858609,0.0264573573208877,0.0,0.2225880914543511,0.29057238595051393,0.4083089143259203,1.2962912938408235,1.044833260482526,0.534433894943734,0.1543206265917389,0.22668751144538818,0.0,0.22433816792160244,0.14807336451787084,0.12951589776842132,0.04003171655546617,0.0017416859276459184,0.0028925081723163507,0.00465179198770505,0.0015590439077223343,0.0,0.0011030016084163756,0.0038074030532441678,0.0032976097244495294,0.010555786287637318,0.000617484402655715,0.321987904069134,3.4196088862589247,74.1068012179109,0.0
1.2941176470588236,0.0,0.029012077091792043,0.022234265804433124,0.012830970284739321,0.0054477098878900005,0.004458663182838978,0.0038854837979109243,0.0035737809212429564,0.004699799837379354,0.0,0.001632544105525595,0.0018128167360153967,0.004783361299572649,0.004191998202677315,0.04869407112498973,0.0447559938885292,0.31170408724221454,0.13844739039964743,0.0,0.3918140206389142,2.1230188839235513,1.5615935614776382,1.2203284281638558,0.36192528827642584,0.0182314171942941,0.026802259033399205,0.1239112874473871,0.0,0.09677037316429725,0.07525795490546883,0.08945396698802796,0.012693443094034805,0.04511411735465586,0.032257388064955414,0.005932859453700907,0.001997001850703492,0.0,0.004128933250201548,0.005283051283879563,0.006581338587748179,0.01077958427338567,0.007580272830296021,0.1101319395816491,10.62476293476903,56.464869781212684,0.0
1.3088235294117647,0.0,0.014996395850940673,0.008686900926068053,0.009591620673578844,0.013572452354556012,0.01089468911563138,0.006538484026782103,0.008893690623194974,0.006543977080745471,0.0,0.00749316780525487,0.012749176164775035,0.013250568241360821,0.014119596976930318,0.021747215949369004,0.014604040593426683,0.16886687432425393,0.04918624435537222,0.0,0.2337937792695023,1.5424690181179797,1.5653074089693417,0.33052463082447514,0.04946769877351378,0.03246027124003986,0.11809519056163087,0.03818583194137687,0.0,0.03329078489467284,0.030143981036603776,0.004121988964485545,0.010173573200005684,0.050094264317386214,0.03809359668365685,0.005977734181999361,0.0013277286187213788,0.0,0.0011270452537349126,0.002061971575265196,0.005124918287358826,0.008653645511499448,0.04638173328776366,0.4422192323907938,1.2034099494310095,17.896086924608667,0.0
1.3235294117647058,0.0,0.147853993026049,0.05775978829098903,0.020261175542177465,0.00476423659897768,0.003603268092819004,0.01154372066437319,0.00949932906778915,0.008716699084372333,0.0,0.002398701980297533,0.0018282039407471866,0.0039063683380630345,0.016850553253592276,0.022640945896648626,0.03846635498688841,0.043106754384902926,0.143376228838757,0.0,0.0431446702966991,0.1931822774340674,0.486254049932598,0.41681088751505213,0.053665043564834355,0.01819282609448903,0.037410021354436086,0.023978965370006527,0.0,0.0028059916239669153,0.019440160020326565,0.013905971441666665,0.0031959659063030134,0.004603053537908798,0.006146809938241969,0.0022438819030613953,0.0011878761341824655,0.0,0.0021370244130032704,0.006971611752901837,0.0031466436253119665,0.010899598702271977,0.08254725097699528,0.12751446848550893,1.2476277620201226,14.665513042413384,0.0
1.338235294117647,0.0,0.06666360697235307,0.026185570047318953,0.022899822058208022,0.012418331267844165,0.014586989858945307,0.007982720108439954,0.005675776335714782,0.0030438707931479767,0.0,0.0013038884688909439,0.003089215021293889,0.004818566780947538,0.014998137029199641,0.07359099325714516,0.06020529141152231,0.024485416961132864,0.1298467307192271,0.0,0.12912468124181822,0.42585004677268945,0.204136864707525,0.08559583774355149,0.12380358638037242,0.027238027391977906,0.03953511235081293,0.02987779012546045,0.0,0.0460251319181838,0.033144606888880684,0.00798128242696543,0.004266127599825394,0.006083114595508468,0.0036840677689332166,0.004129609981897801,0.002252448482138996,0.0,0.00048626483141226003,0.0023380649025561665,0.003098768017655341,0.0016914536643109668,0.02635249515872367,0.13916574933353812,4.256997369498304,30.297429752608327,0.0
1.3529411764705883,0.0,0.05127670660952611,0.031704307411384317,0.017793434877377445,0.0034152809358507577,0.006981020671495157,0.01120382535753272,0.0029875462191255604,0.0037256997993273012,0.0,0.0028469797054537626,0.004166847730220709,0.0062044574004176435,0.018281469020729694,0.01743053439847279,0.021712723250743485,0.04187762951853196,0.026588944597741446,0.0,0.030910232759058402,0.04277050544202138,0.19064030237183477,0.08067776097828694,0.28210341486909535,0.34688461356763123,0.07715087667248924,0.01947629312088529,0.0,0.031193487814758968,0.02422944296194817,0.016970717551637406,0.005500521855393491,0.0008036316888154741,0.0032942955836854798,0.0015803920578633872,0.002210764128616535,0.0,0.0023160714802106085,0.00481553872277493,0.00292772835987184,0.0010298774330509872,0.008166648820565742,0.02972463622394242,0.8134231544861839,13.988264881493322,0.0
1.3676470588235294,0.0,0.029800731405670904,0.005980169172637656,0.004393804430873895,0.00821839900069524,0.010496709163869768,0.008765194463040896,0.007913693376971865,0.01037763292449946,0.0,0.007018408971293565,0.005231966289944375,0.0044358405628911746,0.005327753919088713,0.013052583721434814,0.015917221387221365,0.013089228767208506,0.014426889275686612,0.0,0.014895140011099511,0.11821110643678406,0.24887859366566212,0.11523250039329395,0.043058228188239143,0.019717709022801698,0.013744050930534801,0.017362602280884817,0.0,0.0036468127140137302,0.0007503025912139593,0.0010800507363324511,0.005064694482944241,0.010318247670309297,0.00352267826479691,0.0036589652526403736,0.0012699375784654176,0.0,0.0008781073155285311,0.0021123295469262734,0.002023102323157647,0.0021853882336936485,0.01289167003538839,0.17036987211982235,0.10977254479348826,2.3534784766631756,0.0
1.3823529411764706,0.0,0.05132192209133526,0.029467214368618554,0.017694239095242186,0.009881974874231942,0.0072297354980076466,0.006079015650126463,0.012926312038220384,0.0061734935582858416,0.0,0.0012101983343008511,0.0015123961499854631,0.005476952824986532,0.011597991547030223,0.0037929128070822247,0.0060504092613630055,0.0019834389800650345,0.07397648679074514,0.0,0.2624034808004099,0.30533001181603103,0.10415584331530893,0.11189258496170854,0.2683102991059861,0.10558973951903883,0.014133185201468404,0.012213931630530625,0.0,0.004543693869013884,0.007121650559485999,0.008470262889283316,0.003616681364612433,0.004079924753573096,0.006231793179710289,0.0052395773646895126,0.005731503826543527,0.0,0.0021431981755897465,0.0014357403288429147,0.0021499242403162254,0.004387937772720785,0.012305932811153046,0.03835665213235632,1.3133770435081475,0.959722234703865,0.0
1.3970588235294117,0.0,0.0813620542583326,0.02736965533873307,0.011564120642627919,0.012957337635415938,0.01484069627721725,0.011149231466096636,0.004450279780608363,0.0017652373414045227,0.0,0.00586761127470519,0.0038834663486286415,0.004052552362537913,0.0026097670917322948,0.026829915871200725,0.07986284107027826,0.03946419727469001,0.0983943547125945,0.0,0.04338562698025582,0.12758890989119676,0.1768080171137694,0.05864073111007673,0.09411929834032584,0.06923063378525035,0.03674743371079444,0.007936715369352617,0.0,0.002639929105610499,0.002861613282664862,0.001164924499352338,0.0009811653145282131,0.002975750839753306,0.006581807849620706,0.006759801491871871,0.013387582194137358,0.0,0.006462524790796027,0.0018270666847214569,0.0009005471035715935,0.0017702107673114075,0.002461203580761326,0.012290483617799556,1.5855549232225754,30.945016676602126,0.0
1.4117647058823528,0.0,0.04075685632742782,0.014714523651119277,0.02163405886196012,0.005949434914570765,0.007758846038174625,0.007653853373940695,0.004711801435105594,0.016384084875288574,0.0,0.013895731548791675,0.005544927468776492,0.0029656205090411556,0.0030354787910203632,0.015540948388439214,0.060149430969583584,0.17342266027345032,0.16804325015430316,0.0,0.11005714135792127,0.3599526152015253,0.3125486708982297,0.13649315129794742,0.11566254142513423,0.03573006104003616,0.0035355876619466726,0.004531569384925882,0.0,0.0022627832810475377,0.0007405114673901418,0.00245332260189766,0.0025192500520106863,0.0012297082908777589,0.0021360554860003133,0.005054720892839773,0.014914344261536554,0.0,0.0037663995405403787,0.0017875078797015796,0.001557329139338797,0.0046912610048315765,0.002216589367316722,0.05708596444051083,1.2163077784987635,12.746281852470364,0.0
1.426470588235294,0.0,0.03340290060180909,0.014089459798754249,0.01389983892040255,0.005328336038258968,0.009183590093301977,0.019446037254874423,0.009663001030645204,0.0010039441466359088,0.0,0.004040553597214794,0.0027126070237935276,0.0047274309311960755,0.012659340041582475,0.011081856114892041,0.0069399829473773145,0.009281621891123377,0.03196470362215621,0.0,0.056963086278161934,0.03756758354398426,0.11960863671209482,0.2509926183578882,0.06235072312902212,0.015103778177574528,0.00412120211795729,0.0011921234553661422,0.0,0.00129688001185463,0.002407038004462153,0.0013643319170287198,0.003399119808012317,0.004513590443053786,0.007739598937269588,0.008297442933069256,0.011873595192843037,0.0,0.009102526927139542,0.003849031838379841,0.0010681907212570932,0.0013964948171939374,0.026500932912559942,0.10224174021558594,0.24498566450218456,15.685740123902674,0.0
1.4411764705882353,0.0,0.05390720375230479,0.03189934713397588,0.006148257557919842,0.017869235429906975,0.017993569614094235,0.0028856413513712684,0.004655398345959872,0.005192482221279792,0.0,0.003517225463051559,0.008123418781109833,0.007488116917784328,0.0030126443360283845,0.001400558164596189,0.006926626870729766,0.03805357791512058,0.0718037494695013,0.0,0.05940787181528585,0.08657844674048623,0.3995775418543101,0.10416659995271688,0.003835106764080082,0.0157288568775352,0.012987639247649164,0.00232667738933822,0.0,0.0007566317159730406,0.003827922953712239,0.0031135022555877916,0.0017182123654162036,0.0018013162324840573,0.004832676138250992,0.00890225131703927,0.007221528325813367,0.0,0.004874739772404641,0.00522682411670434,0.00478335551218847,0.005826567949103346,0.022012473069700528,0.11070632673907935,2.818063618313385,29.595157096373185,0.0
1.4558823529411764,0.0,0.043788174579745244,0.033242024043470486,0.03220167481115248,0.01919676431619346,0.003654742303219996,0.005335463347179412,0.007467357714097315,0.0037075911443057836,0.0,0.005956008226498837,0.0035767502379128804,0.004806653612418512,0.0018460989075203167,0.004710451694955751,0.014715963083717289,0.013975088534249244,0.00429057965299596,0.0,0.09298348239752738,0.3424827501473186,0.08489210961867312,0.06665485935670779,0.023865353163708032,0.008919536941669642,0.015692539163618444,0.0036892757802478846,0.0,0.001852644807879029,0.0023374781621632672,0.001504007208318211,0.00248034819272872,0.0028897557690624187,0.011219659348042886,0.017676623715387498,0.011665956579676891,0.0,0.00694848134870014,0.0037475063104236432,0.005674835268824875,0.004765973320932674,0.0167486646061307,0.06418996642246047,0.5049727910146893,5.254000348295568,0.0
1.4705882352941175,0.0,0.033515930425514026,0.01431618376832724,0.0171907815933502,0.006013022580742825,0.013715136324968912,0.010547627383442169,0.011013369290985299,0.006866570212906065,0.0,0.002756160252974828,0.007322109496926149,0.007059771194124129,0.004963393485492037,0.004097071132589042,0.0014981780005907084,0.0006560883404474128,0.020994940774863385,0.0,0.01207657074399483,0.09045871592528654,0.12125176602100472,0.015843904970042795,0.008560230305949457,0.01176977932648073,0.009386302641835884,0.0020816606566469074,0.0,0.0007008861502980724,0.00030273852936661005,0.0009176582520733688,0.0017040039574269653,0.0012268099083099517,0.0011740747902214284,0.0019279492877042489,0.0032996008777536126,0.0,0.0014383531717492696,0.0009666647319287555,0.0018808106902419492,0.0012706440030947157,0.006317817191893779,0.06271719479362392,1.302499925927893,3.201309878447242,0.0
1.4852941176470589,0.0,0.023667340307800374,0.007951597071113843,0.0158893084907143,0.008885341429945591,0.006650537819102022,0.009955132212843443,0.0047443452025488905,0.006779893928023601,0.0,0.011739113765434697,0.0038181329278943795,0.0033850080945492444,0.007869221698817336,0.004655525510556764,0.006584894534443961,0.01405414035897873,0.013637395400168721,0.0,0.022581584722377833,0.037706140087505474,0.07190426735002987,0.034961404908150445,0.023092242695888027,0.004084486939608107,0.0034425212927496522,0.0007970211224627504,0.0,0.00107043742713247,0.0019274290087139211,0.0015748880382081883,0.0019975207620910925,0.001413445910518498,0.0009148047575776503,0.0009441903227722746,0.0020664358751832446,0.0,0.00611553526950077,0.00866443754778661,0.004877192347129989,0.004852784561614256,0.007981473078836503,0.06900342436149944,0.19838518415661335,5.165163437492843,0.0
1.5,0.0,0.008764381475230044,0.005794378962655498,0.006646887905334309,0.01268315267429583,0.010404367432474769,0.002291699694846952,0.0023131077729279695,0.0033926576067389498,0.0,0.007118203392308195,0.010018404963572295,0.0035352818748476266,0.0030886820417106607,0.001998277395701187,0.006131965180479718,0.008061877972995533,0.002267929729211816,0.0,0.0026845322494746847,0.04753913223187668,0.06432126683750411,0.012225068304305014,0.0181662099780591,0.003954338612824789,0.003569880918690924,0.0022289342166520038,0.0,0.0013224715968025778,0.001743170827421424,0.0014863092286527772,0.0020762575466030738,0.002290709661458893,0.0032311701414998173,0.006022265906902384,0.005122509123018809,0.0,0.004647880332969514,0.0021702033739877066,0.0013669037919736078,0.0012827692416073487,0.006828086069120442,0.008303538275728732,0.13158831615806005,1.6478927644475252,0.0
1.5147058823529411,0.0,0.07781004342764458,0.03836501531231816,0.01971622824015653,0.01182209140858304,0.005865955168638189,0.0032823833210396175,0.003117806530864998,0.0031312855782190323,0.0,0.003596652387326593,0.0032047451075774918,0.005563312924938385,0.003797349357239693,0.005735990773500906,0.0016933748210150364,0.0022456985146970697,0.018828718238844848,0.0,0.039565762934281996,0.013858319549847158,0.04005104137159448,0.0844528231235741,0.01935530321455948,0.0030128748491315225,0.00401265597399692,0.0021678816084170225,0.0,0.001704343470733757,0.0023609494154508666,0.0015908011371465365,0.000324283050198036,0.0007949951726930083,0.001551446825408724,0.0006029949286474831,0.0013764038004785502,0.0,0.0035215030508859257,0.0008602288162123569,0.00011931198357525866,0.0008816203091138242,0.008866193219443586,0.16347739088927474,0.7847718750510484,3.3981323697447534,0.0
1.5294117647058822,0.0,0.017577937100818678,0.01792604604431535,0.007899349261301404,0.00970806789360514,0.003634083825761346,0.003980862776419701,0.0031891910694690443,0.0014158279272083534,0.0,0.005060460713218024,0.001494510469150953,0.004784735325417865,0.00313225354512208,0.00424276493217258,0.007913181227262828,0.014206554313189245,0.028986846118880374,0.0,0.03813388067971644,0.04374568386089916,0.03260665596372731,0.01115715136909275,0.04998914623402719,0.00695816792551315,0.0018226195002961829,0.0010933036830928376,0.0,0.0008742756854983417,0.001352642595610794,0.0017668579396121474,0.0013925900229992657,0.002266130985548171,0.005122620602379512,0.001625691404280911,0.0024918721882761586,0.0,0.003806996319982982,0.0006224573180717248,0.001669904906205517,0.002882127737287147,0.0074271380367701735,0.016655520303039018,0.7810471167294183,17.43168902692443,0.0
1.5441176470588234,0.0,0.04228660599045277,0.015716639727824354,0.01929348704944621,0.022759067465757295,0.01944898042220884,0.004587092237027571,0.009943655161656496,0.003697531363003159,0.0,0.0026224778635914577,0.003924907185960495,0.0024330690074594935,0.005028195212394829,0.00466643341777705,0.0033789487876515513,0.005024663563708522,0.0026305470643772323,0.0,0.004982049239681134,0.00417286717322006,0.006308587094682681,0.026072671466346085,0.033884720925374145,0.008166849917578994,0.0018964155066350454,0.0007179771187088233,0.0,0.0011283020777130533,0.0025502515141886052,0.0030207033209159943,0.00087493407400832,0.0016198048514146225,0.004325251670910967,0.0030219118646950113,0.0014834909770533055,0.0,0.0029641460684062424,0.007324162122923099,0.0034476375652459958,0.0009768657950060705,0.00443309712011088,0.024554153682091788,1.4076560742813022,22.259749755155166,0.0
1.558823529411765,0.0,0.005809145736332289,0.00638420427349708,0.005282987989994527,0.013622607453073983,0.01453143004053276,0.006605145735437592,0.00999357142276091,0.0037543824386920676,0.0,0.0028924241841103973,0.0029712054719120222,0.0009520059963336667,0.0032849863477566145,0.009773258037218232,0.008882171117831138,0.015885927696401257,0.011789471611596086,0.0,0.01430585326022038,0.027781889486010878,0.07927800761793415,0.07592685134949288,0.024467180444361553,0.004970272741357335,0.00087854235547448,0.002807944564990326,0.0,0.002853857020905528,0.0024371275271051597,0.004111312515243875,0.0027825970777302523,0.004714185313534633,0.002864051774338304,0.002106895970623003,0.0044913781898343035,0.0,0.0052453063717547875,0.010188180219498896,0.007409257088675701,0.0032714403334734576,0.006591083804508586,0.2189023540549122,0.25940238675193644,0.7154722210927156,0.0
1.573529411764706,0.0,0.04305161318463352,0.028545799067064403,0.025326837658796897,0.01150399115956432,0.010030941549381105,0.014033201891913646,0.006830084770101388,0.00270949528871081,0.0,0.003449497598945768,0.001806085285995514,0.0031454006908325353,0.001895137777217221,0.0021107208199626164,0.025258337121116803,0.04842625820355781,0.0045800432236142085,0.0,0.01953221291080542,0.021625428271869328,0.04709725548913024,0.11000483185138099,0.02258467229147819,0.009199461259460917,0.005720961788795698,0.0008289984632834687,0.0,0.0007552450051508844,0.002689102281007247,0.002144961359595087,0.0015476438748891392,0.0010724358975303147,0.0026986729425268106,0.002073594611406009,0.0015352592521185758,0.0,0.003185418835700323,0.001869990910367199,0.0029488361205032374,0.017587875037327366,0.10356336515359826,0.42850714609527674,0.9323767803703922,0.14831680015867643,0.0
1.5882352941176472,0.0,0.017221183094011813,0.0068668302458986565,0.008849614630207364,0.0018455821595439671,0.0015646667927504368,0.010683232255472262,0.012151846875195726,0.0026851291514583568,0.0,0.0013376994770022267,0.0015433980977985452,0.004586649183574428,0.008908567183126636,0.007129208021301629,0.0015619367057107334,0.002320898920347599,0.018720849805113113,0.0,0.007674132809096186,0.009480896887707747,0.0039554463320497805,0.028261091174894965,0.0508421081872523,0.003525420106601132,0.008965328164295216,0.0026767083950692706,0.0,0.001287219306586625,0.00100873068424213,0.0009675270836237328,0.0019295794771114088,0.002019441561628076,0.004381740244718291,0.004373926396121889,0.0010250527854639285,0.0,0.0017241135669859775,0.002414564697519114,0.0013756323590462453,0.003209795206515015,0.002687922304071345,0.07940450553485032,2.0006295711305624,8.16099435648264,0.0
1.6029411764705883,0.0,0.043852449065043944,0.04272867160985504,0.008032315836211536,0.0040492628341139945,0.013364910583474977,0.01209734201103288,0.006220149291047881,0.0030972777921611586,0.0,0.001685926534536025,0.0036353678507663693,0.008205088462768132,0.006321360776756681,0.007999002124790777,0.005232786985239131,0.008716166491878527,0.024223369169133382,0.0,0.05518188755455493,0.09014738694820246,0.07643244364461325,0.020851227930051962,0.002051003780747554,0.004345600585096704,0.00478583849279918,0.003510782136273195,0.0,0.004551894377222898,0.003328888026930102,0.0014561125598584698,0.001366937339955555,0.0019399113490557594,0.0028549131993841873,0.000777504729515903,0.0015498807299187017,0.0,0.003607087042126746,0.0020574158807233033,0.001463867485994224,0.002070134828355232,0.008910335487279436,0.0921188358020841,1.1108095234110418,25.263914861680608,0.0
1.6176470588235294,0.0,0.01409650572830485,0.01361301084244273,0.003511534925264975,0.010448627153003508,0.0055064817726873765,0.008814513392842106,0.005387735988551072,0.004566694120694127,0.0,0.004590800362104902,0.004560316303679347,0.004249228634484694,0.003092915078891854,0.001473545870164929,0.0038503545910715067,0.0025321040601888225,0.007258732209179795,0.0,0.002579856593903693,0.008289960512768507,0.014771741540187197,0.014734212869853679,0.021812549008521212,0.008657936511691852,0.005841376910231744,0.005917237657051001,0.0,0.0018046215822376088,0.0017119493871977772,0.003295604245417333,0.0036797136111551432,0.0051084189752843455,0.003990088983916498,0.001526121237576945,0.0028523916772011156,0.0,0.0019950759172741583,0.0011598724765824217,0.0011040245714340584,0.0032768035937364975,0.008241029868722695,0.005484353573388545,1.2590602352998124,7.087041485965728,0.0
1.6323529411764706,0.0,0.013606720237460138,0.014722676919452175,0.01749888142942162,0.0036696417671635857,0.0055567922889338105,0.00974765373522377,0.01085549407627954,0.006720472728476043,0.0,0.002576296560025414,0.003142509088292423,0.005886118885086074,0.004167343448114691,0.005914849667286196,0.005386120526337173,0.009687822021292748,0.04135650891058338,0.0,0.034476758173130756,0.026921552413378222,0.028824761198389816,0.016720978993163306,0.005525905370504418,0.013588920729298452,0.006815693273524409,0.0034842084464375865,0.0,0.002397779891537393,0.0022277062646596773,0.0032798486656029045,0.002755322677648959,0.0025835633713976822,0.0009617188651424623,0.0016023289857714901,0.003049652543169351,0.0,0.0033833943788348997,0.00415242747339119,0.0038139258467549866,0.0022254368335474523,0.0060616541666695676,0.04406928030263224,2.612609810839744,23.226598354872475,0.0
1.647058823529412,0.0,0.007963058917949625,0.020375772813723523,0.027642736311817684,0.024735725938610058,0.019454640660407474,0.007173936993720213,0.003671728367479128,0.002377696524273193,0.0,0.005515460920865298,0.0029680834745098262,0.0032985652087446833,0.0051334777182929165,0.014202358808728608,0.05317164490291461,0.02688744513026236,0.019647875618426316,0.0,0.022802824790719187,0.019884397319095262,0.012342661923158107,0.00574071941064274,0.009702911619973272,0.004842730802692577,0.01309156848748452,0.0032158635155139547,0.0,0.0007683118496045331,0.0003674583820894038,0.0010522357846477885,0.0032318756137295897,0.0020798672490837575,0.0009511515057312379,0.0007598892577058251,0.0003309442865818117,0.0,0.0022885297718022147,0.004410896248498811,0.0028655664744785996,0.003922840152877211,0.004721074489417939,0.08240892923756263,5.355390430095735,34.99787641610611,0.0
1.661764705882353,0.0,0.02452185779533808,0.011525621839696553,0.019688882389640415,0.014181263011998197,0.004951994243758256,0.003755678231215464,0.0039090992822610375,0.0029859225847577863,0.0,0.005207149754322045,0.0031954469549080947,0.0030420040650533373,0.0018773075262431878,0.00513857791809997,0.024017755841725656,0.017895465727542307,0.026122441486148347,0.0,0.0037901567286046916,0.005263071914508418,0.009289447482361489,0.011163905464979546,0.014280251951765289,0.00600995631157649,0.006166095730021711,0.0033894503960017917,0.0,0.00040037559463026616,0.0013693016530720902,0.001995005429471631,0.002645063000832188,0.0012183646965860868,0.0010967393555740914,0.0015354680999734994,0.006980903860281464,0.0,0.005181307669402245,0.0019402791893843433,0.0010176057648023764,0.0017289691770214946,0.0021922819998994062,0.05126704199262609,0.26139169766170245,11.187819593073733,0.0
1.6764705882352942,0.0,0.02749079359464717,0.022426413051364537,0.007753164911612107,0.008371845271573902,0.0063782977137199276,0.008716670492304797,0.016859829797194942,0.01696591977249939,0.0,0.003655651321601039,0.0023043183564032165,0.00536028168680954,0.000846947994699454,0.008888229406706537,0.02035695417370456,0.052347274126073484,0.027835796269042846,0.0,0.02532403427809597,0.011771388944930048,0.005072625585102202,0.013907187388196714,0.01658378292865736,0.01670280743836068,0.004411082130838322,0.0008118849024992637,0.0,0.0021795882201272147,0.0021927512677757085,0.0005645954180396496,0.0007806826251509021,0.0014678681272856503,0.0009013884715799736,0.0014723601705808297,0.015069032156888738,0.0,0.015552686404906285,0.0023905686581876615,0.0032740869365018295,0.002979391178039844,0.0035120116886421127,0.05506085325004511,0.05622989877785252,4.543335860618422,0.0
1.6911764705882353,0.0,0.03247275008083155,0.03429276772718685,0.03548758449778469,0.01166012051337495,0.004298734969954655,0.0030201464595066138,0.005556991110081844,0.009950277454620769,0.0,0.002203570535993181,0.0026044329691308956,0.005010223162436791,0.007549379004898497,0.016955670093795297,0.03465075304079146,0.020656925575267302,0.020497094876567083,0.0,0.041189615925778154,0.013364213823149056,0.015675300539882482,0.0056939560886145974,0.010553536982188631,0.013735223875478559,0.002917347591030707,0.00264221043161547,0.0,0.0013918873142231543,0.0007661866723180597,0.0018844430142579247,0.0025797021668538863,0.001366408185443839,0.0010950090694866097,0.012164673681534822,0.06496150201457779,0.0,0.033426480689883756,0.0022327723271900845,0.0018922308808442363,0.002383327545113864,0.0040948645231677116,0.10505370217377366,0.8190141699812887,2.778694293250155,0.0
1.7058823529411764,0.0,0.052775251161206765,0.0083100062056716,0.02625764215686046,0.012879116861816857,0.0070859417658737135,0.01632134234972597,0.014890998472506469,0.004169151719245538,0.0,0.003834250170394041,0.008598689200060797,0.015075976863015914,0.015312431042575196,0.008568765713298482,0.005619307819642552,0.0082404503257889,0.008825244537339998,0.0,0.02179847354238819,0.025153722359994718,0.029931309043369783,0.05353448963567743,0.017819872675162402,0.0033841717354492337,0.0035308276102730077,0.010010737137667588,0.0,0.046328476835221136,0.06259988718652845,0.023679212042954548,0.003032423182267593,0.004415253421111359,0.002338743454778353,0.021156940198637637,0.06546964591154174,0.0,0.02577223832229598,0.0008212836020251554,0.0037827894757170165,0.005919319016991062,0.007953170248898305,0.05143888998517805,0.18429270630897782,6.742479584252456,0.0
1.7205882352941175,0.0,0.08696341629477691,0.05429387184447215,0.03310300243995539,0.009589106106824641,0.005091269341218793,0.006306954148104708,0.010195479071091,0.024468925042042657,0.0,0.05083107744638313,0.015513875509431861,0.007477901692675372,0.0037457770320839224,0.0030152842711054506,0.002430824872507003,0.00888333105754238,0.023131176675935193,0.0,0.046599428935745285,0.03077936150134826,0.04816836354144304,0.04537058123894444,0.016648538510091147,0.004531399666095469,0.0007581237333543954,0.0012155035444509367,0.0,0.00607538066443584,0.013931455251013252,0.015058908848342642,0.0016850339575749927,0.0032491582430331086,0.0036699712432896616,0.003506727477065609,0.005283159808348602,0.0,0.0029050469538504644,0.0013350618789510526,0.0008705107064758205,0.00266093596549369,0.0019057546917476435,0.026972265755907752,0.40506127591743707,0.9748449175867127,0.0
1.7352941176470587,0.0,0.05172855649712788,0.012534153424537911,0.005054484009162703,0.007038648366881059,0.0061445319336861865,0.005387177772525763,0.008414394001486528,0.02040343271793505,0.0,0.06542321327719917,0.015190130336048466,0.003842392972669404,0.006195516350508604,0.008253546700377307,0.02460570475612326,0.02691907721843722,0.009512608589480786,0.0,0.015175506850174065,0.007871459105216125,0.03188892764664152,0.015233040784412906,0.007663087222526984,0.0036069300370225265,0.0036462966911538024,0.002904085496732136,0.0,0.004691714488647388,0.002775154820091204,0.004310300734157038,0.005285568074149885,0.004273128803748084,0.0031389601245714123,0.001920955577424881,0.0027508311187336336,0.0,0.0017659177881544919,0.0015228862549852,0.0031574902372482425,0.0022081156121876644,0.007362737097963689,0.042225773101135615,0.07708096024329253,7.524010465164478,0.0
1.75,0.0,0.041882415946830516,0.01255383442056974,0.00812406077230041,0.010453305906297937,0.013235156375513014,0.003610752304706228,0.0033415194658866785,0.02635943065378389,0.0,0.042158978613373845,0.005816429184038195,0.0027899312675420396,0.0013824332276648292,0.007875200797407497,0.008361054833515923,0.0042034544248942835,0.008203231568140713,0.0,0.025968647580360833,0.027586185180111113,0.006466857918141348,0.019294470241773318,0.03249766743998991,0.011049263246631483,0.00481306871845308,0.001724511929016718,0.0,0.0013184066989865657,0.0021363370523596915,0.0037755409752126302,0.0016794115601367087,0.0012760589283476655,0.0006041083195085721,0.0015886412925952202,0.0038540856350608964,0.0,0.0018132212828858934,0.0018140796823087446,0.0015408778978459978,0.003930247738243719,0.005764570485423188,0.047516562384563435,0.21320658386215258,2.048160263667115,0.0
1.7647058823529411,0.0,0.01088571202642585,0.013485047042040014,0.010667408962713667,0.01024777211776709,0.011537103019597927,0.004300777926937346,0.0026567460282137076,0.010464082910885941,0.0,0.017033731676815635,0.004438264771306625,0.0038629570619613247,0.005065858630482176,0.002419739421640434,0.00714896830687731,0.01634280466259608,0.019354300775577038,0.0,0.04757592741978592,0.02639275440506004,0.01268985053642216,0.021781110626638973,0.00295569621859459,0.0023772903032885026,0.0019817784708078116,0.0033480506662108937,0.0,0.0029580258955156594,0.002388462190412925,0.003388832091839231,0.002549674134285875,0.002498177836272099,0.0024315182335350595,0.007372945285093571,0.01444688054420561,0.0,0.0035612487388004734,0.001074202008554243,0.0017547788581023511,0.0011179827182287482,0.004500906235669415,0.035549949934017326,0.26967968762602945,4.128531636597564,0.0
1.7794117647058822,0.0,0.08457275087692721,0.024416255707351602,0.01636348525311445,0.018348912106136372,0.015291445482494441,0.009391919067301108,0.009581415546019652,0.005462370999816959,0.0,0.004943596251117641,0.005696596226743672,0.005190496234983848,0.009713777426904083,0.008736811613402583,0.004437775250117524,0.004452990580108913,0.017345879429250994,0.0,0.013405678896744325,0.002848246402075073,0.0011605553474417555,0.018388856777091463,0.014835262845899484,0.0018298280931674984,0.0005698585461721956,0.0030893873404273953,0.0,0.002761068155129852,0.0028662310777534394,0.0022823311876917713,0.004391514992704217,0.001722047461835996,0.0014140671010708077,0.001587325620957114,0.002480377977910322,0.0,0.001337268263307626,0.002489875999812342,0.002680547075226549,0.004626901930406801,0.014934640073334522,0.12587204780243835,2.09362452425602,4.418857617829162,0.0
1.7941176470588234,0.0,0.02041816970201019,0.02752239456134788,0.015945158295533314,0.017824214743020206,0.011143279852771127,0.0028098950910845576,0.005344007054169863,0.004685687970689726,0.0,0.004186825387757517,0.0026664396295043406,0.003194042644739911,0.00200178885167031,0.0021533105598725453,0.01866466985667628,0.026481213381724468,0.012401424044987012,0.0,0.028102245670828196,0.03473318161418583,0.003457389900458693,0.022114816336073255,0.02885975239955127,0.011119192166061716,0.0036282099767078802,0.0024914670735792883,0.0,0.0029488970118984378,0.002672511528550724,0.0017111441706320276,0.00013840681575934453,0.0015257196961087284,0.0013886376741826692,0.002731599072565278,0.003204009327379238,0.0,0.0015361900652781264,0.0006779465067479165,0.001969530420846003,0.003227685329690969,0.009092545134550696,0.028592941236988828,0.4714916549763986,11.537214367779573,0.0
1.8088235294117645,0.0,0.04376949900029201,0.03977952964903125,0.03388887218471214,0.014093086611143741,0.0025419605825357378,0.006975041456474983,0.006232783468906799,0.00427750752201341,0.0,0.004078202620746135,0.0009315380975490111,0.004090042755828438,0.006650477776537652,0.0020591591356113334,0.010743146906463684,0.021490147425867186,0.01890009690305547,0.0,0.01976347071293077,0.01901279669777959,0.02029437307237536,0.012709505264087253,0.009448204145718472,0.008086260441176739,0.0022647416598349304,0.002217798798491063,0.0,0.002031287892815686,0.00044679833251606914,0.0014092234211670897,0.0015793389113177676,0.0020632899864459486,0.0018886061464708542,0.002861793843817216,0.0038666937693226724,0.0,0.0025085969546767527,0.00178764760740391,0.0024241268872256987,0.0006356494184995686,0.0026483602326192596,0.014778887820838535,0.29566336622229705,7.255437098720224,0.0
1.8235294117647056,0.0,0.0644806362150355,0.05245235823627667,0.017217946061415964,0.003511538209720142,0.006549738983370036,0.0075589777671851675,0.009809515450285725,0.011300912443421457,0.0,0.004834404782050997,0.005842033408815953,0.007107155616329078,0.011656285620519716,0.015001456540806743,0.02888270280140839,0.01679399205941267,0.007262849309110809,0.0,0.030106411242455902,0.013964040270645656,0.007497788511037894,0.006511676103711738,0.011659132975735008,0.003410036631745053,0.0020010837779965876,0.0025097305153152505,0.0,0.0027342915619966313,0.0020531407156799833,0.002376627972977841,0.0001940433892137307,0.0026605908356132977,0.003944290511032053,0.002802553417658818,0.002506996421280819,0.0,0.000846716726105413,0.0007489335852391181,0.002504980000320456,0.0027190785913720674,0.020880248866632874,0.10375803184413121,0.5177441115694226,12.498708578016922,0.0
1.8382352941176472,0.0,0.022063850984029288,0.041751085807678084,0.03535116753275002,0.02519429159516127,0.02111755203878391,0.005712379661316985,0.01718961356836106,0.010194820981603275,0.0,0.006097559235369868,0.0038679942823233336,0.004210165476589593,0.0070748805802127715,0.002039532006307201,0.011071698657114895,0.03064062142311696,0.020776089559180193,0.0,0.0025336494022048747,0.012325654623245459,0.009443220453955653,0.004004476392271236,0.0030213471278927127,0.012446643443978908,0.006585197282660462,0.0028211307014964432,0.0,0.004093072950864816,0.0011323795720594406,0.004308366262115102,0.000863574891490055,0.0021944080764920255,0.0012430256091666193,0.004636208835913886,0.0044348371871425745,0.0,0.0013930744068804107,0.0020085317463982813,0.0019796035460512337,0.0030477337634141235,0.006420780134139004,0.0705122794198913,0.28695825039047484,13.310049575980464,0.0
1.8529411764705883,0.0,0.0635727083106911,0.030591751516479044,0.015041371182254796,0.014139355805021729,0.004716704347303756,0.016905807454571358,0.008709776329249515,0.0039223603828606735,0.0,0.0028342789433312425,0.009528257271227693,0.009769181891705815,0.0032549295727490523,0.004516575360217879,0.0046699576307125176,0.004932653790708249,0.01897248893539808,0.0,0.05432235163028215,0.043684967418374174,0.034660525802310035,0.009926254191684386,0.005642349529147104,0.003940135573303497,0.0019506153624503073,0.0015976737423118571,0.0,0.0017252596950020742,0.0016723840551229412,0.0013664506870624362,0.002093903933462791,0.00308521562244503,0.0022440980492798644,0.0018008013125931169,0.0018697504942124525,0.0,0.0027304354142732314,0.0021206202082836275,0.00549453352112946,0.00274528174164739,0.004234689989858101,0.05171648837312466,2.538861544753952,14.540145044783948,0.0
1.8676470588235294,0.0,0.012410826758007754,0.026773055574635787,0.00998054627784599,0.0009187476999116078,0.004718751257106137,0.0056626482639503045,0.001964120350687302,0.004286176945387502,0.0,0.009252128029963367,0.007009176335703863,0.003912926555078415,0.0013656382967698849,0.0019389659938738037,0.003964178803150966,0.007483787814574589,0.022204275808653147,0.0,0.030912629175827825,0.023450167514600988,0.007248298410103298,0.026616277967854637,0.018902448057534108,0.00827899659436138,0.006378891358306464,0.003192314371629357,0.0,0.001570391610861021,0.0002770453626855322,0.0011099617202007946,0.0011144631851813126,0.0006792367114084141,0.0013222290220622262,0.0003329485562745528,0.0008889062476413695,0.0,0.0007878390865172806,0.0020945002691793754,0.002169191841685087,0.002110664893545744,0.0052810089461157545,0.022561344137387557,2.5097724412271116,4.925740207020132,0.0
1.8823529411764706,0.0,0.012427133203531063,0.005831131305780347,0.010412472262278392,0.010400363695080569,0.01123855960690324,0.010416500683250765,0.005048146838454811,0.0014427927845633067,0.0,0.0028224140333978757,0.002095650657534607,0.0073040574565128935,0.008309129722166887,0.0032092983705238253,0.0056728613804855185,0.007046497267131526,0.014713575226003299,0.0,0.013836934787648131,0.01350488040526709,0.011892907900619774,0.010027957718429126,0.0016133103590828118,0.003105883977283306,0.0007134446065093161,0.0025544173627273584,0.0,0.002190788537368518,0.002084935564295222,0.0026055113868738264,0.0021173205760753417,0.0012157775078903213,0.0005665207574904029,0.003439743384395304,0.0029038572662649525,0.0,0.0007467851973491455,0.0015250144999373668,0.0026795556389153335,0.0017552784542595326,0.0017106139094158971,0.04595492093052148,1.5900791439657447,11.184038413393864,0.0
1.8970588235294117,0.0,0.020683019965911296,0.020953525034611307,0.019978411685696664,0.017876915801623615,0.008783409493104391,0.00419656688171119,0.010394481620770243,0.009628830780357787,0.0,0.00542422967550001,0.001925958363571891,0.001434651515060019,0.002186257917787269,0.002538767258302147,0.006182503362585449,0.014533356213455879,0.005753633438788389,0.0,0.012314420687614373,0.026101251357089832,0.021451171170278664,0.008699867911255637,0.007497311493840423,0.012423093805779929,0.004057197438955558,0.0025364681061538913,0.0,0.0028717464468405495,0.0018187329604039723,0.005015701694936819,0.0031527570732472077,0.0011540302582949387,0.0003346814631949883,0.008796566936449153,0.012389881663971107,0.0,0.004001911883960315,0.0011245021156141444,0.0007921376228903072,0.0028272963546678662,0.0017865293015235893,0.1093971529338067,1.7240604975749596,26.808008466727742,0.0
1.9117647058823528,0.0,0.013139550626923444,0.01907200912740941,0.015175589269129304,0.012779777626774142,0.004732786784359183,0.0024301040255392285,0.005632597539164152,0.006244659668157694,0.0,0.007256690438141896,0.004550028705510997,0.003140788439657813,0.0047389740616461205,0.001724394154991642,0.006995684328857946,0.010857642290288145,0.005165207320463022,0.0,0.009964195920256479,0.029896877411206262,0.029508609699131494,0.013649724568647156,0.005227995316905064,0.0026652385022502426,0.003486498492718521,0.0020617175200003672,0.0,0.0011317146890519106,0.0010181151712520228,0.0009538611786997687,0.0012320513267521328,0.0016145922030144546,0.0017431530970925119,0.004745784678640017,0.0018361801029660413,0.0,0.0012204866617120777,0.0012942331388818363,0.0013159063298737908,0.0022035301814578223,0.007613929737953892,0.042175523801352775,1.4417419095115098,18.10898410406633,0.0
1.926470588235294,0.0,0.06255986046387305,0.01760449654040408,0.006229600450339753,0.00996394425783848,0.004243792587607961,0.004507433652788173,0.00799453808897801,0.004379332298801113,0.0,0.0022366364057068025,0.002164231398352651,0.001580973816963259,0.0026904857439917712,0.009013790223837588,0.014352894794382181,0.02625879071154287,0.012877520518728792,0.0,0.017470594498589037,0.019325625090822814,0.006070279900854861,0.03219063989850055,0.018540932904867392,0.0011607861622117592,0.0019768788873507277,0.003081088069952354,0.0,0.0037705982899997543,0.002048338931356114,0.002337389325109851,0.0022057455909657896,0.0032952950825397356,0.003053681149281516,0.004839973719491051,0.003169868237714341,0.0,0.0010543347914817682,0.0009350871345384043,0.0013735135069239339,0.003066979701228544,0.005037248534463206,0.05571566324858638,0.17780263162501198,0.29756889271540415,0.0
1.9411764705882355,0.0,0.05268455638696205,0.026841427109405076,0.009742598788433223,0.00953957179001879,0.009419077170183886,0.002900717665012251,0.005252114760710678,0.006537402037370511,0.0,0.0028768229704971057,0.002543977513051093,0.003226901886144622,0.0018905964343146984,0.003862372479630705,0.0005524273664402127,0.02236241858352308,0.04025225548767193,0.0,0.01814901747674659,0.03578904416645178,0.024551738910147718,0.020002721652906168,0.0021206052672776655,0.006167563354893418,0.001739705321652729,0.002180634109321079,0.0,0.0027049803744251997,0.002857811240858295,0.003517366692650498,0.0016216013357233552,0.0003467328560083844,0.0015570387234666902,0.002335937846060998,0.0026728954385255507,0.0,0.0019507404209439462,0.0006957665511533251,0.003580793959974642,0.0011142314676963526,0.003563745804191749,0.010923740542857,0.39042127948892996,3.0699109262066915,0.0
1.9558823529411766,0.0,0.037533370964314056,0.012016961552822525,0.00641457674848118,0.010083756751499265,0.011065139334579088,0.01647666313972848,0.008466337867899063,0.0035475462973377906,0.0,0.0007939580222692869,0.0031888242880252905,0.0044869695360873684,0.006691087273832523,0.005724200803592367,0.007754590579617075,0.007774679920679846,0.016179678594109192,0.0,0.011617711921333746,0.003750347293730825,0.007350291220270616,0.009628112449901607,0.015129984023784371,0.0026499371439923933,0.003117723220367139,0.000760464816254898,0.0,0.0010612327045074347,0.0016983180794853557,0.0009173171042610395,0.0005712460591881809,0.0013138969823701357,0.0026121483058593187,0.0027553635144701074,0.0019351373686785035,0.0,0.0007645014135412287,0.000828954770463604,0.003119099424340903,0.0037028963911266317,0.0020915721073062055,0.009558420795431288,1.3759368400204492,36.72839033855563,0.0
1.9705882352941178,0.0,0.07006303263502676,0.021432059221608592,0.00989013439534715,0.008052087781153468,0.008253346456206345,0.00417178668318663,0.0036559935638608887,0.004282411704017946,0.0,0.00333993224344375,0.0018724696603969046,0.004074804340558164,0.004208123739697576,0.003850878460344105,0.009226861036144531,0.018508499162647157,0.02164490647691154,0.0,0.031151912665742635,0.04664676601734241,0.03562552975748411,0.021809379951747233,0.0061538190124105,0.0030596403495293453,0.0015088307880098996,0.0012015889911951032,0.0,0.0010432877652478915,0.0020800529522538025,0.0029346228226575692,0.001542518876193911,0.001279524108641246,0.0015431007476945245,0.0024664847429531865,0.0032071250747413224,0.0,0.0017725481565670058,0.0004908045646397794,0.0014968671662391143,0.005597082001864885,0.0377796546395447,0.5873458694277147,1.7026248399806088,0.9793209752708828,0.0
1.9852941176470589,0.0,0.05391416843733024,0.022885434847644645,0.007910037185941535,0.0059700488842835435,0.0026009598672373756,0.004736389872492141,0.0029245537211469593,0.0015616068212538556,0.0,0.0017050258343707038,0.002380021814079293,0.00451968779267007,0.0027354574849698817,0.00773868124997047,0.0009278329044183919,0.001941267771546123,0.0048330789424080155,0.0,0.025209820172183622,0.01339200082716726,0.006160970838876249,0.0025944471056747772,0.005196605117933737,0.0038532432845859435,0.004444816417831881,0.004483369734479627,0.0,0.003123536046833109,0.0007377309335387115,0.0005071598765336256,0.0013060213875515446,0.0009282987710914258,0.0014000318810044464,0.0012665910791556055,0.0011416635269355232,0.0,0.001518193401530873,0.0019229929098538866,0.0015358707145936654,0.0028662267409854726,0.017796866262906046,0.10645364738388151,0.04922430118120967,1.5044171559158892,0.0
2.0,0.0,0.05770528105982409,0.021170072481335643,0.031224856291321892,0.03046162291433943,0.015426992877066911,0.005585123405117176,0.003881129614160605,0.004261135218687172,0.0,0.006343423946143888,0.00418285655405867,0.0023430498527600148,0.0025625871010416658,0.004833241148942945,0.013207461013120255,0.017811225528366403,0.028028791185522484,0.0,0.10814863609330289,0.09029262564593721,0.02296414505013443,0.023990321429067367,0.030302252004657103,0.010937525840648119,0.0019139122497165775,0.0026892106746353502,0.0,0.00105442819497496,0.0010164378129354254,0.0010189164109608603,0.0024619628933761815,0.002112430777626435,0.0010686613949323683,0.0029196526301925613,0.002190397053174071,0.0,0.0010358187799736215,0.0019853742847285093,0.0028158222900596702,0.0019107889564796351,0.0017438729977812366,0.00876681553700018,0.4834676120058915,4.081750666624094,0.0
2.014705882352941,0.0,0.04929962674897515,0.033601325888947556,0.04153588593527005,0.022763588488642912,0.004729076185328239,0.0097882659379975,0.0036966878046237835,0.0014930080682042505,0.0,0.0035432238273802267,0.004598530515422712,0.006062856957352712,0.002791504748831706,0.013898281043307755,0.040240296012836255,0.042424183720315076,0.039498669015270584,0.0,0.074083877316604,0.15010920576685657,0.05095250395133339,0.0034836078704820698,0.0156965761550314,0.012840827543477314,0.00352685039562021,0.0006690508117280719,0.0,0.002075417597058262,0.001575401308161166,0.0030877978302031282,0.0030856000521536408,0.0035336417039815472,0.003389857562352808,0.0025947811640620547,0.000525227370496194,0.0,0.00022420183566093202,0.0013224581624440217,0.0017393194996512197,0.001675424595045726,0.004981769056537952,0.03829712045569224,1.3388824790699385,2.7567843493027198,0.0
2.0294117647058822,0.0,0.0695944598390402,0.050589168693945245,0.020147603404394237,0.008817977374938698,0.004840933706212599,0.0017120153278504266,0.0011921952408646716,0.003101094383364187,0.0,0.005968674694303337,0.013330825978167381,0.0059308990806215016,0.005204768799703912,0.0015653968284609916,0.013388060273636659,0.00276319610313436,0.004496283755173847,0.0,0.05358757417664185,0.09199400835607958,0.01034941388918482,0.02085855925041516,0.005378232766039635,0.008422838676046429,0.0023694245087356744,0.0017704643315605817,0.0,0.0005929476562293696,0.0008730500441965425,0.002161427129103061,0.0017159684880333306,0.001269727385544418,0.0016749962862181549,0.0017038100745123317,0.0017157964784617016,0.0,0.0007968863611031408,0.0002000630172444739,0.001916700761063267,0.0019287024091965913,0.00276017126039837,0.018628651888757848,0.19593333402228189,2.345902117700567,0.0
2.0441176470588234,0.0,0.07266879106317334,0.03332456160847244,0.015316159632416225,0.025456410621231926,0.014427018499189672,0.0013153434717819207,0.001482431180411646,0.0038425444301643276,0.0,0.005408016102627293,0.007260558057054375,0.012126026399571863,0.008281840709026822,0.009832406831806723,0.00932519748732498,0.009894753663621305,0.030995638713226692,0.0,0.16362655102881746,0.059229746980733494,0.029506088984798496,0.04170732548514074,0.007311771812739045,0.0030813520362938367,0.00322495188005748,0.0018234966214598226,0.0,0.0012168316504255036,0.002013896959057238,0.004295709027568831,0.007761573802949043,0.003070885906271726,0.001967082919674704,0.0023473577975497775,0.0010910907392267123,0.0,0.0018137333680991945,0.0009662798819282423,0.00031303503568194267,0.002316411605588767,0.0011353154362283401,0.015760215848760133,0.16824933339873985,1.638841476144185,0.0
2.0588235294117645,0.0,0.027740416072099205,0.016584295494407996,0.004997458930766277,0.014831816427306218,0.014760561948097928,0.01223101437618574,0.009181525612627573,0.004075903725618679,0.0,0.004383216659273204,0.0033563961997158244,0.004262378994276404,0.004453949247658371,0.004707925054196732,0.025592133279325253,0.047799719471270166,0.01975012439499834,0.0,0.010892866487439711,0.02451691516662546,0.01808937307438019,0.0016512580447800129,0.026625706391615274,0.01054979669996289,0.0029151484034916826,0.00291435577284949,0.0,0.0024912640140479078,0.004873102252823529,0.003937932035722347,0.002773251405738997,0.001834617164229714,0.0018407296126162387,0.00303828316583847,0.0025966728131185703,0.0,0.001969042101553642,0.000753451526736211,0.0018352084039465265,0.002998643269126827,0.005952304949414342,0.03262775283476264,0.9045485586098809,3.393979755171634,0.0
2.0735294117647056,0.0,0.02915359233014682,0.014644763153529652,0.016372546259580865,0.006862615375160587,0.004667155708100754,0.005850582642204349,0.007443008867073079,0.0019454188442318092,0.0,0.0036018572621511116,0.002689859096734258,0.0021040090699771764,0.003999811335838711,0.013719281667176696,0.012344015434761005,0.021961379121982032,0.027259252917979405,0.0,0.02088331553188706,0.009509187019727423,0.02283685498421064,0.01537917737855489,0.012692164317427063,0.005048084567428243,0.002952179230854036,0.0029403777230247517,0.0,0.004290499223901959,0.0018726050349922503,0.0025762753852665967,0.002548413084482901,0.0016950163969698616,0.0010204637442024719,0.0025048307249657484,0.0035548459858609762,0.0,0.0018785305153550037,0.0005631988177432029,0.0006853632875781477,0.0008220252932054448,0.0004421432965269395,0.017724836030490236,1.1757568674651773,13.034387364176116,0.0
2.0882352941176467,0.0,0.04904253343483877,0.013300246153663868,0.0045481605635721584,0.007288392855544741,0.003495896149137184,0.005319704735064289,0.006389566424691611,0.006291604863927902,0.0,0.002768601718796805,0.001955324191392949,0.005092039517461901,0.011938260289261588,0.011292708194961906,0.01308563471199698,0.037527318945192185,0.03803172369267249,0.0,0.013810757034733747,0.05996196457823569,0.0419569929589631,0.002445578934526185,0.003032774021433908,0.001875337189677097,0.003981953897375316,0.0022112855168877773,0.0,0.003713102388528027,0.007127504087517167,0.0035723422117325634,0.000889178554812267,0.000773626266172801,0.0009861372622746534,0.0032993776147079395,0.004437364936419592,0.0,0.0024057486330050087,0.002268853676128876,0.0018904924009343527,0.002201141514610324,0.002406722672324802,0.03267762051514027,1.7973147042006676,32.38064788154918,0.0
2.102941176470588,0.0,0.020769063052761657,0.013631613799634776,0.005502389501322797,0.005587656032180883,0.008131736125269087,0.0046795557622624,0.0023829339355552264,0.00440324202301264,0.0,0.004610212791351073,0.0023767359302546585,0.004121672237363956,0.00483267441677368,0.006396891655785504,0.010580096879314835,0.024108066882168478,0.010928211000126049,0.0,0.009900108170152046,0.00808771939387717,0.008862408570852121,0.019832456677144714,0.014266967931408959,0.00504333445107563,0.0009576621594025337,0.001610438974961221,0.0,0.0013025002725164318,0.0005608940040820249,0.0007813063929885461,0.0004101305690757857,0.0006627248759063053,0.0005932498159659175,0.0011136174833291412,0.002001309327322338,0.0,0.0010005931067664628,0.0005490906040581899,0.0018480905366773783,0.0024556861631499214,0.0015730096316253768,0.04481075103765242,0.30169752694026636,18.608603618235016,0.0
2.117647058823529,0.0,0.02698145988517811,0.005539304130009086,0.003313234535833873,0.0006879779073130213,0.004410276044386741,0.002868292499458303,0.005996437288101827,0.009955105377670775,0.0,0.010076728936891911,0.006969382113622819,0.005898129642470444,0.0078741793540034,0.009053545742266548,0.005311418497946465,0.00613857737669291,0.016868879364032155,0.0,0.05420486183706534,0.04638098944932641,0.017276514280724513,0.01265609244698443,0.0073817009728244145,0.002389220700296322,0.0011602182145783976,0.0012163018797502778,0.0,0.0005018218362802236,0.003241584206347626,0.0009884178999305898,0.0008348970906814903,0.0005648316667274957,0.0015925533793329327,0.002858221504487082,0.0010035427062137132,0.0,0.001978386998457463,0.0018359558941893927,0.003710954881634688,0.0015159017219521244,0.0016145451178186658,0.07748252264758776,0.3966590157188296,9.89827866406089,0.0
2.1323529411764706,0.0,0.07830436402490179,0.03777380635299481,0.03384096403751398,0.021447887453838917,0.007954829659070453,0.005719371896549201,0.0061245043234043,0.0051931857891398675,0.0,0.002372221474998084,0.0028716047146526797,0.0027354914586230315,0.0008008379452227827,0.002417159798332187,0.006888526989180001,0.01713817151839681,0.008012778269167256,0.0,0.024162104323562944,0.006636684145067743,0.0059876728986944456,0.017876038745613214,0.022169980914989784,0.011063183678962144,0.0038273347186757196,0.0022053398719709127,0.0,0.0009665081284255538,0.002748986305376486,0.0005287438193584397,0.0016411213585237191,0.0016910134546216384,0.0009911364997355644,0.0016699790799898633,0.0026188655072664074,0.0,0.003126108779364285,0.0012795641846299758,0.00030721690165580473,0.001967304047755497,0.0008555501895183812,0.1006940239467809,0.14989270704912383,1.1214526812331127,0.0
2.1470588235294117,0.0,0.13337606762554896,0.08630331801412558,0.017143345666498215,0.0036901408418666183,0.0032391735893147052,0.003336038984598118,0.006667161098263241,0.00518645578965662,0.0,0.007112950246779161,0.0012872451925505794,0.0024908474019505154,0.002444045578222483,0.0023775041483805773,0.004275941049701765,0.0059734626572880084,0.018991209161563015,0.0,0.011971719933774529,0.004112930468122904,0.003489739937226639,0.004599308978542341,0.002922099128050829,0.004497663129432903,0.004353774767422568,0.002499164691150695,0.0,0.002408751841654233,0.003511586442790127,0.001938874806950444,0.0005274828383642531,0.00319174291463167,0.004997463207139996,0.004259816602884688,0.003669533426153279,0.0,0.0025917605451637547,0.0009901084654211716,0.0020738672530847815,0.002740197556251033,0.0013748743690528073,0.027710716740552605,0.4471192580037736,0.4945012137293525,0.0
2.161764705882353,0.0,0.0680785258305397,0.019657660353660008,0.014307539259979546,0.01486710825707318,0.009701939777308714,0.006500946660185742,0.008687109628230187,0.0022724805780468442,0.0,0.004183040242680458,0.0025983349913599523,0.0018987189220628954,0.0062019717636052785,0.011814192517794126,0.0032900693253238625,0.014854302868876682,0.02205740406935041,0.0,0.022648196212914563,0.02411142339205103,0.03289962969323321,0.02964126885723889,0.0069410841507437215,0.0028907587199920263,0.0019472770336031629,0.0015484708429507055,0.0,0.0020816819218165247,0.0029343327520546525,0.002423135670072793,0.0027653046791024077,0.002674957140261982,0.0047187217238265295,0.0017516260739529866,0.003063102221644339,0.0,0.0012784512854811065,0.0038856410474125917,0.0023833017972829,0.0011920750830472554,0.0049099392254073485,0.007147042394335019,0.44583745082281834,10.761692054679102,0.0
2.176470588235294,0.0,0.03901870398986687,0.012195476719483136,0.004686399785749286,0.0020734407747650535,0.002762933307986137,0.01083379024440051,0.008202264486184652,0.002879658871525194,0.0,0.0035074802094851396,0.0061145863919076044,0.0039680297277790745,0.0033481299817179734,0.005296285465475382,0.018650181553717234,0.017198245072066663,0.023071191917001955,0.0,0.033074643839273915,0.00985351965108204,0.044805009983600694,0.08075691869799591,0.01921608362377358,0.0018098969347611683,0.0008678106005911442,0.0014269395387217004,0.0,0.002078672742483178,0.002081929399070289,0.004546088344104719,0.004819231648343891,0.001745887693371262,0.0008091427932218709,0.003499225814270227,0.00564612831412251,0.0,0.001087499373755466,0.0007063701910115033,7.859719183009705e-05,0.001543504708778952,0.005901366955736857,0.0201745126173581,0.4456821654511366,14.4191551644047,0.0
2.191176470588235,0.0,0.04365385166852079,0.00925933222944722,0.011331555031529777,0.01820031876758501,0.010645021110095828,0.006373882186798782,0.005689005335609823,0.007926120335441744,0.0,0.00565607550379129,0.003334918004867955,0.0023332710156659985,0.00084996508020569,0.0032162243604477656,0.012952843973532491,0.02471571339746701,0.003524530542730669,0.0,0.018020151289074502,0.015812999950806556,0.023668834464383566,0.010288714214244623,0.02269519629091756,0.008009166580384504,0.0022721472355608824,0.0009668662550729529,0.0,0.0006396109096793707,0.0016057674556956432,0.0010573237892700761,0.0006575567061150177,0.0016054930103303882,0.0016569386777658135,0.0024217393930069473,0.005037852557964396,0.0,0.002156412399436451,0.0023529387588522737,0.004362009873374826,0.004654394056294832,0.006461206468677754,0.019758014045405038,2.729171398967985,3.062062099172243,0.0
2.205882352941176,0.0,0.10535942260704467,0.06343806978939427,0.026588028147040404,0.015478127653518874,0.004687203580938707,0.001477691592112862,0.004741609772977042,0.0032933281263677065,0.0,0.0025182173750404654,0.0032412592663450114,0.00327891366378805,0.00696443167210276,0.012602184641342523,0.0077020592849603746,0.005248603878216565,0.0273579875523986,0.0,0.07313248222197007,0.058693851972090365,0.03742338489987848,0.03155896189420463,0.017122324777462762,0.005071173478818438,0.003326043811791869,0.0018212585996313752,0.0,0.0024004781303716325,0.002989650399564495,0.0024493141921638124,0.0026090908956292644,0.0016136063567789355,0.001775567932599998,0.006569549284777126,0.01800058919106941,0.0,0.01016497244468515,0.0017936359092907807,0.002344914649599972,0.0019700571687557406,0.012726263580648602,0.19728110628915108,1.3993983291252632,3.015589743732847,0.0
2.2205882352941178,0.0,0.04094968177294151,0.031568671273943465,0.005641745017622405,0.0075165353066842765,0.007876770324018838,0.003999082794004625,0.002553437980501,0.004266493379584903,0.0,0.002987148978079809,0.004383568081533874,0.005665542239651688,0.005338041127548168,0.003006878466260598,0.00041707021100779654,0.0066104555711558296,0.02632721431494993,0.0,0.042890770572813236,0.02470711074451388,0.009614831713502353,0.011094336535691479,0.024097874029680597,0.010872765729567512,0.0022965494161596486,0.0015677800247297276,0.0,0.0018505479290230609,0.0034131768066025556,0.0034522944840344448,0.0011855915188812192,0.0025994692198142893,0.001909888412181344,0.005962004806621561,0.011773993968548911,0.0,0.004053257653434459,0.00041110006045219486,0.0010878258368954442,0.002781016534562634,0.0059180965110235345,0.00843394156106129,0.08369507043681157,4.092892117457297,0.0
2.235294117647059,0.0,0.017510019641116332,0.018700586994286533,0.05284969552777589,0.030309930935362245,0.010043433286586575,0.00598000619474121,0.004968683234481476,0.005881808905856109,0.0,0.0064749284913341275,0.005097978881629343,0.0039337373312954785,0.0076003270394060405,0.006443827948562256,0.00489778469803915,0.007583959315425447,0.022214496897785388,0.0,0.01523373753206516,0.005035692777538072,0.021980877018942337,0.008769065334121712,0.002899046403713355,0.0012382033057866141,0.0022016515996116674,0.001140015281664623,0.0,0.001677156962716247,0.0037445963175059805,0.004630783501343179,0.0021555237217948916,0.00032026246628569265,0.0011826305990070038,0.001478585684223199,0.006208525200043309,0.0,0.003560757488646745,0.003865680943232255,0.0036359014354516764,0.0021990464048361924,0.0018153725328199507,0.008920566186148206,0.0938239722187597,5.932155650323908,0.0
2.25,0.0,0.08424231773691115,0.034374444167976845,0.02286602394223884,0.007274104365466899,0.006713474572293701,0.005063990439406997,0.006335955327614384,0.0006867719747501297,0.0,0.0012286697892772013,0.0030841755103010503,0.0008587359001367734,0.0027322300036395734,0.0015485044072793886,0.0010094422835468433,0.009796606037227127,0.029293417341830857,0.0,0.013750977177070217,0.017203944890052156,0.0018828210132075102,0.01954237244062868,0.01586554768679152,0.004981644892207666,0.003855721686596353,0.0031020305445871327,0.0,0.00154429074390042,0.0006390999310487097,0.00019850828177753063,0.0004166084886221587,0.0008457655161390016,0.0006548687214115793,0.00207330507235095,0.0010765581563293683,0.0,0.001303988651437904,0.0015667481781940574,0.000290803291319334,0.00034783504561840923,0.0018717325463670409,0.009095334777340956,0.6954175690479494,4.179719705109789,0.0
2.264705882352941,0.0,0.0372970350927007,0.004177296477354971,0.004586158609065503,0.012216990381994832,0.010555648997756758,0.009573226006101537,0.006273741652733591,0.0021359704738010067,0.0,0.004012660857639312,0.00901276160012032,0.005854052146734739,0.004328033604333648,0.006666727450747627,0.009367987865963222,0.01271598765224625,0.00830148329158295,0.0,0.009723124231611122,0.011301465120772347,0.020055657806948343,0.005024376172462995,0.004876996634091782,0.007358512989792409,0.005612987654712581,0.0028425829409423385,0.0,0.00044743326859637855,0.0018022718535778033,0.0029457263120224093,0.0012183424546101346,0.0014831171471862072,0.002014657448268772,0.001099656990552221,0.0023600184992647465,0.0,0.001408507539017296,0.0013861968050321145,0.001486522035515495,0.0014088342668192948,0.001860742638899357,0.04390187497644247,0.7699392639444954,0.6908460385609516,0.0
2.2794117647058822,0.0,0.028278610504448347,0.01599099019655545,0.004200372550602565,0.0055466524370514116,0.008390289328411717,0.0034600352089132645,0.003367094334829477,0.007627466508521039,0.0,0.005757528391814534,0.010300211770302969,0.01596977580951888,0.009175575669743896,0.008039328764987556,0.01534875806136126,0.0054008450603833386,0.0030703610212961478,0.0,0.0196690959551903,0.05759352823850366,0.19694167606350735,0.37910561749863464,0.10288767404674343,0.011836365679794143,0.0024479445816084256,0.0012060241056505076,0.0,0.0018932536644540809,0.0011360073402880888,0.0011375831653313584,0.00179523421129425,0.0011484314889484387,0.00448501025673886,0.004724197826747806,0.005170383937120034,0.0,0.0014164440033950416,0.0009185228426692971,0.0009683247840446471,0.0014054477945590446,0.006628735896592117,0.006648021604032944,0.20694714773923964,0.633407857325688,0.0
2.2941176470588234,0.0,0.03752248876106498,0.04493620566747266,0.02848663949402112,0.006030715156104316,0.003363413342130339,0.004228357717220927,0.0035041944215515853,0.004454603586174244,0.0,0.004736626961971968,0.005966128581802627,0.006005140694712037,0.008867804554797255,0.0020171600794788008,0.005559174535425392,0.002676838084178116,0.029744583166918404,0.0,0.024592159241749754,0.2615981068537049,0.09361815142204705,0.8979402161816634,1.1521832690207907,0.017292278237661073,0.1407924047803758,0.04094638819564422,0.0,0.001270232794022616,0.00372224460398788,0.0005063510421875511,0.001725569938335211,0.0040682927697642205,0.0029985767210881143,0.005381861842588122,0.004886343717022604,0.0,0.001714570127593832,0.0013166117589718585,0.001877557717689573,0.0011652081804271945,0.003532687967644052,0.007027930870299859,0.18409607935751074,0.9625999325651518,0.0
2.308823529411765,0.0,0.008331028243939699,0.007175073742258961,0.01638685960170293,0.028871490375793826,0.02665348158764444,0.006367347767884574,0.006474545074530485,0.012832813398895259,0.0,0.013699840623122447,0.004999106994892165,0.0024233663733511865,0.00983821644117331,0.010921298626688447,0.008095991357666735,0.016480493591649586,0.042061471952511406,0.0,0.04982822330492252,0.1266436239000252,1.4924515967774663,3.3727320631355795,5.280486161936458,25.36426485029294,52.5525957619036,36.009899287428624,0.0,11.616030981634285,2.4151178430796865,0.3604462291771349,0.02100541318901893,0.002760148369370879,0.0026096104978150896,0.0030537288630089554,0.0043455391706328055,0.0,0.0020538994362361515,0.0007202515357105223,0.0012552850576006392,0.00450994953088428,0.0018661753333006138,0.005513831261394578,0.3526569224747078,5.93501523544437,0.0
2.323529411764706,0.0,0.015786081439185952,0.008300271478923708,0.01604962178189074,0.026403717992195506,0.02385763346244412,0.005688173716065456,0.0074050129829992,0.004633710614891061,0.0,0.0037887618080116718,0.0021777227676877107,0.003965921773515696,0.006553848840937187,0.028953568539855676,0.015191628843379771,0.00637798933095823,0.0022055880017455985,0.0,0.01894950752439767,0.118650761798624,0.5676881223087032,0.8143350078619023,2.488626189460722,64.00535452780437,78.52110641205057,33.15758326296127,0.0,35.93321112773417,5.824259783135367,11.78480797777178,5.88353371359057,1.6161406845844097,0.13664342074799987,0.006133306919764509,0.005848914080230645,0.0,0.0038459505732581284,0.001831722740316012,0.0018323268125014162,0.002866242353362573,0.002550790365216677,0.006706132153278227,0.08951177682539693,2.2587888760685586,0.0
2.338235294117647,0.0,0.032252186608455066,0.023052274072204906,0.006999780200554975,0.008412232638982936,0.01947430053772875,0.0039121010700149585,0.004480187136512673,0.0039341267279317865,0.0,0.00685512348104322,0.007335634835839422,0.00488473497999163,0.02296358331781451,0.03856687392931896,0.04609996138608361,0.04655060336076915,0.11672229296594475,0.0,0.11405369242484767,0.0104505262660944,0.2340441109793205,0.802395574599192,4.588746201917583,76.92022705590122,211.47399795966948,228.07198519579555,0.0,472.9267056750464,328.25765948969706,70.70132537646126,41.46483175595816,16.02562897830017,0.8893789607795005,0.09229679001111314,0.07805026819934868,0.0,0.004435112109461301,0.002281182171219535,0.0014777675348638236,0.0017150460825543503,0.0028641656211918776,0.024562248442909634,0.46669249184696543,4.053090852992463,0.0
2.3529411764705883,0.0,0.012315619733991603,0.012764146265210285,0.017814449603868618,0.005402727155722725,0.0020987468859244495,0.00225123470914174,0.006860174740541423,0.00944471326104956,0.0,0.005443928489042636,0.0019261016434927924,0.010878655598039959,0.011001906999647525,0.011493726480757225,0.061796207790396775,0.056941324354477185,0.006591757109256111,0.0,0.06523336857365063,0.18874330117144214,0.34945358862650866,0.2734103903531712,1.883985646367552,9.68636960870294,59.59908811500513,54.12506940074056,0.0,58.32582869614889,23.385194910506392,41.45211658870935,3.2449737100554423,19.254598848801255,2.5098123055625834,0.14540627918684687,0.0062131166892640585,0.0,0.0045270924114584376,0.003727319538459018,0.002398348313886742,0.003189496746192918,0.011385470963364496,0.012357914609528422,0.47465248915929736,3.7616604133648375,0.0
2.3676470588235294,0.0,0.039613441860507886,0.04146528176309165,0.030931044880828856,0.011367860113882508,0.004960025710040117,0.009159233330146052,0.008588364622662848,0.003277796455143619,0.0,0.007962380521239504,0.01740348776727791,0.014023838579880538,0.013313143683220641,0.016376498165287287,0.00473480240798418,0.028996497161147633,0.5237231357734456,0.0,2.0485874485231697,2.0758961360870454,0.5162325106310728,0.2956460691507175,4.585921421351767,1.8949216227115113,10.882824873880052,16.64628619854338,0.0,1.5534376159775873,9.590160956791108,6.712558689054159,11.916919974419484,8.216160753749666,2.9562106342848553,0.33590579490102457,0.0016071928201129805,0.0,0.010802326184331973,0.005162493572529924,0.0022537987214820633,0.001515488941882969,0.003979068636078324,0.05394542779514323,0.5669477693222984,0.6154483943884093,0.0
2.3823529411764706,0.0,0.03923445408264316,0.011822507987415644,0.007361813816853385,0.014192580139871184,0.016303264960031625,0.006532987666962373,0.00975970739686986,0.011021030424578512,0.0,0.00999451644807569,0.0064973080149969,0.004259083951980585,0.008455825681807003,0.047029249656855454,0.17011515863746723,0.2484519087970464,0.04981164038278223,0.0,1.9149888500778385,1.1218647256794378,0.3373407663091102,0.3129347675037649,3.186899483928187,5.433377427818081,5.399126268941336,24.209093517984932,0.0,34.42553083593994,16.329472756123263,2.804135375534189,1.3509250476514698,2.0041911830520918,1.8013324513602889,0.5368594028039345,0.012498568314282267,0.0,0.0046972491493292145,0.010478833092540761,0.004369824567988485,0.003727844664552703,0.004859330158074462,0.004144055908008874,0.045308834293869296,1.3647510536711145,0.0
2.3970588235294117,0.0,0.06634467996003067,0.03459795242288829,0.011342313249120346,0.0041708813939054104,0.01036860217441892,0.010290105567712135,0.004058883439652159,0.004424031753235533,0.0,0.0033728383618496826,0.005609243272310795,0.008137908816346389,0.024422936141773283,0.02710255176011043,0.2773092198357213,0.5215581435209845,1.0350814002672426,0.0,0.06442272998633496,2.529026382853999,4.532356528759651,0.9254345612893966,0.6460832880835921,1.5586529820681267,1.7423027949700178,0.6618702274083285,0.0,0.7954640661251107,7.745591340031769,1.655903283805562,0.8166319487510927,0.1884118409462731,0.056507721122358356,0.06825460034013828,0.016692335366719328,0.0,0.004521851898882239,0.006116195576239433,0.005025770894165432,0.0018007970819629946,0.0005376394482669248,0.0028815096364157044,0.06249030629581204,0.07240525874313915,0.0
2.4117647058823533,0.0,0.01892298236356624,0.007176085077290362,0.012143378984909095,0.0025276614697472438,0.014686417399941011,0.009750333661709415,0.003472684790098914,0.011625769477440144,0.0,0.0018703115553073636,0.00803258697282358,0.08903261938122804,0.4077187449576168,0.20094803951729667,0.7336647211978308,3.2989416108273186,3.4131840439373335,0.0,0.580882149781301,1.1495498872566396,2.67149321536695,1.3758458277662018,0.10891268020437359,0.1775343263256465,0.12717307512031198,0.08409636073362563,0.0,2.2844057546440633,4.7605069224825876,0.8619299127246286,0.7764238524224275,0.7594924493072441,0.06790648956895125,0.03240619719658264,0.018444989139316,0.0,0.020361574226781483,0.02258895575107695,0.005902581264096839,0.000698098448798312,0.0006603690960625373,0.006842963834902287,0.04354410226056734,0.8086954273121658,0.0
2.4264705882352944,0.0,0.059128791706100046,0.04456698760082138,0.015220765881691736,0.01007115226025258,0.005049103274788324,0.006330223391768828,0.003960979345254467,0.004205579889541274,0.0,0.008535851391278979,0.016694563568320133,0.022634761491271783,0.09304631631588706,0.18841073817274712,1.007624565534878,6.600829957958048,12.756346430202026,0.0,5.537100133648166,2.44477659068192,0.7932554322363334,1.3854877578727156,0.34201985322365047,0.07647239239777856,0.052661690155973696,0.14618647036877924,0.0,0.4518193255940923,0.2959560479735051,0.021623829351188305,0.01641392100031512,0.24711133477642533,1.8867678848141611,1.5136076798571203,0.19943158450490872,0.0,0.02543753061251321,0.010590274907175247,0.004736899001931066,0.0017306186503370483,0.00032586852585472195,0.0016329056945148712,0.011543767543456913,0.37255169207078775,0.0
2.4411764705882355,0.0,0.02303976341807923,0.045498783292926406,0.014014139246042574,0.0021089611777752168,0.007066263111495099,0.011127030083800874,0.005218124210734255,0.0058611398567524845,0.0,0.007022451341139848,0.012732860584018815,0.013471918669008692,0.0634785575599362,0.05380218774575525,0.4877464282999126,0.8537266869564696,5.250913511435506,0.0,6.61304489437115,1.7876013583013557,6.947519566256988,1.3923664061317211,1.203588004695156,0.27464635326226106,0.036474079361750636,0.010714052054991019,0.0,0.004517612677199756,0.02647028401234132,0.13093399336900535,0.14387400306963677,0.01722428136186444,2.9880446002217136,5.890348055232047,1.125632934443243,0.0,0.00989824759950394,0.0013963368273088646,0.0018575443475203502,0.003373887113466472,0.0015429293932951644,0.005777630749036679,0.027787757771211133,0.19488020339734133,0.0
2.4558823529411766,0.0,0.009648422365002476,0.01435654739013404,0.02084676656716615,0.017802210086851133,0.003947545883953521,0.004300491792414994,0.008532034305168293,0.005252364049975113,0.0,0.009258382893321784,0.0009045003160757696,0.01298314714552349,0.005551516656797621,0.022158845046632885,0.5708170716914619,3.184601713633298,4.039780222427723,0.0,0.18421447420844747,1.2056719019986732,5.565643036200377,11.490256924168367,18.240403227527196,16.41409043408398,22.149085064888865,9.625187452665479,0.0,1.8218278119530833,0.2614079899110538,0.07578696816672853,0.02773712861094856,0.02899760236248723,0.7769593252744802,1.0407373899797765,0.12995238104972137,0.0,0.015739635117763245,0.0061828619013144254,0.0025278784826790386,0.001132814435280624,0.0008294162435671097,0.011434044145185847,0.027825862849947636,0.13474642944701276,0.0
2.4705882352941178,0.0,0.058752727071912106,0.04814414247416422,0.026706551771997555,0.005752294435750418,0.0036573435162020815,0.010265069772807663,0.009965701358948743,0.006058953619422831,0.0,0.001637089143425159,0.004772388017969605,0.023086121785069073,0.05344233633745335,0.019297258000544628,0.10919747471320221,0.32622343396653486,0.7592812910600713,0.0,2.1292989988808197,6.88614258483914,18.76710230022902,42.02112527500064,154.605831392949,193.37963113743973,491.3734507658733,1157.6011404191154,0.0,803.1018540829394,216.51975292046336,34.01166055952895,3.3778966476486114,0.45224916301636303,0.0286745502778698,0.08358601705342228,0.041252689138102164,0.0,0.02971350175585378,0.0006966274750923944,0.0024885162520892974,0.0004917057057084449,0.006955190907752336,0.03215738497990939,0.06974899755630926,0.01820765852056077,0.0
2.485294117647059,0.0,0.033001350662608266,0.02429448553001552,0.012253741306513325,0.005101751817687178,0.003009157527747269,0.009831925003495277,0.00620742440120324,0.0013663577691696055,0.0,0.009523099094758748,0.01423642880540533,0.01194640287913481,0.04504687023475404,0.481663322560698,1.2682693795446607,1.895656032955336,0.6212812688054514,0.0,2.626750534104792,25.36093580665292,58.686741691245615,137.6435507769617,66.97758231108028,47.32806716037767,21.777660963385635,58.50864103104884,0.0,231.67323824710428,133.66227934944672,382.51817492611485,124.8138721056221,7.520456321825473,1.0139193242208704,0.09571260395611478,0.05680903350091445,0.0,0.008909797329416201,0.012964213319171122,0.002908997379245315,0.003364949920089342,0.004105462577006958,0.0012042423308059602,0.016994032712251448,0.1547105508153684,0.0
2.5,0.0,0.03554339433217486,0.006802589401188382,0.004300946395480969,0.0057071527552051285,0.004194620309831016,0.001979503556604415,0.006065302681683519,0.013253069817069973,0.0,0.006562336766624047,0.0020757269311563495,0.0030092435505980467,0.023793135770824453,0.18776103268886069,0.9223895153932777,1.887377601038387,3.418062382546336,0.0,2.693189302386474,26.780777570607597,37.6746605667962,74.79110797824819,86.24361215648622,35.458537848247694,5.851371610512031,4.8008323919698555,0.0,47.2932515300984,488.0112432689771,1672.9867686489981,731.4388761702095,49.18232271104458,1.8801231903737676,0.4049199733916226,0.08743241889042253,0.0,0.0979698153306914,0.04040906200346437,0.006358717907257332,0.008023929519146468,0.0028393200977682703,0.0010305931413571736,0.12476992930063435,0.7328280973176423,0.0
2.514705882352941,0.0,0.020752634902549597,0.027297445112400964,0.026244907949734844,0.0068215104756422056,0.013031674403774066,0.011059124255612576,0.005574956469760143,0.006946573129662004,0.0,0.010295176932697363,0.009448825852465103,0.027082414315910464,0.10171141845862085,0.21493259700042422,0.5655420932150999,0.48679237831772726,2.2993658328016724,0.0,5.8582898618801735,8.488835784068266,0.9038645986253118,30.421363414961753,72.52015729443019,21.28284709653564,1.60626536766739,20.75923070029033,0.0,4.294547397947317,370.26512553675695,1369.2737131703914,1602.8119658749672,504.9423485709242,67.19057310786373,3.9364926744994917,0.05152553081622795,0.0,0.10612713855521616,0.03010481206461691,0.06091933790937539,0.03972223708054458,0.008050976002630541,0.01359746621607399,0.013218827489622153,1.4725217076677533,0.0
2.5294117647058822,0.0,0.037520640066310874,0.016944501175684447,0.022502268410152838,0.01176748931817393,0.004557086303100985,0.00864270423030219,0.013964188961610668,0.013909292688250696,0.0,0.005284163645930453,0.005465675033108653,0.011577482487737293,0.05374942306551157,0.1151570738789379,0.029966758604242333,0.5757731567962807,2.070191241511325,0.0,0.6735207544205563,4.646736154214498,58.20814355754953,196.73108013352078,135.44439638333756,27.145579502321592,17.79441492663878,7.707084451226633,0.0,16.12459294026374,39.95303370517233,61.09523530013497,48.067623952014415,10.064454663612484,33.92257684222619,6.109811463950463,0.05163252591955013,0.0,0.15334579342497454,0.07251555759742521,0.03137673597814969,0.007686729184179438,0.006757490265804786,0.008303935452663953,0.039761391424139446,3.261979373404123,0.0
2.5441176470588234,0.0,0.04826941589766823,0.03207779525770052,0.010028393536688496,0.013692118614429939,0.005999705069452234,0.018399288119523474,0.025013532389994493,0.020464803304007056,0.0,0.008175609681016247,0.009248310123024071,0.037639594172244974,0.02819291957713626,0.08048999703580015,0.11198756640365773,0.2785672945560509,4.175862818468348,0.0,20.368607632037712,42.088240192905694,68.53284891395622,47.08628534536647,54.88454591257543,43.2431406828492,9.052401974369689,26.129593767262186,0.0,4.052038374300721,22.929025277611117,16.77890798893773,19.501948862318375,11.288718315882392,10.627367476497142,0.4375937380887386,1.220814825995537,0.0,0.10134167419387045,0.01732179963402724,0.020211881168812118,0.01167699852525998,0.004470289181984876,0.021346891047245447,0.34264658825932653,4.277892035563447,0.0
2.5588235294117645,0.0,0.1236193197249831,0.0873319113292351,0.08248279705357517,0.020038300026236782,0.023324472782481703,0.036497055493402875,0.005811145866033185,0.008714178542319193,0.0,0.00779711149316948,0.013921895444962688,0.002588896259043813,0.021242894229671586,0.15817646891296117,0.014865548214671275,0.21302144482606492,0.8720529297394257,0.0,3.985501681785598,24.97019040646423,104.93916536928752,173.3801191265003,104.01176594034033,40.51518408514509,18.684088272755567,5.5694342414869205,0.0,1.0082917301321186,5.216146355992983,22.372277717570924,17.789175362078105,17.50117632836119,16.85009670885494,4.4319168170134144,0.18790842143099595,0.0,0.014912936491020679,0.004638649445745393,0.005987711886170154,0.01334025478340967,0.0016605373846135636,0.03122768045918463,0.2192985256108084,0.33907034206354014,0.0
2.5735294117647056,0.0,0.059500693343676164,0.0268422672029454,0.03475468982190062,0.02747889143986775,0.012689834191423157,0.027111257874158124,0.015049159263993379,0.01294477560877295,0.0,0.022553200360191906,0.02619502683053454,0.002388425814095186,0.03519228984162176,0.1743540772420078,0.06033246313215344,1.8298123586541866,8.977725675017005,0.0,3.7630599214199254,1.106629643760084,44.98707352000667,171.1357918468754,49.040062971108114,1.8935315200951504,26.84939294173467,25.645328738382226,0.0,3.3294283806869323,4.827565992262854,7.858297673875681,5.161880474243532,3.467893530888905,1.2100820129359997,0.23427884780971098,0.079558644440056,0.0,0.015985722497165185,0.007786508202140607,0.012225831914754206,0.009583645787395078,0.0022420650727015424,0.007475037873618569,0.06361414459002947,1.31706718248394,0.0
2.588235294117647,0.0,0.058269452634324606,0.040498629807686405,0.02092849794055789,0.009638569943577369,0.01590318290785247,0.014129844518572786,0.009479079198347253,0.013129241021114287,0.0,0.002999486428915719,0.006061306060508879,0.013974882150177474,0.07610414728954193,0.14531403994698378,0.37934144794559754,0.11044894998619047,1.5789610261251457,0.0,3.0953144040816154,0.3421330451291089,1.0189009894974723,12.500740618533358,9.822608880069653,1.151413704004732,1.0059916023934834,57.62599259929586,0.0,122.15534260181819,22.346703181290685,8.559184334742373,25.97981278522738,12.652835395765948,1.8914512323028432,0.14784341323865582,0.06766593251787584,0.0,0.01569110305751615,0.009309343148269658,0.005017813545960937,0.001584529498448644,0.002179031869351002,0.02073073672142912,0.01897361064171255,1.5375042507915668,0.0
2.6029411764705883,0.0,0.04873212673753764,0.024218966282868903,0.018762374056346048,0.03873949023458714,0.028911856714964598,0.012399441580219366,0.01009254267469285,0.012133169575016868,0.0,0.005109258681790147,0.029397272335198975,0.093810698747071,0.1163484905540753,0.4563098107691669,0.7522057896179722,0.23264029614969872,0.3480778939297623,0.0,0.5639077070614418,1.435218748496074,0.3029048779905385,3.588086122292469,5.110815773191193,1.5401584174934455,1.0525839499758363,5.008754493561088,0.0,141.26463341529083,245.295504031833,33.213044614808794,3.182118973302239,0.7622349782645506,0.21503034505721577,0.29736666811812196,0.011229055861920984,0.0,0.00779292456646242,0.003136961088801313,0.0023547863911715906,0.00046772306925456754,0.0067502332845656475,0.05837063496191511,0.1966925651255978,3.914736101209588,0.0
2.6176470588235294,0.0,0.08060451426055563,0.05367641144877457,0.05650909606914207,0.013055747541924081,0.003289908006525741,0.010662073086182274,0.010289885058117891,0.0036021750636483617,0.0,0.007578839313938648,0.01056100913581062,0.09662588623608678,0.212251826418772,0.07661603551217841,0.028159327780253735,0.1650096889603731,1.0336796325010877,0.0,2.052575429520742,3.7795440132499714,5.352813085865532,16.024285805905734,13.875940954383147,2.687066751964994,0.4703936683020664,3.5664923345727098,0.0,11.691050703094776,201.81500201829655,241.3780363092044,23.465891159439725,0.4752765209349903,0.03163732059368853,0.03664616367609619,0.015515376618974175,0.0,0.0070943971779902325,0.007472778075704422,0.0018081353644775612,0.0022335390340091723,0.011375854989982203,0.04152558262528623,0.27304210333773354,13.815463238658703,0.0
2.6323529411764706,0.0,0.03798260566577415,0.023613201184685864,0.026479957068672462,0.03576742400500686,0.024197305328693103,0.009188079236237674,0.02157096943093406,0.017916214126678688,0.0,0.007583737950173107,0.01341565065062911,0.006473809112651068,0.004522521714375856,0.023147711144407453,0.012954896835455892,0.13186919444811393,1.587988447237123,0.0,4.833580739056808,4.3090790722593395,7.0231307677290085,10.408153679441295,2.273757279561935,1.7207540255651343,0.8869719875693531,1.5153942000872682,0.0,16.21898493148713,3.0058667231675673,103.37808422600446,115.80724681530717,6.404019054095894,0.23768683687799877,0.07519430448065255,0.01364712181005353,0.0,0.009557890029202949,0.007768755877441815,0.00556358990816307,0.0033989139519623006,0.007095921548589419,0.07841688270613195,0.8431134117126795,16.47933480583438,0.0
2.6470588235294117,0.0,0.01795980943787842,0.06228062241516788,0.026688843858338758,0.008168158351853133,0.024064146773322123,0.01613991923692059,0.015447008783811618,0.01266711183383982,0.0,0.012053611491274539,0.018595378330611777,0.016148130820842297,0.041368343780858595,0.05093602232137061,0.061824994387434024,0.06845215739464536,0.6117295083823893,0.0,6.966892266555119,4.18453197305229,4.599533701829969,19.244063098643387,10.712385915396371,1.1478543221737767,2.2294596268359337,7.0616083989419876,0.0,10.509006405241262,45.47611603233704,48.63911978322206,31.048346737030183,11.15912955766302,1.0766915428083117,0.003959131688291378,0.01140412732330387,0.0,0.011806131301898039,0.005523975879151999,0.00163188805306151,0.0018285094635431124,0.011319931183902801,0.05223877301541997,2.8113769720360384,13.840917259168938,0.0
2.661764705882353,0.0,0.024782973077728705,0.022079177271575514,0.03789477676193434,0.029449899368916087,0.018758502375989552,0.010191506040554424,0.01582941373372683,0.02915793572034376,0.0,0.030501048010708867,0.030926213999728634,0.023584204403470425,0.012174336641161146,0.010502484573488562,0.007180653007076006,0.13013233245238393,1.2992980380733288,0.0,8.22928128335862,9.412254532722608,6.990116317815507,2.866588977581153,7.626962556229213,35.386110769902686,21.123745119202443,4.19503332273261,0.0,16.98169916414512,30.777206507661504,18.267205469802114,11.649573855470344,4.464816417130009,0.5812370077210618,0.05098427827095166,0.09249356685696962,0.0,0.023692160917963525,0.0010755658514792338,0.006045670543678377,0.003982897649850294,0.026264171087431933,0.03952493363253028,1.5079788433293642,5.461776130766664,0.0
2.676470588235294,0.0,0.013776725537604988,0.059153192250347,0.024712543504692264,0.01796297394396641,0.011269972141171399,0.006623580436509515,0.019399861277365753,0.007839706180346752,0.0,0.026266981775802573,0.019405510627798325,0.010113168512254647,0.009625749136285043,0.010302610658737344,0.06580347750531092,0.5604980130647187,2.617404670476444,0.0,1.5039846535218615,1.6381365138626391,1.730057380430789,8.078403646342966,5.246518423480461,1.6535837392770654,5.928869947792256,2.167533522140048,0.0,25.938546688299688,17.961776423871505,5.979555071191724,7.719721940233617,2.002219743518349,0.39376091305863203,0.04291698021347154,0.005976326916490496,0.0,0.041121671339484515,0.00834342017385469,0.004834760463117781,0.013519923953142086,0.03120916362186837,0.2527467847839163,22.91065837833167,123.6119853407858,0.0
2.6911764705882355,0.0,0.031749371481142534,0.025843330546777385,0.03498671701981037,0.02837318616406731,0.007047066723520615,0.008165360499106256,0.020510081853369472,0.015011694530151326,0.0,0.028218219749987082,0.019159900765107835,0.039432566606415205,0.04302497937129933,0.029644684580684758,0.10910767751405509,0.6122475969675737,0.4776194997366541,0.0,0.20011061939941785,4.139658400829227,20.663357153233875,15.127255904526129,26.28726983241295,24.46815451008073,1.1701065692312218,8.08751737963436,0.0,9.495327820606402,8.9452936026,13.05580178125999,12.90874048826343,0.619129041101576,0.5243224041910298,0.04674997762272386,0.09371371335405815,0.0,0.1125298462573278,0.03748477278731172,0.0045065784819537606,0.0043443753409065505,0.012828435614995802,1.1644287151797124,17.398973568851957,47.73342956655027,0.0
2.7058823529411766,0.0,0.012584883422499612,0.010770862146239358,0.013068687984263853,0.020550431980735286,0.020697305226427543,0.0037962907095825367,0.007506314545527817,0.01177899974531889,0.0,0.013767428922264213,0.033704800081486325,0.0278063095061013,0.003961132606899886,0.019098841870201177,0.03837564174928835,0.02795867786784318,0.9414285285398575,0.0,2.3115879856156645,1.0673549517624001,8.406999880451115,4.2423080935553354,7.99936006653766,60.31472769399256,26.62732800990962,10.000370394991466,0.0,4.044516591792608,2.8897778547186173,9.791711269142645,21.023139289836756,9.112294794279206,0.3228212569996667,0.015264839055933264,0.00408030836532487,0.0,0.005197722438794254,0.002937560575061356,0.0008876037846122467,0.0061568533276734885,0.02508737057853067,0.014725905753352708,0.9567461829078109,25.45868613190398,0.0
2.7205882352941178,0.0,0.03494547651840649,0.044333705450848304,0.016787343645121633,0.007230190188507715,0.012241611083739933,0.012587992023359449,0.004240192405325268,0.00851154062714941,0.0,0.007461580897285635,0.002314389343340427,0.0035016882328259384,0.024563639645144804,0.05383174152107917,0.0069686169392526726,0.015365434181771526,1.9264965719997142,0.0,12.01616572146579,13.095115613316565,13.27685568848117,14.892694705164178,7.4400823411806964,21.763711436096543,100.63396953020941,52.59886057228376,0.0,2.0102935342514985,0.6164991840463899,5.3816416681116905,14.87676028884714,5.495178153766621,0.29013801142301965,0.03307387194909607,0.037794930469669995,0.0,0.035995441127355844,0.007280367007026829,0.003199439327560186,0.004125623645341476,0.05107238515354581,0.14215008934673812,3.3338314741128894,14.075643312569332,0.0
2.735294117647059,0.0,0.010296827873809165,0.017906320424825685,0.022567443108310156,0.0065309266121096575,0.004700046330957755,0.008293708504138204,0.013650773106240754,0.008810264156325198,0.0,0.010324727538139948,0.01003712040627466,0.022961896398014884,0.025916835677071277,0.09336262584879176,0.4663658557973903,0.20748865449108347,2.0156721063622047,0.0,0.8223398223175049,7.27447144223528,1.5056077375173136,17.48220666221964,5.264796369371554,27.919062646524537,53.2018158930373,194.9608293981789,0.0,182.45662480672343,44.23748266258543,2.9390860472855174,0.44279198813169596,0.058880798311680825,0.15436796969452707,0.007255716719679183,0.027485788871405487,0.0,0.010572203640930321,0.001374363134815304,0.0022444702780998614,0.003675313592631671,0.02989986026009932,0.07919252996256168,6.300876599058899,38.13725062238319,0.0
2.75,0.0,0.015465625937344463,0.017402497251683427,0.013463478850176173,0.011301822806093847,0.011351332098451482,0.007119569386602866,0.005138600021156117,0.0018812069050266557,0.0,0.004165038557735808,0.012586165363072794,0.007535554903980117,0.09707713551615113,0.24379384461034467,0.33289991520292245,0.691111994851811,3.7628717798364333,0.0,25.2769315508487,24.069938988593083,20.740640181303295,125.39645880754844,13.961680344848213,83.20309917683946,44.146112463210414,16.659198033371425,0.0,186.14301302944688,372.6795184137369,59.21811107798086,3.6977358213964444,1.7310859669151621,0.06978975742611196,0.010902455349041924,0.016546169482987285,0.0,0.007917045546887689,0.0028667090388338557,0.005184650164778089,0.009357261260472663,0.055860327710903934,0.2523723978529997,0.8418907392315241,27.405490417529222,0.0
2.764705882352941,0.0,0.058650445395239004,0.06033810166603014,0.039336878337921766,0.022475363989563672,0.04265675991229285,0.03593571859798681,0.012500749886653985,0.015221799205936005,0.0,0.029008955233338334,0.03505577816343788,0.06483902223694807,0.03494604093057343,0.11157433210403406,0.6628273472319685,0.8577257156796789,1.5581599304898992,0.0,1.5308342032014806,26.889835296872306,48.600891416568004,62.67894503164628,25.728508608287555,105.06383822945784,38.76853435108994,16.11506022284617,0.0,88.058489731788,181.93270833706674,704.4466672426249,376.709832895745,63.96565671913539,7.323978547239538,0.17713053300657952,0.014161568572297542,0.0,0.17150132844208815,0.16223321280096148,0.055373486342393925,0.08142240941666265,0.040860609510498344,0.2353836923421266,1.1561097351801985,22.351401097490534,0.0
2.7794117647058822,0.0,0.08275359713618782,0.03569043954515405,0.0797165166399715,0.04119513123245336,0.02654579123996107,0.012566668487944287,0.06208374185746122,0.07832752545809837,0.0,0.10748346075662407,0.07965813650534799,0.03100635274241758,0.05876212312082624,0.06196277105470382,0.2785319288141637,0.5046633172923857,2.162559660882951,0.0,4.732757580287452,4.264001346513903,35.05357396058721,329.922871835401,489.9803523806889,131.4621663013528,81.87100678675988,57.3147630528739,0.0,4.273713947947588,10.842807750629513,38.956963931495906,642.7586040471075,724.199982291122,66.13990025747852,1.065077802058879,0.03854515560799525,0.0,0.3350410344926428,0.016252457857583804,0.04046238580666282,0.02022890022713244,0.15908819176651937,2.322574570764589,14.964691216093218,46.26435542760077,0.0
2.7941176470588234,0.0,0.02188905884884907,0.02781077744648769,0.09972995587833379,0.04839124904660791,0.008844291851441609,0.021825847262968656,0.030319635960506554,0.028739394441035553,0.0,0.09330584032451306,0.13824784495045317,0.22342781756750144,0.5763894619423752,0.5700207110740662,0.1646457630795332,0.390568485621398,0.6370493246291887,0.0,1.9738826064270145,16.88302132053515,93.60904302390554,91.75919670602798,83.75406146082713,312.44206199569913,659.9332323398655,114.41237953858337,0.0,31.62626719455186,32.679863185905,5.99987813119318,40.09531403231339,683.934569648063,734.2089996717391,70.79599569932805,3.8430273479789916,0.0,0.5767057005510628,0.07397022074823306,0.1291399939157153,0.09184919282126967,0.09285364296298496,0.3202267836878805,4.416361192900237,25.46332514264497,0.0
2.8088235294117645,0.0,0.07283634786281,0.06558362241375498,0.08617550125177095,0.04591382430507668,0.020346116490990638,0.041686393733934346,0.1547454966215286,0.13799048589281354,0.0,0.1595252638692019,0.34195476863197793,0.8399082518393787,0.9149421546496519,0.41490142123023294,0.4744034993369587,0.3694887917673742,2.406162156371159,0.0,6.270066845026204,15.734052844175256,13.192695664346056,7.057901918889234,7.904405851757555,24.978582850013165,58.99416636085469,535.7740339230619,0.0,1294.2739354572263,542.8531255238656,37.7373921193772,21.264315589561555,152.71459646903898,215.38146117144296,518.2879581633329,238.99091406611922,0.0,16.819774748809206,0.3245355280876584,0.05795982666669848,0.011072624451451664,0.03252305075474618,0.04805873820843497,1.4026259460953199,11.043128061135183,0.0
2.8235294117647056,0.0,0.035287170322431026,0.0039718692060428705,0.07127423144269447,0.1903571802749488,0.152555172539752,0.06645056326167781,0.06794235192813125,0.0654379250135229,0.0,0.4854755949196032,0.44875506776728546,0.12762213867389455,0.1256746263824745,0.17548716454509128,0.3760773087330544,0.7128606736810329,1.5293004010882703,0.0,4.221806164022258,7.400909821768705,6.34193771844657,1.66298485832875,8.1963730072392,6.559522774681393,3.2268577784824375,17.86686571428597,0.0,140.24793780313763,109.03872761312121,309.3765202410094,58.447683818537655,3.8395669145698683,6.910283764995483,142.6915523508416,230.3905126018247,0.0,44.042272424858126,0.9433681761680066,0.0508076278536512,0.0558378686537884,0.04036245569793696,0.022760982097494883,1.348207715544353,41.25419363684637,0.0
2.8382352941176467,0.0,0.11973143908122051,0.19901308742367524,0.14658758373179154,0.055402148220575174,0.04886006014737233,0.06389050336511501,0.016533255412849848,0.019397789897890046,0.0,0.11625087585389675,0.24147266364600228,0.23197323376665954,0.1130240914099841,0.021124799932668067,0.3155295174734897,0.7900820292845149,0.4587735139234934,0.0,1.3092869776643656,1.3588819190444243,2.452657923917435,5.279415452677836,10.817397117898546,5.412890146740021,3.4643241450132765,8.136966490558619,0.0,50.06789730172968,153.20616349344647,409.5260623134765,352.96604132359886,86.62992674736117,52.12960428144382,37.10844278821088,0.5383095860578566,0.0,5.232633086457357,1.166086597050794,0.5213440828229939,0.024141294620809592,0.020349554088888486,0.4502833752426106,2.302891707937608,5.868161291569373,0.0
2.852941176470588,0.0,0.03360361759375576,0.022536465173069245,0.05918343783903109,0.08825191630484568,0.08585896463919515,0.06004914288719421,0.024733254084461736,0.03156656252942882,0.0,0.02452931294076756,0.0865712644413771,0.21014150434780357,0.3273078152776328,0.3861131297745819,0.5156578156724543,0.7051940354879453,0.4061164572735825,0.0,1.0720393767823047,0.1498591245564989,0.17482924524133236,4.126497475819352,44.98145420859122,119.21405160371748,66.51524687817036,11.183278122987026,0.0,2.0110795633226344,0.43323789008977814,10.902263619053816,16.062993137620573,107.69612621481119,61.163058416521324,7.6865627741039795,0.4954803549520801,0.0,9.04922298902629,5.575937837562097,0.22324141534471403,0.01524977029372156,0.016810907771476293,0.08387117333763824,1.009311282713212,25.324832621833046,0.0
2.867647058823529,0.0,0.04202691591240167,0.02473739276141565,0.04655629896286128,0.04606989414202651,0.08109511779596418,0.02324939093043418,0.04401810968814786,0.0019927611768878885,0.0,0.08715959041305152,0.056077918934130506,0.2563933198325032,0.09986926165314354,0.12229780509556978,0.20670801446794357,0.268575956839251,0.8153454806495607,0.0,0.5945474080164312,2.830223887082692,2.7512186186687213,2.790806130316219,33.13828929050341,25.5704170448558,4.78756836612029,13.910158625318978,0.0,4.380146795330487,4.7176160691567395,1.0708430145976326,5.315089243057146,77.81535682854079,194.17429472074332,58.73063035678101,6.456368373785775,0.0,2.918028644120204,0.7474041409675454,0.17393484911543686,0.0093556877359043,0.048811370317623184,0.0850732130448256,3.8752124407211936,81.9227675970449,0.0
2.8823529411764706,0.0,0.047352469670926337,0.02900366938336328,0.029028781387891552,0.037317936091756244,0.02945200268803566,0.050819200126417836,0.025595357506611856,0.06441214958759536,0.0,0.07627125769668673,0.12430899493578436,0.06884258416505151,0.028110699797650768,0.05722353959816659,0.05592461755196966,0.04347576381664636,0.22439242339623153,0.0,0.8032650508690524,5.628902959378539,9.572690798732042,1.3573264814625017,3.899312378228564,3.6097043320947675,3.6549830657734526,0.8595707666537387,0.0,0.293742607615077,0.8490224473341041,0.42205770975781076,1.4116989826522723,3.930302687120263,57.99668942863878,23.36794080796134,0.48313658607894383,0.0,0.2710629170742938,0.015757707731434523,0.026586599623207877,0.01069848750736934,0.013283871931110074,0.9336702557322594,1.417422474815631,9.118815177675085,0.0
2.8970588235294117,0.0,0.06374867894389225,0.07960437289991026,0.012964399660896807,0.03279218010767397,0.00991174392800374,0.017464830990669814,0.025239855847443614,0.023415206695513738,0.0,0.012026437736801772,0.030843379738705656,0.09498023932162725,0.11173884605727127,0.16883616015682054,0.49948914012257006,1.5033801360893313,4.789482528763624,0.0,6.708720794583938,7.201969270782472,2.306049929048954,6.370956503274163,9.266261393662342,6.070526791423125,3.890916114432951,3.770443578398589,0.0,1.7617353205717796,0.6613076968267214,1.6168951500128292,17.28103281773387,41.6335953511971,9.229158293618514,6.366706471294714,3.047065978219269,0.0,0.09720412675139138,0.02062384078874702,0.008973325731227845,0.009939374955149577,0.02826042354122383,0.1109059052731611,2.511830057898263,64.15544122259183,0.0
2.911764705882353,0.0,0.032683482356275814,0.019578053245481623,0.024744113484737592,0.025228257718885656,0.02249724292294336,0.020726955762723778,0.015441375648042729,0.021135683310493467,0.0,0.016483140798728164,0.018873719921915146,0.0062421405256194214,0.04494431044094181,0.47776994559261765,1.4160196528130604,0.5734846484026579,0.97849896037292,0.0,3.5951263798706354,5.9677304583430155,12.892971707538074,6.1332818881871916,2.227463873632741,0.21774078032522357,0.9762496690338809,0.20774018706061914,0.0,0.2329153043949462,1.8137916518460369,11.48987763630603,30.54205414639478,20.42051237080532,6.568979214811626,1.9268424980428949,1.1480652143646368,0.0,0.19074972208581914,0.014701772873595483,0.022901342856207284,0.02378945846978765,0.021237455566776652,0.19592480796812672,1.6306023192882013,35.310710627707856,0.0
2.926470588235294,0.0,0.039469240137193135,0.008523656448136638,0.01944201032836983,0.03009231735984239,0.00540945180604509,0.011562616900838485,0.015210981560244469,0.012724721435912231,0.0,0.006232496063674114,0.011767910397038787,0.025190727354112055,0.135624806717981,0.2604947895542537,0.23710302521455032,2.1405611204972415,5.317564519430603,0.0,3.198144386785865,5.133729319840819,4.680985934016684,1.1446157287144914,1.3075948837698654,0.548878669167469,0.4506591953163641,0.5155347174872896,0.0,0.2470441109209224,0.08777651859214401,0.14166917654447447,0.5098047686796389,0.515843544555405,0.41529570200566873,0.48371197092735874,0.07212062556102736,0.0,0.013254588497679824,0.008139085970223843,0.010250415477993196,0.009286861910935112,0.022425308439333998,0.01931214530676626,0.38023242722478306,2.245950140859435,0.0
2.941176470588235,0.0,0.04057777419302461,0.028606618526973104,0.02970267034522207,0.019160566561036214,0.010528480080150813,0.016201475135797384,0.012363873406455941,0.005748426594129646,0.0,0.011194303347666404,0.06009070177044739,0.012938054152881977,0.0602407465997333,0.3198957555878458,0.7401536259085671,1.0376474740040942,0.6504608164248367,0.0,2.663348009215199,6.453041233363699,2.4470049764129826,0.46436932166908296,0.6910068693990123,0.7753303576612585,0.45551344059386845,0.09307019763579658,0.0,0.03576629138440568,0.012351107475532013,0.037631424704628436,0.13675421437697488,0.27656308694535714,0.19279478489736485,0.12022400979545551,0.09033566160241517,0.0,0.025561623761858065,0.006768171959679045,0.004330326295647485,0.0167809746246617,0.028965058164015504,0.1821344215276855,1.9028990731047284,5.344756780342676,0.0
2.955882352941176,0.0,0.023849279010668537,0.010105758825987327,0.007945411740798502,0.006201946442355666,0.003667997322338442,0.01559466294369565,0.01599353069523818,0.00801312354381999,0.0,0.008012572179603671,0.07382554354340923,0.11322068055259163,0.33335461451290915,1.5366701289314941,6.679956602894466,6.000138612412454,0.12740598046423485,0.0,5.5607642574426395,3.4270349224984367,0.05820152257815726,0.718821581587725,0.325814354973315,0.8738452027504944,0.06691301544366964,0.013365162991105971,0.0,0.05349852876560916,0.07347305895584,0.08818226100388722,0.05015859884568248,0.043940546891131166,0.10453439853139604,0.07233291341814826,0.03291384054219334,0.0,0.007454928753908266,0.008545765140568259,0.024559085590269467,0.003326269913975053,0.018295807968872545,0.24275299153012375,0.7251824191144638,16.070587743270362,0.0
2.9705882352941178,0.0,0.021253400899895518,0.018997812186597213,0.01577565942942291,0.0069406892040807565,0.010730614277159241,0.00636903441893634,0.005125007191431835,0.006352033402339016,0.0,0.003510610689794305,0.014079769405330251,0.03344149053287826,0.013844816082148841,0.004453995390468788,1.7264221365930912,4.365083580361424,3.5777224135569887,0.0,12.53459503847792,9.275027666638039,4.568972389950589,22.706505686435797,6.886067020853198,0.029815843510802124,0.17942185720187015,0.09593844433593716,0.0,0.01567562505618602,0.003980694003695044,0.002539713888356731,0.022274513292021805,0.03922667412464492,0.022272662993772216,0.00517619461182438,0.0032211908394429974,0.0,0.004590633792980152,0.012087155324104225,0.011309629770512255,0.011397660800929745,0.017344392586098663,0.03788071938976361,5.328422688348171,31.449167702264212,0.0
2.985294117647059,0.0,0.052037839536207206,0.025609435333185396,0.016067625324352283,0.01260876022950947,0.008666387149117463,0.006185328850804376,0.004658237061806694,0.004658874585864484,0.0,0.007878890253688157,0.004047567586688979,0.0029310617851928873,0.017931446792514627,0.11832148120953384,1.3764921064487536,2.256009868999091,5.55359383362871,0.0,4.051143113297966,8.151138063558193,28.076679003541898,68.04577654082486,23.324737982539176,2.5450492645251446,1.1029493406055328,0.2580617731088175,0.0,0.00906020383800078,0.020056545542152235,0.011797169258256997,0.005892938487538956,0.002514670796504504,0.002399189396059799,0.00278925033586817,0.003351303632411507,0.0,0.001824988915924845,0.00543448869176071,0.010408871133660007,0.003130138345942164,0.010507451164481577,0.07800978266835286,14.030440791323032,95.54255241983859,0.0
3.0,0.0,0.0498238421136118,0.008003753475237213,0.005819593375467981,0.005354481991128428,0.009149651114749033,0.0027215793515601946,0.004351724774265396,0.0022222779286674155,0.0,0.004707470193919953,0.002752283845501813,0.011179468700657906,0.11001233130337604,0.20739245136087986,0.11005745915344259,0.13967556327720532,2.916412253843518,0.0,1.2301006520525197,1.800553430968833,9.331074629356753,100.84031404877376,140.97989244615752,22.75534063378096,0.27476873207888386,0.24893750842105075,0.0,0.011049725653592237,0.03568597302946705,0.011456997103108386,0.013449387112514262,0.002287597928177996,0.003318484873330459,0.009264880336748358,0.0034841346069005145,0.0,0.00331600739697346,0.00551330319891765,0.00847304775415031,0.010028884660957138,0.011256894897419469,0.35161048119005367,11.39022493908816,166.57304143014687,0.0
3.014705882352941,0.0,0.06842605068450172,0.018143398857056313,0.043132522988715116,0.02923044672660505,0.028386593759910355,0.011770306728039522,0.004351836631977092,0.006679205804720663,0.0,0.007940439750711764,0.00659184600462318,0.004143618599277418,0.017822725888070465,0.04096142914989937,0.02367273684266242,0.4320672268732041,2.4804623302810374,0.0,4.721529789980766,3.3869142855372094,5.0004658061015785,49.87350510384721,348.2783224353692,248.72518042438816,16.826221882430076,1.4638973507565671,0.0,0.14089436800756738,0.07205671502887077,0.041207234312461836,0.006470824470873507,0.022280242629725666,0.008983967357040861,0.0013120843987226905,0.016742843541041066,0.0,0.016243326353145227,0.005966322735927808,0.01721415007264618,0.011145586519973109,0.09440607091190087,0.47713266495300055,5.573842140257312,2.5512242609303537,0.0
3.0294117647058822,0.0,0.04222568176534412,0.013800565935474112,0.03291116453600136,0.009239063243622276,0.002900060765177995,0.0027830642090540285,0.006352979064093168,0.006950851533803601,0.0,0.0044952758061040255,0.006245093513061496,0.00441778659187092,0.007466771308734368,0.0010382124289847509,0.016894351916790982,0.1471203491329364,0.32723317809045915,0.0,1.068720796438169,6.690947134376972,8.795274045846346,17.45469819339406,117.97382438905811,989.0512451127928,685.3281554897826,37.15336217537567,0.0,2.4892074270374476,0.36455203974788175,0.11292673680153323,0.1690196381031253,0.028428322836138734,0.011166987353108932,0.0005582653702785838,0.0022064881522946005,0.0,0.004832991014959905,0.016596818051300824,0.06900233239272072,0.1249426025425878,0.5420594035535045,2.2150168350151933,28.545899724772266,100.66386134058243,0.0
3.0441176470588234,0.0,0.025420045221866874,0.02529037400295759,0.024290304249700415,0.011627473142039609,0.010130455804765702,0.01199342067936366,0.018783461686172627,0.01776262001970469,0.0,0.009996024190051054,0.007402433015734558,0.00548045372892299,0.015411284675523012,0.018433851187417513,0.02423223024352219,0.1688989182831361,4.458082597665549,0.0,11.829476312743838,2.277783363808682,2.6908015400828735,0.46298902245252405,8.402325126976542,237.12510135497843,2423.21627826183,1706.6502644810698,0.0,173.88957610721218,20.67803426942252,2.4611881173503884,0.13575733000422985,0.22966452566211315,0.026297113607837767,0.009026409413945103,0.006389066930648784,0.0,0.005623609482394919,0.004424278952209027,0.0026691879117993113,0.023723338754760667,0.05454658649116608,0.753689626666067,5.840054607210035,16.644941700792753,0.0
3.0588235294117645,0.0,0.09358544529326132,0.11512235750962777,0.03839022017474545,0.04024380473966748,0.04090867526110285,0.03334168121078813,0.04458762288381243,0.017107418822576558,0.0,0.005399968343535288,0.005430635055854126,0.03788280726527723,0.029789136944809655,0.12272834210672506,0.29836796487295947,0.29094496767512334,8.280839150395348,0.0,7.084422521684406,28.925024965496128,11.119660497344611,0.8440818341424302,1.9077124840233934,17.616718674687803,485.7221749741359,2812.437793460287,0.0,5034.350196028246,2584.913817061156,479.93594501214966,43.914035701296314,3.2303527739381215,0.7894520385895266,0.03387365348514023,0.17821250095491664,0.0,0.022232755012211988,0.003541741588347252,0.0022069564584398767,0.013441696837429812,0.04209724298081474,0.2527559374846187,3.5651681422441768,49.5329375624317,0.0
3.0735294117647056,0.0,0.03308789909953314,0.05486476482666818,0.015325479874701339,0.040085946573458237,0.05555959474612952,0.03580838658820988,0.08994354581457668,0.07064492140547057,0.0,0.05463498412889639,0.10315674153983018,0.31215787250985233,0.2510384653508404,0.4811610066040476,0.18078618812066727,0.11915625860172027,3.23747904737752,0.0,81.27268670182619,180.20459737263403,36.146119470480706,4.490668230718868,1.291282178236886,2.0322219226004394,6.769863017647289,44.474593970783005,0.0,180.41066776028316,1708.6187130251749,3201.175614930517,3599.4273744281413,968.3192977702763,69.46240412712982,0.8304205548472202,1.461789883724558,0.0,0.07889407094423152,0.03775064161657576,0.014360038275162594,0.02635919863967454,0.0269171670955757,0.17224520287778572,0.13397630966773486,14.57069299677186,0.0
3.0882352941176467,0.0,0.09965802984900876,0.09008461395277065,0.06948766380686701,0.05790281251888632,0.06923292581809823,0.07665462897416023,0.28239589556943906,0.5443269439261424,0.0,0.40967434515706164,0.4508261253870014,0.6078133243596862,0.43163759593350337,0.3757729513900401,0.26337125081664964,1.0472254161115242,0.36449801974544066,0.0,2.4425150286478448,20.474136039977598,195.49722782696333,81.68186692352532,6.410543894221377,1.3527281186770088,11.332873557509519,15.437517604202089,0.0,44.3548545646991,32.66328402459465,1544.1892429944598,7416.952944487783,10836.34760477446,4861.423569953353,1045.7140540639566,156.35721303198372,0.0,7.913104862170167,0.8362482043973681,0.013294593834658136,0.05351707290592666,0.074275964052853,0.5413624303544813,16.351734200950837,62.531544624128585,0.0
3.102941176470588,0.0,0.15617201992495325,0.0679484733388319,0.03816912395900112,0.06724535311528383,0.0556447944735209,0.02541376091595933,0.09219204940201688,0.22548720281011916,0.0,0.0721746938400931,0.3400995673591415,0.23733706592776516,0.7215571365842905,0.5983341407632509,0.11550908453249589,0.21922185740104363,0.2842493182237939,0.0,3.3137845549882483,0.2684215565276997,85.61480283803587,340.84029396771825,88.88687815684568,5.417730654277608,6.007036642835395,8.727269128769697,0.0,27.139009694775893,141.4966057954008,215.5969359737467,66.39769423289053,242.20631503692238,882.2619881467492,308.8421565243853,796.9902017544125,0.0,78.51348648178998,0.9313483491448985,0.5459524962492608,0.06763385431845247,0.3996715588495705,1.456719980356643,3.5259474648178397,48.1005778675367,0.0
3.11764705882353,0.0,0.0675547517904658,0.2965288145435476,0.11322249349864758,0.06599946763824728,0.1769021552550518,0.12062679304025553,0.057756853093408486,0.11527365731534425,0.0,0.12852034447172656,0.056009926497846106,0.27249821621994597,0.3508310179093491,0.17122226632622176,0.23794000903165557,0.789811570986301,0.8319343635179464,0.0,2.5071359844194188,8.098679686616594,6.5003895440549,79.32004230299492,573.9609135159421,439.75193166513225,26.57562840602842,22.880381241949177,0.0,41.00483813226446,8.36503159220332,27.38398238045768,51.653704316155356,203.48934002807192,128.75166205935295,430.00370592914044,112.01768565675977,0.0,3.7381386234892395,8.590886358692103,2.813618337536048,0.09219446983571164,0.08422046381609091,0.2835072643998025,0.36361783388571256,13.272948067062629,0.0
3.132352941176471,0.0,0.05860805372989797,0.11932794806710524,0.09537211770278366,0.04836262557803307,0.11489874682902793,0.19468852892768906,0.4335706830514356,0.22215846753019325,0.0,0.24762564493125522,0.3153013069516627,0.16577626307164356,0.6486797229245653,0.055704460117565836,0.3159363034469057,0.23738251879179942,0.6113386510589879,0.0,0.6527510914967483,0.5642389388318055,0.7887639404793586,5.248207103504752,160.7648981170765,1393.5100510283726,594.465777146959,61.057647948643236,0.0,10.21651655221622,35.38033744123339,84.64213611179541,11.31389450444356,26.480902566284918,89.62666807464572,115.58257164109108,37.2485507085261,0.0,24.25202971095342,8.27291463158033,0.46642753530126574,0.954110117161592,0.06986627419111516,0.4223574935620903,14.44086599031185,193.075039687546,0.0
3.147058823529412,0.0,0.09146043931431241,0.09774432546420678,0.1648308818518017,0.43906413089367463,0.19902017771968433,0.1295755916029025,0.08717875294445498,0.03723530252088619,0.0,0.13790094435585692,0.13863704966847426,0.10465544000591315,0.14443649454302893,0.3384817732213164,0.5687614899908401,0.37582915576328596,0.2583385982101981,0.0,0.17795338932028282,0.28032614230157277,0.5750444550956018,4.405551203970992,186.91250900817573,1080.4848056084634,2311.804732709819,2077.0735641026886,0.0,767.1874776551791,190.10534859719638,26.02164990683849,47.48591727863117,70.97723537128086,17.630189697524752,12.271773640514587,7.983193747100828,0.0,13.631098976037531,9.487063922368913,2.54399973037974,1.041393629928478,0.08202745595617678,0.27071156831292176,9.51360481717285,15.742107445238688,0.0
3.1617647058823533,0.0,0.24840518627367258,0.24620527806154502,0.18097258755542925,0.23028703305174697,0.15290856395520325,0.009869725441840902,0.23024689997451908,0.5215538421485548,0.0,0.4555297489399507,0.11913134938120035,0.06094828550128251,0.16825688199386435,0.6583768145265951,0.4724350736037066,0.5367071718128374,1.0400420004146174,0.0,1.3822436104945186,1.1014656217586667,0.374904320043402,2.92544998454272,7.743140513119941,6.848169267662071,29.892763128928443,573.6108347012591,0.0,309.8903045266442,494.2919489062055,109.73640864395935,188.73562506441334,364.29912793425717,131.28076497077313,8.95987706130385,3.563625834114342,0.0,7.1286480761520625,7.296094589365719,2.5404026475360024,0.5423638817540279,0.04494145513885152,0.5307962316751732,3.974262112614306,58.509566280707354,0.0
3.1764705882352944,0.0,0.23245926806860745,0.20918501393097508,0.29657866315329323,0.1761036339790493,0.21410102122333868,0.26568452709738416,0.13259773784172474,0.15923483698669158,0.0,0.25855495420143326,0.3832733389758519,0.378320872322702,1.0992164439324934,3.2770744019794793,0.374416455926635,0.12945350563030059,0.13295311991290426,0.0,0.8648223123575235,1.0795515298052987,1.527158300369472,1.9991177938339815,2.08736676930276,55.89292978087987,150.63861485733355,848.1487815318967,0.0,3962.0223025213136,4769.893781513416,1389.8755340382932,85.52660408266311,284.39123319909487,258.2097705530468,24.866572555047153,1.2851254179474376,0.0,2.122599031625535,0.5663106278376071,0.27526502094229177,0.05594098861671935,0.04052494859669702,0.15535498708270973,17.83556652180687,169.16272614788932,0.0
3.1911764705882355,0.0,0.12689708373635022,0.026755468601069216,0.27723405228987064,0.11357899510069386,0.08110858405949646,0.12965643874246352,0.07680971662566126,0.06863526453402663,0.0,0.12713610194219066,0.11686792951896598,0.8434162480412568,1.3781465687496501,1.9057114779386506,0.6149394241916937,0.6605590600555777,0.11736317158706774,0.0,1.580737527851178,5.5567008697268045,11.014040426382504,17.108266649065232,33.34062333994167,14.811635409074377,90.993858781483,32.837757019179676,0.0,45.774819855404175,28.771043783834052,822.3961899214489,287.89545722200285,89.61694202802057,4.024873836520929,7.6024595361022165,0.12397219387372213,0.0,0.10065924801789328,0.17639686477454153,0.10176766057406991,0.047674409500297055,0.13046733261842364,0.13285415212545448,4.619692068889906,47.418974577516835,0.0
3.2058823529411766,0.0,0.057724752143327,0.1336874547181518,0.07619108019734962,0.06367431585380612,0.0773022318030353,0.08158932057123931,0.036550610858848205,0.027618739990406968,0.0,0.06055309421532554,0.1955995374960606,0.1578745742727889,0.3479353544212983,1.0206127869968618,1.1794345251895886,0.5128750690816388,0.49187468249042465,0.0,1.5089310437924166,3.1183077146214,1.616050688995899,2.5492817562345156,8.898200762213317,13.610928746639196,5.427979056967182,0.5056260344540231,0.0,8.400153764067179,19.181536474648585,258.9372487158917,828.399323718076,265.61792986443,116.12515406591905,24.006027894108414,1.3709572128096066,0.0,0.045827553911065494,0.11426899319444603,0.042477908219231954,0.0349107412127288,0.16072150509863212,0.11379379845528202,9.908082772338222,68.46417222756551,0.0
3.2205882352941178,0.0,0.07995677176541698,0.07289656153418753,0.10969979658404026,0.08131910294060625,0.09700385025856728,0.0764528059968878,0.13050062366401338,0.1898818822433198,0.0,0.15043889563901292,0.12097374511739103,0.35825664396961243,0.4767662303798039,0.1824656924656259,0.13710008209353935,0.5924763276851774,0.8387994291808528,0.0,0.8900312347253837,1.2868123964057967,0.43127377314572785,2.0366639561722932,7.357043518834299,11.710787148660213,2.5217627168893717,7.941388822870577,0.0,8.388072274695434,65.58659504302274,145.5688645329792,39.53532352169316,26.334429966011516,40.518465044456335,7.898082926141973,0.4290625454405201,0.0,0.04290006426191452,0.06045748895516362,0.053698418822860965,0.0714637497372958,0.09356501249507325,1.6554409344256318,16.400282383665775,22.274282275217413,0.0
3.235294117647059,0.0,0.041083402335184094,0.04837965397096365,0.06664246566007873,0.06089535357943192,0.04030414488711292,0.09399777898477296,0.20800832460131943,0.1194847642962464,0.0,0.05212096813746091,0.06577640532631553,0.0331391118836446,0.05540397134620117,0.139989448668614,0.2677184993255388,0.1194625784342863,0.20748923444099596,0.0,1.919239475860052,1.8054532057435844,4.638892909348153,12.060805585659892,1.1891024869874651,14.042187834424361,6.948898367741458,3.5634246203744384,0.0,20.95425672835995,80.16753790964661,26.781136084596668,15.12932171532568,33.49800730273415,6.935835620114242,0.6032176103547489,0.014749088716364817,0.0,0.010498507391761397,0.06609326922514253,0.08997202807587115,0.0352041388827082,0.04246987691260322,0.3487101058314689,5.097948485944526,28.97490324351204,0.0
3.25,0.0,0.052682728622310264,0.05732339309305054,0.02354838074578878,0.01307699993052893,0.009096771013330281,0.05318012254456547,0.14888604855479898,0.12146456899249772,0.0,0.09208221965120893,0.0702538927959537,0.016078671064299156,0.07775228792111705,0.41822176533396105,1.0038470164246567,0.2777490148856595,0.029229323007060663,0.0,0.37783236140934146,2.941648248258736,0.6926998012833891,6.772322674234465,9.572594202923002,0.2200177250145549,5.433433282726471,0.627358950002256,0.0,2.2505009128095717,2.3166266565376885,6.861758004515011,10.090213453814858,69.04049710320979,20.85537166570655,0.33019483131912214,0.10545031973077797,0.0,0.009758696900922143,0.0025330622285291244,0.005058759389041792,0.025162516728626967,0.0586011095376351,0.0814724113606209,10.684256917266529,32.757133066596374,0.0
3.264705882352941,0.0,0.06169906485374839,0.05055980994362404,0.027090101847057065,0.020979655429228562,0.028631109103749185,0.014794796762680794,0.01253716818129319,0.014254143105063698,0.0,0.04667741978050781,0.11597131786840556,0.29328094233132385,0.12458461199191795,0.1866937427381595,0.2120818244232308,0.24952565547960603,1.3879284551671978,0.0,0.2875137331911929,4.526017969650104,8.677442194519609,3.0699205300953967,3.319110083097917,4.0290413561597465,1.6975359481118506,8.534493312360901,0.0,3.7357131389434244,1.0553250061209027,2.3723678746982424,6.298291213153901,39.80132475079151,33.04392139561756,3.343340542282523,0.011986324783448141,0.0,0.004126958516355884,0.01965807594538722,0.012318128161842766,0.04662186221489574,0.012376504006719483,0.16579321337088682,12.945617002536391,81.44276583307186,0.0
3.2794117647058822,0.0,0.044399748725742386,0.0063615392486560795,0.007189064466657977,0.015183901039646664,0.016653512532308755,0.026490509368712473,0.039156810757358426,0.038953248646739,0.0,0.02957983598760334,0.03391340506750616,0.19301443718663694,0.3816389457497845,0.17068066026733889,0.10767290894516449,0.43253291841720315,3.2282924968901905,0.0,4.626510488300164,9.612064572454985,2.6204670858672694,0.7004344276796213,0.5359564302191376,1.530155326113305,0.583741447264944,4.048730022978378,0.0,1.6074760730671298,0.17442363830862107,0.9911273407720669,0.11030794119180609,0.3564524207435337,0.2393273460724315,0.07232589688853,0.11250931972558742,0.0,0.024666708123979687,0.006086443305256518,0.006801694030100582,0.03612568122980339,0.09190468749961028,0.6483528687925029,24.360372969866106,36.078342975224814,0.0
3.294117647058824,0.0,0.10864591014136338,0.07792791416803382,0.03724065768009092,0.01126729995541024,0.014228632420926281,0.005373332130514718,0.019079120589142917,0.04986977507414329,0.0,0.05289368767814402,0.02412338661644766,0.22410420756834307,0.4263878421952591,0.08382550011561603,0.062271016236631914,0.38218022055703826,1.06050363791632,0.0,1.586123489276729,10.425935573131467,3.9452236422308875,5.0000195883563645,1.036667458026808,4.372165290175994,2.7665352373231142,1.1111376489257192,0.0,4.914385582651606,7.7020475858203845,1.1833147713049055,0.039933208099271866,0.07325614757847276,0.0695704799947188,0.07707848022924192,0.02012544257835329,0.0,0.003330106674853128,0.0009299844879509141,0.0035201392797370532,0.02922531981441298,0.10309506453670614,0.047759117585106155,15.089078914110585,79.0764918266018,0.0
3.308823529411765,0.0,0.07456986436935974,0.04947420706556668,0.02531590448185061,0.02425016696433245,0.01091269486264245,0.0061705718007631525,0.008260496891472895,0.0039937739078337135,0.0,0.0042295999158824165,0.05012272455845006,0.054849061021217664,0.00956909395006231,0.11666067841313785,0.7455727539984754,1.37978024877889,1.3275118029257484,0.0,0.6721197340575283,4.337172390900986,14.02232649802137,4.884374479576209,2.552486721959343,1.6228264738495697,0.3347381078842672,1.245442102257988,0.0,1.7775912501884266,5.020096511909022,18.127373035984213,6.691477231650155,0.5374912395955529,0.07010390557483652,0.011230953124419189,0.006193283053966714,0.0,0.0033353314477014965,0.006783342880559115,0.006307325951393818,0.006148872005300975,0.01351557982785086,0.11514482070080276,4.377867035867906,22.996804350996143,0.0
3.323529411764706,0.0,0.0641162784248622,0.018609863290608993,0.012705516096297708,0.027581919266360447,0.01865235881099555,0.011914690962530308,0.003966030584610652,0.0021996471677645855,0.0,0.004230554286522857,0.018383918373838765,0.011086410049587329,0.0475843548035178,0.14162760382526737,0.3993132375456494,0.274088068865636,0.16224151746164966,0.0,0.9099863127710497,1.5797506105764882,0.6283804144878469,4.154389761999537,2.0213103028149075,0.47918114674654005,1.7342108536727614,0.5558222694550181,0.0,0.33237753662008096,0.4225156517500481,4.497051785799786,11.813760256626383,6.289600140864703,0.5433712631059926,0.014005987018384732,0.007465104125468639,0.0,0.020164071485102072,0.004800404542084995,0.005365245699853902,0.006618885141544597,0.035393753238550665,0.13732886097945454,2.6867484919749924,15.827141068032091,0.0
3.338235294117647,0.0,0.10023626203950346,0.07842390243571133,0.02254101423809033,0.02980325568273125,0.010147998832187064,0.005309457184702965,0.0070812033594239085,0.005427147314954332,0.0,0.0073613656440054765,0.0052696654238644485,0.013237042611328641,0.025076796084998722,0.009564798484960682,0.18601345950215697,0.8237853259273487,1.5791345677155582,0.0,1.2970953553079396,2.0921295976609913,2.33638383047934,1.1115682132739617,3.148632576653108,1.6837737698864865,1.014081607142151,0.06994362804895682,0.0,0.3566665160354917,0.4500878181621949,0.4772192736785158,0.5749411482448374,0.43257788911196404,0.8514226240209402,0.22496462590713534,0.009762261945380395,0.0,0.021035088096728723,0.005471553788506098,0.006280064897699382,0.006632335773963918,0.05106218140847654,0.8616251433101716,16.34321981973367,121.91075142248405,0.0
3.3529411764705883,0.0,0.034502971749265525,0.009076296886936957,0.02446760680430543,0.027438761678430727,0.017054147371808052,0.011677121748822577,0.010305127595230569,0.004293431375154307,0.0,0.006886802990983543,0.02249664127683911,0.030724907240549926,0.01203594263125075,0.016259144044869108,0.02884191023307251,0.004185058458024142,0.09575134011497219,0.0,0.2366130899641874,0.15509306315679422,1.0485260965816967,4.921148766200109,30.235629958175522,78.7956470018079,45.58241535889101,3.743649403226478,0.0,0.3014788586465533,0.2908640123843182,0.11910973057448367,0.2341040687457266,0.19508540399072688,0.11407164488792584,0.12247243770356536,0.08730592509596913,0.0,0.017670724744619573,0.014969523689508575,0.007438838867491304,0.01250771611314783,0.01338276613735481,0.4318348462999307,9.891676767740783,87.79234332847074,0.0
3.3676470588235294,0.0,0.029081640794553477,0.06605826932407241,0.04373406791872132,0.01860423165960729,0.014361760900426904,0.016979881912186707,0.008595545035555967,0.002506164786443303,0.0,0.0013096554945706232,0.00646815001195966,0.00902460321853502,0.03515997623242223,0.03116870088576776,0.017831874101438175,0.31828568439272215,1.9387905565152357,0.0,4.901541341062192,8.895442637917183,7.4979221093392905,3.6148391959973294,76.26183111577897,458.7951887827005,303.5158438721617,8.642000908796598,0.0,0.9180128386730074,0.12781861031768804,0.042174897888316853,0.07491858281133958,0.0407922401367794,0.11547008833047603,0.02997714246783617,0.021747610927100036,0.0,0.01204798926660484,0.002878446492934443,0.0021067488939208665,0.01523361758173523,0.027369397410570095,0.3387606960945826,4.924775624843145,18.68946228538561,0.0
3.3823529411764706,0.0,0.045310918121697,0.017783135232104074,0.0016081991606285897,0.00935099550052267,0.008102998640892173,0.01563562683617866,0.016064772222117968,0.015557025701402024,0.0,0.008124653931508397,0.01784944277597825,0.0063434014351250855,0.006644297454661194,0.01272416367664083,0.017968265247402217,0.22359689492862653,1.2939466485973097,0.0,5.066351669160299,9.089610170713183,1.5939258142072446,33.998496288912996,52.45884923829287,181.74623509189516,1542.4859827379169,708.0363706457493,0.0,90.59528400883892,14.366417176609811,1.0781730742392845,0.39748121548429616,0.19781393549726395,0.264392890683917,0.13762411368251234,0.02836670668922562,0.0,0.0066192068369538065,0.00430586576371935,0.002710631599645373,0.0419527494118237,0.03083702772996842,0.12010056507938183,4.547468343321315,8.911494894008944,0.0
3.3970588235294117,0.0,0.0934715216504867,0.034829928925416476,0.04012367342017017,0.041810215784459884,0.042939827260191105,0.06786300051305375,0.05755731619178518,0.01052516465033785,0.0,0.006443319500668813,0.006751475710378886,0.009911517587700557,0.006404562935040548,0.03843880134148707,0.1446138819212069,0.14196857507111357,0.45361646069731154,0.0,3.3834985039024748,4.381431612336138,2.464017706002539,3.0667285498530727,42.70217934968123,74.72479134691807,1488.4636445378305,6128.738795613242,0.0,6397.642167352877,1419.2277001015032,106.72501986404998,3.0601991298592237,1.8295466484340563,0.20361928542508184,0.2731237964642784,0.021949129792343685,0.0,0.01444207441930263,0.010003617484528944,0.019546232533970566,0.009619662030530196,0.015674184389928642,0.5350931243219974,17.450347955633994,108.61966071494211,0.0
3.411764705882353,0.0,0.04641129009201074,0.06981467735689165,0.08079408539403128,0.05241301714125676,0.14129064113765308,0.2104759576491319,0.105813672730421,0.0434139071954371,0.0,0.01684448106241257,0.03800199843164754,0.06420547075937058,0.09383315669411647,0.2690691870769634,0.18888632820990764,0.27073800419955096,0.9313055035168689,0.0,2.979098578763675,1.0440859382398995,1.6483102916538364,4.723273964941683,15.900397738300615,31.34224113443318,43.62406926161513,1.5017149290879326,0.0,1476.5964331230057,6419.960395088162,1948.4431101303876,68.48031295816061,8.415071952255381,6.9981399848063255,0.3503587544606678,0.054509814968462744,0.0,0.2568050203852055,0.0956921200528312,0.06862968895050127,0.032134197827402816,0.09076444167108674,0.6945719003608627,11.839794618641493,63.345530497080134,0.0
3.426470588235294,0.0,0.013293948169013612,0.08113959543119283,0.11043997119988203,0.08716700706056932,0.16944395254918865,0.03378259832461757,0.13120540126078734,0.031116716410887472,0.0,0.2770381941878639,0.20580914946293458,0.15442996257683414,0.31774393241929433,0.7630424699496372,1.0163233976055883,0.9964920268820961,2.110728071654762,0.0,2.6679403453275343,1.2485777384541745,8.66582545962968,26.889592250274763,62.42835005028083,100.79687875852639,111.41694419668087,15.09548106185867,0.0,362.63397965569203,1247.2901527824592,5291.179136870259,5472.665882021454,1583.1682138004196,41.05508957070144,14.217185098862672,4.138888775553227,0.0,0.10101565515637295,0.18434019571383836,0.11189571434961709,0.0315889454405925,0.028938952769227803,0.0910038635449604,3.73694039470276,2.290582987928998,0.0
3.441176470588235,0.0,0.06254471490547418,0.05177393315349492,0.049208681843264476,0.0736047375391603,0.054007086774983795,0.05016976789099217,0.1208096712450446,0.14154647767687406,0.0,0.1858603787124183,0.28820500089641754,0.45689742036813114,0.5996407710431861,1.2541275005907222,1.1587432776234898,0.1698644081559289,0.9517995512569609,0.0,1.0124868839394974,1.5062696232847106,4.723085879815523,15.866552394801476,16.098647301144393,6.32240779784728,11.120773862472776,23.530758967704045,0.0,2.9450435150712058,7.148873519943385,1381.2538927969065,11967.927169423056,13567.821419421325,4070.650336926012,555.8839600681771,54.75742234868388,0.0,16.11535622898804,1.6605496544467813,0.7451359533143378,0.22046243128616996,0.02873758012491467,1.0304029655540285,1.7577993650685602,20.046347273619084,0.0
3.455882352941176,0.0,0.07927747065803328,0.05384132845187979,0.082737285158033,0.09259301773589088,0.0639884354649884,0.10653321865506367,0.03382000741033613,0.1284597434213422,0.0,0.21556388463432063,0.6262306894503181,0.07744896951149574,0.04118397027906818,0.05538040837697999,0.3902354114055151,1.55556701956367,1.1397537161580091,0.0,0.4820652678222944,1.0168593616373973,1.4057650126572163,5.124133235415703,2.1151797991589247,7.402076077494826,5.89779746671889,8.312516032782584,0.0,42.6147415950405,20.812555979200432,512.5024127114555,1216.9156718273605,495.0081249926517,150.97872661568417,106.63999133266455,313.3915966750434,0.0,53.78826925758715,5.589612812315053,1.1467604238619566,0.47519753708425905,0.07541263860937797,0.4124038054094099,5.901915533342356,33.018365696859085,0.0
3.4705882352941173,0.0,0.21491515140134243,0.19000651152426917,0.13013331406841086,0.06373826765555168,0.06194082464632309,0.018403524400647266,0.06528049876220775,0.282898328797653,0.0,0.3996856554105628,0.15871225332136923,0.0363851056562864,0.0492476490187381,0.10922787655694342,0.35682064319660933,0.7767423977084342,0.1078014737991176,0.0,0.9541848929760266,4.159678268899384,2.1152060731200577,0.9189960535836451,2.1402017510141427,0.9749701029273059,9.885884302474077,5.108567290628091,0.0,0.693339808182816,5.427959377989032,8.570696066177492,8.394976741531114,76.38403419790433,183.70151624880023,59.956170257188816,69.7408729303886,0.0,57.99668401957146,14.932353445121027,3.7586450426811093,0.16141796704606065,0.04309555196908629,0.1381127376156434,0.46128561244774946,14.384159325803928,0.0
3.485294117647059,0.0,0.1316065075131188,0.06866038555200193,0.029032546361912513,0.04342797146957456,0.05876815961419542,0.061250760337238835,0.03899850819575492,0.13658907874993523,0.0,0.15738213871925824,0.07041247476414583,0.06145564111551415,0.09129705639295825,0.056662739762115846,0.05601495178102315,0.3532932182680245,1.6141011426298266,0.0,0.4860763085051161,1.1881963684124714,0.18211135951898744,2.780602529406604,2.091335609426674,5.409895224710331,8.816316491174392,3.532122095416345,0.0,1.7558909197118562,3.4500187617179074,5.189343348202762,16.78673041792959,96.65212373481944,142.65506356752442,68.1668299255813,57.288904841515304,0.0,38.772967747596105,7.688038306119274,2.378652908028746,0.08483692046894534,0.05958427780886279,0.1128611813434651,2.11007844530064,22.500768230912318,0.0
3.5,0.0,0.09163553446291302,0.05669624475319913,0.11223873118773899,0.13070417497764703,0.09606362865769234,0.044442111807750664,0.054249797572390256,0.10161188076145543,0.0,0.12652370999697735,0.1346801496744885,0.09849287224106984,0.14166262966071802,0.09419569632715903,0.15322367988723073,0.15973786922597025,0.3457835248868424,0.0,0.9227684710764579,1.5487841625072412,3.1763540922469677,2.3442946986264914,4.107488560770255,4.764001083218208,2.6219352595411127,0.8295276206298835,0.0,12.392790575091562,24.15145313243295,17.25441625092821,25.188884268084927,31.85463501162124,69.16114999643383,72.8705962642598,57.615016981482725,0.0,26.853247866518014,3.89950956752861,0.8251977094352474,0.12438802213867337,0.06873920141540737,0.7365307671419099,0.9814570922182579,14.809392733864868,0.0
3.514705882352941,0.0,0.06232292739159563,0.029348646641629714,0.010935923310963594,0.019263706031295506,0.015714861011157027,0.039231585624759334,0.04608612995424353,0.02904914350502397,0.0,0.03187240471151913,0.04221582158701724,0.04771456668539578,0.013556076303508706,0.14451933237901385,0.3174007190640777,0.2304726607039233,0.3405493891162015,0.0,0.9695339306625532,2.447553864244674,2.8745456799711118,1.973298413823914,2.034805130136605,1.6744982755675926,4.135571830213321,6.634957297138241,0.0,5.9394195922695925,17.810563211309088,12.852401710915512,16.73549097052625,21.714029328505823,29.05499072016372,13.763891945753961,7.979500203174775,0.0,4.135830115957853,0.3238409203937903,0.04027012776509964,0.01155413831900287,0.0039651582473893675,0.03484196956961822,0.6653902301566461,16.979287328813157,0.0
3.5294117647058822,0.0,0.06101405430630517,0.017253869677969942,0.004462434681231899,0.011047526465676439,0.038751624900826495,0.03450561341390758,0.0160011936589314,0.05225136383990736,0.0,0.05230638262920678,0.021522037300659214,0.017912622514671142,0.02505083983227478,0.006954251752730071,0.08760867178811912,0.4479319635005813,0.4855685219923763,0.0,0.5017106942354108,0.9486569482434819,1.9264485094786543,2.269308956587862,1.1707577625981012,0.9529781867975844,0.6702921744062447,2.033260148798282,0.0,2.370826301382924,3.256143604525051,0.4298441119607467,0.3277585186681637,4.29960687970969,3.359093673293358,1.5194744414683243,3.749386259592705,0.0,1.4572329030103452,0.008950539703537052,0.026127400677232997,0.017850610343378776,0.006424353037309281,0.04674006797430472,0.7682863824747331,0.6347673486469473,0.0
3.5441176470588234,0.0,0.03023053275660819,0.02240407280900442,0.010098046364988516,0.007980929548637947,0.005540798427122134,0.010525514016997858,0.021326657409266557,0.02091269558662266,0.0,0.023167340778727744,0.04379046462799317,0.04300704005309933,0.060044891440740975,0.08300670790568904,0.4863005465009819,1.5694038643849861,1.3864046057344679,0.0,0.9039503319593161,0.5671289246830119,0.793828750704856,0.603456025683922,0.18824556143824883,0.4516915188787286,0.6129747920266029,0.4182750007084868,0.0,0.19403420243441083,0.4380691777511449,1.7120400870042731,5.604550681055082,1.8571241605347302,1.5925167912091536,3.817949973048411,2.541048794938414,0.0,0.17604770172611947,0.02864563125932082,0.008729151830892876,0.0160553762757839,0.007753327784507723,0.10691887724630504,5.877247973424421,45.87727683735011,0.0
3.5588235294117645,0.0,0.008458045852381775,0.014503100743776389,0.009486918213725944,0.009392031893330205,0.008610757976583953,0.010664263471846427,0.018436496012720023,0.03566460169423688,0.0,0.013624933154146809,0.02230012639984192,0.08390602699078498,0.19508099650612068,0.20688837635464108,0.0970232677083526,0.14001071983518873,0.6989611142474481,0.0,1.5609168958657706,0.19187814119442975,0.353587846412561,2.7813103052677253,4.432874151745369,2.5443365432185443,0.3752527168951202,0.08256412801141788,0.0,0.0053049436635027505,0.1990422102815243,0.26944649556205846,0.8515785652661176,0.8267417707053235,1.0771592878344523,0.7191909376879942,0.8552451950364739,0.0,0.08903375038639388,0.026280660880050922,0.006914162003762402,0.021225839187864526,0.01940620300993785,0.1480668070006791,5.106492847161084,68.15169792442788,0.0
3.5735294117647056,0.0,0.031161488896765004,0.02573737122237351,0.01060583735769316,0.013599134226020623,0.010997073663166932,0.021896962206909145,0.03145296994631916,0.012089347826181315,0.0,0.010268550890434543,0.006622796318411781,0.011909226236520128,0.038318607751652085,0.0827285898830519,0.1650624770164693,0.6083023236676939,0.5579961277643655,0.0,4.054135234840356,4.806465112761101,1.0262291403370298,0.9799953386955038,0.9092939644078728,1.4705205553061294,0.22614187498361557,0.053325182718243304,0.0,0.016734284875390276,0.023408829681056093,0.019108758751163753,0.09290062038355147,0.2829318252463731,0.09053336450278755,0.02718529820347681,0.09950873588404371,0.0,0.10801503868751991,0.022984099399810234,0.005449498123686572,0.0046903626360712035,0.003164725823782395,0.07026064719471423,1.6019733943686716,45.5342494338241,0.0
3.5882352941176467,0.0,0.1720560204586297,0.08597209451224516,0.015591976252217097,0.010707174790644633,0.003334495857563192,0.0018775361992007375,0.005211576174714433,0.004316488562947533,0.0,0.00483009093198131,0.006379363995905949,0.0033586900085415534,0.01045007459358267,0.08115940623173568,0.3555444828825751,0.44292524131954536,0.13250459962058914,0.0,0.20411153157697748,1.635751566598397,9.859858680696398,4.872530571186788,0.46701823472981413,0.11649712316152339,0.04766051497855037,0.0913901285573195,0.0,0.0167991022569434,0.016009004204894598,0.011208274372561115,0.020951313905533796,0.020222544727727814,0.07243095282703096,0.07744444315833432,0.01978975810513223,0.0,0.0033240610630010303,0.0016575188360841294,0.01142902989358709,0.014561326819147331,0.05636953588907612,0.12537140890398457,4.1608298044323355,51.83794887841643,0.0
3.602941176470588,0.0,0.02118435848047969,0.025042565707479744,0.019816756035816153,0.014934767902864323,0.003212301069517445,0.004290162514549164,0.007606864227772517,0.009501741840101071,0.0,0.0058576172310324,0.00482972548875896,0.02200754186786426,0.03609977933063528,0.028311295103899126,0.09299267059252803,0.20682144855305662,0.009363929651791173,0.0,0.22971034219444683,4.006675609642011,15.906847381627035,8.193656204424578,1.1605035186615462,0.8228707777167528,0.9123701560560393,0.09626440500769204,0.0,0.0735088602539978,0.004936226799576724,0.004883319474058302,0.0021656231992271168,0.0033793818015018275,0.004012035615023869,0.009180356476848566,0.007737957441013275,0.0,0.005425158206931275,0.0009196485141836817,0.004513695799333422,0.007012557656532911,0.00865440562063707,0.04670302678046487,9.195032454976733,57.04992224660906,0.0
3.617647058823529,0.0,0.00850017594247506,0.011210558129008546,0.006063997547629371,0.010074179254419896,0.00668676349450683,0.0017523308965873064,0.0010125301700567519,0.004259904366311733,0.0,0.012202428039087845,0.006780359338258066,0.008560431888079083,0.011658843083809942,0.009838036054088268,0.06321430666944988,0.054806619523387654,0.18704989579278336,0.0,1.059276572973103,0.60424292513553,2.8530030464342255,3.499273794119347,2.3539946238058542,3.167353972760729,3.753629878556965,1.5795722851863043,0.0,0.0769943595870453,0.0040497646685537375,0.001140036369716739,0.0014349788350731985,0.001097384813501329,0.001001959033059473,0.0010551801132762937,0.0012014379525864534,0.0,0.002340050457381121,0.0025415816398401065,0.0018910161783727286,0.003340799778184626,0.05397575163311902,0.8141008603888771,4.707581310697955,28.6135780114252,0.0
3.63235294117647,0.0,0.012726148797552676,0.007293199007272042,0.016126002453395447,0.011376584784453223,0.007221011582309002,0.00424932224716515,0.0067382134654621695,0.0047433668718128335,0.0,0.0028063850730486676,0.007163252298891167,0.015116556456541008,0.011665410643853479,0.014416662904249748,0.06786182610524343,0.08332942538933522,0.10641588124273366,0.0,0.12746734782281874,0.5982347129984273,1.087909848118418,0.18184203440476115,1.0241241559699488,1.2192094652920424,0.6455488922364179,0.08788071427995234,0.0,0.09405448827793074,0.011386733305756755,0.0028133238018328175,0.0025021345530091116,0.0028183080826319445,0.0024236594672307067,0.0025271396415745082,0.0009252891591809769,0.0,0.0013525799573197155,0.0026795102395893635,0.002812482462378129,0.0014637003837230423,0.003141913978952518,0.3858812847439267,5.0762576425363495,23.48613243533626,0.0
3.6470588235294112,0.0,0.01536643322458325,0.019010569567021518,0.015836206293733005,0.012630926378349809,0.013785461025286948,0.007853824586700637,0.006449340124067945,0.0041086857022213635,0.0,0.003539792391338727,0.0027915423824601054,0.0026315062908434856,0.003067537819639802,0.008108625013366025,0.034308549286603485,0.10228869551616944,0.2451878035146614,0.0,0.2329179731424943,0.1583358926123704,0.1646303605322423,2.264036285205173,0.48359598452243413,0.0374537504356077,0.251140348425631,0.08625075527870617,0.0,0.015940209858983777,0.012659830936497366,0.007452720864094702,0.0015855591013760146,0.002195516222213466,0.003118841415886857,0.002948917925492044,0.0005503194437526124,0.0,0.0019708667717103848,0.006078310471655975,0.004039981871911525,0.005774403564156578,0.022440973863310516,0.09256161671130445,1.8926770393492887,51.63497834333285,0.0
3.6617647058823524,0.0,0.04625550407559264,0.03531707140499048,0.02423604140862156,0.02082741725632788,0.007610360744976118,0.006974679116044213,0.005120902549178644,0.0013973680640063306,0.0,0.002349922277569255,0.004905066631339835,0.004257264640175644,0.0021297161517903444,0.001782841323061138,0.007083475937143629,0.02157724481206632,0.05418047302946613,0.0,0.10689484282147742,0.6930423816715885,2.558547436399163,2.2664051950091775,0.5687733100665602,0.060646024531481796,0.014933176032195843,0.17040577459578182,0.0,0.14439700492214383,0.01930218470069232,0.003912581172185561,0.0025498092521224138,0.001656195830715496,0.001594788682003656,0.0016165938033236306,0.003115804139231687,0.0,0.0028392449185986666,0.00194416660778808,0.00166603597000525,0.005092682382415508,0.014430005992096913,0.21692713559470764,1.485516225753829,82.14476826745873,0.0
3.6764705882352944,0.0,0.05083930315003994,0.03276864216845837,0.016265384211851582,0.003220368564911479,0.014629894507614998,0.01434863750578583,0.009929180105492808,0.01588855530768924,0.0,0.007660836201834991,0.0016885132998212407,0.004043655195985672,0.005870236955939443,0.0036260951007982085,0.004133768790025431,0.04663063952425871,0.08378483263446593,0.0,0.22971915243661173,1.4594820975767164,1.6244655704627908,0.8678341122034263,0.24308894539652107,0.031966661091696026,0.06053721216773694,0.025885398819698396,0.0,0.008863002423420406,0.003566837741067963,0.002959412263535798,0.002182840979175025,0.003178409228642964,0.0038615551259710496,0.00280824621444614,0.003160939224719012,0.0,0.0011436293156764322,0.0012072523200698242,0.006658450517608324,0.028843788866959954,0.02746848967728681,0.1674297615301299,6.05428140960808,25.280041922202386,0.0
3.6911764705882355,0.0,0.07978886930215465,0.031819953921764704,0.026846309663209993,0.018169589529642323,0.011489831241329074,0.0023607190790815194,0.004249507792897421,0.008100137408912416,0.0,0.0019319167912952024,0.003759240809806709,0.0037717499522908855,0.0023225376160260604,0.0018635437168596288,0.014624541785591694,0.013509869522728037,0.06623460291714822,0.0,0.28430226747731,0.7249361357099997,0.44659049999732425,1.3798592070179043,0.5803359816880632,0.15584316014367033,0.038220173455340976,0.006800002915955328,0.0,0.005744013988898708,0.0026401598591485,0.0020164093369221155,0.0010263405064250843,0.0011303698892351866,0.0016219052901689352,0.0021035430250746848,0.002134496507570847,0.0,0.0018858389817348268,0.0016436206605466197,0.0054907894845576816,0.01369053009559533,0.019522912320998703,0.10358858985754778,1.2748324056409106,61.648137908562745,0.0
3.7058823529411766,0.0,0.03154733905704498,0.01749354925970792,0.04198155610707001,0.04828035160350345,0.01948370364112847,0.002197209275028664,0.007385834027820074,0.01268152474032277,0.0,0.007075865680834588,0.006006006972086565,0.0045674940490664576,0.008348285699142822,0.015120141755470882,0.012318683145557754,0.03586432353042442,0.02523992871243551,0.0,0.08248693784311005,0.14953477809583302,0.04964687055971452,0.1632432065379856,0.10230563578398238,0.02244039421619291,0.0041733308523953525,0.003985763214796014,0.0,0.002404772373336314,0.001379099876171564,0.001454722190988597,0.002196859554206698,0.004578643526298494,0.005197001810699416,0.002206829618763435,0.00045782789278155594,0.0,0.000841869918230135,0.0009852047477687813,0.0009984882481576167,0.005381655178726958,0.001478975944694884,0.12362105333442315,3.0887592935679358,6.904065425729188,0.0
3.7205882352941178,0.0,0.017638653882850762,0.014044750172044408,0.005768118002134264,0.005413997676910296,0.021829751908046063,0.019967740775770862,0.010580405892123907,0.004502049609604231,0.0,0.006512346563951523,0.003837170334780429,0.002984774937976862,0.002560055558638567,0.00905349733558113,0.010996169369284605,0.04561428288285317,0.2312479528455102,0.0,0.25792370478514515,0.4505909174849392,0.7364794068731289,0.3336515070108329,0.1283401695559224,0.02358057245950263,0.0019331361619726588,0.001312563691723538,0.0,0.000509498000380077,0.0010420984336992126,0.0020572110467163254,0.0007750935865788984,0.001551517658961416,0.0027129274985116594,0.003767145636134934,0.0018311250005719803,0.0,0.0017552862172087059,0.0020712176221722783,0.0018127187107239062,0.0043788532981811545,0.010913656016449415,0.36485763973448015,3.453233099767738,3.741912331492566,0.0
3.735294117647059,0.0,0.07792071334634373,0.03813644270841491,0.011877800586528228,0.005500971379775157,0.012197807687555927,0.010272770084209794,0.01114942749316294,0.005346265921571695,0.0,0.0065871058818929365,0.0061122928591790604,0.004232456024227914,0.004150827447598758,0.006503302454689379,0.029382222800565752,0.03558343624987711,0.04499401282079268,0.0,0.6086230299385702,1.6363795013755407,1.6154425802697516,0.1508721079725318,0.1456217925496714,0.019746729982570082,0.008275910553535017,0.002862403594091751,0.0,0.0033345198251180227,0.002105872038565485,0.002029703464387592,0.003166887664499629,0.0019102326978970906,0.0012566856877312756,0.0024903487867488335,0.002539252410450856,0.0,0.002041183611898359,0.00084220095018531,0.0013244390706219872,0.005474946142603331,0.027685028942502063,0.006636282985639357,0.8231429507848589,1.8035592148504818,0.0
3.75,0.0,0.04437269154059234,0.006848689703722173,0.0125656492728706,0.006353874712497441,0.0011182200738051198,0.007511037868718476,0.011318234778054175,0.004382949071616581,0.0,0.0030361258141790044,0.004529996299322946,0.0035470212856689456,0.0037701525879109948,0.009560497632644032,0.009538569575721044,0.08098184910004722,0.2619551751338764,0.0,0.027294397176340305,0.11642413012809204,0.2689235868522728,0.4966299102212886,0.8073492324710908,0.04750837238649548,0.0047828241516139494,0.007498469181348182,0.0,0.005524994299157744,0.004639000797881415,0.0033541869092429065,0.0036402044888091648,0.002110106117792516,0.0006134660634377991,0.0016693202389882682,0.005143012349195104,0.0,0.0032925192459230955,0.0019068321754031204,0.0019982447606454526,0.0009923456803350838,0.010782497507497267,0.05260677933829277,1.157788374835199,7.523896951088918,0.0
3.764705882352941,0.0,0.07352750880861927,0.0347597115618323,0.0048888164590315695,0.014603848243850012,0.017452995254583405,0.00723067713598925,0.0031991000769238643,0.00498190264186703,0.0,0.006734371812433645,0.003736436500014663,0.0018378599368189343,0.00983218207508675,0.02919531461025447,0.023739992150511754,0.05954283379415645,0.038361473040308985,0.0,0.03614143177660396,0.6343554969085183,0.6601127169441168,0.33815346876311375,1.5376256130659045,0.14347392169673406,0.005142771183098008,0.0023482748647893565,0.0,0.0019775425418004696,0.002497712772536749,0.003418920601546539,0.0066232133068949706,0.001197113167935897,0.002194930268515752,0.002351324334576675,0.0034142958408043328,0.0,0.003817702096218475,0.0031676856157946995,0.0028438294593457905,0.017162649607331472,0.09780812006246359,0.44352043785128537,3.0438789344293893,27.446234487222867,0.0
3.7794117647058822,0.0,0.03987893800402474,0.008071143957081072,0.0062196546313580915,0.01592537671982571,0.012045887062284223,0.00268365856420355,0.004231139748703587,0.001801800574275434,0.0,0.0019073008038284571,0.004673410134163726,0.0007487766671881723,0.005548079606044683,0.008282416920942616,0.003601740984577816,0.02701957735637795,0.1440101915046633,0.0,0.37070426637156845,0.509241115424983,0.3337007446324326,3.078983898870294,1.4669517564341885,0.09088547202158924,0.005006978810713252,0.001379552718260121,0.0,0.0027698545002833343,0.0015911742035594728,0.0013352358818465315,0.003902158737492635,0.003020655352047239,0.0016093456294756887,0.0012476609580046336,0.0034555241439503076,0.0,0.005062936722873494,0.003722713794144724,0.002641510161750842,0.0011247633520748183,0.01281048149642756,0.08912241011279089,0.5429551117196978,4.770906015019142,0.0
3.7941176470588234,0.0,0.024114051345924557,0.006599606046162198,0.010312161671106287,0.004100423041303138,0.0023010150214156375,0.006413923047545355,0.0025171603294249388,0.0012651790269181211,0.0,0.002113797663035249,0.004355315255511376,0.009615438400987622,0.008865956660639735,0.004960243653009249,0.026406328174607103,0.09319266442410595,0.15782851570304476,0.0,0.16097590471931372,0.32690409515540997,1.4810930254874193,0.5793942131084909,0.020146115290778616,0.006681916385999312,0.027146449844475687,0.009410091723752777,0.0,0.0024875095361195066,0.0013571972531061323,0.0009996418423723725,0.003964048920596834,0.0035747545955966387,0.002176397647137709,0.0006361119435361246,0.0015193135543839754,0.0,0.0013623222093483967,0.0007718696787985484,0.0012722644391813373,0.0042303878522161244,0.003816156179805044,0.012743515365846059,0.23759861233394952,1.9808782855364178,0.0
3.8088235294117645,0.0,0.02585735099585891,0.013540360507603143,0.0031035542678109445,0.010611699526102672,0.007636245370746473,0.014540027124889398,0.013795249590471577,0.0067625500034383555,0.0,0.004655338717342771,0.0015775697657215975,0.003105744498165897,0.0037203896209189466,0.006247663589163703,0.007891152509477532,0.002287834262142351,0.026034787711982012,0.0,0.03974454425450059,0.1307128638945085,0.6101328794780446,0.03015437157623327,0.3750048435628291,0.25227196479249553,0.0322125574032928,0.00231214462868852,0.0,0.001478508427573091,0.0008605516890607382,0.0022758099968412586,0.00421719496642435,0.0018077797721454342,0.0014792175318465032,0.0037566287871609616,0.004379074640525073,0.0,0.002633262311761687,0.0015123114213742269,0.0008907202849655228,0.0011406011934276196,0.004051675374183632,0.020374674159961005,0.9767137246674787,8.382437265449468,0.0
3.8235294117647056,0.0,0.014921759519712427,0.013360668166145293,0.0035743850061961367,0.009979857922116845,0.011561372623468551,0.008555755984676911,0.0035497425925164997,0.0021447638288626526,0.0,0.0018751834162866036,0.005890017424011884,0.003215420824916551,0.0025482229881220427,0.002699942628202836,0.003634246537142604,0.004894759234742675,0.011271631718601679,0.0,0.251967438562202,0.3385106253705079,0.20562719104974864,0.3645717349875569,0.7238718317142467,0.25251388979200773,0.08964762749699476,0.03426479237051909,0.0,0.008615499958755712,0.0013464098664716024,0.0012460849182871965,0.0019953526646047316,0.0027449994150465585,0.0008283579357042298,0.0024209027125982985,0.0027473813659690703,0.0,0.0017821330426571948,0.0030135913691732063,0.004160359853326597,0.0014988078582952539,0.005778557832234665,0.004903920063840168,2.4091272999462108,10.050597428936127,0.0
3.8382352941176467,0.0,0.03697849499204559,0.013207331761918649,0.0062054075929614564,0.006324716784783536,0.007468473177068375,0.006835985344294009,0.0023524320771864354,0.0015123520554833846,0.0,0.006720759377863281,0.006852291912191669,0.006502303982564855,0.0028029587199643836,0.001561115312336718,0.0017077450671014825,0.01546293024143143,0.045193269408605345,0.0,0.252735812906589,0.07795214248972779,0.9979397024619117,4.69897424874927,2.553273032686641,0.04709296014723355,0.06365671970011232,0.013529409901997106,0.0,0.005167632575858557,0.004814009751462357,0.0013642136487978082,0.0015789203081657856,0.0019013096900584495,0.0024236207551264956,0.0011367713328627076,0.0014680519006751314,0.0,0.0023947548631496236,0.0019957603156564377,0.002975915724384842,0.001813780644440318,0.004051936456198374,0.05526731494482852,1.2534557575733927,9.812052030953723,0.0
3.852941176470588,0.0,0.022190851626859798,0.008347012183711304,0.033556212150907885,0.02398232493851293,0.012103540146555122,0.010887980455951523,0.005035513987333902,0.0036435730797836925,0.0,0.009270969801956668,0.006577836832189758,0.006017674112429582,0.0036780791310334015,0.004190013071772996,0.003196060070018379,0.008250760952329104,0.06756282187101892,0.0,0.5117692452462702,1.8849236175920407,1.7788150889225425,0.3993677132737641,0.9522129355329496,0.7161272939102316,0.3583369911291223,0.027319535922679966,0.0,0.005434524974862217,0.0049025607838823915,0.004515484372496694,0.0074439325748429565,0.0029594690321735947,0.0011074092835598663,0.0006362509449046685,0.0010091127119772102,0.0,0.0011547769190882412,0.0006028151945163235,0.0015867037666759565,0.0019421650385937257,0.010930662743938224,0.024309858696036184,0.5222614165448534,2.175689016073669,0.0
3.86764705882353,0.0,0.02933712612818493,0.0189640274455061,0.023491901841379094,0.011516895837882823,0.007871972390308067,0.003459591866620546,0.004640768105675657,0.007548500157961353,0.0,0.004205137999341846,0.003422300460980697,0.0038411075454576685,0.004349020634948497,0.002434203711425078,0.002032191621151118,0.02681226822899167,0.03242055919508399,0.0,0.046275648063433386,0.08051050241859019,0.7420012750979856,1.0928812283280687,0.20068225197359976,0.1014710995425927,0.09648459514171376,0.1596715942985615,0.0,0.039545449459667634,0.009001465516411289,0.00874031256371097,0.0031114120266143596,0.009298656999057069,0.006775223976695025,0.0021626358352197514,0.002444745635081431,0.0,0.001902766154237818,0.0005952070741663885,0.0013533030771924008,0.005509585577113467,0.004560800590547952,0.01564480705445054,0.1559691641093485,0.8369769528207477,0.0
3.882352941176471,0.0,0.018880413956795614,0.022802344749360735,0.013786939681485647,0.010882520892532218,0.02117909530276972,0.01451265628581237,0.002023367489831776,0.013343467572665847,0.0,0.009580878159111796,0.0024791328441733647,0.0007844150949542874,0.002862371745400695,0.010413611406651863,0.018352380171068796,0.010536601996959938,0.05502337606256337,0.0,0.18184421725634128,0.14609191805029892,0.3966900289065868,0.3824821189959431,0.09369244090218157,0.8867472574201516,0.7522073267418572,0.11437027415067917,0.0,0.01970934769264228,0.022326868454402054,0.002681759706716905,0.005360611289077962,0.002886529171917151,0.001989093625931636,0.0020208558144827974,0.001079079543879277,0.0,0.0015042530409497263,0.0012142727783897617,0.0004321383188218708,0.0015351965949188901,0.007476359330557457,0.017910421658475107,0.4593931748783503,1.9646019838152262,0.0
3.897058823529412,0.0,0.04721203997553913,0.01597219586332681,0.008751041787292923,0.010016290405975754,0.009433755877084638,0.004765441969691566,0.007163918856451581,0.005094178867759597,0.0,0.001520872126667872,0.0008689290338132447,0.0018662605620500534,0.0041561829401471784,0.010769138791545455,0.02594844937275543,0.1614708805408431,0.343318559269856,0.0,0.17540151400624154,0.09226042322844301,0.03651143954787973,0.1212206130456942,0.06244240783658861,0.04971956262924268,0.015072167045637472,0.08055971680806803,0.0,0.10230332080859803,0.015346325306548128,0.012786776508535883,0.02619037150607819,0.005439465971750979,0.003757671987643694,0.0017362816298864335,0.002906560868019889,0.0,0.005157369615669229,0.0024881348534436937,0.0017472041851458692,0.000932322714831811,0.007554916854827801,0.01395408579480695,0.06963606867105279,0.9446112443318431,0.0
3.9117647058823533,0.0,0.02724267698877863,0.02353754922584101,0.007138067478643987,0.00432894652873003,0.00480214684366915,0.008079252719296829,0.008866742991549194,0.006375968327758795,0.0,0.0028980131738496817,0.004072392317187793,0.014441696398731088,0.03590643098810385,0.04689948252250434,0.0179889360295981,0.31801340904609954,0.21201833595036484,0.0,0.16127610224553193,0.10486355821695495,0.046121935501053646,0.024025257299005353,0.23716951096900216,0.1839483437184426,0.07821061288390277,0.04903825433061417,0.0,0.07828874994529438,0.044854840297996766,0.025407231767215564,0.07080121858166832,0.04207840712766698,0.004766984838270657,0.0014742168781600698,0.005288982188472379,0.0,0.0023109634603288676,0.00409806429441813,0.005988075511921674,0.011222399714214128,0.01108441966083768,0.0039511764039038165,0.008599068356804145,0.299311852279995,0.0
3.9264705882352944,0.0,0.04209520031268168,0.03403780392224566,0.02109546638607284,0.009036629039998056,0.006859996829586546,0.005443670550738117,0.004741434044832303,0.0063961132926295,0.0,0.0044114620494384495,0.0031810262977304314,0.015023689183813492,0.03584398232724728,0.09049994329977161,0.1390249142844839,0.07472711681253222,0.08607198275820808,0.0,0.05988798663402109,0.010521684567883643,0.005892886786974581,0.15647430344616056,0.1275389790508526,0.01953407780226535,0.05097074521119674,0.06063481172682525,0.0,0.028047990326281948,0.01057535472960771,0.007836193232927816,0.03793739223737787,0.05191386961214312,0.021004572132847926,0.0028683758584235877,0.0064560285829400686,0.0,0.01387596670963543,0.005523975057437958,0.0023444275206180335,0.0021184597505350734,0.007272880386711068,0.0038305767247959477,0.045759176150440076,0.10162834206150796,0.0
3.9411764705882355,0.0,0.015959311339348352,0.014577121958509954,0.013747067611671503,0.01273359702205468,0.006474331852775003,0.005973082119345226,0.005331492764379363,0.0037604794558318347,0.0,0.004505196038864269,0.005115540424038394,0.005163770449896172,0.01159919026814356,0.013126489674453406,0.0051513660912932,0.036482806990396896,0.08282410295228887,0.0,0.2358692597299304,0.14680524372587167,0.019417713343667535,0.07217687045310489,0.20839832123451352,0.06191107804469119,0.011705975296321967,0.004734603061001612,0.0,0.0038939939722703234,0.0019499476871444516,0.0007690153440354035,0.0048834346596756915,0.010693144674950115,0.03007355101442541,0.012411189430721186,0.002391598869084901,0.0,0.002889964762813466,0.009122552212074815,0.001116244935763388,0.00325143988471646,0.0032363436279710367,0.013057724094927683,0.011503778515001228,0.01853457050220511,0.0
3.9558823529411766,0.0,0.019482129673864222,0.03148707005783278,0.026724411209512716,0.00847268164976647,0.0062135428932920105,0.0019280170061356204,0.0031300223529287657,0.002910810949354173,0.0,0.002476130628400878,0.004655669345493496,0.007319537775047654,0.002616942479598327,0.0032332492550151168,0.0392137237982191,0.08220784112648385,0.06186414536705427,0.0,0.06121572407521453,0.43757537639717925,0.501322968827854,0.35056111374939525,0.1741303482718044,0.005224677718559102,0.030445187107562367,0.01260261235603978,0.0,0.006371129645420442,0.004500392979444351,0.004401100462957102,0.003309666097793156,0.003269163873474608,0.009098598183538108,0.010449214302213967,0.009633312170233891,0.0,0.11603545486081909,0.14974473740116587,0.03406401831280641,0.014006133121335619,0.003982848577237682,0.00647294211755266,0.03148474636549086,0.5373556081004439,0.0
3.9705882352941178,0.0,0.019870078239166648,0.035376635434651034,0.022081321564226278,0.003955644204280995,0.009383809130846311,0.007022624097090865,0.004290046157367415,0.002845078786645888,0.0,0.002737882360568043,0.002321326455161179,0.0007507470810194072,0.007891638730503647,0.009196631993071734,0.014514742385875912,0.010722816674356695,0.04661377602773637,0.0,0.2903348783259624,0.2869718103214536,0.5038424760964879,0.6739981829243947,0.2316444258494309,0.07737098060913647,0.021028651377237077,0.005719084324347048,0.0,0.005264169611480342,0.004981379685397135,0.003961971195553701,0.0031233491001680797,0.002428552752094926,0.010036785245316395,0.0075574912766511,0.004704943528670064,0.0,0.2016602514764319,0.24860353598808915,0.03448946756395759,0.04155964278944184,0.03152163902183414,0.005608954543717164,0.021042576844398315,1.8766453523179831,0.0
3.985294117647059,0.0,0.09496388882715703,0.040222367046742986,0.03522790417620929,0.020883670841526862,0.0070218358455254775,0.008824122505576713,0.005036926718446161,0.0037824550437056325,0.0,0.002069792223739948,0.0018534378980511156,0.008367067665337432,0.004522568139177117,0.002508428306966042,0.005966456592176274,0.003698141039789322,0.06470889775948127,0.0,0.014413137651070948,0.14092923314111466,0.0674781926815683,0.09455561241537182,0.15047354444433889,0.03815400812166099,0.007155835163728226,0.008056041790515715,0.0,0.002466302486925032,0.0039950775875202535,0.0013369981184253449,0.0019993032691780297,0.0028504174201145474,0.0022768514589298814,0.00708064793447873,0.03792761075637617,0.0,0.17812375903731123,0.06703623501454331,0.03483748723961873,0.06875938226770774,0.03157868322293499,0.018905045300855808,0.017787049464624363,0.47292615802135585,0.0
4.0,0.0,0.034545468612679084,0.028200754041476313,0.024201377312064835,0.02453634474527276,0.008588361181233269,0.002975445171456324,0.003784778950205487,0.002752797123132649,0.0,0.00449965640179189,0.00899695361009465,0.0055355257895338085,0.0023264325131254664,0.002813316343332187,0.004459728067833181,0.012857764009185296,0.1003857042284845,0.0,0.007812952524547554,0.5439798307073551,0.9531042043444455,0.20854434423090107,0.12859360168337308,0.08510135025916798,0.03368472057747028,0.003085885398061774,0.0,0.008415247730774823,0.006008383619192401,0.0019750080419854545,0.0021677369911623427,0.0054032392563695495,0.002066801870419613,0.0019157158634043401,0.007124244862918365,0.0,0.11174886729630948,0.08289387557338415,0.0019724278481630447,0.007524171396350374,0.003069892831829174,0.004510498395513447,0.10762496641071742,0.22897570675595885,0.0
4.014705882352941,0.0,0.026698030878863296,0.01138416649987101,0.007231240770912506,0.0215641144935623,0.022338668020465927,0.021014815038925563,0.02065268971517632,0.01168638088966551,0.0,0.006513410852225862,0.003135317938479806,0.006719213691853702,0.006157674239505826,0.0033355695314531745,0.024754076969052217,0.06709483634489163,0.09865427720634898,0.0,0.0610515128019282,0.036291597576692966,0.06115147424377523,0.2578313500570517,0.11948647002444676,0.006434413778399874,0.0034632695863704736,0.005665819781320287,0.0,0.006517225363956285,0.006040696939393169,0.0025810517023267376,0.001007583087489648,0.0006717808119924206,0.01171979093874739,0.029654243203517516,0.009078539450488242,0.0,0.07836712133417732,0.06113796071307111,0.010299755476468215,0.030575180553439506,0.014114333215765267,0.03023741810285106,0.053033329364039886,1.077094909891224,0.0
4.029411764705882,0.0,0.013441150231554335,0.03352522320652,0.039585828015029384,0.014596347745548464,0.018423917463284006,0.007958680154538126,0.0033276558077493293,0.00932776231433838,0.0,0.0052213964263779266,0.0005582013926916344,0.0009828604721405668,0.006249841205972518,0.0182358119092999,0.07676527233106847,0.04017287777098291,0.03165956580769398,0.0,0.05475264630526038,0.026995836502809047,0.00964922299217618,0.15407201862366224,0.4742158930604762,0.38525887246673385,0.10869505813033598,0.015636848001254984,0.0,0.0076913504720200684,0.01194630414681792,0.016511709499496985,0.002111305464099651,0.0032903733772125148,0.0056836627662720345,0.004701786546378997,0.010126093928524345,0.0,0.07814922750924805,0.07760582300498636,0.03132183591344641,0.02316409130395821,0.014208099998501356,0.0037351071829233797,0.039426767866571864,0.38934599949364695,0.0
4.044117647058823,0.0,0.056001134569871436,0.023919454122180044,0.009160623332733809,0.011368354251847308,0.013358952185954873,0.010489244294278922,0.0037901133162527526,0.00291719964583084,0.0,0.0064701001588620705,0.004876606254676127,0.0022430871735095383,0.015230044880126251,0.010535401941214481,0.019399013866518933,0.00247532508917867,0.022269945129920053,0.0,0.03193204748291023,0.09595596809193939,0.2907820272855153,0.1641583448135085,0.31032719106762074,1.3738782293897152,1.8697427630856094,4.8627215261319705,0.0,3.167396664688881,0.18977087962542938,0.24636447260486327,0.15665867068931963,0.012738578786233079,0.0002606179527835138,0.0009413925658175171,0.0036133472179308386,0.0,0.001120342938959465,0.014309354058733697,0.005512548120503417,0.00502412873021253,0.002054187521461049,0.0011697115459059267,0.03965760625885462,0.9070021003270641,0.0
4.0588235294117645,0.0,0.007694138191404048,0.00770031249065742,0.008505050308488835,0.00882306574592132,0.005597200826020945,0.004271017067000676,0.004599000404218054,0.0019195978286959026,0.0,0.0029976930199417237,0.0038657590519173266,0.007104160569437619,0.015563958037149866,0.03979638883095122,0.029809940979208915,0.03978839918446747,0.04410297441384775,0.0,0.2005564656468526,0.12354955636153939,0.17956803894034773,0.3364077804653889,2.5457895608706167,9.585315201653932,5.337260693050023,33.37035578248346,0.0,42.34219780603503,33.63674513145175,26.974916968872108,4.011729122233622,0.2977447226507266,0.015788026665578745,0.00541558255002224,0.0024581534392315654,0.0,0.014207974940078149,0.008149488128698479,0.0030547818676719468,0.005260908042414005,0.004191660384830784,0.0011501895378271377,0.025651587803246032,1.0279361222586967,0.0
4.0735294117647065,0.0,0.05610536135772401,0.016424124196662396,0.020868446968799626,0.02233665743332327,0.011739858893519833,0.0070504795565408,0.009963224614821166,0.010536407006151199,0.0,0.008740739048743236,0.003785363619509907,0.0034383847788428644,0.008239852146514558,0.01824206192565666,0.01805424662699948,0.11715028839091113,0.43847426537520784,0.0,2.6659966943139666,4.067567560543166,2.9474366899439035,0.4358049438855502,5.355859936023835,1.589779157731576,5.7208559901111675,4.8596148120345335,0.0,6.0387703062357545,29.67823953283108,27.42703854398961,17.34734347022187,0.8989970130724415,0.6457916974179019,0.19762268557191787,0.01885699188015865,0.0,0.011064052226297829,0.007178940979521457,0.0018144664576256282,0.000886822236246551,0.0021131681308884233,0.008904622564591305,0.09118532588197861,0.6822461066351584,0.0
4.088235294117647,0.0,0.030629469319197116,0.020818687180556072,0.01513020029522747,0.011116616786641022,0.008878830880967884,0.004185758710662478,0.004579727614877196,0.009158463707360075,0.0,0.00678880623944665,0.005422496878600405,0.0027238773281393043,0.007292807009671159,0.022790655447457394,0.1037439381354947,0.05878746659260953,0.5854385682726114,0.0,1.4766687805352823,1.8198153886351436,1.7445291683721933,2.338080311111458,4.729000340620643,2.2435550396061754,4.6080638718824805,8.168654719815109,0.0,7.305066483015729,5.4335367339628,16.3312177988805,20.80566716950125,4.800661010478478,6.846573743726577,1.3217684770956426,0.03638611689757644,0.0,0.022761578981564248,0.021663794478838302,0.0029286626442129727,0.0014821575792009032,0.0007542417706307906,0.006425323579978189,0.13779032849297526,0.25727075612023237,0.0
4.102941176470589,0.0,0.03341386544580148,0.005541307802229629,0.004346366227078149,0.007623785243045055,0.005911732236700275,0.010934967341125423,0.022365593647434383,0.01931020469658682,0.0,0.013253987965083687,0.0038524015793278514,0.005711568224345357,0.026700988663352163,0.05907704370295002,0.09042840683104376,0.10297366458620266,0.1674553865012516,0.0,0.6592585743029655,2.4445757543495485,5.412333531492831,3.19496844369701,2.70820081045166,2.3114885121267497,2.490050358882188,1.6647951190565187,0.0,2.33995243846133,2.6007970014207693,0.7093888267842516,1.0032429171042607,2.6165532015959396,10.41947563515524,2.914640920905806,0.14747576036230442,0.0,0.01597199985260176,0.004418579683044066,0.006886519762358413,0.003452009141433071,0.0014640917888513315,0.009139138127945888,0.028187754015327506,0.11068729368142423,0.0
4.117647058823529,0.0,0.01752601725637006,0.006620302087450692,0.010529241755285804,0.005073553663536659,0.00519361685668481,0.004663054821025486,0.001946437573498676,0.003196500616909962,0.0,0.0013648335953865313,0.0052261992787771515,0.004058316841232375,0.026524223258350507,0.020202779020347887,0.23370826020706922,0.44053043833092975,0.4654426833401173,0.0,0.6285891690176328,0.9088524933151259,3.4176832061625904,4.95668483974529,4.38474655203844,1.10589148313215,0.8630910541563871,2.7277924502321143,0.0,1.9818512738576994,1.2573553110768532,1.1312603107253112,1.6322319161197532,0.9548164607814602,1.4099008236188628,0.4097881568007879,0.2506146503185434,0.0,0.0038876330222683635,0.005196322551479043,0.004228046888542079,0.0034043504790035135,0.008143753889299152,0.008474969899252735,0.09234443898207259,1.5705148603247183,0.0
4.132352941176471,0.0,0.07061288811966514,0.03246217691845393,0.011623853621922099,0.015354321272307543,0.013764082901681508,0.022643038140811186,0.019571395799109142,0.009442797004067222,0.0,0.006734863150108945,0.003016289388159057,0.0024660487805556472,0.0017673785861045876,0.0140070305546152,0.16597464120745337,1.2374277482158496,2.82451403175357,0.0,2.4078885539772936,0.6801988763618413,0.28222688329647594,1.57891519840486,2.6921605096070227,1.34613299870285,2.684806980890069,1.2029408318795665,0.0,0.5046908398902215,0.3839487105786124,0.40009439415823883,0.9986512726445,4.993101789744412,7.428223132933875,1.0110950800725722,0.3098284917566334,0.0,0.06436950296976647,0.011564975633313558,0.0004681474588452062,0.0015493494912080924,0.0006273298069832983,0.0016939673852698874,0.19362828134155272,1.3197590723204264,0.0
4.147058823529411,0.0,0.03061388277461415,0.04931576882658559,0.022202626825254233,0.0034851599447265303,0.009012798125475589,0.010845417971829351,0.009629704018947671,0.004869309343483407,0.0,0.00892396831154094,0.008070463661728474,0.006982734640029715,0.020413069924040732,0.07963724896367631,0.012990312141890274,0.5340241477209874,0.23236779226610782,0.0,1.031156354807854,4.1362845833747865,3.2176646065802306,2.9782818838218907,2.907764670245559,0.561574371026242,0.24131976599336286,0.28799938606300174,0.0,0.33258078033977734,0.05774662221436551,0.07704298195695623,0.426808869999022,7.055824655863185,17.428926658887175,4.049655328619485,0.01893135041430861,0.0,0.036089063662244056,0.012011096547086438,0.005963052796937261,0.006213927204403869,0.0032700308229648986,0.001253123506009409,0.04315767278257676,0.30905948412435735,0.0
4.161764705882353,0.0,0.01726269182503503,0.052428057979171216,0.03562133204903839,0.006757578463445319,0.008591750214558536,0.0072686960423854865,0.002838943548790401,0.0025311471813112513,0.0,0.0036850391009789468,0.008212347264378243,0.023963121682513477,0.012430046531875336,0.09399128902675172,0.040952008826810424,0.03072682386909811,0.8428368226500518,0.0,3.223297768486966,5.847219230298572,4.576602762600875,2.8076399277066297,1.8688233782851058,0.10044742934098265,0.024939119048558916,0.012848557922143136,0.0,0.03517653688627764,0.016041247478542898,0.0182188478746891,0.14988613236310394,3.2619493843479774,8.089624859361532,2.6004730934087625,0.018056181918222475,0.0,0.013075151994150866,0.0035512835332053355,0.0027461204777787483,0.002207070203694645,0.0012307465924231715,0.006660633573951632,0.11717430260347521,0.30745208223181725,0.0
4.1764705882352935,0.0,0.03378969704831741,0.03385801628068878,0.06075047844272066,0.029634134851478294,0.007092078068957789,0.0010893498037514442,0.002645632872670209,0.008423548218371138,0.0,0.01094696394302045,0.0031478193113097844,0.013461806074162322,0.08586053959037196,0.08919620798872997,0.4996886301470328,1.3467457780812613,0.354173174571211,0.0,0.14624681211611656,0.9787325594607079,2.139842874364355,2.957261526754734,3.9751503051286003,0.7889866499449291,0.014224656247862658,0.015891064229952127,0.0,0.0042798502055173045,0.0009813899219675687,0.006470155407195727,0.022464007149158985,0.020004993038659487,0.1579930370112127,0.3254370083562943,0.0295242463872075,0.0,0.022882694206097273,0.0035855666520235707,0.00040191775111934197,0.0015550914544937141,0.0006837483195569149,0.00031132366342280987,0.009877070955501766,0.08390590449285802,0.0
4.1911764705882355,0.0,0.07935656650680312,0.03276248208968667,0.027753262340719103,0.02878809405680595,0.009733417433122175,0.006925857270518662,0.007006161824732944,0.011165764586093715,0.0,0.003594155676052343,0.0068164311286949796,0.011293636822445162,0.0017780212996306463,0.0236012455890078,0.2732571839357023,0.05367783266593627,0.1346240894406054,0.0,0.2539510302705668,0.40835344175602367,0.36836223983373223,1.8558818277418676,4.9838980925076095,1.9324509824024891,0.15554869516959408,0.039183112464890556,0.0,0.007684362495796973,0.0034884397285164428,0.0027889276925778164,0.006458947846614552,0.010930567416934,0.019308514555445265,0.0583237025538367,0.01204563776504011,0.0,0.004148353321657704,0.005729635311553953,0.0015210258786623088,0.0014995346088975175,0.0017160171779859066,0.0037952209944432315,0.009346832149014425,0.12516740956207473,0.0
4.205882352941176,0.0,0.04466656711673617,0.02181429664928925,0.017573590136184928,0.016780457162940316,0.009946686688130438,0.006418835668832258,0.00291009964502617,0.009099961737511288,0.0,0.006452520743976451,0.00977947020612211,0.0024603624385733268,0.01280516297341966,0.019008119606315932,0.14262565742931688,0.2165095618352426,0.22427732607448464,0.0,0.0772345147761987,1.2603496634350213,2.32237465664816,2.3964271582094865,0.8457213089351794,0.313073657331574,0.09236647006691212,0.08220846834633051,0.0,0.013692901671745087,0.004745977299216398,0.0008682747482519698,0.0010225734706455687,0.001125103490897407,0.003173539622389072,0.009078415892119385,0.004201006785251414,0.0,0.00567460179393367,0.005372701288847799,0.002924910697984419,0.002039967487546552,0.0013562067210745473,0.0031297831177054558,0.037861722767842304,0.05252348190412141,0.0
4.220588235294118,0.0,0.041794591740613125,0.019384724067101036,0.012993183528283922,0.0116772179105843,0.010539069064027351,0.00532218934049019,0.005098272304504653,0.004341936188419422,0.0,0.009212662658559431,0.0050975728620308546,0.0036899627056636557,0.0069638402145575685,0.03157920292987084,0.04479038074957287,0.04210334776214368,0.01268325789081489,0.0,0.19077878195268122,0.17407930573889546,0.5080188781372107,1.2841044772996442,0.25357742043443743,0.17604787681028455,0.12177209914219622,0.018422920240316443,0.0,0.006977420581901156,0.006662570135456558,0.0018767823326537054,0.0007345821596550833,0.0015164960429454443,0.0012775044788637016,0.0036605898695014037,0.0025339749094774517,0.0,0.0025685900472344637,0.002413510786104965,0.0017908563868739187,0.0006641599596762304,0.0020875277370500937,0.006440124837145346,0.06445440628735172,1.0286298955055506,0.0
4.235294117647058,0.0,0.038203446868166666,0.01421648248315171,0.023050236273295346,0.017177963121470106,0.003836192810240424,0.0012172969887978952,0.0014061374480250403,0.005121412475376296,0.0,0.007250265161399704,0.005474167562504483,0.004420821809576028,0.0017395509408988739,0.011190860254935374,0.052016937645501804,0.056920186606426636,0.09787971590673583,0.0,0.016966139633931947,0.9101667381114842,2.4880148512444853,2.2143882410331854,0.11685975631990975,0.7559766701620396,0.13533407356026111,0.016375627447755028,0.0,0.006296608912811397,0.002273207720189971,0.0020602310779992417,0.002161632141496593,0.0019710259890662906,0.0016020196874287982,0.0014870484879003958,0.001458805021525717,0.0,0.0004383929956075416,0.0014161988268692298,0.000776675947853853,0.001509332042416895,0.0024736382918705844,0.00866939617814184,0.14101636880619647,1.378360946589372,0.0
4.25,0.0,0.07336479957437644,0.040972776155765826,0.014862905448450531,0.0016534394305017148,0.011442335562952703,0.00513670758978919,0.0033393171147571847,0.005653491782439147,0.0,0.004867992406578172,0.004173041409108996,0.004416124785477401,0.0027230767162812713,0.012029336351463268,0.018784024690113647,0.05686188879691936,0.1845580785278268,0.0,0.18440276931234129,0.43217057718815977,1.0149487936598378,4.818360610934818,5.967849024958685,0.8538930884389005,0.06519817863376355,0.03043485344391617,0.0,0.0206462754291864,0.0017767640573105197,0.0011293707911176208,0.0018775632643207238,0.0024215811978510146,0.0015683333524905356,0.0007164254574325724,0.0010761668105971852,0.0,0.001549021617059561,0.0013097162376283914,0.0019754929220521618,0.0017720612040654801,0.0005705068059045772,0.003899403167465036,0.14281630589327393,1.3541323922524326,0.0
4.264705882352941,0.0,0.06004175208437627,0.03305113673503235,0.012979689237610904,0.010741164291274499,0.010717908481201487,0.004577287557120672,0.0022535341797396825,0.007256229815092663,0.0,0.0063202366170994635,0.0038325582698954977,0.0031818109470108527,0.003887047258402658,0.007108775602951571,0.013682315564640144,0.06765772071859563,0.15354589165201882,0.0,0.14023189048428134,0.40232813935018724,0.054832520075894356,2.5332490797362723,1.845620304455572,0.8555326656891491,0.1921807162035865,0.34941888388044723,0.0,0.13359698679168594,0.020520170804859423,0.010235154750637167,0.004054089696718607,0.0015860021221927546,0.003055714277717724,0.002701747884768126,0.002838333943729283,0.0,0.004171171822659019,0.002704346334042206,0.0013065685791560635,0.0014642824903078736,0.002581523796158539,0.00765816538456386,0.021983375394298673,0.1219628439312522,0.0
4.279411764705882,0.0,0.04701486829109884,0.00447954999027929,0.019969725528022703,0.022168087534960287,0.0040616710726485185,0.0011932692076031478,0.001549026411743663,0.0047394430535214445,0.0,0.010115104855837569,0.010146351592145605,0.0140162033710701,0.014650272200076586,0.0063643476031900875,0.00282912218136877,0.006288009393723607,0.010244837770117985,0.0,0.02049923850730141,0.14009772636970486,2.387470739511054,5.442413517914922,1.893595927807897,0.08043682679512051,0.2861749291010882,0.07160342119053921,0.0,0.02724464526424731,0.007602327153034471,0.005964758529448777,0.003999305590552734,0.0027140692348379936,0.0016880972306543784,0.0009838989576854153,0.0011555113094345012,0.0,0.0006950691959149994,0.0017933376604410594,0.0008987621137257787,0.0012341805199932593,0.0024418380010782946,0.0005124363421100777,0.05460351101777951,0.11494701951100905,0.0
4.294117647058823,0.0,0.08001854098867234,0.011194920016303171,0.0035449126486313083,0.008068506108838809,0.011127145084210557,0.006948275731809024,0.0024116386981919372,0.0036955505129535374,0.0,0.010254345347509039,0.006436450817734007,0.0035047381221964026,0.001930846993903253,0.0009000045640774793,0.004378650706518484,0.0019512471274690365,0.005139608470636077,0.0,0.00426793442375313,0.024750175984071063,0.5424125367404782,0.9492214576202076,0.23033125140414973,0.2675031981741789,0.8252989181687336,0.36006592058854187,0.0,0.05325718436735501,0.021508548240508907,0.013589572143245927,0.0035596885624616173,0.00244116521100099,0.0015088197089816028,0.0014903459639643577,0.0015727130827960546,0.0,0.004693785789917755,0.006938228880833434,0.003927069146606875,0.002610358960072841,0.0024358461426660046,0.003134191611552418,0.16599879401831066,0.4006491745696453,0.0
4.3088235294117645,0.0,0.02675421248900432,0.027010521455351974,0.02849618624935797,0.01458321286126346,0.016912135959618373,0.005969134430758494,0.00168740378172131,0.003350777449692195,0.0,0.004225688168747299,0.004584688687088848,0.003339288851934131,0.0052898076003651175,0.0036786490397712358,0.004685740961376923,0.011210725810520369,0.02284266622005365,0.0,0.0689836621117401,0.023749903166795996,0.600397806602125,0.41006948247152364,0.27507118638516515,0.36282494248001773,0.08383847681413073,0.03069766388072149,0.0,0.023783991144181494,0.00350733799056564,0.0017877717577777224,0.0034813555079526637,0.004243153541611208,0.0007606985650214829,0.001303025255436946,0.003481382137587006,0.0,0.0017079511281566304,0.0016012574970496831,0.0020739911338677483,0.0010817149304887261,0.002720577913601573,0.01681550669619345,0.08892501427071187,0.29526540956975583,0.0
4.323529411764706,0.0,0.08123390597789103,0.021084598497391624,0.008502168358349438,0.0021332161390025723,0.0024639668355785783,0.010172583037592267,0.005246989116284818,0.001685297821929623,0.0,0.0009667765368921163,0.0026490912705019595,0.00319194673197836,0.008261750970951639,0.015271865989885013,0.013018521464010259,0.012301282985045427,0.03698409250194805,0.0,0.006033472362909147,0.42355035719385636,1.429472015775394,1.2145938915786487,0.4948201487650913,0.10363204450140819,0.029186423366972303,0.007322962397592371,0.0,0.0032016649667779514,0.0027410580401197445,0.0009433781142721678,0.0016587330836247915,0.0013405303548485485,0.00249706800478032,0.0006268908944974351,0.0016572657148230688,0.0,0.011933644761575194,0.01767000208427678,0.005456477695109104,0.0011539632909528105,0.0015598174864665329,0.010606200306982543,0.2086359296290158,0.5577962074600717,0.0
4.338235294117647,0.0,0.009502665751711818,0.02265457252274171,0.009406108746042927,0.0036854133614359083,0.0034918978212546995,0.011873946092396703,0.007782583873202289,0.002304299503559226,0.0,0.0031486254513047665,0.0008855892555832892,0.004865985057021283,0.004589490521257038,0.007919350493682578,0.0031334489428438625,0.00678984575675381,0.014968499852939627,0.0,0.015720542439259126,0.05414828851269688,0.22223745163641562,0.5305354440081078,0.6443400666911462,0.2166326936201371,0.011628698366204181,0.02064859422680966,0.0,0.001926396236012786,0.006332345743914033,0.004471661574716604,0.0027179655024017362,0.003093001215649336,0.0006613553102561033,0.0021630763782445384,0.002648681854882602,0.0,0.01243473994246433,0.018802639456788908,0.003475427398924509,0.0011098686544292477,0.0016170133767905886,0.0027711989993547447,0.1576608126658468,0.48158377612069886,0.0
4.352941176470588,0.0,0.022046291693727908,0.006713637599845773,0.006624049184100999,0.0025774277755594233,0.005956743803976252,0.003750630489897002,0.004664587925105465,0.005433232443517785,0.0,0.004657774088747034,0.008244735625192142,0.010051859436730025,0.0048658009545314435,0.005942045232160424,0.0045927265415617,0.020840763915348212,0.0640002518836073,0.0,0.0036218307885611334,0.07104915877727211,0.19439080315705143,0.1713710733962784,0.12621101827649395,0.06905323417272836,0.08183718191664949,0.005247478623915559,0.0,0.008279758258542127,0.004124913337976265,0.0007320167462231483,0.0015231209828420846,0.004320819712539694,0.004247469012956465,0.0011502784781220964,0.002717176827607336,0.0,0.010017775059319523,0.014599963468802839,0.011238675044795669,0.00684546658114096,0.0046949105288620445,0.010735970860883116,0.27360962777997666,5.390117884758226,0.0
4.367647058823529,0.0,0.04402939985752416,0.03211984794826318,0.02436872858613155,0.009192308731214134,0.005785277931962348,0.005470786771099915,0.006948654015604091,0.005289297944224547,0.0,0.00422282738272117,0.0035614308522672247,0.0015660297702079886,0.001673475513990409,0.0022365141447902447,0.003305116530687377,0.0278192383343991,0.08080179889658545,0.0,0.012019023329080622,0.16802612639600725,0.1844667057432796,0.1365466054933857,0.21196788533662086,0.05913445856048426,0.01638881633734839,0.04839949358583068,0.0,0.011204044116393603,0.0011753721545923385,0.003565333242402501,0.008705563883235323,0.006807413884609281,0.0030863590689897344,0.0021391903992904323,0.0021271382683769875,0.0,0.0008838132686269399,0.00207724102336912,0.005485766023490124,0.0017961000478420154,0.00308756052618324,0.023290643575404203,0.19021687312299979,2.61445677171717,0.0
4.38235294117647,0.0,0.05730001043822426,0.04972253611163176,0.03920401547363356,0.011294910688372788,0.004665140164910259,0.004335349448018588,0.006516511051146733,0.004381821196793955,0.0,0.002953238196790868,0.004188923952184389,0.0007343120581405195,0.0016938536628037155,0.0025138219527133226,0.0010399252589121648,0.0016212746052692278,0.001536276829505723,0.0,0.08890120771194712,0.25733999762740845,0.3459577572689659,0.7502320248888845,0.3121088192662872,0.021597624327482898,0.020376565383967985,0.023405463248341748,0.0,0.0013189927688823317,0.0037973474186769993,0.0007938273548141561,0.00040622343526674424,0.0018756241678965536,0.0023798483337499274,0.0013279278049916291,0.005042468208384736,0.0,0.005254601820078596,0.002535723466050739,0.0034923040847677144,0.002592268565254164,0.0010039744343581852,0.003483702525659906,0.11063162574883183,0.33446413495968064,0.0
4.397058823529411,0.0,0.015721374830220496,0.023514288883697467,0.006967686318275941,0.006088421300880368,0.009033737034329439,0.005239751141009793,0.0043714363363933735,0.007420018911885725,0.0,0.00636452527863627,0.002366791634790688,0.005449033250910026,0.007932211579360016,0.0025036104932229016,0.009314142850744127,0.017332475962234164,0.06873512317568775,0.0,0.015479043064840029,0.17692433750085845,0.5333057355232935,0.38612654761823995,0.07639656044502313,0.0021220164374487725,0.004766065969426157,0.00829810051492101,0.0,0.0012848714025897028,0.003985386221865429,0.0033222494670847535,0.0015111759613978214,0.0004713676032288992,0.0010044944772326708,0.0018647591688946577,0.001887567900556864,0.0,0.003412759452186364,0.0032145828646471387,0.003341199730598862,0.0032034816377184984,0.003479260940950227,0.003649022096072847,0.05820767174398257,0.8078923812677399,0.0
4.411764705882352,0.0,0.04655812436679413,0.020005316386045257,0.02312758040453801,0.011749104450744105,0.00516618818875135,0.005804897679101067,0.005453784558079757,0.00652524809940756,0.0,0.009922259049602023,0.009434457913991135,0.0016713254931372675,0.002501541171938189,0.013957529127077047,0.011323948190051353,0.04755787683003753,0.06748455626792542,0.0,0.02206000090047866,0.21588550077561586,0.07493211985316173,0.14297771803916115,0.10274415056511638,0.03339697211503493,0.007920752285693246,0.0029691457992500944,0.0,0.004553518789572249,0.005008969999042485,0.0006816381087399034,0.0007372936287385078,0.0005658682708649947,0.0018142196263257258,0.0023917756194925966,0.003326822350967234,0.0,0.005202125863372224,0.0013796367840437787,0.0013872209469151311,0.0026800087479569024,0.003043152702979811,0.009458804112667241,0.043002870323585116,0.25986252150550676,0.0
4.426470588235294,0.0,0.02681528550656135,0.012483596240696254,0.014258684046653317,0.004147065430253758,0.004393056495965567,0.004145239341841256,0.005069151209253745,0.0019041480578627554,0.0,0.0026974100713279664,0.007749331805640826,0.003955182713083566,0.005448888103183483,0.010847073658075778,0.01962237585120781,0.10163741916707077,0.22399488080267366,0.0,0.04678415695793359,0.035980560231900924,0.39939778144970783,0.27264768843269443,0.05764151782392893,0.05778980570602833,0.011082273505586769,0.004260147639583044,0.0,0.006035266000035872,0.003940764410451047,0.0018236330708633311,0.0020306809712333264,0.0021852810319262714,0.002698998517612022,0.0016010383239454503,0.0027830866259748654,0.0,0.0033681870858924454,0.006676213862801862,0.005418793046168597,0.0020051714779597976,0.0010115328142629464,0.004982095558006537,0.045229971195812554,0.259575875873688,0.0
4.4411764705882355,0.0,0.03871396692645004,0.009202441464473686,0.023072032350444256,0.01420293450482488,0.0032332068223696812,0.0027518757535141924,0.0034531215476395543,0.00281250761919692,0.0,0.008382868095363556,0.010946037419798738,0.011561921868576916,0.010402944119218778,0.004973651545154181,0.004355809767492724,0.0024658468853522293,0.05458214669564801,0.0,0.034078334480302154,0.2378848235893335,0.07789996342366066,0.0859190334927444,0.09981896072784288,0.0043260882850635965,0.01637399880042934,0.01693505369589072,0.0,0.007588283749681338,0.0029064486855760155,0.005173919400465273,0.0032053506757897692,0.003201829661798627,0.003802372395208374,0.0017217742758288742,0.010041595898192875,0.0,0.01675475970171807,0.009648093849114886,0.0048031637156709574,0.0012705231151874268,0.0026475444307055185,0.014825702835926088,0.1115466845956519,0.15967634668610303,0.0
4.455882352941177,0.0,0.03954315146953865,0.02906059648219868,0.01156879390915606,0.004753996168677629,0.010502218216953917,0.00283088804421324,0.001414283014900842,0.00215084538782706,0.0,0.003541203617795608,0.004663080552548113,0.0031180290595208496,0.005575375596366349,0.00453597391265913,0.028261185725375736,0.05468562778043587,0.010319695816765572,0.0,0.2272347870701263,0.6256810432097357,0.43065483627307566,0.14423053502720923,0.0735088996481365,0.021684975135967004,0.002441511909798702,0.0011076298937380481,0.0,0.0011349842026647898,0.002023592486844576,0.001334047545687145,0.00216647900566037,0.0014702917498830505,0.0007993201451997086,0.0020306047625224142,0.0030292022803980866,0.0,0.027856411768916654,0.039147662105022234,0.012966032478332631,0.003495388416481643,0.003029482422106241,0.0005459321807389653,0.013679607741519993,0.2661220955163815,0.0
4.470588235294118,0.0,0.024765499219936354,0.04816369558405249,0.009889684158194696,0.011328785603770266,0.01093370336666638,0.006704032268939919,0.006287523138718986,0.008950403103474194,0.0,0.007552926792418197,0.004601602849065447,0.006103564771949276,0.0031592148393685474,0.009404139345504301,0.010650067572951408,0.008144709054762797,0.012890576474938329,0.0,0.0961826858496812,0.1173796750907055,0.04060359231519103,0.006263815865950007,0.013694512165547103,0.009730675313967731,0.005476680797130621,0.0015930318023524217,0.0,0.003304491885487821,0.0010641304099665452,0.004939615690392614,0.003108584961716072,0.006438460550336582,0.0035073762892937066,0.0023636143655082335,0.024008442691293857,0.0,0.056134037172829554,0.005903198374465624,0.004050038962549868,0.0011661746214604544,0.0019927202314143607,0.007362439889846281,0.072987245543191,0.5409627596586534,0.0
4.485294117647059,0.0,0.05063032065654075,0.048077053652537144,0.019479805735504598,0.0018370398465530745,0.0022326107975472577,0.0019083828697190927,0.005993753986992385,0.005739046000746062,0.0,0.002197280744591013,0.003013421501263445,0.006090194857416838,0.007397400629653781,0.002454580440957582,0.007730930725032977,0.02469831053554935,0.009347723948031246,0.0,0.027379101927776744,0.06628763408788997,0.011994808006463317,0.031631039361491725,0.0052496374737357855,0.011384273035968598,0.029306421879893053,0.04783899173542672,0.0,0.24292097886642758,0.442914614822179,0.24937988464727232,0.051524019412202686,0.010024720463911903,0.0030288099227370616,0.009114165248660155,0.014894715397066237,0.0,0.02110186252013231,0.008963173149871549,0.0013535372109484474,0.002765123362123839,0.0026837325361739385,0.004051278288213189,0.08904310600950477,1.1744422228958218,0.0
4.5,0.0,0.04494760616708883,0.027503913110265836,0.02250523479386185,0.01941802410791905,0.009375612452270752,0.006262650845049848,0.0029035224008281744,0.0046327473716645815,0.0,0.013784369419407735,0.00768036790770861,0.001010208581267865,0.001564469704192438,0.005368202515083705,0.011498349021536052,0.006432083901532202,0.014683634944620806,0.0,0.0126515457571232,0.0023999355844498576,0.03419635386190127,0.0934808111524069,0.056202451144814446,0.006419189455120559,0.005412441814881463,0.018381967950225234,0.0,0.0381610106131113,0.031687878519298725,0.0038584058264624272,0.0070890397989815885,0.003321415760808464,0.00406578431158642,0.003136264176772408,0.0017146177343633623,0.0,0.013425491115237786,0.006894627628048023,0.0025566114341589326,0.001499285999252959,0.0034689058604785205,0.015363267849590528,0.029613937265319863,0.8428876668571186,0.0
4.514705882352941,0.0,0.019908770724685405,0.007504213738245891,0.010980939360246909,0.009386533905762658,0.005338622620524354,0.00412709471364147,0.005298708062833061,0.007027892620644442,0.0,0.00927078480829191,0.007965643945132345,0.005108620071622301,0.005133195525392164,0.004587995648647513,0.002214844515873865,0.00799244780900789,0.018854406447598938,0.0,0.03938971015012375,0.08987033135489556,0.05830162999881659,0.009221778557439594,0.015723196183507513,0.017808526582448827,0.0075983563124532635,0.0035275800677296693,0.0,0.003387249066941382,0.007234936234566107,0.004559508576772448,0.0043575222154660425,0.0053393382589322965,0.007210019683687443,0.0035424127985198544,0.010832763133518112,0.0,0.013650061187332467,0.004575763171190744,0.0035428608936006606,0.01350244811169313,0.001886850734490145,0.007436056695450409,0.14217540905766224,0.9079205785992863,0.0
4.529411764705882,0.0,0.030804090951744342,0.008208441576665972,0.016169325027479038,0.014164633012211532,0.016608711148322026,0.003932272121123706,0.004124051617836706,0.007040117777275921,0.0,0.01126360511200868,0.00571171905701283,0.0033466463851080995,0.009218586004324894,0.0066182436174089245,0.013861814823926288,0.011784394146787704,0.00550908708589984,0.0,0.01410609851568607,0.027915890972735016,0.027312176493822136,0.01910451993785206,0.006736395152090405,0.014050530508079537,0.008604481712227503,0.0014660193850367731,0.0,0.000846020985673223,0.0015804053682613442,0.002707905530030137,0.0017421319407201047,0.001708052339970157,0.0018945783292768025,0.000560806379127288,0.004668336116370089,0.0,0.0028231715841008634,0.0016654847805487975,0.005331977282247232,0.0026516421135307213,0.0006472513154435699,0.0020261831839174815,0.00556214809899629,0.5001666781827756,0.0
4.544117647058823,0.0,0.022638777817612973,0.01136932383363097,0.010811190026660124,0.009425888995549843,0.0046967549757679465,0.003609058715444003,0.004861656894271345,0.015519615903178687,0.0,0.0091669821667026,0.0030101891742164606,0.00469745186150852,0.004484045941282682,0.006910745352225511,0.005595916527579238,0.0024826765852272135,0.01510950082202464,0.0,0.012941097574582928,0.029901841314127292,0.023698642403655202,0.021990369279899127,0.019204023522681968,0.004816234318096016,0.007308185099984111,0.0032531541379447067,0.0,0.002584120245520833,0.0012520096319722398,0.0007549285802003955,0.00280236174808205,0.0013924501813488371,0.0010794727752215878,0.0036894229438133113,0.0025892177342804017,0.0,0.0002740853529047807,0.0021808454434839937,0.0042212011259076445,0.0009506051571488488,0.0023610467441601874,0.00424959010768204,0.01334003792373814,0.21071535504804284,0.0
4.5588235294117645,0.0,0.01426410403133654,0.04495844062159663,0.019721398901978916,0.009648989957985103,0.017284506649203567,0.018533312004376707,0.012543763061690996,0.0021189647106858635,0.0,0.0029025490637087036,0.002030761382724412,0.0031868643855922705,0.0021740710892059773,0.010452477594872986,0.014961991731635598,0.007527995562656629,0.007780704120435252,0.0,0.004083109634672402,0.042255736949262795,0.06035904552516133,0.03987590280987998,0.019481276493415408,0.0020668998316571733,0.003025664396397015,0.0016032413236302472,0.0,0.003051276321094953,0.0009498126033720422,0.0033105380836232013,0.0024450157322501065,0.0003635108215898592,0.0021772651453556037,0.005836337230183679,0.0034828256766038512,0.0,0.001823865062730315,0.0010972124948316656,0.0006096303461375948,0.0015131796871758925,0.0015690561394736049,0.0032754185744187266,0.005778433528466049,0.06812470922988936,0.0
4.573529411764706,0.0,0.060126387700526335,0.040105801300126635,0.02374226870625127,0.0050785134434649035,0.0018796687973615073,0.004489499205080644,0.0038085094006282405,0.004495821866525851,0.0,0.006022214445238522,0.003936856119984453,0.0034979415373433834,0.0036192706683522953,0.006623319832982123,0.002022992190546938,0.011973384947267225,0.02084024717332257,0.0,0.004531253173862521,0.004980616941486039,0.03828390887273229,0.05689105529503839,0.012708274049923252,0.005996771692645788,0.006892467473634712,0.0008769409478153144,0.0,0.0013524976911669672,0.0020535673033001355,0.0022190299940649393,0.0020648728307126026,0.005267109091498414,0.0016160120040669898,0.0004778080026263601,0.0028043232894216018,0.0,0.00670323918218162,0.010446560977849323,0.007202503849237114,0.001493908076052249,0.0017653224440402774,0.00662305117282944,0.006125725863737087,0.06783095510715911,0.0
4.588235294117647,0.0,0.02885393065330373,0.034152960433352,0.024189006001048258,0.013335097494157497,0.003581460837468728,0.005244408076674329,0.0034254327103452136,0.004738365239594068,0.0,0.0039783572540049265,0.0041039751201970434,0.0028135791091836457,0.006688831795084307,0.014050708303550645,0.006174710117360567,0.003273253742496768,0.021654543004141536,0.0,0.03214265340591651,0.015770583688198708,0.020512476656489254,0.07226054546397276,0.015498909146568917,0.007057059501518697,0.003584664801246527,0.002159903466916162,0.0,0.002697236201920591,0.002525171582868241,0.0019697485948284186,0.0012277126724344388,0.0018670134341652839,0.004573323187706754,0.00443880306114902,0.003253498440839046,0.0,0.001995471959272953,0.001791592566918713,0.003839146903742468,0.006908616193258595,0.0069657486303324415,0.004899694963408375,0.007415166646142293,0.05525999711044308,0.0
4.602941176470588,0.0,0.021908550304762527,0.02993953523204224,0.012992709722589826,0.004426878792938016,0.011653028578402828,0.012638697967483013,0.0028706821176020174,0.013302921559662215,0.0,0.018077640921067655,0.022331765830864884,0.009645599186639663,0.0015732126474877015,0.0026749900029053426,0.010013721011048438,0.00916664911042257,0.023940437905522763,0.0,0.014796493179108004,0.006245363867692062,0.013578378606843392,0.02393366657635515,0.04670943629853163,0.002744951730158937,0.0015381428829225744,0.0023682348153436254,0.0,0.0020580424540302396,0.0010193781170984057,0.003452320079033201,0.001503738749321788,0.0023187371257238493,0.0022439033238436674,0.0018704578960120856,0.002946044761450533,0.0,0.0016921984672095187,0.0017115484484210904,0.0033454454745566694,0.0027104179160743016,0.0029839564626871805,0.002711485956271049,0.023604283807429002,0.22467099522127604,0.0
4.61764705882353,0.0,0.016698227415900962,0.015247254830000272,0.016024630011495386,0.007028447766443784,0.008239927070963101,0.012468387972218931,0.0054487717281670916,0.0021864720411508163,0.0,0.0036812850007386655,0.00215777421875358,0.0013180192085377922,0.004640447822411361,0.0021717938117033044,0.0023231454330311305,0.004843417215865363,0.005754134566181247,0.0,0.005719657779427401,0.006444824591623334,0.0420960395576874,0.06040909035842899,0.02046696180860546,0.0024915664821473322,0.0021147769265805654,0.0022245356292338514,0.0,0.0027037100006161007,0.0026199314894862985,0.003083196041713858,0.004758421701572686,0.0024621038711332677,0.0011117864859484328,0.0026448740970704183,0.0026867405755975735,0.0,0.0028214881551612654,0.0014805674401618752,0.0018726938223235922,0.0006774560514231873,0.0027637718989628607,0.0028691207865068034,0.009723976102103547,0.356527541647789,0.0
4.632352941176471,0.0,0.022127708813679155,0.017307964705198707,0.015537378953238166,0.021277779022276355,0.01035212980884261,0.002468473142430369,0.0008746587724155672,0.004171822941514115,0.0,0.00514151815130081,0.0025539381498444914,0.002962002061843435,0.001319914063331208,0.0032969502478270058,0.00965929546372608,0.015434047751150145,0.01972016462687669,0.0,0.028694744279578258,0.05790460517760247,0.03425030115123438,0.015769357676594205,0.011166473310802344,0.0043623834684081726,0.0026239423194304515,0.0035047844502779854,0.0,0.002303667668853152,0.001986867772811012,0.001185434655985542,0.0012629971303310225,0.0009178462063877977,0.0013560470660400135,0.001657108736959657,0.0037454056773628514,0.0,0.0067575529702661365,0.0037050850028974187,0.0008484553785873055,0.0028366989008622137,0.004214335833915928,0.002125237160123084,0.016954775627227216,0.3574715479019851,0.0
4.647058823529412,0.0,0.04808922880888808,0.022249254182884357,0.02132682604344231,0.010356908421695971,0.004478710526476557,0.0024702045219699128,0.0074431556088303,0.008969762516459315,0.0,0.004692809919066368,0.006447306189348957,0.006080826526984193,0.009416784364033303,0.01089639725519554,0.0014164978870124586,0.009616973646124556,0.010934067031607955,0.0,0.024543932857871528,0.0278992633146272,0.0064629360975265015,0.012236463650709559,0.001911442144693059,0.0031574184882220413,0.0025852554809468347,0.0012149457446108155,0.0,0.0024556233304700134,0.001787547719910583,0.001484592338739096,0.0011366996775740658,0.0017141879808586658,0.0010751911387298116,0.001988582876697151,0.001985945507373344,0.0,0.002118824985879845,0.004747635929518371,0.0024400082493539667,0.0009200343505434088,0.0006772734083712542,0.0033205796669034376,0.001706266049889021,0.07251921021831717,0.0
4.661764705882353,0.0,0.024122019261904278,0.013843430897978043,0.009818330335659908,0.010711570322501005,0.005959782455695672,0.007281586876007016,0.00599126521719944,0.006761634758255184,0.0,0.0018598801947781341,0.0029435840503693623,0.00434549521895284,0.003171404119999442,0.008016464415476213,0.02200551504110021,0.00253989729154136,0.0029679164315785517,0.0,0.0025478248403121642,0.012724409585079175,0.0035585603586422644,0.04306770007396596,0.05019913131015913,0.006166679697986197,0.0071208724484251255,0.0004656606972863937,0.0,0.0014018628315676147,0.0013671487854334287,0.0019052987541031737,0.0013257602815269635,0.0012056536359109772,0.0012183490435836363,0.0015751494023168871,0.0047111027652069586,0.0,0.001928688430474181,0.004657061862200582,0.0037013223276171343,0.001790979019161237,0.0005947083220926877,0.0021886679284292224,0.027451776038912155,0.20987421184625332,0.0
4.676470588235294,0.0,0.013967641118031962,0.011264953758958656,0.003616817684349738,0.019954509359708758,0.025120875126302067,0.007708956274166558,0.005085983271505689,0.004392351657710371,0.0,0.006278508744112995,0.004203843151856922,0.0025192528313178007,0.007628597945460567,0.010459592823766574,0.008744485666393895,0.014477500387201693,0.026942207960285174,0.0,0.02590612124180206,0.019159563210649593,0.01790153218318004,0.08165832502260176,0.05403457871158538,0.008925472828144144,0.002017732714567937,0.0010506144685055335,0.0,0.0019245653091190325,0.0032064986800266677,0.0032473326779467165,0.0011455340102269997,0.0004964710382584802,0.0013684416037761703,0.002228104780347266,0.0020558582257340897,0.0,0.0009395529021753186,0.0007134608107590398,0.0014143392462640922,0.0008546315380781686,0.0014639288985621385,0.00446605413304055,0.015537746863465499,0.04284356949731378,0.0
4.6911764705882355,0.0,0.053708025078051905,0.026473715638422622,0.01746701136357837,0.01667669332937782,0.016952596803724518,0.015175228636776408,0.0030768878003517033,0.004217819097164034,0.0,0.003721723562546964,0.0021909294335870685,0.0010488770122160627,0.00040697219736107054,0.0036964843553053107,0.002121204370258563,0.0027720116594111225,0.0017828659047651471,0.0,0.004427260333500897,0.007900804059025723,0.000892766192327077,0.011487954369369212,0.022591568868232485,0.01054775122926339,0.0068827281037121685,0.004448529901543317,0.0,0.0030154641262148067,0.0037151669185912445,0.0034194225447527608,0.001866620109478267,0.0008203264548710916,0.0001707715539709974,0.002093934378783042,0.0043611539460178695,0.0,0.0023899288587499326,0.001105748792405928,0.000740998863319947,0.0010186954349652045,0.0008323859607034314,0.003447353557196142,0.012919098484162509,0.025208153035336467,0.0
4.705882352941177,0.0,0.0493417045337514,0.02183834879427575,0.012566356785395985,0.007982401905008844,0.007695451910294896,0.009272658293807797,0.012717290754843825,0.011158621221698814,0.0,0.002694587889082285,0.002499463765781328,0.006812603243174053,0.0051643244894079956,0.0009227977837022572,0.0025637443416505618,0.011177618486081385,0.007195325658487168,0.0,0.004109911593584722,0.003548898311859997,0.021538922142879523,0.05232565448242664,0.07500977499806692,0.04173900272281104,0.003441481242071719,0.0007585533379236108,0.0,0.0003957217651283738,0.001173136506749311,0.002439097948191738,0.0009103136263565652,0.0011989158369648258,0.0007129233279132111,0.0016086710092509057,0.002184766664659709,0.0,0.0007567372192127077,0.0017001834065646332,0.002397774781153612,0.001792115113266628,0.002505729324450298,0.0015964580966333244,0.007064495027691235,0.1646036890794594,0.0
4.720588235294118,0.0,0.06028335451559058,0.008878166793990564,0.020498068028682728,0.015395503037586047,0.00957818851498607,0.006466855674076003,0.004584384242514037,0.009155971242935561,0.0,0.00868462105988771,0.003578814326004021,0.002395757819653857,0.0060855316602529495,0.0029220922627860094,0.0035168309639007204,0.007265852468697111,0.010624419461655873,0.0,0.006465221426663802,0.03526143188095089,0.02763123837798783,0.0193061455667176,0.02500175092313589,0.033228829932264406,0.020886319245634326,0.007780158606782961,0.0,0.0022134174545454426,0.001520323193864733,0.0013074739726857106,0.0030148401260572297,0.0015277103906406375,0.0008088940626626618,0.0021828313243113595,0.00411909903993168,0.0,0.002832745240489507,0.0026090446813609265,0.0016874029476716735,0.0012033866012196323,0.0007142898997265331,0.0027327697203418143,0.025952924189866867,0.058257567794311536,0.0
4.735294117647059,0.0,0.016725085411587386,0.01837946580116421,0.02513697872037136,0.011109067006360263,0.0019119861410531078,0.0008326114189158797,0.001901101560360365,0.0076987273837064866,0.0,0.008392998032322891,0.0010360400776929736,0.0011176639218088754,0.006308267829893576,0.004822073399045244,0.003032261153393562,0.0030155341578127375,0.004907069799593336,0.0,0.002813887684072158,0.022845660603818645,0.053633925808688046,0.0802176411726766,0.09548394874753746,0.013008287497045412,0.004866915716007968,0.005016335241461662,0.0,0.0032226074214936297,0.00472655337439042,0.0028487886746855723,0.002821764687027909,0.002682002181011246,0.0007613401090432669,0.0012439344125147636,0.0007244246338656669,0.0,0.003570316213757447,0.00341144431703436,0.0016291090887604813,0.0033231084133566076,0.0028007489031289822,0.004298387735217061,0.046347110693385256,0.13943506122813687,0.0
4.75,0.0,0.0552490198950886,0.005232820788275014,0.024886702581592184,0.014338670124650111,0.005593269073213024,0.007355115201270152,0.009473137364968052,0.008461944912496227,0.0,0.00357793539914394,0.0038456885629896483,0.010015655743820661,0.004771258600670666,0.0037682077195528426,0.005313671169438907,0.006554501644966829,0.0029895281203461068,0.0,0.016449610812338467,0.023723716291655234,0.02691581447099122,0.11899372080511286,0.24313582953411036,0.03877901475301331,0.036440335717400935,0.03290882112991629,0.0,0.020066511068236648,0.01769858920914083,0.005468517034052799,0.001453618107889475,0.002042625882350262,0.002693741831250811,0.0008973412251186191,0.002514439155459704,0.0,0.004846240920774899,0.0035113873286434206,0.001754205159421292,0.0009451855904039114,0.001592494177323802,0.0024928675525267997,0.039087995681772236,0.1951655066796411,0.0
4.764705882352941,0.0,0.006304334289516499,0.031166688078087992,0.012360687112445373,0.01119693878481092,0.01867356365409878,0.00902374246307873,0.0023202651591507114,0.003408078730713534,0.0,0.002554800267776056,0.0039494861202176955,0.005299873127225963,0.0022973357292342183,0.006307643765099382,0.003384784288849755,0.005664081847081776,0.008649103872866016,0.0,0.022518731686334868,0.019579052847980595,0.0665088941145911,0.32570198704468195,0.8828224832328457,0.6584565511636127,0.5778699907827813,0.8580527898463659,0.0,0.9384662295512245,0.3343637318355597,0.004053095183901727,0.014249193689285105,0.004341293723967893,0.001342188679981269,0.001378530887356678,0.0016346493801301706,0.0,0.0013236206705327714,0.0011854422013776145,0.0019161289646329894,0.0030621733690360513,0.001759874773482042,0.007096103353249545,0.08816872743034848,0.6693262151949286,0.0
4.779411764705882,0.0,0.05360523262517247,0.011929015379888675,0.005693138515064134,0.0054575920855515995,0.003883260553502454,0.0020356780654211303,0.005453648725410603,0.009030009072786092,0.0,0.003738795841986066,0.0026861739801041845,0.003487172564908353,0.0025233765877326992,0.005868668905170744,0.0207553030658708,0.05667568285588962,0.04053070557260799,0.0,0.11267667681551016,0.4910492537056416,0.5221339967170866,0.5257910770372958,0.22279594653137652,0.4164213456443979,0.19457594713585846,0.0160852860919412,0.0,0.2953226442627988,0.8710475589944985,0.20548670689073575,0.005311704324266819,0.0053443962636703845,0.0011439232894142088,0.001388305713446914,0.0008891492094410202,0.0,0.0004662937782512773,0.0010035978618226004,0.001035831038868314,0.0016487151217742149,0.0021983183157267714,0.001192805096038887,0.11447568273883352,0.2649404250893127,0.0
4.794117647058823,0.0,0.059521357742640675,0.028603055155205365,0.020620742618372056,0.0037322212720503904,0.005260823330170751,0.005524250197676271,0.006527880606564842,0.010885138779853112,0.0,0.004361317701521918,0.003099800697717622,0.003510795601463319,0.002114705815477345,0.004666736374464881,0.01283050065680334,0.10631722783217841,0.2520051686218966,0.0,0.34679411827465456,0.9406580765405579,1.7102434825671846,1.0189827478136528,1.1206126894310613,0.21574205264061916,0.3856929160962223,0.9332817097546071,0.0,1.1325752461775205,1.233111478914688,0.7713452265815297,0.17388737970587675,0.06922106483311813,0.007811058686790665,0.002540251798690161,0.0028067485111610445,0.0,0.004045450940684957,0.0011000762163537099,0.0020673602429806467,0.0026675723746985916,0.004057319452641283,0.0074671808729114605,0.016981681699187075,0.16409651825805194,0.0
4.8088235294117645,0.0,0.03700403768003695,0.008649958675480612,0.0029057391482801343,0.008110088058581441,0.00403744044902476,0.003134602768593883,0.014495641005015956,0.011583285008975562,0.0,0.0019844370374103725,0.00175844159296499,0.004902166226303752,0.011019995922493874,0.009993778363306543,0.018189089244127047,0.1725845626547235,0.4471668784683952,0.0,0.5669529766918304,0.5824749098008741,1.7951778593099603,0.44192605627548776,0.2480128676712065,0.06901446965765184,0.40506555719987597,0.25172405031339407,0.0,0.18990875608675023,0.3817198756639715,0.489893179148294,0.21895154951046156,0.07876887938295023,0.04570438570221529,0.11877158051969931,0.018511833947399733,0.0,0.001504571226094417,0.002367137138555956,0.001459888203088759,0.00030222431268489227,0.0010979417730112612,0.0012689931946069473,0.01537848111037038,0.11939562253241703,0.0
4.8235294117647065,0.0,0.05905527037220123,0.01059329956133218,0.01684565946284996,0.022846721448008027,0.012138483179452408,0.007129488792199374,0.010613158214358171,0.004645563508642334,0.0,0.006568687860046591,0.0054656720296656905,0.0044912349359821895,0.008980985383491073,0.010421823053488186,0.0035600566012295503,0.283750269100898,0.6326305201595634,0.0,4.9343607502499625,2.202962514279994,0.6159339389045846,1.002969389097725,2.5964112891868956,0.6446789802863551,0.5435575342200413,0.5627761136648568,0.0,2.0140961169360336,3.597321704857168,1.384491871482557,0.24848081489994656,0.33520553409230275,2.0184801290370324,1.4789874874683766,0.08511641129814418,0.0,0.008530300184103968,0.0026070512336695,0.0005489308308265487,0.001518332804992207,0.001450448116230386,0.0042554522981805894,0.020665050258514953,0.18236729133827556,0.0
4.838235294117647,0.0,0.030937942631495886,0.02114630471064739,0.01762527838809516,0.007635796863885714,0.0014018833154133465,0.010211315485485015,0.012339379941349657,0.006282597258360048,0.0,0.01101497975850612,0.0041554741963098964,0.056741056570329615,0.24523972819471757,0.3569756936761106,1.1679826047438646,3.2113599268482003,2.9328097488406595,0.0,3.7590677309472085,3.376377611183689,0.39447128040852175,1.1090251627928445,1.1759143762478994,0.38076244441246226,1.260814280117774,2.462813963082737,0.0,0.33422768027399213,1.3186170093645933,1.1232952526775921,0.11105165563809513,0.15907785814598574,2.2799122311366142,1.6397508709719366,0.07453976432922471,0.0,0.001787729582666099,0.001077145781665404,0.0036445780552453516,0.002673628473139765,0.004324522418944718,0.014071634633000372,0.13099641172850407,0.5985911982338148,0.0
4.852941176470589,0.0,0.11298844378691354,0.04651594765967171,0.025162892957369946,0.014090453686133677,0.005093480750528879,0.002663669494174209,0.005646572036299178,0.008352238519990177,0.0,0.005625578715509242,0.007904983220449364,0.011478140855513505,0.008410975839810316,0.02723707645132356,0.07557894897377486,0.2550188911639969,0.19220877368390693,0.0,0.5234858581726028,0.098941623521772,0.40450108933116624,0.9291897016647968,0.661079661618614,0.13927407648709317,0.20867821419197663,0.09303920895028603,0.0,1.1258396029671807,0.983447874726803,0.020767793197621544,0.09199925949860582,0.17510627521514432,0.9388745298727634,0.46189631692508937,0.008578334734425175,0.0,0.005566042512874706,0.013642595113759091,0.006839896517062038,0.006277324942295829,0.004520968036912767,0.008739874186816463,0.1415866958060764,0.48796910890185285,0.0
4.867647058823529,0.0,0.033191218667269165,0.014390464850170218,0.013736126519664575,0.007370171078326968,0.01016002975310783,0.013362076628765212,0.005732360107339232,0.0016462106241099035,0.0,0.0036416962115737523,0.006934460610912735,0.00667443118677428,0.024978844039375454,0.04960512084781118,0.043244835369606306,0.24257520523073897,1.2479200185865715,0.0,1.0495153252459983,0.17165659944171333,0.11702377506216449,0.8846963459965709,2.2238595251640128,1.8033435745546607,0.532444943402721,0.21524955699361167,0.0,0.19582909286021544,0.03278459121916455,0.0972742144705428,0.08276337830089092,0.0579829099330824,0.07757373413621454,0.052150238300296706,0.004690798202525534,0.0,0.0019428924729159441,0.004329240481091582,0.003635073901160618,0.002143961630115227,0.0015406782909436194,0.004321059797323249,0.1073691617176052,0.3174424419984704,0.0
4.882352941176471,0.0,0.025752560886734308,0.02820853626831798,0.014674463528840269,0.010174836158284978,0.005825113903505947,0.0045641218387239765,0.00867222445567977,0.006717553549440798,0.0,0.005990568493768273,0.003193043339649076,0.00661854264836762,0.0286895802818089,0.12198798112299182,0.22472518480937884,0.4107778259427498,0.49471427662205736,0.0,0.020038676671726693,0.6234968896916443,0.7517662405575098,0.10198547649135238,0.10576530362098556,0.27436575578692507,0.4845438909044216,0.16585476728020068,0.0,0.007176379398423617,0.020089815940295356,0.03314083900815536,0.06283715300314946,0.09010524524608024,0.05162418540969613,0.005582611446580582,0.0033787313063772377,0.0,0.004326027174951912,0.0016217885615372096,0.00043721987280364,0.002072184926565879,0.001996831531003977,0.0069434471831865425,0.021378622069252354,0.14672326599004853,0.0
4.897058823529411,0.0,0.03404582855920259,0.03040787607714963,0.015127701952300407,0.015897928005654635,0.009525210868779664,0.009079915901158753,0.0024249414166875997,0.001999762833536635,0.0,0.005282678084816538,0.0014284900483410219,0.0034352695855539837,0.005119960355532004,0.005932043422607763,0.029003643404860474,0.04892778007919492,0.19255938163325076,0.0,0.23938000471932552,0.5424066633750151,0.9728914356273581,0.19477753215361654,0.1135434734829914,0.09159813536653137,0.03325740698418317,0.022841451116372122,0.0,0.011357003989065476,0.019552419698039072,0.0076894945969740724,0.010654946592166998,0.02871969017915732,0.06940427610371118,0.035057723847147004,0.004492556166755832,0.0,0.001001434383704649,0.0049667614084437615,0.004126144665628639,0.0029590816978839413,0.00018561344688607963,0.001163424118938475,0.04000267934477235,0.06067885495014503,0.0
4.911764705882353,0.0,0.05772909957055665,0.01841089343723413,0.008878861491292533,0.00451011783288763,0.0037530307406392093,0.013333423549477003,0.007955940555982928,0.0015276309581113458,0.0,0.0026696815909086798,0.0022590481609942492,0.007786481442109366,0.007654919733691353,0.006664122252576421,0.015249916158412098,0.04788344341005837,0.16416510846114082,0.0,0.19010103895476288,0.5177661768098765,1.0446451279359987,0.4784831986307701,0.9770660945079632,0.541208340840641,0.07212577696843128,0.014399842654150431,0.0,0.0015955864477393735,0.0008520847243951237,0.003065842056615595,0.002363850749325015,0.00385494639891505,0.015309076409731014,0.02109730249871081,0.0021747390587201804,0.0,0.001735228849057202,0.009668876856950002,0.006134373721139074,0.0029771617336683638,0.0025076740765259493,0.004904806773761352,0.004860825558053235,0.24699886341591767,0.0
4.9264705882352935,0.0,0.01894659457016098,0.018213554488464595,0.013925818271950819,0.012079533797460646,0.008370924715188712,0.00406756849266486,0.0010848791072620987,0.003473034426455659,0.0,0.0038465386954552633,0.004235092084225834,0.005874295715240296,0.011394588533854503,0.015971096752733137,0.03517408272976935,0.03612893878495117,0.007241101115844532,0.0,0.0076781013045450095,0.11121999602413055,0.7837319064127826,0.1117639493006636,1.4769170339941973,0.3691319591655048,0.0636957813114937,0.04633347992521565,0.0,0.017934010310764997,0.0026818010921011203,0.0007603196335079871,0.0013809845214332078,0.0018880535944328807,0.0012040209676577678,0.0048591001526365005,0.0052454952598093695,0.0,0.027576626531111967,0.04171721728143623,0.009464004564928982,0.000780937374689851,0.0008746741566963027,0.0006271797777093731,0.005785648105766462,0.31633375407065256,0.0
4.9411764705882355,0.0,0.025115739076533083,0.014945221529710583,0.007170738289049482,0.007979742565713602,0.003394833551413214,0.0036707963849785122,0.011654439525118859,0.006274170113782858,0.0,0.006065265398126789,0.0045090923999561335,0.005833536520678738,0.009128171513084664,0.013467161160805739,0.00953925640326133,0.027576052449339285,0.014422349113267705,0.0,0.10121758306956194,0.2981829958983205,0.4975032482104693,0.06563134688285285,1.1069434997612335,2.4866902395184365,1.2721573047504888,0.0953845270894251,0.0,0.010382303109787546,0.0033774438232754412,0.0014167898639867928,0.0011559515736984795,0.002463651981923623,0.0011660115622556485,0.0023988656594617396,0.002672659766329143,0.0,0.012246538681020314,0.03174530159770805,0.005477468767223699,0.00047713547510467013,0.0011349283659182843,0.0007658739293249018,0.007879118074675473,0.4825616901181442,0.0
4.955882352941176,0.0,0.018135660408583207,0.017321912427466432,0.011827283806461789,0.01245729604659567,0.00770894014808739,0.0037615998175665006,0.01165471117432538,0.011627883980981139,0.0,0.00568678520784522,0.0022562414862603002,0.003879224724176841,0.00696517237198689,0.004937634068581508,0.0020653926134412033,0.017038993006006656,0.026903412651322255,0.0,0.022201219941697634,0.23806256033089215,0.2727894098160639,0.6843500360134273,1.4146479675412775,1.6751929877125316,0.5571519202008521,0.09183484931891511,0.0,0.0519209486530023,0.006619566181604567,0.00438534322316658,0.0029443840092558344,0.0013816664164628917,0.002303727134694487,0.0022012122334312883,0.0036039613508229854,0.0,0.01773059946619714,0.043871384638893,0.01662478338263262,0.000797254567074039,0.0013045937231265623,0.005396907296167314,0.04016810378890239,0.31953455833095024,0.0
4.970588235294118,0.0,0.07097508244114623,0.0353514856376957,0.009853948283856816,0.006880051435468404,0.0016298013669099503,0.001464008839773149,0.004578308218120734,0.007964902649812297,0.0,0.005111031759125425,0.0024776315800332654,0.0026696552004243004,0.0033043378244031916,0.013191806692779745,0.025070995023068136,0.006978723606313171,0.10072864042440081,0.0,0.3033031189090251,0.3555455979129632,0.1418024563660521,1.5458527482096485,2.0310701390119856,0.5448638852739474,0.5508540017046522,0.4970261654436167,0.0,0.09781859951239112,0.015039707440215818,0.002835769115113039,0.001328244928165483,0.00019156263318868233,0.0023024267033129953,0.004736087476351819,0.004348423185315014,0.0,0.005231914591205478,0.016294085092098332,0.003911491134060405,0.0016250577645002783,0.001135128761436833,0.006367748320198083,0.03371210167124489,0.2547056420349952,0.0
4.985294117647058,0.0,0.0360443247184736,0.01371027060997855,0.004699591610145755,0.0025919929242616256,0.0023014236696343032,0.006904779185888103,0.0059402211403997845,0.00803363205190099,0.0,0.004937974778949486,0.0025584243532723035,0.0040380238115002,0.0018982359147408322,0.017005621815487468,0.030643330996699865,0.018071339336672095,0.11546595228029236,0.0,0.0600393797657052,0.6292222547276216,2.0889345267194286,3.441030523016196,1.0892992664729946,0.2666813278128576,0.15566449531011,0.0218421568314333,0.0,0.017988503183302567,0.05674444758581851,0.06799094038982019,0.010241021155117502,0.002681907561337043,0.0009546595470005248,0.0016601485773814555,0.005046115077962849,0.0,0.021211410529057874,0.022721721829635437,0.0025230298351071627,0.0024978861296756404,0.0044376107164312804,0.004487280956978451,0.0440845101638182,0.08431383480814772,0.0
5.0,0.0,0.03286535482370169,0.031983597322128916,0.01579783376945537,0.007495482266676918,0.004331966181833886,0.0031425027510552893,0.011536933607454104,0.008616505255844316,0.0,0.007991942009944311,0.0021880577619166576,0.004017200203781047,0.006054573042884416,0.02294876136191608,0.007423491876933779,0.037091173025009756,0.43410822019670403,0.0,1.2906071012433848,0.14372492662672548,0.010355144466800406,1.0682069310862872,0.4326853018748493,0.15341770023636478,0.19798427170142718,0.127376200851933,0.0,0.0525116763820392,0.08191011726122806,1.569951467859942,6.347093245887563,4.285080517386767,0.7646514596913525,0.08245176567100711,0.007716257344052656,0.0,0.006816900409648328,0.009386736250395777,0.007723990755682744,0.0006598636012387171,0.0016375457655169545,0.003096607256078001,0.003939767146471325,0.27540535646906183,0.0
5.014705882352941,0.0,0.026714547939220255,0.017272025943756313,0.014587278587566432,0.010761681765923164,0.010441442502580936,0.00553140202562963,0.005228817053817751,0.0064304514401547315,0.0,0.003914688116580876,0.0011013751621554112,0.0043183252474784314,0.007632562925218233,0.02471519257836758,0.01636258313436545,0.011604864054754903,0.044565936518586036,0.0,0.36842009820231936,0.9259509154354678,1.966933400596234,0.4217787040074833,2.398711848642664,0.30004990181013796,0.5052822396223602,0.3488571867508241,0.0,0.10308796667364156,0.6597335690760722,16.714106027740446,86.41977473909246,99.2923679297558,21.663071328773572,0.526640331562979,0.016978471787608525,0.0,0.012948311725144523,0.017406997824690337,0.008631902486307257,0.015717296808756054,0.005022350634569432,0.004260893265739996,0.022132358867893675,0.6414393318180879,0.0
5.029411764705882,0.0,0.014022119286844797,0.012508794884437603,0.00994917093110044,0.013756393086978944,0.007534997879896086,0.003702763542105305,0.004926947394311417,0.006413770756776436,0.0,0.0031754295518301723,0.0023628429812158364,0.005306678695126113,0.013143913827111033,0.02715741284633142,0.019853837689085566,0.04567564318837031,0.4839611696765348,0.0,1.923237728942558,5.295823120940001,9.147051062868421,4.072175460780367,4.294100673118152,5.506408650379205,2.4204019857506656,1.8302372779687053,0.0,2.0160574331446535,0.028798638017382146,7.606189739761387,5.464717511218328,19.68448583173993,19.26677446181637,1.9862824071295222,0.0019280842762074452,0.0,0.012659197660894139,0.009093825331481727,0.02306846574399987,0.05143790797478888,0.024326396093129705,0.019591201095235277,0.19543121795772167,0.25253925568066493,0.0
5.044117647058823,0.0,0.02182969880680768,0.03273576059992518,0.03436701738732337,0.007336875081212208,0.0009790201986719807,0.00591143930805131,0.00613008075590251,0.005126837038790764,0.0,0.0025060996652699354,0.00802772539960234,0.0052511204238620815,0.0036862157738671887,0.04265151072612839,0.12061118739405027,0.20432589716668265,0.7202340417432294,0.0,0.8945924080675445,1.6267726643777278,2.802779862446137,1.6176774451506706,1.1063184957649002,2.884893582533671,2.41087535624171,2.361497630101134,0.0,2.710758910296024,6.023945253066595,4.729573761930008,1.6768786897174608,0.7804407865550383,0.6235606311084897,0.7858660302393967,0.05350117954053163,0.0,0.0032512517223762054,0.004556042829428791,0.009668514505714428,0.009949662940493714,0.0025267035738727643,0.008582429083860211,0.22815141099052944,2.0498480010362417,0.0
5.0588235294117645,0.0,0.018104478597488358,0.03525884436264942,0.028876387370206775,0.0036611473430831535,0.005423206207213734,0.004011194792069615,0.00910429330872592,0.006276404847399733,0.0,0.007341222922720226,0.010761759133829644,0.0031286707507766527,0.037488753607799956,0.12997914235811384,0.2295279955252817,0.47658635903771623,0.9169054990576493,0.0,1.613700790460519,7.171064896998784,15.166728494937981,14.483073956478702,3.1602754920167824,1.447620618909543,0.9238994641164561,0.5327327855196188,0.0,3.281351118744579,3.869208491124824,2.511245264476453,2.5402278833835394,2.244597639338805,0.7055666104443208,0.06249161093754392,0.04332941963035407,0.0,0.00790944704689807,0.004293856422896819,0.0010165899106800214,0.004554978663401375,0.004478844445076288,0.006740241121435196,0.016560343532480114,0.039681177160902664,0.0
5.073529411764706,0.0,0.017804963149402442,0.00314706889261027,0.009331640573265444,0.01064782302396153,0.013664863360868352,0.006100845698186318,0.0051311231933651846,0.00832573796617146,0.0,0.0080537008691737,0.011836182757727397,0.06783543241730905,0.05913005884763714,0.09993689813584489,0.39253923606609764,0.0936705590653518,0.701594681951841,0.0,6.485305754602107,30.16092792536479,94.3156725741039,50.318879086564664,1.1217683889321974,2.876332597903291,0.6956784429110117,0.15551731577366001,0.0,0.16399257077923807,0.07633908454648425,0.5430285587309468,0.8655616089894169,1.1241499702856994,0.669649872876554,0.10873984302752482,0.07128110315768926,0.0,0.08228159950066138,0.023057646737945504,0.007756641435801542,0.007267140266988461,0.005120934239928001,0.00682717776955122,0.006594180866803455,0.2997601682056393,0.0
5.088235294117647,0.0,0.04097452791214242,0.020376023453177673,0.020879598269332007,0.014810738288154586,0.006736978874483636,0.00465439516190683,0.00459582090479031,0.0012370946402450766,0.0,0.0028889042179601797,0.010591365037819309,0.006847657529996961,0.05808221748461584,0.5638006889818095,0.6484778141657566,0.3464113913016083,0.8629890340121997,0.0,1.524234336446561,5.416809255800278,5.139103824198315,2.710683912468514,1.716727699085451,1.5865469475424891,0.08099685664682743,0.021476594069674074,0.0,0.07645322168842428,0.03788839371872457,0.16446880227968888,0.4002734457930115,0.6095223941153541,0.32575676758162675,0.058441149404390366,0.02809888580528562,0.0,0.019330967182877502,0.013777352163920488,0.001892551776288701,0.0012585500025139508,0.0006164083171825264,0.009818195488700342,0.03989163163353256,0.3107540474795788,0.0
5.102941176470588,0.0,0.07161352353098119,0.034677043576881755,0.006111642740825561,0.016832036756918904,0.0159685599374636,0.01691991111361227,0.016100215562225954,0.01643996180885437,0.0,0.013496945009278803,0.008603457654728587,0.008248276817217397,0.05648477763235647,0.08238983011951305,0.4687855031489778,0.2866621423851407,0.36393245144710584,0.0,3.7017505945392424,68.5284077330721,241.42963319276768,122.44167559980542,14.512118383905875,0.9133463696923967,0.09855477083154207,0.07381631600127285,0.0,0.013091220359446895,0.08974017578563298,0.6623079575492137,0.581090725389457,0.056589756942191725,0.11719050377296984,0.13139580670856366,0.08163952553385387,0.0,0.01763909872380599,0.0021981006599041788,0.00209662139727791,0.001693181415178329,0.003569719807043013,0.002380760598194678,0.06654797858474698,1.485477322516935,0.0
5.117647058823529,0.0,0.07721064353475136,0.02132011069243448,0.016727057879880523,0.0218254653537913,0.014971520528910914,0.002298696684792226,0.0022393688626600274,0.007261684511982596,0.0,0.006005178607089502,0.001275273885093603,0.0017648505188625218,0.017328116853517102,0.09515315750260839,0.1479794541561652,0.0753944438372593,0.06081024041437806,0.0,5.7893362225894,50.575934924093886,39.5705431821449,630.7200488040419,504.50859261242965,83.39860819673626,10.118041527600393,0.7299717398167682,0.0,0.04146924353177611,0.04931608186956264,0.009510301339550989,0.0156492867729443,0.010175336516624328,0.020898556011524412,0.009633427964472283,0.01774945783757692,0.0,0.015951565023007458,0.0023419542804713825,0.004357420482632997,0.0046435457598319775,0.00471535354568928,0.005576967569570393,0.18201043741912953,1.3384164568072003,0.0
5.13235294117647,0.0,0.028158347160825516,0.022621643848664105,0.007439949155742935,0.011080492822798143,0.00924036363987769,0.006369366322683629,0.007688738390015845,0.008422064301264923,0.0,0.00715119033877522,0.004588703063401168,0.008222142383225356,0.01708545495709722,0.04873420025845135,0.07015312174416899,0.02257375711465571,0.7397703872766471,0.0,2.0160404065119324,4.74377608912356,35.0001706087525,39.84569377638114,762.2981677777549,2083.8629908742305,637.4146581589707,80.6509087016816,0.0,5.882813330241657,0.22091821148548244,0.2287910671461612,0.06257131959261512,0.004564825764402517,0.01092272316664298,0.0014953137158230767,0.00492605174937906,0.0,0.002810091889500845,0.001619877849817916,0.002509725733495222,0.004956397634105317,0.0036254013276043493,0.003196914342310125,0.26752759491314254,1.9707940900019132,0.0
5.147058823529411,0.0,0.03410397384451428,0.003457971637871533,0.009512142979661124,0.008279136652258707,0.008735034571654738,0.004620050220081944,0.011504281976098008,0.005729142330357128,0.0,0.0030564237098930714,0.0019788162171130363,0.00873155535320038,0.016561614584208337,0.006217434616191508,0.1341284218692762,0.3832495812765522,0.5003461925834287,0.0,0.49453347881793874,1.2419070667289023,18.663229448761996,18.584238194983865,29.71840588769043,507.2450213005447,3766.029010977739,4271.403181091577,0.0,817.3354520455191,48.237563549603834,4.103633623863875,0.1118060242113887,0.18419584702800465,0.011301287241559868,0.004208366346572613,0.01630866375120009,0.0,0.003771174077516087,0.0028917511623437766,0.0018656586671887416,0.00248265643379943,0.0038357550123984127,0.016277391251300517,0.5063732151132466,4.36161493814862,0.0
5.161764705882352,0.0,0.02651709860224267,0.044594089261347954,0.01154633104386104,0.010955827601313936,0.011661729216811913,0.007012951932762468,0.004686079340819823,0.006566278718943841,0.0,0.00662895693966403,0.003005710342259869,0.00906464112601061,0.01624018075061736,0.0183545563168996,0.0423070814087219,0.0953318204121445,0.11613767161674983,0.0,3.377368079273181,9.077348054306032,0.9897352253835497,8.825594561175059,16.714405698825566,11.763564386375412,122.61165448744404,1294.0879648433965,0.0,4952.3265927549855,2514.1670038449774,288.2757600199003,17.240836425276974,0.25004623753653155,0.08564395376981758,0.06675207569606917,0.01610980108601793,0.0,0.009115333724162816,0.007498663504123859,0.0019479793764828903,0.003553456891657982,0.0063684599992436496,0.018137778139785614,0.18837427020369968,2.554477043345567,0.0
5.176470588235294,0.0,0.040060330688233135,0.04060570988916838,0.021014321717216743,0.007977168694121687,0.005600625250119965,0.01958276810963919,0.014071525285073687,0.05930747921659228,0.0,0.046161922636538934,0.02114908128430761,0.03182987006448888,0.05592439601261589,0.05338421536320641,0.05100769282148434,0.014534544557439326,0.9136818552775288,0.0,4.828469945182704,0.9490903845818822,4.2193632003299655,5.812553784737999,1.2548309290519553,3.3701581916822043,3.6348953970608546,26.992738525425622,0.0,741.976694097662,406.2781569473309,1550.0889947946844,249.14135305987654,35.76057312382629,7.637320264850297,1.5655522886802897,0.40670125307894955,0.0,0.02703685662137273,0.0698767735813193,0.010580347598792034,0.011078080825813796,0.001611206364352152,0.04165821335513786,0.3164966676308083,1.1127127299489177,0.0
5.1911764705882355,0.0,0.1594841059821413,0.046490466891457374,0.029868897907055315,0.08828839524381006,0.13795394796548807,0.03875083408447245,0.06434272566461977,0.20134134465040762,0.0,0.04356286375815679,0.10678180860300399,0.1134834184563786,0.09744488259893365,0.2547604108185305,0.2942561450206077,0.18387070299913993,0.6683144427044454,0.0,3.7621624464380954,3.6071483558368196,8.346049841305494,17.37350318477617,11.715777018054085,1.5193160705693105,2.3585527656422762,50.63886698140546,0.0,816.7370762032967,1918.1916194384523,2549.5020639535664,6824.774757871037,6652.5128603500525,1723.0075920423856,258.35315452909424,79.50425016724131,0.0,12.44456368303783,1.2490084341570395,0.13902900433482393,0.09099171350144944,0.016281018983644535,0.03421390894607819,0.394788205008964,8.912527424091117,0.0
5.205882352941177,0.0,0.024095142656094456,0.13368710221020408,0.2511781514411614,0.14482566599627078,0.025591348646777,0.057113260176183824,0.029539504559724913,0.0779446541130293,0.0,0.0870826404242419,0.12164013808047373,0.12023060729852647,0.09262003104034625,0.274583047340467,0.132632299389269,0.10691863174831877,0.14439798152445535,0.0,0.6356804589124544,1.6406986749516226,3.4957172115641457,2.8928389646396724,5.419492134745206,18.574406550914993,26.750489133031266,63.26306695125345,0.0,44.182417840096186,5.767193298831596,180.1840762006836,310.4937706216925,90.8004087983742,3346.729492312576,5547.665741497666,1938.3393809756585,0.0,255.92655827916968,12.719805662065369,0.197042222608099,0.0666549364161185,0.12969784226957576,0.033680580546222826,0.28364559937879896,6.22615438329723,0.0
5.220588235294118,0.0,0.07697354888426325,0.04571681244297179,0.090214625512029,0.19279798965824424,0.057670293941450866,0.07959000385215395,0.02361392878047391,0.022897577396448012,0.0,0.028936536506038436,0.04074016126947246,0.01051740998087074,0.0462314486382959,0.02339959196683745,0.1599536160849056,0.14674085946998067,0.06604010927166999,0.0,0.06991916832769679,1.229257269482475,2.099866277317818,29.58439767999899,25.264352270945487,2.6838570615833435,3.2621683665014194,0.8628943795830357,0.0,4.140307482119065,22.970839093273884,110.51453293708954,236.67825704351253,364.0500158905445,348.0764277439424,127.19368919409685,258.18099292994094,0.0,139.45544940386094,87.66684034042234,5.413940442255802,1.1975733701696682,0.24216687433784984,0.04787958065465897,1.5692988413341085,8.207458424199142,0.0
5.235294117647059,0.0,0.09130304417196483,0.11721662779393185,0.053199804541754825,0.04892149482021066,0.1348085182983129,0.07586904731142903,0.019037328955103575,0.09190062880740042,0.0,0.06534244646511943,0.034733893195285186,0.032946608574779795,0.01822053549460136,0.023378611292954612,0.08863068615386452,0.14555590355720094,0.29739867633358247,0.0,1.6762576444123223,6.190384823374771,9.642389608710157,2.660806493094991,16.185748799957832,34.96417506728881,16.03280504071469,4.898203876472605,0.0,4.132811267479985,16.05417440422458,49.20410616143715,58.93322702021796,31.17810930456777,29.158831856180214,68.4659544882841,154.87360085879578,0.0,38.20356238471663,74.22985632274955,20.29798646822197,0.7063599641124428,0.2910594051437032,0.12004684806594892,3.4079361142353974,23.8507040806686,0.0
5.25,0.0,0.06947352975253326,0.06446038086688824,0.06276728678134785,0.03299363683127126,0.09893892604388538,0.1974445557235412,0.054686240842692684,0.012986869934366487,0.0,0.061301706536773276,0.02946231007943096,0.03603007973087452,0.020590573447442036,0.01218959104700885,0.037020921513867336,0.08235232654584597,0.16665082544185048,0.0,0.7690185113645689,0.28080443291878665,2.842719162867689,7.377455228547667,3.308742759511808,4.578161933185688,4.80068980221943,1.8698400435992313,0.0,0.7565611644150882,0.6561450148985667,4.150564840876237,11.706757274689526,22.208357386506286,13.817992547542524,22.454062622890614,21.415961957790334,0.0,34.07073903747019,79.44210118163494,29.237610213615888,1.0274573674585603,0.1477216970128696,0.30147123214657506,3.328333472275604,68.1999497847672,0.0
5.264705882352941,0.0,0.08218657614603878,0.10694489539805435,0.04904832053361577,0.07924216851427116,0.06584876512133835,0.03485749661130407,0.05472928324538574,0.12501040891899728,0.0,0.051433720636777695,0.08154516218331449,0.1261154846348658,0.21848127129971678,0.14436019783307052,0.046285815930943455,0.28191742304904366,0.10563114147430828,0.0,2.5698789707516227,6.932023422927057,3.123182288868316,5.172569769490401,1.2209059525735508,1.7751937334015757,0.6405824581492754,0.6244616583673763,0.0,2.108910617574366,1.6547100612035504,1.3400990618314845,5.671708254881901,6.295411348593966,7.1389961465961465,39.27241117296738,29.10014174571376,0.0,6.095348839051278,1.2383569851203413,1.0575863309686167,0.3231145651576176,0.05353357939761945,0.31361511440553436,6.422447052695805,55.05343045319583,0.0
5.279411764705882,0.0,0.044355588872164634,0.0624787130550333,0.07854032922246912,0.10418401987558899,0.11210097013425899,0.08812126634082997,0.05024138337623639,0.02047700642571315,0.0,0.08266982570049342,0.23002449806945885,0.26715831611108626,0.08891588650159023,0.058844046754017665,0.1809105448421187,0.07232612889471011,0.5772046806924347,0.0,1.8223580102029788,0.6758115799081567,1.343923706338736,12.45266263895638,10.512250809634903,1.5564501282808858,0.06505588496627276,0.28876549156866016,0.0,0.8990879480294268,0.254320456101971,1.0513707525261073,2.7717993117340267,1.479348768725926,4.413747287657642,9.270439205851833,5.634455945246153,0.0,2.4846147932018883,0.8188034795731023,0.0620828209728546,0.021856340189570517,0.0033399785731177654,0.2759654447638976,8.38012082444698,44.06019510678752,0.0
5.294117647058823,0.0,0.06433349501451209,0.012856659257267426,0.018746336054458843,0.010116276936791287,0.0183414654633026,0.016857290675640638,0.03600453893769284,0.031880598777048665,0.0,0.02568013894139768,0.03494227064529727,0.13200939530826472,0.1508692136495945,0.5158133748000042,1.6358243819253206,1.0724338997716116,0.27965221439045684,0.0,0.27724438640931,1.5484053574440912,3.9196916491099767,1.4382332159578137,0.06727983297497755,0.17366492082747298,0.1600975152002713,0.5484607161203856,0.0,0.5836453420648754,0.12541050221938332,0.027024651322781087,0.06624325379462782,0.5000099473024779,0.6272454850047923,0.7392693490586881,0.9506556500479861,0.0,0.3542743897527689,0.045512889906997436,0.00922571182860019,0.032018387142773455,0.13025364123322297,0.19950927734228485,5.271299978004281,1.771470077801663,0.0
5.3088235294117645,0.0,0.036009991701581534,0.03133902097032974,0.014878355900900284,0.005529840564414176,0.002251971326482092,0.019838437023496823,0.02191165332972692,0.011345218132217625,0.0,0.01785030106920587,0.02095232126528131,0.09080948342955923,0.16126240671578923,0.31319980447918283,0.14248383563083697,1.1813580944169146,1.4989367709896966,0.0,1.5221524889741693,4.965274774599188,5.78209295275472,5.953936466021622,0.3814155213372036,0.617988455468373,1.0477553816971314,0.06817273496194434,0.0,0.03292973314206379,0.0457731728120516,0.026428847084415563,0.08389086262873025,0.10995398363216541,0.05222001539093418,0.06009591869494263,0.018771331754739846,0.0,0.004789637654384409,0.007606801999915862,0.012693282421154736,0.05052308088798094,0.09846856034327645,0.11188251204988885,0.2796129963813141,12.224451676760324,0.0
5.323529411764706,0.0,0.01974289628771903,0.05219069560313199,0.016162549021911412,0.004058235169279312,0.017655040533826556,0.016756160106991727,0.013129199993157942,0.00569286567010441,0.0,0.0031943508664640935,0.006408516728410735,0.04863151156452049,0.10384950699404766,0.05977925243308521,0.0831904541547491,0.3846388319089171,0.6514495836959997,0.0,0.10540993312885485,2.5926070569318487,105.03426462341862,560.0876769711394,448.4225243856435,84.37016139510064,12.916778757916106,0.400792813029103,0.0,0.08704833769140101,0.08244062796118834,0.04463199863935681,0.022836157792283675,0.0042560031011121754,0.009466075679843328,0.007441305539956328,0.007690227902785344,0.0,0.0031971228023983445,0.007312469804431332,0.012375059583015418,0.02495572938905114,0.09453730343862918,0.613558557002144,1.4274394393206613,14.328119298626852,0.0
5.338235294117647,0.0,0.06758795615976863,0.02963015636123449,0.011139519313456862,0.009444548135834827,0.004642817511704831,0.011795563274837443,0.014107465852698684,0.009649601697143946,0.0,0.007390036297509043,0.008505825836020327,0.006049549658097217,0.10063909425608178,0.06875486857407095,0.04366920237906374,1.1126967395900487,2.6764353589444774,0.0,3.1686667344348565,10.701966583716725,100.72923882468615,1392.0234792753968,7731.547292279405,4305.262407114642,366.36983890150873,78.1867150371711,0.0,24.821724622924542,5.490261184004435,0.41625121595914333,0.18987803493311178,0.014171925802349581,0.032576951372930193,0.005517837473752912,0.006256836409812905,0.0,0.00822225577125408,0.00307477610128779,0.02321869241968582,0.04060757057464254,0.16336654505440837,0.1774540356883634,2.8953500715531835,18.062908907180166,0.0
5.352941176470588,0.0,0.07086079257365616,0.020908203215427995,0.006261014800484862,0.007429346360551809,0.014935249497158921,0.005620259161581647,0.0022474359344135833,0.003964925431522674,0.0,0.00952601328148427,0.0019112811448059991,0.011200912278705151,0.0386943682415602,0.29871492219756096,0.6637580275045121,1.0950994479628264,0.5447978079443996,0.0,2.7187783168566506,15.365170078241796,166.68865929043292,194.85346421786411,868.5271564548857,4853.819446758592,11387.668553585401,14512.722829653565,0.0,9188.69653232328,2860.5607025397157,504.90032813474363,29.721136902936227,2.8220788842756077,0.5257966909452412,0.16661529687147636,0.009431685778549755,0.0,0.028188763796901998,0.017106489608007015,0.01691257925421851,0.030753661749400595,0.1573265899024974,1.0274893382795867,12.51033307035538,99.54863218838358,0.0
5.36764705882353,0.0,0.03939674097473115,0.0116623901513719,0.026180145975618813,0.04897551373788516,0.03806104460458601,0.030149880175796166,0.023429717063980622,0.06145149608891018,0.0,0.18683047030836278,0.18183722788145595,0.2119476537970679,0.4197273031327282,0.5810837743017037,1.1120370297441509,0.5051978741383838,1.2427352404930045,0.0,0.4259920986164878,0.04227584750824837,0.20956468077608503,4.477564185920397,16.28140249373127,4.373386547609206,6.4083803884147565,261.3798527257038,0.0,1295.6393735857714,6664.850788392194,8577.679978851642,1903.4305684344536,140.91229159041472,10.137682493155271,1.737957530969119,0.6620215450236102,0.0,0.11496857429212351,0.01922418490751783,0.00935871413505476,0.016653308671094342,0.024303894902624995,0.42187377769652024,5.148946036807685,97.23639739520937,0.0
5.382352941176471,0.0,0.06273410584260584,0.016402566556988813,0.020415208469189663,0.01593049030519973,0.029686913726658652,0.029527507162006493,0.03996576481816448,0.07036342953091237,0.0,0.007751472591909081,0.0673079329471354,0.136057375272651,0.07986358654782272,0.08238087671588591,0.5071359992687001,0.320478319443278,0.928912737567422,0.0,3.7553786212821385,1.1976262139999352,6.401300378713648,26.789844819677214,24.763445339133412,7.656176656650914,16.89203674754843,192.1408425751939,0.0,25.463042658594272,1773.4163046469525,8563.256401026956,7764.559035240547,2056.8807899649873,326.12370180122423,24.580561084972317,1.4791439429446418,0.0,1.3212170496043902,0.041177532553123126,0.1354763570457425,0.05316035819686338,0.012871188173794908,0.12225005514586634,12.466720924727857,52.69996705387537,0.0
5.397058823529412,0.0,0.07864423606843955,0.06811799344278868,0.02466908015725586,0.13473488141691184,0.28090283607770583,0.23658018747873932,0.17201665653719714,0.22154207216569005,0.0,0.2648753679750686,0.49837020937276955,0.5300388743055674,0.32387939105368174,0.5025277587377113,2.5711928258534744,7.3186329107273504,2.956215171611856,0.0,4.812875036494964,6.2727749607385315,3.032381943750736,1.2036917445231898,0.10699153033172852,14.82100574876785,133.865619636231,685.1144374271249,0.0,2752.3638156807724,1260.7619545971124,3921.539808341887,13446.399202429642,14187.346534104661,6779.952435104298,455.78445121405144,10.963762051544414,0.0,4.757694470799728,2.0031917008464317,0.15244670844098393,0.047368208321499114,0.04665329557683572,0.4698811797488738,5.089972082426327,18.34015686136688,0.0
5.411764705882353,0.0,0.42240038438656685,0.3112849064274137,0.19788777019010276,0.17916813044322047,0.2448305132190904,0.21950317426034166,0.2366113243921324,0.0754671331305725,0.0,0.07831649365360559,0.08844034596090349,0.2736479098210759,0.15521904120210217,0.08519032114755443,0.6125675573693624,1.9520758789674706,3.4683240064484577,0.0,0.9356785040907885,1.083649151355281,6.726941872317801,20.116760254646742,8.89664041043052,6.945304860706763,20.249135999139448,39.91389305003737,0.0,331.1344883700514,393.87249258573627,140.9391544781938,148.51849316578176,44.262505652421396,2868.7846176010407,5646.979754164284,4357.511453051245,0.0,2506.880969660867,571.6588047850587,80.25035419100075,6.153919989284322,0.4949951317238488,0.5221194081735874,4.445165883415568,48.48626593231921,0.0
5.426470588235294,0.0,0.14813676984852997,0.1818983422997439,0.037267598986436334,0.11977473239684297,0.030135279246862948,0.09916123338939603,0.0652011197171034,0.11072022611142138,0.0,0.06744096631987936,0.14073586477165698,0.19594227453739543,0.17863151758502696,0.3578855228585172,0.3555086166689364,0.5275047721959343,1.065779164475772,0.0,1.6001198080923422,0.8056730972683253,0.7893808943645191,1.0354323041304105,17.52341228399183,20.357965659619204,19.688846442159015,14.932263610177609,0.0,19.358529147629085,55.06426234988897,22.323562915696936,100.00112284908312,663.359753363844,2709.1692187069975,3625.267131202787,4700.9080828658025,0.0,1521.2295104555633,617.4014537479214,1497.779065060148,311.2685380677257,22.921188009572013,1.7262748955368807,2.240956563655779,4.389458987337142,0.0
5.4411764705882355,0.0,0.05271370971632118,0.0821475478964033,0.21850960283630436,0.3919168299585355,0.3126107234820723,0.3548077166126415,0.0733863863219958,0.10235807246430523,0.0,0.1383556557130295,0.14674876880036453,0.07078836340845798,0.12020361968500838,0.06642636835738466,0.04163483383605962,0.27455978678830806,1.3561989678579407,0.0,0.8092637310718769,0.3863670533678317,0.9221511524110064,1.5462645192732465,3.4519763014489007,4.91282417519643,7.961588604337098,8.505704291717667,0.0,1.9621759795287586,7.919987248648523,1.7118436404456503,56.286090409568644,338.32161532222204,332.85811810282655,416.5182344310997,409.4729171439354,0.0,367.9160347204428,229.15051502287042,35.083689447861566,34.057402074320564,12.305771327994265,0.705402725937494,2.2468115826275037,27.491077627314056,0.0
5.455882352941177,0.0,0.25919003209535485,0.02322240126296096,0.08198623560284919,0.07197634868308536,0.1398432676631965,0.2329701707189121,0.13833354846364937,0.06614075701150049,0.0,0.1592922317605788,0.12380968657161576,0.09895995940834021,0.12647804169948576,0.10447330760565587,0.2216473710653269,1.2377765391675346,1.2191670845054687,0.0,0.40205598594001224,0.9748877310366604,4.904691764754158,2.04690819514601,0.7641495453010841,1.661734482309872,1.8942421546936756,0.49925733068128586,0.0,9.899593622514981,7.55388280039041,1.0276103159938144,8.733663994188882,16.706808607551046,12.883630372418342,16.002358174226554,29.61301794178046,0.0,49.1331082408918,32.82112318501277,16.440685786944723,1.2718357554956732,0.28178274749726384,0.07452283840961002,1.397413220854337,38.150556714998174,0.0
5.470588235294118,0.0,0.06624487618672027,0.2259419942267824,0.3079234647933137,0.08420600826783305,0.07911155046188031,0.07410515402816376,0.16986995230530577,0.08200221829068169,0.0,0.13169815602659268,0.012286022062374252,0.14061851521713425,0.19674937247921082,0.16443706595012986,0.15600736234882606,0.14855404905842595,1.282446280071022,0.0,1.234646927763793,0.272229338652609,0.34295411376079943,3.073750319797208,1.5062001692631022,1.015643592435221,4.65954713087551,7.929306828682874,0.0,19.2648183896592,12.529991147274078,0.965077590018676,5.5083029403339125,11.71209490615049,48.420066826164884,63.62789463164762,40.34738395301633,0.0,81.14215540187172,32.1716272412865,11.467569623768181,3.1684263136970516,0.15087868613484412,0.3013172199612068,3.2323159748075527,30.667834417214866,0.0
5.485294117647059,0.0,0.06209716226820996,0.07793519923687522,0.027454627034936306,0.015975651387851616,0.04066527056334934,0.00996527579168275,0.06786834755049415,0.04744208284878335,0.0,0.09151425029342614,0.05439473080207125,0.07099995135216929,0.7383993879081272,2.4775125060195347,1.794907282067621,0.6965956477229789,0.9445367802287317,0.0,2.685026158089938,2.834625623536268,1.205763464154158,4.5701238899579,1.4264204268619918,1.8260730012917565,2.1671837022141074,1.7095042032024041,0.0,3.972667848680947,1.1525258891846843,4.2323183152854895,3.881086905119614,11.45292456447945,2.142287932043336,11.003266361274793,37.13931055736891,0.0,17.17851035496017,2.695138465822334,1.850069121481258,1.104937477273482,0.13924943015893634,0.14349262435225585,12.154146891703741,83.76692380784296,0.0
5.5,0.0,0.13882616890844257,0.05485233457831677,0.03460127011108749,0.1479352331585952,0.13783253174238333,0.06834123367464653,0.05093246094048999,0.020421244459728392,0.0,0.054742117575393594,0.05700612154732066,0.07255240553845924,0.09363737570778564,1.547619994790927,9.94078510417722,17.32085754461398,12.784612877196274,0.0,1.7193732369491523,1.0635571304868612,2.1032755774662713,2.1586342479653404,6.087672948866061,2.40828440562133,7.935961674630182,3.2370131669181514,0.0,1.8823008183941317,2.0936134152929746,3.827050147859162,4.594295898677937,2.5753338781208637,0.6008216687320653,2.100055956732446,5.427492055957661,0.0,2.299848139260374,0.5165018516709998,0.33216063993240674,0.2059299916703602,0.05914418305672822,0.8797496352475508,13.472771367687706,51.59519562815991,0.0
5.514705882352941,0.0,0.08166029424716503,0.05644176664352661,0.03263605327170169,0.008779766495757648,0.015685338196161577,0.021878200569457308,0.05342968433655562,0.08535317171083712,0.0,0.03709084525807389,0.0707809662617707,0.27163164552066077,0.2855251779927027,0.192308099913475,2.2182750403234524,3.7045687410822334,0.47692374698985807,0.0,1.5585673886306988,0.2593122329783334,3.133920909327787,11.358206140705912,8.656347837737968,5.028174400608411,21.91403899668441,5.446391224384361,0.0,2.9559537376586915,0.37359423302705097,0.39221104834508635,0.05415909878268981,0.0795932802696658,0.1404110759033696,0.5990729721308546,0.30223279255992286,0.0,0.08596457371008663,0.1051743973073304,0.03533281763835109,0.018777595176990194,0.03174433842711244,0.08396837941571095,0.7067342873198985,1.119801112704791,0.0
5.529411764705882,0.0,0.07775582497597287,0.044742416484992595,0.02988261243575133,0.01185076970426731,0.006560388757671891,0.007402788079361386,0.003099283499531645,0.012315879132071373,0.0,0.013194037435159903,0.02707405753145566,0.021933651783808517,0.04453076758385612,0.15932338693573037,1.3575895186704665,1.5236362201796094,3.3875355791551574,0.0,9.95432850638702,7.253065985439287,6.700098870740224,4.133080238034724,3.634640537405402,27.006375067493877,41.42465204329986,5.306131660896154,0.0,24.039255956684872,3.6259257296846346,0.3971737045415814,0.14374746598000715,0.02101319513912367,0.01375681703072882,0.0033308028634200983,0.014971965907195451,0.0,0.05242716087227966,0.1538906361399847,0.0561853200619469,0.008311855545915708,0.06444707695994015,0.1309973162721239,3.5873919395090823,36.50538804819996,0.0
5.544117647058823,0.0,0.04766499315969634,0.04305013171070025,0.020904682835384228,0.0043747756211371695,0.012028642643152305,0.009777451743518285,0.005903117090349057,0.007604276645033476,0.0,0.008986985641893971,0.008379846248067247,0.018070540426457723,0.013256207229368443,0.21385295187836784,1.6549452446267345,0.5740732909040647,2.5007766398169062,0.0,3.642843682237004,0.0868092645252392,1.3195985447846788,2.251143246034109,1.7892932304350975,64.8918625168103,365.8480360526171,166.77891159234096,0.0,1.4889600295257341,0.26067023884128954,0.21851670149837865,0.012824913640069891,0.004357347873491685,0.015164226150815337,0.004060956479379258,0.004585705814129292,0.0,0.036750158944845145,0.0530031308841185,0.004994009167822647,0.009920027257019157,0.003821752534204516,0.21419624278681593,0.3227783087417915,1.8408529206491908,0.0
5.5588235294117645,0.0,0.12121188743008601,0.04818830760413219,0.02689979087855247,0.006797808422323973,0.00451942232607194,0.0028700665225080933,0.012394141969417832,0.00993798328654789,0.0,0.005922315732135738,0.006550541167854329,0.030362190218692117,0.02233978410040329,0.006888211238565353,0.21068365878479595,0.1458354446812542,1.6782112393396846,0.0,3.348305348916084,15.12447764950565,8.087507971301704,2.89315149184971,2.553525879151807,28.452122600043822,650.8422108051244,631.7148750678082,0.0,35.20334366087468,1.7299569867829216,0.12587568538364097,0.02870311370420698,0.12194214490907183,0.008682632883464457,0.0067665424240220175,0.0013040845897002527,0.0,0.010709944106560643,0.04500877726597791,0.020914276562387667,0.002437106071299391,0.0017686589061425497,0.014910407425128764,0.352679848726832,8.247729934189236,0.0
5.5735294117647065,0.0,0.07999643854386965,0.03177634379657296,0.028988714807435104,0.019342774016620656,0.027536333704164702,0.008493250091573826,0.005085883754213229,0.011640876249373745,0.0,0.011363267993492554,0.005612532773412415,0.010089749828192919,0.1219028245781694,0.24282565190213296,0.1690068988874693,0.7839820791866198,1.8693648207292028,0.0,0.636268548600271,4.081322404084385,12.173015704657688,1.0828199246663175,0.8167895181115661,5.836717813107857,210.53982278066292,1501.7335572247712,0.0,1256.869961934661,173.2569481740271,18.724084194782314,2.2528269108499512,0.074867899990302,0.029832171595004172,0.0007340085360000211,0.002955520620756776,0.0,0.008451229731645263,0.027971112938230857,0.021106788613723143,0.01022371580697061,0.05194860104053532,0.6926685882511845,3.5355504165147313,8.243625246419711,0.0
5.588235294117647,0.0,0.06249977598789244,0.02469985711473708,0.015737864523919086,0.01362357970899302,0.004141113520542807,0.019599824674930315,0.020645815484057837,0.008107057216772582,0.0,0.00596105360269727,0.006006045324156587,0.004219030429184101,0.009659439289290056,0.077976571559841,0.29327893474235134,0.965443779034248,0.33987319808023403,0.0,0.8644971330719664,2.949625567886401,1.3657614782529113,7.451850521226005,1.0370378483599851,2.216864083243475,4.881160684922282,54.69193964321326,0.0,647.1370626773271,1107.233212108729,274.9042340088872,15.641596954223704,0.9536994227087673,0.00880964233795889,0.02929098225850136,0.008929566448096258,0.0,0.02551434352411315,0.04029883856620894,0.008135268351738745,0.004207530104970486,0.03970943128134083,0.009628264816822284,4.94932742979895,43.53138715127587,0.0
5.602941176470589,0.0,0.02772801905800534,0.015188159045664375,0.014884399742665548,0.009887634444953147,0.008619537964800812,0.012110837739827693,0.008849850163454524,0.0043086993879182835,0.0,0.01728919406321466,0.015652870010594632,0.01742557738540974,0.022176514619781505,0.038332425376000095,0.4149533227823844,1.010556378110863,0.58155288289808,0.0,3.0153527970376732,4.346203202786738,10.423470604314998,0.5795033113697977,7.58999602872562,13.04147106632777,1.8329979432365504,1.7515024956143044,0.0,23.87418135941876,646.0884192530388,694.57714065191,335.34529024582855,45.04026377623586,8.814044395324636,1.8065413692948917,0.36191067498200324,0.0,0.06375145007142136,0.025591340262952317,0.012257798524656551,0.016867181349833088,0.03688328202328969,0.14022594295121732,3.899689252813637,10.284022080880819,0.0
5.617647058823529,0.0,0.08990601187577274,0.0802295110244369,0.026718446735535483,0.017470699339399178,0.0070580060569007605,0.007085978205904468,0.02353403486157175,0.015890423430418257,0.0,0.050931932658938125,0.10474657270494749,0.013842555601649594,0.14412196154428014,0.2410961734634729,0.17552224320762347,0.03521837685404716,0.7079502317494897,0.0,0.4823144456254368,3.7522338611311943,8.998163177908133,0.34609309781005937,2.2568195457352305,7.227401288099602,7.545899013153664,3.0363772580257518,0.0,38.824481298901475,611.7292949176342,2113.214015117824,3548.635374779168,2019.6017419415891,190.9282199907222,11.313154090209956,1.0812945062914339,0.0,0.21905907714197387,0.015112381699034276,0.026594954896961318,0.011629368234399192,0.008279840568945842,0.09703494029942597,0.4184026883861739,5.652334876690281,0.0
5.632352941176471,0.0,0.05160699604947871,0.04450965029878515,0.025600344525719625,0.045875800059531006,0.018047262148910014,0.02153928726929765,0.03763348927754452,0.03559126147515802,0.0,0.10149051122878516,0.24514223660259385,0.2108484179760387,0.017270275250852986,0.06000416397951598,0.1935247055552174,0.3222125975799903,0.4910025866734201,0.0,3.001758319495459,2.3734962837879934,5.422746068533406,2.1675104684703377,0.8703210297585529,0.8178632152003225,0.5557908775514461,1.031296642823275,0.0,0.9301171422606505,1.4155082242658357,1.0578002518087262,48.96342073092666,1245.8625202280787,2140.4544372337145,589.0974674568834,47.33985483074531,0.0,1.1824433963995467,0.3137632424237769,0.004378352380021277,0.0013458283480214269,0.009383542328698057,0.14848242773370895,3.914807314208029,67.14427990123768,0.0
5.647058823529411,0.0,0.06708608351250477,0.016528605282010084,0.021106555434224315,0.060775420941896155,0.03049655506595575,0.07860716730459393,0.08478642586624678,0.15715158082588157,0.0,0.19691521856047123,0.5359126679978286,0.18535038494631767,0.0631536511538727,0.07726493903420309,0.2637087047865028,0.435280080712271,2.2837945485328692,0.0,5.9113432740023,11.115266043960233,15.8993720717612,13.949047268957436,3.5293621849254215,0.20813529393456526,1.4425920341286496,0.6223235586197353,0.0,0.6103222430607773,2.9351290855989207,2.0912968830725616,39.31947673679968,544.6897006554503,966.123280834559,163.63101638939128,118.02093881717653,0.0,85.00663358860923,2.5351951174011695,0.09226699365430903,0.016734236001329443,0.034756255110082956,0.050412707846430184,5.016751194402809,28.469676557923933,0.0
5.661764705882353,0.0,0.06433097268107807,0.024650439074190972,0.012863095787172627,0.02967557354230996,0.04942931748347351,0.051888083584692685,0.1313853402247563,0.06008010456066334,0.0,0.0712604042886008,0.14183696071932048,0.20189214379834944,0.44492219440649067,0.5892190524855105,0.7797063930755084,0.22560258476838804,1.0719372018708362,0.0,1.115556385217333,8.485243272432518,5.884718669091013,3.2761600870802816,4.578796585267871,1.937476096993683,0.25113782247536703,2.022455441915046,0.0,0.7833543599439373,0.8194487119749247,2.092160402635372,2.2859136839759167,23.580235387099165,115.9926800222631,308.48992472681806,575.8678790865577,0.0,197.82521544116577,12.837087182155365,0.5363932279241833,0.050402435440725465,0.031400813683825995,0.10616307587284994,2.4279355501860627,20.434002441954195,0.0
5.6764705882352935,0.0,0.04846684160445728,0.05574285099004764,0.08773180063632288,0.0311527903712462,0.010258474448992517,0.08823711039191576,0.26043678010936544,0.19087202123662947,0.0,0.19500663810672808,0.17402634497232372,0.06318029233434966,0.26639362550799417,0.47323633023617084,0.5054857738289469,0.06948099934385216,0.9271584638915027,0.0,2.9778593714398784,1.6968162017278967,20.951019220353118,14.14054402354066,3.5261556812935337,0.3313545140177035,2.858299798047391,2.6941198542549016,0.0,0.4134860631203526,0.8099886113506441,0.5658054436374085,0.5604424236058256,5.205189274728032,99.33365745221784,166.17042079213948,80.949629669237,0.0,26.369675012057854,11.10845000937566,4.215006176264808,0.16959653371478756,0.030858815777156406,0.21091652836340546,1.718632721852854,20.746137582678102,0.0
5.6911764705882355,0.0,0.13811945721354732,0.1142987823512531,0.03674381713062859,0.027377494696665367,0.0547029450492108,0.02606516117177923,0.014627141334260789,0.04625817641963137,0.0,0.035654031857371184,0.024176772255045966,0.0625598460661853,0.12643985661907087,0.24104077057581472,0.3404128039753441,0.6149484381414178,0.9522190295816975,0.0,1.7725796073472608,0.8876452481657802,9.147459654392993,7.794929719465898,4.124163855943097,1.615021447012988,9.53016937348092,4.5873450252021755,0.0,1.0717276212325733,1.1888865162847873,1.1272818240337064,0.23951476535880536,22.695991387930608,72.92503243699619,36.27713029103218,14.423255725688378,0.0,11.182770218943102,3.9675236253458133,0.6406621705271129,0.23248214459069633,0.023532369797058285,0.3952441439847064,3.0957457816745513,7.315427538129976,0.0
5.705882352941176,0.0,0.06074998843164281,0.07953907819012743,0.048495301544575015,0.013912698166416625,0.01892504148823161,0.01868846243305098,0.017997790025743476,0.029483002746582377,0.0,0.05310293532430688,0.10630092521819082,0.1809305713102587,0.12754263838031737,0.1179314076374453,0.12276984521995218,0.307334707992972,0.8176269855118987,0.0,2.3308926875182623,3.865977006976637,2.624952582212548,15.764344555327373,50.35139933922218,13.350396901840636,0.8636486394643974,0.22407824935817425,0.0,0.21539987302766217,0.341568479260146,0.6652612794941453,3.834155486223949,21.881535674280556,13.190261928867788,1.624570101924526,2.65376560159869,0.0,2.5612879572252707,0.7511460832931365,0.7024098607218939,0.21386497633901785,0.002435326679418378,0.20125883291552027,2.3348925168378347,12.469394810886723,0.0
5.720588235294118,0.0,0.0475964883604372,0.016461143288990558,0.006830606699475571,0.0003044569368736162,0.01928459731576051,0.028522910311103076,0.01538403254997426,0.005481462046866777,0.0,0.01712535186721364,0.006286493364789822,0.04538380522962203,0.023042663813199308,0.043233282286848834,0.09171282505714211,0.04325447895266815,1.5576177315907291,0.0,5.581777413435212,10.188610901425172,17.024142761329188,1.0503414734850338,73.80260817739904,65.48586089819264,2.500391901798575,0.1819730480048974,0.0,0.16387061888157806,0.03566716072287347,0.0721182136041556,1.5611160787201994,2.7463952238158393,0.6638134522852923,0.23227521336806772,0.3849229747117333,0.0,0.3416760818343505,0.29240208769130893,0.08616492641503665,0.02237818066281218,0.03270031440476129,0.08222312019309884,2.802332695175785,24.652767393957475,0.0
5.735294117647058,0.0,0.04442546479107986,0.025400020631403127,0.014162148300414252,0.01898129352820427,0.03513578162826182,0.03710235078385041,0.03549858729466634,0.016102125304923356,0.0,0.028993745353282644,0.009283260606365341,0.04638532185259256,0.031430059354034215,0.39244120937026705,2.576676498674864,6.953892698254794,1.332737626500108,0.0,2.9851525650427275,10.264778885107512,43.407215297302116,31.17235435225765,11.149612759971157,44.53268654869897,15.559264210235447,0.7346117458027809,0.0,0.1565375008650933,0.18453356520187528,0.16205875989104662,0.6284296710653163,0.24164318047000413,0.04197655063593589,0.08660882413634673,0.13096756444175084,0.0,0.15588184021776388,0.09566061969705734,0.07693103609038016,0.04185620209817745,0.006637983757836953,0.05661717468113567,1.4281422049255803,14.57970292987627,0.0
5.75,0.0,0.049918279061133705,0.014163224726688867,0.008953798844848553,0.0095340408751864,0.002596717599194974,0.005527740322143951,0.021192143113922673,0.016241472431135003,0.0,0.003782990717610339,0.007301359373103717,0.037275559958953916,0.048377545829442266,0.12665026845273403,0.1431272138873773,1.5822101466755243,0.37183595889574717,0.0,3.331775389743872,4.405133712093725,10.152767224875786,17.982801507113727,12.164085450669461,59.63489003952834,32.919542893685716,1.8082979820444827,0.0,0.5125293381565291,0.007002788309170694,0.047060097582021496,0.13686681369742032,0.04507837984092407,0.010110832075317149,0.036813220004190066,0.08894465498314302,0.0,0.11859604259485135,0.2669542075276577,0.1448842953730326,0.015314724800148597,0.020114327782160563,0.07141209744979492,0.8016412830781385,8.736710082229544,0.0
5.764705882352941,0.0,0.023285554615550146,0.008473888378730204,0.0044319571882639845,0.0031096832209487075,0.003040138489000279,0.00971211785168731,0.010197133763280845,0.00548647168342763,0.0,0.0037078593266363135,0.007827042980952615,0.008855207509872674,0.04904984903915849,0.012531201739319438,1.224921478064172,4.203731184823118,6.041446709365925,0.0,7.546221450095317,4.3016548960686185,10.951446137441494,30.299761245587383,37.17222977558964,277.8310734729327,337.34695758746756,51.78573077738102,0.0,2.7524330226042006,0.17397218674925372,0.008448932656641263,0.003847451719985234,0.021206732699988948,0.021472142789542424,0.05680164678232949,0.01250096048127096,0.0,0.0395860450986645,0.007695715831937866,0.06881275077401755,0.028208327770064875,0.015449826673368212,0.037616799782892806,0.08108603326023418,4.771398511618169,0.0
5.779411764705882,0.0,0.1004391655953657,0.04554585476192961,0.02107862274091494,0.02122242239043045,0.018020944007099166,0.007691547425772335,0.011271385930038012,0.00995281685040096,0.0,0.002330430564368313,0.007159258584282674,0.014481808859493786,0.1716453470232593,0.13152644891662088,0.05498428619467118,0.17994869016048531,0.8145901934856097,0.0,5.078449758482595,4.66922225100897,3.73509374296959,13.092555218464831,26.054210163259633,6.061723827137732,110.02529214590672,223.20689387930608,0.0,31.22810204106161,0.5772394041973641,0.06176669026755255,0.02180867039466305,0.03436267052112624,0.005054996233935587,0.01070039401258737,0.01276876451893999,0.0,0.027054505871917902,0.11481485405724944,0.019557991338018547,0.008138557813131202,0.006633592798550373,0.036360128323340346,1.1872671210817902,35.659639920430095,0.0
5.794117647058823,0.0,0.07590353510621012,0.03311415999665243,0.005462528967610448,0.00605264007946434,0.012575774298347105,0.006795924203283304,0.005556547684314417,0.005442626222797806,0.0,0.003546220289812466,0.006920879661812908,0.01391233773412218,0.015582817854966033,0.09815600600479424,0.037777566050895245,0.20602667336749508,0.3725396316415531,0.0,2.4831468629286597,3.42272420691486,3.359720406257294,4.8743333448652315,1.9746459669858447,0.33073130766402115,7.299268298316665,155.6138449155615,0.0,208.72739263803817,28.671603761515474,3.124923567539825,0.12234668383208241,0.013264810289082626,0.05639162504387622,0.010769981222688511,0.028401292507349057,0.0,0.07794806501213017,0.07216834073981142,0.027103082664541575,0.003908697555149081,0.03184209365401663,0.012587834071638564,6.482812921620063,28.19790158891967,0.0
5.8088235294117645,0.0,0.007864768527974124,0.01726208410792594,0.025601583159740676,0.013116356423729648,0.010447161395882715,0.019697797079986784,0.01619175972707476,0.008186332245744346,0.0,0.020854223314855175,0.02417131104779907,0.0033883182137787946,0.009615804762148234,0.07162409402737108,0.17845882952484068,0.21983192307177796,0.4171212939098432,0.0,0.7944716485293493,1.493025011403726,1.5516607109806828,0.17223001307107944,0.3752201338950297,1.597636160391199,0.05506864787282664,24.69956645153394,0.0,413.6294290562288,363.8828380673775,12.341222223209732,0.7235582071622105,0.05366991403919448,0.11070230512165699,0.004910236875408979,0.01312928752530854,0.0,0.024966839213842146,0.02144566272937605,0.04486396179453339,0.03923466922536087,0.010980170466897433,0.19727524411233968,3.3986381194796644,45.530642113646756,0.0
5.823529411764706,0.0,0.020753982528158674,0.009788010063564903,0.013487883949667177,0.014852341027881435,0.006580757001220028,0.008365434582559707,0.007839364868988766,0.011618644454735655,0.0,0.00889026221950324,0.006201805227695604,0.07236976982142837,0.5104473830666209,0.7349462763532645,0.28170744829608646,0.016476478502739252,0.6321771783923182,0.0,2.4919752314443087,6.874842696484032,31.591850308207132,14.966490116818948,1.5181098679862581,0.32393954168128025,0.4909728120632811,9.24664638160165,0.0,410.8289473977062,1517.0502541265153,554.6816452760577,36.65692937201193,0.8531724683741939,0.23305631714774272,0.0264425802135095,0.008771824386208596,0.0,0.024403914505814635,0.03196237889403652,0.03728602241882111,0.02935873339063067,0.015527342889076402,0.09192129533573928,0.2809405634901587,6.121048991569859,0.0
5.838235294117647,0.0,0.07248862187708356,0.041295498358326084,0.05683350683191938,0.02961505723832094,0.005767263427287935,0.010818254482203929,0.012604181617630808,0.010568022186862598,0.0,0.019319986008021175,0.02999408923466222,0.03371704820516629,0.17092584752912585,0.24688242971648328,0.3047916641605929,0.2559090019188997,0.6262417471921444,0.0,1.2966863095669336,1.8373267653544563,77.12179431755186,203.17247385998377,56.9648652906058,2.2689042999003157,0.5850495801622086,2.4738486812611225,0.0,56.468942719773075,455.35082263919895,1498.5992791838933,915.2278361598819,97.47581285008872,9.869136175122781,0.6255930480584483,0.029800422084748125,0.0,0.013519763109855167,0.189077550237691,0.03782666842066801,0.009076545042082442,0.03275383617456935,0.1246199928524549,0.5882905875909428,1.7799358403584469,0.0
5.852941176470588,0.0,0.051950883552388125,0.029993542861337822,0.023299810163417947,0.029717475891570297,0.025955982783510467,0.02045558173603549,0.015169976383299418,0.01111464022073012,0.0,0.01496354116888321,0.05598688439272524,0.057909481558730116,0.03999112430940981,0.1827453809039426,0.23518011060055583,0.3401195978008149,0.2377336667292872,0.0,0.18361755936052748,1.8935897308940528,11.709270726275994,400.7438881695483,794.5197576815941,129.87633231677066,4.873222669262839,2.8050095287630077,0.0,2.2017468680269414,6.352167237905514,14.774961013198592,698.2737316470203,1169.1318446685598,190.26189683934217,5.428792119418849,1.0970417592250865,0.0,0.10206316973307235,0.05441370846228323,0.03598572428311156,0.01883387333902706,0.05878883682957842,0.1715988389135368,1.8223142739404563,21.700322461070037,0.0
5.867647058823529,0.0,0.05617136046795193,0.04383001345756966,0.030502049759732884,0.07902891627511913,0.09606892201724793,0.06958077135951857,0.03382177634749134,0.02626928661869858,0.0,0.0568491917345529,0.06658690933128981,0.07721797939586338,0.07197525866011688,0.07292357364815408,0.2597447702150687,0.4829518899018759,0.6624381076982855,0.0,0.37548346423471624,0.26251669272472844,9.057632657476274,84.52169868965171,993.173379702066,2898.4460800414117,1698.6814060648253,216.16443478025604,0.0,7.649717942467021,12.041601549900339,51.729125950412,85.43879408217302,9.257935373445434,251.34691530321487,191.73654488126596,12.12913409944538,0.0,0.14199501894724267,0.24862332702793227,0.3754716774862374,0.30525184823847207,0.08749123716302874,0.21206445335126584,1.35196518207293,10.557635549342812,0.0
5.88235294117647,0.0,0.1318037860231262,0.1447865184297185,0.19004144705407106,0.11975567531332791,0.1183486362870966,0.04283485957321984,0.02966495652019009,0.039333706281680675,0.0,0.08375942433952888,0.08839869071671363,0.08829062552953379,0.14672626835245173,0.12243774065339091,0.046542669830087924,0.43471544827590125,0.06232534819776365,0.0,0.7760652511067281,1.0779197794770605,11.300524852888689,8.630113990428217,7.751955387869515,1.5267453004659566,1437.1760474638513,6197.601114369092,0.0,2586.025988609247,198.05298580358289,66.683202744701,27.825005758027665,77.71529907617723,7.75909148971996,12.558573894815096,9.032481657113301,0.0,0.12882262127358368,0.3276813929190672,0.1722711012003858,0.09611982548064107,0.01269466065050194,0.1907751237364867,0.8417352071154699,27.561185967430625,0.0
5.897058823529411,0.0,0.11834679089967692,0.2500636405066869,0.2562563530622389,0.5356579699923096,0.2812481612339003,0.03310083226123747,0.008264606506366613,0.028144670160702816,0.0,0.030054230151353938,0.05047135502201411,0.06340278039347087,0.05232750897898446,0.12273947767667173,0.2006547600438735,0.23727191744943404,1.2571745696432939,0.0,6.080266406831935,10.26307866744217,3.256910288792684,0.5084450805851369,4.41978431277857,12.636737231716971,102.81850858450332,759.799287849758,0.0,5456.037487885529,8489.466279699292,3313.8422536480966,955.3627275981733,371.1459701346921,39.435334212526655,0.9511765347250969,4.71166476099997,0.0,1.4859970525195778,0.11025909733100314,0.07779458541256373,0.1097408809115084,0.05576446334994542,0.2715964618905429,2.001278329256359,11.65519621352454,0.0
5.911764705882352,0.0,0.4848935307158011,0.3593675633137795,0.03006281353326012,0.043743667587874166,0.025788944601272568,0.009314132622231281,0.030903747714953828,0.04561156897860563,0.0,0.04423866723783559,0.06427093111521456,0.17051713098090476,0.22793246080566368,0.7013744032714251,0.316498419275277,0.40402589085262985,0.1834867241667562,0.0,0.27874387673767076,1.5333419864862106,1.225428285949996,0.7569947312244593,3.105807311065341,2.736160309490871,9.109562252623535,5.018267172836793,0.0,99.17592590415208,13.204864301579343,1839.139655125263,387.39094874321324,2470.796825297779,583.8746679904134,74.21324921729055,0.05163282244436318,0.0,2.7395251138868755,0.07280559190808958,0.23459465585195455,0.033863103727353586,0.02301737433204542,0.10135006869904302,0.06831942068779912,6.2992865104295905,0.0
5.9264705882352935,0.0,0.13273799135354442,0.04388183852907284,0.04688428512397313,0.0067607727078779906,0.014996526887165816,0.021833633282278473,0.026032587426342433,0.04453027564043416,0.0,0.08590474031842812,0.36889708795943016,0.3034611290438526,0.06353879195702453,2.0220925652456643,5.121290903175513,1.071066453367654,1.954792599425417,0.0,0.20731772890938824,0.12534437928872058,0.7523206451892227,0.2884225557003398,1.7939664283010082,0.5113607946389874,0.44464821192793147,1.8111475917666948,0.0,1.6555420261133698,161.627646928596,1009.0298984331628,1960.5982153762066,5127.413548630255,4360.166638503345,930.8247582928204,50.07807548149866,0.0,12.483730985830027,1.3294757238080401,0.6645467040364528,0.1798218212020657,0.04203781529935478,0.051847894674529466,0.14898788221359768,1.8916652974947898,0.0
5.9411764705882355,0.0,0.04318690588673242,0.04352324692443667,0.0472444863293297,0.03296938447370952,0.012722157744038697,0.017155983835085504,0.04099180091237947,0.051647010271218916,0.0,0.15919755418965992,0.28630782635034824,0.07434024419498877,0.02420910834813945,0.2276629778143171,0.6659261423264387,0.6698090148951092,4.316013760791531,0.0,0.9010691025228587,0.9520909408067935,0.2408609875735869,1.940015230695061,3.6157913647798643,2.4504552337267453,0.9528981796647071,0.7703018913421787,0.0,3.409574686732663,12.617554264395132,58.58985983499326,305.038122447249,393.90259767889154,218.68508075119925,540.3519567927474,680.2491406722321,0.0,113.96685177780074,17.12848516773314,2.078425683632496,0.4338133756160394,0.14281310144256038,0.11391649114785411,0.7140583259565181,0.25523764110824143,0.0
5.955882352941177,0.0,0.1517431731596799,0.07572895515741364,0.057693020516540086,0.03414253438692129,0.024424593333658453,0.04074305303796062,0.04090937751489707,0.05431172174798367,0.0,0.03714332188285594,0.00624628287529229,0.12936897932548527,0.22436108893220444,0.15677918035833338,0.005636582797027123,0.040120986250532883,1.013674130140534,0.0,1.7022498111534419,1.3010013270014276,0.007744470775323988,0.466607235658847,0.45678374460948673,1.9544316477888177,3.7436115722657197,2.607441867187508,0.0,1.2409211941020768,13.675166609541765,24.66898725534177,17.848023383510682,21.57463676090628,90.32102026180078,475.82293111394637,405.13891069710485,0.0,94.66024812723617,44.59072662949424,3.6676811303310934,0.38252138091187804,0.025168610476573,0.16925211279840946,0.2860467179927039,10.140175605130711,0.0
5.970588235294118,0.0,0.050003766674291,0.10068072038962779,0.04896018840493047,0.024575291967608638,0.03595227961051926,0.08262290707302923,0.12400901953154038,0.18023791246450654,0.0,0.11214448615421971,0.09853205593512901,0.17523365652807715,0.3676187492015998,0.2625973779532812,0.10350463102272174,0.17206275633365192,0.0206223941991874,0.0,0.9444299448698101,1.7698320180872043,1.496533662974306,3.8559907586034763,5.027143710156577,0.5062062034031387,0.7216916406756024,3.628322922512522,0.0,0.9925438803556876,6.393907635235869,2.6676538736328514,20.980756733118895,13.001942279291201,13.128215726080292,463.96732898014534,670.0324339921273,0.0,65.51454753857568,4.944991307618992,4.467354426295039,2.127015721630121,0.2319598172911536,0.25843602855940995,1.3219534852972776,15.47721456370881,0.0
5.985294117647059,0.0,0.034684473339716804,0.05845900600295716,0.037473957849525244,0.04794454671342528,0.04913952742181234,0.048932935306191624,0.06176834253655912,0.07423902148478577,0.0,0.0318874954081039,0.07162192029160172,0.03659278336270387,0.03723615161122043,0.03304668472087677,0.167404055227552,0.12044490641002945,0.4703484140244396,0.0,1.12315020142651,2.7744684842545353,3.508813460055717,1.2099711234235762,0.6673971564168377,5.714960487146813,6.4719422379797615,1.40130258796315,0.0,2.3547739759765083,8.618003369496783,8.434670303998882,7.798884919915344,8.156348952305493,65.81152777209427,350.3616972044741,267.1800043277844,0.0,69.5857845507281,11.531249116415719,1.374735561476413,0.8995525130064708,0.03606601973317111,0.26042116775891666,5.157540609260016,3.3679274227842115,0.0
6.0,0.0,0.06446285910727248,0.04808992588991594,0.03085467708952755,0.025029166630058067,0.018903215804530762,0.03632360043013535,0.05869022618355303,0.06280005702892692,0.0,0.05208991771320684,0.031779638593386526,0.016773711731606966,0.021982483061321074,0.0641956759292379,0.11551840206169353,0.1111629829212489,0.1204642533146249,0.0,0.4061491468250138,1.3628119325312107,2.223157351987146,1.8806240274303785,1.4477802232085866,1.313034250296878,1.1690953241133102,1.1383096709310907,0.0,0.6764926240257219,0.38017749438344695,0.6169231765834846,1.3028576901254367,0.8512964511374305,1.4967027805214488,5.008795404206453,4.9567537090878755,0.0,2.2952645559688483,0.7923982187558427,0.05305318464414034,0.5319570885696905,0.6613072196247004,1.2788963321184585,7.038802742762638,16.489431897092995,0.0
