time,0.05,0.060000000000000005,0.07,0.08000000000000002,0.09000000000000001,0.1,0.11000000000000001,0.12000000000000001,0.13,0.14,0.15000000000000002,0.16000000000000003,0.17000000000000004,0.18000000000000005,0.19,0.2,0.21000000000000002,0.22000000000000003,0.23000000000000004,0.24000000000000005,0.25000000000000006,0.26000000000000006,0.27,0.28,0.29000000000000004,0.30000000000000004,0.31000000000000005,0.32000000000000006,0.33,0.34,0.35000000000000003,0.36000000000000004,0.37000000000000005,0.38000000000000006,0.39000000000000007,0.4000000000000001,0.4100000000000001,0.42000000000000004,0.43000000000000005,0.44000000000000006,0.45000000000000007,0.4600000000000001,0.4700000000000001,0.4800000000000001,0.49000000000000005,0.5000000000000001
0.0,21.284040620472616,22.1909451672518,22.996995609432446,23.604901682730652,25.468379285158278,27.860786938013696,0.0,29.686669248629045,32.72356462075165,36.300189687979504,40.94915593207334,45.816035604895674,51.14724618201041,64.97775830272707,87.80409409232848,129.78606924417585,168.659123242504,167.40867211483769,198.2307756351872,287.1044442547706,440.6546993896246,690.9740280848046,1042.9432928410256,1646.699830189994,3040.023008539066,5312.649039039507,5718.169341020469,2924.7172429080033,617.8504898136132,0.0,271.95422563515865,216.14132454330746,126.3065014815952,105.33497258893209,77.46164114179241,65.27073005949279,54.09379189704754,46.011428781689666,38.861232326170125,33.45532611478268,28.84240282515118,25.456039519880875,22.410504082212285,19.701098339506487,17.461767363447937,15.482376364074101
0.014705882352941176,0.03281903353107432,0.03841948882886855,0.05791037583900678,0.11221286426180206,0.04383529797669003,0.00664561321807435,0.0,0.03017907722029605,0.008585115024842837,0.013874341589802481,0.00963749924694585,0.04284507188264698,0.20785230471120802,2.5280107256516544,7.059693291596179,17.700682848484043,9.889983954463847,0.619269437727878,0.5733186500474738,8.344859598242545,31.42486346821253,25.10994873181054,12.646545993691394,7.431413450084129,42.254162266958474,257.6044130258766,1652.0018806869477,7123.350519926244,2853.368626390586,0.0,251.26167225675104,70.04159902508911,8.129225596866462,1.0981107061241713,1.0740744590275697,0.07384017781858238,0.014236155412632453,0.007984677073357588,0.023015242189872814,0.017425053096603912,0.009408506218239602,0.00837814662908251,0.005069980994291528,0.010637459084755722,0.020379869201358487,0.18295126340550183
0.029411764705882353,0.11215187219275889,0.06414961986546973,0.03263181823184025,0.06658700628460026,0.18374996731756957,0.09112464465935051,0.0,0.054354370522614014,0.01521730856121274,0.038527073682025764,0.02922082695046855,0.18108870759518914,0.1465937253963755,1.7457336032273838,4.031188951252102,5.421291344896854,8.134045396597271,1.1365543871713732,3.007727002111936,0.1320700908091127,16.20178159458353,296.8350502259001,1239.6979406732933,2447.2538818496096,3363.2501757124433,3064.1214039206006,2235.271878651091,6156.705444790985,3522.9861891504042,0.0,404.6617147001993,1140.5806330361768,128.14969693895526,2.2699769006348802,0.27371517813528423,0.4284984310379645,0.03646337695618826,0.027665717191358935,0.017686659383455292,0.01243818646468448,0.0049632724552149815,0.015241978915577773,0.02814707836618436,0.013030042521932983,0.14039191997569367,0.7182207017737294
0.044117647058823525,0.9090716359771838,0.805640811907623,0.9828345115319997,0.9530204168170988,0.38251507368862186,0.2412023502483907,0.0,0.16600977726261285,0.522639557904105,0.5760588954498875,0.03418609360865465,0.47734133930497596,1.1071569629334255,3.108967404114345,2.117957035598426,5.573835096094591,7.347812633615777,1.780177432771683,24.47162943126842,82.93530698736942,77.69733908600833,7.112347367466159,266.4247791501855,486.3988314935572,981.6342068281078,3208.956334830842,4128.505257568636,472.3444880645367,5286.103848908908,0.0,1944.8682873313178,1143.08059388739,118.39749153012158,17.9831678861204,2.499241094519724,0.529216246552155,0.2746426516920834,0.36874377277814063,0.061855586624738876,0.02634550630079189,0.011757547429277702,0.06778900104975885,0.041522527183415925,0.021997643554157953,0.3437830755446786,0.3542235288861318
0.058823529411764705,0.7429031593609727,0.47747534953766885,0.6277513349822502,0.47979635839402257,0.2046818108899363,0.3239169797982829,0.0,0.5688683941808969,1.0132351780608746,0.9372394443835638,0.7220957405409689,0.20305222284342472,0.40693472450462154,0.6755613753938603,3.119665036814449,4.391579068611057,7.524140351762869,19.430091078008445,3.3029024722919673,62.232975205614586,86.74110647735384,104.48728845946442,143.12009681100258,396.4982819355188,264.74134067024664,77.5171517988942,928.6632415102911,3958.2057063116818,2797.38983487521,0.0,2817.2599870907984,2966.2976991913324,865.3226817101063,30.279417256229245,3.341590077489765,2.1501192218247467,1.6605748438222827,1.0464667996293802,0.17312275006511585,0.04006752093532365,0.022915856060404097,0.015779346614829486,0.003009155780358221,0.04196533274831866,0.7910985870335806,1.7521274283226322
0.07352941176470588,0.5353269238475271,0.3037715663524998,0.1232044568233479,0.22376539196434944,0.20169813020596944,0.09399317006555115,0.0,0.1241543109646453,0.13048521922890205,0.27224214021951154,0.22617247152211875,0.2154987152000536,1.3956243675342923,1.3619252495010459,0.6279438123045895,1.1570139010247356,0.6073678880699134,1.7718018075281818,27.929291295026914,62.65931530541503,36.7489443864216,113.61474823820836,199.71145181602964,166.63794494908828,424.17626616685,1197.563794038617,1393.4902403438618,1570.875259880199,1960.749402840977,0.0,946.5210813722251,121.46675191157476,103.15818039313776,94.633149220608,10.025978996844165,0.2746221403597753,0.17276464834263808,0.10725556551620602,0.12540458995241516,0.0328910286722424,0.0049046155857900885,0.0003026246293726149,0.0027389974713239625,0.011882207083341994,0.11022619168371604,0.3214585514104705
0.08823529411764705,0.2063351226391558,0.4022802581117204,0.15854103774087508,0.28555342895194147,0.24100968849577684,0.14912857366545051,0.0,0.177844715203737,0.30150338561270107,0.22778596992832126,0.1458096083481828,0.09720162236098545,0.09242482258203653,0.5253096151573932,1.069568036361379,0.6829955706554419,1.2920373980834425,4.703175819454563,4.149695213780457,5.649618186571482,34.07369575329419,116.04104078808936,426.8658575023947,946.7896781828672,768.829475738999,50.21706306703054,88.81446991422098,388.63778592110987,436.8177057068542,0.0,167.50006387659812,117.20535717867239,116.26437186538683,24.52804197531824,8.451375282974137,1.8500606438002465,0.6535720004861265,0.29526540633484355,0.08158323927136164,0.01955031294450756,0.013812293833325582,0.004443598276677225,0.004933139991226422,0.002791696861954301,0.025342303239306932,0.27128139847593064
0.10294117647058824,0.16550996241572333,0.34487690695195555,0.2637409434897031,0.24095677149287364,0.1894276874475459,0.04281381223422205,0.0,0.15154589190198328,0.46012556112193426,0.38868579256150415,0.2841400145031472,0.6315185955580165,1.6311229876116604,3.463304385289738,2.9834699587048794,0.39739492218547234,0.42046280312649265,1.756494396178634,4.333477990207664,9.889053514420905,40.30342133034256,11.975053315558782,80.98305422323392,195.10140553464652,260.92922466933703,110.52283309377569,36.925558011142215,20.946758766063176,10.218709871402009,0.0,211.8993328000745,511.5867896671364,100.61162533241964,49.03716607957238,12.375526943212993,0.7981447197316665,0.2273097449889087,0.0351587416739615,0.01740518006541502,0.013111378559400142,0.013205110994443887,0.006759699500624373,0.007611176442125887,0.036892879643653245,0.09991635443795974,0.7814372689878307
0.11764705882352941,0.3173080577753353,0.2601706363717178,0.2647333308652074,0.15577710457070193,0.16299013167712326,0.1169454127646686,0.0,0.1033375711402308,0.12817341757246492,0.1580302256634133,0.10708043901112671,0.18080086436571943,0.05803277886532757,0.7123854437291961,0.5296476722440566,0.22423992249766855,1.0781025865265552,6.831291632379598,8.196643349726216,3.5068595823462028,9.476209565201046,3.4073608310688575,0.6728083995207074,33.40941440965247,112.59571746717523,20.264193750610346,302.2128380404957,845.6723174307295,1111.1696400750627,0.0,556.0149514837863,180.94012280431497,21.441817168678057,10.294633950258746,7.7728994778399745,2.156930115212144,1.2097473833904164,0.0703242720444078,0.052840036323993166,0.053935338208989284,0.034956281673452015,0.032936394652996775,0.018056393287091223,0.017612306971767265,0.024886771853307454,0.4153123588537369
0.13235294117647056,0.06343402556162488,0.15614930523132878,0.058709176358819073,0.3767250351560606,0.5317721861965284,0.309675946386921,0.0,0.11791267676635213,0.019118153006757364,0.18191141731857918,0.27801611379766666,0.2528353415545235,0.3165434960243733,0.20083102496526553,1.7728355783806449,2.858793440621432,0.6792978464788196,2.8356921793353282,1.9895145350937349,3.359377469140388,2.1803096671865827,4.596868871758663,8.905992921427687,9.400709698278071,7.336503221888837,247.92450867605197,507.0211428860164,239.78888796887014,49.49566579702542,0.0,9.94306140324279,3.8689487508050187,6.553812178353473,4.472322971656586,2.7188152881423884,0.1963126243076684,0.2551803505794896,0.12742347048425962,0.029965019242858444,0.017825266117816804,0.011093805847735014,0.017793981706003156,0.011912600515266297,0.005928578446293478,0.013140319935177048,0.7922742702457306
0.14705882352941177,0.5006235572958878,0.8934425594331716,0.2440729292213567,0.12723168970563153,0.23564807289600997,0.3526628410571821,0.0,0.158007506081771,0.03488003984050713,0.12361564714074598,0.06177845946461224,0.10069238578400305,0.10235521607109138,0.09393092047352189,2.137771237099175,15.287664065208617,11.366698237469041,2.009991834547666,1.1150333018950838,0.42253041721129847,9.336779941801739,4.827693241983733,2.2252810882590612,4.642812351096119,2.176826443250678,13.024638703922843,23.389672683760246,5.542732607895414,1.756684135319405,0.0,4.299720333005146,5.704214828770858,1.9542756035042586,1.3176851142627168,0.7980476481276204,0.02155633393387841,0.1005463795079656,0.034789947934786375,0.01466441548679668,0.004217173138301938,0.019635615379248458,0.007064499985401483,0.007014288442530987,0.004386480201310567,0.1383870730180266,1.1618289325975046
0.16176470588235295,0.49994317230288754,0.7967770116184129,0.3850263826485043,0.0575407599493785,0.07136501959159852,0.10388905356926693,0.0,0.09582426026479038,0.013274268382767001,0.021554330942985693,0.0756361008332179,0.07748070846383347,0.2047507232649754,0.5895640158167138,1.2282380462902496,1.5775097816022403,0.9972724139863831,0.6180718166092619,1.0645884750783472,1.1642552678365157,11.76056909131733,41.69099062419788,24.248630539585527,8.232269319036392,3.9573037482073974,0.36399346534173876,0.6193753932385289,0.33314172020137084,1.0862488015454568,0.0,1.2060894470103414,3.9401604278314863,4.192597742246797,1.3656510049331734,0.5343306001570515,0.4219810085271588,0.10282114217397872,0.05232253483473456,0.05989088476894164,0.014315047937513531,0.007400583724938892,0.01585865775268256,0.017199827656983684,0.0071003709628490105,0.15772921775945475,0.7991308585026333
0.1764705882352941,0.49978373018759936,0.4772668898117084,0.25389684816385644,0.10457678585905324,0.13159917074676908,0.0746689457629593,0.0,0.02679695023246307,0.04221605646358456,0.06811885559642192,0.009907209010946468,0.05778604497099658,0.6497844100518413,2.274220123616315,3.8484007086548777,4.266949693588667,0.9070375583824423,0.5629738911136544,0.7957353570961309,1.28014407608797,0.9575153385134207,9.86118495835476,5.1459160670989,0.7852107033672536,1.2972159877890581,0.7479196648404788,1.0539837645222152,0.9286079300131272,0.35063379087163105,0.0,0.06273122512379403,0.5801305500960809,1.205500160109378,0.5075250335066424,0.24370043666198654,0.022964547639921968,0.03618891785039022,0.03419959779549444,0.019440962756865673,0.004134436337780054,0.0025256077386514655,0.0017013336057700847,0.0016840241891151629,0.0071153790924418595,0.026623640540517645,1.268041305921751
0.19117647058823528,0.4212040351195845,0.6141251680340076,0.2185370489602945,0.43342624427729676,0.654673680077325,0.29404510755974755,0.0,0.12446451510351351,0.05941703227485421,0.026105683904258395,0.07316190407282568,0.06971541409061317,0.7996522232002126,3.1575763305578786,3.7255321904416294,9.290771575589254,31.561557455568547,66.31819964576735,33.718272089922664,10.68837347511578,0.644767040208145,5.649882324686955,11.231311695053481,4.965028315961405,6.028175890671942,2.2017544022478797,0.33492511117632356,0.17061942436369176,0.0666549984113882,0.0,0.18393046006110408,0.7462521380817397,1.0800745016196875,0.6733148055645606,0.4283484519604286,0.044376922089638476,0.06024096244251724,0.011687235304167432,0.007239875056379615,0.013388750539692488,0.00653113109418853,0.006359127439755618,0.004563778150004761,0.022576568114636875,0.1959849595458547,1.161895515135138
0.2058823529411765,0.5967746590026671,0.4139795829873377,0.7815929367629904,0.20112028118543743,0.16586823569080678,0.30647617541150174,0.0,0.1005995057554994,0.03995509451172306,0.020047299553197995,0.016092267595942206,0.07669545131115353,0.686859664328869,0.04625834771580149,0.45016936369401106,2.9149937197416067,61.592988376334674,668.9621743006933,2207.939624671185,2461.462817907906,1081.242439835016,342.5725725814409,146.01317473052492,46.879906501661544,11.466067947596413,3.165763162438843,1.599188870622761,0.46484871469243505,0.13320997696411985,0.0,0.19590349964942783,0.047262214492795135,0.25917006886018823,0.27023172114997607,0.12275212421424514,0.08639676840392257,0.012240361964343738,0.048720701027802696,0.01631422353987434,0.010380868133518763,0.008960456716255113,0.0030007110971484964,0.010803656206071,0.007204171522865915,0.09045887102633289,0.7319616571790681
0.22058823529411764,0.29946143937533515,0.17695324964867773,0.2996179983601692,0.13512498822721586,0.1517836145993305,0.09142629019968367,0.0,0.04195306342712101,0.022410459541583348,0.05290477620951732,0.10754004299945848,0.022659961199953726,0.9977425886377285,2.3798044307037696,1.188224646409969,5.48175199454594,4.143524826299712,9.73464199993128,56.80363792863038,916.8559263094462,2637.343982929653,4760.868363999779,9384.825730093624,15823.301364985267,8074.7552295505675,894.6710051902462,37.28820270721245,14.461367705196484,1.5034853816836153,0.0,1.1161975188234594,0.16131876947995524,0.11652728480683866,0.2764170726346604,0.046713655611922075,0.06628853536833015,0.015614220105149275,0.01635159142601613,0.026000668309073258,0.01805397585935038,0.023055456922283713,0.015836005326231414,0.010599519794824493,0.023923527944785784,0.14892377351927016,0.8113635927913845
0.23529411764705882,0.09216650905508078,0.1390809553188257,0.16612355493901235,0.12058952932576053,0.07739082897328918,0.13663679294883974,0.0,0.06855357170632785,0.018791819231193517,0.009547779920073662,0.009026729499620498,0.05997998182706769,0.34096851722517485,0.35846006621612014,0.9059856367907961,2.1664165650932308,2.1475495915398466,5.347300455410323,3.3417467837211765,8.143160196467688,16.58312570493407,586.7740762225598,2485.0508261413784,5850.500203048898,13957.337624086733,21494.115613717848,16499.466785998142,14838.961630421421,9462.155070832163,0.0,4014.107949964562,1061.5109528562348,153.50331448845844,14.082551384525942,0.6253402217890535,0.5656815130785886,0.4541553792483145,0.15807870009594696,0.06285875568059235,0.015187637779011914,0.004334236059651825,0.006336285045718987,0.004961359371969783,0.005384917836878565,0.05891193838393487,0.31735536244151374
0.25,0.1365758937361095,0.1707631150710272,0.24344805754847432,0.38083556840640376,0.5440355817153852,0.38628455873217094,0.0,0.18906412982495707,0.1695629204538089,0.1692492419727824,0.33159929528430976,1.0157809983024948,2.24636185031089,2.3754730069566063,2.2387409270460337,3.590659339682326,4.39405462521813,9.39056531059199,36.77866885259519,20.225855656314064,113.37473366247299,110.36220433775519,787.4585874490965,5821.280602418058,13934.096124600135,11624.407094658263,6504.922124560327,254.69186597217953,3319.1836146729256,0.0,7494.805843794258,10646.329394878989,2476.6974798585998,74.58609513294681,11.868166256814394,1.5402257354120128,0.8173392684827654,0.8883224032519241,0.3686472512184828,0.05933882143951334,0.06795518552203225,0.04064901062375038,0.027872081157397352,0.004638157870519392,0.00798317013894694,0.15592371829526067
0.2647058823529411,0.17624332978523996,0.3398713907036608,0.4292322183575135,0.44335224308572396,0.2337816328645834,0.08090458024462638,0.0,0.3132443243133216,0.29875427536598337,0.7065940720493453,2.0207609266758513,2.1614968116100437,3.0989812188069017,3.8451106044811265,10.1586846608793,10.671572569593872,6.546652491991714,19.630911309037852,8.072564182285305,33.02724056373565,35.67859320780835,137.13950785934418,340.2548918478495,517.5604252899227,578.2591426193968,1052.1028529406863,11700.810712610899,17319.631951637388,6348.696649673318,0.0,1766.2176746201499,864.7299219563083,1228.0071268664706,661.7077822958572,88.22258578595236,24.987323587356272,1.0264339157387763,1.7138368110559368,0.17038518084287946,0.03379329240319479,0.037033783262815104,0.03357391439178607,0.009989779719790095,0.068527349969959,0.10809114722180914,0.14252366109213638
0.27941176470588236,0.551045348429207,0.17357484993224134,0.8697830108006973,0.9997093901566751,1.2324681939085138,1.2489814901644738,0.0,1.057986501520208,0.6773374123675396,1.3238014787028818,4.496765745476844,2.490171858154515,3.3061235554628268,3.3824362390117955,2.6700805878689193,13.169731331735562,6.702909415681859,6.74442565730967,57.55821193005913,23.195254327810368,14.679592993546516,98.5104077691847,198.9819391637871,344.5608821778195,136.20098917347488,84.6658159428296,571.7839539986443,946.4061647235048,462.6047867823603,0.0,13341.092586554376,25903.327295214935,4863.423661711017,3780.1209369223434,2578.1606800585964,183.55678023731843,2.285049445161503,3.314121866074585,0.1703319381027171,0.11046520110502511,0.0641571968963912,0.027416677464219354,0.01183539130356734,0.00832355268256602,0.47324184718152934,1.3271068082236264
0.29411764705882354,0.7850644781420867,0.10564531972817273,0.37343579468422494,0.18185875910799634,0.6408314946926603,0.8113639084589033,0.0,0.7401403891589776,0.4526373251718543,0.4412404232450755,1.081060577487209,1.7758867169568613,0.2923462104240145,3.018216634184195,1.9098193827631107,2.5377590898176416,4.549645678868771,9.550342392803625,1.5654012857994766,6.985769483131188,4.013274226429525,26.327842620492913,105.99449386234647,126.13317899321251,454.15340230015033,795.8766763664727,3555.8528645677115,3587.7205518293836,2633.2663982487265,0.0,11705.697258667089,1667.971586933163,4617.444333016292,1782.653589017852,144.96747764814438,4.347589782483321,38.62085442536568,5.990876880185736,1.252877264704622,0.36771278765823473,0.03492636221022757,0.04874214950220683,0.01121955101823239,0.02112668676888972,0.17931058358005042,0.9302705540627396
0.3088235294117647,0.36919687965293113,0.2826005588137078,0.47386821832482817,0.6717984526202552,0.3866380684832329,0.6341775806126504,0.0,0.24744201660617707,0.6576431317547171,0.545895113668032,0.16726365503261578,0.8872308542593721,1.3280118544734345,3.0043531655358424,4.77962036985884,3.140674641066976,0.8561638370423611,1.9719920035658285,2.8051066940002882,1.3017392850415612,6.576340060928437,38.27523931891964,18.60692622142382,64.52625672225437,347.26097072331095,1089.6197233911466,1732.0549410334256,2216.8391821821624,1276.998948125275,0.0,338.9635078702029,654.8529050108004,76.90071283584999,189.73952854897783,104.81565401017548,183.89773650182735,40.104409946197165,1.0151640193905636,0.5307339184986402,0.2505096140802183,0.026894924833818,0.010976557841094293,0.0056944337653834064,0.018103239258190077,0.09209764533436549,0.14840097195332014
0.3235294117647059,0.15560937498124816,0.1609050956165939,0.08186207205124478,0.32578301913405816,0.5068058664454292,0.32972555324458974,0.0,0.23540524455487674,0.5818816076337551,0.9018081476325885,0.6033042566738149,1.2242691624769004,1.4954950427832197,0.6722701666959269,0.7839087588630332,0.8438681600572154,2.1191084935123357,1.2102612881205148,2.556717001690174,3.292248271973645,0.9782965387678999,9.502972156906933,3.2634701837237934,37.606436427047605,15.67078159149158,4.40466578641686,18.317381020777134,60.39539613727265,47.5927908019154,0.0,154.46244607082926,315.7141942271752,170.13828051171777,27.39444370227906,85.85411149775555,54.93425967192619,2.5702563524495057,2.133700090749918,0.17903199157869432,0.02931287848013043,0.03149076659599398,0.015007020015257447,0.01925685712341895,0.027727588121880427,0.025479294901147677,0.2405577462723525
0.3382352941176471,0.29484392096935835,0.47939925299415737,0.36505361642796685,0.17375268242572256,0.19683003511066494,0.2636597940881991,0.0,0.3000439226451769,0.7074755041357693,0.091055427577176,0.468847413964923,1.7892953546921873,0.8155894381313544,1.5971311932175922,2.030575833912906,1.6737890207627217,2.4891260407037437,1.1211068348324673,2.7527551822500023,6.960440460310235,7.259400132519476,4.880283475173203,23.651624462462394,22.715659750333817,20.680201089043933,11.568317198260155,11.878526373313347,32.436393532696385,43.88129028997679,0.0,85.19556238959129,40.898902893483154,14.28165284788686,20.456934314195408,6.6299050868433405,1.379941356465447,0.5156184863927029,0.3396283419042122,0.10863109082311924,0.10198816757940812,0.007108036496506645,0.006090304321736074,0.0008658029175162877,0.01782785374528969,0.06231652751340503,0.5825804743408757
0.3529411764705882,0.07710936931847237,0.1599829029944699,0.06171446443565359,0.23531334246746138,0.4484540634377172,0.24661792947514832,0.0,0.14805955782907687,0.40683627003882455,0.19805015048525945,0.07168793279092373,0.14763110295567164,1.260905719497322,1.5447933987564295,0.4989265478533106,0.9574973998547109,1.435744801724824,1.3914661152954442,1.5345671226393107,0.8873904067283392,0.26752665899108247,0.6821514784006908,10.427769978223466,8.915098243685605,2.551432813816988,0.7980211010706959,14.973754896909703,14.499611734222327,4.2171056257904525,0.0,1.8001124919425424,6.139647771772513,12.134601266418894,15.747385537444753,9.240018450757853,1.5033647221492354,0.07787236990526236,0.015261633147007058,0.08789562535652773,0.038851504745047984,0.0037011963894947493,0.004932505666033161,0.004526335348844035,0.004154927207677134,0.03291005429298838,0.89068498914006
0.3676470588235294,0.15265051002162128,0.11312575345787979,0.25825000517526464,0.3857022695707102,0.1636895393745379,0.10902431487059155,0.0,0.1955382513376218,0.2316884504033216,0.16536999223742388,0.09053699364755649,0.03604372147386552,0.2594213351713468,0.8282716734553242,2.0410039774885567,0.2704395305523281,0.8150148158962126,1.194209500888199,1.2239950254310477,4.038205208713936,12.551074110070465,3.5135437691440803,14.389586706440577,8.116168848150735,1.9579658635359545,4.507358190437538,2.2795786507981615,0.4513056205806628,0.5364151263651037,0.0,1.6260061190084152,0.9398412947735856,2.2866375113670006,3.0026722482343295,0.5258746769882042,0.8250874534862223,0.2985125054208393,0.1256019186907806,0.036367327665082855,0.015269665986785858,0.007744965626785798,0.00708661270148013,0.005545980270675677,0.006996467088826699,0.021558325729906933,1.1457133938755533
0.38235294117647056,0.6516973390543241,0.6718146843580155,1.031003278405239,0.5546775024847637,0.36135761052729953,0.18540275776946497,0.0,0.1156564451065607,0.19886151786863798,0.1076071268524925,0.1552180782769802,0.06333761667085594,0.3087834711979028,0.4767673363037179,0.517597483711132,0.623676920346314,0.506378345751047,0.2516391439155171,0.2903927170924127,2.197273754227289,7.323949970540477,24.075793253441102,3.834756003080433,7.394700724281064,1.9314186390599728,5.954594155481594,7.160076981509748,1.6385145223009498,0.1387808946586862,0.0,0.5598678930533463,0.580459159461812,3.198487592110605,2.042158208364716,0.28897826026328755,0.3071139097160807,0.021162970969589214,0.018761637633074407,0.022122089514616996,0.005859987626790263,0.002764545121722482,0.0030136179849706854,0.0020831880883028795,0.0007593389255312832,0.13958260907653444,1.3957109048009562
0.3970588235294118,0.6227814752773982,0.5412588440618042,0.2724676356085928,0.5419816917259537,0.29606397803416035,0.14634516313809676,0.0,0.06544542767829405,0.13656420705892597,0.08520042208920534,0.05198457729635193,0.03287172463215005,0.10752319516456704,0.4236646136791576,0.15439774413827845,0.31124660848345487,0.20902534418942786,0.25741697306945466,0.2945725234632147,0.07595486981879475,0.2933352909021753,10.382605869715798,7.122337293229266,7.863669020163984,30.140478952630907,7.722524066428582,0.2658755816348607,0.17996424276242595,0.07866822976923986,0.0,0.06578158758959983,0.040414642349644814,0.25855917040875975,0.2906223483703513,0.10313724789385748,0.11480954066934204,0.0660149023378708,0.017489983972782494,0.003448409735878323,0.0024584190211452577,0.003046068152534337,0.009369345722469133,0.011244223952761633,0.034707156881046516,0.0989885603463351,1.6679141176408718
0.411764705882353,0.6761547925144866,1.2593837910392043,0.47354102551545074,0.41859107746012403,0.7245832147055897,0.2900217514367558,0.0,0.023714963126009916,0.021634900115182838,0.024506090363162487,0.023585162045162096,0.03770295713845399,0.038845608386620205,0.06781287293410099,2.187663343163644,2.4431629069380114,0.04876485776713331,0.7269287788038343,1.2073483351464174,1.6084421097496215,2.9814391023930695,13.336519292768543,7.819372677742544,2.502439204339514,24.788845057031626,40.420358485955106,4.917108698979231,0.5285853140296445,0.11165213071589206,0.0,0.3078502344294299,0.1854833873472659,0.1581547720011498,0.03286784125264777,0.010854046955149,0.011587720910504546,0.005607845261483042,0.004602723921388927,0.010853479046601174,0.00422214708831487,0.010354030350909257,0.017330293711083147,0.01348023723017925,0.0354626184324562,0.3855969400444083,0.4285334725997716
0.4264705882352941,0.763125096027381,0.769874047319393,0.36114268420552814,0.25526931178773116,0.08185231917226758,0.10665640190998033,0.0,0.0721940495156624,0.040948256944961625,0.06027765296995733,0.017933293683894763,0.010204578961509213,0.19422379508112803,1.0043647787462366,15.19893925601951,20.125368555448944,1.5526230881069796,0.7895443634883665,0.8350629035610402,0.43692746257322856,2.686029967208501,1.5155880632737924,3.382487077210743,5.526686895197356,4.156222973549608,98.97231180292891,132.60166138306252,17.623397560366342,0.04168399669628571,0.0,0.20910650046665913,0.4964903581619433,0.4802133673201958,0.24005562144804982,0.11301763505016203,0.045588315795039254,0.015677757715082292,0.007683479434945534,0.004717137132444824,0.009266344242742579,0.020061385963396294,0.01784074050909013,0.0094929942563904,0.016108661240969827,0.07731034476603268,0.3127665990388836
0.4411764705882353,0.2574913767027296,0.14116280977276632,0.2240844657589066,0.08103095718921292,0.06622551732148438,0.018035594879434475,0.0,0.034895762014053304,0.025977575694901327,0.00301366308819618,0.016088103794761485,0.19903758046486086,0.0793595270585445,3.698048813754265,112.50024726005282,175.22658420759,28.165614287106493,0.16486130419145698,0.6529581823969219,1.9681015874817827,8.832023541206038,6.517085519081365,0.3232091567704406,0.770190361907088,1.5971925120026422,58.889157857779345,221.56593631530865,60.10553600606159,0.050706086493811225,0.0,0.5536919054892822,0.4215550465513078,0.18101780717197644,0.11223281193875334,0.03558123664397332,0.015440865730831204,0.01826396524869581,0.007268895866808131,0.005176663715620614,0.007927264639558748,0.015503646964633428,0.01281516368066071,0.009678170762815273,0.028222209027792194,0.02380879537276086,0.3027960882158842
0.4558823529411764,0.9110709192627388,0.6071336163085703,0.34226853106889793,0.04060678375926641,0.020234046769888415,0.04346309001960148,0.0,0.010734496610917271,0.021658727054873223,0.027672943211701703,0.10781741383217422,0.0736399020443061,0.9026198424044415,11.630487136078516,457.9470825148169,673.450678702097,91.73704011263732,11.395034393163886,9.701410372656376,9.412687578186535,11.110551894882544,6.0504034940562725,8.338639645418386,1.7032951620100172,3.469180495444837,23.314673199556864,178.61109433020653,57.68688625278119,0.37651152580590297,0.0,0.18455318839762408,0.43004388628667356,0.3890830806558583,0.043565609991291776,0.0513558953444558,0.006412689668500752,0.011407654614184007,0.017791393614050965,0.007896560410359287,0.008910007088002662,0.006596066462400376,0.004404199137202329,0.007036854356806621,0.006983229179983921,0.0375197988141593,1.0736799701035022
0.47058823529411764,0.23221069111053838,0.07524773588028627,0.05081784946622459,0.09116555749920342,0.155782965221611,0.11302530823903109,0.0,0.05188656223756268,0.032642175891291765,0.020036967355187,0.08990118350984636,0.10798928179207767,1.16130854612826,30.92496438218781,616.2766253893215,878.9609215228088,129.26587142021557,46.2834201897423,115.77411164921695,318.4070475982396,91.4894980228855,26.933708608469303,4.416759713336031,7.123227175269621,3.5205678918890704,16.599284461547988,258.0343612589885,237.33428786600808,35.28500550833336,0.0,2.1461755337758763,0.3046028460277917,0.4150055800955376,0.04323732516206834,0.0314729183772162,0.021519988014405907,0.013396731130762472,0.022005512420584055,0.005905723890162031,0.003704197015009479,0.004725830442059305,0.008064787712142281,0.010813136664207168,0.04230455314311054,0.012440313073627125,0.266455910234291
0.4852941176470589,0.26031713129954437,0.04726437436666507,0.09803619472316318,0.10454081152631768,0.2545567944120404,0.250595050154574,0.0,0.06865297217183619,0.26400371970924935,0.4838189036506856,0.23933496042278793,0.14681764780353512,0.5011972902419475,2.7963860602545685,274.0074961498574,921.0698284400364,83.28593022948735,426.72702844178593,260.5820936117258,1818.1657815744554,3526.4925488587905,2456.319187918085,794.7417496446676,133.8577783659041,112.10833520063142,91.55923834090046,243.40173721224465,317.03523687377356,143.91424348684038,0.0,19.979022367930177,6.694098428388675,3.6614073268512746,0.3176882517541158,0.2123899253823898,0.5630314091379529,0.21870647359591422,0.09560771263859677,0.08206974964272855,0.034482775421774414,0.020656649188280765,0.004438880715319343,0.005367165481359507,0.011038382850531669,0.02168399800998727,0.630914856580217
0.5,0.659857995391897,0.65070524474658,0.21076168706533496,0.40681778898607934,0.5668159840594063,0.0948740863243478,0.0,0.6377807619296283,0.6399101571542294,0.6736568257296306,0.6203072014417923,1.3110635203675207,1.487552939139559,1.815676975817923,88.94604722283611,611.0360594806976,1470.4875328345936,125.65615407430556,1308.1585352829725,3431.7357048734075,3076.9759522142012,566.9917340572606,1916.0924641353527,2991.558525887131,1140.2602965633293,297.8190073836729,28.01288443278978,4.23454237893244,13.084325385069516,0.0,5.6545757280870355,19.509141423373606,50.307509214119605,10.377388001498069,1.5014280649603866,1.7337238779233155,1.2499722514881069,0.1516249436631246,0.08663892574890214,0.07908916118182205,0.042364323570270715,0.037536844509397656,0.007689987104067684,0.016937754753157723,0.016647746082188764,0.7057411418236664
0.5147058823529411,0.2558638484872211,0.12431330167612924,0.03653297441954947,0.1874500576985521,0.09184820673034891,0.07978287373317335,0.0,0.17021623191468396,0.3651267985581912,0.19928488130601654,0.18409691448708176,0.2858548387885711,1.5507746772993285,3.2948327058550086,3.1475106142547897,4.632339135144195,56.16722816642631,379.84302187803996,1145.167538039242,2294.1712850603417,4842.147598220779,7624.2795999568725,2290.8179051882203,1528.8663598145693,4411.430480519686,888.6045256530451,470.27434892534313,342.3240107702511,35.670759852357776,0.0,5.898467744647924,31.60116832666065,35.712362156605366,11.300764933724498,0.48570959708065453,0.2693088117884844,0.08360866974828204,0.23198430836056222,0.2407346573203475,0.036110287222862206,0.0460672840833918,0.011278163078520878,0.010825991515474498,0.05315201281183658,0.036899789231719646,0.447757621599869
0.5294117647058822,0.6752042340843007,0.38908195883361163,0.3836367775186801,0.3762740084543657,0.04429707510559125,0.5434550039799257,0.0,1.3506957615028665,1.1590540330904116,0.2429898306234012,0.33525240511220294,0.34592639854797747,2.0054714047756352,8.899255257657977,11.262203290087301,2.0606802671810724,5.363571353007829,14.927598583096817,139.23988097110163,1354.8935498130536,4139.9637030809645,843.7267483320827,4045.7921507610154,11881.623838962567,5232.720982193456,4132.597896338635,17496.450010842713,18635.854650510602,9880.553398737258,0.0,1808.1039106929059,104.06018562418731,65.43189710081575,24.00344274991757,4.945237118468484,0.31368514079251864,0.3618167269108026,0.16503926749488174,0.761657691516309,0.6086462742368488,0.2366378536597339,0.12684506745604468,0.1433279285643738,0.0627042355269412,0.021638279380308545,0.3379553124644089
0.5441176470588235,0.7298887234436833,3.817297960267817,1.185191520203135,0.8037471226096581,1.7523426664833333,0.18272461998673073,0.0,0.9387521288183582,0.7940026411742245,0.17706926596962044,1.2075090433480595,1.2657319158390608,1.3849783750044984,4.655291302026348,5.835988297683287,4.809906112687224,12.0753119547293,26.00800547366758,37.999135527652385,82.88306727908599,613.7946817302527,782.8225064869871,1784.9217850175373,2209.052555764535,5017.745233147365,10583.344875951365,13686.520373779149,19068.11543763588,15555.853585655004,0.0,3127.7713296783973,74.50071846256787,28.459435172192542,11.550277093378948,1.0185604215026869,0.20851921186580363,1.4168502604046491,2.5176990933831163,0.556338013932932,0.034494462535010484,0.09475326215826334,0.02717045425391935,0.014143949568580082,0.026197848043972124,0.37761011060921973,2.9975067062441587
0.5588235294117647,9.372693676895574,2.4628558789226336,2.0977787922317255,3.6771213538341465,4.724576344463796,8.79029705805549,0.0,7.244673873672743,3.1500468683527805,2.242659824995924,1.4771741869382704,0.6367200826713544,2.495041313326649,1.1998613141288863,0.3345781121251794,6.222851787556337,18.135183710733322,22.10533007452778,7.948667798341995,10.738562039396406,8.14178772679561,15.141703116668111,22.959173405388952,95.19425149999184,249.32214934499382,1154.7939722776919,2203.848031202746,1314.9781498214331,939.8781705957585,0.0,2118.7907545289113,1164.1774496605667,78.62399688537478,35.93589922356688,19.777990144614453,3.774044287158483,2.464751165699456,1.404951561392284,0.5050152207879052,0.12616453597867147,0.03367378364034467,0.0326589616470784,0.01083367432378002,0.059139037112405785,0.7109070397607846,0.9830264320417572
0.5735294117647058,5.592403788508409,1.339888310292389,2.5078118429317247,1.5929233556948243,0.3049494012187427,2.6588281928889312,0.0,2.1537632926745887,1.4508934105590132,1.642513700113305,2.268766467067175,3.258331210811443,1.6256894877234984,3.571368006074227,8.952089246690232,5.436318689005559,6.074390709540243,5.363038227685951,10.991562722653597,7.440139356732133,4.582685376167705,18.13620215121429,9.835677216205433,45.10947307466701,395.13232871306366,905.447051082433,527.2877766970005,6034.761648861833,2465.6961037795263,0.0,97.36010366879731,736.8276110374188,1229.345814058851,940.0852405232267,347.2650555686296,57.69983273037302,4.3555243453807195,1.024746439510538,0.45413387102030756,0.05970936954822437,0.017524531128510754,0.025711391205862483,0.006064724770334715,0.10452125238427427,1.495936077994743,6.214892697993968
0.5882352941176471,6.887291080478176,2.626353444890978,1.4636060733566414,0.5626776644391245,0.36148531292418684,0.18676758581354144,0.0,0.5667673573987938,1.2473556064338167,1.335656384986934,1.110270797586252,1.0812118885298596,0.6839425653393515,1.723064025593337,1.4467916417487174,1.155733371213648,6.791355748212954,4.970300058820156,5.229264180738776,7.082459503224582,4.782292571263781,27.407361637237337,9.148123055257456,110.42688866535092,460.3556230443651,1825.3144442579828,3063.33344673724,1156.8717943647032,309.1913301155333,0.0,1717.2008458771888,1077.0929144639636,118.20902484568012,46.57573369895211,96.93107224557386,98.63705050801792,21.857857857911192,0.43014744007690997,0.1982001197453997,0.09745037932147325,0.08241678312051118,0.06608846929673493,0.025672295977765075,0.04614561784510999,0.2573165807306942,2.651063189295269
0.6029411764705883,0.7663577295980244,0.26263454834207217,0.3793192583988198,0.19586906254749542,0.11818566574273406,0.30802635210591894,0.0,0.11836898817737128,0.0781969674741384,0.5653145101935039,2.415810877943053,1.4198400562714808,1.0414071736073125,1.3312433267097696,4.35496431648792,11.179238209765082,12.502136231216879,4.266513887448603,2.1421972942873406,2.945105446784447,3.716073035891468,15.619549419898677,28.670065265242002,309.89287250811634,305.55701451508037,199.65239710323334,145.12077622858547,322.6726705658556,345.33961164923926,0.0,141.95640438087923,34.24779325200985,6.477602456626457,54.054327709729705,22.978199202506346,80.41629949726709,16.94545460622861,0.20713109154482584,0.0546678607865375,0.14682429776630324,0.05762758730960657,0.027076304053616492,0.01878036573525301,0.030648964053761857,0.14552387985155776,1.4042020322741966
0.6176470588235294,0.6453430586621137,0.4422827057677824,0.249097141864415,0.25385450616723465,0.21643364645216334,0.5579416053626269,0.0,0.5514523572122315,0.4636244115360652,0.3906165751391634,0.6259165361682226,0.2519056548385467,0.40286262341102286,0.2859908357033499,0.3453301677673448,1.0199563740350592,2.009910269270352,1.5478270569290402,2.9433826222293273,1.9729058352487696,2.2440370243086103,14.151373561936964,22.231259564531,82.09699772923571,248.8782953440499,118.08357000403637,124.10350387227592,284.8478414157635,87.18169752709345,0.0,17.204970116660718,3.283380944751969,25.82749415940647,49.09731002177455,44.06631871105173,26.483216830156707,8.714092067148922,0.7921105749431756,0.199876330889856,0.029824502465189424,0.011611479706032823,0.017048363952537567,0.01254615710777502,0.006087037636854111,0.02063523551250018,0.2724250621687397
0.6323529411764706,0.8860191225470079,0.9434769909102154,0.5664923109859636,0.24837842060805948,0.1998211673019768,0.10983326203537261,0.0,0.08174780256956841,0.1645406658685686,0.533606821870251,0.587353080859709,0.4731892876096764,1.0276400320959405,0.8839403486017269,1.1144003416818755,4.454413911055335,4.355048337502449,2.380317469229209,7.986159231880167,13.039739790579716,10.597306413153165,0.44180208825256706,16.620960190028143,13.548291859437464,54.64661460560785,202.51510634350925,139.3214872122834,14.767814883643545,11.352757284666996,0.0,2.830860476254901,8.242513625574471,7.725237737778536,2.867183283952536,1.548223402758705,1.5295477836867961,0.25239718198918715,0.0737027150844145,0.034288377933376496,0.008529414193599004,0.005395917917099775,0.003986572367465015,0.004084550398338215,0.0038091807002938165,0.027965355816261417,0.2121262864522909
0.6470588235294118,0.1631887486418188,0.3664725949228444,0.3331763672118083,0.3001405936807702,0.10025340238452012,0.09780992578072366,0.0,0.2293101239806834,0.4166625451256233,0.2060919004970669,0.30290516660157923,1.1954603211247172,1.3910635580985287,1.1108481063556366,1.3064306117176214,0.5416155835520631,7.932140000805894,30.628036477983954,38.165884728924325,19.82512086208647,3.568867962114086,5.8815269147079245,46.26482769353184,63.06186642224225,15.96031554802245,0.7336395457694668,1.6299159791984579,3.5313636162348674,0.5173334768844478,0.0,2.0200817778744646,5.2544258714660685,2.045949226417305,1.0912643247796634,1.914366913258537,0.4562819807902909,0.04849122382188581,0.019860648690429535,0.017423623876208053,0.014181484074864489,0.016229268359462,0.006810202644986671,0.009389766176102038,0.004365004441102255,0.10778691095567226,0.48282216887111057
0.6617647058823529,0.832419816102246,0.6961805044536185,0.4156697915389935,0.17478940420225436,0.07571542238931184,0.10988838344237647,0.0,0.11130041054856935,0.13914708250690938,0.13286389547015154,0.1857477833364665,0.03519111309899529,0.28668006730597384,0.3987782493159328,1.0829401358529749,2.2882183706195756,0.5059702406845585,1.3825355531175334,115.72800143353018,543.2767787641276,332.65290990066126,36.6889613535218,7.808916848603246,27.232870655232357,8.014235492731805,11.362828516448308,26.744025462727585,15.42640654094231,1.8771266941269156,0.0,0.7360815417817657,1.0264904883663395,0.9595596681110576,1.0274334078965563,0.501376643379599,0.25217154098420885,0.20140425711637586,0.09588132860056486,0.024515684370158795,0.03691661567647458,0.05444222120485627,0.01621187244702692,0.01898556480029989,0.052235051943495175,0.2873666087001941,1.1504420749904605
0.6764705882352942,0.460198397960762,0.5079400552658113,0.9407698226051706,0.6575272705824451,0.372494712269204,0.4103067239668783,0.0,0.1265904154560457,0.023690865412971135,0.08528212010598873,0.0480767908555821,0.06278918778320236,0.6008230571163384,0.7868796057655763,0.556033630530675,1.790795392086007,3.782641351324119,9.368928956899472,60.14875478569475,49.11150242153968,434.7165381748595,1448.6041161089556,385.37726665584574,35.18022959482903,1.7794352569658756,2.3994007618867736,0.7666402835577028,1.5532969180019787,1.5915412330883565,0.0,0.2531473657944993,0.37207599098866534,0.02779269603312005,0.10889567545102789,0.12984086284881344,0.030695169729693522,0.01763795315632155,0.004743293800837994,0.004422968625640908,0.0036570411285199774,0.011470909091259323,0.019777041087275966,0.018049751803085982,0.011201284114373114,0.041379258388959256,0.6736868479451847
0.6911764705882353,0.5574365431893622,0.5510371962991463,0.9098367516069137,0.4833207856142115,0.22126228137506798,0.1131696190398546,0.0,0.08698972781183446,0.053857990832760154,0.1394907940409828,0.0843020962284036,0.050861169282321816,0.09483997668344565,1.692955265526576,2.900730044839916,1.8691437586945892,0.4365399946044193,80.53850953678347,477.47702964513746,685.3387462752838,208.78356590573492,1370.5749656994453,3442.654383163399,1788.0142306553853,275.6302605328375,29.830589164937415,4.457831651502699,0.5783830045188463,1.219955711775333,0.0,1.715386198484888,1.0575415366156886,0.5298734327675512,0.24824771388208067,0.12509296830009026,0.021845487678376296,0.014619184993125362,0.01158536897922783,0.007784000175042886,0.0019500041017480613,0.0026022476792890705,0.003084684700520819,0.002162483458988149,0.0060499290845394595,0.08317877492600129,0.4157434792335387
0.7058823529411764,0.3438521688953712,0.35399564488260654,0.2835372251345669,0.1477514297300683,0.2248585222872344,0.3120710358927683,0.0,0.24641083037690664,0.028646455786863055,0.04852211864203779,0.147973031058507,0.14672863193514463,0.06421139770086715,1.0572196331425112,0.39551213736246194,2.7610679292169626,13.108229182569264,146.0591342464258,268.2140378842495,478.1785500896734,2050.078503817221,1016.3723938582708,302.8707576800239,265.2399339913467,369.6437346648003,242.66090904359712,11.053553953198616,1.5496719602811453,0.7689271764560512,0.0,0.6051556847870208,0.42352618124318364,0.11898316973472794,0.16227317553594303,0.0579931885147496,0.046269002076676,0.06369617219874199,0.017399755356874463,0.005728549557881018,0.010727616168530022,0.035759925219839284,0.013802036487911831,0.015540028157142498,0.022637445345983206,0.5318738383145014,2.9557907001867156
0.7205882352941176,0.9882315339771361,0.7104813398926457,0.2712232175237312,0.17271726296546971,0.10123634504867363,0.11372477156400862,0.0,0.21795065955943022,0.32552147638282036,0.10917151671199886,0.037801677286076,0.06041604704068436,0.276374641018894,0.17319863904402993,1.1960314223889388,5.9887271455137725,11.66605012678724,22.04002979455761,11.071001354701938,33.64959752713826,169.88567415175078,2521.5932172651164,4947.556729442471,2356.9578031112214,254.3418995608851,18.483090256087777,117.0412883264745,28.754192614407934,6.249054910226649,0.0,0.9976179721130107,0.30347516569915983,0.1696736151828411,0.428758784451762,0.8895135051546328,0.5291649980808514,0.05728921435137045,0.06843264572649098,0.04838906913215822,0.034828244958836144,0.008716891849192918,0.003525255884323621,0.003622798287172593,0.005013934567286785,0.04896110110400738,0.7534902893931399
0.7352941176470588,0.27185354317664645,0.04969869248474637,0.2735855709430799,0.3549824650642967,0.2178544823068782,0.025009757359455646,0.0,0.09275973107038418,0.03442127477084809,0.0416444006078093,0.019603170593825422,0.010740513462008446,0.42032074981444656,2.688386395117927,2.586623439091376,0.16612549285250067,1.7955037129723332,5.2663639372014,50.55255748615268,89.50813917817412,115.25878924407385,230.793980455951,386.03148210113056,3075.5220175625363,10788.977288294062,5351.064262575901,370.0115946071966,149.8365379576782,49.67369632162792,0.0,33.372816374926984,3.3605787715073734,0.11856243846590878,0.4129573292625511,0.07704769181318746,0.07947085970155386,0.08765614825706962,0.04640922667520189,0.011921517464845566,0.005937908278036767,0.018416305542415533,0.016386686444326587,0.013819240955197076,0.010954887122212716,0.0126362954747078,0.16647731261197463
0.75,0.168554032920863,0.2872026998620242,0.12044533336556831,0.07032156422438177,0.1602276301499167,0.006869011414978218,0.0,0.0815898384057723,0.2212862937406943,0.23747094365187904,0.04920479370909206,0.008374464761705017,0.20615276409894673,0.5451632314194076,0.19152386720330866,3.194323646083066,1.9542075230561604,3.5422404995012764,0.521482485873004,2.0689508450646086,15.319496567058232,27.566436412313088,49.94144514697355,136.7925188899569,704.5256642145056,9419.270383174327,19841.200668060577,12027.130239464928,2233.985990974807,0.0,145.3766035634263,12.285929831107204,0.8744120544350537,0.2956622417883941,0.4310097947531627,0.2797262826827179,0.04294155234760175,0.01857390293069706,0.044053969354630254,0.02285201095584533,0.022980453974929843,0.009316139171614037,0.014321979744285472,0.07624300490289765,0.115800188741454,0.0816736513142088
0.7647058823529411,0.19629570483202127,0.18774269301550045,0.10971106109059257,0.26740640185884657,0.40053301285224163,0.16786209492931628,0.0,0.1703441900560279,0.1105388659608562,0.0420606906803526,0.030132766065541917,0.09323061828757602,0.05390573951908387,0.5180461256246645,0.8674288793347683,2.0508565036774646,1.7371454266121598,0.7016318300187983,0.7754865458707264,8.361776296158272,7.440645582838071,1.949848411514489,23.502876063175307,147.67716999829634,123.46049110278028,458.66681385409083,435.52219098293506,1537.1859242640576,2030.3398642391028,0.0,98.31864834845945,7.47592271440524,1.30588021054667,0.1736681035859777,0.705490716677434,0.2267499992197616,0.19016475034270544,0.17679265619656168,0.05051835130458892,0.05433855151407459,0.025589357683830995,0.0028311593796728272,0.006588886653747322,0.006705574925971618,0.3672875909394008,1.7653147917696694
0.7794117647058825,0.27962173552817793,0.2853592782471623,0.1710734688375551,0.15898582446821327,0.38050270901060096,0.420135727609375,0.0,0.03444644285213845,0.6282109007726877,0.94717730097992,0.630110067075969,0.3164920458970071,0.8986146470315789,1.1185730880627283,0.4371002682471685,2.3730823735072173,2.7064201896127,11.926008194216076,35.41565740136654,75.44195165330382,20.128424203036623,6.8430372058480105,4.016926101403245,46.84612395933379,110.64481031530698,187.06426505292308,764.9247512555128,2328.6246633224487,1516.8464555438763,0.0,1671.134786653748,2938.429281801373,1469.6020509846107,218.21487352733192,6.426307118894654,4.054387324049976,0.7874233820438278,0.7660735368616048,0.29592569895528426,0.15460154002594462,0.06879425053391584,0.00794550692617746,0.04703562375851297,0.03595822755911572,0.16249605722537042,1.3238777325009778
0.7941176470588236,0.4714362359696529,0.6677788927350076,0.23038565197224814,0.06883382499629992,0.3498951590546837,0.30454419082510675,0.0,0.36797156861808555,0.7511028479841109,0.16645032798612036,0.8139127995881514,2.628434411646272,4.211125457898806,3.356077175766179,2.0189373322528232,1.4349694565348057,2.1469930585777472,3.9282917063053313,5.687308492424263,57.2744868874741,205.61430204111255,171.88903055642905,104.21552107453691,64.93055533111021,5.003033708136305,9.436795193029903,63.54365902327477,38.6458160802206,29.82211610949357,0.0,832.4458876039096,774.7503248621382,275.59470318880733,377.5172029348386,4.3724368173606,9.722351657790087,4.361858301672123,1.3961145781129356,0.3013654926490366,0.0414122847923965,0.07934544174881869,0.03863506380149453,0.015682291929790114,0.042357959102358594,0.252300998998065,0.9019304290404377
0.8088235294117647,0.9760640154117906,0.15147535736752749,0.1642305536166777,0.11113642898581447,0.06530848604038121,0.3987456762065529,0.0,0.3355296011437918,0.24632724724179383,0.2935735032350872,0.354681745044793,0.38656345763877514,2.015095758060909,3.3146407146830796,3.0680223772137536,1.0456510088034765,4.618513428651735,6.0917695682398065,6.03268203531903,13.261618963162658,5.219261556541433,49.641630098717584,34.09683779442595,258.470680514733,295.41332215460517,43.44340067805429,141.57450749869247,65.53513956818807,287.436054161421,0.0,227.39855511485825,110.75262197010022,273.9821908595998,79.1469548547623,27.965965916486923,26.579542581734295,12.27606088682477,1.6019969478918816,0.0557241903011131,0.01116171828308186,0.0027465224855012333,0.013475283231827988,0.02095929654494859,0.010122919443746735,0.23590638196281327,0.031151882168957257
0.823529411764706,0.07506578947133893,0.18279530473110767,0.17591127729357686,0.09363980911641573,0.2174800131417285,0.5747426643792196,0.0,0.6950805956341433,0.5016391446887092,0.6317394875787216,1.543241112147796,2.2931648461911696,1.0900325033030362,0.7035596102912405,1.7219997142483612,3.0098641679742903,2.8889209794974557,1.498148202138086,3.5056920596677505,6.185264758171744,2.92352823554606,5.207287120652806,6.182862932154717,35.208536575122636,250.2489807702098,2036.6134755498094,4069.488034925417,1136.999578137957,49.27770531805312,0.0,24.448915827548838,36.06758230188213,23.9022502367621,8.731835520991359,5.67741547236394,11.185059451237958,5.113556745483082,0.23487090429610777,0.13262835389861194,0.06526807862856793,0.056188428859189635,0.02354841527779928,0.004497849248987474,0.03337774094364105,0.04355949904165991,0.6087593484188429
0.8382352941176471,0.38880221300441237,0.15358900657578622,0.14281564247805326,0.31840639542132826,0.2941993727277359,0.18018731251968223,0.0,0.25648222180153146,0.14463803913823792,0.17347553170627017,0.3004968215368827,1.171606672362306,1.4463618678416585,0.3394333777482116,1.4551325605577101,1.765789978171626,3.758406374713243,1.243766673043255,4.835067473803259,14.583942520565822,12.074007642393994,2.4101613805388675,4.052135983692786,3.5329543646297834,10.356815015087685,249.006407013525,1779.272214065324,7682.371608642664,6718.3853724436885,0.0,1290.499024842547,90.03746656339122,1.9800537474752604,3.1824064525687037,9.228930783029753,8.762113424744006,1.2909344829038303,0.35332312464364374,0.1432780601913381,0.023981118149643738,0.011276957172837188,0.004947074923364569,0.007217285973962236,0.004568184620879571,0.07959016739688114,1.588045356725283
0.8529411764705882,0.14991634085893304,0.2828497149985303,0.18740644560300862,0.03406829000428049,0.12065920814486554,0.14416634874409973,0.0,0.08019326763130774,0.16627693689756973,0.10068109376087729,0.41058894127434215,0.48617086501431733,0.3282259274339572,1.2533726231673177,1.0610458797811062,1.98197768193732,3.1802764802451406,2.6474680301215727,1.3103042514986114,1.6514708084499912,2.720547680688268,7.077084006333612,0.5420038111837102,10.61058385652187,45.853033067609715,369.60082581034123,899.2907525895281,1938.7998123274638,4916.389121399947,0.0,1699.4488563145865,265.33836541401024,101.88258862185393,30.03409255051844,5.4078081861184915,1.1782126962516708,0.07307456892657199,0.36570121919626297,0.03947069841528057,0.025861058697678692,0.01726437673171024,0.005836589967116109,0.009743670469865599,0.011433784401116412,0.04761463362278598,0.9932039175122125
0.8676470588235293,0.12528271354170595,0.08268122007752389,0.3703102916727487,0.22875269971584308,0.30101489921086405,0.5217291300471152,0.0,0.6224267660593936,0.3140185857090103,0.4085472096222289,0.7846121526560678,0.824727052743873,0.41219275901858843,0.3534620427961406,1.390471475883294,3.450158972979396,1.8057092178114311,1.0547119032166798,1.2018550673871715,0.7938499204202653,0.622650735943643,1.7011915595777822,21.296714157009177,50.59578310112117,56.94226006439268,111.64438740144936,367.48709381086894,564.165549225778,301.58078910152676,0.0,497.2790859202805,657.391686967648,186.48470844896238,14.521097928781957,2.1963924386676785,0.7077276950716692,0.3389353935500837,0.03486560485129058,0.07002778103825985,0.009692380924248362,0.006188614119218476,0.007982937012227983,0.005203274045018206,0.011883117067422719,0.08872337983649577,2.1907926338762485
0.8823529411764706,0.16225239944116307,0.1815391428065483,0.3355774958404929,0.1643336387407741,0.2503835829636675,0.26770430867541006,0.0,0.4349033725319821,0.2519583919440192,0.09023122211966982,0.42418368987241667,0.4397893173381737,0.2044996163148918,0.05517125310347488,0.2836454361731713,0.6434837941784263,2.0002129663577435,3.3212983324041048,4.3694297810436185,4.417372915895944,2.5848234932672973,3.1088303303125713,6.157986063050744,0.6300884201579594,6.71681689268258,223.64596974279152,764.1714123018778,773.3496497997603,121.70798524732331,0.0,71.2330325221001,55.4111093103335,27.83705076677928,17.798778801868394,3.772296479243505,1.252803305263027,0.11638919099464548,0.14111186644134566,0.040754310421736016,0.02516739014510344,0.011740772170110478,0.014993263066643286,0.0035745295189463975,0.003036997516212678,0.028066499416506498,0.23771598739066155
0.8970588235294117,0.2956494321154248,0.631550815818227,0.3996196941841875,0.05888245020826247,0.27814581006590644,0.18933526185956068,0.0,0.08298180207722589,0.10712217399477912,0.08535235450312861,0.05291311050843144,0.20791733426940337,0.15181211191040558,0.17837105819767618,0.38894329313739806,1.0589244794075405,0.8271952720260611,0.18811863046686336,0.36830081929296543,0.8147979395658804,0.9350270830844951,2.8572667824690567,8.562636684924314,20.188295902655497,136.58442743522733,244.86412696824203,101.7883030935308,5.6805083998379615,112.03056857852181,0.0,41.118105877111866,6.69083576978411,0.6880401750181143,0.9997249419408267,2.2857074157449313,1.0680219354227038,0.04799346839570895,0.06805129292776857,0.05305410045539809,0.012138208131749803,0.00992875313833936,0.014381983380369171,0.014693513658031114,0.023050713558373043,0.03607556636141812,0.290449538429906
0.9117647058823528,1.2362059971114698,1.0894436782304542,0.09832975539934984,0.13850261322765117,0.07358730405286551,0.0393727914473232,0.0,0.0745867337130687,0.053261466181113055,0.03052802608489096,0.019085897286913203,0.0914704999780178,0.16615807046980485,0.1285967677180435,0.2916006694083325,1.0092486766765905,1.661996710167279,1.6613579692046518,1.729947004489019,5.823671505813897,4.223704586462106,0.12493582581081852,3.8177052299079977,8.608819541696542,1.3131641992643703,11.886280448452464,61.49475651095378,67.35457400259669,13.690461718896444,0.0,0.6345462276486865,1.6622856172145315,0.8835253882947832,0.9521700195784177,0.11051655828722029,0.07503530849686318,0.015492711521027974,0.008779122117070937,0.01589210793342127,0.0035783524747353317,0.001200360478777895,0.00592957689912183,0.007787999916377263,0.013612075891662159,0.042132739790066535,1.0998375773994462
0.9264705882352942,0.5416444499331422,0.42396183582053626,0.18838069940399096,0.10746255009204123,0.1088109692803949,0.06906648470800607,0.0,0.02305648377081496,0.031690354817746395,0.012945031755953483,0.03779305136733126,0.0740303514529265,0.09655905976013111,0.587456761238407,0.7812528701612081,0.3625623670655619,0.4310971037113005,0.2831593206367214,0.19114497806419525,0.19844722883354166,1.2871229765603998,0.27557954114695027,6.369940424326133,12.375335765888995,7.709623590722,49.3153758375944,89.44831406265023,49.32048190210125,6.782359359350539,0.0,0.40024196077510765,0.3844542217532613,0.932954644280212,0.4434554750102996,0.30370661666671267,0.18185910662143107,0.0673214615070894,0.0291272396781442,0.02254703847382298,0.009730836633482762,0.009807931079307594,0.007146388467547294,0.006520711163893458,0.007971371224880532,0.02600561772979807,0.0732197782142286
0.9411764705882353,1.0473756997085364,0.6932635223806408,0.4339170412974359,0.12040906580827371,0.10877314365593961,0.060279788132508574,0.0,0.017697192991551036,0.019522661618616183,0.053293550436732805,0.12167194677920938,0.06757097886291405,0.025092925312311137,0.12300901081926006,0.4420671948094743,0.05231538350520704,0.2065729419457779,0.3443067144818025,0.3796711408623975,0.09812790132675603,1.4141612877408543,1.843801807672346,1.1122149433387782,4.561102384643465,3.1572307876737518,7.981433573032945,0.501084510311282,4.9700826121857045,3.8002380166388177,0.0,0.4424407472463344,0.8777317047163478,0.2225364384058393,0.04235882302643735,0.08598170059109007,0.030343424152139274,0.027879859979826463,0.013897930696806627,0.005522986131881902,0.024274042913669344,0.020963820577003668,0.013985506488840723,0.01144026629306008,0.005871922406582197,0.022169987702375913,0.4627895448847126
0.9558823529411764,0.33954140981840136,0.14724418158025815,0.11228839342176998,0.25632024040068796,0.24022867869838896,0.0922545848681307,0.0,0.04237692042764954,0.02559765946221542,0.01145245707252594,0.005994663006307506,0.012373194974506722,0.0301527282546955,0.09679390837101742,0.35110824374257255,0.22050673011603542,0.2509339684360423,0.7372571327755754,0.2452454474380985,0.595790204310561,0.7916408380629703,0.5588112042489208,5.641702279549657,23.96578417899046,26.11818741278835,7.489640178457095,2.267300701084164,4.87713810815605,2.4955796087078514,0.0,0.24479456417121037,0.055056839118746384,0.030504540963388106,0.03814519905427033,0.008016357940558801,0.032625920756769074,0.023916404387526284,0.028021087399037067,0.021409722634297967,0.012925523182652526,0.006064505864498651,0.006450562752805793,0.006880226383449843,0.0030064989964732527,0.008844283698183903,0.18754065238966286
0.9705882352941178,0.2273300559164362,0.08464108668506687,0.22275822813725088,0.17235948137927368,0.07401958802847558,0.023878070243932813,0.0,0.02557574978144181,0.010880717704330876,0.0038772018437430063,0.008048268720224249,0.011385107306118645,0.029472161511150743,0.044127758234670786,0.03148624297731629,0.02121224112429835,0.2298597400201477,0.48866383935174157,0.7345751481486791,0.22484824153928737,1.8653233380920473,0.5219651271762753,0.2543894966731652,0.6063132954178517,2.2547658573960603,4.835038457942577,3.3143676537045,2.1760773302805587,1.188830826773159,0.0,0.5407841881130158,0.10769330952976361,0.050401863942444,0.04127615467181425,0.016053449543450275,0.013009807399594142,0.01848888604859646,0.010807650490184149,0.026643983958377866,0.012604816016573824,0.006657391375191205,0.007083656246365809,0.004867256096343175,0.0019773841042282853,0.03644970890202646,0.6347819397763153
0.9852941176470589,0.5239509504175723,0.3075566025047254,0.11053495379376219,0.1413621769850718,0.08871621334928678,0.05179874413667276,0.0,0.05263682386456309,0.017485811293797195,0.006642997728063698,0.019453216155602616,0.004239404165030436,0.04626944975796575,0.033015154059021584,0.010759139034166943,0.01967880793200768,0.04800410844212959,0.25486389685311,0.5474942081425116,0.06406368415259105,0.35220513487551247,0.8277442963149412,0.756448080434942,0.3318660606282111,1.1027281295339897,4.360353676435508,2.0264828980192098,0.21126875812577506,0.47011644174257494,0.0,0.2863390410530956,0.08919860623384657,0.06509299230884522,0.011083596696124276,0.010173318905829037,0.00675593591192145,0.0023589619629373016,0.0031043178466184664,0.0030648100277516598,0.0074314090065254294,0.0028565244262890076,0.002517347841978538,0.004484695459214266,0.019489895157251195,0.04921108249551657,0.4362373693296171
1.0,0.15361017973031527,0.05417785241847978,0.13370253200401522,0.10867215804916366,0.03877568973620761,0.15941936998228887,0.0,0.1429166002576589,0.04609230077864868,0.03832371875832754,0.03372937011089058,0.08624721466085415,0.12484140054507906,0.04768537166649989,0.013979927224086603,0.1286099841903233,0.43272924420196957,0.2908946553858377,0.4365596316584224,0.7300483174782892,0.3879165730096938,0.9930057304971827,0.24049539668208136,1.6152732665751373,2.0566761660227795,0.41558860505612616,0.09838019135423821,0.30927300446221306,0.10285148754275646,0.0,0.06713717088019228,0.059346602283908395,0.03676987101426049,0.022385354923399336,0.009277744568925526,0.0022765655034018176,0.0027616696576439593,0.002007060051681993,0.011366745791250368,0.008439989673126288,0.0027941605705797162,0.002043939509462321,0.004033487838775112,0.008108679668780835,0.007065486790788509,0.07279521935266059
1.0147058823529411,0.05597081949850935,0.1048431609868639,0.06964508583208658,0.017897073236074174,0.05123127862958295,0.018375759956294282,0.0,0.032655678102528875,0.009525199818177229,0.014070690637243288,0.018111927965832077,0.06701918937107539,0.08107098949096753,0.02160369438224046,0.1417090017143733,1.84204328439202,2.5277255774846425,0.7491661891623574,0.28742956864162916,0.17571930270055153,0.13337009882971132,0.4352818082635613,0.600216284136424,3.440243607082781,0.9362408260831556,0.14193348494595243,0.3259846604215111,0.14099233967919575,0.004164401572093543,0.0,0.038583195967711564,0.01374944165603655,0.007107730528898944,0.004323094052470476,0.006017019918848397,0.008242559990011038,0.005061175306308117,0.004192323324352283,0.011511686177287908,0.008723711486313629,0.007186252002233806,0.010497782953165249,0.0005659433933108889,0.0018089446288312148,0.013892337295673046,1.533305507634223
1.0294117647058822,0.21314484906547349,0.25391773799191075,0.15866225751147803,0.24840213122974925,0.09689981582644364,0.021322261726769574,0.0,0.019679061818974067,0.011361020075591281,0.022535116680217397,0.009389041212436037,0.007965428582215795,0.009002487869537036,0.14216746710171282,1.8298441149358122,4.685635629950059,1.2287361848030267,0.2659106007796068,0.3148239538133701,0.23302693795165585,0.7207063942205558,2.158803128886186,1.3766803654952722,0.1014684384211354,1.4627575811125935,1.1834468984875575,0.11574601433706419,0.030743640295242354,0.023727988445844714,0.0,0.004101037767951955,0.03201856021011699,0.0036206652599189435,0.004788379311349903,0.005114388937352279,0.0073774485156269925,0.004533207605933211,0.0034724321212652965,0.009725134585643568,0.0058662130206909024,0.002174231230825666,0.002242529330923508,0.002664633045047023,0.012423552870434928,0.10637973945411895,0.04070897611419167
1.0441176470588234,0.43091207832832107,0.16677295628489094,0.03561240891214748,0.1390682594326711,0.12699808587117412,0.05126281607880685,0.0,0.015391563793564418,0.017618350635128507,0.00873978729300412,0.014996804479478498,0.010450171123308302,0.01293342278922867,1.36674970380115,10.084770495816814,5.189401881189293,0.04017340019232911,0.26833238647833946,0.03760495864550146,0.0696678061293095,0.027765229141188653,0.1353572585619507,0.046091944521901004,0.26628122282814704,0.7495602413133355,0.21026952871979468,0.5977437472016378,0.38544230670515045,0.14463368858046327,0.0,0.005008473457444724,0.026234411240445676,0.015671201529849865,0.010131995280245117,0.006675537998734861,0.009322178081052727,0.008317019116543235,0.012479077743761804,0.024529932624778063,0.02219482143263861,0.004378703489884853,0.0030148658952426103,0.002117120286487429,0.0076520707147891215,0.05049759897539317,2.069989579646079
1.0588235294117645,0.04410728407182929,0.0707257038544159,0.0674851608445879,0.13555684273743362,0.11204585695643111,0.037431647371787155,0.0,0.02148719543471552,0.005848033859677203,0.008666561093553557,0.017976725818819834,0.02075919131004285,0.02739941412912419,1.33594988491192,14.962321951919309,8.571133204918958,0.2314495008869542,0.13978250016523144,0.23854054671646596,0.01751831290549806,0.25535230300222556,0.09673177113060041,0.36200023593787645,1.5491463978011244,0.7099588987749056,0.03925369924722421,0.4825864149801483,1.1600039377921973,0.7252830387464109,0.0,0.10693288924345282,0.010100967768552446,0.013563678912338128,0.012763011111039916,0.00743045697706003,0.010051694299503802,0.010022233546389103,0.004736391492084357,0.0037390204515398307,0.0026171289670103622,0.0024897421524961946,0.004609776342264085,0.0013901392267070833,0.010670253074863773,0.044727659717019294,0.49394808217428854
1.0735294117647058,0.25474053768632754,0.09396466610644011,0.026712652276276807,0.10842070308834806,0.04314696650679557,0.035071049547814724,0.0,0.03143494137412003,0.015077484037842625,0.012803267206496867,0.00989682597351467,0.0018552315126904326,0.048124020075674574,0.659059913923409,15.854043380647145,15.136421025270522,0.3236396344199078,0.610114669898252,0.31300539735797006,0.3490356183812041,0.8896197915760123,1.0471690258433755,0.18911717223685964,0.8448624046537416,2.157515484556491,0.5553635770318066,0.009311998205837946,0.05617775221726014,0.03382315300814322,0.0,0.0256649807112525,0.004946780487872509,0.02310988467486879,0.03874281767139441,0.013289638936803395,0.014418408179738202,0.009164027970620029,0.007315146480587528,0.008990167281186972,0.003345900414414786,0.001717410785787896,0.0017670214440604866,0.00294250360926964,0.011901014678543265,0.038504154583387684,0.8100904556791412
1.088235294117647,0.13604497982335084,0.12010086450603716,0.15845452647446792,0.07717790888148574,0.04412594140891417,0.04602886956868647,0.0,0.03552467571144179,0.021172477069751214,0.01350276625438292,0.005940963456384757,0.02610364259353508,0.053330341052519895,0.16665600523243165,9.216929823933231,57.01918111950933,21.468228362598087,8.14453813552645,0.7058666965312854,0.03468615943378628,0.05487163587984059,0.09164772162570432,0.19117108683435752,0.16182027882755598,0.5306391999355462,0.7349562744751781,0.2449901272298014,0.024658963855173143,0.09985875531646166,0.0,0.06113145786372946,0.007397881267288646,0.011504437476983646,0.029563437287945644,0.03366872209872713,0.008940394789714605,0.0070914885866542494,0.00616886131366113,0.002758709879973187,0.004559814769839172,0.007633299517874136,0.005545037902141189,0.0065705630395514174,0.011585095870464617,0.03154785588676129,0.14257205607051376
1.102941176470588,0.21599216668981153,0.4902672732748602,0.35102760505643116,0.03470365722564437,0.030810097901066976,0.052832056459072935,0.0,0.06853696308840287,0.027149784173863815,0.002426868781519813,0.009371462677187121,0.014038975237111314,0.020516588229459835,0.04241583444886869,2.1471458890650794,110.94386734874384,341.1422659894066,89.67641691952223,1.3359036707745793,0.6150278339270677,0.009374193671600872,0.11038353638294096,0.20504592163731444,0.10636914849125359,0.10600998932825867,0.08148601692344742,0.04451487368246771,0.005945379647257793,0.176452341930266,0.0,0.08579829893242968,0.005936609903291408,0.003216185642707404,0.016715606558005098,0.02893060420138326,0.018814058881878315,0.011480728563317489,0.008675660992151736,0.0050821323726926125,0.0035614225836554125,0.004563628755910074,0.010774226611319243,0.005301498108229632,0.017071740273907565,0.027530254720193454,1.8352838095946327
1.1176470588235294,0.09897488801991254,0.08612254680670277,0.05063060000179059,0.014877629744810834,0.01916543160473559,0.044310546281769655,0.0,0.022931887552417332,0.013827951007650784,0.02287868432997457,0.011438219570528088,0.019782044972625454,0.03380050745734104,1.1258360978825956,1.2617777605707345,28.990811287421224,349.60509941889654,1422.2418674176156,1121.1377062599274,379.6946794198227,104.24368079736163,37.46806643046732,11.254031111226647,4.00210534474641,0.8910338347873045,0.29119387154343723,0.015167186835877085,0.25196301463730286,0.09175295266367584,0.0,0.009681370736156105,0.0031254487409575916,0.0019430929538928221,0.0038115785859299646,0.0020556786977374317,0.004273740076531479,0.0029864556543025543,0.012466928622622688,0.006157493982291883,0.009658657808952986,0.007296503053402748,0.0033472720858031845,0.005897624931805891,0.012469287010078678,0.0697248228694066,1.2992741804494994
1.1323529411764706,0.38855210471232315,0.058706140298626336,0.05127908123062756,0.02673325235247029,0.016284556501133387,0.016393346323191144,0.0,0.009778863374690326,0.004544887247814422,0.021353634711611884,0.013989216850781229,0.06546312062315923,0.2569182264334685,0.11655232752534567,1.3007567379047464,5.7560439828736705,1.7492246460635472,112.66303251406862,1630.8773969781232,8797.36961847197,15460.250216763803,5030.330871806696,44.36050185238665,580.2304865438186,110.30133475646286,8.705026278795252,0.6062755563206778,0.2851207757801782,0.04866003998895622,0.0,0.03745830516130765,0.02957264289126387,0.018574125872684564,0.024591141845284967,0.015416253716433573,0.0019655749545131637,0.018128226305870587,0.013787030907518222,0.007893446203162263,0.003082130135959044,0.02624328920604157,0.02598970977279017,0.00953836877977034,0.004589494920885101,0.06286054990848298,0.3833445813508071
1.1470588235294117,0.4685990386582734,0.33609071033842275,0.2708913458349611,0.18573693428183197,0.09745838486798011,0.05452286262252566,0.0,0.045589691056123094,0.03288981865480968,0.024441017581673524,0.01767363483224432,0.28082417723999636,0.33020335714802673,0.6175081314996473,2.7649467059786077,6.570865418645077,5.459986094735015,22.50213279950738,27.80475536718488,56.535924791171496,1087.3700134522278,5745.9932983877,13799.532793598468,16025.242203944359,9196.712581526559,3009.3336942902088,899.4428056722068,668.8651705855815,556.4045357222553,0.0,257.6361975227286,90.10487025980686,15.155014207285564,2.9160131078150044,0.27901053234406603,0.04425162342882199,0.15854863287532284,0.04339512415452418,0.03309982580811372,0.06371378518358373,0.03333831349213041,0.040252713351531993,0.022132055682535127,0.04400991397038274,0.02220545004239977,0.5416460693228252
1.161764705882353,0.7722847215113113,0.34707909987381663,0.12241779720299284,0.11757388218454745,0.136892339849216,0.10796339207008365,0.0,0.05957354326960647,0.3843358383995112,0.3058437983723192,0.2344094265763527,0.43308808155745143,0.44679984792447175,0.37297511486931356,0.5118764744275808,2.8837168570007226,12.437231899304955,16.965801800185915,8.002646944362484,4.442291301560971,3.0901161094335077,7.465743936911528,5.345169690953178,66.21585426455593,1437.7174215075852,1231.0049256940356,7142.239107237598,13088.296686172012,13580.785120135308,0.0,9915.10313568672,5332.765336888851,966.7120862727411,29.41238939208987,3.5093290227524276,1.682400692185598,0.2696277678210747,0.4916944717624029,0.36473137750988116,0.06730325352097025,0.019128792057779363,0.01861965090930856,0.03740131294222264,0.0452386672073032,0.0788010285098756,0.1245682207624199
1.1764705882352942,1.3268467656428697,0.7288398409550202,0.2311478762344877,0.31989563992578207,0.22972615733395924,0.17271514583190897,0.0,0.1932849826967623,0.8223035576910327,1.4631064095343502,1.0937146698495877,0.5551941911726205,0.48677292312481485,3.3976815454787745,7.595821442663141,5.777338940455471,1.8130911999040107,17.475351870161496,26.094638072152275,5.5547167492235925,3.616813823365694,17.644554450493597,114.5930744207829,298.21696750289925,770.1081347187785,260.82469484854755,231.33280020797542,465.94329962225453,191.76222221858333,0.0,217.71298637344682,1892.1562632423932,1129.0836036298315,68.65141489209421,6.4403159843745605,5.757575098363228,0.8877721782030594,0.770124478274756,0.1293180147179907,0.16978792501364715,0.03725284745110377,0.034425344898094803,0.01280959623695367,0.07165443738505581,0.5749837733064669,0.7427097272995887
1.1911764705882353,1.3043043532445568,0.5797057125523373,1.1772059658772724,0.5435895634441374,0.28130264721729537,1.6827186442054536,0.0,2.3995342119010186,1.9532774812507272,1.3548626402217998,2.753217964638532,5.597818704159568,7.259594459518576,2.712270773089373,2.4681717969519696,9.598479617771712,6.003254029121186,7.2988773226815375,9.629345414502989,5.642863697801404,36.64414376073889,5.624334464268263,43.08198506052595,57.819577691984165,618.4747865949553,458.2688634738512,1060.5297694797018,1563.6872165942873,864.9145168781749,0.0,1093.3635319336524,663.1135788372328,27.592569508745814,32.69173512140782,45.08775931927523,7.02297615515538,2.888638773895612,0.8826544284715353,0.9486657341812389,0.16740393850400717,0.018667988193208897,0.015303645290908528,0.006981422596179806,0.039226093799443335,0.11845170120856909,0.9323546295522542
1.2058823529411766,0.17724528024584177,0.38063297376336175,1.10162137431565,0.48725584114847226,0.41506049301805614,0.5505235980528757,0.0,0.27930204724807406,0.11177869698888791,0.4857987775650012,2.207781943420873,2.3803015427472123,0.9247100860189803,1.1827895297706306,2.4025889736654062,1.1579051555346813,2.8408481080944523,11.085659292178988,4.395543682671585,2.6160225013857534,5.741246582155975,37.811262522984975,198.01927933090917,127.07748876851592,100.34814740407828,87.97605441582097,179.71960738068356,512.3202872058304,391.67309335737434,0.0,170.24197285703127,47.18289726611871,80.3504080312718,142.03197753378427,59.95069505377838,7.579181822458159,1.540169235948295,0.9295404633764114,0.11519532872373953,0.04603894003447274,0.02694053790885641,0.027096868608096104,0.007430144377475762,0.006692411952681094,0.12807696467909535,0.3751977062232909
1.2205882352941178,0.096920780121586,0.20800857286597502,0.4792994718135799,0.5413729648814444,0.7011625145073819,0.31114813022409804,0.0,0.19736427859147865,0.11385727530423592,0.06530232699772272,0.19280375928542443,0.22801181170429147,0.6624114822903937,0.6085402777341729,0.6447302816696278,1.1268191899178783,0.7609326132162169,1.3272736550254998,6.7211515324163384,27.280227437456887,66.53018117565824,32.45932304050538,16.89667894313132,56.345682831451015,121.81036320007631,68.21790252567556,109.23593457713848,109.79090245011292,44.49232191329194,0.0,37.15219866550993,122.04003754115757,83.45553449865,54.94295128729104,30.58947924398908,5.088621573650447,0.816288966231043,0.12890390932628407,0.1171202170041273,0.19529694878767062,0.06320793736813496,0.02185537294743062,0.012031809678029819,0.03023166648486117,0.11324070156617119,1.6931517382983343
1.2352941176470589,0.35471663678073284,0.25702085854465617,0.33954618726659275,0.24489329186189493,0.10924926701207366,0.05358598768479174,0.0,0.06749945125870944,0.03620684157672123,0.028780454420611643,0.05461286383317433,0.10625778507399204,0.129559084181383,0.40673171562343985,1.0753790918795014,1.7232233242601307,3.478957490776695,0.9806956740682419,2.8832337704406017,11.664628850954246,10.431389084443119,3.740192119233974,43.47222376830776,157.42592590316724,75.09976326581139,28.907092329255892,57.22819676555762,95.14457162607624,36.71172729335342,0.0,54.22353977197153,3.9053736740772518,8.285213625698436,6.650157110866067,5.438479884990574,2.4924414749589987,0.5738646269881763,0.15615129761799285,0.15259291865506985,0.04870437840615988,0.008072100244650245,0.0036846066774674983,0.007543513966569871,0.019241715473623078,0.21345085521222945,0.777914401313074
1.25,0.047610735365237127,0.12195515116783018,0.079707672135824,0.09862813338740051,0.061760416127025465,0.044447079097766955,0.0,0.030747731700268642,0.0709154102895409,0.11976249057105023,0.12552969764330363,0.05462874319376791,0.06896512229306431,1.837306289437119,6.06490830730902,7.756454514608828,6.271297084166006,3.0101877076176935,0.561397399488762,5.054560295956446,13.602939062844866,11.291118659675377,7.660369398765093,11.43132088237925,2.1686940769809615,19.45621783930353,31.316074217960182,45.80627500367173,71.3890349507484,0.0,7.303590456653086,7.31358848037344,13.570275243508005,1.8726883461406802,0.33188835125775273,0.49381894395135545,0.07980737084239978,0.08725673840910748,0.01921278424313671,0.001366897396412824,0.004504961681917684,0.014847584265638373,0.01947473357631034,0.015039477320462647,0.025287923951859977,0.5801879684772898
1.2647058823529411,0.11646075584276785,0.04154235640397572,0.047184815858636306,0.23904839646626497,0.2939458346336399,0.12561237115839394,0.0,0.17962547653072192,0.1303105511161508,0.1113001277939749,0.07882719260637701,0.1072904393664551,0.07180954791416154,0.37141261711490575,1.733857818756519,0.5879826490953046,0.73066974228652,2.035391404066105,0.7692712076816643,0.29019691455907853,2.845129156650902,6.082511841656144,18.596916380663387,29.01066856675066,16.56538489950566,12.17557413852812,23.798574371231858,24.316431215760275,4.5953123005758965,0.0,3.9282905249708646,5.799245218418768,4.224046415561312,0.523624965221179,0.7012007653472085,0.4114756713222526,0.26056213086823626,0.03972962580982095,0.020295206698448365,0.004854571609494526,0.023687310543152727,0.017566388752620433,0.0036188195716276585,0.012295252543605896,0.028244768548108028,0.1591635654495317
1.2794117647058822,0.22899841082942166,0.28612627964695314,0.11610848697334766,0.04329254865790426,0.2743298915578006,0.6203169031466191,0.0,0.23432829418056939,0.08684041311653151,0.027054554570731918,0.13147701410790913,0.2346266918893044,0.3498156170824934,0.36292840742960264,0.35965764942546624,0.48925349325746026,0.6116456526289104,1.8018932339071478,2.1778978202690347,0.3610299407489808,0.7322058268848954,1.2271525373189036,4.179250231332023,1.3051201748099808,1.65014036099726,1.1722477653839731,2.512761218924672,3.893851188393687,1.0490281952565048,0.0,1.74397741696094,3.4851811216863813,0.6861882319605006,0.5450674105154938,0.22485058087682624,0.3530301152342186,0.0819178400940867,0.004914748148615108,0.005715804353967418,0.007894437732839222,0.006362374860133304,0.007253949536083644,0.009667157692359405,0.006005644194242462,0.0292638261684984,0.08908652820140466
1.2941176470588236,4.9784420167342,6.290902592630795,2.0335524631696056,0.41417560824575583,0.1959337755234465,0.1883282606358112,0.0,0.053649218672154525,0.08422687640946866,0.055741124319614005,0.03648023131689395,0.07861672932201866,0.04090090914152797,0.02835206641810029,0.10997210063630855,0.32466770555103164,0.13074958233781275,0.8560346778549872,0.06784614397103289,0.7799284407290212,0.9112155105578497,2.0088077108035796,0.4201151837445207,0.8767556225360595,5.117672371489485,4.970715932651699,0.8132413869935342,0.11713758003101825,0.18875006393697422,0.0,0.2610546351975146,0.19384459197998466,0.37664584881632646,0.6820113191966487,0.3919670957028346,0.19702949922904697,0.03690170080767469,0.006745234319495938,0.0032632353106021527,0.004467636585707418,0.003737489917992483,0.008461830418422538,0.012149194931496708,0.0444663471534162,0.20790040110408936,0.8773544818004182
1.3088235294117647,1.0271887753660982,1.5675041351987677,0.13654467610323381,0.29143271630022843,0.29457400325988065,0.18748516646901497,0.0,0.3204599454476895,0.19020510460513862,0.24175609390291322,0.10046926769906622,0.04798991599168364,0.03302529581647701,0.06433636941846388,0.023856297980752443,0.16916750888678975,0.48446237010252696,0.8362062052134992,1.4392108297248436,0.060377900526554874,2.061265165896672,2.506822187717793,0.2105868510929093,3.308187298637017,4.860076311601743,0.4186826918479061,0.18255577373319412,0.13214112685394716,0.14051955960758752,0.0,0.20412139286158676,0.2580365809641084,0.11995149608828681,0.14351293683080713,0.06413157941782194,0.012352099137781397,0.0032474986164940855,0.006960603410520712,0.0024909235040067013,0.00657751713135717,0.007813703093808695,0.006676440967154265,0.008666604964524788,0.00787624263415481,0.04355058378446214,0.38359686437921825
1.3235294117647058,2.1645591238459945,1.4647206386278742,0.7573776085273444,0.20433221935439322,0.39198900201101333,0.38273394815853046,0.0,0.13088397038048433,0.07724133501985594,0.03648504315295692,0.01011970075525537,0.03308084364832797,0.03682725240108822,0.05030111713803663,0.11795416477593829,0.025322498588448754,0.018083169115644244,0.2625862292949874,0.6086493510792406,0.2087274336679663,1.5225184432272352,3.392104375111949,7.638381569948693,2.338777657438923,0.2536716483909743,1.0909618428552383,1.0601481231326626,0.11316980766458781,0.004357599251920881,0.0,0.07079739547071469,0.07308927091290668,0.12969083194602105,0.16170510311379244,0.052269004977236105,0.006774117535125076,0.009965393977183094,0.022371480864788816,0.016198009106723723,0.00473245852113681,0.004090000308432993,0.0017201398539610792,0.0041642461418318595,0.015712411498348896,0.048619850139474875,0.19352063447111423
1.338235294117647,1.007451238454001,0.8718080237978886,0.8405437328683687,0.19809869006386793,0.10561315989893928,0.11649180202277473,0.0,0.09523581476106643,0.04678548877390201,0.021099789653698558,0.02867059703454489,0.04419274030467796,0.023382635601114306,0.04569544063899485,0.21915627873213062,0.05956061613128753,0.12695773933514892,0.5190229506562445,0.8719312002027019,0.46168474909598023,1.3796053860622437,3.583722307273484,4.216100183681744,2.5756735285567838,0.7644886397496885,0.8680797216278117,0.22182225950642953,0.10199773506644084,0.06170588736318702,0.0,0.04427554247806857,0.040028207041560994,0.028141939530765693,0.08385208844446418,0.055688893672379225,0.013242733043608701,0.004739704417927842,0.005581013297034365,0.010854817107842397,0.02728586216522593,0.0355380987397048,0.04386562223572132,0.0473987171788032,0.053591736060343766,0.023605244890068704,0.813352165373406
1.3529411764705883,0.5407451848669339,0.5073132881507165,0.1918980827309199,0.1327309553610182,0.1888614922418122,0.20090582219553627,0.0,0.1100068383813385,0.04628913923167172,0.00627909158433545,0.009497561639199618,0.027025962785035912,0.03400331186008212,0.05960871824094964,0.03188503308579416,0.23578627134033348,0.3300376397615479,0.3435468809980378,0.4472952340240743,0.894928542358527,0.20675266021640312,1.7113074447211956,5.1588607981956685,2.629032382144801,0.8303404305682935,1.9422164201093708,0.22640775677157896,0.010668297959313778,0.007677192359678661,0.0,0.014601444149673891,0.030553352875090086,0.02272282685668467,0.00854616840861019,0.006612737017039051,0.015139393614285606,0.011304391073127893,0.011293482520092126,0.023696054062717135,0.01746056356076299,0.00837678806753431,0.025313557363778293,0.03686708812213325,0.014415108363316683,0.12099974406030956,0.08935944365425122
1.3676470588235294,1.1833468644327676,1.74178328479563,0.9637420032876092,0.3866313137200892,0.08959513845313022,0.04198597631667818,0.0,0.03151767217353134,0.014904337002763359,0.008097888205580666,0.002821926717727596,0.03215847560832032,0.046737030903694785,0.08082791262166988,0.09177012459265486,0.1700392514142804,0.6672243606995785,0.9388840412921441,0.15217885157876868,0.5696504663867812,1.2805526486888716,1.412760008450213,0.14451456403259733,1.1915956593705386,4.6088358973261885,0.8184909249107835,0.02159568777281829,0.010596532564750114,0.007531930915106206,0.0,0.00484325632242873,0.003898441953181315,0.006258757110072322,0.006286686751580183,0.013968500188596127,0.004791790363423679,0.01025778609146513,0.0030897509567045355,0.007826332576251819,0.004274348496976813,0.0046030364230811,0.004849391732419269,0.0068469817432006,0.022660938618766346,0.012003253083455932,0.4226260789469306
1.3823529411764706,0.09065935771148395,0.23972152982326386,0.06741097243511585,0.02806582367541266,0.039682731018371456,0.053740226870474146,0.0,0.02999966399886337,0.0137902994709199,0.015817840539350925,0.014110220521994588,0.012464753057421932,0.0886730103599623,0.1780816121571186,0.08756081917196402,0.048573792742368754,0.2807977621173214,0.11419928061544422,0.11117305646224807,0.1493226510527821,0.39578789469994247,1.5920467005245258,1.7583212546386078,1.0571798175104594,2.0550775782855233,0.10774065655624104,0.17229659765182678,0.00875267659771689,0.005848938559236822,0.0,0.008291966052316767,0.00047458054959047144,0.0034527469649518806,0.0018314337784509594,0.0031652010015460006,0.005025063551356502,0.008851777910653807,0.001641166572317573,0.002332946065687142,0.0009511176677931282,0.0017331700277174887,0.008624371108598624,0.007655471550220134,0.0090348021051319,0.0458222761973983,0.4132521332184969
1.3970588235294117,0.18624981089275233,0.09141871975556465,0.09499346704743304,0.1002368310862094,0.11426037761649945,0.05886277907387148,0.0,0.019877455411484564,0.009446193711642382,0.005506226780849504,0.004461399133927719,0.020340438419940342,0.0327164708024214,0.02851891577273779,0.03276938599974373,0.05169180286749571,0.01893096217167374,0.04907326942655249,0.0427786478053825,0.019186246528754294,0.03472724964739979,0.025458578023179863,0.05368957723490522,0.3195994812782786,2.9974223035440515,3.6964673943493853,0.3576233877024071,0.0076272185677455345,0.008332903224310696,0.0,0.0082108152467256,0.002037926222420742,0.015081093472194544,0.011189966249068758,0.005536065806297971,0.00459551539896183,0.0064352726047201365,0.005562578890479517,0.0020782559167546706,0.005084056149518464,0.00745182902554733,0.0018855846453420776,0.004917700464320543,0.0020324166480156203,0.020405792612432253,0.31010937551895346
1.4117647058823528,0.058367657986939527,0.06009120171715897,0.08498548451050199,0.08273773499629516,0.014376200110225069,0.014641176350625718,0.0,0.02600400710178096,0.030711539723386035,0.013768849334373296,0.008966190379054313,0.011465579238495314,0.0119884562261432,0.027613824121294678,0.046348932024774164,0.09800038264843372,0.28855365406611955,0.4285237177637511,0.26924090720451094,0.1295510023872904,0.4858111997417886,0.6333726439796065,0.3554081255046844,0.030340326100168784,0.33272477561907526,1.293053516487118,1.1296084067006582,0.05626976562111094,0.0047390946321569545,0.0,0.00340733787544138,0.0027047075733498942,0.009063455451360154,0.005884905913430151,0.0008076993408973463,0.002831219311653794,0.0025144565664034293,0.00159918412215685,0.0030920936174925803,0.0023409870070870975,0.0016907945898549349,0.003015481330044132,0.0023487963783110194,0.002524826812942443,0.02168148236830749,0.2899007570607546
1.426470588235294,0.08778938426091437,0.14254039793074053,0.09198278505382435,0.052232787128369484,0.019754593024620414,0.026507022550229152,0.0,0.027679938416728007,0.008522595680704214,0.004040813789662074,0.018985082175508382,0.03768689879566119,0.012518963660828906,0.006811518683474941,0.019855275342351777,0.010458009392514558,0.025794238532513544,0.745097325452552,1.215994454073873,0.29816458502949295,0.11223957704239312,0.2624515339130492,0.11767916069950729,0.21758586071609604,0.2031142360284332,0.05953197804630518,0.09110071897234852,0.18994772125973403,0.36306514915812843,0.0,0.06584059618909191,0.011627862422995284,0.01339821819379614,0.00044840686820205684,0.002904689876607332,0.0015343291113225485,0.0008870270170693215,0.002296326673517669,0.004402168302960727,0.005658072076961921,0.002809765501633507,0.0014662474933205846,0.0034456172404660123,0.0033434276029534163,0.00881151630544154,0.018540553040362916
1.4411764705882353,0.12916347906908204,0.16594543384140453,0.02873166819794473,0.004759998779909343,0.02246150894575453,0.020615100992872188,0.0,0.00856824683173256,0.003409810467883154,0.008713407958927772,0.002455082787183454,0.034211805256543625,0.03498984688508602,0.004809436021100432,0.006231357582414153,0.030182399637715848,0.04084018068579855,0.023553409208230455,0.2909461773081,2.4656648953770555,6.729896490054475,4.3141042362149244,2.6978849011807764,0.9629035776507306,0.11884233522956525,0.2021556394830507,0.1455422206661305,0.012754830500960978,0.25306356021798904,0.0,0.27501873743878236,0.0411313401814586,0.004184484796778394,0.004300135429863067,0.0048257627652277734,0.0042292477465987474,0.0016815744884635928,0.001803674519938239,0.002490815162400354,0.0035652827568877607,0.004266846208501734,0.0027670890482348154,0.001706496617328085,0.002415519434237831,0.017576573654114174,0.12786496787180757
1.4558823529411764,0.3071918322240032,0.2022452671910114,0.10725374488541925,0.05546166503448495,0.050238127697730624,0.025221093176589212,0.0,0.011600233813222623,0.004118563980633046,0.004002298786162436,0.009296140472668734,0.010555119660793633,0.003827255028453515,0.002651773783904195,0.025061119905918167,0.07341716083344105,0.10717456757613564,0.09557079759721027,0.03639708574337972,0.167223212292604,0.11188908327871841,4.619612727650821,28.555142719635356,31.227627837063736,3.2382475604206404,0.234940335583672,0.22750326715397393,0.01710696058030951,0.07729335634935684,0.0,0.09323866904527187,0.0171385736859131,0.011927980374120543,0.005646549230469336,0.00663543749331696,0.007684165983723552,0.006728618029530649,0.00441477110782752,0.002185191425208343,0.0010667501482933286,0.00874950803430636,0.022032817095507067,0.018117525227765288,0.009769179110389919,0.008126745822516023,0.06445064032112251
1.4705882352941175,0.21092079053900734,0.10403372671023219,0.05347027167711498,0.017196225229882657,0.01371329178323916,0.025372876700150936,0.0,0.030855149676395188,0.010541803500219507,0.007896537917940417,0.021537783453083464,0.009990436869853844,0.007372047798109878,0.012110905370685598,0.014321309370909915,0.022352774020859813,0.012631492975807396,0.08273472454341377,0.03768260741499145,0.06515533295283805,0.4268379554112824,0.0315818529118596,5.093449213923038,112.8149955301492,260.41554708352265,137.0246112134463,27.405795672285837,3.541177267766491,0.3664631859786489,0.0,0.043761418949797584,0.05260911032431663,0.009960224279473753,0.012582603708511603,0.0015258732490476118,0.001588696667013226,0.004320546526737076,0.004216742640503435,0.003736217463999431,0.002070913819789103,0.0014565830945384548,0.0022727828009456883,0.0007192243381321352,0.00828389330918903,0.0075743580270025024,0.039378125159575464
1.4852941176470589,0.13629827758509191,0.05618662403630407,0.03818402663209673,0.06256830223765618,0.018540469785644102,0.0021612274698343697,0.0,0.02320239899873002,0.06013795883652993,0.04007841860315286,0.03257694832892,0.07163382362438353,0.061049235292999535,0.01965259837078271,0.013484282673322988,0.02253701962878129,0.046466849436622645,0.01396604471283095,0.1388795829386615,0.877128341861779,0.7445241947626287,0.606506589849876,21.077336521678717,61.102206641593796,18.737825475572038,61.11232143764957,61.05578668071712,89.83522900449674,26.43121590347024,0.0,2.0544356023826524,0.1334744491755481,0.014726586058807167,0.018138878004979757,0.011797276640764843,0.005489185222791154,0.004915330642581811,0.0034931651592159936,0.005249570476376994,0.0065261226982615845,0.007113273485398008,0.004911034952506617,0.0014389140495504123,0.006724712770460398,0.037074006697128445,0.5899457150783555
1.5,0.20956575681510853,0.054180717863626035,0.03946974138229479,0.046999447124648173,0.05200780288123292,0.021069143822434667,0.0,0.004473994669238849,0.009198536361652312,0.010832668938865333,0.04231609985992966,0.35278357612739897,0.24319965063046559,0.019597286566656498,0.004348236103015421,0.05681885251823989,0.21598311222077424,0.21701129712388317,0.06327653435080705,0.6582294711634005,0.693052188974626,2.218866793871506,0.6212502580677682,0.8346277247043702,10.527743763475032,29.219305604038496,23.402235376863402,3.056372626812925,1.856157910994494,0.0,8.929382216120608,1.8282358685422129,0.027921239513261732,0.0167605333066266,0.002363016785252926,0.0009618013532321547,0.0016794861025786327,0.004907060812468321,0.008187069168481184,0.0068517248325153275,0.004242338459285228,0.004168386742777267,0.00872409535100519,0.016412822093216865,0.030964891414916394,0.3551034289119466
1.5147058823529411,0.13888978222926956,0.08430958276107814,0.05239701097480398,0.0683779144440704,0.03580400189805276,0.018553557322654738,0.0,0.020384614757920375,0.02459344665875994,0.02553862282838075,0.052794255900604485,1.9090989895932342,2.4596879036205084,0.21185772318395243,0.028731255347863797,0.0190501488713772,0.04310574720349777,0.08184980798084421,1.1223620740738804,1.2391274644840868,0.07379320656528669,1.4906966156702304,1.2458958365418926,0.7072854564965956,3.2136304663904847,5.591231084114034,3.0307163206511865,0.6938556464859773,4.969708256629383,0.0,3.6179051588236044,4.259029232729596,0.7456318172744845,0.05048063324093082,0.013602289197553227,0.014984917499949384,0.006023805980870065,0.001920798336010576,0.0013689744933287388,0.0021238632716694007,0.010291661663455208,0.009537788932330501,0.006150816998870855,0.005988818763396995,0.007157648560783943,0.16731567968397676
1.5294117647058822,0.06091980471306035,0.12459082434498883,0.12842951124441268,0.05589308910640767,0.013381380279256644,0.008700014123070136,0.0,0.013559274881071302,0.018156745176081263,0.012391247195367796,0.019956833719287626,4.4265090459655365,45.293349987661045,35.60893648570669,4.386678607043482,0.5450442246068377,0.10889408783712604,0.48024585631880923,1.648359453690873,0.7352092484252704,0.7363696964114821,0.07067440929042146,0.18818389388121592,0.11084749331585861,1.5134828151239306,5.889627075679482,1.8929283000859214,1.7729033811794381,2.629915623942924,0.0,0.15625346785467067,1.4956115504429568,0.4157082114834284,0.12189773403810361,0.017190154859301046,0.0018079375338186533,0.0019043545995184197,0.0013545852549268294,0.0009034787545208799,0.0029748886671236404,0.0016396805933294875,0.0028149807056135263,0.0045896005630228776,0.0028278081943757167,0.040107466673162166,0.2868610906254451
1.5441176470588234,0.016941505385670772,0.0784013822874855,0.2469706783804974,0.28716472896036005,0.0796285427882892,0.029358961298893236,0.0,0.018817492660356917,0.01982048563453611,0.02617622520456079,0.07881846983610868,0.8467372847953609,49.360329363746224,699.5619890848773,787.3113417372372,169.22171678310184,15.589404139661243,2.2883822947094705,6.192627937118652,16.120436000502867,4.558470800850758,1.94441902830172,0.7578051846271023,0.15848952636884903,0.2048160853767962,0.18420173803149523,1.637584033364819,1.577192408089333,0.19849874549818847,0.0,1.6402547669510128,1.8711412919060784,0.13348135072628042,0.0429526703290838,0.027708439534596927,0.008677788278744868,0.007452849736910935,0.00536134779289633,0.004441960464498811,0.017734453164658815,0.0317537542136922,0.02607586171648974,0.024022869536430434,0.020131664110687623,0.02720129247437214,0.313423928639957
1.558823529411765,0.0707908966794344,0.04986196311717753,0.06235055010325131,0.1455923891531753,0.08893821540966522,0.04558854682738444,0.0,0.06899322083239713,0.04529093332079303,0.04837757057294237,0.07360458746090763,0.331678110350209,5.193018228733736,142.29964021674422,1701.5215700734784,7292.398503507524,8737.52958425705,5096.326480229742,2112.572872390511,532.2213722032284,84.84826462105381,22.78537425766747,5.620402627412602,0.6873108706058222,0.2087677562215218,0.8483055988136512,2.439236883716717,3.174346219458462,2.7840892586283923,0.0,2.18717457572251,0.9969977903284133,1.0435125956188487,0.11653141576996401,0.03399531054218577,0.06319529831424045,0.13945765886630007,0.3031157087891996,0.3401552811480928,0.18938497331491794,0.07963132262192654,0.06257120616730753,0.03402872949907774,0.0026059069760824595,0.03520674060614279,0.1906031521935182
1.573529411764706,0.18029756434280036,0.21416154406451343,0.16045999576047795,0.13927109280361022,0.023089689454443382,0.04647352158535853,0.0,0.02858454218232665,0.028434403755666575,0.0797415032825704,0.024178201028620207,0.09419832305372403,0.9130381098721839,2.573969566422793,29.021255320136547,323.24402199834515,2199.2685640501795,3819.705342223565,21639.44686074329,12876.928522555289,650.9158740370473,2399.333437138329,1708.0909111854537,747.1388031286467,422.80757838842794,76.84566165408846,31.785623772885838,8.209130103114099,4.813285758966634,0.0,1.2743019194965517,1.9103144681557622,0.315010999668632,0.07576474285000498,0.06638882922070692,0.03755052890592084,0.06687067516505826,0.214757485636207,0.5407988375810304,0.27431403831415924,0.22642265997875788,0.2769881419709899,0.3050733593184597,0.12406010976986098,0.0638942530111726,0.26474889993930895
1.5882352941176472,0.17740372487501083,0.27084781560082866,0.30783613384060476,0.5317194401665322,0.23692269139739858,0.24299016070494486,0.0,0.28586301006838466,0.18793451062427083,0.30330334041237417,0.29754356949135236,0.15373525786061928,0.6765368737689499,1.7014214857015981,1.1471937587862788,2.8226907808265334,82.51459903304571,849.8297847011274,4843.226295533299,15066.612015254555,13896.94108008497,27287.472168671975,39202.69377777235,41789.67234152603,38098.5584599861,22968.961936071068,5848.480107514912,348.08983166944836,185.49631945246034,0.0,59.20392438633151,8.41388845134083,15.585126267378566,4.401381198354541,3.322313957112109,2.5862800708161124,1.1916913136092544,0.46014284208756984,0.04272344881360952,0.22623605608906577,0.11994342519375836,0.07079027505317666,0.17439807267509638,0.4518777983330543,0.7926804758772482,0.40331454546232415
1.6029411764705883,0.49879912774412066,1.078287109697022,0.16498458113703263,0.3818430880582578,0.3606295421007975,0.23330358421901534,0.0,0.4250034796398475,0.45919994178824264,0.22135984619236504,0.46778938620993593,0.6030575554445307,2.7064017676764247,5.291975951247574,4.248102170760489,2.4005806234075426,10.453989862690722,10.259009044539475,51.85933033708889,283.924050314682,659.1502044465435,824.6366261870569,439.2585525066969,1000.9164224948611,4151.9489905220635,11217.23720758023,5717.331665004849,10104.172455280666,19452.80970704794,0.0,6327.118952445331,1231.2731923133706,405.5693172991872,44.61743230703037,14.47965963437985,16.25110627958577,7.566623401267454,4.786046770799084,0.48589996310654004,0.0806549124754288,0.3291498014452875,0.08208575370395023,0.01982081804900528,0.026823938332931542,0.182943887536872,0.7753289012079259
1.6176470588235294,5.478332896921866,6.8466069309270114,2.6985782307283372,2.2553282656677984,2.7085898281561764,0.9432908899893115,0.0,1.0615786881665352,1.1912731439765323,1.0604595380997408,2.8774590937505895,1.889763577113561,1.153350081170256,3.884478681291432,4.54219913871843,2.9744167329193525,7.369914319910592,9.592533708783872,6.161397996653156,71.86479309647227,218.65126489868805,445.4667408546662,343.1090577287657,353.9089247427128,1702.9652758504117,1884.8922214180245,4668.67850125157,6476.366982834883,8300.75045723173,0.0,2517.610492311984,7104.552453410668,14300.244991199805,7939.93946987231,1670.707773646045,78.77755046509834,3.9507147964182416,1.7904292370579462,0.3235518074045748,0.09691486485566875,0.0534352005160404,0.05816221526775991,0.01511439298084677,0.02751998548214167,0.3050808366715327,2.689289523413511
1.6323529411764706,0.326611625124416,0.7602177262140347,2.4706719477404935,2.5148364574341517,1.8788579289985377,2.7039608684682315,0.0,2.7336460184116564,0.7085647507797574,0.929112079978023,2.751644159354147,4.699920329297623,1.8307524531169443,5.309029147897759,3.796891739452194,1.0205563188407452,2.3117337062289693,11.528362116449323,10.27289661816711,11.485271970211276,7.203244788714231,20.52101552626408,31.728857481662356,45.300454579528754,677.2012634805543,679.9849083486372,867.748410544666,755.3534312595217,256.40814773859563,0.0,3262.7367248451674,7352.160807117283,5993.448247627809,3376.982692647497,90.32242469112504,242.5982006136204,11.537413570641492,0.739122817469363,0.15384936045939374,0.03289490318806025,0.045233006975298626,0.03656194785633831,0.08303620358192515,0.018125178181427653,0.11173326250014894,2.3660353492207777
1.647058823529412,0.4181601738213466,0.49950344711138256,0.8581127667935842,1.3829262124978778,0.3142913135706323,0.24062547935738499,0.0,0.3948041673773223,0.8316636192827594,1.4861644004891843,2.6669442061958666,3.2337177755465794,1.266114070994961,1.1484331941479784,2.395452407312327,4.456953600736143,5.888805809510668,3.2936932887788304,5.029218147971258,10.77217996880264,23.87207212288794,49.92604966418743,48.15881516290954,50.0853369345042,53.52924829689001,282.06340636276883,394.6699278475496,89.43950414339409,47.71260449565627,0.0,147.50001000309732,250.54454049750143,828.1450009240887,349.22195960986306,266.19842813930313,31.919058685620982,4.275464124764154,0.32344615362926693,0.26304758600591704,0.02956084295764794,0.05911845934624892,0.03043621493144097,0.0195087248192564,0.04122276220408124,0.20705612667555967,5.8851316507702744
1.661764705882353,0.5471520290712855,0.4628990393248402,0.4060493796592355,0.6173173868423749,0.833316798048193,0.24311680893838347,0.0,0.3793760168943516,0.5133561908550646,0.7157858583392742,0.42037681905486374,0.8630748853822963,0.7787991524131481,2.2096014867409615,4.764759800681258,6.0930320983426185,8.85231160493612,13.008412021563586,17.369702832358435,6.425170488252905,11.557323142591635,7.488102054001732,8.99065724351545,89.75494875194374,233.44591823482045,158.6743410527069,4.856105574789609,127.45618248711733,162.26870897562046,0.0,298.48786875244275,203.72038394841073,37.01924040504253,8.765189187655318,31.50517508994136,30.541509966015475,4.497818232421651,0.16362896077624264,0.081461808506514,0.020969865564663938,0.06051691316129808,0.020561894160381983,0.012353570168270732,0.018883923805671984,0.1948985315115534,1.711682735213442
1.6764705882352942,1.1698707061692861,0.5084485309755966,0.37754707639849905,0.4807555680349812,0.49403424434816934,0.9245740276253462,0.0,0.8657287742314999,0.1459221122889428,0.10149561134318753,0.114467800958265,0.8301548716782069,1.0256047986907568,0.9547631747389637,1.3158068077513905,1.1423254062184889,1.2753765352347044,1.6569309309265505,7.557072160705639,2.4587396150558556,20.174719172057806,65.55749425445023,70.20374919075172,35.60449997990797,59.748005038272865,55.00559140144057,38.85119470072071,70.81947411432822,33.375965911151184,0.0,41.29449997875162,16.770325016174226,6.694522090312279,7.468202209131042,1.57386972246529,3.2137732554415064,2.859260350548268,0.24327725390791227,0.06998286222271519,0.04715634380775186,0.00954461901605364,0.00420013494572681,0.016021969684141442,0.006112661993791985,0.008580726098976468,0.2983198105800597
1.6911764705882353,0.45754135812371444,0.7240489298410943,0.09264853992171246,0.16880226965537062,0.09157453892469404,0.07328267843861444,0.0,0.4185998945398731,0.10792908544913771,0.0557015442473186,0.1527104606500573,0.6729748657422057,1.2498710547745495,2.6816911319188295,0.9621676179452481,1.37403594758737,1.2150987593182125,1.9536885513169453,1.4801628291545923,2.047910101651611,11.957734470242098,38.11266409763398,18.94302264396722,25.522838780087355,20.25903179831344,5.801841316363573,32.015935057392525,15.309246352594553,4.421557252991997,0.0,5.151500499664517,3.4376877800443055,4.333905042888176,1.7704233140337968,12.10618118752725,7.688393388340681,0.8222001982377694,0.05421547923847453,0.025709954042935974,0.007027813740515569,0.00790936972994708,0.0062523614012460075,0.0017979673983989683,0.0007859923217955355,0.016380794665588883,0.909079571980743
1.7058823529411764,0.08908830892828704,0.4322905381094137,0.2549698628640502,0.25161408897020127,0.39836997762825843,0.2533860261368606,0.0,0.04149226028683915,0.43087463666490683,0.5550746046659611,0.20446895227051085,0.25045029391257245,0.16849448861555777,0.24526878745766106,3.804556531089844,5.142876773976285,3.4070597096858886,28.706710050889036,17.65396159850705,3.9248740547902474,0.6172103234487392,2.461917523038421,18.11080681801923,8.875245368932568,11.0545852533008,50.54211108036995,16.805244410956846,0.8825588075657776,3.2049871573655837,0.0,4.590462301686948,2.0902385620907107,2.440376194051864,0.20203508038798296,2.9627649502948628,1.9562105639766254,0.16036226780198423,0.08699428444706331,0.009369987366132447,0.017440325320013137,0.01349715867716305,0.011031307815376461,0.012330477523325433,0.012498478453381229,0.04209605903716134,0.6272147311278254
1.7205882352941175,0.7096331146002162,0.3406993048488553,0.07705765349228162,0.0711711819662702,0.06767185778131111,0.05145066900092152,0.0,0.07970399790980584,0.1510539058602541,0.3107063228141442,0.20286976483586405,0.21474598419253665,0.34943420699886507,0.5050849955202809,0.9668971913276283,0.5559054184259486,24.75955369536515,215.9527009740146,122.55835525599224,5.824008327397225,4.109855983467915,13.69735533510759,20.333654886782398,5.50797556794209,3.751103580233951,21.558555859440823,13.330335070302779,1.584790146588757,0.46701912210119323,0.0,0.5397770466518143,1.5977885199108228,0.44593155134727336,0.2392643990617818,0.5179126508162469,0.7464006191310852,0.142277706384797,0.036298536873874125,0.008937184750303879,0.006278886596360243,0.000794105979217502,0.004757681452203326,0.006063722144314441,0.0058287026670876445,0.03135405259954298,0.02668380099756032
1.7352941176470587,0.3668152766834695,0.18377794350930715,0.18494902957738446,0.1335053036245249,0.2438092619639033,0.2804032527216463,0.0,0.113409401239312,0.07491091062750327,0.03934511138996552,0.021686570235751657,0.05984488639589903,0.2634206986219327,0.41519780449239496,0.12442962587923788,0.8532821297642292,9.202742041159606,212.00437280038142,627.2726964550143,207.805798078586,29.593504074887036,41.58461370594355,79.58559595449844,37.202546185871014,23.23418511080473,10.283102507401372,1.7241343097290796,0.5622931923701163,0.6353572301754604,0.0,0.36594021343328487,0.1795921410823788,0.31372386761807236,0.1828985542025807,0.06705909367080842,0.15016397818576027,0.06477146375782751,0.01485762220918402,0.008505747122214915,0.007913367908791295,0.013243143562190519,0.011730650180471439,0.009061792039240657,0.019122386408416084,0.002836429706895886,0.8795178717766133
1.75,0.2915779817280646,0.07601880986595366,0.08057461083134236,0.09657308127755823,0.07560396600258491,0.18593467163280597,0.0,0.05315705564796956,0.06450041315748939,0.04941543900074294,0.04017448491263471,0.10616192257865027,0.32413614768878973,0.4943370765185351,0.3503374065404257,2.530602827250262,0.42164943588232273,7.863943631455539,111.22986278680222,1130.0376296911807,657.3592419312249,23.47527521268379,66.23165928859606,8.714460339373208,3.174044491838112,1.6412854154624932,2.5714027436652787,0.3059002814761978,1.2949182417363838,0.0,1.2390460506852294,0.4398604896169379,0.02786123680823768,0.2904404292144627,0.1548003603481844,0.00740992110645434,0.012282155081669284,0.017552195870990772,0.012559599977714449,0.008896161886106486,0.007828660550249859,0.012577084063706424,0.021270809057172605,0.017190164559433833,0.26583675051188094,2.0330722343976624
1.7647058823529411,0.3878492787155292,0.1419340642233493,0.13617894958506183,0.09426630243087637,0.08108212523044146,0.07887291873670704,0.0,0.052746163017106676,0.023849516650112056,0.05228728774698188,0.09636908895072034,0.09157982572247016,0.07322565032962391,0.36035431115464117,0.29986342061073745,0.2907553778460516,0.40965963046581644,11.432858108592587,1.780441345453601,257.0898205493797,1015.7573699394615,818.1423074881282,615.4991306160714,202.58149309627578,92.51226987932597,7.490683820269919,1.0315779518147798,0.10740914449551833,0.1683215101652797,0.0,0.2189117813115878,0.00950117757726424,0.04289951643877549,0.13111270942518974,0.08399517742836884,0.018778658741031674,0.038402164408573,0.028267268503982736,0.011415856330433715,0.0019107955814379747,0.002961845861024121,0.002394655968684919,0.001987391948942224,0.016972531640999447,0.023329062878218128,1.291789132594764
1.7794117647058822,0.34268556226737584,0.29905968884336687,0.21162350623364853,0.10463916324143677,0.11995973497266486,0.13676773045442608,0.0,0.018354516863003725,0.03950013080997532,0.010908954072099387,0.027118701874740803,0.02266348975478888,0.10780616119897331,0.009732338499509125,0.036326414200639284,0.46325866607821053,0.3156969982633549,11.71859458730195,27.443427823683194,3.94066640177929,180.25839965856278,464.446495050262,1112.9719358979323,5513.714228982766,1452.6127840432348,567.1375785967759,226.33272649463873,31.14677434196001,8.337933292876158,0.0,0.5999284165600827,0.14579707167715014,0.11046730520358167,0.019648349663273123,0.046547622087733276,0.015661255524235942,0.020943125822931008,0.05145844616616853,0.030843812338846862,0.01687512216786812,0.004331322692123927,0.0062246698661034576,0.0021417808700862845,0.0019588873522938285,0.04322068253389707,0.05543771159950678
1.7941176470588234,0.5256950385754919,0.9413259418519075,0.4558181903575779,0.09089918702471747,0.14025243692395603,0.1584497465966851,0.0,0.060873521088731786,0.030941130936117778,0.012627988665379375,0.02064041508590271,0.20584675649675188,0.15800832166765386,0.1756543501132692,0.607350460094825,1.7048509892964459,1.4004701068022223,2.3453334748003924,15.280024872728099,84.02467971832156,9.987131519082716,524.1074697714228,1204.2323988790488,905.3058795669288,8233.955864135452,17452.131090110634,10430.150489326948,606.5137228170845,70.47424065833673,0.0,70.10408385091276,5.6952925365319,3.305102622903563,1.190958914494825,0.32350855375281085,0.3800458864499259,0.016218105985228246,0.07199949764842471,0.018931689095371535,0.008990638628233925,0.006619081040639743,0.012949371528513146,0.005615723550178888,0.013485264132623593,0.0612785403733991,0.12005479862446337
1.8088235294117645,4.416734906072163,8.775641524576782,6.355344763207784,1.7978537413627,0.7509325563060173,0.27673741243763456,0.0,0.31830098731758844,0.8741601614532247,1.1073461534924256,0.9238963910791168,0.38285852485574956,1.015133517513032,2.290938773853035,2.3287575327121477,2.0355910097027214,1.816320214396259,2.4682476271772646,14.545731295110699,29.24511527712507,8.934821562314628,2.982742633885003,752.6744021403451,3969.8227039069993,3199.595289418329,76.88688850666261,841.9518501401916,8441.02088994076,17213.07070847189,0.0,12539.24924533161,6294.36468093351,1638.6911461065806,157.24872754834055,2.447883925247236,3.0105711755409135,1.943743946632014,1.0861372242241858,0.27822498322607325,0.025974845122611424,0.10956793963596753,0.1780283737118652,0.05786681922125761,0.010009320378940789,0.016563010450630793,0.18703952341664146
1.8235294117647056,0.9038818263519879,0.8038181086771159,1.1965136537136662,0.45524692265604266,0.41935413842052804,1.7296003404379343,0.0,1.0335553472841448,0.2260742089598671,1.0615590803986827,0.8073090373808223,1.4035995274983517,0.4447008499670894,0.7078167402843595,1.3275066068220926,0.3176239068919348,3.298310837635051,2.2720676174231516,4.338863545389505,7.42613222133912,19.382311454015372,144.27391907778528,150.21214218447352,122.60642759157163,2004.7617821247923,15052.281486049505,20312.154041806665,4854.594718642658,1347.9545573090404,0.0,284.96566716849196,124.39096889119841,180.33323054801974,108.68446038612157,9.184823774548342,0.8175820605494806,0.06355364854458322,1.0770204437272208,0.4770330141622555,0.11409483091011172,0.07765509487925867,0.12102125876368257,0.030141090845420423,0.012720677608329707,0.03588808016026672,0.3260539005908072
1.8382352941176472,14.075363921332022,7.455692691819233,1.7536198997353067,0.6562876061047265,0.5477893652296786,0.5952069014125654,0.0,1.0415342596906327,1.0368033445103109,1.5013397973367595,1.9323980639584422,1.4490297061694566,1.9894379245580107,1.6907680975485817,3.251654345620295,0.9207694202101134,4.192718659384731,4.466635448374294,0.6105814645495792,12.033167064053128,13.152972627222262,48.51718698542613,50.08189620303773,85.87915082526219,381.0652095911097,255.7357730006965,977.6332347182467,1471.3790002213827,386.59274296053536,0.0,1264.1017818057517,809.4644547827307,608.1495448954535,158.0569344468832,7.9047906892771795,0.28150055891999703,0.7085628989704769,0.39546239695063595,0.20454174684050225,0.021032445166873456,0.06909708497635447,0.02652554793034378,0.026707062818625563,0.037948966036296224,0.07983909421293575,1.2885240881349282
1.8529411764705883,2.2157991069470295,1.0444340944421295,0.4218593158650349,0.03565212661753107,0.06944829041708694,0.5251562637336636,0.0,1.2282667738230684,0.6542011758776318,0.9507205057699498,0.8399426763250981,0.8863132733806338,0.8726811736694544,1.1342483029960988,2.3871041121137373,3.372743381779017,4.515516795494605,8.24958434806505,5.294429494261938,3.902586608736495,8.865745509997977,10.538512268815412,9.81101941826871,46.53030428671663,73.8507699554445,73.55937580791999,246.43206339880402,1471.6859062931796,6104.06435614841,0.0,5808.7535038291035,853.2932680086591,82.51526380275038,152.90804149570863,49.195103647558405,9.488919552414854,1.3594148384113216,0.3492131130100179,0.10848179675944528,0.165244940287358,0.22371441479359824,0.04220175421932287,0.009836487412174898,0.02463222882150909,0.09274815677867551,0.9437136438812841
1.8676470588235294,1.5060539965771618,0.18708365428439142,0.20302423813787532,0.07301356614147311,0.16741334116592232,0.16168424295967593,0.0,0.8345762522542903,0.35493275345281927,1.1953066358508981,1.1137089904722735,0.8008500171526279,1.2541171595088474,1.1078969951806257,0.6483643362657279,4.66281798324299,2.037161117738745,3.0322952933254923,7.854750395058043,7.032965812010884,6.780403600091631,16.989534131632517,37.496484656214776,36.420604263410596,88.20655677315574,135.25637010376408,60.08862038870808,138.08465276249171,1355.0107805658242,0.0,482.5039031674513,774.4274950961408,623.3225629191475,7.568382752980607,42.90649791945708,5.799631222291697,1.7603939101592898,0.47242656825165313,0.09735159996622843,0.07535606787055298,0.018201506371265264,0.017441115629626407,0.019279836411417825,0.03909475556384636,0.014860029184014394,0.09047364687428218
1.8823529411764706,0.27834818888469426,0.4019854125525868,0.26369185137610207,0.22491722001632247,0.19427735130592613,0.2110873906255434,0.0,0.21123347206497206,0.3096281596325263,0.4736948613546326,1.1379474202607747,2.1848266222633486,3.070221865469505,3.0583880480926484,5.102621248515986,4.293736284044131,1.897253314492679,13.431794911287579,11.361805517384575,5.263814724644972,3.0362502781127643,2.754293732989554,3.4316449932177715,3.562665125535398,1.2663576976360613,16.50109574089081,20.138946726139075,244.5217473922258,71.22685608590623,0.0,86.16530876669432,60.770311820014584,129.53362705130468,96.42233468964815,26.596768511623406,3.8749319944156166,3.2677289697091725,1.2051014766607677,0.11052512957063902,0.02494444781229612,0.01135289711964417,0.011000905320629575,0.011706694086388457,0.012662376305461302,0.07783039461584813,0.29192610779788586
1.8970588235294117,0.17589898241836624,0.665733823910247,0.18349827063257385,0.0621488671875779,0.0612102417997694,0.03820659589147463,0.0,0.04987389035516586,0.07188681664641919,0.07530211781020468,0.06982991603365199,0.2980028213311214,0.07689659252511685,0.41211521105531135,1.4990684865430817,0.4671588551981914,1.4411691627617942,4.205153506386764,5.799617572803692,3.591890954147619,2.7198191496704114,5.711544361759488,2.885216876655406,9.941767985771772,25.67873910156186,1.7642689800657396,52.42913087774046,12.222053957104588,47.61695229206921,0.0,7.319057114160651,9.16590027714148,11.951202605346394,2.670418123709845,0.6072883991004913,0.20568856053021406,0.05181963192559127,0.06460414731225785,0.009293277660415392,0.014950596279436651,0.0059568420478437354,0.004881493178914042,0.002202258759978418,0.0022136605761011066,0.05251540317678568,0.37706608265632724
1.9117647058823528,0.6700986862506184,0.31063695125435264,0.21213628427545925,0.10050344476080342,0.04955310829440584,0.18399441542229747,0.0,0.2172251080344187,0.06961966491018509,0.013622111718565023,0.01738522173545589,0.0211370356024349,0.05213339390886914,0.18700509832320153,0.7964538917123031,2.346234933162847,0.6910698838675392,1.0647542103213756,0.9329875391746801,1.0017575628863447,5.27941701047097,12.88160474320481,46.87132538931745,63.180189077613605,3.013668018020156,19.91889982705343,21.115276626989658,16.153108368548686,9.02619753070713,0.0,4.822065546177869,4.875723139596315,1.2200789393101727,0.3926582246858009,0.12011526460142152,0.06566294869917759,0.07264253769368326,0.04737124153742581,0.0376636199938253,0.021288472462301998,0.012755448517669124,0.011050678819294462,0.00370874950128624,0.005672235402664404,0.022984247873027944,0.029813471214164444
1.926470588235294,0.21057704828941992,0.047253051005231556,0.1454856022521337,0.0724934350503913,0.07972701122892517,0.16044187745236688,0.0,0.05844149042584176,0.15395511580530608,0.10362249818646203,0.08915012938699601,0.05457695279132617,0.08926889909830556,0.18221239560196292,0.12118952959967104,0.6250231062089064,0.0910130875954162,1.936148924140089,4.713282008545458,3.104451926064697,0.46409266351430456,2.1739642609455023,2.582981490842781,36.958437648757005,106.96360804585743,62.7022810643373,6.80056049306483,2.3818256883906095,2.2907009433341856,0.0,2.8863874843275648,1.2845012319214522,1.687950686549776,2.033845704652575,0.658446224254878,0.15999982508554414,0.05867054051747918,0.028288173955950336,0.03306087255696232,0.02115553140580572,0.0030720516925178557,0.011036154640589914,0.010603612229267883,0.004727506026380968,0.03646961551961531,0.12253395840203511
1.9411764705882355,0.24636808617457445,0.41269465315975595,0.4813113452505524,0.1345319588706788,0.07953624721798383,0.20156714747662477,0.0,0.10918869126344007,0.128015341140076,0.06234001600609014,0.019670416758942832,0.06434209543291665,0.09267224996228973,0.06386182019203752,0.301051195133495,0.32592976265170276,1.6535268369859555,1.7306257774986915,1.3059861436824611,1.5234991194670686,0.6968240555991616,0.9068592689461692,0.47600093137246613,11.575030150811799,12.343695947835924,37.395581463386904,88.24954341173462,25.02181553257791,0.7660322398556496,0.0,0.37748843441846935,1.6350156046834101,2.476558626598428,0.7529269847506932,0.19040815688460172,0.054126552115544034,0.032812172686213455,0.010803182423089778,0.008650058367120801,0.01079362406323025,0.012045964542056364,0.007844958000535477,0.006286418612477623,0.004072545263771955,0.03593255554739403,0.39203548504184604
1.9558823529411766,0.6757114673806772,0.27390076536181324,0.09517371076349514,0.16643129795399675,0.05976672454317214,0.02596975625503058,0.0,0.021759145636914397,0.019514557080552452,0.061993955283379136,0.06555920640068962,0.04280971228509902,0.1383260013294722,0.10214299836895695,0.1294659107072228,0.38393888071967375,0.23081681264044585,0.24194613996068692,0.29183125707818414,0.573079891805161,0.7769319096299832,3.142467102902848,10.265379340944246,6.593902070501459,2.067133151202459,19.227751701650526,67.29856181400169,88.54688604287175,17.580108513960887,0.0,1.2859475432497225,1.070145228788818,1.0909928171530967,0.5156627438661584,0.21041993999269354,0.10381221564406048,0.01809486297118635,0.014425231096140887,0.005157609074010805,0.005893400615252199,0.0027489995951579123,0.0006590314960139139,0.006303299660530114,0.005657655069197182,0.016896940887705488,0.7804610607473927
1.9705882352941178,0.1240516484780143,0.25309460945240614,0.06298713001217139,0.10318612153211176,0.06569636714864661,0.01661877780195043,0.0,0.012903791366621358,0.013962438199167801,0.02763439301885726,0.01517842935161701,0.09555084578652237,0.07595951153139398,0.08719382064528611,0.2621613214501979,0.4038366401959822,0.29516840137653655,0.026567132960148503,0.19059270286772126,0.19986126205217186,1.3140365639105274,0.41157536471699674,1.6505588541729566,6.694415900066142,14.788472487211637,34.58036189938406,46.788521138008704,39.89691227007352,7.8997891165227765,0.0,0.42951862062683477,0.0258276604371572,0.0907381801299049,0.4961878996376696,0.26616591930469524,0.023469997962922547,0.007843729216188427,0.004664040154109416,0.002434608771982955,0.004319249009583558,0.005763009240997279,0.0016594878871194364,0.00048251793255167305,0.003163244990355479,0.01090403167051707,0.12716252700159414
1.9852941176470589,0.37964819943273187,0.29171196425680646,0.12410189535162763,0.019434208390886363,0.13729940918696446,0.04508560731664822,0.0,0.013899991672420953,0.04267476582275524,0.03639688666040568,0.002762641273523486,0.0159855665045512,0.10176108379110362,0.3179040908114847,0.3304062440967055,0.324801730384492,0.35114390669592294,0.5571890425359678,0.6224260266420016,0.48766256388295015,2.7884137284100445,4.074495658821187,1.2748060418652893,2.064776410799661,1.5252389241036928,7.328067784904471,6.2798194168512165,1.2897809680611032,2.8976045203351655,0.0,3.5703085237826704,1.250042061948338,0.16045715892848594,0.05061074942626465,0.030211936019218854,0.006297311509828244,0.0038307768062506888,0.0074653636804621285,0.005536873853597095,0.0028484064821978515,0.0059926593742541095,0.003780989506914403,0.003949788786471052,0.008394663016336545,0.009904269882776415,0.11572566319322566
2.0,0.8165683830694048,0.09127615517006014,0.016234257822988707,0.040369546398876646,0.01898593119387809,0.02722810229560229,0.0,0.013115382700467346,0.010952703295957725,0.039068087196921855,0.007775948848392054,0.023480525415822046,0.029253281176679878,0.016594610685732952,0.026284268723141605,0.14280702360923395,0.3470994310441215,0.47262543292888803,0.48750015742992897,0.5646805190633892,0.26287748020384194,0.40546833320864856,1.7302092480792757,2.4909235579078253,4.658346390639432,0.9409180490755062,0.44629510135101025,0.9464134062166324,0.8118602483612585,0.0,0.16362220873539945,1.0414527528416366,0.3289872663641077,0.010428281988104793,0.00400055658550541,0.011401027859512032,0.004192280624525751,0.009889162079862773,0.008057819687144783,0.004214222653126772,0.01127476760523159,0.0106893914530269,0.0017044083565884369,0.002355903501955985,0.028073731405496405,0.1335849272281596
2.014705882352941,0.3231560423642283,0.2750366694211465,0.11654715766593246,0.03011211757655108,0.00640337772881293,0.06130725203438779,0.0,0.08786006257611807,0.037474016598061564,0.02630290802565094,0.010731069471763693,0.01879681601344607,0.08743042594228348,0.08845263657811356,0.015996205706131666,0.08622650621239258,0.06829903506448673,0.10274088353495606,0.3647900650049146,0.33774370557498956,0.6351904513483435,1.3805897963387732,1.1323115851977692,0.3658651593248041,0.5253677270325532,0.19025232725934316,0.3707352417715908,1.0977251576606928,0.6244867550326426,0.0,0.3359964959552961,0.3803366165280324,0.40567892135866296,0.046706331222661705,0.0024432519964074553,0.004881740168500668,0.004896856768079035,0.0038141952692419385,0.0019985626605262814,0.005370932648649631,0.00850854382191149,0.0030668023437700094,0.003786088193354738,0.019658545543956976,0.03367916237051008,0.4275926148725323
2.0294117647058822,0.12037180621022633,0.028997111519018747,0.09946809691506009,0.023882459099818693,0.022514717536140996,0.08409718004946644,0.0,0.021934926402936823,0.01394813995469062,0.018637670455344434,0.04176442961702104,0.09319810394594462,0.1092979437976861,0.17493122006689954,0.19819514326976917,0.04737685433964452,0.01415862092648535,0.04685830449210936,0.017639800067459924,0.02898750160853964,0.09518766002349445,0.5044582163249485,0.6670404380966948,1.1190777974838562,1.6733886888799516,2.0525402186116692,1.2800240102748663,0.738400803017367,0.09916456503065411,0.0,0.00913926100455127,0.11964156492971663,0.1708296405971007,0.018080275979965723,0.012424756357303259,0.003787324258105155,0.005783798237556438,0.005203813732362094,0.002888269626591992,0.006941310416684185,0.008407281799369257,0.0027957600148234025,0.005410947029769618,0.0013684382312179487,0.015133699730589433,0.16180031547508528
2.0441176470588234,0.054236402586624335,0.0508493511291508,0.08751411906831238,0.10748163029637961,0.07255174353154843,0.06872316751827502,0.0,0.006271270920266563,0.005411642336268167,0.023035270753233337,0.024943269904097107,0.008904310019773092,0.04688753848499525,0.11723921625152668,0.08093253325351503,0.12667342285473454,0.15252239139262186,0.09331454104889006,0.030429412128267896,0.22329962006038212,0.8335833101403025,1.048439153273597,0.7401154974875721,0.6120072160728215,0.31551611611024644,0.1455112860066043,0.12832114445452136,0.013988868623067191,0.0930542054373468,0.0,0.193458758902399,0.2727413758103234,0.08095185114235383,0.003543659176077868,0.0011575703657644549,0.0064031866327487405,0.016627845295241063,0.01300885635931106,0.004533796327933478,0.006846145846826571,0.006369153877357286,0.006849666780773441,0.016105813366535753,0.003142275443295626,0.014516108633451551,0.04413044083002531
2.0588235294117645,0.06574677130347792,0.09644999204749605,0.0350981668266693,0.04139115467505808,0.08344607434932892,0.09181290953229221,0.0,0.019556300157780364,0.018217812875965158,0.05416441131104799,0.05311184392672816,0.1549904296689726,0.7158940810727443,1.1204637920196125,0.313126455017029,0.09424557406375159,0.13741124538620547,0.011959083818624578,0.11624275649643916,0.25062251452915674,0.4851809380447589,0.36630364693308254,0.14933248234903146,0.12400040305856287,0.03904280026074906,0.3181109444648385,0.1873040908386646,0.024837317183262056,0.04484810650166668,0.0,0.06653865088558562,0.07506449037995638,0.037262193325326556,0.009276084919589957,0.005363574590896796,0.004916505337713634,0.0018231791513980372,0.0037693684014788323,0.0070134513539951825,0.0022096823360375647,0.003156877354421713,0.0015844348395458682,0.009465522046266984,0.012046765495112119,0.027920224547595046,0.3611928685693281
2.0735294117647056,0.45685308914611333,0.34168377674438943,0.21111420198779243,0.15656985517246277,0.06902845362069619,0.03877097811964741,0.0,0.021840236839159543,0.019893272158785495,0.01677184222621593,0.01603646903636125,0.07257375376923224,0.03396493215783207,0.2976316498142608,0.14097710139320221,0.0024680576241859786,0.2187877899829192,0.20537978245816932,0.013547550621874377,0.07111360606046077,0.07913549747998003,0.3351900458426633,0.3380099180614302,0.1278138460739926,0.027871920847084817,0.10667439309601368,0.11298064474704861,0.03949947101090326,0.035435156974914596,0.0,0.02877618064900305,0.010837058489067132,0.00715265663479945,0.013706662046865086,0.013785629128169786,0.007785147380865351,0.0026900854732554175,0.0015755415664538695,0.002843282304618449,0.0038808343645089886,0.00546789771985371,0.0032487527258831268,0.001626602573892526,0.004217952137565572,0.02385297496923395,0.4724411936319572
2.0882352941176467,0.4530382488324021,0.15912093978714106,0.04027671189743865,0.02548936575636112,0.013655356586703377,0.018180140371033365,0.0,0.023111513179088577,0.02316273896842446,0.013639758709427848,0.011217109194701539,0.06066717460687269,0.24818079129109777,0.10317749533700926,0.007929173951712026,0.049001988467841914,0.09665787502440436,0.1873418763508324,0.2227724089533527,0.08442387909804355,0.16106451560142976,0.1306599347532446,0.14845233314308476,0.017452720074954325,0.10063357243833146,0.05543255001029004,0.025346789449684992,0.016513579006074468,0.009982075844820054,0.0,0.003621401571605253,0.0081169319166821,0.009655302097881641,0.0016684164775835572,0.004127370134937459,0.007037811190315355,0.0037921226938300145,0.0022615264200124773,0.002374915545691916,0.0022067905543883093,0.0016112750019446882,0.002818061422770981,0.004604721766924115,0.014907398082724134,0.005670881686664928,0.5692077414378638
2.102941176470588,0.08362597538400726,0.033748605249186235,0.05699684777274392,0.05058580649072663,0.011224489558430235,0.011769688875885618,0.0,0.019356067508268862,0.014488457868567447,0.014630556499929434,0.015579544265514767,0.0465256756170364,0.019596527838463208,0.10740737801795296,0.23617415096148803,0.28698919043448823,0.15194259836238916,0.02002513662823529,0.022899863505084876,0.02279164614362609,0.10372374793165029,0.12873157004991104,0.03095340137855826,0.07915440123525964,0.08364831794945304,0.11090460010199397,0.064313086018664,0.007846488491386625,0.0037684841560728763,0.0,0.004922245190510424,0.004254326932272482,0.007879874498070923,0.01366662822735407,0.0057279668056563985,0.0007843271806758966,0.00461697528338639,0.0016082687463571052,0.0011983384946674062,0.0012721889187139535,0.0022204883844582505,0.003580241990592132,0.0018050076676874832,0.0036532641887153123,0.0036073742717920077,0.038302478700406095
2.117647058823529,0.27474723079376584,0.08063288285826359,0.023837535759664158,0.03150864867769038,0.0224797305680836,0.013835179687035393,0.0,0.007068424056991009,0.007681855771763706,0.01550916238834327,0.03110489694932464,0.015924924981820694,0.036004045676311255,0.0846723464941398,0.03203669660972577,0.02050217683105595,0.012040322069397022,0.03990877213061196,0.031746340839561425,0.008730273153776308,0.014463382056701274,0.04037438216890498,0.06524440946520735,0.006850253481610313,0.021951568120585862,0.021251861477503825,0.016158899467933925,0.0019243846105829595,0.002864383763822898,0.0,0.005937482223219629,0.014168743235218778,0.013563510089148013,0.005021015798997653,0.006935824724872976,0.007032749811513877,0.006658003277394413,0.0056926155851742734,0.0035592722417802647,0.004065269892479167,0.0017147224687258588,0.002526054010517054,0.002995449260992205,0.011628476267631133,0.014243472655330568,0.9789821928826462
2.1323529411764706,0.12532953490024606,0.2383983996272701,0.06510727183063404,0.035943553471819906,0.012633345900312983,0.007293866573525304,0.0,0.010883937442057314,0.008361183411407729,0.008447497609421586,0.02256765100186905,0.02221009631306607,0.060730969307555255,0.061019264028485884,0.007410201284677369,0.0740274661235614,0.12345786786013693,0.26411892549588756,0.4207903309038583,0.4053732283260433,0.14776124916246627,0.13747068379692412,0.19040564206931695,0.018854957693074728,0.023244651960934996,0.010525341020187389,0.009968103516464159,0.0026407481651652,0.0037721556182299205,0.0,0.0018174075468860565,0.0011999363758458705,0.0011270891311410723,0.002078646940699777,0.002054556298859547,0.003160133989271231,0.0035010770779812924,0.005482167428980217,0.00809040045886451,0.006065361915567042,0.005214573260987089,0.0013287951191082229,0.001256746794586725,0.0035277102111088954,0.022393788533891595,0.7360916785909261
2.1470588235294117,0.27927752578427995,0.22753377962716426,0.019007180576087697,0.12364290876096284,0.1188070666976587,0.05094659801738247,0.0,0.023940887956915267,0.018823030697086233,0.009047384285869138,0.010274776607314086,0.0037177130997307806,0.004955558818577229,0.020637191321673184,0.06585365798119312,0.13451522619960501,0.2411437443577441,0.2786215822941341,0.41627766153925194,0.4017529718607506,0.48929229341190505,0.8682882740897033,0.24557482571937267,0.11577741658058353,0.040287043983318886,0.009291309059814927,0.0091189275925365,0.005711390123055953,0.0021119312618705036,0.0,0.0022399903308515873,0.006532697393752434,0.005343748983729153,0.001291456266519491,0.0017999678109836513,0.00154094375175469,0.0034921578119955134,0.006107527136650385,0.00768577292940817,0.014338518448452058,0.003329999413321844,0.0037618642730567605,0.009176870461425396,0.002572859971063498,0.0016336316803599194,0.2720684119295917
2.161764705882353,0.36341776165067263,0.15748836274832334,0.043082388005543995,0.02640101369213845,0.006061625801640555,0.03274754142695014,0.0,0.04001572765325847,0.0334624138939521,0.03931270581329267,0.01968013793291194,0.024819152846949348,0.011615134134025424,0.05700413464575107,0.14657918636951378,0.1537571391204265,0.9161897421419146,0.4121058416041807,0.10628449346435112,0.24882946122566987,0.7181469039462887,1.051191470020778,0.10481031695733917,0.09129996810452082,0.03007704543886716,0.008899300399718032,0.010060783029981202,0.0035559451249615043,0.003483977207900453,0.0,0.006117967860867484,0.006457064366497071,0.005166042266683102,0.0005050531443395909,0.004935207206119299,0.010981541187428563,0.00949270150643155,0.009106158475292501,0.012818843614756915,0.007501877359675348,0.0026492412097477835,0.003201336651650249,0.001434013585594866,0.0036595564280755225,0.01913498275727192,0.5309042767499609
2.176470588235294,0.5588448248041052,0.07373196608591073,0.058859173196943906,0.08577498950306434,0.05488214289000078,0.026203563583865344,0.0,0.00622007682793547,0.00932351416880304,0.005998855283627435,0.005829930043685822,0.008462427236077704,0.006185534830874671,0.05429640615447849,0.07888146428909976,0.042186977646080405,1.4947544584737682,13.22076200788112,11.614911508809609,1.4838926706106468,2.2296130381375887,3.4261256988191935,0.530456080151367,0.09241045627922395,0.02433042840670007,0.009379189570933822,0.006579928880806328,0.0015301777913832907,0.0014603579826137133,0.0,0.0008023672818746711,0.007328757606335518,0.004660339142452762,0.003161034841854032,0.00558956102202109,0.004319917105189817,0.0028288821809853842,0.0010456678979279428,0.002392514980181996,0.0024373493674337246,0.0006083161607071948,0.0021379348361173,0.005663470623839232,0.010092785737976714,0.020685331675934643,0.9653527711529697
2.191176470588235,0.19766081652591216,0.12555069006999364,0.052542527721887715,0.02686769618104725,0.01158399233057675,0.015123521314563666,0.0,0.01719917349190221,0.015384943680098979,0.01647440249041639,0.011639631280535995,0.010963778237882292,0.004104270865463624,0.06428212222341828,0.11155956734542631,0.25050112211691816,0.4834727845006086,9.179320788949951,82.63545106448237,62.40426401038881,15.293934683064037,4.7602842020484815,0.24742811971292777,0.3518602169831347,0.04272075315167872,0.05145546213626485,0.007178411990473114,0.00574231019395139,0.006678822616464598,0.0,0.005416927183930264,0.004298584441708153,0.00958639524416964,0.007701637522340594,0.0016766170487236695,0.0012033341297260026,0.0029117221213063775,0.0025106393238323076,0.005483566467693342,0.002186045014519118,0.0013608673607606887,0.0027752832008409506,0.000805357820321103,0.001850153362800522,0.02597524843809044,0.32175410941328264
2.205882352941176,0.12285894534145277,0.1527072853283115,0.10940415224395567,0.03429970075415678,0.037024219316566215,0.037474236614782504,0.0,0.015214507404186624,0.014654417116823418,0.0022367162993286497,0.0038867666333560163,0.006207707751598417,0.015538531709440131,0.14661436181955123,0.21363846926123142,0.8648624949380853,1.7454823375794062,0.040189100820090966,107.05844641178993,450.4139592039361,209.42011185607532,23.938045711924268,2.0206341457427044,0.7807854823543191,0.03486306815430584,0.012534881457529441,0.08816427062648452,0.00427320660785937,0.003686437705446701,0.0,0.009739969683665091,0.001304043472560161,0.0018369450999376924,0.0039318028046544645,0.0017103697978494955,0.001345818285345874,0.001449763350551275,0.0024118600114614443,0.0018790438683316227,0.001293224624303152,0.0010322828710711586,0.0018415984440941888,0.009405282242085243,0.008666997729780423,0.009456454810228155,0.10096605120538915
2.2205882352941178,0.08228003149268376,0.11728431352502972,0.05590657214297797,0.10058367588301101,0.06115661426873828,0.01634277343723564,0.0,0.032970248308205434,0.02345793292799107,0.003759953395091315,0.018718191873209514,0.035355683231970386,0.01583391220765802,0.02880809517100375,0.27839339049931777,1.3738218252513947,1.4096371750549221,0.2592361185793739,8.688103298419206,253.75336028843662,2178.3147500781793,1550.0884905437038,190.41585411624777,41.01573499952755,3.2902326818962204,1.0289092045890276,0.4065197347827135,0.43460417667485346,0.012717449488851718,0.0,0.0032563065578885986,0.008495181969073068,0.008056446006838533,0.008395453009271761,0.003097587605245391,0.002955772997129249,0.0037074427617000407,0.0031001556043859617,0.0009631756669506403,0.005138592039866622,0.0032377847983257177,0.001989686994297271,0.00709765433789519,0.02276082282863913,0.029306458841954597,0.20372149620328098
2.235294117647059,0.13286175979749607,0.10597111910364074,0.04113287642963877,0.01924899691590949,0.03229298012364898,0.03805401960784431,0.0,0.01761548255707687,0.011726403168141176,0.018815688200992615,0.00818741872612972,0.005549845590163843,0.059699960102089486,0.13894385091107644,0.23437625118768016,0.30715260127244426,0.6932160802046013,0.15708315415174973,0.677579998495341,23.460765577675893,352.85226543266333,2626.0303915063687,8772.576837200206,6910.90476171603,1831.6556001007364,332.7640156509258,53.31326440908721,6.960675543114707,0.4271230907555523,0.0,0.134572730203426,0.018647574091187856,0.01055359894242589,0.007580595884079588,0.007996516898923032,0.002796528797967221,0.003312179617188651,0.0021315352992908997,0.001231390702429168,0.0033060819141971665,0.0055985079291672145,0.003576438978756152,0.0014304217966388207,0.005412704644120508,0.00982610887320041,0.10868990065644565
2.25,0.042146198905190654,0.06930199999147532,0.07621705754701616,0.07472660346465138,0.030507695472621343,0.012503785853745144,0.0,0.024335640759568983,0.01706957037044381,0.0025062900864884774,0.0037680746210228366,0.010105681795513813,0.005870084661724024,0.05204021009047778,0.007084697545098619,0.05760307729653273,0.1465939890498032,1.183027978866866,0.17783754068113486,0.5113135828773395,1.9661552340936144,18.900430452360848,233.3822010982343,2823.6887199716152,6158.059351388429,4640.797972725853,2110.7101278800365,292.35119882499544,43.277692959355846,0.0,3.0546262473438928,0.4494663849923741,0.03629399525984572,0.026796934237949387,0.019925318579756504,0.006658418638492573,0.00472549640734032,0.004024165576326604,0.002388998613434731,0.002311538884019759,0.005345815101932419,0.0028170132847256312,0.002237012860488551,0.0032262429430282825,0.003219422859738339,0.08122587966551523
2.264705882352941,0.1352438497649383,0.14855848004343972,0.07113586385340871,0.03260714596523284,0.035952004844895184,0.04018384131582345,0.0,0.00454856649953913,0.015563730267076022,0.0075118679909588005,0.059310785540576325,0.16211084187369615,0.099666804753263,0.06010680961985426,0.22517293553419754,0.5719581717170721,0.5753437166948587,0.9085419859406643,0.5790803385905432,1.8100753777954237,7.782248183827349,17.2039778853301,7.008002441359334,2.7616084173667055,133.87965463031028,1694.155236830261,5429.397786085956,4334.5436259660655,918.9369944922552,0.0,48.513297318297035,1.0511777876815498,0.1413484483638478,0.05099863633420547,0.004144306066470167,0.012855524865834366,0.005462475405833899,0.015571256795843423,0.01633326081792272,0.013507239287622201,0.0012470075269338252,0.0019509236441413412,0.003936885327383961,0.008365691702459741,0.006211502480579293,0.3995002235675446
2.2794117647058822,0.11424640215583053,0.10698714047219655,0.148045050997371,0.038839317892471095,0.0388424622107037,0.032536434468976666,0.0,0.036731390331206176,0.0027490730511251253,0.04036372967909649,0.02497239490108965,0.0073755082898134885,0.04414128393508568,0.050517444340165155,0.5007788793487925,0.8786510362649658,1.2946390956653104,0.6959437918888575,1.9022060722743277,4.58636668033704,7.292571374855106,9.421358027392984,40.30837863616372,52.74290837148772,40.33060447293842,87.46718375173123,585.4803033766551,1489.9733031940161,1395.7786894507399,0.0,737.7289805780503,52.279169633260686,9.222598590552504,0.8042588763357504,0.01841572476565934,0.08144014223356805,0.025045576700961223,0.020897333229650115,0.01895154949504925,0.026580818300499978,0.016307274683413645,0.005595409016076916,0.004034281583005153,0.0034192266223852363,0.015900869645586346,0.5582211289999977
2.2941176470588234,0.20189364062410348,0.05207172737573834,0.04293047716793394,0.18566311889360088,0.29660533512504467,0.2704810387160953,0.0,0.35078276685609605,0.36769419987856367,0.049368333878959406,0.007318487143402728,0.029426645205298405,0.09711354421189486,0.521111115946232,0.2974224658786313,0.5911357924940168,1.0532211811680963,0.49860651918039256,1.645895343276501,1.9079943475715504,7.202169657010983,23.45105176330324,15.282334104996604,11.530650204158665,13.24823117136938,95.0233840697492,35.88298292956615,114.37436135509672,438.51134770313627,0.0,384.06610875100523,4.829466613064173,10.249019947790156,0.0647303906382468,0.08956171123272766,0.1732335211050163,0.07117132693745731,0.014343291598224284,0.010064109269587234,0.007956688578139581,0.020492874047791418,0.009776795827298467,0.0021182850213767165,0.0015280465573971904,0.005811442440208628,0.09802980501185657
2.308823529411765,0.32153685355087924,0.22431602851923566,0.1313641018460438,0.04370764862195187,0.025575856083057846,0.21011084603810762,0.0,0.2766460756936456,0.081790075364653,0.05675278904199965,0.13132467196349543,0.09177073017219758,0.1445085641088481,0.6166513497968346,0.7531530425358796,0.7618941697310051,2.7163962464849263,0.31323555525399394,10.023269979900979,20.84243009425157,7.395128828307998,8.8024903934835,26.2513405523328,23.880747610851103,20.30827953340253,16.80628487160086,28.831047664215774,122.53525119993728,587.9912247845482,0.0,473.5962232584469,83.29777656416005,2.2193111873078353,0.48947649047788033,0.12336529098661228,0.02736162502418402,0.03372246215221937,0.034521389987638096,0.013878895881782892,0.01026327006597358,0.0022356481402460385,0.004579278635962128,0.0021700530532185198,0.001983712004645282,0.03952607822080981,0.22704337866052515
2.323529411764706,0.31624943251808896,0.43133914684246927,0.4265555596396433,0.13074210594230673,0.025532978568794516,0.035608845162340974,0.0,0.07134852463178486,0.013553276936716752,0.0177461970564441,0.03189505808309714,0.03958557629753576,0.052081833073828764,0.14099504006747293,0.3517359223486529,0.021524993200814434,0.25121275924138176,1.088302071205317,10.689078764037596,62.979787447416015,34.56734081852023,1.4686314551991346,0.9174021427527903,2.669066826567697,50.32353029991769,318.97399849499766,358.1262131086637,84.74022918025832,10.9002211343496,0.0,18.43362070305485,4.0869374285609865,2.0510709356154333,0.31915321300376176,0.27367824522897655,0.03570770677560715,0.025118607464151607,0.01052660444643104,0.004528294552319297,0.005129716216551436,0.002153331586408569,0.0036479162525920213,0.0018454569533276975,0.007248350396182043,0.02544902989365922,0.2591078854990181
2.338235294117647,0.12302803161246138,0.12331295372692674,0.07637108244687715,0.0494749643084537,0.01740652214233667,0.01851951466114676,0.0,0.06585211452935044,0.06419677767136717,0.039488264692020617,0.08196703384700754,0.20032337344365475,0.08114367491006462,0.3126467409654069,2.181436501127024,2.979592245296523,4.980255965203769,3.850808210612717,1.0234017995999147,39.95432306339294,390.97225669378656,365.17001957352295,61.04733849080835,13.177555833023106,15.00620857937082,56.583691895310196,52.738830351130815,28.468762891018194,8.941290580866484,0.0,14.92823478276356,8.461135880803962,2.82931273514772,0.9691101463184553,0.08847224618515084,0.033514922880046,0.02199705497596601,0.014642734439608746,0.01112074793539032,0.012784289150990974,0.006590718112108516,0.006465000197169142,0.0021929135044587633,0.0027343071074574887,0.001704244661159838,0.06232008851152279
2.3529411764705883,0.06461687310772328,0.09159679686245895,0.1001042091653756,0.09249860656437878,0.1184873987793607,0.09953182794470078,0.0,0.1399654036912976,0.08146121562135156,0.2337906111616765,0.23555951945602754,0.1050290259761114,0.2219238969794817,0.8479225354567991,0.532913979539085,0.3043081726818784,0.2788101343342971,3.333453635310832,4.409454049122807,9.733233700284869,8.674603443494302,351.3431646807753,1408.3325706149299,1405.4731681404269,318.12264598043777,23.702952993900105,39.67511103676524,2.881920232314987,11.547964282871177,0.0,3.4972513636767224,0.8719460508734052,0.12276523022070474,0.31265926539310895,0.0591694521136007,0.003986461584767053,0.012647973749426056,0.004075962219119522,0.00916101287652054,0.005502315998606158,0.0006758724077595569,0.0023919929806013353,0.0020376100565928177,0.002362935655727334,0.011958237300745127,0.07932695261370583
2.3676470588235294,0.26713066883469416,0.19099203244092214,0.1412924680846553,0.18528034502796836,0.12517092330285237,0.06303938581716283,0.0,0.025860197380519187,0.03347841905708338,0.014882602331215432,0.04236151586357392,0.05826459298209399,0.19133277481671207,1.2100345517302882,2.904410242342858,0.5616181498012837,0.2706404235866934,1.9086112694130875,14.854634083844587,13.02469265990698,8.436280178905191,15.017825808047274,16.145899385738044,172.76029213696182,582.6198333394749,1276.78116736856,457.0801317548911,10.143279281607764,3.2939319385738073,0.0,0.26184711972710795,1.2481498179685073,0.844588458659759,0.38318244059463413,0.036670950671831085,0.023371497861738,0.01246157862611585,0.0016885924425411336,0.004491771191418892,0.005195627081317302,0.003576865776221791,0.004090503682043542,0.01086187258444063,0.007075508509913864,0.004789380523401776,0.2766989135406983
2.3823529411764706,0.166921643592863,0.26131815323691077,0.08544902415079356,0.035120643102848265,0.014336976520369736,0.006841140341481797,0.0,0.024829677299776545,0.09474890985311499,0.06661549633890358,0.0366008555931147,0.10552947921769426,0.19681169015223143,0.4159042329392826,4.211870576013488,5.071303350968746,0.3992905704482465,7.173315107623719,7.474734769090928,1.5335268515108504,1.080033928013776,2.7618007661983417,0.9549747804778266,1.910183321127485,22.279312413783913,532.8517657456961,2107.7325451982115,1148.9598076834163,138.95659153657897,0.0,12.291046944966398,0.2225703999405183,0.07618194919838105,0.24169347668834215,0.014965092129068665,0.011438922493055554,0.028802691064925265,0.02133177007574792,0.003197495388857694,0.012078326392955425,0.0018760946847595473,0.012687201926039714,0.004091082973778225,0.0023918657766581093,0.02168231258594907,0.3660566532770525
2.3970588235294117,0.11888716268308944,0.16224806440908301,0.09452574028882277,0.049796879444641715,0.06246103647295277,0.03740182210690557,0.0,0.027988566001313688,0.03520567656823002,0.02007531739593681,0.03327042340122833,0.08247997584558604,0.199263389761591,0.25968792667667606,3.241265258564791,2.980131277095209,0.25293997991904416,0.38787140222000127,0.28478528344348913,0.371911358435856,0.4970341585176608,3.7491424163134406,4.051102677579182,10.865333722511807,13.993325174333863,74.60317892039426,119.2192572092982,578.5286555279479,886.6188429229813,0.0,178.05192727675663,4.451247431402836,1.959379679241837,0.8261448515531098,0.13739454989757355,0.12730204468784465,0.0178965012322526,0.02734519704344528,0.03387652896841274,0.005844134135490336,0.008443194258109462,0.005131565659307418,0.010674468638306983,0.0034551024238784487,0.0034029159645861374,0.04288089677289743
2.4117647058823533,0.22498984961263468,0.3535306555119512,0.26841008625057966,0.15706687610818218,0.0815975694281859,0.07902441585216516,0.0,0.04233841681661328,0.025853974462563482,0.07334928702324825,0.04683510322139993,0.07445395865427895,0.48768920028529217,0.48076235431278597,0.42138192590907086,0.05608210547648694,0.281656673631836,0.213946492646514,0.6564031315250016,0.5163065870176136,0.20420029608168677,0.4222598652197087,2.315204514842864,6.382576194757023,7.267601150558714,30.187923241674554,50.779959654849904,5.31629491670142,5.744102844800117,0.0,19.43937068178663,5.241742321942182,0.6805992428908216,0.12343174311859564,0.03818947653469526,0.03661456907383069,0.025568531906859815,0.0073875663566029745,0.011261447216175915,0.004229614945563553,0.0013546773747061959,0.0018636061408879,0.0057463248757782465,0.00449945118681583,0.008156434405033955,0.20211662473154104
2.4264705882352944,0.4787758583127091,0.09759325170487515,0.021785515592795228,0.028220412527890613,0.032661437180911364,0.02370493948051922,0.0,0.024680337827646285,0.01892740022304547,0.01901051452906172,0.010536809624906008,0.02394185945060974,0.17624109700182775,0.4460322752511723,0.27610211658506706,0.05966478933311037,0.03145983832172899,0.054056640386083425,0.3494334864519303,0.5764872444117382,0.09034464817919827,0.7868605149673635,0.32080667598504553,2.8550460820975943,25.934933552015288,61.15374508575361,23.987303105934977,2.0895354505600965,1.2741196673340858,0.0,0.10796876202757018,0.03536801736677847,0.02964802503668276,0.03412544558038791,0.009803442381707017,0.0019586967019025133,0.005426446268033484,0.0069127501696074605,0.0032468148712679343,0.0015795331154676464,0.003090205493898931,0.002302595552497502,0.0037883420582591654,0.009418107181712118,0.0029663510111791417,0.12848610434848826
2.4411764705882355,0.15417184273428075,0.14417724668524093,0.03914313263312505,0.0174536401056514,0.03143666994779109,0.02311607682019841,0.0,0.009236677826455748,0.010569681617042944,0.022371948197781863,0.01269717817073664,0.05484755874947069,0.18451906685470265,0.01508663622650683,0.3833434991911008,0.25442407387138377,0.1474946425867858,0.43835696026915105,0.3312968353653728,0.004634506938948137,0.37550222560255897,2.708071042264913,3.254818078672256,1.1719432604780888,0.8080274551704194,8.074253128195055,20.15877819662236,13.886945356145638,2.0184571027678126,0.0,0.18607610018927667,0.1900506098935857,0.0358687392680855,0.027012212692540907,0.013009085974385777,0.013597769013855166,0.008645436993323517,0.006131646072227533,0.006410020815112521,0.003069879213423717,0.002005492530853934,0.0023246655958334525,0.0038269674677421763,0.008242410246252716,0.01164723178738406,0.05720492720464192
2.4558823529411766,0.25074529584573974,0.18140068179785812,0.02782564441443286,0.053000588920136926,0.02338799427804273,0.002966943414814873,0.0,0.015528769127561699,0.022185340116799183,0.012714394767736205,0.022345147574546212,0.11752997350780538,0.2389321247029245,0.11405776958070864,1.331221100755796,4.449836825912387,4.5378022639850375,1.5405388601575043,0.7865504741494147,1.5061629894034505,0.45227062643311383,0.4217949666800985,1.1851116390719627,0.6311811629675343,0.7292441712703341,0.1328281630025291,1.5535008308610343,2.72467255471268,0.6704557884660298,0.0,0.027064290078222496,0.01799413603261843,0.00196077114670315,0.008470434262145183,0.0073515457562395095,0.008771692987675479,0.0063758650368243115,0.00139298413184471,0.004208323532092593,0.005098568688239803,0.0028704118150956175,0.0013102871707579159,0.0019586049006138683,0.006211201774303189,0.025031103509093062,0.34083433164498067
2.4705882352941178,0.2814509276495671,0.2308887326084123,0.07068555822320156,0.042020399897466865,0.05587696119896114,0.04043553903529018,0.0,0.03448404080419511,0.01696173825049129,0.014795534481558889,0.0459735098125285,0.021962791733940078,0.016589009573913262,0.0555387028312233,0.2441692053501383,3.1381339025063184,40.52435702769812,101.06881690986255,27.766066671690396,4.126670960067117,0.17989296216129297,0.7706931719553957,2.060986927532798,4.588724924526157,4.144785882867352,0.4813157438042397,0.9101331220369988,0.3387260080348272,0.019020743199999454,0.0,0.03540854572332489,0.005103962411812185,0.015520424841670547,0.006391552774241096,0.004534092602803349,0.007176259038174201,0.005344029642100348,0.008348669296486814,0.014137812440350377,0.009890442038019785,0.008831687519277275,0.00595128259497279,0.0034838923656957373,0.006761691971286886,0.027583019249881026,0.3062702108549245
2.485294117647059,0.21889673992431433,0.10609556973461914,0.02955004549431359,0.019202213720583672,0.05533899462556484,0.05622848855525761,0.0,0.0317928273606013,0.009149777875966523,0.023027234999828394,0.054723374918351865,0.05359425806661863,0.04331909800371313,0.03751907345585627,0.8927758669518757,6.026751113003442,52.86029396159482,977.7260548889253,1811.4239652970232,652.1747980467987,176.48375263559,41.256723231340715,8.704851902114857,1.1788840309259911,3.5605406623743034,0.36017371457368996,0.15086190517294615,0.14933386097898205,0.015481219660299373,0.0,0.025200410160679268,0.013862210788660824,0.03236951936636464,0.03846913264836911,0.009399313920411724,0.00808510397308676,0.006514489865125582,0.004086450418291465,0.005041046592070178,0.004787443401891156,0.004288289812782205,0.005832123296074769,0.005493087549938798,0.0037234290186568203,0.008454630974538881,0.40240895578676383
2.5,0.028528757721832606,0.032750244552207625,0.01974524241653134,0.03936151818002551,0.06284571874906808,0.07420095231211012,0.0,0.04982791930454628,0.025179732027069683,0.01632797099504904,0.011458673263312378,0.03272713777785896,0.015903606260915214,0.06966537409810815,0.5077236514393927,6.802787743753984,18.9854875053364,26.927112304258955,344.0423850863443,1248.5306851213215,3203.266447280913,2894.040311182268,1664.4564345825756,450.28736542842114,54.205375561555414,3.627428221427449,0.8186905404186602,0.04755359982618908,0.06971672854893088,0.0,0.03968757852872225,0.06735292765977584,0.008741123287696648,0.014648346841911014,0.013037103104185014,0.006806030052743975,0.010989483188001766,0.022855903076952302,0.021497989576178315,0.01796532421159476,0.008025610055077658,0.0008299627236894848,0.00544149196129309,0.007252909045689566,0.020828189056312913,0.04500967982549614
2.514705882352941,0.14474222555888594,0.17985208816392656,0.03527044036086245,0.008469668610260661,0.024134101651194083,0.03382163089141484,0.0,0.014415152082620663,0.022598436832715278,0.012793407045369343,0.05625297969036748,0.10539477286046671,0.031166684664212414,0.6012668325133448,0.6584276370230617,3.498359751232409,19.675891400622284,11.601467661707332,22.822334631522807,126.37929313832743,1028.67507065941,4026.5412934485444,6506.702955375791,1502.9499009252695,667.8368138124961,271.36617841841274,8.668658013477183,1.7103754214741878,0.049919840555213105,0.0,0.2767516121719549,0.015972551453962903,0.0029681860874669072,0.017176093012028895,0.009248829975273114,0.004235413741805939,0.015343504688200772,0.006998789601075929,0.006728054451547513,0.0022436547057854417,0.0016891149110248465,0.0028273285082644796,0.003005472144109264,0.006784201827029358,0.00808666773861564,0.06475202225468306
2.5294117647058822,0.07237895224164699,0.09598992124092484,0.04030087241700443,0.08334359702379704,0.028288062678415184,0.0119049703769463,0.0,0.010500872051221901,0.02702363805625639,0.00922075748908668,0.012017724666724097,0.019236306220889336,0.07773640696425142,0.6676108339909053,1.6330123934651286,7.267189182845442,21.131630248181096,6.612094304117431,13.516180299916428,62.814350459987686,118.14851286252824,819.4442555192193,7406.673442470003,21729.798443641186,19095.790332377026,2815.611061499203,9.382251826682664,37.74454353004038,11.745939857813482,0.0,1.082885233521254,0.49038375103889326,0.0993788199411054,0.12163815088098553,0.04096206511944013,0.026359937419600646,0.008517435272551544,0.009706785620535868,0.0018617729670947518,0.0014402924090484563,0.003925432287183235,0.001362128153915839,0.006962831833746634,0.004191722733409899,0.026391954673092938,0.20387676140196537
2.5441176470588234,0.05826315615342906,0.06865501592500492,0.02718026345237854,0.037218409133783284,0.027983321806239983,0.07904696908741783,0.0,0.06563089830243202,0.0414289391421023,0.028604663022819124,0.010939753255589109,0.009202406337811959,0.09278325424957073,1.2686812802298912,7.360357887833431,5.79428728981285,12.284437738451478,22.81172084113909,0.6031583291625775,125.61814740060137,314.37281654396816,292.0856745136623,188.1050747258239,395.15931630896387,2795.546779202642,15099.582918352386,18819.005814104697,14693.233335438243,7035.2430620359155,0.0,1591.0713492246539,220.51434167154025,41.00676548990726,8.290901745159388,0.5417180945436871,0.00978179047239871,0.02259994211205548,0.009158592026467138,0.025734004276053546,0.012620186133864841,0.005539911675711934,0.010171267246086357,0.011969626896711286,0.0028697537598832666,0.00906912419506922,0.027889257243323112
2.5588235294117645,0.0038177556957004087,0.09277014556854082,0.05273962230509748,0.023685777347783758,0.13956184204794686,0.256390230162347,0.0,0.24324030273584682,0.1419346871540025,0.0888363786589614,0.15795695830523931,0.12813275752775388,0.18872204746589294,2.5092945855961526,7.25998041931685,13.819350549926064,12.113096926472181,2.1880719505991673,12.036758814516563,66.55096908072991,37.19328713109597,17.888091231599784,73.0151263111238,210.4235805850518,126.16860808177401,126.01213757330001,184.3050329785288,604.9029012860216,7035.27535381519,0.0,4670.657767052926,778.9226731947556,454.5086832186296,65.68888618376889,10.170488133117725,1.1705138407168787,0.33475735268465856,0.1639636094125735,0.013399484417471873,0.028391189375858474,0.0115515481039392,0.00988139318609168,0.002906006866843079,0.004208291483957877,0.01612408250809422,0.3928297988470002
2.5735294117647056,0.2167648030768232,0.3145563510740957,0.5877440545292816,0.2787466474697282,0.12298278003393122,0.3067654943947348,0.0,0.33640331157703873,0.8372294181530431,0.24642920395330392,0.23121238222866386,0.3813879107227959,0.7031445637730845,1.8046722356072131,0.6544574479050042,2.152803757448769,1.2112691298271192,7.001186368132807,5.032805713298325,16.85415863901835,24.090127452643156,30.796352408878136,79.38432804305873,183.68652998166021,168.28198879300254,180.20542303637382,171.5667779960749,1434.3625659082245,2206.246714290204,0.0,593.5663210040236,435.37832101927654,88.68098032447766,36.507285151217985,2.119061411153382,0.5762539478763361,2.0121295421027194,0.1223003839364307,0.17214808639308105,0.07121296629889817,0.016810554121172817,0.008688598840660297,0.03423829420932147,0.04135925660106758,0.1381207573845335,0.4194778131181596
2.588235294117647,1.9085803786096718,0.7754657704545596,0.38148119198312685,0.07692371798574635,0.15711373564182352,0.15442067158727085,0.0,0.5259056745002885,0.7606005878849874,0.28594239726257836,0.8236099479507815,0.7244412550208817,0.4265900565472138,1.8521719306547588,4.286365641552257,1.2617580490745557,3.52527063242045,5.807094187437449,1.5797954160265202,4.801486643082839,6.206170943892772,41.256591454609094,60.46756589056028,41.535248737304386,131.2690757790997,157.79293347875534,88.01561498917411,104.91505222615709,119.9183852483055,0.0,479.9795833058158,279.88670249652256,92.80883802557564,201.79179616643782,54.99509014487427,19.965437367189637,3.360559198332837,1.1335931625163136,0.07983853111782982,0.0092979776307452,0.01870116976322772,0.010630301593341293,0.004536709913715314,0.00586883804445577,0.06726371337375374,0.0991998434836233
2.6029411764705883,1.213237938251096,0.6637049638193775,0.5614161096923523,0.19542787817377433,0.0949564981927202,0.1745905458404295,0.0,0.1328994015040819,0.3309343189292132,0.4329788429075698,0.7553194757674272,0.34290520755197484,0.7083752355058024,1.2094352199149552,1.719368091292814,1.1458342065218383,2.9129165671271062,4.466694859587522,6.496910792074534,4.216345403442249,0.9297010421802752,0.6495693972523059,5.662635948742339,11.527878748910172,31.848096138567378,42.55260008835841,13.870649252281051,2.8533964846061672,10.8735126141898,0.0,142.4234624661879,95.2314869742883,16.307888796411735,31.032683454635958,5.499328790572693,1.9512796695785748,4.327952551198431,0.4522760948759451,0.05390906061339728,0.0023033613413414025,0.017225337800853918,0.011958738452037982,0.005747901337255343,0.0009888734956503345,0.028578432624627784,0.7748597860091727
2.6176470588235294,0.1446041002879656,0.12697875233426378,0.07957063399027033,0.020096026603954355,0.04038165750857351,0.13132336854594648,0.0,0.22824430558790892,0.17458415700816712,0.3716772146088711,0.3555340432779533,0.41106202474027104,0.9967125897406308,0.9707773294642317,1.0790475384055902,2.228544349776417,3.1100618444008363,2.1708570850874898,0.8968723616687173,2.178813150910189,1.6583121550902944,1.6222207927132262,6.6375052364831095,21.671623338221018,25.52833813389305,12.210667403509436,6.000656728897505,1.1284131246561697,17.412692802244862,0.0,11.004584921428602,92.49570912676937,97.84304419715903,35.85543814744756,7.375661597071239,4.565278013697348,2.491098151365837,0.23273911841520914,0.02055727549731931,0.009936670435407198,0.009011733769454508,0.003461182690446821,0.004517219602042343,0.012019110670839061,0.056131912751203175,0.12349371267619211
2.6323529411764706,0.11294230372698225,0.03245683070063499,0.05367465125439154,0.04221116695319745,0.08450195583124083,0.0730786869130281,0.0,0.08408017217894359,0.0698860640460884,0.1796825103388871,0.5655604589242693,0.6774812466742058,0.6249697242016973,0.18906369379648225,0.12395467262165077,0.26734290261446747,0.13476861687856162,0.5141077497886788,1.3009115193357865,1.6001417399349045,1.520339691525443,1.3335010146964634,3.5928194265076248,4.214820280993685,15.118183833775287,37.36781514806722,11.344214693665108,2.448601573917795,13.67949496197976,0.0,21.154009674455878,3.9124551700833075,0.47151336558194046,1.9877084569351073,2.3168172676511194,1.4833319179362272,0.326367700799584,0.008689201502356554,0.008266635392453585,0.00722867902178402,0.00156480642265368,0.003939382544611239,0.006288554671692914,0.004207903244431436,0.00611742209156619,0.05042339063594145
2.6470588235294117,0.08999066960078406,0.05588690789238457,0.06605565506763335,0.04996809564787864,0.03509245641346277,0.04188229230111841,0.0,0.056735667460267286,0.01149251012359375,0.062476376615289604,0.12988951851336902,0.2800456815189435,0.3631734804577679,0.3725905890279064,0.4296391783844462,0.8487578295930278,1.7637314383994287,0.9372123149943288,0.7095300347922987,1.3408287453277636,0.981192830303454,1.6498828074842804,1.124967428177647,0.9187895841955467,3.6861116061027532,10.056579694098627,2.995548778437001,2.32507657977317,3.3418216039543855,0.0,3.1894462358983553,0.8445768406542862,0.3031434738856695,0.08508778123183319,0.37743153130659185,0.3049935817489363,0.03753249825006941,0.00783307224193659,0.0008333638975933801,0.003680066071661807,0.00788712134774677,0.010726982425041812,0.0043638674699184995,0.0046028284484475055,0.003877410642391942,0.07004414373869976
2.661764705882353,0.21994652947799678,0.17775134730380818,0.1801219948811116,0.12531984755744524,0.07240967842129861,0.03138445416084304,0.0,0.021784722135692505,0.009597551376470441,0.013581294518250723,0.050042599231109486,0.2933569671173476,1.2504958965131947,1.3584228583615168,0.6548981992800627,0.25304324534581923,0.41567220035588226,1.646346415452805,0.8204409986918366,0.7912883132240986,0.5053183055641958,0.8284046846445565,3.400065172300165,7.05371109198372,1.917351654800715,2.494179553794554,4.452950173593072,3.072170440072255,0.1828516178110717,0.0,1.7725026583375216,1.6419633044214685,0.5718498248003733,0.1325690985691762,0.20158839109624252,0.034738838615763205,0.025769082351211683,0.0046349868661193835,0.002681694880756098,0.006810847181264409,0.006819555485181965,0.0016927186471781728,0.0012393901068411828,0.0012606518758955696,0.0019750660686370996,0.11630920567042123
2.676470588235294,0.14114403453657007,0.08362452977186588,0.09800139181318725,0.1181302191835231,0.06891956983964004,0.06567170792350983,0.0,0.046277979490409196,0.022489865880413785,0.00848173515567157,0.06469575297838531,0.019242644630513,0.14739656567185733,0.46263167559114593,0.7560964690494227,0.7650134418450558,1.33424657975401,0.8304747556830436,0.5369770317228328,1.3190132413067308,0.612150131204485,0.21799407960663492,1.570926033964807,4.040713735012878,3.6559938618653094,0.4473240672188247,0.12742436427989717,0.4326973329189679,1.2311866641706226,0.0,0.043311123317056284,0.3091769907789707,1.065994939431336,1.8938708893754126,1.0621151481309106,0.19528995382423836,0.013548957763402782,0.007354371856071271,0.004517344354085343,0.0037141033733834082,0.0021269422897445874,0.0006064563940075586,0.001860655188455409,0.003281319252816805,0.006756959152403006,0.07096208745582316
2.6911764705882355,0.4572360421776597,0.15267182004766797,0.07795939289191431,0.12421050484872294,0.1494372028786962,0.026264988098762997,0.0,0.03290355735308773,0.04148733613664035,0.014017437730910135,0.018787503594517245,0.24693510049145723,0.3225401914849524,1.6884304686554832,1.7495973721665852,1.6252316421622441,1.1506779631038406,5.3282191481095325,5.435147643679227,1.7791161149048809,0.8757513961653642,0.8329990165414013,1.2222448449545371,0.8900967349221712,0.35213438642146505,1.2882898743982258,0.9196915268225443,0.11725822200665531,0.15924750156135856,0.0,0.7733532333142943,1.651664454918094,1.1975995537860218,0.556063056979644,0.14985732278503344,0.03731029677545267,0.005871490529916309,0.007969714050310356,0.014414724849569686,0.007992788822635452,0.002345989810148701,0.004338150902558894,0.004702472250961326,0.0024334836083877405,0.004658470246069583,0.023388050783611874
2.7058823529411766,0.3993698043015941,0.3575203368826867,0.1150580377447832,0.06344005726920238,0.013627635115780416,0.025955617645801014,0.0,0.02271294203064669,0.014715394307670247,0.008830577898223932,0.00780462007819664,0.04212531618637767,0.20928754769259122,4.865802090003049,4.887901504651655,1.432814039809056,4.6767852253931625,24.87452497196916,16.961778845686453,0.7455995432351883,0.02809670860660422,0.6302098891972191,0.08793220008999204,0.037167956832683646,0.7006634765479227,0.48703166379896096,0.08187388907011084,0.04574192283825973,0.17180573812787936,0.0,0.3271133014095724,0.23009336964709093,0.141384541835207,0.07988130124378742,0.011519776444249716,0.0025719652790419556,0.002658305464571149,0.0046695019723986195,0.001800236324940778,0.0011842986426362058,0.004111701354404713,0.0027604878054921993,0.005609604877213178,0.009590745412290764,0.030639190813518655,0.026059886383139955
2.7205882352941178,1.4746702484053127,0.7325624036123104,0.052685871970339,0.12414151800283824,0.05108078323072483,0.020709147001202646,0.0,0.021967939575084937,0.008951665659991531,0.020639755938876618,0.00976417009112995,0.04035427780329236,1.072490778683609,11.172545336360463,4.1194264422082805,1.5091884679431327,1.0943702500148607,85.07900359544362,128.99895393557955,8.145112124205017,3.9037891618830303,0.362872654039485,0.3186833542601085,1.7925909185212336,3.5772039755050558,1.5289514883543291,0.030062453357722882,0.0237494873336998,0.018894996045109563,0.0,0.00909815259601132,0.010408223961007811,0.016023960349934606,0.006085218668753166,0.0017320076101866207,0.002612202144089465,0.0029568743595428547,0.004192008791409572,0.005932776055755721,0.00924968626896087,0.008113241848940217,0.0039650030702509595,0.007218566169472914,0.012313229359872321,0.014690643417946243,0.1854582672877253
2.735294117647059,0.3764855061247621,0.4014106699237625,0.12893599994412372,0.03941253717646753,0.08572774448342424,0.07831631792203086,0.0,0.056292620683315336,0.02653868525184947,0.005102852752930711,0.021261249432681917,0.13107497594782386,3.826360314855473,18.08788175378178,17.693256866544854,5.747477071691053,1.1080804023290443,125.96963010004778,949.5531107472389,799.7838106090323,78.38254568725262,7.395443067065383,4.332037268754695,0.5014725203045006,2.6833701391392975,0.21509845862280125,0.08453045062393764,0.029399516318340518,0.013121830779436829,0.0,0.016806789657768263,0.03609950987403326,0.04725375946956541,0.018137632730474345,0.007206665250352867,0.002076014663784675,0.004073624249015365,0.0023399855573815096,0.0004939502283713638,0.0009810692045110487,0.002417905177311756,0.0014080333706237335,0.003316571771939545,0.00909987374398517,0.008325412560713051,0.06525012520975329
2.75,0.3034412151011551,0.25056255601522226,0.3003962252146159,0.10499202694359555,0.019163814428002524,0.02818424641163443,0.0,0.01658762672173198,0.029207276954052865,0.046531892877248605,0.029323850645926186,0.08101161198892502,2.7149910020024284,4.725502385474402,3.430568429051575,0.08155136706999022,13.204945302128131,48.499846556052894,292.2501484770752,3142.966608934342,8040.6753236112,2868.2708983048983,100.29563054915201,26.000405280411194,6.846154753304694,0.6013563092265974,0.6169235126314908,0.49213761378041276,0.06796040222128848,0.0,0.27648654235505415,0.07520797102109182,0.006892317563649724,0.008532185662836964,0.005837208231233789,0.00575808934374585,0.004031964978655049,0.002092431198454833,0.0011103434403135165,0.002014131890563118,0.002351585155247654,0.005532643788477115,0.0023721862867102017,0.0036550854571908665,0.013125922073722002,0.1880699453325651
2.764705882352941,0.17677220656417084,0.1357064956632189,0.0908016442435089,0.058367802916350166,0.04610370331715045,0.0614417166405555,0.0,0.04251974693964297,0.03833565271263342,0.02487220033819633,0.052083771114419794,0.01366347766025331,0.6086572177518527,3.907397193083718,6.243929725700626,2.3621645008888104,4.735289205932232,14.70511739329778,25.620316668178585,152.71983800856168,2204.0650784993513,10836.879683661806,19706.114528026286,20565.734255043142,14615.434843345975,5886.152996780573,1312.1666357297388,186.26383393924735,25.324907841726805,0.0,3.095626771539548,0.18348898020594778,0.1265788544449698,0.046657722052104486,0.03092853012328095,0.058408948703682004,0.009616364049442805,0.0044994468125606635,0.0034780528124257835,0.0025144766722427266,0.006956174241151086,0.006346055867899899,0.0030353845320432605,0.011476934429082562,0.014866883907398707,0.01387497374464635
2.7794117647058822,0.2873843112237906,0.2653888719664166,0.04077593202081921,0.06320519978681684,0.03242391607519773,0.023389761219478656,0.0,0.06063583011305339,0.01587013184707741,0.033870995913833433,0.01484286249087138,0.0138952526550112,0.06983508477595898,0.43688564069378744,5.217050970703301,19.317974992957495,22.48854366404393,11.458089473813573,24.549386361396316,5.529366513994179,13.550563457279406,9.800001810633708,62.28656296949801,206.67097138968228,2217.190496595853,16511.71386513489,6825.128100927788,2376.886916658904,133.98316129557557,0.0,45.90699470267424,65.63862367857028,22.76762862852702,4.576192359325229,0.4565018534654637,0.5208872527547695,0.1988659874137585,0.0070271510619401185,0.026646801946552896,0.0042571087045895515,0.024162914441058187,0.0154316877279665,0.007618965367975067,0.0015494166888464765,0.008502611494978104,0.1036780637640837
2.7941176470588234,0.5562699744862308,0.18172635876829518,0.3283546453127007,0.17138937150489386,0.07621915123095578,0.09967228537145655,0.0,0.06260350581880111,0.11154613974815385,0.09528008692564052,0.31331980118103625,0.28972372243596584,0.16405267877641355,0.16148087831304475,2.999261462440834,18.706838125019768,11.613252016700331,2.9893410093204484,1.8608036198719784,1.5946758709394624,2.600979346526634,2.003278541921931,13.4608808262193,170.94664746183338,1439.2155994044504,3477.616529236093,3803.4828863568564,4518.970945297828,6360.719247040786,0.0,21737.208532751574,16264.826382305175,4859.337925390679,1503.471475279511,304.4747936273795,12.915347350850558,3.7475287093292136,1.1390409350045911,0.045737538489434494,0.03827557674702343,0.020242752906053554,0.006242253056911627,0.010995147391604695,0.014896769344840124,0.010416463737760707,1.0581585441410297
2.8088235294117645,0.3407737480237257,0.6089626518136427,0.6381671566649958,0.2225104200040628,0.25765155311751725,1.0276157987041097,0.0,1.526954193923592,0.43463372977521947,0.15097597978021954,0.35196083109874543,0.5602181631694972,0.3143299977461487,1.138333765093694,6.0977367806698135,1.7288820661222903,0.923005284680166,6.909947372480799,21.3774778619835,11.718652080754055,3.446348882299449,25.872415152490163,90.2776965080221,34.10271922531467,18.97767668817533,51.84988333563743,289.0818881787379,2951.6124963754773,321.5956349709921,0.0,6559.53477161036,7045.916428733752,5159.301551242854,3531.2102536903603,835.149500643576,7.029384048141065,0.7387806497203516,0.16093187122048422,0.2836173942260636,0.044864229279603776,0.007162862041192063,0.001390133550175542,0.0036741113630548465,0.0032566288546818345,0.04882527931828024,0.4837629543335853
2.8235294117647056,0.8155076300397097,0.7167168851495851,0.5834837150654951,0.65832003438424,0.3891254174267179,0.12804159220041011,0.0,0.07711875016522303,0.4618916073291458,1.7937542971451284,2.688381346195766,0.7256251436247315,2.0575482786958217,4.3397174739035655,3.065298396139699,1.5222433291254278,72.3234260584561,179.49425295294884,43.17446109333082,5.422352724825646,26.8201357418795,15.007082196489783,27.725985172963473,118.17716258044022,16.44441504121795,56.811239186764176,51.912981884132684,669.0782523440296,677.2311378048,0.0,369.23191775797943,2061.855333161292,453.10889609739263,336.12659714102574,405.12602597823957,16.36473501407027,8.94259767443683,0.2825693174783578,0.07091051666823192,0.051147879938476457,0.030127541193263836,0.0077388100863316055,0.00376042277585795,0.003851671370119198,0.03522624263816072,0.43794481922909456
2.8382352941176467,0.37481522805788564,0.29237587078900273,0.24339975507579803,0.2535995689960778,0.29493398785226144,0.2509963729467513,0.0,0.11606094560073896,0.052506394989875436,0.18768198655650958,0.3586009928947089,1.1421763272095884,0.9131589032299746,2.3457037120130537,1.2534087908919538,0.7073709576278795,172.1841287988235,893.9006000845287,389.5094110154273,28.49578315380058,7.54396423776403,6.219480985760154,16.0476184191644,99.3193673956834,42.39065578169648,21.17357789200105,54.099781076500406,10.324662648580064,190.09885163990606,0.0,273.8666770690538,73.40012078059587,388.1385685521339,22.183130173623894,7.390625139837513,38.126132692125964,10.085950666266115,0.3836596257866026,0.32336588339423744,0.09937261954648843,0.027025062269929862,0.0066854382924069235,0.004841609405068738,0.015259794505838824,0.09125153123629925,0.5218844309188319
2.852941176470588,0.13898661480328967,0.037325996575696005,0.19304742251873094,0.221398686213168,0.30088986918048777,0.23378001362827985,0.0,0.20117325824770968,0.09340732677226544,0.13176054542050508,0.27355336130179936,0.5881190492474723,0.6699342544246054,0.7837984974156227,0.3394534129845768,6.732152247116904,9.780975796185636,893.4419934367752,1818.778281069095,335.0288013525194,1.3720248655657739,11.614857998278287,6.696171987327862,11.238728098595047,8.904981381215933,68.03288309161313,107.77495766526641,19.442805498046745,26.00947160098311,0.0,117.56113082240961,152.7988021100046,62.037424217164954,46.27521154068858,64.95891717471935,20.281723380262747,1.698516785024522,0.1468224559876533,0.0568343649145841,0.002914802988131826,0.010026460019415994,0.009279589252433334,0.0020520570142347925,0.00384613655742754,0.014851662021599817,0.07675505295195109
2.867647058823529,0.17182757842901009,0.08065583943010075,0.05599015779190075,0.11805094666146329,0.3183144433454869,0.28361713197167543,0.0,0.12510275005484175,0.2748613828226546,0.14532209080714045,0.13954755925912812,0.8649939179582522,2.0641818757971158,1.1600696340262253,0.45555880633150275,4.809316530685662,1.0962581438624568,178.79116843214695,935.9296603232135,87.33064692546614,160.6202800748644,53.39856831907508,3.4052298171200026,15.927861874332635,2.3083202079181184,8.475983873321187,12.421916681434741,21.315465754829482,49.14606088675967,0.0,91.84053954093993,32.010737839067154,1.0837739909166868,10.40703043092288,5.049070194402065,0.48149790695979205,0.2520367698381309,0.0785393092487717,0.03990224028613965,0.01225135835058272,0.001904403758724781,0.0053607714406050735,0.00420240167607082,0.00529177162926026,0.011129528429169954,0.22037333084019406
2.8823529411764706,0.0988226303889817,0.17285116572863207,0.030442419981934588,0.06270298510701783,0.10785153003050929,0.13343828991863682,0.0,0.1300436616544008,0.024352530021738424,0.027387393343560044,0.21477621686688364,0.3436962626955294,0.6981396637546329,2.360047863810221,5.276664839430148,2.551166571769313,1.2372266368996772,33.046188728041756,214.78662524371018,924.0801844706757,3447.2285612015958,5064.32564853492,1709.1058099542477,134.10785075815966,31.585026278031346,48.586643286618525,29.999141148333514,122.56001675694904,123.45222215428416,0.0,41.74468238230639,9.915746760072453,8.199717962236896,2.4721808097972984,1.0143521514259959,0.4833939520393086,0.18309551663140466,0.053719187722085636,0.038957710973884015,0.030301094379727767,0.004821129450079432,0.006078976231960794,0.004669404497950142,0.00954589610042383,0.004251718236549041,0.1078155289617669
2.8970588235294117,0.3966677456808384,0.08695853147395022,0.10022957327647863,0.12946039767447448,0.021805799170937525,0.06655485129493621,0.0,0.02942972961362129,0.07600587528167674,0.16184505487130038,0.28362327692607014,0.3298157818244001,0.07527207552093165,0.593096884560205,1.5276333215477418,0.8719638339579762,4.974826749990362,2.1094632314360284,3.81376411043008,22.433547919939446,31.392894687874758,789.8616943405818,3781.9229439931687,9034.55194507016,7062.611117509472,2094.3411199488005,215.01052596242923,17.25973227216101,0.9170638764591977,0.0,1.3141919607668686,0.3547931188886629,2.3740309629473937,0.8502861310995834,1.62604274695111,1.0397305227491762,0.028840849466326843,0.012471908190403357,0.010030178864315916,0.022065866147931847,0.004795471503803716,0.006629424155566794,0.004096873350869384,0.006647260901065061,0.020930546571564037,0.02248448238685295
2.911764705882353,0.5183268202536075,0.8039409281016907,0.3858650619627428,0.07821356906916709,0.14745317996692825,0.09996116030544192,0.0,0.16925750223875652,0.20528052498446475,0.05467811914148337,0.16719440854510573,0.5250100520659872,0.7026915590685376,0.10745695689707763,2.6202572055566273,5.041945395940257,2.567737825770004,0.48620018187474145,2.0149933272159855,4.639183617359898,14.330993029629026,19.49897905336047,192.74631489470607,486.9762998690843,542.7094776317648,3651.692107589115,5334.629883961408,1986.729683928007,628.7890339868661,0.0,114.39023064244424,8.018107769386777,0.32564248847087307,0.4933820736669766,0.2756640964091161,0.40321450357767846,0.08176503438510921,0.04340423815582306,0.042857684723344384,0.0054190096067112,0.0023138823330306436,0.004685876941073529,0.012169285756842294,0.013776777161110422,0.01595351796152228,0.1757702309994758
2.926470588235294,0.32021288791773944,0.31964334573924597,2.299078062818304,1.7460188873164606,0.44655663135569557,0.32776643901425334,0.0,0.3008784021118353,0.039050578161574395,0.04576838782995074,0.16726870038865954,0.08275454710824333,0.15572956675263025,0.18865800434184016,1.3785784853489749,6.839009995504339,6.564123007961999,4.058536250874092,8.180833862518185,3.842660210979374,3.04323174910936,11.819640453287116,2.830194109359318,14.097805723238306,84.90794272661107,95.16042226123041,517.0417629590669,1440.035215372669,351.19564096904134,0.0,98.22260938602427,33.34109140840971,1.9194428364893794,0.969256460165,0.855735649206668,0.4412035165200383,0.10590684741757886,0.01605199273798659,0.009200666298783348,0.017489605092369274,0.014145895247311887,0.002484909646134954,0.0016633216647755937,0.008743768412892495,0.06357688269787234,0.0625663054641345
2.941176470588235,0.8164316052621937,0.12068319820881954,0.3366830289609555,0.27909586900683914,0.2722470795907794,0.2701614756660163,0.0,0.3890155258347049,0.8230625533534163,0.8399741766772144,0.439834662596017,0.9548742531972889,1.6294174373831396,1.120792997757221,0.6532625270304291,11.24591185360496,19.659992846020188,5.000321124646855,13.154995120292785,13.11218781070714,5.7678160497183395,3.2698609554733884,6.644121822836322,69.56700074590603,19.630977188923964,173.34819360500055,385.9224538311888,316.7338784698474,68.42291916632561,0.0,114.85243119594801,149.98963817442308,85.19563172604374,18.882189281525093,4.99799733167929,0.6759238739580667,0.1930823915080233,0.11932029048160017,0.01583219066097918,0.003635834835056064,0.011655777972496117,0.01847462418545287,0.007898416881465135,0.010633702076108883,0.07049378972914444,0.32906458927965665
2.955882352941176,1.9484118038881064,0.3371422217310879,0.24221845146991158,0.2313226428396439,0.14208794510727674,0.17690459341937445,0.0,0.08280860301995148,0.20114022615329105,0.38685083636710826,0.28238827175341386,0.12875626451749206,0.24444985229633126,1.1428297682151476,4.852991987286712,6.84120400337411,2.3443986161309005,34.41405459057845,42.21093011930534,21.9918119731711,6.633648970495903,10.09310535532855,23.2462732881286,56.94218845181496,13.810851203924482,80.28889290552975,18.990751775272322,66.04257023373664,186.1642482275156,0.0,211.5774865271891,32.33810184026049,72.79766818868926,117.54066177751204,34.666175704072764,1.9478768851544643,0.39204139185411285,0.3179867305313536,0.03717032869530715,0.01708800070725465,0.016538100258410147,0.014660701488365565,0.005608472115756211,0.03089799826477902,0.08346738123289968,0.0837561276965314
2.9705882352941178,0.8990148193947429,1.2357016464761812,0.47474035089602845,0.36914394950181495,0.41464122246538054,0.23318570923325194,0.0,0.12678311285425994,0.22618654472230726,0.525663842637544,0.30841477256246796,0.061335104189851,0.4252108035540215,0.5383033306170608,2.021714051074043,1.8876910888507237,3.6000254412864585,0.9245710503074709,0.7631108898055077,3.179816153236557,35.362745364573456,14.50802523512996,1.0958221780399569,1.5272129045190206,19.106029772668684,70.13309851734819,48.254331347166804,54.40447911052017,24.62112258960937,0.0,34.07504117163229,57.88619964710317,22.664704245152407,2.317929772177783,15.787951366089764,9.90956710080091,2.230194987318014,0.025908204941154027,0.02326147575192344,0.03439784540331213,0.03181723143476581,0.011272292469116952,0.011086857391968151,0.0038534514561736287,0.0034414726119425527,0.14784873105618934
2.985294117647059,0.0831577770902232,0.07392576269344756,0.05124072308606711,0.09808503844533692,0.0953353252343778,0.107718082615189,0.0,0.0919717717478099,0.17409174147014042,0.1590638492137506,0.03422728473540666,0.2764640705981387,1.1286065052182965,2.0482675316157084,3.090761322295279,1.1026470117632596,2.945615813486813,3.7537013492111098,1.0741940184792405,1.1832269360628453,34.41280446119597,110.43683773880548,34.156681147772666,14.580602612934676,71.0006523131097,23.53767486830796,5.406014329298859,14.32534922164034,1.6589253706493772,0.0,7.090350107258175,10.282876520667491,12.509830608808072,54.214918552599464,43.56464280575975,5.191164767076728,1.3549521406629421,0.13780294942044785,0.08645612564595179,0.013004200300276787,0.003355288501586061,0.005466362207510383,0.005963919925798196,0.00970514170988025,0.03094476180977405,0.07006030614359465
3.0,0.9523741405679839,0.3176431945994448,0.13131037612808455,0.09826082824102544,0.044167534054397974,0.047472593525278065,0.0,0.011453820964342658,0.025864406652617668,0.042280225304105745,0.04844689200879242,0.13605117062298028,0.8799117085933519,1.6139090761208124,1.280045562506741,1.9892574279656874,0.9555967506683951,0.7042309029979685,1.0256724308072493,0.9931032428262299,0.639048802277915,29.333633995375404,177.65892757560783,230.2959999686878,69.1658480588049,39.49821556499633,11.22899394708763,14.224485607771113,9.760710550230806,0.0,1.2047164364101757,3.810459098880062,13.6510984329121,13.815703810832682,4.41624615675752,1.2470172767935066,0.4954576736251251,0.0953876999814601,0.018203570164559698,0.01930169536243486,0.010500370040585863,0.013479798394067833,0.0054824905358252345,0.0058164098503374105,0.0074716953173249905,0.017002272391920217
3.014705882352941,0.2341520248316171,0.05173033129926894,0.16341009272366808,0.07674767407812842,0.041072939049097604,0.018976381798076793,0.0,0.06761378865327401,0.07418768582528232,0.06760356308856638,0.06106812542688864,0.12330726130631812,0.4794274733763035,0.90781537512917,0.5872201461420585,0.2803979392122282,0.26642264642952607,0.31823741633609737,0.48140733871204716,0.29863061411225056,1.3785284362133436,0.3416819065687623,0.9838452094637431,9.552831942483538,133.70671878305757,315.07772953501967,148.4845093908741,4.387810813935603,6.81233163467112,0.0,3.7160351364719517,2.3446626068340684,0.8700984042774897,1.213780627512183,0.8402059982189324,0.16464637598399406,0.09118586818624394,0.013245451198328278,0.009260734279537972,0.008695025244327354,0.019048903022552507,0.012308008058415101,0.007041485244037218,0.0008299134131085776,0.01800085562862628,0.14166813582836513
3.0294117647058822,1.3820929829016662,0.1268841062847723,0.05349376245394938,0.03389261044743342,0.02133619197034431,0.004625026896833849,0.0,0.015272158500403631,0.014450163910796211,0.01970017495887366,0.04740008222698691,0.06756723462533243,0.35271915238671914,0.5680796812614457,0.5411538968594153,1.1655667735275381,1.1721090158729368,0.13598698835005021,6.429874803899558,9.642110282907758,0.8080667908002284,1.6485714322694007,0.6013100913859987,4.547896239663896,5.699528370603741,19.47568710658036,39.382606411608776,118.09396688604394,35.51742683508344,0.0,3.5655716197632845,2.781150272607981,2.111189072618938,1.188376408095645,0.17615091284409012,0.14556781929365503,0.008441080460593348,0.006383298399593456,0.006888603244100308,0.0043771688765566665,0.0032401401567739357,0.007885544575396315,0.0030090341249715967,0.0023191799335384473,0.021523735117275653,0.2351183214437294
3.0441176470588234,0.16818142295244767,0.1492184607518208,0.021340494973249854,0.07912877416129367,0.12209083805136664,0.027613979558372047,0.0,0.005329462667624834,0.018560788831960513,0.07571474919167773,0.08189432305845598,0.04142321186921488,0.40213751496569317,0.3369310980857333,0.6495699334837655,0.697493323479162,1.795395414926641,0.983815761406728,13.491795795617577,66.61120870675423,67.5750291676334,27.916099605076248,12.95973507782846,2.387337292185772,1.0458509588887444,2.3104858075265753,46.10485665717814,135.14737611190458,94.0178983188785,0.0,7.497228867323809,0.6761376916836316,0.5979604305163717,0.4551714902397602,0.5715272236290788,0.20138588873238827,0.029390169829913527,0.012295333888495253,0.009105320487140587,0.01563875905511898,0.003031469595703453,0.0025407426361937382,0.003189137000038654,0.005628836337158213,0.011911837553481595,0.0944178886547589
3.0588235294117645,0.4101949328425518,0.2182998234051407,0.3129073147179082,0.25697790880756666,0.11046698037625213,0.1292791720703735,0.0,0.20695293525081176,0.1443312003725819,0.020210550443208398,0.05681419730160877,0.4855365636283119,1.1454329250343356,0.8036938766865059,0.48249593096347565,0.9604976913760728,1.2952455664447844,2.2020073237753905,1.1931929717947671,3.2732612560969203,1.370141950381384,84.06026817864341,92.00244807124577,30.15853413419559,0.8078324557492698,33.13362608037736,69.63324941778444,60.0222513295058,53.11650977372247,0.0,6.416751275867487,7.751152626396641,2.837504331894343,0.24068096838999462,0.03836149414895579,0.031849558272328715,0.04103440496610622,0.006588228423135239,0.021600547619485967,0.02534065740899523,0.00949389326487258,0.013688549869264155,0.0035008370852083514,0.0049587866552733145,0.007981551538084008,0.099016508210191
3.0735294117647056,0.33963416926992895,0.3341409905729982,0.23586619042863047,0.24229398623472964,0.1061985826262599,0.06857178811193756,0.0,0.04922380711928074,0.0241694814283406,0.06998096099979223,0.2767928342933552,0.30011458362848065,0.03388450989218003,0.5482385310377174,2.765098052239372,2.3569139943454367,0.6381722991717138,2.38134173012748,6.849346918681416,6.947835646905075,15.003106914668983,61.03658833339274,44.29125796927623,138.5384037390171,142.9891661119371,99.70132597197079,6.583689562837785,12.575886625299454,39.37007523687467,0.0,40.06160577297668,32.056501013572245,5.600528772380789,0.09239438612618012,0.01915972359793499,0.05088637739251693,0.041606747071589886,0.021935666476880573,0.0020103769521026605,0.025938643112207022,0.028427519110049915,0.004043109325884664,0.010605892916625137,0.009304596753426625,0.024992116729957922,0.2155390055219624
3.0882352941176467,0.16339000974308998,0.09654366474861409,0.25327008240290594,0.17294662244641681,0.16196349586789344,0.10469874807729955,0.0,0.031076909411037953,0.01976265471260939,0.0313596633603374,0.053887656124311026,0.07023282352404882,0.29376162169377806,0.11452073371351394,0.7934117529284935,1.6635074286627871,1.2520682589050716,2.25032503411445,2.8351901486300806,1.4316624813069487,2.941568824625167,5.851230557979594,0.566172882105558,10.75030625715053,16.007959931767324,2.938635754904454,182.388902174607,224.2640073135177,22.964805167583737,0.0,5.999626232890851,0.5190562391673267,0.35940893275431784,0.23987745982350522,0.26240235870602824,0.13201497671076182,0.01575400069248223,0.019384349480130035,0.009968869290574526,0.013503733055615728,0.03330375923090699,0.021562287058023075,0.004613835979820706,0.010430678665857111,0.010886490708539465,0.08321295858841937
3.102941176470588,0.16298145223317353,0.1400706621637003,0.16197569770313203,0.14589680812365327,0.05967421355413908,0.04992649888165245,0.0,0.05236695625677322,0.05809853359897183,0.04628526884372028,0.0503805580354249,0.14601980841151233,0.7900938395001572,0.9165181302795788,0.6572327652706612,0.22739786843909165,0.64492786438032,0.7018571351116476,0.6303952055011888,1.0216688485054732,0.8505748422490305,11.835576444450822,22.422200192949095,10.79626988474887,24.108685494062193,4.5664499332236055,93.80641552936206,476.1770931837584,382.6724201921768,0.0,105.15579865760924,33.215018912561966,2.6323775786451624,0.2629044054266023,0.04005580601487753,0.004796690798353852,0.041510327634261344,0.0062124540795027525,0.005592674681862527,0.0025070060988739034,0.0008273626021770241,0.0006444836326882515,0.0070566723818130195,0.007442189568588614,0.01740645041296968,0.26521298406209065
3.11764705882353,0.2718033656340471,0.055901184165099926,0.045199836740322435,0.10016792019704429,0.10669484545243124,0.009817978713590716,0.0,0.06852600329126482,0.0345353045532089,0.024673544902810263,0.13571580788298235,0.08709224912167841,0.4472341876029098,1.6160902432726294,0.7003957529177633,0.2415711653097775,0.323004805363337,0.24416211234217378,0.3137565131321939,0.7715052458096792,1.8624806428140563,2.098090884453776,12.16237950290096,79.64996978331598,112.84134657975146,82.0410557480066,35.660542035716745,13.724831423378326,15.165493276771286,0.0,20.40282231639175,21.157875595208694,7.7579441932109106,1.124102973921444,0.04783060959308158,0.02029976853234751,0.007825673953330767,0.008322547462613286,0.005526905724594916,0.00607251125056748,0.0008149514230995168,0.0011807087510840944,0.0011701729448623432,0.0027866465185882212,0.0070217588037721195,0.03296411277840596
3.132352941176471,0.1606967922411191,0.10400244736947278,0.07930416502789309,0.047783743890717566,0.029600901176702384,0.03135671778458973,0.0,0.03815194867187728,0.014776511101598448,0.026569959970960504,0.026224458212700696,0.29212904378035043,0.7371951164730839,1.4592540538039809,1.67060137341127,0.6947975530487629,0.27080198752884344,1.2604462712251934,0.8977221657481587,0.542076169244543,6.033505854654081,8.046231002127037,8.550841138990666,29.600263149537025,34.87807383114361,16.52213710371648,21.62236847139729,75.04263091763616,4.032518073956416,0.0,64.89980541326277,41.181339966959634,1.9867032483627605,0.5707362606674127,0.2778616253904177,0.042185410478747104,0.003925123024071493,0.004947795125414249,0.0020456042549925756,0.005700105528833213,0.005284497456682409,0.0030703971672055123,0.0016582568676779329,0.0072815521294140925,0.01253116132254032,0.0557812074827812
3.147058823529412,0.1495199536931442,0.09528811673770503,0.0923164944731778,0.053769049458286214,0.06656947253423542,0.060611651830369664,0.0,0.06960105093800016,0.03830136992956924,0.02086445324115553,0.04325180752345509,0.07257007668852258,0.18590068573124896,1.5359380138107075,1.6238395620206019,0.37509506558675804,0.7049257166222542,1.3913457877986168,0.4887107079448086,0.5344389670928026,0.2001453264233064,3.2193398121411727,3.3792828564848163,17.9805903271688,50.63942016751066,48.0802661971246,37.29460664855574,73.48451009172628,23.797451999744403,0.0,50.58791770209044,2.9365792962131954,5.686529567974128,3.2683279548181057,4.316127211396376,0.599380440567551,0.007484895776140507,0.006647080895736939,0.0050209983193420585,0.004541230475846994,0.0015445715567587556,0.010584068897516646,0.024268965057611627,0.020927885927431132,0.011111955558852582,0.09661164909636874
3.1617647058823533,0.1791231923348588,0.10581008146905925,0.030352208952956462,0.036904856465060386,0.05747122963597812,0.04941763071473383,0.0,0.03164439212060477,0.025777765078784737,0.010228556618622459,0.01960087943765624,0.08780486328853193,0.08183279893107631,0.12870398398136795,0.028627664634366484,0.1764008361031285,0.08395092904560282,0.09763377474671787,0.056439338102933945,0.04922011352844069,1.4305920301786181,2.843609533436051,3.50982477683795,11.268710515813272,22.309833741883196,18.95926119599309,59.82315557427633,12.26587860597878,64.0907517528468,0.0,50.450087238775275,7.200652893303416,10.185248618824055,22.190560873632833,8.451310653330811,1.0880466965564135,0.09744606084360594,0.02270943277293176,0.006448070684720224,0.0024288625668975597,0.003869887001304001,0.0033600762135938293,0.006405637930522757,0.004731241446680358,0.008702405656122595,0.13690179805352487
3.1764705882352944,0.41179230186979093,0.1500049642195178,0.0691236486248151,0.055289094755816996,0.06593929679640756,0.05569702144719423,0.0,0.03623543850888206,0.023937359424285917,0.06930543277224399,0.21068309899805868,0.19973973075184145,0.5212260624551893,1.221218436774302,0.719881881225219,0.1361705204056029,0.22368456867808448,0.1286469537982881,0.3375921584966515,0.34762912568213994,1.158346890188915,0.3049315425341137,1.062355648516318,3.7194527491253595,5.0094558569780805,4.156766767036926,19.726185764780944,42.62793253007757,10.307568855597133,0.0,0.493175643937905,3.2006800801902813,1.2363280619292913,2.0365635607763304,0.31049026337036134,0.043623772985432276,0.00889031226752999,0.0022851958380795813,0.0015590321204263374,0.0032920885468749744,0.006653635550833076,0.008951783852404643,0.006686078562867106,0.008146695987689847,0.021269415205957216,0.0907856660256101
3.1911764705882355,0.1916010097870077,0.23490104500233555,0.12151884333186194,0.010660740290642186,0.026024055370400045,0.018821678482874686,0.0,0.02191335657037262,0.03791061557711463,0.08434383724277383,0.2198554471490068,0.20941352141558878,0.13412629876391252,0.094135874264983,0.08895607405344352,0.025290403605825254,0.19384684744578512,0.45231133114191435,0.8351029716979501,0.8252458988554305,1.2280114046017596,0.8409186707721477,1.7035585727214722,4.1817688539051385,3.628801973688015,7.04059859069882,5.556517737315621,0.6803709283815038,1.9912949796234685,0.0,0.5115348546916163,0.5327705070046493,0.31992818608500617,1.0151303701684893,0.9740481647060956,0.1029859783186999,0.00800708094593697,0.00848113876216599,0.004515808991719838,0.0057333907759674506,0.006886402587980149,0.002964358835214717,0.003333558106033389,0.0033688337697135072,0.014316122914718999,0.07928038634808354
3.2058823529411766,0.12184363492272801,0.0903107353434233,0.01414461550063976,0.013257249123048188,0.00780629475000294,0.005346817956677843,0.0,0.0018265390388819145,0.004156569283771365,0.007523897968623151,0.004530029234372266,0.056154281787913395,0.07979341555551128,0.12711286487510362,0.5197433442111166,0.7530262106293402,0.2358013139087747,0.32379042835881006,0.46611153694658103,0.13312929796048562,0.07894285574518335,0.021086982755723585,0.10642684387360674,0.16844342616934604,1.5503645443863077,2.742874150771329,0.32505513746945935,1.836935473329043,1.1360935763690736,0.0,0.3598845773743076,0.1417016690987537,0.09154382546757744,0.19899809475202174,0.07457192914194413,0.012820702188772685,0.0075225764521551055,0.002116716174661668,0.0014087962217740483,0.0037818546843381424,0.002013175054030522,0.002065353979640947,0.0035957319786625096,0.0026100854618622896,0.005985478254907861,0.06217770065291306
3.2205882352941178,0.17951872619587272,0.06903298599023051,0.006853834167049683,0.02112420982554017,0.029370574790395097,0.010903057428075976,0.0,0.0035791679380914876,0.019613100653964707,0.017385934403955604,0.015258777648005473,0.014841607349403874,0.0768885966491721,0.4635577140535947,0.6543587361118375,2.765320671597311,0.7579491062006205,0.12131108838318497,0.0600374072722516,0.3204069656023193,1.0836835460573906,0.8995304379853759,0.14913335677494718,0.14427882968484737,0.3199173980500075,1.228270434494136,0.5972592773142658,0.1693444500437495,0.041838111238634866,0.0,0.01128964940961343,0.035178704418294474,0.049209398571352835,0.04773395348502459,0.022546629953880334,0.004908322394970743,0.010087712269541693,0.0038839877484466174,0.0005656595183040906,0.002595052399677878,0.00516721553143511,0.008475413095511083,0.003326446303552396,0.00641165837207997,0.008771848093027041,0.014230602681937184
3.235294117647059,0.27620854386033805,0.10613909812687593,0.011292458605841407,0.008220136342638715,0.004671860297732267,0.011300472206366,0.0,0.019473937120417267,0.016830754507677483,0.00958211397615225,0.018717737529085957,0.027454127027997353,0.06301419290117956,0.13019052174995632,0.5989144651127241,0.2064176632018969,2.970959749280593,22.381566958495966,23.857622478306205,7.932758088504649,0.1672938423843922,1.1700783242179607,0.03842645011891982,0.39547691966173737,1.242574172685103,0.6183860880764636,0.050034441820128485,0.04721246943908795,0.015141442535583204,0.0,0.017178338883162298,0.01917825339219423,0.0124126720687902,0.04814981911320303,0.017519057537635677,0.0020248043398234713,0.0022730863823724047,0.003944607405217751,0.0069463934742249505,0.006204099445898954,0.0056247811903490106,0.0022443232203481277,0.005271436459521875,0.004780190871029079,0.004715796456728278,0.04068560726005243
3.25,0.2546143960263777,0.10103288970462587,0.04813291631144308,0.027783348026202165,0.055299529645223285,0.04300312658884183,0.0,0.011344480478556527,0.005935660204971565,0.013416212484749482,0.0935723836508218,0.1828896163339883,0.21529999951208906,0.23575788757132327,0.14347544800215617,0.23880943406723948,0.9800419595097047,9.375471967679537,64.44718090086384,264.52650123274395,302.4515789741736,121.18410834959144,32.20556892323662,7.284539560008138,0.1257983899317891,0.49892265513453005,0.07573561190922581,0.005394066164386154,0.007623217144688513,0.0,0.021871381083825095,0.018976365036193495,0.004831370663727304,0.006329495471094414,0.004596660817164821,0.006366459312482278,0.0012703676249921476,0.0008548818577148731,0.0009596666886601433,0.0019343635971850802,0.0017696161302139296,0.003325568115737458,0.003504300280713489,0.004237970956878345,0.01564892579858898,0.0077693545537520494
3.264705882352941,0.16136046627133988,0.09108838001165707,0.0591644218500414,0.009705636895855276,0.011751528735965619,0.014130695387400324,0.0,0.011449335662957952,0.0095049411026158,0.005962755410552822,0.020637176085537272,0.025678195896829376,0.1230236003342857,0.1181627934115832,0.33538998623628036,0.37844330823278133,0.8503858127602142,6.749345111475837,10.112863183802656,3.8652772112348,55.86887989411244,101.38520129856053,525.8592543186807,803.7187985982719,241.6652888092641,22.04985955194943,4.295690426876592,0.32275091032309033,0.04241766733451449,0.0,0.010203184821386196,0.014370283193363437,0.0011978910621496888,0.0034387703148670273,0.009104106468014118,0.003431641531952387,0.003384152484957253,0.0025049338084465996,0.0009737342099992066,0.0010339865919500942,0.002704436812729115,0.003945902411558185,0.002149434792717731,0.0005515380823314688,0.008421424485472269,0.12154766605519023
3.2794117647058822,0.06889169849941777,0.04338007259210122,0.011490138967180418,0.016733765568845784,0.018254283161120544,0.011437604415522655,0.0,0.009898768224639594,0.004517627319272505,0.01028448661071708,0.06622056860871621,0.09307722260880111,0.22609664072320423,0.953978405023078,1.1933650442224584,0.5059523856092525,2.904232989494118,8.341812933435413,10.142746831931678,7.535789208574705,4.322890478481796,2.4577645595734565,6.1157385976714105,408.37864856666636,3061.1061059601197,2391.305895796763,349.1916109895793,31.144155145343625,1.7757856742191547,0.0,0.12126553391790323,0.047303279878669724,0.01443534402603544,0.016381721878852916,0.00831437284208832,0.0009140361316750244,0.0017455077782299578,0.004962280568509819,0.001461560908025788,0.0013813068248848819,0.002296416144280001,0.002126371617981321,0.0015139897788727765,0.0008964567146659406,0.0009546934717361265,0.05670135670594559
3.294117647058824,0.09413479324992131,0.047177884704317954,0.03478285989612297,0.049988849252757636,0.030523553938597955,0.009127091993563902,0.0,0.010496736886134662,0.00464320058427587,0.03428038040744387,0.04535872461757218,0.1637798618112854,1.5166346987114294,1.826428333415529,0.73345816466197,2.599554885128396,2.3942883785585543,4.910155103737312,2.2296553704312454,1.1453660211253693,0.5220202350006142,2.438958326126741,1.5133835637012691,172.73356454372464,158.0108906561741,1090.5181286244083,2694.751491459634,630.1093864665472,35.0300663136492,0.0,0.7955965275589795,0.047871740804684176,0.03131452539595796,0.0016646030897943384,0.003317242800432487,0.004623785904965209,0.003962674849222834,0.0028753213187180183,0.006687041673375961,0.002141180103888833,0.0012603078721812918,0.002354430810916913,0.00042468519281106063,0.0002752864907799452,0.0025685034794692024,0.022318392784149706
3.308823529411765,0.06150108527550184,0.02281780352902879,0.034314521997749634,0.03555633996596964,0.029057666699669006,0.023153325061357446,0.0,0.03303358856125677,0.025024744540451706,0.0032445086425664394,0.012505961179653309,0.1250591248173637,0.07330326999281397,0.5607747564919328,1.4759256377961694,4.414066619421877,1.8914878700679005,12.534475346441912,23.10619414897193,11.201548999871317,2.8830690916794692,17.75057857215662,183.29689967304813,660.7445692859251,1645.7806962417217,259.4057958515514,779.7009734730602,783.3682298607182,595.0353844773705,0.0,43.038348317815476,7.0548842378602785,0.6584140709977284,0.025565661502275697,0.016515877620395653,0.026393659654044214,0.04188937532410536,0.011342561931148144,0.005177208049310579,0.0038416354709000095,0.0019584267323394283,0.0010151094226707365,0.0007698441624519161,0.0020611990848311747,0.0027737138968673856,0.09450266440872357
3.323529411764706,0.10919863318855674,0.06264748783862173,0.14216823219694966,0.026919540929578913,0.039315755064853825,0.0349266532545878,0.0,0.04351708937896791,0.018255452238003997,0.13700143126022812,0.2248346271139485,0.10973885030200631,0.13937740735384824,0.2445721880070903,0.49306200639958975,10.116989168826581,5.656440326369409,8.95114759680181,15.715271762135263,8.744405021076524,2.79598781880338,2.070641275731953,116.13560698703289,263.85625756022864,139.44449397949305,1337.5327044730257,2946.2143468525637,541.4184775934091,1331.8847029753597,0.0,804.3289735529804,23.20402258423774,8.358622280818294,1.392072159748095,0.4622898775475804,0.5457594836110586,0.11692468779186176,0.060284224563138034,0.006953942357043427,0.046126761174876234,0.008244190618626156,0.0022251156760328683,0.001342303701817771,0.005752469086066816,0.03164897195600578,0.2849405701203937
3.338235294117647,0.2450529555193925,0.1075175735804583,0.20574863943314467,0.17409527495360494,0.15486223320697112,0.06712471270184718,0.0,0.13925836614071124,0.09758586373571274,0.042177875293028,0.1161441185028211,0.1175640407142733,0.18807593190126679,0.42161573719585116,0.16472585831847625,3.085508027016524,20.504173789602184,9.42718855480588,2.666809275995438,0.41312932555343423,4.703924057914617,6.026770612018732,5.63269076314231,20.297275224059405,110.63495324793831,227.93267760621058,128.165730641325,725.7784915294255,313.63378287939963,0.0,107.97610502236395,684.217020597802,532.3042086566314,146.5852653659204,20.10661970576676,1.7955447909473792,0.20604718713933334,0.4121989602565337,0.28846708745783023,0.01814840016201384,0.02757869687456515,0.013545148496990973,0.013181034958743934,0.012205717276750325,0.08223799776546997,0.07538170831527073
3.3529411764705883,0.014791736352025773,0.24953474834136619,0.5937608125122763,0.6135540913744253,0.19235307701970356,0.08454452054689073,0.0,0.037200004896334044,0.032021864068953666,0.020697854931374847,0.04882045339773314,0.09192138194477387,0.10786461301190942,0.14392955028666868,0.6601542627822864,2.362314399764954,3.0445374135167,31.50204098375625,153.7474393353226,116.00416892998373,20.257242967305515,16.70934182757551,8.967773081390026,10.932117008403996,8.709725132380594,17.946974155996003,10.945458946609753,34.185434374095,60.19036657306475,0.0,35.8786423772431,31.33664773536845,47.86491794239347,141.1779086637828,77.78141257153882,3.942613266333458,0.1463841662950503,0.046614309323079306,0.04542569525200148,0.007653116068676463,0.004176602172573108,0.0034875826150273163,0.0018026520102002288,0.0019934883713771142,0.009828102089843069,0.08872302446531817
3.3676470588235294,0.19873386273511867,0.027464636957553613,0.02757516187646627,0.09878755613054645,0.10582587425686996,0.0341555052918936,0.0,0.012627925566245705,0.01454062164283144,0.04899272133912983,0.2110133821628369,0.32041925947872296,0.14401458505225753,0.5061820901172016,0.5893083734951248,2.5112274790284443,2.149190508277515,4.081919948699036,9.466759800340075,199.32926942929362,1042.9649803262373,1085.6777522763798,343.42916244791763,20.793729821326757,34.30598124208723,21.446294472427187,1.7374681991126526,6.4071113103224215,2.413054317027609,0.0,30.84632691954413,74.27854581812139,28.265675877130995,9.585177980794201,2.3595890053420785,0.34384769818601923,0.11922440401806708,0.051111320509431436,0.004641848326085371,0.00576787430914995,0.0065264083578103465,0.003077444488984159,0.014169708572275605,0.0046974470588852235,0.040505384429767144,0.12148522031350287
3.3823529411764706,0.06831272063721044,0.05818553848218544,0.04157817733666864,0.022379919374150826,0.051446898968833504,0.05252957843501321,0.0,0.02326972153963818,0.021463259080634033,0.09393393742204605,0.25690355458576836,0.2541406807267347,0.10502211631225465,1.8658248155027282,2.7120157829984124,1.760498290802866,0.22274637034667055,1.9974864322656996,1.487469904761333,2.8491213760359813,39.654491036361264,299.76206580303824,1675.0833961401745,3505.6632411957817,1651.0818682984268,404.80933914517726,88.54448815540384,45.88652802064089,71.44431686656732,0.0,22.85703054104888,0.8897705889530844,4.430905972931524,3.0846852303992933,1.7271988122307878,0.6106710595329266,0.28686471828934046,0.051183330908102904,0.049935126355280184,0.08704478655271204,0.12592670376131265,0.04639253672836546,0.0034480946131820937,0.0035034331241537617,0.0021595194793542234,0.15413487560945613
3.3970588235294117,0.1427496986653395,0.2812622583854681,0.09125670693272488,0.024316955802695737,0.0596916990667533,0.04294241305782948,0.0,0.021641295315061312,0.04153420560721451,0.03407124513031878,0.03242476954314065,0.12876328185597086,0.48754781316572937,0.09155068008918522,0.6660865270699181,0.15720397035283312,2.7576692879707707,3.5893108974118677,1.3283188915181363,0.9793402760320201,2.4757980544336116,6.675899481784134,43.060071551803276,276.59668408703993,1465.005574882909,376.6737566599073,4063.4701811483174,1929.0671719857687,247.72953228931456,0.0,60.2406721787801,8.282621662631781,6.252214342182576,2.687303183798056,0.37080903949037536,0.17586410968677493,0.07084570059838181,0.008630131303286867,0.0008543213169037369,0.003053164814103764,0.0033148572194299673,0.005364877017197716,0.0011061873911203397,0.0004235220100593588,0.0033665343196462773,0.00845346624840726
3.411764705882353,0.09076305547175124,0.14485859749749416,0.3645644910925113,0.07768818946262436,0.02571845232748802,0.08263876316939858,0.0,0.046067907398183144,0.01601014438613621,0.036495671162094706,0.014034548378579167,0.11479999489062712,1.219100691953252,2.701820440691008,0.9169993087787512,0.5323066020611298,0.4906671023773174,0.3842598931919015,1.264588379095724,1.1339230797705064,4.542176209746448,16.433626709332593,5.303065366355506,687.6429174562409,2873.80785584035,2412.923970089384,480.80653817879346,2757.8117094090103,2642.696271803113,0.0,1109.564570865765,325.33638281989954,10.31632692165797,0.25063803905982607,1.7315794029263207,0.09082079464806975,0.10137566265695036,0.006761520580784992,0.013490090019215084,0.017213793005294614,0.008323500493781368,0.007177304360974563,0.004231479002092288,0.002128571959026826,0.0007888107834913309,0.03797010691944007
3.426470588235294,0.09829580043889377,0.1703485219385522,0.10867535269003631,0.11773981680867962,0.008392022928489996,0.011528294937810584,0.0,0.08029995035534135,0.3412242103593628,0.6593838801316885,0.7420598005667212,0.7095919098309731,0.2641540339391798,0.7162749738041969,0.811956552013475,0.3574595284569942,0.8686251581455184,4.405717889178819,3.320254006163177,1.6104299475881638,8.088097254050265,23.03526912080975,8.804834705588119,188.10628271818643,222.8631898199771,326.1675016165747,451.52948628402635,746.7725842544949,2566.9082406900834,0.0,4245.758610820056,3896.9036363396463,810.9951444927207,18.98034193134386,1.14601870919875,0.45271739873220473,0.4732880730030984,0.24792752137860297,0.14365577970029053,0.05093013680281233,0.006968337358020205,0.008839152888103849,0.005786272670457723,0.009203515464014054,0.03292296020131536,0.11822937952128551
3.441176470588235,0.1879143498216284,0.41543158336485686,0.27325495480658946,0.2008202293462939,0.14288487145641957,0.07831280867939897,0.0,0.08028918822408856,0.1256205893165023,0.23270108830254882,0.18986489511614715,0.20429812779763765,1.3179719168038657,2.3073603347009435,1.639332616178485,0.30955938928590304,0.05506177863078356,0.27648494481690716,0.5607949504275136,1.3031781008617023,4.378171328296636,7.348530552458209,5.636201625095543,16.432108740886967,26.289202805949373,156.67297446168658,239.23691928156398,118.31228228229352,732.5493343407579,0.0,1013.37830274679,684.0027787583773,657.574643421467,149.38623319561927,1.5107157210079991,0.4201838370763061,0.0989946901884459,0.025067315315914884,0.026464250807544602,0.03388736295946937,0.00690066034680832,0.0022369074910212096,0.00827377686179691,0.0032873236272114715,0.006164294467261087,0.10884873164411374
3.455882352941176,0.5809325369281662,0.25978595493653645,0.05196002102881349,0.07960937962104182,0.13190759403109456,0.01844488619222405,0.0,0.09033058543039266,0.14260918726394367,0.17097516489914638,0.32835800647807356,0.32023976515795194,0.6932417137674004,0.3159990570034048,0.420916959784297,0.46073739518230067,0.44502718953451537,0.6220953226205275,0.688466474166186,0.5858164816174599,0.6118433693207115,3.685828548754956,23.848972881954552,45.399779452430934,86.36871675349329,71.24626452589752,10.695645649025348,47.42384710634424,0.6843243008943993,0.0,22.909049972781133,32.27512642385007,44.267481364160425,4.783869124650661,2.024599678147511,0.07912069938859333,0.02081506811336193,0.0016716066272978052,0.006029780264420565,0.008884249802169047,0.010501642074645455,0.009267427169474278,0.005940042802290459,0.004110642052574609,0.006338200020609084,0.1362342396782978
3.4705882352941173,0.045890669717176064,0.05761172552218208,0.0510931617894909,0.04419752340311586,0.03815066824561272,0.03753897895649074,0.0,0.022030024611751152,0.032261979490771725,0.035716242405191424,0.017735175099246346,0.06517739403474876,0.3950881122824639,0.5629105089065637,0.031012393480992127,0.3137725543461888,0.1721688820778285,0.49815759363780654,0.4903670907729758,1.2805308228559706,2.2841646310804067,8.622772177557238,25.881892098529335,13.727549035348739,7.744014682731127,14.318560469841913,32.40639910472549,34.46591261278914,17.237341976417706,0.0,24.416063932864084,7.155246141866873,0.5535027913431511,1.2111182954759965,0.0500783569335307,0.03388249712746975,0.004852800146318366,0.0018008871926685683,0.00037501964691616927,0.0018070399637636822,0.0040799572281987545,0.0021029894448166887,0.002099079844699368,0.0016242444375662093,0.001144003906509425,0.0872520574136239
3.485294117647059,0.059486007061891805,0.018724367066513932,0.035470821149622536,0.013506133644781034,0.020545721541382386,0.023003418342583976,0.0,0.03574652499348173,0.01868577725251923,0.04324620706297966,0.02254192740449495,0.12550452884766936,0.3046627238009076,0.03928848932968893,0.5515763964390424,0.44944961776253567,0.25204342564653015,0.4021781873957465,0.36942383968148185,1.9204269623487638,4.619065030647893,10.149096182161296,24.222653848351776,12.493023479506842,4.482109609146198,8.791489474846546,2.022065822048184,16.641110513856404,40.559043631119195,0.0,21.07438245736195,2.4152617223166364,0.28330102177071026,0.15462014411258623,0.05532349786132665,0.014247463202228437,0.010481355081624252,0.0039893944617540675,0.0020213143224136333,0.0033358594948822255,0.0023247270501356773,0.0023752883608846626,0.0025785400747134163,0.001583045541385469,0.004149878262050677,0.1160931303508517
3.5,0.04284512470172941,0.03988642746577177,0.015503286642361466,0.051249988100709555,0.03638738346855957,0.014809269833081978,0.0,0.011236605912651893,0.02524931053285041,0.01605086318834153,0.01298372254664569,0.1895048226241722,0.3613994187775132,0.11896904016619633,0.09871186857392467,0.10746671151883033,0.05529356178850883,0.02789916922521951,0.14122033530351405,0.8409914349018561,0.15476352538473392,0.5155548917603348,0.6826119732808121,1.4232132645521067,6.305860901276375,2.6487462563547837,9.55771838009966,11.063738207234394,2.7422811367354205,0.0,0.5608243368416306,1.8437302549961427,0.5896614291494799,0.13765510629050315,0.056576659218929584,0.014761913475252906,0.009051828336357662,0.005858243577588936,0.006183657961493252,0.005527266189874435,0.006115196517698394,0.002458839392089658,0.0009968305326164889,0.0018644792404396658,0.0030076541186874525,0.012999639991431104
3.514705882352941,0.12565515334025196,0.01677418315039082,0.029039929200481082,0.006654546310997189,0.03919667843861832,0.023843511391079573,0.0,0.008577558790641777,0.01772102733941002,0.02229150259531448,0.044913006977997785,0.07356859009828348,0.18383592695564654,1.2547430778856148,1.2255740663296109,0.45899580037351795,0.10721837625439042,0.08295118835383085,0.2654056058482391,2.0938043003145337,4.867470553428988,3.0444725622210704,3.600809621705666,2.8151405454149216,4.006778415389409,2.9585401174048043,2.7336460636201148,0.8653323029178969,1.2984562313468306,0.0,0.28929592661729236,0.49173224793311854,0.016726141896971,0.042370165386804444,0.012442037468060623,0.019147476699232138,0.004653858906405672,0.0013730400719868345,0.002855131985136708,0.003994137316334894,0.0030036894498672246,0.0051229303896676015,0.001910280548960586,0.004475410930820656,0.014431050471944535,0.049833654946541996
3.5294117647058822,0.04271300213608416,0.027083379936365122,0.034813526918759344,0.009338283357315541,0.012908572584930065,0.010425276054337072,0.0,0.01187756765105312,0.022083024832056285,0.01432478848719105,0.008933553787490441,0.03553933151743088,0.028106837658756212,0.6736468840322556,0.5877179882430282,0.12921058970838023,0.05832537925547997,0.2320734041024583,0.21578738694388355,0.4575298386329291,3.2614243809750523,2.106873391126706,0.5716285612917282,1.6857972641753922,3.9514181869195624,3.8891908770789394,1.1203863056579415,0.6013794744113139,0.9936678926515334,0.0,0.36378452323731353,0.03985569788767511,0.014843140000573756,0.014981319713122096,0.004107753394886109,0.003114644449872715,0.0004977616627546548,0.002827153330111881,0.0027618739870332427,0.002774299444671132,0.0030162747416663535,0.0023392108170345797,0.0016222339263671263,0.0013528556247170069,0.0027784240427869205,0.10363616492787117
3.5441176470588234,0.11718536540114215,0.06905466087032733,0.026192842699594557,0.019037530015130515,0.03560749875344329,0.027381387495737493,0.0,0.012785447128443334,0.002894990090811424,0.007146029118645474,0.012385234973466433,0.024053593636579468,0.161220987340905,0.3408940346992748,0.24103266526762787,0.3157502473639534,0.49599711458460827,0.03205880539981384,0.12292002787804564,0.18385296158032932,0.5304606203547697,2.230640927382107,1.3990106656984416,0.4288996925013243,0.9291252646171578,0.44297710625056685,0.6132538345474836,0.2437129259650666,0.03810242413299857,0.0,0.0041643183877947704,0.007121404979514959,0.0014608204918486914,0.00047126218477872077,0.002228592100914718,0.00473763434065876,0.0040104155986595315,0.005872300789700168,0.004387086660276188,0.0008016867971894833,0.0015851516656874786,0.0017196619551285918,0.0026624550190761744,0.006549774862916359,0.005213913630526253,0.015670676124496186
3.5588235294117645,0.06239870150225694,0.09556201851620981,0.05956393808440186,0.014055241729975725,0.018154447343883908,0.010324483094804552,0.0,0.009010920969929247,0.004608638905242104,0.006414236704756724,0.013735465246907939,0.024571268959845613,0.13841503576620337,0.3435658241444929,0.5174787213035463,0.6931311807402638,0.45368577826981743,0.11145605737473746,0.11354374481659521,0.05890077015180225,1.0040986822421711,4.656346387923012,9.257284540014028,4.747528112688916,0.6021740458314093,0.12407391187602895,0.274289853567954,0.2257711240096894,0.03041313107197678,0.0,0.0033568319021729113,0.004644118086628119,0.006929847149432349,0.006096887852426395,0.001486216978744349,0.001852130949607927,0.0015504793808996979,0.0025169546323757118,0.002098820461451186,0.0036834107715080187,0.0028722921766648106,0.003436899904715473,0.004354105153753821,0.0037936030857302202,0.012659172759554258,0.09835811553924347
3.5735294117647056,0.025794669118138353,0.027859088911577352,0.07770988728141426,0.0390121640591807,0.01408077661935159,0.013537543282536669,0.0,0.016090204064043972,0.011657439748332811,0.012761715248873207,0.020645018805014417,0.02246572757237535,0.01693829415893432,0.01034296732905823,0.06114812703743028,0.17474517616873803,0.2683075379110308,0.17240385291247734,0.2879749083062516,0.20885118726148158,0.16068736585173238,0.4471478252239127,1.4139968978997262,0.20480826606019242,0.85190497188199,0.7246682641271399,0.11724639433999912,0.04592360178211119,0.007853797601245206,0.0,0.004649571436644019,0.0025245615969455605,0.0026849268843519114,0.005905395916939481,0.0021421200038878752,0.001738697005240858,0.005013687809922104,0.0032090814154431416,0.0023287347610377253,0.0018619861445102292,0.0012753284086673158,0.000936690981539278,0.0009290496330145399,0.001234350477115011,0.0013082143643839048,0.49415216131255746
3.5882352941176467,0.08881084080777343,0.046109992798662854,0.0571631006238351,0.025749220673940868,0.013892118996152027,0.01150917679573769,0.0,0.014029917594479458,0.012420866565607733,0.0056126798683427456,0.009088929814560758,0.016756579918498903,0.01659803815094736,0.032760076377289546,0.044098735619984876,0.2390281061226074,1.1225456100304883,0.5984000906590097,0.09670995871623136,0.055545717371000704,0.2906840919821811,0.25043292573018117,1.7343017886295593,0.2816306665850927,0.07772854570550733,1.1060700440881452,0.6091353327414608,0.0034555148868724087,0.03197571444747564,0.0,0.005086678444667132,0.0013280074654081614,0.0010433139119711485,0.0011545386188165673,0.0032285846505213807,0.00488321154584463,0.0037444973825784384,0.002536209058983575,0.0010576479311639876,0.001778083249082808,0.0012432717942345518,0.0019159551085989152,0.0026167286164392846,0.006920880653819555,0.009418452821569818,0.014075557247179021
3.602941176470588,0.12617270594347002,0.034818592516209605,0.09031699327172193,0.06866091579363104,0.020779978670717875,0.017804948678797693,0.0,0.013841576643544351,0.01306466599043145,0.00843162843103822,0.00443913693950013,0.017296969005616655,0.0250343371650519,0.03467524853910683,0.22521049237421015,1.5824756469349315,2.195110521523295,1.1389373826954166,0.42808723059235587,0.08486669242713604,0.11166381823334112,0.9083509066423893,1.4279359935690958,0.2123546630192547,0.37793516010574574,0.6467917897981812,0.4551836577737997,0.04443519416982862,0.04170263704351561,0.0,0.015451418724344072,0.004617994832926648,0.0012309208669655134,0.0017275369253086739,0.002380751426982978,0.003345324151413264,0.0026822186831118497,0.004826693894349351,0.006571918163673779,0.007160293969595832,0.0030835789817122428,0.0012633046313222022,0.0013183769680741053,0.002458344233198945,0.013717479055785214,0.20212029202425807
3.617647058823529,0.22029837203450547,0.15179433785059665,0.09358449390121118,0.07420686721027096,0.029188112604968775,0.004328909284717259,0.0,0.004002098204919783,0.004759863203229401,0.004472793437758247,0.012818477268711782,0.025190893269611124,0.024293514225129785,0.1338587340764367,2.277983194310578,3.2851267473554184,2.2002035295287032,1.524707962130414,0.3279666455943293,0.24984741738080726,0.26825118248289087,0.35817566257113653,0.23868866594647453,0.33473852492485157,0.7895131939677298,0.3058548974650862,0.048236125685294874,0.01353647832440713,0.04885139767705138,0.0,0.023717683844850502,0.0049157782416025045,0.002972987218016428,0.0041193513440212215,0.001956484015516816,0.005431388273727784,0.0032587731697157184,0.0030455740683614286,0.006623811497945328,0.008043311416801898,0.005979002523604423,0.003642244027598014,0.003726055675306483,0.004492391088240898,0.008456079832828813,0.055831011229263254
3.63235294117647,0.1399895397384094,0.08577243843329993,0.08060516562022971,0.036133451066432294,0.01232536066835271,0.019897588040606328,0.0,0.018994303388664008,0.017122313916703807,0.015398524554640587,0.005970069739889213,0.010143388027385755,0.056430452224433464,1.0011853361057623,1.447793077644938,0.11650193621741212,0.1002662404143324,1.6421980488001553,14.396142143704287,15.90134239157723,2.5495080999791946,0.18451505252669537,0.8043221730314086,0.3639201389673697,0.25267341237511887,0.5863356288360773,1.7230542399049669,0.6141600248612009,0.10485403251382627,0.0,0.032796515100069326,0.004588807396197183,0.003468080779509574,0.0010812452174124541,0.004858060864262982,0.0033444973086515775,0.0016372655679851946,0.002172116440714843,0.0008989605422893617,0.0030556767094488966,0.0032337606052175428,0.0014630831586237875,0.0016023854892738523,0.0051067535680234385,0.010665715933073144,0.03707009730045875
3.6470588235294112,0.13964219146973875,0.09953358215860379,0.05578691703328177,0.012379300348069697,0.028016151598698604,0.011199633396706883,0.0,0.006334343246632517,0.003531153460010288,0.004049022241473332,0.008224548884975313,0.006931658644051444,0.03765878474192007,0.6068098775412543,2.5481988512722045,1.0043559979454557,0.5586065535081481,0.8670484425167295,23.919926354647814,92.26188011650538,111.86647934362884,55.02912277192683,20.292403827818298,1.170385876942684,0.176886285958346,1.2659933121396605,2.70705982403121,1.7801779373423483,0.17356105473782774,0.0,0.012038616751459192,0.016944914618822752,0.014413991265933072,0.007770517219612071,0.0027879068876727805,0.0017523102252796881,0.0013354323536644143,0.0006091793161894508,0.0019612945797831825,0.0018360675558291907,0.0024066324445087247,0.0009798055614382783,0.0010047032249320732,0.0014153476135692691,0.006118151160249626,0.1638272524119607
3.6617647058823524,0.10322588816352699,0.14651979924069414,0.015473448774559397,0.05768845950072707,0.02335360979437668,0.02028786213681054,0.0,0.010760008883177621,0.002839465714470764,0.035510491462199714,0.0651946014933679,0.021376646911626763,0.034676935501391115,2.9732722865995163,44.335218141492575,52.54111503855283,8.862114016147093,3.301580935232787,2.010584647141478,43.1938246681858,373.0960773656333,949.1775756350967,1039.2684156902699,652.5555881430811,220.92622090999828,33.28011281587881,11.407912321540051,1.085595451937313,0.8196905048720297,0.0,0.10869908675716689,0.08797788357156003,0.033737659187959276,0.012903689074192991,0.009395449656852942,0.005474275981172618,0.004566299796279945,0.002245447399306604,0.0012211580811580694,0.0022907467817157613,0.004299938288971298,0.005480303254719904,0.0036715770885175003,0.0023988629818357593,0.004158411503932391,0.03607325781376934
3.6764705882352944,0.16400130186797685,0.19291193588192668,0.04167032377852637,0.026383135294738062,0.016460510605702992,0.02366988392414619,0.0,0.00914713876162637,0.01040062153481593,0.010535602737030966,0.06722220895964844,0.0470042795617753,1.3018121899074666,0.5897270426339271,8.180977993840461,413.46563757348406,997.0480810730535,279.4663895143806,37.48894262544319,12.94511679363323,16.64329555272741,31.71543764844498,153.7596552083951,139.21137861305405,67.68991130217924,1215.3705525428632,1047.2385241339632,296.5554455329518,56.349158755277394,0.0,9.844362627853682,0.447516312734048,0.15976844540431479,0.06169222016003646,0.05444770339497631,0.016957082886700246,0.004167904092250161,0.004218888213336532,0.004260798531069622,0.0019379471546681374,0.003568214461428497,0.0021811551825961784,0.00035735945566824914,0.004042100960401984,0.009505673769017453,0.053037212872303036
3.6911764705882355,0.125266423857962,0.09136860202025962,0.10231622527390727,0.1386098970642708,0.06843539622062934,0.1615742682267259,0.0,0.26711140980436,0.1990833075393522,0.1748218271257594,0.14086306502106355,0.9666511662367756,1.5165005172500048,0.7570414107417525,8.236494281283203,79.40433995839906,1409.6113078056283,4455.127204993987,1999.730560497348,176.97108398483323,2.327107824303855,27.532167983444026,83.87798497330738,411.97969340589333,180.25424578347017,175.30699335111174,224.87671315877523,103.22068042587243,311.8944574625227,0.0,112.84607279403808,13.37418633933093,0.10975295390827489,0.19206941781368486,0.10512695563489285,0.024877080182824966,0.023386644083543493,0.017798803409946252,0.017183462593664028,0.011252640421814765,0.006175651059313619,0.004858079975018588,0.009920241756936812,0.0028205901485190065,0.003221936083177283,0.09154273782536174
3.7058823529411766,0.15746033171425955,0.05329099921939816,0.12911614765035187,0.12194513978303573,0.15267261276423755,0.07615794733768758,0.0,0.05606107204615122,0.006222785335299425,0.01430351005451241,0.12322672268880602,0.061750044581025225,0.0405702002800829,0.3640313102393865,1.6411971091243664,16.93076894967464,196.44042256940247,455.57861912349523,1108.4350714441239,1464.7047469927052,21.837192151027235,17.465767835261122,6.478876865541887,226.13440499184736,330.7830503467738,236.67070666984662,470.24146780888736,668.7515538078376,167.57065720300062,0.0,38.87154499955078,4.743569997472584,3.6328852231824245,0.18905371368765328,0.1783545459919611,0.05928890920745758,0.030332649241909756,0.015939630276596062,0.04722165243168637,0.0500549936221445,0.020430693098138778,0.008417656111831704,0.004304292702939632,0.0038519601422566736,0.0021190115100017774,0.032114366013002965
3.7205882352941178,0.4661435977839779,0.1143861693226315,0.07260745410507322,0.15968375451629127,0.07472667400711797,0.044140247474330825,0.0,0.051183902239802834,0.08226961604159486,0.8899900218532969,1.310916952844327,0.5095253418476695,0.16198834757582736,0.8226423677530665,1.102136184137503,2.1537425793823806,333.7032064130375,4265.492730900361,14842.667799154216,22093.948221221035,7583.472068179555,750.4818116011043,221.19636140672748,138.97161957295964,45.78963109420749,58.51265455731186,310.4874055920203,1967.2101387764587,1423.482518813938,0.0,170.85157425384256,69.02733238988338,23.115688159897314,2.2903158111841675,0.14073776412401376,0.16018402606468063,0.17283750437125608,0.13112765492222236,0.08655112623316923,0.011713579525823898,0.007787620251976944,0.0065582514728520745,0.004835015279838441,0.01371299259351592,0.03325961248273896,0.16125257452280406
3.735294117647059,0.35131047435876583,0.41972886892595207,1.0813601984790604,0.6139304823099969,0.2055004826157682,0.24105688849704995,0.0,0.4209725300411701,0.07183109986142378,0.1490590495242541,0.30938813338299936,0.7412216077898791,1.5292454148949823,1.8058688486545953,1.3746997614576304,24.76615549756483,32.730366291147384,25.073830861977864,149.45560004683938,1176.6097248966616,7854.716050805855,12809.613221646523,11241.88277599034,6864.893604337942,1143.6433412929914,60.78089426615234,135.81827896709052,491.59026106771796,960.5391859910317,0.0,802.1662460749128,95.23911863344702,39.00875841561924,8.608330236800379,1.9306939324320604,0.6955894270463916,0.622451565779166,1.2758526612536332,0.45979710705066623,0.053765219578019705,0.0737603298111981,0.03217112209541162,0.004435869105929305,0.009488520588103198,0.035047240720700146,0.046228463355371924
3.75,0.18981297856018056,0.5209973151997405,1.392634718938364,1.0985308350307497,1.1001368635855262,0.873414769342935,0.0,0.23229650395894605,0.126794323033311,0.2355959234190913,0.039554233182557366,0.19570080541009016,0.35894755554818747,0.29907168155902814,3.9448372370556215,8.627396305214202,5.322825300513029,0.714875728601039,7.249513444034699,14.986432430914947,252.58925059396114,551.6329904637739,1030.4400832081012,7580.245571025393,3906.875849315964,113.18971112741272,192.9608329411048,181.39750918543524,63.06698143003542,0.0,156.0540638205897,143.5915946456553,44.36576992433309,1.4202975809101728,0.6141719503915024,0.24156736359972947,0.27355526385185525,0.36307509095106205,0.2807254594828468,0.16309204980506947,0.03012514639012271,0.006719999390575999,0.007258535172378491,0.014407371633241786,0.03953239265265436,0.07450329011414321
3.764705882352941,0.14686066677205764,0.42073043599488824,0.33214362787265267,0.5799445372581482,0.0661146045835567,0.11615458266036068,0.0,0.22345095176973745,0.21894420622371386,0.25071395755649106,0.29339141844247385,0.46641039891666203,0.8347339803536049,0.9354894469474757,2.116144507327026,12.23288653395255,24.356308822487712,32.31101270063703,24.94321517622655,29.737078083858925,114.58120040601978,80.5882749485254,290.554195646492,131.22116072329567,3518.579654477618,22585.3884427448,32850.30842980587,13736.609277116646,858.6435747061871,0.0,827.4573210544208,898.3163722005681,222.36520889280922,26.71370206119903,1.9602814547173677,1.873592072848882,0.9088413455784632,0.3479629227151706,0.06960282747176413,0.05322669858150057,0.03856619997783295,0.024050475538563515,0.01109958970750297,0.010071806445720359,0.10647374494391276,0.40154789009825675
3.7794117647058822,3.6160462168293823,3.7791507099124697,1.8919844468836051,0.6985000571691491,0.21769411104637054,0.8730934396586082,0.0,0.8812647976169348,0.3860473029459881,0.7319208410173372,0.37288150450824986,0.29183051994168724,0.8300602160340581,1.3969434868447697,3.319571505285431,17.37338120545499,14.74159240917005,20.392521614374267,32.23687206018745,5.399650757219013,16.35701270560373,63.02146034686303,72.72477459060005,455.7182080631193,326.7141665728501,1384.0964571554148,1512.4160586537655,1352.3417229941879,1918.12204033136,0.0,7860.74135476215,2177.258729583844,157.550607171668,84.07871427766554,5.943454484445698,0.7164715491981384,0.6125563733509497,0.5748678762339333,0.13886373182512257,0.27872610846443857,0.28794496482924903,0.10314253426358151,0.008846228020949302,0.02921049963628522,0.11803813652671773,0.19361268830088213
3.7941176470588234,1.084295665435154,0.6134131562089333,0.6419977396837663,0.990218686612748,1.3606416794752934,0.5066126193873127,0.0,0.08926208632289187,0.21046048206333193,1.2926706828780008,1.062277941056065,0.7059090855938869,0.6121913894431404,2.2069146620128857,0.4649550328047256,2.5929421530389978,2.1330845760620596,25.855488688899747,20.92024176862968,6.657574188880334,5.649373295814325,2.004444330007744,4.934383102462466,42.8371625145635,20.566701069531877,467.4106825476531,1712.165576348366,3015.771437034994,1267.0844372659185,0.0,1001.9499189214944,1519.624980150717,565.0604499960191,61.12476502709245,32.25128532111076,10.51055184803556,2.8412625454814027,0.9909188769486799,0.5750952233267179,0.2174396422013265,0.02378861059584895,0.03154033948759068,0.015136321202825166,0.012256659664371013,0.05801251480913789,0.3009363027069485
3.8088235294117645,0.7830457145590896,0.17052372138138808,0.30200038038776694,0.3903924576937434,0.15491266011109986,0.19796708552617276,0.0,0.20288633554818342,0.26746791610962306,0.46136722856295,1.0241986841369253,1.5682092992786922,1.358622917510021,2.637206664123715,6.052559605217324,3.3012442491651433,5.12399305602312,8.639882504495647,9.229415848150397,4.25305325566288,5.978152625646842,13.123004998327755,10.056734638379133,37.87296844886431,72.50675950706724,447.95431898293634,261.1444985315853,151.80491838765712,43.201346733763316,0.0,374.8715444778119,290.3991885739227,92.7502081031906,98.67452174796844,36.270185210412755,14.565070459475459,1.570756711432623,0.13362756782318566,0.021465543693505965,0.04215050171452767,0.009791088751515164,0.029052409563634994,0.026991470566458176,0.012493102348823807,0.027363145963466853,0.648617703186086
3.8235294117647056,0.09909511038867547,0.242197908505902,0.40584720526440354,0.44134680658818376,0.22660138420678316,0.08438633270465853,0.0,0.07572686284310087,0.2606589373962312,0.34156215019259295,0.4622265677917513,0.2309175132946073,0.9777788219099105,0.7772105004736413,0.723760761483197,3.0438261797061266,2.128484871258756,1.756831761501755,2.714663839250475,9.821390760479957,16.99315053189703,7.873916474409952,11.15388689792686,15.158852339765625,95.54386622720168,94.42988726351237,13.312113966578844,47.36107950906752,273.83160688984077,0.0,323.20240780528866,164.5617390589392,178.4266720657281,59.749215562250015,21.920217029149065,7.665911779300238,1.586035231820055,0.11372453698775338,0.11638752024452603,0.067472305478324,0.019617265595805934,0.0019656421002287546,0.0030049762783436783,0.005929436941390756,0.008413760687550618,0.050941538595531966
3.8382352941176467,0.49465903033204456,0.30361244425496636,0.07657432826188831,0.04124609732998366,0.0343809274629415,0.017141424320349253,0.0,0.04389069087215406,0.08021991146396548,0.30524574998876924,0.4970186919292049,0.11181169543555616,0.4915887913665946,0.9621762766925399,0.5710247422122403,1.1699463597477793,4.4906477076004805,10.597453655647012,6.50016850573851,2.650427792374219,12.046232078214427,24.54372103773158,23.233681288545192,95.01014165271624,237.06236138812937,88.74944873697717,24.805484411829397,83.842640832332,40.885000819964816,0.0,12.485067936522622,41.76849124074798,13.453131518330176,5.77826096305243,2.499245256156067,1.778465936152353,0.6296160505769066,0.13820607795579437,0.03136063888776562,0.003866438339704058,0.004373326036610045,0.0063170263145552975,0.0009019694684332664,0.0013208608629458594,0.013039148903854289,0.1109368559311295
3.852941176470588,0.13266192951238992,0.09513139327846967,0.05456554580433662,0.025832053720150027,0.04146626484063132,0.03399209932907808,0.0,0.037380539564476394,0.044222426985222926,0.13532843488642884,0.40420241247642863,1.3942337868980061,2.105692022904613,1.671232240015496,0.5187936935454033,2.7275402209686703,10.583276447586769,1.6341433096934361,0.45061790333513746,0.914923192541917,0.3705102535876015,1.4236440980725336,13.962265377368954,4.8776075204749,21.393467587484523,19.330489946966416,44.86064749276005,90.67418319717135,4.831408450498815,0.0,4.680212977663547,1.877478028156606,2.2447645494351813,1.0836391018671525,3.028554084507788,1.614896079527004,0.25840894554250876,0.014900895794239028,0.0027992678265274227,0.0035727799332567547,0.0014301120268200105,0.0019133950119030016,0.0035276277712429993,0.0040131403085835,0.007877268547128181,0.02333193220717992
3.86764705882353,0.17935902471347462,0.06585759981599415,0.031480934445849346,0.01531068462917404,0.039571483795656365,0.0313597935918701,0.0,0.05169539308236984,0.05422990091862746,0.10517052055925916,0.26794789348097386,0.15729666036453846,0.027118656365673174,0.5229094818454965,0.057668109241300225,3.165425569105083,39.674356884642386,32.43348955536588,1.5280270606409696,2.459367716781128,2.085007697186451,8.5016214688961,9.529468947917316,2.4705804051881177,5.693273098238589,17.123652041393576,34.79448977627285,148.93853150663995,62.16069032755264,0.0,14.048722073098972,0.9339965385738418,6.370670695882601,7.727906615561615,1.0796899233164043,0.05268541626301122,0.023340741653949622,0.00900075890501344,0.010401225774476943,0.015138853911218603,0.0025037825808692884,0.0008243526212667667,0.0014413513663890094,0.0036019049729387655,0.0025966265227910703,0.01782682685788974
3.882352941176471,0.05821708390691643,0.06889185067666276,0.05047965443117117,0.029894598125336888,0.049555951381582204,0.05691220879909679,0.0,0.08956024160855222,0.08298957269479709,0.061643211733303754,0.06055249136803752,0.6480778069052406,3.6183049450667437,3.106452989488283,2.3291632088311447,2.058166155096536,59.159113099022676,116.97656304838955,19.70971915402663,9.058828976326692,30.908613071965554,24.48538337702946,4.388396763757082,19.72941287269653,1.378926850588608,7.520618804118506,9.64250818490664,346.8377243780961,1046.2474796121892,0.0,390.0994788778097,41.96531059314346,2.702304724577444,0.5209480049770294,0.16932199244520965,0.0794474635614394,0.06212902696937769,0.0684780050230849,0.09696432948585842,0.06722736026087421,0.029577516870794445,0.01429648622221797,0.009672860710374317,0.0037905173010770016,0.008554190122583155,0.0293622631797258
3.897058823529412,0.18008345522197586,0.10527658618327997,0.07103886524209094,0.005656421145729422,0.016081622969095148,0.017905543249061583,0.0,0.011226964863492261,0.007953248288150838,0.026674248022026052,0.057832175017891015,2.968708455674955,15.252027154885877,6.135867818774614,0.5196657486779519,3.9719541609376345,230.296887520567,439.1159099809842,76.53017651001845,0.43189352463947106,3.85372300765297,13.107421619382695,32.0524013453579,37.353846287689066,3.55272246201476,4.605509409697312,10.75462620085624,134.74761496163308,167.15651350774402,0.0,117.7150376359989,17.96873733676695,4.227481627642859,0.19981510209558784,0.09822464226631339,0.0475595381678667,0.0028980112139432145,0.0017326276239200292,0.013708322114081892,0.00431756723698726,0.01005939494473064,0.009169927233699113,0.001793299017669329,0.008102787513769544,0.005768209059334611,0.1909516263966597
3.9117647058823533,0.4455511643617707,0.23742382730164946,0.16100897971250974,0.16445612383851216,0.04176818334831104,0.06438657386983226,0.0,0.04969850864284589,0.02692149688804584,0.02798544943662487,0.12442328320645515,1.5960773984537269,47.93448406282198,57.70053787253009,5.536668617243391,1.8882727605532876,253.66017375369972,1306.977233597265,495.05889714981186,46.93346374988775,26.056444976210276,8.700847630548488,4.251595306027101,18.05468921202331,32.091246822490604,14.477380812415392,13.946188134218168,49.46862213957285,58.362225466625446,0.0,9.66383932120762,7.401023578930607,4.221299421948961,0.21530678155607458,0.032490176398176036,0.00658564838937028,0.002948944275898378,0.0030911716350857476,0.0057842166759341845,0.0032911765889383467,0.001933904726513581,0.0015499645383163323,0.009424471660219272,0.001588976602128615,0.010386167088289135,0.11430519198615377
3.9264705882352944,0.26121502288961934,0.2657492455978948,0.4469980720872258,0.15810593625518313,0.05681517181312152,0.07506140726208527,0.0,0.013949673058616361,0.009350818203238503,0.01205821122658054,0.2738633786212792,0.6450849136510766,4.741074765780908,180.737611028901,219.58700435025725,7.9587354080382955,75.33047409385706,585.9058495888557,1581.7154759531932,843.7947788481786,1010.8468004306987,801.2590655715983,138.17712328345573,1.961655333336972,0.7725050660780841,3.797836199539223,44.85259482512626,53.75927759029468,11.684325778922915,0.0,7.305322955221317,9.960552759915462,0.10775751162289968,0.22155966509820962,0.054373456786260294,0.004004177078228996,0.006757161851748652,0.006654852301885444,0.005804747512847651,0.005994580611000442,0.010457223125112453,0.013236680380345447,0.005464128386810056,0.006989562532687584,0.007956086370242017,0.1212960093975653
3.9411764705882355,0.3504316191981344,0.14561681511026892,0.050471803536907486,0.10879432344358309,0.05920043312247926,0.036643007620085835,0.0,0.014256953537405912,0.05749442332704313,0.19445075107007595,0.14907074585008215,0.26978868934952416,1.6269279350314827,82.3287164066272,1226.868255900206,3480.840041943301,2460.329697303309,1074.8181652835788,927.3018786555743,376.39008049828476,8.255840480132106,785.7475852742839,730.993276834067,99.73571711132959,11.088625547814788,0.6465382031260238,24.334281990616823,29.547009575031147,28.275440174281478,0.0,35.67703845879212,13.516180738701848,1.2870221739563195,0.05244746475206592,0.006543444858415072,0.03332546573303448,0.020496222047677728,0.004077293344664063,0.014567666177787032,0.004226064390754202,0.011770465265258906,0.01921624996036249,0.010372820824262278,0.002833856330286091,0.0018258498170079366,0.02755351271766221
3.9558823529411766,0.2488692341070567,0.2516685687353847,0.08744643754575915,0.11056329671164829,0.1827285972798543,0.054902206920670216,0.0,0.03709189367781277,0.03458412622535495,0.06739608757015113,0.5058891907766357,4.088609546430327,10.91360985511753,1.2827988992857025,66.11452134783465,95.31534655200804,1329.6222466219765,3999.4639608951975,8910.17254825524,7546.006819562181,2339.639573530059,2131.724534075281,7724.020232083358,8287.960633784169,5425.930840155081,2168.291852155884,958.0028766558828,323.0235997015251,26.91745499468008,0.0,3.5011237218553086,0.704391102631939,2.1854240356061903,2.2879111356446957,0.5092496258993228,0.11443434691934241,0.3444135305640272,0.3033720119295318,0.1314310652422956,0.31406526509072863,0.17250622093296517,0.08933750282686154,0.10215560828364445,0.1296227105281832,0.0787342045637486,0.11498375868747776
3.9705882352941178,0.1693059892614104,0.47300231407459953,0.3885097522964421,0.3753418663507323,0.10268014974392178,0.09224564177376451,0.0,0.22942292412291215,0.19679807316543707,0.4605172768137953,0.7018459754736778,1.102179710788999,2.8121046030314356,7.694000058357327,13.386889018754271,123.1934978521648,178.52259382496908,286.16981122339496,146.42951852648392,1013.8886755543177,1109.7008997439282,3563.4552538451826,10175.81717018751,1296.9756510941963,2154.046017997599,687.9387575020553,5064.230716585521,6644.462350580814,1369.6052828324277,0.0,78.4151110051161,52.566174586075746,2.7088679619567175,3.7019501748374837,4.097618698962295,0.8377885066109585,1.0188811056582046,0.5797136314883589,0.2502709272471138,0.16603060758694815,0.06265937955932231,0.032698782077904304,0.0026679028827615962,0.013119396514546345,0.15167778490508882,0.17777409479477238
3.985294117647059,1.0286763330447652,0.5038340240806531,1.1842202904394639,0.73847623425576,0.3285975977036259,0.2919887464788997,0.0,2.433256556813653,0.6778651319076279,0.49073053976056674,0.9926093816999279,0.9755505372950186,16.614503817080838,17.036898904397425,18.452674599211853,30.225207070238447,17.19142029524873,4.638028800786677,13.865202838172763,159.12718216670027,27.88602536166303,272.771788560681,390.6797732210347,620.9031730433685,2457.3366910760747,429.59997570797293,1470.7979793738928,5883.125270287961,9888.386836199368,0.0,5845.519077759971,1533.3196236778267,422.43785141022727,14.829421535439167,2.2553125123150313,1.2456148155849522,5.157912394086853,2.128021742631475,0.41081101400370534,0.04053102541430103,0.08079645733761885,0.13813898480530107,0.0759756334292199,0.05901597009605082,0.032289537851963944,0.45285433063819813
4.0,0.8716869982306465,0.7784331097642796,1.7945466361062934,0.9161823337400171,1.2290048527506716,3.6695699622090148,0.0,1.4525069303370526,0.4532612611855053,1.3814572768191944,1.852877649046413,3.5931318605040596,10.024357998111885,13.775861325071656,5.019237172087074,28.246093050875977,26.304579646090488,2.3823182739808804,7.029647733204456,43.69481378238718,185.68700978250376,166.9044340034406,224.56380097970117,1083.693739722677,2868.8827086518577,5226.1570863352745,5046.102751286258,5365.171104496969,4045.504274326025,0.0,190.31561230636214,4858.264517782834,2697.4625953351915,436.32331827203404,19.190478111110004,23.114056660045776,3.4891378067627565,3.0150270253369236,0.6227718469751655,0.08866778378137793,0.17818534979861197,0.05185438172202895,0.060091731670867246,0.06848392018840754,0.03358895436003238,0.4755282351423155
4.014705882352941,2.4217836618829995,0.7576633824960143,0.37237710199112106,1.4526724048344024,0.8491139819070157,0.5776467657241914,0.0,0.14861430739390727,0.4708068719572482,0.2540522459225264,1.2592284192154373,1.6865721075226072,0.2782995998305034,2.370262182014529,1.7298909870642774,2.2834224102035994,8.098509541201775,18.845642622878177,1.880448732339667,35.29531188629051,19.298866660709756,191.0868082021031,378.9767840673052,84.00175819231671,48.07020010933268,180.27627260482024,3499.645448927966,8995.14542140069,13204.48595248698,0.0,7312.105809950695,606.0258397114198,241.6296053881292,1669.4675238493955,1202.5664580460452,122.78391301150984,2.6182294600872114,1.3223072721372244,1.6276595535394813,0.9151288582417438,0.13408292063814503,0.04753264649670333,0.03258149326640126,0.012351639236332729,0.0166228516012107,0.18867375983765156
4.029411764705882,3.871869862769066,1.079561467779534,1.0817267349621933,0.7041742878692123,0.34632960398027973,0.591312482134511,0.0,0.36875516251842183,0.6791698556797141,1.1636974925950065,1.5157949305165497,0.629157927076264,3.2949009789663166,3.212244779386828,2.2370591119678007,2.975564348462935,14.757207960616366,17.92261346520977,7.272233828539687,5.277450046247862,53.81568340052673,36.06026280263813,10.907124292138446,40.35820710647913,45.59382453248793,61.161445298758345,54.17027362251308,22.809332465682743,180.55915955628876,0.0,364.9441320745367,244.77331690386475,289.2427611027494,52.58771089637599,239.26798080791656,12.54583610941445,6.19059164573877,0.052869570379515896,0.15750202724202617,0.6948348788137774,0.244681315957579,0.02474441354028562,0.005975638668297912,0.0048593023813192264,0.01840927773807309,0.04404066615461327
4.044117647058823,4.978272221838633,4.010302456901535,1.5583335838383148,0.2968473085801372,0.6682071239161028,0.2152034353059372,0.0,0.10670245026148303,0.3287866157413336,0.9730396346970513,1.3383995872150714,0.8973253229331728,1.268621460442715,0.8904480832316433,2.2476105715216903,3.141075897184444,7.712766170449562,4.056362511625435,1.946786948497219,8.378770549325687,9.03928742646309,4.503713364096542,19.68058881015017,14.10572817712344,20.33539715940719,95.14377462258324,38.06117665131228,4.654572645073543,61.70943701728706,0.0,104.76014472938752,81.14811960610322,265.4183058390438,167.9671621483804,2.538267787161246,7.531620790842704,4.826112303016837,0.6690864515605004,0.8207153593812848,0.08501447645191285,0.05788933332839411,0.012157172209573224,0.011013978257350171,0.03256806501478607,0.07896064127798806,0.0721005086041975
4.0588235294117645,0.3686949283969715,0.64378006964652,0.31809642529249155,0.17921853266394985,0.09435974887471554,0.0489717396796872,0.0,0.09124962199926043,0.17132725757120718,0.5824570352116069,0.5995506976425485,0.4890411874131412,1.4536564348644445,3.278173602228713,2.47491890275156,2.9169578023692493,6.837809852718567,3.4885778571055215,2.2294216510374496,3.353873114460769,4.333330620406487,6.602038207630612,6.638722678665738,17.450832589811245,2.7912160528682404,4.0607231302987925,57.484753966916195,84.00565444890373,158.1374086885597,0.0,107.72292586649925,39.10812823243043,12.437461058092978,2.9218175910254636,30.20411526032128,10.339601250564233,1.8309252329732901,0.4766666837643238,0.04618538305947467,0.017565342085677137,0.05061492881957266,0.005521296665396884,0.005401125628491205,0.003306367727545456,0.0054701329960865986,0.31073682866472097
4.0735294117647065,0.31561859163254746,0.05097852613628215,0.20241542158545756,0.08004976613873858,0.06474110166607178,0.1132765879746219,0.0,0.11710519428974753,0.06134497547042701,0.14062059840929056,0.2251874112483294,0.0421824063945623,0.4878815500443535,1.971495832602894,1.1991761074290026,2.0504639873074426,0.6792306407000792,0.583877662594428,0.16982121098638078,2.9404529980144263,29.017098848866993,26.74345488351318,3.1962770946035985,3.774013180563427,22.93454952622126,65.30983253700167,39.6443516860251,3.560159033691141,8.502617651377467,0.0,5.133096528024749,2.5019528268940694,11.651675557105513,43.596356332150336,39.758004356918846,5.9092838301729005,0.21750259141068543,0.3636022009681272,0.11953168805930403,0.008327601915921001,0.012159770371022604,0.006968890770038847,0.013786734139778567,0.00607357642090089,0.0025002490403302487,0.06832315727525257
4.088235294117647,0.30365870871306955,0.13544894049082712,0.14267866911935506,0.06416294899540119,0.03218305277059361,0.05049746887722417,0.0,0.08786720942917113,0.048778168689888296,0.18821606210665331,0.7769940591091684,1.9560003843155105,3.334953055300314,4.841164327469946,6.978994091977574,7.63355352266978,3.048365078376682,0.12684579890946657,0.2271091522533799,3.2802807647235657,8.499744628625052,0.5470550748395344,4.892572897481361,11.82512334352602,48.87081900474851,95.40506214383487,64.96222501173776,33.953171313619066,6.3321056907489925,0.0,0.82540631257863,1.2525114400276463,2.2990167289649253,0.5976150660513588,0.5245939915087243,0.6371231747744253,0.3484336492063077,0.0015878076271886995,0.001672274078304124,0.005201979075516679,0.0038926125882657375,0.003576346607450314,0.0058511072279934006,0.005248958284616009,0.002798990989624864,0.030993689400459296
4.102941176470589,0.15011345189981132,0.1558676254079256,0.1329109050718835,0.07599463795703312,0.01603519128151072,0.023463675981394122,0.0,0.021391663294016924,0.03939449378738535,0.07520861980575162,0.08806554434893418,0.2561316246375845,1.548819722678729,7.341926193275926,2.878261099221646,2.1638481173052426,3.498011406903709,3.154196081037199,3.6133683789670514,2.132581007929426,2.1764935202191404,0.24868607468455356,0.8683136954364061,1.5782971102037382,9.606340446461333,41.43290416921959,39.629400516031495,5.734038479849353,3.9440671681932598,0.0,0.48903578847329654,0.21595643685175642,0.5004445129250426,0.48284307009361505,0.3626762612286518,0.1534949731695284,0.05735315640885523,0.008966207376515095,0.004144257616734429,0.007129401813488066,0.0049472901634166335,0.004185712423728115,0.0019334379301299627,0.0033758279391410155,0.004091206406628254,0.01249530960874792
4.117647058823529,0.7706777031339551,0.05261188603717066,0.04144992270579792,0.03712569879365229,0.08103747946161703,0.024009468746878388,0.0,0.03007384940570061,0.01594452758387655,0.08088558966857434,0.07933173879204251,0.6430339657817709,0.6509598614718668,4.752321668977352,24.644812769420717,18.076520614400106,7.463983719734953,1.5767513190503955,0.9006178631248689,2.431760006963839,0.2546340356386104,2.650506576040452,2.0868097998557302,0.05359201277244752,12.656526810640734,32.0964900996983,24.747453885512513,12.431927756579316,4.902446735307116,0.0,2.3952241134717456,0.8115941327589187,0.208717738363488,0.24908204054672575,0.07815016992809892,0.013435631199899614,0.0054195451317555115,0.007555412612234061,0.0031526580744863524,0.0016578603234550164,0.0031037444091305227,0.0025665869465509228,0.0007097567031214369,0.002393665686942903,0.029057062294686027,0.10831883746523034
4.132352941176471,1.3924983490798424,1.3562423666578507,0.11601238196715691,0.0564134787496628,0.04368874991208254,0.02435912365529976,0.0,0.03826645258133988,0.006184706910193896,0.025852100618213737,0.061622886094841074,0.3452210283648173,0.48379347198513556,1.933969954000557,22.141936848252563,60.529892239820725,9.038299417138075,0.3816018034764763,0.33743841285426435,0.1494909655629179,0.9775395666153461,0.745983135484309,0.830388265058809,7.069499903990838,8.207461704979538,6.739215402853404,1.9916635939370693,2.2858682934331807,12.292129992112187,0.0,5.775278283564723,0.4698545731065442,0.10988136858613237,0.1377010682977628,0.05525404046276583,0.007324668068368748,0.003078449291194784,0.0031314411555845387,0.004964602441730871,0.0029570223820447297,0.00474733440184436,0.006628038116610908,0.0010758958575402618,0.0018589070921017723,0.005424168590832441,0.05269175113600437
4.147058823529411,1.7312339057176587,0.5101226802409347,0.39785993901299804,0.06640064171221102,0.019971898996880778,0.004646106887404885,0.0,0.02217228346122611,0.01385515604007082,0.002934883091292575,0.006101556478767506,0.07858968900266516,0.26441640023758506,0.11610216414771306,84.1205408410091,338.56995854604156,94.06334653661729,0.7624389850391655,0.7273788714507547,2.6616478677264657,1.1990791451058573,0.1921742787323369,2.2053039725049843,4.946051781721838,3.531261610963015,2.9657559763937273,7.050370003292468,5.305515753046065,1.6443861352419153,0.0,0.7750820050277425,0.10217719383649161,0.05984535706721758,0.058794666850818265,0.030236818559408903,0.026529333927773298,0.009771650937018766,0.0017572285025537605,0.00045803025071866263,0.0014364584701862548,0.003422984711492793,0.005317705446526851,0.0017284430441040929,0.002414729102830508,0.010658549524234496,0.01921091910551005
4.161764705882353,2.023912401839979,0.5164177573810499,0.2658085550024838,0.04164170289934308,0.004046062876098056,0.010256686325087583,0.0,0.022354211224482577,0.0061073587645915665,0.005105121045188956,0.05204624082713486,0.08946236611569358,0.8560145445980494,0.9153467093927368,90.90018006001378,1650.7543588347464,1870.3386420561792,393.0147417087661,74.89931440567935,8.277564929297219,1.6005184365221494,1.2821398152950039,1.464340854657852,0.7020861318103764,0.29092451848283285,0.0149583190662945,0.04584671530550461,0.06951460055951852,0.03607775299260726,0.0,0.009414729904442334,0.06034385443463157,0.05336361042755037,0.05504253254450142,0.02560457089557555,0.014334640200484028,0.008354505167916871,0.007777093829213242,0.0058176052155370014,0.0020953173690192632,0.0005711234145821634,0.003518191413372437,0.006898093433525937,0.0050739288083447055,0.009471347628136112,0.09987510647371112
4.1764705882352935,0.1188941200252075,0.3471432905275848,0.18783512312130887,0.017500896651798256,0.033364075018869205,0.028775892474521253,0.0,0.011021127033210655,0.004248705903725417,0.007604497409412219,0.041615175270883945,0.06444309021781523,0.8254813241435774,0.29581726774672806,17.781171523397276,454.86377698392494,4022.7972723501507,6058.846997937388,3726.0611072003403,632.2664410119708,22.01203461308581,1.9439203631623956,1.0965111604817728,1.3646873804650155,2.032394830429211,0.7452435659554719,0.018045671208215167,0.0748028903640977,0.01537807803831339,0.0,0.005457150132387964,0.019286916198988376,0.007785200769952338,0.0075070709259229314,0.01102096970020134,0.00953770736005521,0.004131589141779122,0.017244628484312324,0.024577398560363763,0.017840176042474523,0.01798191200054364,0.006276954850335437,0.003637051030861733,0.002846681529904428,0.02991255927584314,0.025170876551229612
4.1911764705882355,0.23709541738118795,0.1156079313892895,0.04003266002477491,0.03096989757474655,0.05865670713241571,0.039288039317454726,0.0,0.021992415380025224,0.021209763163000515,0.008878217324504523,0.04904238961620816,0.1319879295513186,1.2702296787522083,2.0201376333118946,20.479397818625138,63.3963864567131,826.8464728754809,3181.37975840299,7964.149487667866,4043.16003048543,304.90798010565777,487.91603499919,48.147348049271486,28.464015215720437,9.166839283291768,5.82721487886778,0.6707985940542344,0.27636678754190247,0.2980797113352735,0.0,0.10897924129194612,0.0840541027763221,0.011331905910072208,0.00970588010499508,0.021389428490513153,0.10357447074850944,0.03966552909558058,0.007812576025344575,0.01750768131340051,0.004692792251568844,0.01171462676583073,0.007320034980298653,0.013223100823995585,0.00834857609787191,0.0048053309792327045,0.10606266356036291
4.205882352941176,0.6159107795684373,0.034326757066533216,0.02757276304033973,0.07105191277618089,0.028222104659354076,0.00834134160450535,0.0,0.0186605035708707,0.02232999224833007,0.11044277275869331,0.14899214049743895,0.4033783741226268,1.0514999002375767,0.41409290887125905,58.72835619600367,49.29484016905968,56.80637170893037,334.40776389876874,388.0733320342889,3411.0555102236276,12645.879110748316,16500.55792435073,12627.283202557508,4437.008111932644,194.5186821914985,60.721612881416874,6.433054600570568,4.098102355070235,0.9713762831346535,0.0,0.43541040985394663,0.0193957496640696,0.13100288409656388,0.04414581430981282,0.0559799732869629,0.1338278095596764,0.0645702149372209,0.05240524996458858,0.0364501406435246,0.061197767080556464,0.09596587662549522,0.07586972501622127,0.027363284395037803,0.03618952320881739,0.030881344192977667,0.009513036796382865
4.220588235294118,0.17955157345596254,0.11008098229080844,0.24558344443403252,0.10039411838459586,0.11746240945554716,0.04029775868905058,0.0,0.0765358608519115,0.07682338522877367,0.1224680763915107,0.04544056521072879,0.3957255713548865,6.695120632321785,7.7811370514422595,36.21777034692298,34.42793025191703,66.1685869058161,103.29129987346639,83.4983599608802,181.04699526364553,222.03981413763114,340.86238059658075,479.2707625515446,309.33996886687135,7492.983427070371,15150.059492625776,6501.153529691081,627.9249189744173,14.352931587222269,0.0,23.00704150937298,0.5056776759927507,0.32005573495182094,0.3724422383620666,0.09299241611841573,0.032474801031284875,0.07071236213760637,0.07702157893071368,0.04109433503410026,0.010394383245034973,0.006195992677096264,0.008651083874826698,0.002428075180383278,0.009036533640613296,0.19323423415304683,0.1339869616848126
4.235294117647058,0.9802785955393117,1.6320715606351495,2.0319078408072513,0.4704101611246794,0.20502839698028497,0.1261242193921378,0.0,0.140100407678676,0.4658717679831267,0.3742935986570595,0.6585706720412731,0.7799861574525856,0.6192617708682138,30.76140230233461,116.26643324921474,36.45809039888454,11.076948118276444,34.771273100344075,75.45380631298079,84.6816215908275,626.3015544225224,634.3718896777502,1241.4073744451694,4192.851233881783,8446.220518910182,1153.2387109619415,1475.6925915201484,3265.2997653540433,2345.780319591865,0.0,390.65251566317176,70.57288142645973,77.1929141031221,27.657807170673735,1.3837487697030624,0.14752138555502275,0.6109802363336898,0.3945082381694152,0.15286171332864,0.03811375819324704,0.018523363746894866,0.0037396463720970686,0.014654191816124084,0.0345575849900083,0.03955712461250883,0.3959292959169872
4.25,3.7592466752290825,5.776957976221587,8.55698863033227,8.723184326113344,4.150153803267704,0.3716197493421067,0.0,0.7990711074680641,1.186219206141864,0.3820693688409132,0.22553635875460426,1.103526508594323,2.3143655478370198,7.976125007546788,18.66445941539458,52.977418182099356,14.567172995459714,3.6055024772011928,8.36952671470122,31.371321003278997,46.5359613927146,109.54444399548436,88.77509806881363,256.92173229175097,66.06344656819829,674.4619483692876,1310.4036302596105,1341.3276018915103,370.9575181869432,0.0,2.499054635302379,88.83792713641296,78.26077857757323,334.0676749875889,141.1981746302122,19.782512746091516,2.7508553805389298,0.1859991802020187,0.06077094559537459,0.026637096477302214,0.009672953813634587,0.007789513582655019,0.008303000998088554,0.031687136979126986,0.24372371028091075,0.9833257395794696
4.264705882352941,11.385351610379143,10.49254033946521,3.865866783323361,2.8554515143520094,0.8424295398200807,0.42264093173945694,0.0,0.8827855395430473,0.5532603593161887,0.3845945193600135,0.8895375945932475,0.8967545896403364,2.8245385627481148,4.626740080655056,6.3565898300680175,26.36813202496156,42.14393356168782,54.220771535923376,28.226394211883417,1.1152519846776026,8.923011288105101,13.734751733277088,83.67061139599704,218.11818093667196,89.92632454574488,293.29630456367147,231.72691443856496,55.71425623957474,139.65478728453468,0.0,388.5246828255247,639.9607344074757,110.08988096405702,66.00354838165838,29.794855082730447,27.217456554880812,5.954792710176497,0.6429267109136958,0.07486464634917406,0.07770916492219196,0.002021975455983379,0.016047581010011306,0.017046681423030494,0.012002274441458318,0.048837836231816645,0.5154204680868643
4.279411764705882,0.8974426290468276,0.9041465343526432,0.25003434197538316,0.41366632364848466,0.27207534325657,0.3292351093359318,0.0,0.1273526870888553,0.40463346211619505,0.7412626962390794,0.5441028242107881,1.039590041950228,0.9914952481315531,6.083565653431467,6.003495487515615,2.799289410824726,7.188705903161695,167.28608383807725,302.2751735936901,112.578620588293,27.80255556589305,7.604658968974576,23.411841117919025,93.01287856861862,150.67726202082886,202.9657020495042,84.63914261730537,175.1751010702017,75.11206843065837,0.0,81.41991677026826,435.28378114179907,266.46377535837007,79.91467616488913,13.509652620357025,0.5215194239648397,1.6598078194369075,0.4257228234356074,0.06790435265181631,0.08640785121822674,0.004964681859910187,0.011372799014439659,0.014070526018967498,0.004557087683867308,0.025609859073628394,0.48401836953253796
4.294117647058823,0.8969008665395415,0.1584817917464772,0.37625940483399145,0.6261778178202457,0.49958894601620657,0.39914727365799874,0.0,0.5789320052357309,0.8963064989761167,0.5445635250740678,0.4598751560651614,0.17170734372198665,0.08302421257791805,0.5468737728037714,2.7070531984518826,3.2014903891460285,1.2051799982897342,35.79859465598504,164.02782567812238,168.8689669055773,44.09922190480667,55.00332448059875,279.98719251967657,297.40510646141126,50.83082651083184,117.65768336380376,20.145933893781773,130.1566004487404,47.54913326520385,0.0,63.2489037381628,9.149945593824377,16.15080724286348,5.958662898905254,2.7032121103591216,1.1129713896679394,0.433385778755779,0.2290134415546369,0.12898649243974783,0.12977919832291535,0.08861833428088667,0.02259700051317683,0.03120000875755362,0.006508119824257164,0.21166638869245585,1.569467848816594
4.3088235294117645,0.19868962230861942,0.4833902398164005,0.4287597876825733,0.06465577078995816,0.13973536789700908,0.13495044442091014,0.0,0.12635030934886524,0.2749666133507976,0.1811661803860739,0.33356016465452865,0.6331109445745691,0.442204218561685,0.3386058445944544,0.8869802469370547,1.5621181101814403,2.3982025367256465,1.0271910115397636,1.6297044556901539,7.640852471335307,15.44193928036908,22.43021137113393,230.3669492630462,637.5149508870586,208.71552091161237,28.576441576394178,36.76130096199732,172.91962210228343,91.27128098985614,0.0,10.05752043075022,11.494219134375282,4.466944067321066,3.3951744003718676,6.523435198003433,1.9065270927273195,0.6125935452998394,0.26445933053136467,0.041269325736356256,0.03902068336882772,0.004264430925248218,0.005349017485223022,0.01165402969821317,0.010385431214672683,0.04207566677623625,0.21634203716021677
4.323529411764706,0.5538852716023324,0.6302074391327969,0.36662746636447296,0.09141974636776491,0.009020538134538339,0.03269597904065161,0.0,0.09572465258291372,0.24637285635485054,0.14359564938192126,0.055676628107359745,0.8292171334472107,1.0805851028362978,2.059894495411948,1.1072148919421525,0.5028034363304437,0.39404867781511344,2.529904802161372,3.3856310854547287,7.257460250358051,22.306268033430086,28.252911890465704,103.24468415662281,278.4159346842824,308.2190095916087,178.91298290034285,10.059950980503773,20.113952872744477,17.626275856066037,0.0,0.6340128792676418,2.3161703828758977,5.657699024370812,6.0697198631078795,8.057215556288616,4.368671839529776,0.46466250635556466,0.07370945928818622,0.02907479698088209,0.01868133222629354,0.009610889506518025,0.0073412431229703794,0.011193539081376675,0.009892841814048408,0.011673687292244469,0.01201805788039178
4.338235294117647,0.2532993449805209,0.09195456293650313,0.07959002418772562,0.021823611739161648,0.03071166053702632,0.07007269887603512,0.0,0.07951719020655079,0.04912256488789974,0.029462769434381947,0.27371273555134645,0.36427746952520845,0.62369013537801,1.6015455794674236,1.2972759948042705,4.028935411137765,0.8958414320140232,0.3842457973655272,0.6328338904065673,0.5954236265467554,20.193744546067297,81.28204069162952,110.1571096072881,25.040535346107653,27.569037748657475,132.8290177120701,103.87937078136821,110.31941136032317,28.90298939091152,0.0,1.4957825703086365,3.002841821498091,0.8503016861695754,0.5390493162500285,1.048943292494413,1.8698063597393704,0.6395779037423683,0.02288746124723782,0.004904205182045997,0.0028209125689372455,0.004639954494701708,0.0036370590283545576,0.001747448169004291,0.0010603635334587756,0.0032090032452173557,0.03143041192050552
4.352941176470588,0.16171074043176195,0.17168848069438405,0.1896109411180077,0.2578037945562023,0.07815794414592976,0.041729531978978315,0.0,0.11281348692242289,0.18668409100077388,0.26594382150388973,0.24765040936559574,0.4586387547210722,0.9236551152376462,1.5356691191689804,6.221232437832056,5.355035031280552,2.7157546685587644,0.9390176511433492,1.008071029844926,5.216424202179299,2.5948514593192358,8.990273279963436,12.461595875454961,38.801819215780064,170.65283386037754,74.69033614237321,10.579683674369303,4.823234504550406,6.55507025390712,0.0,9.070438323673642,0.673294370548804,0.514750827463556,0.721338182597721,0.235667181870584,0.033618908812006465,0.07245033786507175,0.016445172765813157,0.02712825537590403,0.011344778011174703,0.00845308091674752,0.0061936344379974325,0.0012105725747381607,0.0032262110299112073,0.002800364178584388,0.03471364548169016
4.367647058823529,0.6562462081395218,1.152070899171945,0.5301615919106905,0.3161808020925578,0.13591608353700918,0.10942877890819719,0.0,0.08458505841766421,0.010677309034839608,0.03708316229815419,0.09704328478070715,0.09975953188771726,0.1959522728722638,0.788861054052107,4.88330867802805,19.867513308780552,18.711103329268767,4.932260400622922,4.366009486145512,2.421633630436404,11.42563967548829,13.72856105199796,13.68625843681453,78.91055706473355,166.32737940710265,222.04271964412925,36.632122553185376,8.030353458251518,10.915863665326622,0.0,6.380154136913351,2.5681507302026056,2.785082330983073,2.631595328807971,0.3018783453646861,0.13771241016057303,0.04538636992807196,0.0055732924725130405,0.005293577014876932,0.001336929642990182,0.005530755241230527,0.004608884159245029,0.0009111329669432395,0.003240519106968366,0.02852546971793896,0.1378862318336024
4.38235294117647,2.319183178245269,0.9510916030275709,0.15696185205463023,0.15916102956139688,0.04641152163546566,0.04057474272830634,0.0,0.00809471432139874,0.03176735286524357,0.043139881900367924,0.01496719459328244,0.2335465086833936,2.232848144994759,0.6527239057117775,0.42610504627659473,12.067989218090656,155.35070009185432,190.7633794452635,54.62086428041266,25.62589898865078,8.882672651319226,20.86338154503989,5.0777599675059655,17.96842364398471,99.34948020627624,69.24265276990918,5.77269844119631,2.813096303713143,2.0350906006879317,0.0,0.12468732292848303,2.065026198496251,0.708096882874483,0.2466783426357421,0.04623777842979649,0.02330339903720607,0.008654928346569073,0.013393004208514716,0.011550813785552495,0.004046816922652708,0.0013164974443584982,0.0019782333000441946,0.0034810275741093463,0.0043177325595355805,0.014273770021679013,0.025721975241480573
4.397058823529411,1.1526394734628989,0.6021815982798244,0.5322627084995204,0.16009380696499964,0.08788521867184558,0.08265831618311173,0.0,0.02576762481931184,0.02795926103661519,0.03260535616126936,0.10527273048433307,0.41046658366863975,1.2622005096385158,3.804679236977588,4.020936102309203,6.022287060530665,184.16027655010464,812.2677996480927,760.7150617944105,327.40816854701086,150.19230596656882,108.89073205137186,3.555048950093757,31.347820966433797,100.09627352546147,120.10667971872917,29.456655484403484,1.2586705322621001,0.7706247439195568,0.0,1.4110614459259243,0.8084098469879458,0.19292343305757786,0.11644762636502758,0.06594406599464023,0.07661658053024661,0.028267792374116363,0.006523206049827484,0.005070932788064162,0.002551016998334669,0.009265268121370792,0.007459148126888518,0.007840302613260417,0.007577970841192846,0.024987349670587456,0.04896519179239239
4.411764705882352,0.28844167820063005,0.18682997142205104,0.14513338295346342,0.14649215383729342,0.029665038143647703,0.06863670987636966,0.0,0.03388271800884259,0.01708039350785406,0.05097683667759305,0.028407872974806417,0.1507475369261171,1.370280114220619,2.428461094340434,6.050947055785391,0.3966656540976405,13.761209202157051,7.848134242835508,15.223878530927594,117.65748952901279,215.20495268476384,388.64092470137246,765.0532982944206,326.6601962866059,111.43011451452128,19.258351643893203,6.148207322380224,17.568287724267318,2.7864288892069857,0.0,0.13533339976604203,0.23612119173899554,0.3718927085222532,0.07439776669526184,0.04492669879026422,0.031602066155613354,0.008607300424673841,0.008478569649206937,0.023894829828667155,0.026975604736041183,0.006584300469936075,0.00320225888135268,0.007125846325874034,0.007551948264227915,0.041173780959910686,0.09680433584377096
4.426470588235294,0.30208963378143766,0.26649435780180886,0.25028734611985204,0.1079013392006882,0.05224853586214245,0.03065516853426868,0.0,0.04973548184172158,0.053632668929777895,0.13089874236933474,0.44247051902869733,0.9203174852963845,0.8032781384132945,3.9987837253231007,3.3775766842342976,7.6237969951170115,14.543926064980727,7.12078956725281,3.5440704231850244,4.803006248489195,13.001968103100982,18.90369981210745,185.3894002774977,2443.660599651388,5071.941972490531,2585.1451503881704,760.7084657988162,242.46184012396674,11.955331042953928,0.0,5.328650482921072,0.4290593219102349,0.0551697447236533,0.02235170110604188,0.017640969962621635,0.025409470002218135,0.011537625616454711,0.008607638992689355,0.0033540390212319434,0.005362660568414753,0.0039567246333543004,0.005070830948176114,0.004894951767145913,0.005789196541698495,0.0027468560498303727,0.05218292347203608
4.4411764705882355,0.17273561751349364,0.1750895934055287,0.08793687492074499,0.08423612491440778,0.11454715926045975,0.03661440702545828,0.0,0.01906981888638168,0.008751509020979858,0.1167827283784981,0.19926392160084078,0.27904596793324005,1.8947680725364777,5.881016434637923,8.69194714159294,4.4917274424750335,2.16530883475481,8.349620873565307,4.305500035634147,3.4609906943061777,5.408314940362136,6.759056725759896,29.121416456111504,41.70195184385955,213.17829756506865,670.2378387499353,921.8918839594351,442.9815488313832,274.59570676040687,0.0,16.364302214366077,1.5135275399827515,1.6906895963703703,0.3493848281595193,0.04794123839605928,0.04932486956429638,0.054596019102922486,0.01126836108236126,0.004173874067355921,0.0029642744847218185,0.0029997416897095453,0.0016675881980316794,0.0018022004348744996,0.002296289742299496,0.011217253555582032,0.1319321272632025
4.455882352941177,0.2260488007766679,0.1937259772024172,0.0522315519666557,0.08060002543085726,0.08174885846288558,0.05159903631967809,0.0,0.012788393101726987,0.04499348150452894,0.047394795851557925,0.026119049606755613,0.38389030603857294,4.927243890084914,10.966118013976864,10.915413525334806,7.659544817046704,19.3715424047369,50.403590586216616,26.505614265416547,2.0482990818928144,1.479209143905543,2.6710590874292857,3.3869938621663915,50.30679508213751,202.98871510220107,431.71685570660077,896.8446838319212,217.42784211465496,135.12570273415406,0.0,70.3986170110229,33.734683102241405,35.82715478589251,4.429524396585391,0.2796842372745898,0.150132060216651,0.024036303525039472,0.015727905756171452,0.019611799884400975,0.022725678233241568,0.01741717939001055,0.006299664382606948,0.004447148609683103,0.002797658892572056,0.031540460443202835,0.13483172599789273
4.470588235294118,0.140698258502829,0.23135377611091568,0.2799182955274608,0.185700134382837,0.08909782307501862,0.07575741519329009,0.0,0.04416985497652374,0.027379918203226408,0.14860118285612617,0.16693060941207677,0.4547051157235433,7.876979125288916,11.798520995745331,4.820653984667953,0.8945253915294077,9.701889119998949,6.22783072051122,4.563261451616996,8.694767067607028,1.4683140100558165,12.504730341586017,18.20633777506997,25.67111066440331,15.781497182353247,27.05245170295499,26.077499259503313,179.49013912772273,150.39958848540914,0.0,1193.2142523620737,1063.3752475274669,110.32427018527365,1.873593591591594,1.2131365095067732,0.1242027259777318,0.0802267123253226,0.09449852090011347,0.07062698988578558,0.04333522754660168,0.013934353465079513,0.0016682439685382874,0.0026368623643497906,0.0036551511399771012,0.02014151940472917,0.0063530602207301275
4.485294117647059,0.11507632859225453,0.0868045511073392,0.05290774658229449,0.030580933943568585,0.024830578130423674,0.01733428328492919,0.0,0.06416232362539157,0.13943079785107051,0.05987422886623249,0.5047630285802744,1.8853296235383465,1.2045525578923795,1.9713683638688249,0.7938531727282716,0.7077061469101618,7.297792940882809,5.685836140270766,0.9461074761329986,2.3239300608881504,4.306191762250575,17.36112476646585,16.17507661288596,3.4035263862260683,19.994610726128784,91.27773477361686,150.61059598903134,94.09332529828055,492.3316310484823,0.0,342.5102770083329,161.22893504604204,75.68754373744359,5.35686030343939,0.33413888860331115,0.16958680359590828,0.036681290748721715,0.01936710420964781,0.008550510446677621,0.004868382842781724,0.0017802295449683753,0.00808720065663181,0.008641603362652798,0.01001244200208241,0.004903311246297103,0.05711260587027096
4.5,0.11515096594537219,0.029405016420661477,0.07183703819338426,0.10783108123293858,0.039015834758094975,0.010557661539969038,0.0,0.03601716283545773,0.07061293285823374,0.010212679537960206,0.12146486488840431,0.30007781844141507,0.3410639844373563,1.3347530555493632,1.5635406294194443,3.724625691482289,2.1182046797223673,1.4764859387706228,1.5861998685687757,1.2385788690666133,0.2909908862704858,1.116591069732229,0.31361547660670874,28.936704134931603,34.896694521406545,24.04658153868732,15.439117593309561,62.77746314103122,13.72685642127309,0.0,46.524528373812345,13.633576821949035,9.062050643318775,1.8970741939338143,0.03597412532994774,0.04052538280817296,0.008025559624379466,0.03532230438807026,0.025704881692555182,0.006627984651884522,0.002183823554829606,0.00072200865326735,0.0019412231599340453,0.0013388489888774282,0.009714291992324178,0.03539440286671261
4.514705882352941,0.7209000194664292,0.36714843226496124,0.33121319156751117,0.14313224359535484,0.06379760497488207,0.03419842923041636,0.0,0.034850641953458356,0.016870066066437032,0.03545126647858893,0.043339538772927046,0.23235208522903542,0.8652291896797306,0.6909730101269194,0.5561140285916719,0.11890905509455538,0.1018615934116992,0.299367386525895,0.6015228236520879,0.3362621460275881,0.9226726988608857,0.34869605650939056,1.0043214041646533,16.959344801077396,16.74533429879989,8.69984980729323,3.981782173954937,2.407006993423423,6.280117081763399,0.0,13.406833517289986,5.279679257308256,2.1734063646385016,0.17549008712328173,0.059884406814528716,0.04989573338236468,0.020732134560386136,0.008699729524201238,0.00846323184204975,0.001526708140761578,0.002451757824109119,0.0024120532248413165,0.00190846450600168,0.004336266866921019,0.014117389063228642,0.1609268343837899
4.529411764705882,0.3184216616292558,0.3253857739632834,0.13940901224100632,0.028518471594647057,0.026931423456246634,0.03499264276433023,0.0,0.06221473867034209,0.05213635508551431,0.07147162607110381,0.03598492489912272,0.031108310454635135,0.03867769490407654,0.2184226575676686,0.47726225577469905,0.4651291556482162,0.3590969702877276,0.7285788520502711,0.5344973903775655,0.7101522716584876,1.8199390482744553,1.1642751977089871,1.343723453789353,20.652714426787693,16.310026255013554,1.6748729996553948,1.218249378643917,3.535041677532335,7.893042358308843,0.0,3.929644765892924,1.3531413841153312,0.3638859733653951,0.0317210081622001,0.17661559861652174,0.11259989388259449,0.020368539793230955,0.003284614959816446,0.0033278426583209135,0.0041865382589344104,0.006917572602412125,0.0029586010518482327,0.005276237515915126,0.006642370367117744,0.02502353791587454,0.03688966155476013
4.544117647058823,0.6160404791653777,0.1818554179966999,0.05794469582198953,0.02316718250165055,0.012249788395954486,0.03328484692523821,0.0,0.0199360582207337,0.0017828532876366604,0.008972564827022087,0.011688904964616666,0.052087808521628406,0.15620379704029275,0.29544831408447786,0.19486783161323556,0.4239286833426052,1.766953399706202,1.3048309420914999,0.4123327457372711,1.4158610023608418,1.4180612999082447,6.702575160119141,2.6178916386055864,11.654923700632652,12.74230419988088,0.40067230995652064,0.3567632223378907,0.5969206298342132,1.7237828092601357,0.0,0.3319989688621985,0.031324429266637574,0.035411559934624956,0.050328041825345005,0.026041564274874463,0.014121161799089357,0.021253578698223384,0.0243504459718418,0.010769880715856262,0.0033872022894420816,0.0019016230823348202,0.0003616470547326058,0.0013558210478679309,0.003671254876399937,0.007394653635137555,0.036671616870910966
4.5588235294117645,0.21857325645979955,0.10741441722988145,0.036406435567422214,0.011269079198378287,0.012766420351085918,0.013354625482250132,0.0,0.017556056127996794,0.016248399820618386,0.012354969873952478,0.09245137604251105,0.13858107142174783,0.5129812587369017,3.5731939188835193,4.316506247024908,0.7828039873504689,1.0434320223019005,3.992885812721049,2.2444131016625555,0.762403545657492,1.7498505669068591,2.533449165425914,3.5619752956277413,11.01928727511476,0.4240299673670427,4.901498577801305,1.2127565137661263,0.5142457030839857,0.47448353933072085,0.0,0.060307648853516464,0.008947856248438614,0.03652897189302803,0.06564242414425635,0.05754300294428094,0.02226925337893789,0.008004834377266023,0.0062105339954406525,0.00197829204649973,0.0010597409614698002,0.0015171507895562603,0.0013828967167718064,0.00293341608308595,0.0044222795927729135,0.002564793737971094,0.030409909209048288
4.573529411764706,0.10392806281884115,0.04154760212392787,0.028363646129997904,0.0250173760499436,0.02707480462236797,0.018114079242002614,0.0,0.019102880036971727,0.007090471996417923,0.004474728808300899,0.03045717359983629,0.15675752515487507,0.16230018152266118,2.427192172424176,7.3201159053266425,2.7232628719885255,0.4177687713721757,0.1959765598949672,1.0216344959046149,1.0851714800311587,0.8634609310943496,2.174796997344748,0.5329343866370123,4.941302430905613,18.79180008732942,16.097563814851103,0.39189291763894585,0.8288826022074121,0.35074800240570536,0.0,0.02774149591127718,0.020242366154832853,0.01805862156416147,0.009743026198741324,0.030511815733112423,0.009520986944207058,0.003820511513178467,0.003484827633408079,0.005122427064047024,0.0021591424207544514,0.0014916703730635426,0.0021048634523155585,0.003272377353568366,0.0013448151484360467,0.0025309136044209873,0.3398306170526675
4.588235294117647,0.14250013992643856,0.12638955450623476,0.07945633556137073,0.02681170205630796,0.005649663829986379,0.006127773764753981,0.0,0.005213826130155118,0.010334191194752497,0.016135217661473328,0.016485995622131478,0.045306708342674015,0.03708411756052982,0.04303911989688144,0.6835918040205864,3.080559562917242,0.3287178096475788,8.619355027704085,16.568799492868383,5.295168339017067,0.3161496804900809,0.4182399353459001,1.614167887924822,4.11222662007982,11.40083132144149,25.584020571498414,13.805334683392864,1.01877540104881,0.5163881478883005,0.0,0.39866251360067423,0.04876817783771632,0.010582706995922092,0.00745470729108703,0.0018531577506562943,0.0015042203654009644,0.0032488899887051165,0.0034348290696226648,0.0011118175599836091,0.00039716149736439374,0.001400645414435332,0.0018857240773965905,0.0031885468566037987,0.0062277188115863,0.0023809033441856762,0.04328539832001859
4.602941176470588,0.10962327022761696,0.03864309869892782,0.037727667656740384,0.013046414644102488,0.018465070148983204,0.01951287759552594,0.0,0.017074916372524968,0.016267287070617746,0.0051108279961332055,0.005085359995870124,0.02931376751180151,0.05599386400926441,1.122196150038131,2.3127771497980434,3.4620200114241135,1.115958553789521,0.7810631979555137,18.137435322058007,91.25851690685899,41.0224266623822,5.342224956004544,5.123803612436746,0.6511855627707087,1.0076870069305253,1.2087848568625346,8.76763977282018,20.09599487799109,8.612639684500946,0.0,0.5333402753101862,0.12445756000118094,0.06738690050175844,0.008933324449483556,0.008203605664160445,0.004772608251201293,0.001838917770065381,0.0005036265574504472,0.001230377283120959,0.002866175981434298,0.0037008733786717254,0.0025161224020971333,0.0032248729991753303,0.00268106687490363,0.0030597473327786404,0.05908321432900989
4.61764705882353,0.16153818027511183,0.03320356260926472,0.0025102008125909158,0.009429052304905391,0.005854669401314557,0.013582583303970035,0.0,0.01607138587537347,0.013298863403723236,0.011648152950683454,0.03784498068605878,0.09228263600533931,0.20468031932046743,1.2248612002886192,2.376394115456755,14.15109785058547,11.21353782472693,1.9186499306136318,3.148524001239703,12.418313173120332,59.498365217733635,367.0899326757889,403.03396009974995,131.17481680158562,15.514939493168189,6.982652934268998,6.97421332500253,12.0340140320255,3.122677376162864,0.0,0.5936701778656347,0.0766219672586244,0.061916342265162266,0.010332192304043758,0.003167388418401711,0.0009600622348068198,0.0024195791590725167,0.0018779309856777155,0.0012106006944563956,0.0015573244907661704,0.000545797692259836,0.0012244619294987018,0.0043691563568062,0.004629634437029138,0.002540006171432067,0.02247560192989408
4.632352941176471,0.07661859599278159,0.06956412951609843,0.019961749668055268,0.048634511256915064,0.023832495689340552,0.00542074369222599,0.0,0.010710252970254653,0.027686889245236827,0.05779582492862525,0.05148914968468103,0.016023625268014548,0.354902182920343,1.6991546700052527,4.793172619849702,22.37404392442831,9.78195796875558,6.172850153223656,21.55378449981988,35.33104685525316,9.441932724266083,11.497056456842248,196.58917551218872,1513.2955676089352,1684.0215394983693,397.7976794543241,55.319131484661014,11.918485355486006,25.031006432186544,0.0,5.6130733485098565,0.17854304182819392,0.07012943535381752,0.0058734808041650014,0.0036775020395477392,0.006620032717009125,0.007121708372201356,0.004917345033168626,0.003056880928322044,0.002995752927689808,0.002580065425077315,0.0013304836574952752,0.0022393933870927993,0.0010209004865231613,0.0008191652945460838,0.11983333324171527
4.647058823529412,0.10443480629218332,0.08536563405171965,0.09424869359732552,0.04888745754805495,0.03280239468499141,0.04139623176518245,0.0,0.041979209291155575,0.04556931729823903,0.005078499252174588,0.0989004676229657,0.3738389779587239,0.30630685851729,1.089322304384202,2.9143154624366403,3.238142706281578,3.252927915006139,0.611572017828052,3.793886978315744,1.363277184263319,114.4910381508513,108.42436049722676,37.46889086935079,46.50873501385692,299.17990883165373,924.8057730526248,1684.525629942014,2051.222172226657,1252.357179092956,0.0,293.70240497497866,45.92912111371576,3.8012736427675957,0.6022122079027821,0.07859834343990323,0.02320117035863771,0.03700085040011039,0.030921300845641826,0.011610526471903165,0.01573905874253101,0.0018442460345378222,0.002935449987918277,0.002198570835972219,0.0018881037192560236,0.007050869815634966,0.02390469440322473
4.661764705882353,0.09149188459531776,0.09352219575429394,0.07083398498456928,0.07519141694326913,0.09889927698877425,0.17169772914386788,0.0,0.16703756042861828,0.13099667247388205,0.11523641819755333,0.09776547797012218,0.740082484600778,3.22816566794689,1.7067907015618018,0.9980791993038756,2.2724148898663383,1.0712912366494758,1.618829690519901,16.68373043055776,38.15815192434542,8.358395511466329,76.21998055264585,136.87493318287758,110.47340603175397,253.33099555116576,322.9599074224496,108.01118548182268,262.39142665352404,1641.89081260499,0.0,2609.276180806772,1866.0194445879033,289.78770933848006,16.53549414088054,0.9044831835829105,0.03218021595720956,0.12424329028423414,0.027933177653161008,0.0397823695092539,0.014630217096151588,0.05021631698210985,0.01603705339918484,0.008169002503531685,0.004245421328187306,0.004947520030689181,0.1624073945793695
4.676470588235294,0.5952647619592428,0.9265194855444346,0.6606527816963925,0.09084242476214771,0.053975811800995505,0.03519862714901746,0.0,0.022569792393499856,0.01037158840710091,0.034749236737025006,0.08559637087143021,0.0796868125797624,0.3886262181775574,0.19616150659462395,5.343355974595482,8.977773598065866,17.180771355151975,5.003375738148766,8.160093527958482,14.806460548079617,6.38184998135635,0.3474453781046008,29.453865788813943,114.00793079086384,9.367083384070083,587.7528881927303,763.8850640641481,184.61192128541092,46.795870294550085,0.0,466.68489289857405,786.4845373657131,594.2832064251827,219.24729677259862,14.71500808698886,0.9654546572007032,0.0970348106407712,0.08015187904442853,0.09370123443855302,0.006212080977732998,0.038080378223203336,0.026278107237305767,0.005128634188046565,0.003553366904209326,0.006186467271744232,0.17577226977050148
4.6911764705882355,0.25559025058986884,0.7039589922417162,0.6477514268477194,0.10774502922200625,0.028032930349538878,0.03439630867191648,0.0,0.07021453592282786,0.032362966362088984,0.019683774776598276,0.023221884669382256,0.11883041831649281,0.6617882874594074,2.6577162640583465,5.064530368445073,7.725942974266233,1.3826187578732967,19.270304306504187,13.287996114717721,4.79900382248767,2.3104963750410263,1.7269329167239489,8.5482739539767,169.49612469026147,363.0741140692208,195.45867293215287,94.99813551080395,111.7098519025801,59.78902744240857,0.0,69.55743146531454,54.70615905789878,10.984795760066206,11.585530698370677,52.235692775771156,9.760664418599593,0.06638026197964018,0.049935232685290765,0.06280206329179765,0.0427569477338845,0.00985917049445574,0.0029239832341039313,0.006769282859626544,0.0055841143253010945,0.0015831576546608457,0.07818162139431348
4.705882352941177,0.25957842192094155,0.1631438144314768,0.19096032987925793,0.04461291240962591,0.05855358225981552,0.050928563458653625,0.0,0.016993701881783868,0.04476948809296016,0.1148227790394034,0.2675386211166845,0.20181631712878,0.1060034659725706,1.7072717559933346,4.684430027725958,0.9630040565718012,1.1004754892916817,0.5361515081839812,1.799670194883891,1.3386035518567758,2.8244402922975427,4.4722575337778325,8.374036694758423,12.370835327013697,32.74382202307547,24.501021044591404,80.86988335473792,46.97912978708577,2.275718053560103,0.0,11.22471093417483,37.2919389619955,35.14046858998385,35.463308923163396,15.935413290417255,1.415409311688713,0.4691600994564101,0.04463638437698561,0.03485187890372897,0.021146109821895912,0.017326554296507403,0.008861320347833787,0.0018694922046101725,0.00217807910064778,0.0012376707340405494,0.04176437881352459
4.720588235294118,0.11249530069078137,0.2585301921395465,0.1847957827763442,0.053834551275542215,0.03074846353685545,0.06636421139295352,0.0,0.04804333373632258,0.030578664982602047,0.05422505117904054,0.028632765487143955,0.14091003832908133,0.24436347946200718,0.2810240782694269,2.2364882602044642,4.777329548373427,1.5896038232503014,0.3464646313175576,0.9233944439218555,2.115549129637473,4.1925372079539205,5.732880831749531,6.7370466145379115,4.485883890352388,20.74786833804655,20.70455114842096,2.8180449959541742,14.078724077687362,33.267356277844954,0.0,33.84051119310791,31.549891596413843,8.467799238468846,0.38818355261719717,1.5083172313057394,0.4806136680149241,0.017419269328826988,0.023861684404130085,0.007659482950436443,0.0016725080574203964,0.0030077179993711093,0.003881663187229844,0.0025890740581602676,0.0010788893759709588,0.004167661607843985,0.03867244306946205
4.735294117647059,0.2729201417300474,0.02525481711524205,0.02225641804744763,0.036031864784222115,0.05045086681370141,0.04875389841539225,0.0,0.008433527404405939,0.06980717195792718,0.31879335109564944,0.25539017129892494,0.07477494148219782,0.29655050190578947,0.15111178155467542,0.7133022726674262,0.9290452584495297,2.4836238367726855,1.5765946299358617,2.8566457528939653,0.9765971021415446,0.11319136425039455,0.49599246155935406,2.9869257104195786,11.871138834371184,17.486823494658204,13.418464099747913,12.517176628498886,14.411272140250276,5.138981627611648,0.0,7.178335801896486,4.133274585973446,0.43350715507054843,0.2404512839370232,0.018660772204545976,0.03245855621385825,0.024959238194515593,0.022709521483888828,0.020122387806077627,0.009922075887682031,0.0034314508298208105,0.0026421253589958772,0.002140917785929726,0.0030811816812106453,0.004435758095230616,0.029787607235469398
4.75,0.10142443452634035,0.04757690779518407,0.04819943856774536,0.007259645231564767,0.012026014769912878,0.02072973640287877,0.0,0.012076884307114528,0.028501800006747617,0.056229738356460154,0.20078261075919607,0.4297043464193314,1.9422783594069495,3.9482931231939875,4.645757890948545,1.1599133516715758,0.4649893451453905,0.04673947861445481,0.4136008930620795,1.3344096398643406,5.159848467584036,0.968715932608682,11.478562632186012,41.037081284528824,14.69719768142992,5.99065416049963,4.955052420945528,1.9002702982752302,0.23113666467870791,0.0,0.2605651234902243,0.20660462302663352,0.24970585223938419,0.059662305241966404,0.0115405582755439,0.020519572563779495,0.002576565921830188,0.008169378989632124,0.002019490063939865,0.0029048113128153493,0.0020108788543743896,0.0036941670585059596,0.0027625284607619076,0.003404476605669924,0.0016441424549775937,0.0009506260937531951
4.764705882352941,0.5542095956141719,0.1377085747997363,0.060751726289303594,0.054938345181327695,0.019742450673231066,0.014450969780245102,0.0,0.007518241515840501,0.01567574036851358,0.04320000385797076,0.14566340873296266,0.4561006959624687,0.37233338390468207,0.2956580631089114,0.737308452634704,1.144857503206717,2.361397510024113,1.016657960271997,0.708697207520627,0.166717117305458,2.850903241862713,21.302030441383067,14.250426897235048,7.232436737706831,5.584672770417298,2.423652157187276,0.908980957386444,0.4154000478204564,0.4364058160378918,0.0,0.04642034224259539,0.03702071870564352,0.045255543612578664,0.044569110649090096,0.019551368089261688,0.015007967189802102,0.003911405318008336,0.003572318264756137,0.007316150310475412,0.0032366384410432688,0.0030216493080963947,0.005039475947302946,0.0054470242537544315,0.008745579807221049,0.0027974347781000077,0.013762294578222149
4.779411764705882,0.10523123301287104,0.05121948888090985,0.014225843116824908,0.04330248185356397,0.039762566971713875,0.010942003300528925,0.0,0.004950720908529516,0.005805803710323683,0.004580351648115355,0.01435457713546055,0.1435414863222964,0.5105562928656058,0.9594847215061324,1.1048450782559573,1.0486141119032304,3.1986347196729965,2.6308896585164225,0.4392952469500919,4.11945769978059,2.001926151706973,0.40978900651225386,2.937342971665,48.85789612182968,125.67576831215104,36.21227493639418,2.2246503788712584,0.7368651557247841,0.07943924007078813,0.0,0.188166698166287,0.022837035523679834,0.017461022762177494,0.01540851116895424,0.016422635914207957,0.01411051672591376,0.009986516190854715,0.0040446663258532235,0.0023812671801065797,0.002130279833110384,0.0010194929319052948,0.000503626087826742,0.0008246679666730922,0.0029984551484286827,0.004438469102541778,0.015218986127096584
4.794117647058823,0.18171539583933471,0.13482193834276673,0.014912562201680699,0.033821287026457834,0.02972712037695514,0.00888512785195058,0.0,0.014022455492054487,0.016778857380002146,0.014744849795485834,0.0776701133185148,0.3160860922741043,0.8377268433255685,3.040064921233333,2.1392476417912807,2.424426278755092,2.76710536506428,0.3300375702660978,0.8541592674514062,0.5698856636944252,0.4924920077258559,2.0141217389381767,1.947492355025827,8.755840020800132,15.05551996320408,251.3733997031386,215.3211903543948,19.57145551359124,3.0026998136878547,0.0,0.3356319707092821,0.019825210863476758,0.03050525339839976,0.004703826066847133,0.004332553677046557,0.0011004229112502688,0.0033195779989863995,0.002815370441115591,0.0009871220895678993,0.002643829430951755,0.0013733695731424271,0.0008137993611672813,0.001840777800545358,0.005134213270374392,0.01511923703852986,0.07319487913842665
4.8088235294117645,0.07248248722281594,0.06754400894592168,0.036147252646637505,0.0349168121624025,0.04322993498199741,0.022807555805941283,0.0,0.02629802506279421,0.01441506218055787,0.00951744341864826,0.03189185134824614,0.3738888426818254,0.8711805910478472,0.6254837404887357,0.16117496897449937,0.7081349805421684,1.9132227444340983,0.7520604452496579,0.36852940056926087,0.3207026804376998,0.3849420767206959,0.31819939114524864,0.23324209641119625,4.540407357981936,1.9187828639588722,130.711396686245,372.0785097086395,311.8671267756473,108.60082723605711,0.0,10.677559327422745,0.3876712891043047,0.00538481917998676,0.010029846950822709,0.011757780223463049,0.005324373301398538,0.0016687572826282922,0.0022560014159478466,0.002313885800169946,0.0018389968458786088,0.0023211219677027016,0.004361593596739556,0.005079625723858567,0.004257093432224942,0.004323145536924944,0.05929290197612913
4.8235294117647065,0.08229663833398512,0.03691494943046605,0.02901880313561594,0.029852656712336282,0.039906644664114116,0.00761309525777068,0.0,0.0033098217429833226,0.011427133551159357,0.006165134537383365,0.066336186094559,0.10949726501134299,0.008044578564378754,0.10010456961483244,0.4007750227101854,1.4995290776103793,0.44360073947599266,0.6862368531120708,0.22543688408643076,0.8007018396519687,1.3541011207000455,0.8450227808241666,0.1567802392827486,2.9512524134872535,8.133159504081036,0.7882623688509245,14.160094498689155,19.99245323855964,41.87980087640935,0.0,27.63328568913989,2.048869715786245,0.01438954055012269,0.010391654846798475,0.003545575001309152,0.0020561780572425953,0.0019045924775401065,0.0037461161137072718,0.004207173239838151,0.003640938885106843,0.0028509088507831133,0.001841103143640785,0.0027640861975078354,0.006830586509809004,0.018018926428394737,0.012172673972442526
4.838235294117647,0.2564183126226987,0.08018031608649479,0.04125512386162711,0.008544876532612574,0.017435862315101296,0.013235968184781816,0.0,0.008301961819969244,0.009824340356524885,0.008304166424711878,0.007694460454890416,0.04428545703030498,0.1474124831494193,0.507996769830515,0.44550428514893625,1.180434991441845,0.48971455783435985,0.43918106240900234,0.11558468222013496,0.25770746681371776,0.5269328810569007,1.3477308105787755,1.2536030331014745,0.6906727568623373,1.526958685315163,3.81354750991102,3.0493968761930463,2.373425788764065,0.4144496278407845,0.0,0.08131737235431608,1.050467876589853,0.3380600049629605,0.0180417673953856,0.0016560642843468345,0.0019035996405505535,0.0022989137754363246,0.0013604961742035388,0.00023567598926235104,0.0012905869358550632,0.0009844792320882873,0.0003836441829678777,0.0025751939196105643,0.00570744054404187,0.0017715879502371897,0.03138204328613833
4.852941176470589,0.30910194662199053,0.10909583032213763,0.013644220477491014,0.011213994279541187,0.026629267054648707,0.03208325803419711,0.0,0.03008183473979372,0.011098030584876437,0.0013234249930470401,0.019670333635631997,0.03640274003829891,0.13899172253857858,0.15772777277250805,1.9795182401777187,18.7964324266272,16.840270365518634,1.4644728187855205,0.2059059418795982,0.41689395456946376,0.09129439646386174,0.8173157802150275,0.9614581589897438,0.4361631901461619,2.111465820330591,6.051470695848893,4.431553178831366,1.7611182212925787,0.13154767377831025,0.0,0.8077132949310601,0.6023196032700551,0.01278303744425804,0.07247019172647179,0.0040878069855205985,0.003946399759582712,0.0033139631692884895,0.0027939539904392316,0.003177395736011405,0.0022824707618365695,0.002185691091483158,0.0026827778922739825,0.002084532725920427,0.0011607104151676313,0.008605941526496647,0.04022909954379713
4.867647058823529,0.11175355356863921,0.060397901067238746,0.036807902859411525,0.016573181610311544,0.038080980924558167,0.029932312174959643,0.0,0.029431196076993196,0.023873335190976834,0.12352156840878713,0.24387008361081108,0.17892812268536795,0.10832436512264969,1.9069203658619265,15.186657332540612,161.3784662682346,165.20120764387417,17.42443778087615,1.5680444037176557,0.07922531382037992,0.0975433128765835,0.2676482338225081,0.3953285152873151,1.3934262762163092,2.199906209333931,1.2852798127573661,0.44705358924677796,4.749522585235843,8.668196748171697,0.0,3.1608658117437605,0.07325021549408763,0.037777284418444315,0.010376310229343827,0.004208567378776489,0.0014898257903750232,0.0009619811100526241,0.0006314079176821592,0.0007153050987451629,0.001291136164841617,0.00015692577297014767,0.0019000501700032295,0.004870185776346298,0.003950647187397127,0.006884969278101328,0.031496416250510015
4.882352941176471,0.1275376410701391,0.03582142595070746,0.05368290235835422,0.030100943103767003,0.028560521014623527,0.011450846722732683,0.0,0.011883283131211661,0.0072125935831263135,0.06665886669907842,0.10702493925164945,0.05627550126729463,0.7763700067034289,2.08330325523536,10.735952418046452,434.8892324363403,841.2470007028614,112.22847968645195,2.670040938160265,0.7327731691117362,1.3042462771754968,0.6805298252677963,0.6652874055828122,0.8626531607041708,0.14820270024044097,0.4025593810852811,0.6174176508334916,1.9635410551217665,6.2511622335445916,0.0,0.9737528977314298,0.06644102145614975,0.038290716334783356,0.012252975089860368,0.010647180103482992,0.015910900854258492,0.01904455188156276,0.00868025613196228,0.003636491574165647,0.0023225679502402287,0.003942893068545452,0.0028612238066534927,0.002182945454880481,0.005482114102691754,0.00828842099060238,0.014658181642399383
4.897058823529411,0.12423866384979543,0.07171849684457297,0.056763407739016995,0.019139167299329317,0.004634479008714363,0.006173604752564879,0.0,0.004657156943725414,0.015956791051919973,0.043774421067057756,0.04770100894311927,0.27527387854779284,2.2669220302034994,7.538310731883605,52.2577512720912,1260.109587741965,985.5118700811154,16.166382782627526,30.894307224716822,0.8612657993238368,0.08523001675231268,0.11355567548574921,1.2855648131824662,0.1964873495653584,0.027083186084952297,0.9328969656968895,7.735564567978548,11.178358124233515,1.4796687789394158,0.0,0.2545228150600772,0.0972609669350013,0.021214721606916488,0.02760127825904167,0.019685792050480634,0.007999211018302203,0.004588776096504017,0.004534185959508926,0.002640670464464597,0.0008810008351148845,0.0012895379549385036,0.0018111936754522245,0.001258091955609722,0.0015162402892815278,0.002736292656600239,0.007648278981226814
4.911764705882353,0.06593832910839789,0.03386510140637186,0.01748223814261146,0.004750444168058867,0.003927234711483262,0.015649693222899587,0.0,0.03381908495136569,0.013061034813959833,0.011803298894224611,0.3543856067611707,1.4427773330965232,0.4191270027040658,22.014946992430623,162.10093633018732,2865.460926260249,9612.254342168831,7302.972918889281,1789.3936860624685,274.73608710236107,21.38846076111689,2.0519910559061723,1.185144568214021,0.26998897502104613,0.6969500580940977,0.5127048865173913,0.5498343178279843,1.0518946186311675,0.17139553105798505,0.0,0.20945154021011678,0.02526533556766733,0.016724767106216523,0.011916250535282396,0.007354740475520512,0.0027644835310712294,0.013129502918751666,0.016518888210247582,0.009048955411746596,0.0038505646761227844,0.004813017336619574,0.002928736092745522,0.0004668190298925306,0.0007886177056819566,0.011361068770533212,0.036573743896015296
4.9264705882352935,0.07922744470956913,0.03460165684199795,0.01612576795258534,0.010307502637028612,0.01687516414929845,0.004674182098925959,0.0,0.005251816490999445,0.006055825364576958,0.002922091841644655,0.21460641212790754,0.4019251785869178,1.9043599964165097,7.114358976568576,64.7907628236121,34.728833916618896,121.388413386015,661.981791811434,6658.989890681861,6626.916840624472,757.5678839454479,77.68799633842906,10.465762338431865,1.016142704241685,0.5731877421208021,0.21401491308845538,0.10112937480827933,0.05009321230190503,0.01890826885161604,0.0,0.0305111536082392,0.030958664102271397,0.027856169236438473,0.024237769148951076,0.031345233196158125,0.009913956253231531,0.0048286688526241045,0.0006745775217524384,0.008910694925661876,0.0040937397433566895,0.0029531157325721827,0.004814969154930879,0.0072410459394056225,0.004170675942039836,0.008207648454996608,0.01103796266166658
4.9411764705882355,0.20893801715654853,0.027090677465544687,0.015642818224948105,0.03808284818039825,0.05735982806285978,0.04502469763101396,0.0,0.018776825233065068,0.014561094520348365,0.042415891115558185,0.08668033407618808,0.4275684241268344,0.34763191570550045,0.27825272858578953,1.3352498933109025,25.031568810889347,28.976910548467494,18.709177893289763,337.3034519396366,2406.382675038923,6982.779067418539,4303.5841100944945,648.8844036313633,72.18133282139837,15.476609045283677,2.037868788308881,0.10880080185596766,0.2500592330976944,0.059182872572666,0.0,0.07203916691082281,0.019376239922629,0.015494715775599431,0.01277993767288341,0.016726136958417872,0.025196748361728805,0.008787647491492351,0.002029866904457961,0.0031685935303017204,0.004208709069554919,0.002868926579652745,0.0017067025033961282,0.007076744134619536,0.0032211572532151126,0.008757422424515939,0.07234295024106757
4.955882352941176,0.09493456813290413,0.10939996356762871,0.12467527964775624,0.05516017758264721,0.02110138760252595,0.056804491295418896,0.0,0.036583371009961646,0.013595490010276767,0.02002257221207663,0.08276300562514396,0.12292203380304123,0.23325158281804004,3.2518525001246124,6.443473344632896,3.711105972413847,10.677569210681368,22.173039311026464,7.431666259824185,2.0963486885875917,128.39605115019054,1346.5248212493552,1644.5769947099395,1067.8385322722065,459.88135182049666,36.40645655732769,14.942545034210097,2.083693865864483,0.17037502670742857,0.0,0.10594510679234076,0.036716204409467317,0.013302790545151936,0.014906014909848352,0.0369849498837079,0.035998436173953825,0.01966941087090304,0.005348301539035582,0.002828768974357401,0.0077608832657962675,0.0035132434738637634,0.0039121386725139,0.0049537640698580155,0.011897253562735789,0.013268449506600461,0.08481724144227212
4.970588235294118,0.035478696092165606,0.04572302276593283,0.06760668446219778,0.09638215524335832,0.10081936823165727,0.07582090813062889,0.0,0.043412888077934426,0.0622866429889507,0.05384259066549005,0.04561309349123094,0.04029688533385014,0.12101670955259158,0.29228224258727337,0.8853206906810598,1.3829004975196422,1.7200246656141274,30.907668731448254,37.65707389304778,369.39361276316527,779.7794372985899,8.820830709854006,992.2949023388429,1852.6528370767196,1681.2299451026179,1965.9112052993833,204.18980163400258,5.0184286596618355,3.65943965480298,0.0,0.41732831444430996,0.1728981063289457,0.01753707887627709,0.022962814778604124,0.054561059214630905,0.029836450632877796,0.013232046011841088,0.016780101282987243,0.024088774464818857,0.0068980807322810275,0.0051828400143739415,0.008383927764358905,0.011820412372489894,0.0034270308168395684,0.019419732323497044,0.02959876731011307
4.985294117647058,0.9021508204880466,0.3716368183792712,0.08711951832403095,0.3009421031327204,0.34294990009032555,0.18395855238085812,0.0,0.04005749270412954,0.10260661400932287,0.20890625394766096,0.25347038088515794,0.7066992432872994,0.6066078690523495,0.43381608135091604,1.5619046771580964,2.0445001259279496,3.1102020777278874,14.3864991819488,105.90359950728042,10.944820687611347,474.2363325775033,1448.1793153349015,575.4728273504454,1594.501810453884,1691.5175120577587,139.3376473396215,371.32484943288307,159.5733927211891,22.885160877942177,0.0,2.070381000257581,0.6116048566500044,0.25253282312431213,0.18902036278041243,0.1284876623787033,0.015297635246854846,0.01233084949777706,0.014085294883043614,0.02279989020239841,0.031092386790604415,0.021487449917436834,0.0052026843034684266,0.01285258013377923,0.016018311361838216,0.053477505829579663,0.04749929861015508
5.0,1.0764059221991178,0.5920617861722058,0.38889760792275596,0.15515825665588706,0.09698373295334203,0.1962981069235481,0.0,0.17562569118840365,0.04814319659472737,0.0661221678075279,0.8659108426372528,0.3460130495531462,0.15232880000422594,1.0394013190897091,2.2462238125233944,0.30257219255139656,3.262777410755893,6.863272450928237,97.26320879204422,29.730587454898625,154.39967603164615,637.8963140577446,301.56583942990767,622.2011970145107,2555.5441711331537,1497.388902142126,1128.2766266374583,425.33749672412455,51.25243573595438,0.0,0.38636567784769243,0.5434257211945859,0.28178444769708394,0.3183697077417333,0.06933589199067702,0.020989889505791337,0.05691390752060374,0.05605959494145199,0.13717697416279165,0.08685248434335162,0.015125570602338042,0.0017609735342501624,0.003503566355359973,0.0302060860743025,0.13325124157994359,0.6684190387049335
5.014705882352941,1.3298717876564061,2.9866411791308414,0.8268281172546306,1.3798069222039486,0.731101898533863,0.1215555889126957,0.0,0.615733375301259,1.1451079682609155,0.3649219430080792,0.42537221415979837,0.15604297471349698,0.5304463541157943,0.6237484910428239,2.0936051646374843,5.6905821349866095,9.401993957332904,35.11336142875215,81.38685536755094,26.47593264572778,67.27803853814324,160.4196004956092,32.5146295982792,97.79768318985971,176.79248522018224,46.11588690885172,826.8028845643098,878.9636658400709,423.7502875961363,0.0,530.48838711281,342.30244459648384,71.48762815109384,4.344372135757695,3.538772665052086,1.9057167988194834,0.5850824867354644,0.448994195640778,0.19306254715684545,0.07062159088906761,0.05793318859540585,0.019853582388632808,0.013138627388922713,0.032172981650744885,0.23703458957905624,1.7403027548815693
5.029411764705882,1.6892232115385297,1.1166861265820702,0.48515807213612183,0.8691931045201212,0.03456033394936391,0.47473011689891503,0.0,0.23702614900141564,0.405748119544024,0.568132070195869,1.0041335029962286,0.75566846473666,1.0843532155976099,2.3704979800961725,1.302048103966638,3.5769713101498,4.173605772800752,3.1554444358559266,27.00744759261285,9.415308070444937,2.7698510740858264,13.258988576696773,27.113729267480515,23.404089648905988,19.34815610251102,52.405865791651856,107.60218284740492,85.01191728523409,433.2698494585849,0.0,813.8708809465508,337.71094352447705,1385.3791501088301,301.5768266025983,33.84370073732106,8.390366551689091,1.7863911812200883,0.735731827172762,0.03942269942089651,0.05718070617297522,0.05932622123539391,0.026928138953645694,0.009010504027736631,0.02846264359520721,0.1607003312974137,0.6769560639142802
5.044117647058823,3.297267018526668,1.3031819986069462,0.5931900113485852,1.6656887545949832,1.2123527870884223,0.6681688793808205,0.0,0.4609028046795471,0.8729835779503253,0.8109375569118588,1.122709130450635,1.226508361091106,2.6816628931593898,3.3799186201438753,2.1605797810622382,4.416129421697303,3.3100922697701165,15.022136979760234,35.00881514251485,5.680362505091901,9.221474949614977,15.12416957169653,31.600756143344338,158.55711051734306,166.20683519527404,122.04660996401907,369.2025067669439,278.075421667839,197.90314737673827,0.0,507.0837017823504,319.55503474360285,1328.7186876990277,1214.562866036602,167.71447591649795,21.861393870285138,0.7626205180140018,0.060679773246540676,0.23019841063510535,0.04670637554175394,0.007557319630923131,0.0074411805325104215,0.014850563160044586,0.03958706101949029,0.038705125471882325,0.105803251717105
5.0588235294117645,0.41208639747985937,0.7935418242106012,0.6138324905220627,0.1653933267581132,0.48330715334717367,0.49518596528994163,0.0,0.1627980816516273,0.12025459666081198,0.213434729232957,0.06674227549876702,1.1705584100937332,2.486074261021788,1.6201616159006673,5.677801021479329,4.643858337801777,3.8744627199760306,22.901827770942845,28.09911994502703,8.344100121319048,8.993338679107652,30.842093410471225,41.01547936054631,2.7203072865905655,33.84964527355382,342.8656400936444,285.37500849733095,36.87607898669022,146.78885009065417,0.0,47.247058076506285,91.91436756848199,363.5941874491555,247.25619966871287,18.14331878517139,10.135230773758076,3.2057566492121294,0.5244107534703293,0.12695003607479896,0.0038384710025841117,0.007530697734670254,0.0031075007460056427,0.005775164542649084,0.011804920961595522,0.026231032967184348,0.035536318622586646
5.073529411764706,0.8188405345375915,0.38368106455761275,0.2591372952954164,0.05954748969076007,0.2143037727830419,0.08245132438023567,0.0,0.062162926325886624,0.15787980533152834,0.4632807387972812,0.4145414563881326,0.6030196494627624,0.5984361803180707,2.5325987989929177,9.184915993829378,6.886536370070097,0.754019083881354,2.8136814749828263,2.5568492229822053,1.6677835391452722,2.007028273251642,5.5053882297855035,8.534810214002846,33.348754689372434,1.1325252746922705,91.81558118267935,65.58216613739081,13.477210070694426,14.0425444241359,0.0,9.100699792558967,15.043941119837513,46.49676331502263,50.221918244992814,21.4042166123458,2.348047266432644,0.6883815087718692,0.12915064889862596,0.0474059984628359,0.0075489923526515165,0.009091057632012057,0.004551616243676684,0.00605871266457073,0.00469851844345878,0.03761855480625044,0.35620478295773833
5.088235294117647,0.38354776897427356,0.11567909175004185,0.0961963901913536,0.20107902563970848,0.20999111695575345,0.1908620381264614,0.0,0.3670376988081233,0.21725561044212743,0.3288412040984036,0.3321384555442771,0.17327380936786863,0.2881830868547878,0.5826244366631639,0.7643217531169821,4.445149496180071,3.9974810719811282,5.938364096012332,1.0334347325371294,1.6672234834151407,6.8874245287391425,2.254444857031011,6.467950902804583,27.34132471337204,7.012916633455989,23.539462844634723,15.497543876693186,54.5650299362824,69.97127961307129,0.0,7.823450174923725,19.52458522600291,10.933503442567938,1.3925975755381867,1.7357516661972003,3.2912310420282385,0.7805008720714923,0.0696147407880473,0.02240304053916783,0.006119965598128294,0.001279215935154115,0.0030014598327243714,0.006506884649878462,0.0031535412380691483,0.0052394813796487,0.04163352990061463
5.102941176470588,0.2376913224217823,0.20385747220171946,0.05270070628067818,0.025964893458756667,0.04270478796900861,0.08063577513093986,0.0,0.10346202281146126,0.17032067515280228,0.29763834538081546,0.09784304726759922,0.01517392878038222,0.5182617523279756,1.170535928783098,5.956839859063712,3.3692508745426535,0.9895397412499377,0.9783940994669691,1.4644765438757623,8.206145041532992,10.476244516339836,4.154435904765728,6.7978688605196576,7.497572514133266,3.2627482270372887,43.233051452117905,65.35722003197068,39.76971138042917,18.484222576147886,0.0,4.8608742935301485,0.8408591513857273,0.3601386345859106,0.7695758154346526,0.49636200923987794,2.824317507601344,1.552335333767776,0.13964933859247466,0.015496869436626462,0.0012671560474527607,0.002024379456256748,0.0034801548458989907,0.0024970926748791385,0.004373608993925567,0.003955420563559243,0.10825993593912597
5.117647058823529,0.2916329566358077,0.04722768551043201,0.02946319490698332,0.072883035986619,0.02241621194090079,0.030356911307432472,0.0,0.017195707082615353,0.10316670882547242,0.13269300184890945,0.0756848086671974,0.39428894991155333,0.6222820014864364,5.9881923908415935,4.643961050207806,1.675385271600788,1.4202603406857561,2.8484477537854422,5.951380418537395,1.334131225050413,1.924704516639311,8.218002136546598,11.521668409647226,7.383054405190512,7.031003401975667,3.4972551082984804,3.54276962480873,0.8597618550271118,0.2587182245473205,0.0,0.22082248817416636,0.6300717204922355,1.64388193060228,1.1710926546522051,0.16455928198126887,0.22160506085084491,0.249288602557319,0.022890444331475523,0.008916729289920107,0.003248084998645272,0.0020813793266602062,0.0016227030315361934,0.0023893058454411576,0.0034409382023958537,0.011613013039687379,0.07910732825380015
5.13235294117647,0.14614679584916124,0.059746472070293294,0.12523253844764728,0.10144985898152176,0.01841312044953762,0.022591303075990936,0.0,0.008914033446399024,0.01795232930801136,0.048153953841157955,0.2749602603377449,1.262654692640603,0.5815346040491955,3.719449639989114,1.2608681145165135,2.3417590156246693,1.3409350660209514,2.739659673694182,3.267917104196041,1.2972742084073334,4.030496965613207,6.652755669521188,14.701057359499138,20.01353374862865,14.037406177999339,3.6008396817190267,0.5028921207770978,0.3806733334766972,0.10953439336372536,0.0,0.3969847534109954,0.24685698453314842,0.3666507208628773,0.3475368103821759,0.04422784883572709,0.07289741491303256,0.03241293737000244,0.006765763933541932,0.002073036069734913,0.0023235733571678576,0.003671799208972151,0.002424637605973257,0.001103554728333724,0.0014594536519310795,0.001563832623713622,0.02813679992811307
5.147058823529411,0.8495919089840479,0.4979348933776732,0.40098392071727773,0.11885290699030165,0.11264756500819506,0.13967792852257616,0.0,0.09074915113860582,0.0544802471463312,0.04984933148971482,0.01117916741476119,0.031926593630925766,4.973375862372407,12.849995236247453,2.2614887556814427,0.46396026196780316,1.8358294792989138,5.618476371876827,20.76819183074574,6.245814846577833,0.17454147999101938,1.886822684413111,5.63805717011238,0.7475384445241402,0.34426261744714637,0.5991532001712674,1.6531229928089566,0.9898702991876376,0.13356364732220755,0.0,0.03801958547559228,0.07166447659903005,0.17126860450289272,0.1622366328217783,0.037066168053960645,0.036457901220000616,0.01735337653881573,0.0013502609084618394,0.001951644383160387,0.0017209103535268018,0.0017435586648325105,0.0019486389455984315,0.0024150748934977173,0.004131185926492169,0.015902301331419386,0.005448271209332137
5.161764705882352,1.393817125937665,0.4073240268281748,0.23527873536327226,0.07977525026368637,0.08044652737472247,0.022531761999344934,0.0,0.008271572292124866,0.008128868591404144,0.023140983016130323,0.03810286383877929,0.33918864165663276,1.4021545213400621,2.3766368924360224,1.7789339891396707,1.2398368064229297,0.413718803456273,1.2277989961111526,12.17833366494543,6.802266927491796,2.85612033876953,5.794847047834446,5.76539613496069,5.812760442081835,8.951964931138528,10.72561772164285,2.0041751167131907,0.07457467612001051,0.12392931372672514,0.0,0.028151917578715473,0.0032471596661598208,0.011001451805375307,0.03442751960332415,0.021656867715056052,0.0032762467184538286,0.011607755256773431,0.006365522872274678,0.0015093058724980183,0.0026246646045658423,0.0028998040218492635,0.0019328560028847135,0.0022485132539562702,0.0030706313775104256,0.011047884509846832,0.04057177499223244
5.176470588235294,0.3032378622079845,0.5720314961555952,0.2536622791394059,0.06343087342623807,0.03556356922342101,0.033746906785676795,0.0,0.018465554721240864,0.016827225367952215,0.014247307251089178,0.2998817512266253,1.683305127714855,4.308092702791128,5.916630023658947,2.9447247818976576,0.21010674181095715,0.8711706572897827,17.700819381849417,66.63035226456867,38.456777113175306,6.986691897606169,9.288859722012663,3.8633571394488193,5.734975589026051,10.37045571324834,3.8974982299459824,0.03808057997388732,0.13314390207768606,0.026404765475898314,0.0,0.0675550666689958,0.046904074336561616,0.023620723570933547,0.02333796005344434,0.010468125513150328,0.006781341935162455,0.005198103408239249,0.002836395800491839,0.0032591809801917177,0.0021856599919545107,0.001209193067643194,0.002644912980583622,0.003997682191735649,0.00132981758700566,0.00385199356681577,0.0794604983806702
5.1911764705882355,0.8227512493862394,0.37170405591091116,0.04342634260431011,0.04248129410239054,0.09234212449717627,0.061477745704104816,0.0,0.008093842907311027,0.006244402255739773,0.013441921308579456,0.2097752540216376,4.048238281343827,11.234991462678707,6.4921822513242535,0.19210520155677968,0.13058756584554412,0.7940079305495478,1.113642780337619,83.88169837875557,316.9441133982816,121.01154516460429,3.5186383137050967,0.9083105263451148,1.518604644461409,0.8204754423559324,2.521032976002416,0.8748870409897482,0.42300482202661893,0.03043132792126218,0.0,0.009350244610602278,0.005316736412027923,0.010676309121256826,0.017251062434854497,0.017721512911238073,0.010811604907662763,0.007473783123450117,0.0069988359492604915,0.0021822206811420433,0.006449556040097247,0.0013658992835766377,0.0071692237731480766,0.007690139382380649,0.011449292609767472,0.0568682809358851,0.1494400192381508
5.205882352941177,0.5712141493826575,0.5436780936369671,0.2799364626449853,0.08812634051814892,0.0255073291864639,0.02436612251498192,0.0,0.034585861132686094,0.02011485645482656,0.026656380844735275,0.12193161570800642,10.340019678159507,32.52346123414173,8.6171017468296,0.23420982877815638,0.6885756166371388,1.590430165006982,1.549934765901483,19.30045728481202,309.72317054161834,224.7623121452653,175.1505308929116,264.54813098590597,180.96225291134826,61.39159383313009,32.42497715742776,1.7886930348094365,0.5921821591398293,0.20800748821294973,0.0,0.0590041993233012,0.017225036379745425,0.043171283033506765,0.04593647025085396,0.011330003526570907,0.003910120033759092,0.0028036909285900137,0.006026166791449025,0.007606369503472011,0.005523918234091261,0.0015094311512102755,0.0011733213116647732,0.0015700736490959137,0.004929365628092061,0.014176386964905434,0.03259210019983616
5.220588235294118,0.2423486519783436,0.07993121543651532,0.16064920572176142,0.05888082179692673,0.010451827061177563,0.017783096413885976,0.0,0.018880313530034172,0.03976429440217457,0.09322125117493593,1.012137562406541,9.161037728407223,10.27195265566308,3.1191042057461416,1.680895003411443,1.4274895850614984,2.1131455318620453,28.060707367272812,484.18630801516514,2253.7737594560467,2099.5648372697874,818.6054307220525,810.6904462143132,334.48836011284686,351.00665880011854,779.7983552147907,425.79182892975774,117.63533890500631,11.15345290815213,0.0,1.0564971817859412,0.16621730328007406,0.053442644517644716,0.05403723415919052,0.012801373859755643,0.022693497929460373,0.006923975899143406,0.008192132047622471,0.005467156828084762,0.005334861657244429,0.004027719537354587,0.010171123571568548,0.006582373415001133,0.003462657068251301,0.008523908185445166,0.0580254131613512
5.235294117647059,0.274156902266032,0.04126127811326797,0.08195487147211616,0.16895941387815608,0.10229413642459415,0.06605793423915421,0.0,0.0553929304412797,0.09308864852956507,0.08811286039269695,0.18453021057586383,0.3378010938894297,0.6510614539163012,0.2172470843521505,15.519006912083356,40.38242229313585,21.535495481879302,9.99699915415054,134.39696648388434,68.79908872487863,84.28564114482172,1092.6152661120384,4805.407134538387,7324.006193677393,4539.29720375238,2063.598150740538,902.4315829861723,499.84923029895015,243.07833512675387,0.0,117.40306472922474,10.376285013474119,0.2497664523970971,0.02521108393521207,0.05688061453358881,0.10987579423069288,0.04007835026010613,0.0026778617993089074,0.003877958891324998,0.004283498432088724,0.0035189404400886607,0.004656892971384996,0.013493427545822879,0.003918708208613524,0.007726297996427346,0.0630056836219372
5.25,0.09835257399443384,0.08592121629535233,0.030639337164691045,0.021502220863294244,0.017267781935466495,0.008228973210435414,0.0,0.037428666752504745,0.006538358204894388,0.01746718125930166,0.045155069945801624,0.05852017458374702,0.15276913901970257,2.076551001349498,44.09912162884257,129.70565229497652,41.889496074540354,8.333987417505755,0.8849368620882822,9.242653504378888,122.47973050382762,162.13357347512311,169.38873478690454,376.57209456093545,843.3918997264631,3144.3665636560813,8713.401615370363,4505.1388409028805,229.13403816719642,0.0,37.13957069288176,25.664225132532565,7.3147570614810915,0.3927812048952367,0.03131694482065869,0.005695825508877183,0.021359928045866165,0.00509010857973883,0.00333630567495909,0.003304178239630239,0.0038209077827027977,0.0038931088174568675,0.003413310664886436,0.007125265625486984,0.008345871026489496,0.011832129515930784
5.264705882352941,0.17432992351957183,0.033849895962401365,0.07484747852871516,0.11012667243569252,0.02366226233494986,0.031480223963932345,0.0,0.01633288985937428,0.03962523745906857,0.03544734717148624,0.03983818534219147,0.023851049748817788,0.09215946805693007,0.4618730223938329,26.88760107237423,103.97587827371835,19.496826335226423,3.693677360228709,7.2239403298719385,14.393123812831522,14.71276407703758,35.021028482129076,6.989130758920558,26.307627990248562,194.39374705370852,1483.6858007524343,1891.8984816962889,381.3963801755721,297.1874852577662,0.0,5.87059291377978,8.260058419396584,0.915546961535457,0.7652310552842272,0.16446287674583931,0.05242061022524042,0.018038649221617527,0.012471430948764342,0.017292978377680682,0.008232586874020993,0.0038855500791207037,0.0025200983104665996,0.002181674746647823,0.0024584286352167537,0.0050164619112615895,0.010451615430950783
5.279411764705882,0.08355831038781479,0.1279248723972896,0.09853982817960347,0.11982331700974483,0.04171770542508427,0.09995115416141652,0.0,0.11984654598451765,0.07209071302585841,0.09967819980812127,0.09037539725595035,0.06795735565606072,0.17409725823721928,3.033805073684566,14.04240550905784,32.61022651880943,5.011887396488109,5.411233783257893,4.892925206402157,8.464137959996314,25.2286192881751,131.5602535707863,89.19510424590584,6.743924636846741,41.02102411718196,169.4612550173119,309.540154106042,1028.2537551928212,1013.235558973586,0.0,236.50009663907372,30.399525273949713,1.7431451372899929,0.7598781871491206,0.09430123075770624,0.030384530435185006,0.03279286588518396,0.012283905001301861,0.00833180270158978,0.0032758286193869954,0.00297229111635652,0.006927259606355494,0.007444541058521524,0.0030858704251050762,0.00774459001021131,0.03412164119445041
5.294117647058823,0.04634542557076573,0.11015617102477221,0.21306835882715242,0.20474968266968568,0.058084721435274926,0.14644333173138177,0.0,0.18230830641220452,0.18984186393281227,0.20288304095346055,0.2154194519780948,0.155452356301223,0.9139333642268617,1.3531338772376407,0.46738000032135496,4.198740635887765,14.889480288120833,17.38832645117009,3.59744799740768,1.6287966849252773,2.9536782189366755,16.155016748234722,14.745867983072218,27.957972283997954,41.787704982664195,49.16997072204829,94.56575896397601,116.79618052444377,64.17297384020031,0.0,119.72166648384383,13.844749436911325,46.54523829071498,12.960016341584154,2.625224428059151,0.6339784138176952,0.09645694685076024,0.08395844960870318,0.03117396086123617,0.01804011805786184,0.01532222894902201,0.005270082627011024,0.009326704416924382,0.018479364868695034,0.0008080763189809209,0.07027652910664162
5.3088235294117645,0.04127817503924628,0.06951513220850104,0.16635428054866805,0.16781646117142887,0.24103840376778052,0.04478579787446697,0.0,0.15110151377469813,0.08511513291416442,0.08865974210501826,0.08040554746910822,0.1949964396108093,0.3637323756633529,2.5597221777716306,3.3013519082674496,0.9333610626534801,1.3166023140232261,7.129419999186324,53.2269305586895,23.617426551886684,1.9592446346670322,6.596354413501466,27.841490274230708,61.53451232492811,73.9396355809282,46.651054359007645,21.86852139934193,53.36917574589613,6.671363333926399,0.0,72.52602096026467,37.74784123776237,7.141550805302195,39.25949254989604,33.23310623606294,3.655234239564084,0.19857505625851432,0.0516148145180033,0.02395497306195156,0.013418448218468701,0.015456780404729989,0.008466017944290938,0.009738208337958238,0.024435650727801964,0.01429717936805012,0.06989323634120481
5.323529411764706,0.22686226557071446,0.21121143372052698,0.08759944177617117,0.1551931842369486,0.0930476742760839,0.05611609789694216,0.0,0.07016356010547081,0.14776765739439662,0.01398206018697258,0.33106440247648766,0.2802218664603922,0.215215257983412,0.22686050000567523,0.5306548913975221,0.9174257455126473,1.9198569552161908,1.7144768699826936,38.27011970347086,506.4547303653437,520.8046940921458,106.3764354829921,10.945720955418675,12.217063728325648,11.716877381502979,6.491637577426502,1.5822500903483925,8.950754937597484,15.01773539670943,0.0,2.1849083794447113,4.49969606033169,9.516502894894819,6.604849074369344,3.2207337845922366,8.087811163359332,1.217365234989897,0.257798948528247,0.06786050544223945,0.015483694319532485,0.0065981264190115435,0.0022494809606131575,0.004391921461374353,0.0050604620524417,0.030753203980379906,0.02505472192044204
5.338235294117647,0.4120668947632826,0.31547546265499904,0.11438781930702087,0.013471102143076051,0.045821713984439655,0.06583683992389891,0.0,0.021739944410530024,0.04595192332231598,0.304574381542054,0.7967819971422105,0.888560228121458,14.37293538853053,27.16973921876024,14.041937758087986,0.5818475009651476,2.8893182608320007,2.078123574290931,3.619902327726023,160.65670075995467,1534.3684670283126,2913.943546716632,1484.909763820007,513.166613853447,166.15350043719837,46.38625583966121,7.682964137841358,22.59250926558178,3.115529116692459,0.0,0.5761762311114612,1.7295740990841844,1.5615484479603863,2.295348771713976,2.026999447665939,0.6750431774759804,0.10997353912881361,0.08178342409481154,0.00748965378228701,0.024856502849544132,0.016776997904127584,0.009361736765299684,0.009570276039752142,0.003338548320227491,0.014929107131481597,0.007271614626732559
5.352941176470588,0.24101058551540622,0.18024851376039108,0.046357061618911066,0.06742906738373021,0.11037914559325449,0.06423319725876213,0.0,0.06686190298087889,0.04201415514151511,0.1807998341270457,0.2194928184501897,1.4082685958621899,2.902402556377794,19.774018192383828,6.483937513282829,3.5630002161732577,11.859015934871397,14.484518487862069,4.091340144993078,7.365831834569033,45.17330693999503,46.24792073255111,353.2543705376758,1416.3757703591257,3181.444915636538,3298.7072631845185,1174.2683673406857,211.98124752786194,20.21816868619576,0.0,3.3843551649672996,0.410012087944451,0.5038590871863313,0.3501035431695203,0.15410925985895108,0.10212725615228567,0.05272344096549779,0.019969253539482968,0.015569195720256574,0.005880289217327874,0.0036316484851728983,0.005318892794713093,0.006934880674238854,0.003866759979189907,0.015627169183991332,0.04205719754497651
5.36764705882353,0.349208698769105,0.2613276241611632,0.19383557960299463,0.050099701964211846,0.054637244528586995,0.0818519902604462,0.0,0.015970774266175793,0.009866919493372189,0.032479927786983324,0.1794438744208385,0.7282546860901935,6.014889795974069,2.361099510076868,5.001956580809969,3.6048046370972875,2.805744593437451,10.628505705330426,6.388849774418608,0.49425799683369787,1.1534444926413012,0.7454087432963711,0.8600404305354716,6.883679714555056,51.83315844584945,973.0516718179133,3277.3054004743744,3061.905091595905,542.6196048322024,0.0,158.46688001534488,29.38696794359472,2.9463923755754666,0.7273974305308721,0.2184926989122018,0.11084753744691997,0.08861849776343096,0.11520457118436295,0.047778371457854504,0.006110616683518101,0.010249853595488238,0.006863362656895553,0.006659266363231813,0.005561294073035024,0.00741381291707393,0.049292841013017896
5.382352941176471,0.21283588518039404,0.0613917451374764,0.058371857892340416,0.09559783036147139,0.030669923446456138,0.02086614280476287,0.0,0.0278067102199678,0.09306472906185903,0.21441764301175298,0.47430341631204787,0.295224855524991,0.7451411242714912,1.387515783751515,2.2505005320790574,6.415577530010617,3.7488834721464643,0.5109989619719908,1.2547391666997658,0.2853846585070704,0.16964429364342645,2.1204539701654848,9.00688916100394,2.1001960518086493,33.26750001132963,40.49638328128355,130.5728134658822,133.68637237819758,901.4452303261253,0.0,1320.7646004717485,277.4679390579049,72.21316569903169,14.248829561105463,0.31060584166586613,0.049867568887161796,0.0371230566151716,0.008330120978539933,0.010940999619772572,0.007305012456915176,0.009733405449791233,0.0007476080114378992,0.0013593154100530734,0.0005708548322435966,0.002155913494035362,0.05328946527386122
5.397058823529412,0.22442655308848908,0.06808968643861668,0.028730645066323203,0.0562374001180927,0.024351207055001753,0.018882120508765303,0.0,0.03547435771841398,0.06996437298137188,0.1491900790461666,0.20773923725770915,0.5530423878803925,1.308137196884259,0.45796055958817616,0.3816596340044504,1.2397820495238974,3.927450649883297,6.095507644417714,2.138466341792356,0.10847487794630598,0.27979997138719814,2.3594942503016587,5.560384190671631,22.629667033443578,42.76391156973358,78.10675697104476,104.349240067686,6.267738990340797,77.79884022209411,0.0,11.800974409673415,103.87586768990082,36.53684187555794,10.547388997017062,1.1465227315043016,0.019508854138346646,0.05158661268242399,0.02066006045341577,0.016301564552187633,0.0064497685173002545,0.001869754087239449,0.0013385838596049412,0.005685082545558139,0.004193589186023057,0.004032595456761374,0.045541137460064676
5.411764705882353,0.10925922039580047,0.1859860345127916,0.08548870618367549,0.08880300104002699,0.03673678904768846,0.015381362313930995,0.0,0.026677340351288915,0.011305359935589196,0.03454175500196163,0.10976120500006666,0.1356591191162148,0.32218632154662247,0.7820676824230022,1.170763329031421,3.324944085078831,3.629638430827126,3.427381052874922,2.8213910781829865,0.9318015877464004,0.665138577375463,1.8817443466753212,3.008230392772746,0.9707333474630685,11.947186418314837,26.753332257123212,44.65604494981686,85.82898559658264,97.77860485622142,0.0,24.54805630625395,5.9983732339127585,1.529972472601436,0.25963554543100037,0.21544213900339534,0.0858091142635611,0.009300921097924984,0.009828781544327625,0.016748991781207215,0.0028543005364622016,0.0033636368382895633,0.003081222729715809,0.004992388017369035,0.0026117742798801827,0.003760633846131024,0.06332461442451047
5.426470588235294,0.1117289287479556,0.06256243052760824,0.035287847524567706,0.04096115081645559,0.03819933138925976,0.007391179873958077,0.0,0.019554520478712874,0.034332037898948856,0.027015757611370712,0.21605911396335054,0.2138163246177739,0.06923909536442956,0.688162363087712,3.1964681696451294,3.932678278220825,3.7412785616267676,0.39003539912463614,2.525314480671391,3.2131206083572126,0.43825181551889436,0.2002647103142945,0.7850559842636304,2.6686431976327487,3.1507019088825077,2.6116436744532954,15.959308468286872,29.472883332692135,11.333495635503656,0.0,7.290448412766167,0.9991548925171565,7.485174264251668,4.005576390135932,0.4171068417076322,0.011902468580567233,0.008066712277695108,0.004244503509020311,0.0024246775581093973,0.006195137290477614,0.0029928603963655606,0.003433419267946652,0.0020738961121832137,0.0031024311081220926,0.011844695852983698,0.03308870866560161
5.4411764705882355,0.39091209543094435,0.15649641262907577,0.05111878576769867,0.018896060688292537,0.05106278625760326,0.020001012349065837,0.0,0.025227428851916353,0.04629565804223185,0.026187363517246022,0.09303339313218437,0.348988227001651,0.33426506583907245,0.085614279188288,4.911625809510752,22.963360826463457,63.62412742173851,18.165321764781105,4.626139097343957,1.4194105109883477,1.1680806365759386,0.7857368680985279,0.6928870928938815,7.207881092627982,27.42436449295429,39.95400292159843,21.72404160831076,61.424448569085044,42.39221973756375,0.0,1.2988321901291546,8.29784259039359,0.9129185404478062,0.6065508883282109,0.06618075776447674,0.0053226222517411105,0.00673612571260814,0.006327155773216528,0.007251245229414463,0.007389760782354581,0.005015232030158221,0.004533522495281129,0.001766628797287539,0.004775437011589552,0.009374050514825772,0.04891191431240535
5.455882352941177,0.2476605708575401,0.22661267666443144,0.13348627782215913,0.09654130186001543,0.053999665396209116,0.009930907227586506,0.0,0.019314427376370093,0.020167604182075343,0.05921087219461321,0.682536665328102,2.8149466800982603,6.237322387960093,4.818696503895264,25.829441030108292,17.91103620825112,260.2529144089152,406.80024455050284,65.20834008079711,5.9348855830753156,0.32345243373045196,1.3485554813662315,8.177794899326043,1.695367730924672,1.9456107727443108,4.5357222950387115,5.2903054996102075,2.190396503476146,30.471890144137774,0.0,12.8621095677994,0.40112713484229523,0.26582000130659267,0.10821169322728193,0.014280111578231006,0.0055282779855709095,0.003391654276325287,0.007526133151655206,0.0032956113191259877,0.0006097200887201646,0.001981403747607064,0.0025937935653553273,0.0020703009975086696,0.005909197419248561,0.0073132461475646235,0.01581330669322112
5.470588235294118,0.19760788752710579,0.06302675989748878,0.016073365418866836,0.047805728013911045,0.047710973901352205,0.0216714385077304,0.0,0.009512835104277511,0.010535882404652128,0.02937104416606958,0.0340183849388096,0.35515564647478015,6.097396764703206,12.703813613105627,0.2625869692752241,67.05919643449607,122.07609169719876,2593.408132483504,2871.5256659323304,579.6266702808725,112.21935999331262,13.42683802794809,8.705510247074088,5.8986874406838155,3.3688861004591746,6.752496937965929,10.118346068217122,13.733949160176502,4.096504892704034,0.0,0.8704694267743672,0.11715013832900317,0.025028555789271868,0.01775611553042835,0.01278746894994661,0.0010007441907500484,0.006171359028511607,0.003512129345780858,0.005178379841126181,0.005785574774420937,0.0018373386652781798,0.004985516878131721,0.0027687686704201938,0.0024167153918380688,0.0030413570406991196,0.0028791384514568704
5.485294117647059,0.07201210054323243,0.045310819309051995,0.030539510723210553,0.01575823400354267,0.023878353090491904,0.030477268624065353,0.0,0.017085155202851456,0.011276139405058045,0.05928281213512274,0.044611486355080276,0.2505041517536628,0.10019526022172254,3.1955247582911332,23.75729152761908,73.84252088760476,64.16879978199299,239.8197636781884,3387.1763834329877,18523.549269664974,30576.39262180737,15993.067320940452,3447.322206086586,329.7072757403457,7.03639264702363,4.557606311789631,5.744533685041745,0.4718812514518119,0.5513260959744462,0.0,0.02839724937841738,0.02638741207998828,0.022808315058053853,0.032258049801101765,0.004595086124201234,0.007413042432676504,0.001705169339354969,0.0011603211152232914,0.004109454676626599,0.0023352134638538816,0.0015870285252937114,0.005634058361185671,0.0036512581579213905,0.00843419905766067,0.023409821975984707,0.21879247302871965
5.5,0.061383902557281426,0.06877677255676806,0.11733211061051771,0.0463782416765454,0.028440500778773872,0.02432943331614064,0.0,0.021189718925817398,0.017765739623361317,0.06734982707534365,0.01917781589055913,0.40045646113874456,3.7130514151255394,8.22709791537872,8.92655665286389,5.997336546114135,1.586594229533672,40.925728452149116,17.11181838113925,279.87115774624027,876.7705308644505,15386.278469055993,50856.86482429267,18601.59394058187,2048.05255879107,1380.215716586349,457.80749635364367,133.79190915140194,25.757877938986308,0.0,4.208126273381631,0.9957291241066298,0.3815162579292007,0.20161906907711716,0.11339340575194562,0.022882486602264822,0.005839432850697011,0.0067834930614525425,0.0034966100105013422,0.009647271719755468,0.009989098040997216,0.0072783961814529875,0.007378712949806479,0.015849433766960876,0.05156320450662442,0.013926151335304688
5.514705882352941,0.2720257371555764,0.2716318250430496,0.22474550536588805,0.0583974958259259,0.03666621964110787,0.06548818903298051,0.0,0.07810239179581775,0.10087551047840676,0.10028623611357282,0.23594242172354207,0.32806542043846276,2.1306120014407277,1.3729532210529927,3.906040211146669,1.405723293008391,4.20515904590496,35.791492809048165,43.331065630181385,23.34295335758762,238.80500544788458,1337.228896704033,2900.830827797594,5629.864613506142,8611.766006678477,25901.276513568642,41226.42121784303,10565.082531434573,476.81951766807185,0.0,758.1536504307012,77.00786956045664,6.556211480777773,2.505616618558673,0.05904941931162192,0.28231656773935515,0.08083824267499265,0.154760100376136,0.023078375470376784,0.004362014442337676,0.013038890498974831,0.016708342594331526,0.02336069849642311,0.02252258630601713,0.002633197496548308,0.14187319800826492
5.529411764705882,0.2131032739837799,0.13104888854473862,0.06328635090052145,0.2524095004694519,0.17288953197530516,0.18015907983451054,0.0,0.5582915381393989,0.5546894715954064,0.9616777335364373,1.0640479755637164,0.48519376264329145,2.271951463455467,1.0218833393721283,5.4728884173639365,6.145137923177659,8.364295389183242,4.8654168516901946,5.40279837092263,1.7841193417738466,0.20156758333021174,4.419308091393507,58.47617923650641,328.63396442907595,740.4006672539965,2457.954107012064,15753.505021447403,9624.749721104383,19757.644022904773,0.0,12997.225124750683,2915.440781682297,309.1733424965763,23.195156552467623,0.5699254669691733,0.6931689769802609,1.0371894178209708,0.1965122165580137,0.0571833395094421,0.021776678553764625,0.009647423749955754,0.0077288356414202085,0.013179743007893274,0.021169769736747418,0.05565421809393208,0.09317712963336601
5.544117647058823,1.3569222718387655,0.9460352396407997,0.27616003454442317,0.28843687918720873,0.6366759928562084,0.7454840833436882,0.0,0.4721019582762297,0.5448253573304286,0.3804616958975685,0.5270161619445887,1.3760490822949296,4.214003514625119,2.3266049374315774,4.019052390687992,6.289628146999508,2.916646050967288,1.6183610685574041,5.403493742091962,1.0369001654588788,12.790337525042615,5.582674342550408,234.03775173103173,508.84622692177584,256.0162620720604,2252.3925219871417,3105.552797184807,4678.259098577126,4274.919597260337,0.0,548.409393286001,853.8326231435203,178.39293763099283,25.636527062271448,4.881845407410463,2.685547854407316,1.3219109977398813,0.49989945880700615,0.3081116180022131,0.21684875071744036,0.10229912548287316,0.024184669752925676,0.01619853243986065,0.024223531426635546,0.045750801204552334,0.15810231806995625
5.5588235294117645,1.122003292486816,0.4414758839520496,0.39196424718893075,0.44255807985407924,0.6702352927665014,0.7993976002610068,0.0,0.5033447905717464,0.14508230383460835,0.18701959353709877,1.2446414010129276,2.355980489269382,1.527299329320826,1.3091659496159567,6.509416369506045,2.5458569791234194,17.61530418231413,35.44587135958645,4.8566615217230575,3.607090834207103,9.757423266219975,64.4300573560613,54.91022798440028,206.1590754183029,80.49392752215084,157.50387256643478,303.1605143861607,400.1649115028307,1072.2447911367904,0.0,486.17708120050224,621.0403833394574,210.96190563303563,336.5629545813728,43.46903528685897,5.900595226766984,0.7864469709619402,0.011576629337842582,0.08051057966906734,0.1124492296127192,0.032991376898841455,0.012433210958071499,0.009360296974026723,0.018705258118635982,0.06991837155355834,0.2888192122597933
5.5735294117647065,0.5342289749259749,0.385409772765613,0.5587317098734944,0.27178794887267144,0.16269741199467175,0.19022724788628595,0.0,0.285409405797468,0.2216149438628528,0.2122770861733758,0.25160719161577744,0.9661149122007224,0.9522037448309763,0.6401990594286863,1.5852957219403874,3.5369853837059764,45.38513793633638,44.120526270573194,12.607298847807005,12.204857956542813,0.778142414828956,7.021733413797008,94.23507663310338,136.12260339333994,258.62533789585643,591.7671397246072,462.3951173327499,41.24481908521554,216.60412082937327,0.0,440.9191787158443,1526.131051125847,648.6663769003308,52.10134063751521,131.7449566378781,24.685635403759647,0.8471403708898682,0.348888206994336,0.3815524115299359,0.18418574465861398,0.0592029668370442,0.02039264579558695,0.004242775827762419,0.03881876085770579,0.05769268879809299,0.009442742556881644
5.588235294117647,2.243774888693747,1.3667763385188008,0.6259891039277217,0.2459677484910102,0.14356412313810904,0.26708692412287194,0.0,0.17888316436636278,0.1331838809716565,0.061159158560656436,0.17537533591018273,0.30095870901057786,0.6566884248568723,1.9560674358474155,2.9396303888946687,4.105229896624144,2.4060974465817515,1.4798657829096227,0.5461717049934007,4.743999484381467,7.126753256348561,42.76284114208876,2.7684634837907565,30.18934194046311,8.572497320585855,150.9138991248915,207.38343415441074,100.80696740766655,214.4845801344599,0.0,271.60174587935575,80.97391275660968,56.583415035915834,30.059529523435707,5.494602346901647,4.34023073439256,0.5134118828618215,0.13703744993311323,0.03494473117994532,0.003338652516617435,0.002020222228535046,0.004812123557930838,0.0018611752860632005,0.00877723335103089,0.05485488319385697,0.2846922092261589
5.602941176470589,0.374977362888457,0.12087068784917221,0.519989807551839,0.13817561184567057,0.0942437021822822,0.0703752952952589,0.0,0.10652802224071675,0.10812757961110517,0.06524775190077467,0.12047761756054365,0.37911808129649993,1.945247766353983,1.3451779698865953,1.1684438923587548,5.948218249479092,7.078134588138121,0.2476206091756963,6.119117560908734,7.325015440841716,37.22777455874645,2.365054333040495,5.852242081440636,3.18904277796538,38.06695014812973,55.171392839588066,86.84289099554576,14.470016673852793,35.16786094742858,0.0,17.965192603818036,14.657309085202314,6.973885802791089,8.446128669040835,4.42308301383208,0.959649440182287,0.2661650550733149,0.0962961167582283,0.03268304372329331,0.010576943522237063,0.0029779608112707654,0.00592291369086323,0.005616084326410001,0.008299872229064701,0.009736086932031502,0.03236001155858055
5.617647058823529,0.6844225185751752,0.3246420056754085,0.20414477079198695,0.151575216184035,0.16366866662840718,0.17257918797993888,0.0,0.18259348656753038,0.09704297263459437,0.032063750358111334,0.12783375853719398,0.06500676230023972,1.1800540986487753,6.906745755755843,20.654710909861876,24.54607316706552,8.734364303452296,3.27201321793519,6.70368805003724,13.971015706399031,63.781893094071194,209.07080734668682,92.19401070753166,13.216767337947655,16.9241786960012,23.406721912413385,101.9964118589925,29.385754229798653,3.177389712073402,0.0,1.2922092790481106,7.134561254040457,12.885496926597297,3.60945767729619,0.5132048671069963,0.33625909845465973,0.11910458800295948,0.04607008680518461,0.059927173038446954,0.040734358379614984,0.006305953358885767,0.014466742670853861,0.007365747003795194,0.0021606658127680148,0.01106537115902959,0.012304770676620202
5.632352941176471,0.18518951827668698,0.018332178780029896,0.015826473983131025,0.057546948932421,0.025305789010665786,0.06795874970811819,0.0,0.057781519870493625,0.024735956384434543,0.0779481021535891,0.02130953071402298,0.4603724310297176,1.9089076352689955,2.747276409368981,5.087071971575982,9.255898498042875,125.54084173944324,137.01173374714838,52.73580318210076,25.730591901885553,2.960142112434961,34.537713406908146,354.13494948015705,893.8922753523905,585.0983138000774,359.00496243098735,40.55843247203422,22.1029036182225,2.1891281844417607,0.0,2.4289785748720876,2.6365407242701564,1.1995644223698891,0.1238109723928308,0.033505763659481755,0.1780948730899873,0.12629362322886933,0.015575621787658075,0.0102418655701827,0.007802707042362258,0.01003496617626179,0.005274730916329778,0.004122451472652094,0.0020102543101251525,0.0019274400174447144,0.017604715563222805
5.647058823529411,0.19919084951985072,0.041299487802268775,0.053424947551742,0.016205482699216834,0.05086940382545534,0.020843687297476366,0.0,0.03263875970519703,0.01000762990718284,0.06003505380357446,0.26514976772845683,0.14275523370587231,0.4006284380838224,0.20026713317348313,6.594466559402776,9.088876759686404,41.941417704939894,538.5924400962843,541.1886323029191,50.829375453711165,16.088760832617574,33.79340486719535,9.965483398429,179.589452131986,857.5467447780372,2313.531721016317,941.3169816567324,94.49188411289434,29.715315299664557,0.0,4.81067537869219,1.020295805114121,0.5124703274868625,0.5173267186859851,0.2052745743337432,0.0510426234129606,0.013070873765998983,0.0156415838131286,0.02718158807695723,0.019035651149436457,0.016554140144866496,0.0026385500006275127,0.0026084293433155364,0.006739019574764889,0.01624341754315574,0.023896438625841256
5.661764705882353,0.2275151218525039,0.16662256701187858,0.038248070513679525,0.027125057567372626,0.052021229865021765,0.11403735340241228,0.0,0.05739891369529643,0.07402178098632876,0.1434885684446129,0.14678884004812792,0.4046696414786154,0.6172822126095512,1.3899310309174404,0.4726327455188641,4.449656843514127,26.762152240230154,136.92137491220313,19.018501977449162,31.613933600742122,8.34907874015341,7.8988320510406576,3.2218625717438387,5.638840616102536,60.27845119485042,501.8882803964548,1552.5739384555623,2747.2692441131194,842.4784106335644,0.0,71.20273152805929,1.8291673195848726,0.31879273454126544,0.10673627858357734,0.23297201650467192,0.06333648894784272,0.08476482942204472,0.14034737170006695,0.06986712745774593,0.016568130795706286,0.009759850636956178,0.005176845131730281,0.005513012196146763,0.006843861326376489,0.015280128025784327,0.02270795209521463
5.6764705882352935,0.32698002337485177,0.029071784581688673,0.09536243031320364,0.1744175026463391,0.0534570109679444,0.11472426510188585,0.0,0.10116273187812794,0.04338005943738989,0.07832294411915412,0.10281712856452613,0.23028257965695303,1.109169786722981,1.5093224722745058,1.3867519004140765,2.1792572155829717,30.033466773947005,3.4216961230883296,46.338411503341476,87.31339784568651,25.845212445989254,7.824597413532539,18.56529854066784,44.649607519435584,33.878948169092816,23.52896869760061,74.44808502739542,444.73403008861385,1351.1498538443625,0.0,828.2193333142026,77.2670875764735,3.4692144090932624,0.2186259860938793,0.05248738925983855,0.08212929698938488,0.025306672065823495,0.007756401105673216,0.009996205632891912,0.010577145842082247,0.003740226395812622,0.0020878743075151505,0.003895992989117397,0.009565843137979011,0.007561790315138073,0.0603535235376933
5.6911764705882355,0.6737762003793094,0.6175330237173047,0.35491629590846385,0.16110019721367402,0.06873505489465864,0.04126736144087317,0.0,0.022170709677715197,0.029395675785207034,0.03871464554739265,0.2341253472288694,0.3611831990850731,0.8233992968700194,0.5840849668157163,0.31081668600259327,2.5918127610297015,89.66058774304621,236.91750609698565,145.94225277381196,18.951103597013475,63.95278994101997,59.25078462717153,12.251439981458006,6.126780227651088,33.829417408860266,16.188858539327907,1.7031384666560831,3.977341455887073,72.93281889076397,0.0,78.36646090678558,11.818153365543676,25.22321055932596,1.0293692934283307,0.0330234922725562,0.026100514991129684,0.007879307124315955,0.0037621690839586787,0.003972988524230158,0.003389016948890362,0.0018154774363928596,0.0013282659509072847,0.0004136756109714339,0.0036734519383884593,0.006273246095786501,0.04708019710878791
5.705882352941176,0.9733517551742839,0.4266052259979811,0.06211566742298982,0.023957330431898977,0.025268537581757032,0.019109776465973772,0.0,0.010723685160989198,0.014139827569364999,0.04035227037111408,0.17654866813665263,0.2641864309292232,0.4169156801013411,0.564806489655219,1.8874140765537015,10.734121811932578,51.48465550686083,217.30232587044432,1353.8069284259823,596.9369042231076,127.75502166250965,15.743275196018427,5.354031425854597,10.288788220822681,9.056719676098446,0.8983263690957717,15.165481325812284,52.145026875051286,76.83865243265183,0.0,46.15752141088214,15.062415020334132,0.8432089201577465,0.22335186860270007,0.00910892577418318,0.01595468534046119,0.004877687639210018,0.003969777299629995,0.003415567658328674,0.001088637310490357,0.00028650360187999015,0.0005802911577303272,0.00400043734411167,0.008976303006965211,0.016399660760027468,0.04980864142390164
5.720588235294118,0.6038572746229777,0.44010901691827126,0.08431491865686049,0.09565475120808037,0.060510673470993856,0.03779531772104058,0.0,0.041625573712514415,0.02839791736090741,0.01993083591698787,0.14218259351041979,0.3520256927424038,0.3322304855498439,0.20878843106348852,0.4600775286762153,1.5516103649624826,6.649724593483015,41.496079838649266,767.2459851127289,4017.638851874951,1777.242617585077,312.3382440904885,69.29416293879291,66.21618366771042,64.47434551708332,23.364600900960276,20.43354197267239,36.38107988396182,9.234386253068513,0.0,1.084332265127462,0.8148223892555331,0.12375162262978325,0.09476667246371534,0.05337799283199064,0.008143916675957426,0.011700368350223282,0.011564692021843416,0.006266186739857529,0.0034654104418578016,0.008692474774327604,0.015500966579998452,0.009724913200203234,0.01702458780117534,0.11533383663592732,0.10335197006060431
5.735294117647058,0.4114929777890034,0.05257923747658723,0.1524503101979524,0.04184306503370812,0.029228635984479355,0.03851857613977887,0.0,0.027868144211569634,0.009930663411989414,0.01749739902810244,0.3895714593999434,0.629428552739598,1.3363892245153286,0.9833699164919663,0.9692476386445663,0.6034539933061966,9.203299922277036,4.567436963499183,62.61456788329785,757.4461588003078,4012.050808103564,9809.624734343734,3869.6496299884975,315.85400930035394,22.6650781413558,4.151605476720935,5.801310632083875,2.79916878128045,0.059880432980231955,0.0,0.17201698129150325,0.6977735885408893,0.09734251296933294,0.14064994272421916,0.019688033626525214,0.008652945676657912,0.007280061341395075,0.004520177990150801,0.0039053853759719475,0.004428033392192407,0.007527473755890097,0.005366529505477362,0.005162193262426751,0.014919548941253987,0.008111454220645057,0.03812505183142356
5.75,0.13050439751863216,0.03531769979894665,0.07798653476795908,0.15898223229959818,0.07257371607768877,0.14601481204384112,0.0,0.11968548593447915,0.05373789344588393,0.04687399217983189,0.12201535216691914,0.9806770269318097,2.3572742790122603,1.4763475301493414,4.286361808142988,1.072141043608755,1.2198683169284341,0.626647274589919,2.004962072233663,1.6084862880414326,38.01258931530876,1268.0770873164856,13444.870070583773,22408.571259851327,10919.178520991645,4111.184474107764,1311.5574659832218,255.32572227082323,58.74072909517859,0.0,5.028629793308857,3.319612961319903,0.22126695027513862,0.12366293066657585,0.04193119227870569,0.059110954754943656,0.0944232240109447,0.04020562618981674,0.025312225624437495,0.01465809374526442,0.012336849393198075,0.009117359881362511,0.011999565494602665,0.007770006514161173,0.0038736550951091473,0.007445990321727918
5.764705882352941,0.7438507294242318,0.4335527239338727,0.028634426440684847,0.23357877170958136,0.1991658509698971,0.038573655114558944,0.0,0.18102294818122688,0.07266612624310642,0.10163754351950374,0.12869428981831588,0.07614395627675566,0.2925673345415837,0.11997006515031224,2.5399380078513176,4.966191616012875,3.8826132385459946,1.5635113016268347,7.253266988196647,9.173201131812709,18.69408530613137,7.159787289457212,502.347821657644,1445.837701187866,3668.2844322700003,7744.783264136106,8992.13431158077,9803.496114382686,2140.311087956807,0.0,43.78975658011911,2.825845749979629,0.8112741607270157,0.13679315269418754,0.06718221633399155,0.018309037137503557,0.012219391190309532,0.03468717556567005,0.1174284551281776,0.10279462137563902,0.027879624465775868,0.011150253130906179,0.0024545993703986354,0.003498383554545601,0.022823015813099333,0.04350157255239
5.779411764705882,0.19120283842301455,0.08759806483715307,0.09867767937273791,0.08762836012722325,0.04889450250118453,0.489106434243475,0.0,0.6206167806194638,0.2954770979978464,0.45156908390526473,0.5775491788399901,0.11937097719341411,0.3549986090393443,2.0293261252102455,1.961944072888713,0.7750650511759336,1.0347773734101064,5.802293349180724,21.0391537094267,9.981150683737186,9.19667223988811,4.067616622074226,12.943976660821901,49.04750774539865,62.35816230616185,84.98797434398591,5618.91671407646,16286.24633307366,5498.002756260579,0.0,2158.54077168161,245.57305754929985,12.68818678726467,3.609624962061604,0.45349662100592963,0.36148861867640647,0.08819371682185292,0.20907758699665077,0.07189107441177967,0.050950244801347966,0.020357826208306003,0.0034139796884977355,0.0026056495552480587,0.006907036334991127,0.06380954409803136,0.14537518643516145
5.794117647058823,0.3924542105974139,0.16142991616348382,0.07121348271906128,0.42812560787513054,0.667672836922654,0.2777553408367177,0.0,0.16458633001163236,0.7395041285132178,0.9275756685957689,0.26902744334547224,0.21029883583164816,2.3447429652484124,2.8073774393337407,2.463378299113538,2.345323689885122,2.127746376491426,6.114291536500092,3.7282718009468976,1.637460769638336,4.555018788772093,6.6274702647546215,18.51309566684777,88.50510855261336,340.6101701996672,286.54741845694093,1034.2820967228756,5816.964279484615,9234.224836978712,0.0,4032.945353952776,845.8207165128705,9.052251456307943,6.683452161163798,1.6790891036040878,0.12131021722600707,0.2774987613056176,0.15858076766250181,0.10014831293213569,0.018096701411861562,0.014222771041229602,0.005474679374214709,0.0034781347094756778,0.015696476299646236,0.005130320866070712,0.14554870111936052
5.8088235294117645,0.19350357079673822,0.2691844330022557,0.2390255758478016,0.12718525843202516,0.058819685543297175,0.271498417182863,0.0,0.06678701712618071,0.8556920801822581,1.4870091052154024,1.1388767345837536,0.835588884742613,0.7806854362430034,0.09492341311132169,1.1551105434210422,2.405428858161348,3.629765879742288,2.194275391875761,2.2479664349215676,6.2615003260746125,4.2461898060553205,4.373181059288226,33.42415253839234,23.6197409367674,310.58764556418555,207.83635139394232,71.52546544273149,38.00709341914004,223.10414306713358,0.0,17.85611545459639,258.601091027771,568.1280118111936,234.95715980650553,11.91028562297005,2.7979180009816056,0.19788197911373212,0.3525269281820781,0.14660509618161535,0.09678126239518345,0.03750455776715618,0.01112767682538671,0.007261332360731939,0.005157014866276102,0.011071454056941103,0.023762608170669358
5.823529411764706,0.2916734754109962,0.29679967075124314,0.2314836956825248,0.26950461983921675,0.17125586153703232,0.46892162774837265,0.0,0.8812835246870654,0.5274660537324739,0.4365579444122544,0.5852149527768842,1.941466861444364,2.7725297663912745,1.053234952781837,0.9085135046121711,0.6017409460280916,3.8849690300294446,6.161897789309677,4.9949387736829145,3.6292205154418213,0.6684534508692159,5.3607293691396976,17.771013426776804,147.78717680252657,109.55347598329695,201.56478033088513,244.61406236271623,195.69049874525606,324.4899977039326,0.0,152.70386724025096,396.86346207168526,659.4314841181499,501.9885820389396,104.23143220179827,2.197402099362986,0.11095159428807264,0.03376747992372625,0.11939177382785185,0.08863362314780347,0.015989221932696234,0.0071120014185044635,0.00045129973096089517,0.008716159940018824,0.024416753566053148,0.15230074687645603
5.838235294117647,0.42079308175618146,0.12567895378471475,0.08758620322460978,0.09110840678424398,0.07169241480144087,0.0948964693933357,0.0,0.058317717873345117,0.1746971531871475,0.23138173330309714,0.5339562219889413,0.4071787514873134,1.608618936861503,4.826268321828786,2.7040980939881436,4.876413710756131,6.6720236018973935,6.317186771516947,2.4261732179491817,7.249911210196819,7.134870926168448,12.78305736706649,39.380480051545476,33.49101930733042,12.951581895922821,22.494851200620445,16.42767343747105,221.82886338191446,216.39702281323207,0.0,24.986921440000437,63.989131322354865,22.78862534493117,4.094225050354949,2.4923223944911017,3.614283951742543,0.1890694444511622,0.17928463569409353,0.029403904459517162,0.016491803709749286,0.005063491942932777,0.005911661718011692,0.011758677424392407,0.015157022034536907,0.010115711413716207,0.060606873466741186
5.852941176470588,0.1596500283038294,0.025323844826663694,0.15409375701597341,0.11411949880127889,0.08134632451407467,0.13757930883113426,0.0,0.21528111424221139,0.03678953608496742,0.1313278331140008,1.233371473636515,3.383437419643565,1.849580284872152,1.9818049945203895,3.0821366899300946,3.477630569376397,8.861590585766256,5.426814158820584,0.07600858627962045,0.36248312721580944,2.072150131672634,2.4341794123969582,3.4361127155490356,2.3103084643220893,5.066450431682107,16.378518086900037,12.982245098672227,65.84757538943228,5.036688542722187,0.0,1.0354306519544207,4.998469104362003,4.440640946316659,5.472422942393464,6.045077593798677,0.2198282064210294,0.10820774509247522,0.21889811592129743,0.08017417836743673,0.004428630974044021,0.006297576052928122,0.006998579177092531,0.004438035454093044,0.005225204045707841,0.006107691680513747,0.04125868799558041
5.867647058823529,0.08528046399376403,0.19603980378174346,0.093514720499391,0.056940327513717845,0.015825478132113133,0.03179851009191738,0.0,0.09890617185415489,0.15422704853487113,0.14298034420309358,0.07412353674793652,1.92996389412831,2.7030305721854444,1.7645818111053515,3.47089505367295,4.724608725655083,5.042774221257476,4.987921571901119,2.206146596456434,0.8685508314886401,2.5741473897993483,10.304996791889515,9.749432856794154,17.244143254327913,149.46979626596365,151.35263879556254,48.005042768884486,20.521048644835645,4.017604198204177,0.0,0.6299665065939528,1.1010452719365236,2.5986530943063304,1.8099860483880998,0.9029538644792254,0.18635378939707922,0.06837105447103173,0.03441475596135246,0.019062941411451585,0.007318944653000944,0.002696916105994439,0.003455675750829919,0.006393176991935825,0.005192246145633046,0.0045809479706701885,0.01998205625509408
5.88235294117647,0.03712855742095707,0.12202170055485456,0.05025826970464907,0.01882364264064913,0.02840210497075615,0.013217835411817595,0.0,0.024161678513272146,0.040671235125097835,0.12828976232238562,0.08034123190256456,0.3369517329015197,0.3744701587954378,0.3252016252022144,0.7963831551993096,3.0907668579042946,14.462555308967001,6.698967605710066,1.1093157290370768,1.207600132143191,1.882805193726336,3.9318452366831034,11.093299547566307,39.605062651752654,3.8937455485283348,15.399588653375588,4.519236910327795,0.8712917751605567,0.8178265968332795,0.0,1.3948123863811506,1.3494423231379904,0.5344807609036328,0.3144609909541132,0.4824302260881176,0.09834772852270121,0.03670128101975381,0.015604489124328843,0.008038757772145574,0.0018388871269616994,0.0022447880873021535,0.0005776162683103889,0.0015217753626399295,0.001542578088225009,0.004203655187674578,0.04692274278997592
5.897058823529411,0.08123385735663652,0.16511469809828205,0.07705794914051813,0.08137539061325871,0.049627175237257265,0.03268306699534992,0.0,0.029984417665783594,0.015940572628380195,0.01812603320785114,0.03439333964803096,0.34946828335283897,0.09117866248812122,0.7993290942912283,1.8966339445026874,1.8264761624687345,15.578579797430002,10.504716307464125,0.9271190020309172,2.4168302879778683,0.7052554408137495,1.109510026028366,0.4803227950882928,7.035028595002,9.715775223044155,4.037199761133403,2.2612407912764247,2.0076388783676737,0.5877330721718389,0.0,0.05010730149613963,0.14343778181597389,0.2531891690751305,0.09841705299374184,0.1607617774132895,0.10491818997398857,0.043980592501248805,0.015063437515998741,0.0025716294172091854,0.005504235214289056,0.005778373157542498,0.003096590159620846,0.004593379481148477,0.0034636218056236035,0.006086388829527065,0.10721994752281368
5.911764705882352,0.13533927532332013,0.03477135329375588,0.06294053002570911,0.06083031072462099,0.0277817559188624,0.0537315785025324,0.0,0.015731919618861168,0.012602951912657506,0.025376898160782722,0.05149038070838938,0.09918353088356215,0.1406176511335639,0.3760120718056376,0.9970806313054552,1.0855269893423216,2.846964411596868,0.3605736616722106,5.319968371963702,6.436491543136539,0.2001831540051805,0.16996215043591342,2.1300195738512677,2.5109166839139916,0.5391013238586391,0.41011781667697633,0.3670265240388328,0.2965015099979358,0.047085339781646994,0.0,0.03276726479037424,0.015684845499144548,0.1764737790026591,0.06841039478697761,0.1620131793719723,0.0733801875921483,0.008396192882067346,0.004585386182520126,0.00687711626718114,0.006277324560732955,0.003390008208078652,0.0004918719913936532,0.0020661559142541816,0.005023632979207415,0.015092707524180148,0.09788476475082471
5.9264705882352935,0.16441087036141092,0.10788586653122859,0.03387316142005555,0.01833415703322098,0.0215898850630886,0.01723636215580874,0.0,0.018630075368566992,0.04780045519605315,0.03549119425370664,0.03240304886581526,0.5575751344794265,0.8866064595126135,0.43720577945266803,1.441567016312527,8.462794353658262,6.959346482417963,5.629076976729176,12.291218476129238,8.35523531121078,4.042760476316942,1.9567205540667427,0.27843353699536083,0.3908629518403167,1.0633631628917541,1.2965749375172706,0.431890862645742,0.06312526730575097,0.031677361758355914,0.0,0.029392037141514452,0.09157078953820208,0.06285324754600917,0.0206287362126918,0.014536435456141042,0.03953281054780494,0.00867265231183649,0.0070685420752533736,0.006056683639326755,0.0033087458597240117,0.001585275484372874,0.002051606221559137,0.0020656222745570997,0.003394931482918667,0.003922924216419318,0.02312041180682164
5.9411764705882355,0.4325817393586658,0.20808106481992766,0.03996691846050726,0.07356494876315262,0.05561227682281259,0.034211920792468674,0.0,0.060602778804289825,0.06515788604252006,0.09084692301472999,0.035781360046844554,0.4644311447130899,1.5183674258352426,0.7098386419481945,0.42620344811192756,0.640255656590581,50.85258209025321,184.2111069433758,95.09443725758987,54.972973324233266,34.51808654746914,17.701348100200406,1.8290799376976699,0.13210719029072335,0.16423403805039613,0.3290771435586711,0.11529836553137471,0.03237989612703575,0.011016781736278396,0.0,0.005771423946498525,0.011706886636461529,0.006110112559255459,0.006129518264706133,0.004173334401468638,0.009139360627215388,0.010157985777674405,0.0051817304906222736,0.0026663546629366337,0.0006002567723502175,0.0031962916122252466,0.0089857320264656,0.012295784564741775,0.012515370520983575,0.007936135140506072,0.04490497879213039
5.955882352941177,0.10210054058287589,0.1707333835216891,0.18427777252298166,0.112566127046153,0.002741785561367651,0.00783412912675848,0.0,0.011994508388146531,0.006092989676979844,0.014242655459868999,0.1426431080643988,0.33782195935824244,0.057266809252250674,0.8130803639443422,2.073739359935736,0.8207978808837992,27.03843975225187,1300.3357064201907,2912.871122710093,824.4420085649916,33.26898264455763,24.013358776426198,12.430761417746329,6.008666161954032,0.12540108428494146,0.6043324040137025,0.16789707208264248,0.0062753984153100465,0.013978997541358291,0.0,0.006292143926232036,0.0015274939415260034,0.0048254841091192845,0.008314703294619873,0.00867057027991503,0.00455894275895234,0.0037102926938668863,0.003854176699454159,0.005383047113215591,0.009299445569946599,0.019696937436374126,0.021169729982509825,0.006501863837224774,0.014557315930385596,0.03071488079961856,0.03348718881081215
5.970588235294118,0.2857250324343613,0.09792929385502644,0.03180201513645585,0.014422339289506056,0.04431611841889875,0.011389706973635488,0.0,0.002981280652381809,0.006269865497197872,0.013912347053732232,0.02805095431727216,0.09764205103517842,0.4241108578432078,0.9013300021850059,1.247200700911185,4.529927733956882,0.6347453567192111,179.5570762448396,2637.3384624891514,12354.082971115866,7002.186760448056,949.4045298419962,33.67399755332556,38.587498178010385,55.56336324315015,34.926202414064804,8.983573453729672,0.8964311506673266,0.04081289988220537,0.0,0.009243444121704096,0.010518833598350836,0.017499915954701878,0.0334885448332587,0.019050130157601864,0.0027453713536880007,0.002611140819104335,0.004233538919811607,0.009032094976079468,0.005020415060049665,0.008277721475395896,0.024053626295972217,0.024805126547399102,0.03246888123394251,0.006062215921713257,0.07534704275268715
5.985294117647059,0.14567913786467585,0.1220075146939058,0.10881326559463556,0.04010548654887169,0.03551038400378465,0.025792432573463163,0.0,0.025054966837145105,0.03690773048602172,0.05476830647826978,0.05148796785002004,0.019385420958616617,0.2506360012040296,0.2520514444261972,0.1923512678654942,0.5351306626879713,0.47391530761516737,5.673702393028455,72.00012511150683,1322.7583845207982,14553.085687181203,31802.982639664053,9912.641134116182,1135.7181136910058,162.02476156070034,21.98854213491597,88.20186975724074,21.683933698790746,10.696860561930755,0.0,1.4675583424715386,0.02778859822833686,0.03251711612398993,0.01643368077988604,0.024220827106089665,0.03560393690439217,0.0027214530739161804,0.007801284194857127,0.027265447709296807,0.025602534641037806,0.008752311685733247,0.008661916999295614,0.002650957477836469,0.007085651999999987,0.019650582922826166,0.22568806878950148
6.0,29.812560199200963,30.45344826084779,32.327030194850465,35.50037529936366,38.2363681498737,41.44492735033043,0.0,44.934531902099764,50.10969924013982,54.77959209275622,60.73424581532937,68.0144618295382,76.51913846142557,79.81172502549896,101.91929864854391,129.53667649905597,176.2220024150879,200.9962096850482,351.2276121576441,289.95452569098137,1111.9183214402294,8334.462102920756,17822.909893803597,17144.009547581954,9578.64078487152,4456.983076712373,2148.932946226073,1163.7338013456413,706.2295063320371,0.0,393.2510753749548,262.4802347990649,197.08120492345844,154.48755512270242,122.22781299258168,98.37018244886112,81.08402944556998,69.42031824093698,59.021653848844906,51.16361637276286,45.13270708076497,40.05929368430282,35.381205023913445,31.801328709999183,29.40507446232119,26.023319769408374
