time,0.05,0.060000000000000005,0.07,0.08000000000000002,0.09000000000000001,0.1,0.11000000000000001,0.12000000000000001,0.13,0.14,0.15000000000000002,0.16000000000000003,0.17000000000000004,0.18000000000000005,0.19,0.2,0.21000000000000002,0.22000000000000003,0.23000000000000004,0.24000000000000005,0.25000000000000006,0.26000000000000006,0.27,0.28,0.29000000000000004,0.30000000000000004,0.31000000000000005,0.32000000000000006,0.33,0.34,0.35000000000000003,0.36000000000000004,0.37000000000000005,0.38000000000000006,0.39000000000000007,0.4000000000000001,0.4100000000000001,0.42000000000000004,0.43000000000000005,0.44000000000000006,0.45000000000000007,0.4600000000000001,0.4700000000000001,0.4800000000000001,0.49000000000000005,0.5000000000000001
0.0,0.09514766604814327,0.03773958976080942,0.0,0.024573513525468823,0.029993588071835275,0.02470115050002169,0.020524646922227274,0.013699547818817302,0.0033180650191313972,0.0018386531529625057,0.009749179210509315,0.01907946403618882,0.07379234414219721,0.2794138664063456,0.5931246511770704,0.0,1.207067996633187,2.633423896447672,3.4676217785966554,2.537699744509504,2.137361476275795,2.6922972961026446,2.208316385263033,0.9804611624489664,0.17813786614301455,0.06299392053618885,0.2322770107492933,0.26037993863357906,0.16810081790001746,0.0,0.12287742203393517,0.16364886903615322,0.154870174122998,0.08236904813226462,0.05598321710389074,0.069130720620906,0.10504400140629039,0.206398262236048,0.3148099956747069,0.38216859872441217,0.28544625179544836,0.23712909693071013,0.38880511343231705,0.0,0.3104798706140026,1.0784943628596668
0.014705882352941176,0.027018471174804902,0.008240250553381772,0.0,0.043714656576534325,0.04225572555133397,0.015903522035894173,0.010610442663484652,0.008011985775484946,0.008519441593184842,0.01615306695978007,0.025419531004820226,0.0815726044684486,0.2371463389974662,0.09569669297174124,0.3485960719638998,0.0,1.6334318963313201,6.597426484882957,5.4803591189268355,13.576368397390725,1.7403134759684211,7.090230706357954,2.13053441803302,3.224590817419353,0.7903872100156224,0.5000094111647484,0.030250595144408227,0.005604305062325968,0.024079632324539912,0.0,0.009939499797379672,0.025745007768451934,0.011190621514801226,0.02474006283711868,0.02421770927867253,0.06923098838807348,0.4239738974346232,0.615166994802498,0.12497288980705373,0.10941150712018319,0.22882667328057016,0.03541647952371179,0.08874482679169404,0.0,10.651915125054735,34.6169021029642
0.029411764705882353,0.00540151637034479,0.012853961371350621,0.0,0.029837111478871105,0.013844179694014008,0.0029385532855495805,0.0014295633733660607,0.002821576591625475,0.01068337206216617,0.014576836209415281,0.017192328088458476,0.018585545012548957,0.018907426495351883,0.7457533132672582,2.999262280801312,0.0,3.1326808937490003,0.48012185528009865,6.9852461621641835,62.8592825672835,148.23061804266865,45.66059483184085,11.440389650676053,31.5325153357958,74.02641293988174,24.44376596271435,4.169590151341303,0.48771636143964553,0.028415084569195878,0.0,0.034724195015108636,0.01345636121692409,0.03549469147034493,0.1877280168733863,0.11969650885193464,0.09200716264587012,1.4062145616249175,3.9041903748667632,2.1049914550548943,0.10298353566199506,0.06837290597324079,0.035707023569950924,0.47940539314650527,0.0,7.412198576715815,30.360975424112397
0.044117647058823525,0.16839085013918845,0.059450333065630766,0.0,0.017541670209558165,0.01583556378623876,0.028557549158214304,0.02755897224267534,0.005466642203424405,0.004106233271576439,0.018335650015198005,0.02419027658003344,0.012396872628992356,0.04274555980666505,0.6498145408047455,3.3511128803003896,0.0,3.729187242216506,1.7111258551885067,0.13677450514001765,15.560914318426839,69.39301148139499,343.5364473582731,538.7839795086257,845.3922776091088,3108.070299186782,2718.955481371814,311.5541415689529,28.930276082905166,10.019092916958396,0.0,1.0888765970063456,0.23183076730086463,0.20934505746986795,0.15046393613730422,0.2572996745487081,0.37369307698272813,0.26766531111760333,0.2569514185137831,3.5651116201502218,2.8349951175148336,0.37305630882230967,0.0605636061125525,0.4429806210315467,0.0,0.5245515797878713,21.44789065098073
0.058823529411764705,0.10057375112093708,0.02490504913592466,0.0,0.0314988742851628,0.025006310773685154,0.02660683978076822,0.010099935428619542,0.01518244550204993,0.0027659516365283877,0.0034291430260466474,0.002969575776372487,0.02534236817285366,0.041670383782159606,0.2944516695844302,0.9065057015633946,0.0,1.5606427811457493,5.613660134544673,0.6829208428411376,1.1493634098797965,23.155517733623462,69.02124051767905,185.2732401612136,654.3779593453141,1575.795248673132,4549.19088373077,5681.559116199625,3988.6780437633,734.727496650289,0.0,41.61147285671295,2.5967021358910465,0.0961199122432887,0.03913176764844635,0.12577814752831862,0.07554272875064541,0.4245890950925285,1.953881676391778,2.2011861542767748,0.34561168752214966,0.1095468916756902,0.09998534074134122,0.829765788213865,0.0,1.0772859995468436,16.687690772312152
0.07352941176470588,0.038079697216710465,0.02967371286756873,0.0,0.007193419702415995,0.02253850761518868,0.09267500803214904,0.0750526673563762,0.023033212212367087,0.07019372663279463,0.04919845078863158,0.029477175875200053,0.05461952665982976,0.017390502028888963,0.5903493985004912,1.0238103663754756,0.0,2.0554940858054156,1.3209784496257067,1.6847976504993234,9.41319716796015,4.0011221525815985,9.626441479405683,35.65342106954907,27.883036015416934,241.26829868252716,2332.0706935530816,5674.449727762713,1030.4637558118452,1300.4204880981106,0.0,678.0526611183107,93.21694591187517,10.376861631562292,0.28816421997516595,0.20024630285804962,0.18548725917340728,0.16063861482028802,0.3443418950995417,0.29504340506889143,0.1996695410041617,0.14054799461298853,0.10584133804883614,0.3349751145399493,0.0,6.149553007163107,11.773406760580304
0.08823529411764705,0.15642292867656152,0.12631472506176175,0.0,0.049920503400032845,0.05353043084427398,0.04328818460841825,0.058310419206977375,0.09558210509782057,0.027878876109211817,0.021896392848202894,0.0586046801250765,0.0622657993271095,0.0938677525773319,0.21427225267460817,0.43207940943443296,0.0,0.33380040198200917,0.4885034004385014,0.4367879539167606,15.97980680363791,42.32985310170946,35.05504270946097,71.84429884029251,52.98750037465774,193.81559270740098,1223.9849712162659,1378.431759648199,4220.797884984164,7603.1536077792525,0.0,6878.306532031694,3907.2089662180365,473.57440436295155,12.95721211359032,2.1797190619613276,0.8760021570599806,0.4709007595036074,0.21564852121000555,0.20261453955370495,0.22467016029597617,0.11894024227254181,0.11737491127095853,1.0142922647599346,0.0,4.838440133996695,16.29191852575025
0.10294117647058824,0.6296439953222056,0.311328914544833,0.0,0.16253241545627117,0.13365856446279903,0.05028919480967645,0.035923567466974914,0.10730020564386036,0.05081525988715582,0.10261494321894504,0.0684584510763714,0.33784705863194,0.4190449030935115,0.8305581466354777,1.16248795989715,0.0,1.3042048160787088,2.982613022928029,4.6328605641096505,15.017305333034773,2.906056134382334,28.215239240714617,45.51012417213001,54.37820996380363,100.57683104508743,167.8317694010246,79.88668457337353,132.2106983694455,207.83778499485638,0.0,1301.1952615768655,485.6094026757312,1466.8950672282315,948.3023090663254,43.875117945410494,0.30834279693899147,0.3607829297725301,0.20637190552197238,0.10688760214142348,0.05550741038879483,0.03556685558578074,0.060164493742085656,0.20248810673099266,0.0,3.0573844325063764,21.874733138286103
0.11764705882352941,0.08184559715735523,0.24086561250005092,0.0,0.32699801545186646,0.1661200926283051,0.07736688284200786,0.09967496846008699,0.07320924882947732,0.14245806958569926,0.30374591906512327,0.25798645017011435,0.10812892713050364,0.3783773510281765,0.9239112871677329,0.731032488856374,0.0,3.046948012797818,9.30823288004068,10.278710469970479,4.142221504286733,0.6660422844748988,9.28566090253798,6.6737837574430845,5.450200114561545,8.041511249970398,19.84232633629088,99.07503250505091,34.772110843654005,31.324492307364487,0.0,64.10473664513664,366.40592362494556,1627.3741569829217,2528.892428827904,409.6161572166378,7.3327227952390235,0.5235526147172526,0.08125177036745049,0.1496169674191004,0.03249255829700893,0.0748210408924962,0.08748182228615597,0.30422209137865847,0.0,4.639379516561471,51.403983455466985
0.13235294117647056,0.1468652799291985,0.05943037126627476,0.0,0.17208451653514023,0.2414309769459956,0.18672114839064657,0.0836009499622817,0.076842272932631,0.09260130493322255,0.06317553950301966,0.09241402367314942,0.3123844802842925,0.5256805984634426,0.9073518375225893,0.6845983433696505,0.0,0.8821554731518203,1.936913178899833,2.165265421364106,2.42850957113376,2.868272597124898,8.72358564850687,4.64668071430083,7.636046167948475,4.044460049004929,8.234923573213338,8.130111859186467,9.714177096264043,66.19104295028093,0.0,131.27162078208187,257.4279377300884,456.7007922689735,370.7122933832538,356.98683126478926,67.28825108679521,1.4937507935648695,0.11371626881817368,0.171542804277451,0.11789230238352508,0.13218688365467962,0.1528759703295323,0.8444591716468985,0.0,9.251947993020728,72.95981435813296
0.14705882352941177,0.018123004596748645,0.1022808852665689,0.0,0.11143453574460176,0.12046523973485775,0.12731017793768332,0.11526294948081961,0.16894444764321342,0.13802869975805201,0.13152674547333437,0.1368157106422374,0.0712527481442011,0.019351374594246316,0.05843727075455504,0.12937124734389585,0.0,0.20795436377690776,0.935886551990906,6.019167250147598,2.818602985411564,3.082876802460275,6.72480760668493,1.9569782746827005,9.317936310418089,7.32993782067321,4.172998748053175,4.244762078299461,15.1193611043961,13.137476986066165,0.0,17.396489952186595,22.173135504017285,15.470252258597148,21.163892393495104,16.081531043260625,11.445282235481516,8.281088791263945,0.4534513427671407,0.07734057854386947,0.08579445550717632,0.017714427517717523,0.009815630078534634,0.42905868380783596,0.0,4.4783231877786935,7.210325272431289
0.16176470588235295,0.03019460461382431,0.05344872495185932,0.0,0.06792817041888122,0.03515456007396379,0.04748611759511849,0.0357564670093229,0.03313107465821691,0.09082464849110955,0.04114075311266457,0.06013393143268305,0.08853042309364201,0.09994058763918601,0.7768686159648808,1.302386836241845,0.0,0.7185145982793697,2.6136495613350235,2.169807883824627,2.000763592011821,1.435608716747896,5.178940863677048,1.5439712926315758,4.576868955824189,0.8109919979853564,2.30059872117758,0.7222808342131483,0.8326207516495538,2.738547803787906,0.0,13.030309601673007,9.812244372241558,4.929292237830097,1.764346971920866,1.4630057541061512,1.321234796138414,0.3532622754893625,0.12353039270901284,0.2594013783085454,0.3597519987744129,0.18181555747441028,0.05790865568511116,1.0724032150567486,0.0,6.753205120011171,41.11878842052077
0.1764705882352941,0.06043118930771215,0.022715264609214036,0.0,0.03044028493870269,0.02632876188148975,0.020977732653289918,0.030101078543121232,0.0186956699123415,0.027153995759918448,0.0440636472805222,0.022086312544606947,0.051187256792169726,0.5038297262520837,0.6331477445725389,0.39439965741993877,0.0,0.5467699388902489,0.1478904765103394,1.6906583216022957,1.9652092077573429,4.402361388481255,12.395233039787982,2.429075130762707,0.3699798393942394,0.7704654701209142,0.2513846939525569,0.14164814178081056,0.051082004189024824,1.8683317016510947,0.0,1.632343968373573,0.8380556711829474,0.38372791884882623,0.9034634834261139,2.300624432277227,1.0712468577698533,0.17335352096309817,0.013930242799587395,0.31289561495141094,2.501239927171868,1.7342771497426006,0.05142257682004987,0.7658898669493086,0.0,12.597716574723695,9.236171542704751
0.19117647058823528,0.023820666949326292,0.028771188622861002,0.0,0.033263047689502875,0.007941471648649712,0.004461485345586933,0.004484039467027536,0.02896015524154,0.06671346111044293,0.04208345695483267,0.023741083023932658,0.01523574136080808,0.10876868638818617,0.7109499277360709,0.9788573857297678,0.0,0.4609193345594601,0.9457701402865822,1.5281713931462133,1.5742361579769466,0.8343540403491632,5.782393472171225,8.125424061970282,2.9243900207669755,0.33260002647737685,0.4137008882953064,0.42832310531838425,0.573463894806266,0.8204458567773518,0.0,0.4584047245343577,0.22051103686274756,0.028584920323580624,0.8887959026724918,9.991545094972832,12.47170175398769,2.084266865875601,0.07665317952813991,0.5398650822354609,0.30544403647541873,0.9756401972473328,0.20465356340810587,0.6090391826045296,0.0,1.3495972999989638,25.164761372180433
0.2058823529411765,0.09376068396041498,0.041898337513955025,0.0,0.009513407490895109,0.004069323808912143,0.001506637554474307,0.008291368269399376,0.015827895664727924,0.016886006505888382,0.022955387239363856,0.02799116452520334,0.025025147931348614,0.2113365967323473,1.3722061303927668,1.7527258495389821,0.0,5.628023011682371,1.0430665014340021,0.8189121173466967,0.01950679408167135,4.644870074606965,9.504234938895,4.261310538259118,0.26569813902901573,0.08230851775552556,0.03338220431378237,0.027630488898371407,0.010551958132553907,0.01402349118723797,0.0,0.02468460986214581,0.058582525261019085,0.0908059108880728,0.2739665857651413,1.9480087874918457,3.117435752519964,2.4346260708747964,1.4890639153721796,0.18182501054324718,0.14097662345412726,0.14847788864130254,0.12060299174997487,0.44538803892675455,0.0,0.542874226634215,12.623759693563212
0.22058823529411764,0.019759007773563472,0.027581432102650627,0.0,0.024132774769089687,0.023615594808111103,0.02287844022510988,0.013991885533268446,0.01309490549941308,0.019112968823206167,0.01740330233372918,0.02686989270898877,0.07727228689418283,0.043374328325960824,0.7810588585473105,3.42778837757296,0.0,10.798099328299127,2.778898170491454,0.5532712779761082,4.95704311233924,23.56693491558425,9.461202176691309,0.8101570716612375,0.21087007186640183,0.27589189293738015,0.008492316437677038,0.014981655185780481,0.004964612308319602,0.0042729605001916755,0.0,0.004728871841648496,0.03598957359376972,0.10695419864234834,0.12170886190521614,1.4136039808885044,3.163133754709791,3.156068055718789,2.3098746505766314,0.7157916281585497,0.2785549972273911,0.06609322491259537,0.01581877829969576,0.1229241775628525,0.0,0.954967295144826,2.9078159197566222
0.23529411764705882,0.06871776231380289,0.03704645544069928,0.0,0.02668174001364675,0.02663119078100673,0.029971922960616265,0.019743348886155584,0.007424109936574785,0.009875080925811191,0.016211488404087645,0.020210779138302715,0.01028051891430476,0.023120264138801402,0.2027832128318347,1.6641620592233006,0.0,7.071311389025997,8.055751505622958,1.787338487317026,0.38033530101429314,2.6038069089425315,16.15288908186886,178.48793009399097,235.33584740997645,73.46045529565112,11.174916544440961,1.1092679355312416,0.1071361807662404,0.030148335299989205,0.0,0.043939122859222426,0.009773561131654177,0.013666025901307296,0.019525047693036264,0.1049161973581421,0.19139425024636902,0.08233261872389852,0.41901646605088505,0.3156106949168713,0.0259274788552464,0.02302926044846762,0.015605025877301488,0.2683727718317949,0.0,1.3977344900574935,6.638514987911811
0.25,0.043120677058054946,0.0040765920510136226,0.0,0.023888293764154675,0.009050391484353078,0.009907493003340139,0.007324987308889891,0.005421427273259589,0.01064684596004777,0.010945585392935846,0.003948446270103897,0.02090092038077023,0.03576466122088606,0.6508247721308971,3.097508675649475,0.0,3.2238337899322307,0.9877554548073899,2.5078621229085574,0.6984589446909584,0.9899536582918336,2.66553732423253,30.57417794487199,587.1716847691264,2751.3405881595486,1759.3471523098924,268.20412615935305,19.812265897364995,1.1150312529832687,0.0,1.1877986277090686,1.2927851146781577,0.4211254759014218,0.01766028783531258,0.3001993541682604,0.44507380971288807,0.18905109791842548,1.7014161313472802,4.395450944950757,1.486810227872788,0.09515857086785036,0.02854060463517248,0.6381513592522359,0.0,6.425113563426689,22.955673714148446
0.2647058823529411,0.06635462707843445,0.027717081422098628,0.0,0.00991413735217922,0.030514430617749142,0.017916605333943816,0.006707733306299629,0.0032788895948997585,0.0026753695308264994,0.003303145821931284,0.012138432307086545,0.013379611212241843,0.011763366287782797,0.1969542686105666,0.7140115185279761,0.0,0.4924976758922618,3.240049092898199,0.07040918487515735,0.26574759486591215,1.1121246312789088,0.10611032696041421,3.1185364601322627,11.751683997758027,730.3160673774515,8197.644747821752,6018.851484736895,369.9561218636066,92.59047548458399,0.0,15.4628609732702,2.504672481027587,1.1489428168421463,0.11052709182935576,0.24405522028118865,0.07494746924006677,0.07881414168749186,1.0936486817106421,3.931532483601792,3.067888748477122,0.28298180689440317,0.01009020760314355,0.3897039996446565,0.0,2.951481511435378,6.672521099149761
0.27941176470588236,0.015560386514797526,0.04594224816598183,0.0,0.0363885963821014,0.02280522046846472,0.06186114999348081,0.14015948392471353,0.11533349042412575,0.06133846936416729,0.06389074371395487,0.07734240261260113,0.0385262199219268,0.05648649851945823,0.3834417977998435,0.9778952331025395,0.0,2.2741445779533405,0.14790165572499175,6.221478673530987,1.325100939858425,1.5490351043647188,3.0277708301075696,2.9540242902857816,7.117108514692337,148.60224981370595,817.7604591771428,3043.3390617662126,6990.7764940876,8482.923479954288,0.0,3288.5190148811603,444.1184357502542,20.31956248180021,0.30435902564163514,0.08126298869530851,0.009065789482277434,0.10829485989706086,0.1541888729260233,0.05784378924266515,0.19165037840768084,0.10875858702213785,0.020669406975829245,1.122877190159345,0.0,9.2075353619955,38.936709621958364
0.29411764705882354,0.05104073955501126,0.04435863797476628,0.0,0.022396074259242907,0.04821281699282669,0.016880748662504143,0.012382865106925631,0.024831334353602907,0.048066412697947265,0.04186008908566236,0.03441663456808053,0.06332077683303741,0.07735193305449646,0.2853402634478063,1.2724901965203348,0.0,0.5395672280275026,5.607844259553678,8.278481638605882,0.7329424761268222,7.066856263881931,11.442915175676639,0.7357486203940943,3.828359122675937,11.948705943270788,6.5820204139780385,3.478236815228417,52.077258025185955,1003.9405186674903,0.0,7694.376920722944,2596.644030031199,557.0268952370376,52.0027651686815,7.66270061873422,0.887864946749391,0.22024476384065955,0.1912337404285798,0.24087170958194482,0.026919287065134228,0.07801731630253106,0.028752060335696945,0.5086847812453061,0.0,7.235014398626808,12.10303069687075
0.3088235294117647,0.05857394988811109,0.04993366907466388,0.0,0.03238795691406972,0.039361493359196253,0.011682214921755796,0.03577365660486845,0.02781162407644823,0.012822059944992584,0.1384399144133458,0.20515683664852852,0.2860735183386674,0.3116765754192132,0.618788697150114,0.37225965656070853,0.0,3.773762259313399,2.6761451289306804,2.3814351009347763,2.323759486994054,3.933993121025595,5.593473730971802,0.1801553383712207,0.6585507552863156,3.22888127402244,0.513584535732903,1.4285172902312127,214.66936044911026,1406.7695722764872,0.0,795.1580365564607,4082.660768237736,8148.774780372292,4673.9222663997825,1027.1355336821543,149.18906887317348,12.375682206754629,0.9283914482681495,0.2757262324636287,0.049226378436998106,0.047351211015833485,0.18393798613092477,2.360460898156705,0.0,5.524270516529805,10.91046664709549
0.3235294117647059,0.04966992926094686,0.028553392791798075,0.0,0.0440758475499832,0.07267310965904875,0.03478049842546824,0.02320228253512834,0.08465881399741537,0.17664452259271624,0.11578248814832533,0.08609667435302686,0.11604947097432121,0.16173806169079077,1.0812256297019307,3.8316324620511573,0.0,5.384420889080033,2.7438499181671285,1.5834017819308748,2.5779216022790674,2.224697140254337,5.484422231167599,0.46091544952870706,7.680288216319467,7.125286106203541,6.785561104880591,31.996943086269887,44.80244163916989,128.62882978217118,0.0,145.6959599382353,199.81935912338903,253.84879294170227,212.45186099757737,1361.9653383485477,589.8769367911066,7.923451715595723,0.11708206285242159,0.4617933385502231,0.14772048149576233,0.009688068846121597,0.15195868637249926,1.9345353966365926,0.0,1.0187822466973528,18.29983472134551
0.3382352941176471,0.1083644713388767,0.05360645147214678,0.0,0.05515278390495357,0.047631331492571136,0.04684489241699477,0.08200828563339899,0.050771016708011346,0.1108382406009351,0.1680149682939977,0.46074830938269934,0.6916513729503498,0.20609507896704343,0.19052244670051183,0.5026171243258014,0.0,3.438015708690222,5.069597761860251,4.293269954181609,4.029468781111096,1.8183699303737035,20.938208452791464,13.370543630675414,12.620073767701022,11.37169183363688,14.064609790272902,42.67734486792601,29.702750630552366,145.89427606276678,0.0,256.14546492345687,119.42287686710176,62.596147359123,27.552790012137045,153.52570433231818,302.9695787881893,26.58808431524561,0.3100698709239681,0.07792869190617119,0.02917566765077908,0.026085394041750424,0.08773341189623267,1.8899974773069257,0.0,16.90311221676075,34.047267940977974
0.3529411764705882,0.16391213568041788,0.08385707328434543,0.0,0.09079587958168588,0.04369873935470364,0.034082062433258155,0.05050445825966776,0.03995683010434073,0.07181157693691885,0.16275517074247617,0.23084619777076987,0.07081360416414166,0.09106617729914099,0.2059981744489951,0.6600096969912949,0.0,10.092616371519977,45.77873200384477,11.088226849961785,9.326917767690455,9.447321816131069,29.621091516618314,10.611770934307302,2.528298799003754,4.433344599845176,0.483006100686566,1.4396828027799864,2.309592623115659,37.39423990192826,0.0,50.75723515768584,2.985745291092294,8.825825685489871,1.532459706163964,49.70945446324887,63.599738595221915,16.46502353147479,0.4046031619046596,0.02666580395738899,0.0032848350948467297,0.006352118406334657,0.07719205560530093,0.6303790493182782,0.0,9.41159185373532,99.63985066335496
0.3676470588235294,0.07841362777863696,0.047733126435671444,0.0,0.03748326559388241,0.014269701707577237,0.02040893285739277,0.057967495467552005,0.054144593983888586,0.22248345817102727,0.5084592328178055,0.26985086735428515,0.03820027993905807,0.11512513153881632,1.3305059167685491,1.2005911855487947,0.0,6.531745437516815,332.17377160311344,762.4650122872888,153.32840976964434,5.9910896473958015,5.213208844633984,3.595008594806143,0.11263788381750553,3.9392495904929925,1.1611861470718257,3.8082317103647343,6.595187038915569,31.750474319340697,0.0,44.588253941987006,12.284176089541855,5.834069699842131,0.8228037295937214,5.1752474310949195,2.046864471086524,1.3284839075998227,0.30769260623763317,0.042734154674786806,0.03742802187125569,0.05799750654028635,0.08756249388489001,1.749321527536028,0.0,13.733868108323,43.067281807868866
0.38235294117647056,0.051103846240451715,0.052421383482517264,0.0,0.041051530687893016,0.048435846369238464,0.017624336590916976,0.010001958974445632,0.031182273380553245,0.02874219978614805,0.05639117149032182,0.100476623863653,0.17845251042578103,0.1609684755352671,0.05309355270076472,0.0970169733254741,0.0,0.4833841086377295,80.06642966647098,1717.7693775907205,6683.926513081525,3232.9086899933027,336.23969197127076,37.41657680253178,7.954011141164086,2.84512577927049,7.595912017856191,7.903611438626758,8.470340982663123,2.8376113730665855,0.0,4.734497824125681,0.36204522005345297,5.35393419345033,1.773758003938513,0.32899571266226285,0.3668829138135842,0.3970701867747326,0.14055758152534173,0.022829728217558715,0.0256941963821277,0.22872214521570294,1.4426727082781947,3.054262958505512,0.0,6.710202730195546,19.230219830979607
0.3970588235294118,0.09689821135270799,0.016138991167036237,0.0,0.009964620048517463,0.021358203856139735,0.03303010965324864,0.030088849477728184,0.012649814406466828,0.01303893345918702,0.024767894973936562,0.0396822335140601,0.0918605106330812,0.22724082134928691,0.3844345872783783,1.2272886295418128,0.0,6.762846281078337,16.289270276118472,161.49478906457182,2326.812744793916,11777.537911597135,17608.803308064937,5371.960255247297,746.6069681383923,64.42334138796716,2.5482571479474445,5.889209348110514,2.4800562841511526,0.2621325513808649,0.0,3.0816694802851012,7.634602998545174,2.2724052518314464,0.11861728670298975,0.09295920590277668,0.05860520141583031,0.01364853814080976,0.013758841411125574,0.02866846590263719,0.009951696402910357,0.013275713121764472,0.03883429075553693,0.5496752752990282,0.0,3.6971605541382164,25.799124712797543
0.411764705882353,0.041238757397330454,0.020891916391089938,0.0,0.03743155046712321,0.07524593975930358,0.07700505639018465,0.07833984143538225,0.05004774285566046,0.01450533949806183,0.0028739024576775745,0.01532196618109381,0.00850894541304741,0.4926278244535258,3.842943312343267,4.116754802846165,0.0,4.4321122047382335,15.041071681609058,43.64215940506597,404.62685436103106,2144.8254670432843,24847.634639240947,44333.31554478416,24878.312679846906,11870.603795571133,589.1645646647738,120.69800413827372,67.31334648742065,4.592128186267605,0.0,4.529621083090703,0.4004267292900551,0.25360047411462233,0.03039463770673382,0.01703008438794822,0.03732292823776278,0.047557648732575855,0.06316193389619816,0.07406424035817737,0.019183713236190003,0.0018996307427222138,0.05275037283766119,0.3230490646483065,0.0,0.4028332120907736,12.497473715951429
0.4264705882352941,0.11689369862528266,0.08064559631333258,0.0,0.06993763186414521,0.03829129041104265,0.03409073163011776,0.020927708673476608,0.018773982357919182,0.006504071759023412,0.014721141087433475,0.003874198411916891,0.09244803544525221,0.08454086250450768,0.4201702332170811,3.3695752167888933,0.0,7.555891301839495,6.293560626066039,4.559686970609068,170.1923479045996,287.959007585535,1176.5078676468831,3955.602211866426,19960.05819279836,18326.78983882098,27925.669382638807,25177.3522717249,5096.253859815783,409.5446423904301,0.0,7.141017811576406,10.308784405345461,6.861102994223561,3.4970943625710467,0.7036180619736524,0.01826651063126379,0.08802684393209832,0.08886396444985255,0.1290851451129062,0.037476198322704324,0.18021925441391698,0.08240281717790249,0.3723064085896344,0.0,1.9698134377266903,24.452697601836
0.4411764705882353,0.18705669461752578,0.06069209541584221,0.0,0.06056350505592105,0.1820661649758635,0.15538721147734216,0.06089418317288233,0.028120619564970743,0.03439004044678247,0.023786063997036148,0.03852782114803935,0.12277029015056798,0.4062618309378896,4.095936589110549,9.355051029194074,0.0,1.900450242766913,2.2596122088111237,9.464207391868648,16.90181084215384,37.132392550164425,279.33834207021965,840.5496901965307,1529.849241999515,3369.0281796726977,4760.253472144468,16053.032982732111,21944.3866816804,2946.847145089039,0.0,1090.5267882571043,167.30910695465568,8.17705535448183,3.752943532407656,0.4672108775234312,0.43070373228156067,0.6660223119183288,0.4045462841089975,0.08316397228720745,0.1163502220821801,0.14193815521100647,0.353712126683611,0.2001258069321541,0.0,26.542695510081025,117.7671172661598
0.4558823529411764,0.15935120576978865,0.19271708657696363,0.0,0.18236925374576785,0.06411681140505254,0.019597179795753244,0.05220389988970798,0.034552205284816194,0.16217197307462353,0.12623433112138116,0.23302813899822084,0.667383527819837,0.8172866159736663,0.8566220957340163,2.870439795476361,0.0,2.6718294939821075,4.298723001688824,0.7194700378798334,4.603214561085729,30.068276375147747,22.48628407720886,1.5287789618219325,3.7621029261344088,79.51806133866947,116.3248675331179,59.09081880826146,1940.413213716719,8795.539871606377,0.0,8575.469223057815,4900.307976379014,2577.2951354704305,380.31546198661295,11.020788852791075,1.592953378969756,0.5217880032436923,0.1902390632931693,0.2909670311194636,0.3011261661607171,0.025170802877123928,0.047976026375878035,4.813189549571806,0.0,3.762697880963905,42.22205109988863
0.47058823529411764,0.3953334470986733,0.1872759579071262,0.0,0.10812030027885093,0.11569878939978637,0.12463587517025956,0.1164157861834718,0.118900578688743,0.1693830923878692,0.5094874137035056,0.14283228608532839,0.12022962376791158,0.048171931295551515,0.4446651283862394,0.8010236894043081,0.0,0.49559238918427934,0.6957190939861084,0.9867340675378088,1.427525783730172,8.889789729405525,6.680589647343223,8.33095285357573,2.275831657179876,8.03403477130724,4.73163897635531,62.21465436541294,178.02976050412775,730.8791518436816,0.0,888.3324891905038,1392.7080431984618,3573.700339140155,3456.6019778486925,940.5973528516959,75.4445080638614,3.86165446278612,1.3355235085420145,0.16265520677645157,0.04995392507099106,0.025661784315776377,0.25768916567328937,0.9083845273310227,0.0,17.9072300848119,101.91649069172647
0.4852941176470589,0.14706804370228466,0.12635807549148423,0.0,0.2136676130478419,0.11794871653841993,0.059365081082575995,0.09709316424980724,0.1165962434865655,0.09471665454168293,0.20119411375054422,0.4423359242297456,0.2341535080824856,0.15873473451599687,0.19817890866304289,0.313446592175471,0.0,0.7487076751366092,1.1921219407421941,1.6622484687080363,2.3862182581515383,4.907497704842189,5.694847419655827,1.9102221041465204,10.409430123194113,47.39410218855958,73.24837269659812,5.221894593439071,79.23458217527147,362.1725513578041,0.0,963.0741823327485,825.0722593216043,295.93004595047734,304.5816394732309,167.15289100229253,26.3623678726439,2.1087383133108877,0.10847209301419297,0.3548501463799838,0.10525221480846465,0.030348244988539653,0.050191306306945495,1.902537187590212,0.0,7.833647004131627,4.977106290156949
0.5,0.14203608015636893,0.08912159156029315,0.0,0.10560916333155673,0.1715097678799051,0.12514234499091123,0.0622583198860462,0.009699597443031052,0.07201887649518737,0.18937358022546374,0.13687251999919242,0.07693491653783911,0.2065894228415494,0.4137321603184134,0.5370840134526584,0.0,0.17294922622550257,0.1369661732369679,0.0726277489484414,0.04911172494326818,0.4118009748573722,2.1205230403661575,1.622607255194575,9.217010416845586,39.144509329135246,24.598522391922323,11.277200979172076,10.022986406747702,41.70318732713366,0.0,55.64136799223764,15.392233182321348,19.155499884371256,31.18572768749287,24.396620595217538,2.8913188708714084,0.6190733841232796,0.2595536299336305,0.02002342705437809,0.12075961772148586,0.1758083280472766,0.019495945111421085,0.3270272515364071,0.0,3.13170534702694,8.71481975049134
0.5147058823529411,0.0262494801228463,0.02639102085252989,0.0,0.11110609029894761,0.12699197646421131,0.0911907375746291,0.04774343754536084,0.02477047455522446,0.0884573149987192,0.08262328849954184,0.12023627891949988,0.11522462285385364,0.19306712922375416,0.15759454915522786,0.2639323802185177,0.0,0.03761425517067493,0.6803376718095019,0.5446202164610253,0.024534386223440507,2.7912288204215026,7.7943900693067265,2.1112098349772963,3.3849636677915607,16.868846428492702,9.111081197061818,2.4579334434313536,11.95077369783236,9.254282392511323,0.0,5.5972085309956245,3.9377662613699544,2.670494075640577,14.047149307836989,3.180231830665768,0.2362941486791566,0.052888972495541274,0.09964796086198646,0.03246857323777076,0.011779120975510655,0.011660402384036633,0.03174860435170224,0.21738278843634645,0.0,1.2368901064008608,4.506935473487994
0.5294117647058822,0.05391150132394079,0.041829910407002985,0.0,0.015913305435532214,0.018657000052295668,0.02288018738588417,0.01961075424842469,0.02250941463621885,0.033788710229089775,0.007808461214463212,0.01880747055799958,0.06504392128188187,0.20346152044312538,0.07476363981206115,0.14972656961476774,0.0,0.22692190699483117,0.2637573276194463,0.9221983296875955,0.39650037030584107,0.4503350803594677,2.17643252808068,5.571536394543418,7.643824799112403,9.918149870723816,9.31073077291413,7.141226829757533,4.210877536437504,5.144924684949574,0.0,5.869154980317575,19.30121235609957,22.66954919170889,4.935190521168305,0.6116996576911962,0.05977537755513969,0.14240865384307005,0.32813074223323496,0.10792687408878994,0.037558336936802814,0.017191591302226732,0.05171397594123242,0.03390173053063653,0.0,0.4480884996834157,5.557658859894879
0.5441176470588235,0.027974686049719033,0.02058358233445701,0.0,0.03953508592630697,0.022050507063696018,0.007200151964982415,0.013646681241049608,0.009190408770301297,0.021364972210025507,0.019262784011180013,0.021494999513683576,0.022529686935456435,0.06828998483503308,0.3795310829513897,0.5364029465189513,0.0,0.27152970181254904,0.41524428408870134,0.28207826698949023,0.8799673807532333,3.4211288721605584,4.546943592753621,2.3324687529454335,1.7283015465960831,2.1505254868407127,1.4411843407861062,0.5753523631789983,0.11537453973933377,0.07983014932085011,0.0,1.0911044449845926,3.6915982038641717,4.340527219746055,0.814808993685274,0.0205490021093959,0.015472244387353657,0.04309950546113935,0.0280610019790162,0.08917737024558847,0.07740536624104702,0.08236019929948367,0.07328858285399815,0.4450870282063241,0.0,1.9317864816526715,36.693900829015824
0.5588235294117647,0.01938758244897941,0.022084603223737814,0.0,0.012151378475873324,0.01661994958067595,0.00875644798029698,0.01195073702917162,0.034272829690738416,0.034258603722065954,0.023316388516623508,0.013602000663275698,0.05380532665778846,0.1725005483853809,0.3946303018945789,0.640065297856014,0.0,0.7481783986899107,1.7979382787714835,1.0800234485676945,1.6236320828504867,2.209298397305208,1.549103841432256,1.897664194370841,2.472296250833816,0.8269612736685044,0.22648022684606378,0.15268398065221334,0.05889883124427728,0.24389814411749455,0.0,0.18392307446390402,0.19249620227762726,0.20582791453968546,0.025998199185293405,0.013415245084394772,0.021602809077074146,0.03166167315115636,0.04016720615907458,0.07181310125154979,0.12371486937508992,0.058134365497448506,0.25513064102634314,1.6955113645593265,0.0,26.02748604099902,90.39174833627486
0.5735294117647058,0.03831884532940663,0.005042331301371257,0.0,0.020528110263242163,0.036610139597513566,0.032307761520372485,0.02742186759872231,0.00916448936517339,0.01853013967323128,0.019499440824697713,0.012961307182928579,0.06019712849463293,0.10344482831796092,0.4192918705589492,0.3185506142274974,0.0,1.5388410226266023,5.511352900557639,1.9039512377155363,0.7366425309883178,5.632722047933504,7.8027578219180995,1.3846599435991997,0.9523106466261335,0.8452620530604225,0.07758488231039604,0.044846128600567324,0.06943018299255341,0.05308219977642305,0.0,0.36919608626450107,0.4840056273789308,0.12236159099006097,0.0442932856889514,0.04183794750164923,0.009928874306808517,0.1169143057383719,0.19655447820565758,0.09483391540518889,0.04246935445624768,0.008494248299162416,0.03363819156170654,0.3965129330691538,0.0,4.212868993742183,36.94857490505478
0.5882352941176471,0.11543896586843608,0.05872877035022837,0.0,0.034144462674264124,0.021790069674341685,0.02722827436868939,0.013118514301758415,0.004179168806794685,0.0027285970217245034,0.0006486457254864522,0.0010683918359233023,0.0039317116071270275,0.004153256615585892,0.17595091983381766,0.5772936390899852,0.0,3.1232380112641365,8.34464278334196,5.085052707799946,3.0028083942821615,2.630775180470067,2.5691078894207773,3.818170611643075,0.8150167574918892,0.11713891757622827,0.14677788751031073,0.33776208606131675,0.10117890072279385,0.029831334539855862,0.0,0.02448236082982461,0.1914580105080267,0.16425055961605578,0.029774498859157752,0.0399131375088956,0.16457475989988238,0.169383600722815,0.16917136196919755,0.14450691221593315,0.1032797127434162,0.0468928856185505,0.04065652899804942,0.24802388234115313,0.0,2.77693295682165,3.0211971981723464
0.6029411764705883,0.05502478343355285,0.05001818636054424,0.0,0.015245661908479317,0.024167925159277594,0.024704506768632017,0.011112839622700021,0.0060071915382738815,0.004087059809064226,0.0034272223850861294,0.004188285939916563,0.01522260857444209,0.03146739542241479,0.08881963354746389,0.34327744967462137,0.0,0.09397074831981043,0.19787027880757224,0.8295174383003511,1.4375513582674686,0.43178767958340447,2.173928793550493,3.430332324379131,1.1003936139657358,0.3410485417324256,0.23657921412609284,0.07048234493819476,0.0990927356408468,0.18212413457459595,0.0,0.036112571694086645,0.01585225659496037,0.026317880188563007,0.011920919794657647,0.001537831848340408,0.014537171754785616,0.009231258606243492,0.03524090476973338,0.09800450056060925,0.157709907067361,0.006587304418179368,0.03871815438438161,1.256143512865299,0.0,36.12629522443243,85.66815079807638
0.6176470588235294,0.038990902457359575,0.019968137309459847,0.0,0.030442013216469214,0.011413954507089794,0.010611905581605002,0.006080604748355616,0.0019373623529731702,0.0014686104399995212,0.003526870388631428,0.01021040870437679,0.014310684646423728,0.027909005876078256,0.21103996048987153,0.3744987428296831,0.0,0.47374014899669237,0.39143819121185786,0.38822339943018735,0.14935339130717035,2.979636784646952,8.121429038418217,10.083255940433435,2.4277217038844925,0.11162131886462028,0.13728919824137775,0.042545985672753486,0.04306679406740342,0.014166082147473221,0.0,0.008464979268097143,0.0051406237439579686,0.005967684856762787,0.005298366459402858,0.004101998554519133,0.0033732440384662415,0.0734237620805589,0.08363375717634224,0.13205795504332485,0.15390049267278996,0.05107222736993867,0.28319243661390586,0.7111962854877794,0.0,16.475792781135766,212.07640233715733
0.6323529411764706,0.024869565176540848,0.024159775342335585,0.0,0.016894137069226014,0.021160079114908407,0.0011097198102398577,0.005070674027115721,0.005646324874761865,0.004873342064095709,0.006570683181738556,0.012770735608985572,0.02351183138221896,0.012459428350154714,0.025147492939775584,0.04567036045750772,0.0,0.09389222393424071,0.41964948752708475,0.08403674964086158,0.1525403521832263,2.833979069404453,3.5402494405592067,0.9527907856698083,2.0128890862007944,0.2984935396539547,0.017913216064975052,0.0043289677581852225,0.00584898346916828,0.030062834718973468,0.0,0.024902421014461846,0.010152802334471085,0.003040453903727849,0.0020411930030986656,0.0052413544827616355,0.009265858509709818,0.00461657843189016,0.01102092682474071,0.047321097771803586,0.09287495337559541,0.01634249084104006,0.08224266136281283,1.0320339479514178,0.0,18.710150778363065,67.21021439028874
0.6470588235294118,0.06142374175861124,0.03706190022212252,0.0,0.030018899192904732,0.020684290585671623,0.008869663694018953,0.013366874337461348,0.010573321458969692,0.0033854469283288923,0.0019512216393908894,0.003462861936431735,0.008814934380928547,0.023292492428193843,0.0396622761358717,0.04883312338410377,0.0,0.024532836127662473,0.2814128644353247,0.06786919760345422,1.844780993797599,6.112468731767649,3.16387295208119,1.755089773391282,0.2781519473958025,0.1415017511063106,0.061068925837860256,0.030366471333653066,0.013112806978269692,0.0031058242594844358,0.0,0.004981556016337637,0.0048890156468928345,0.005916904593354542,0.009912596870961106,0.011068419925302903,0.005785040561530584,0.007282827454399164,0.017651212998449867,0.02603216018372943,0.019643375323738665,0.017574748415959615,0.07069642881355659,0.35999008108368113,0.0,4.0861039206937235,68.63898041740705
0.6617647058823529,0.07180129256390747,0.04391722098904388,0.0,0.007555882040447491,0.006668694683316544,0.009205903959340055,0.010059053547055427,0.006337875950090508,0.0076224415418835855,0.0036983462981333894,0.0057646856303021346,0.023929523162976835,0.012900939428001718,0.002481069886510294,0.013143526148998368,0.0,0.005546227343578129,0.05726501347607821,0.09174659638813287,0.9413657180047096,0.10050944810298389,1.0369774293522767,0.7596061851131697,0.9227910496194291,2.9713085121754563,2.555916845517391,0.241214332968485,0.04323255037670535,0.012159073734837968,0.0,0.001202250786175208,0.008369811702266262,0.010870463053807764,0.0016404477190898217,0.004042910365278279,0.058311876375361525,0.12223410503725585,0.06555108993720477,0.0032790417251998953,0.03832805245839213,0.08258561029731609,0.040400188594074606,0.26678396413589306,0.0,6.058120851323043,20.560905671015934
0.6764705882352942,0.053738625462530304,0.0553059889558114,0.0,0.014931310269737753,0.0276218531844916,0.02818344673451349,0.035960026762087885,0.011539068773447014,0.00381109183021064,0.0026379512476466635,0.01167126419105399,0.04147165255004235,0.04175148342032614,0.0037604639258392316,0.04623481012011765,0.0,0.09073768209694032,0.19756601904420107,1.0679013337346555,0.5108784855652423,1.305876822350122,1.538810614602785,0.3554987762016655,0.250601278239593,0.5728374850699129,10.843947117226666,12.516194577812987,2.8650952703457304,0.24507462525228804,0.0,0.013634405117304769,0.031509665038290176,0.3987657380378507,1.207676590984692,0.7933392122983447,0.19984447471204528,0.012255980514122439,0.02779728616973586,0.07791123812883244,0.011159162470052861,0.001945729952651019,0.009073691833968299,0.10218788545609078,0.0,2.2730144600465194,5.42113785993711
0.6911764705882353,0.028619837030863245,0.04186918020587019,0.0,0.03705759345070737,0.022967283825722103,0.008791940598120673,0.00370061658918517,0.0036636030234037244,0.0014285661959080817,0.0034417383146333946,0.0054081572611705,0.026078443328681523,0.038260982935873405,0.027291744373755922,0.035833042273317545,0.0,0.2255236143448821,0.40389217185030657,0.41723026122292217,2.174363258976966,4.0951477637514495,2.469110082170844,0.4574294031580761,0.5585815695977858,1.2293072285785145,1.0623524156141857,0.16680502242564013,1.0849761404785836,1.8251834666403417,0.0,0.5263137122146283,0.07963043290474364,0.6586557700365903,2.8406195501732654,2.8655234214703618,0.411069191077584,0.005104273599502493,0.00454309085100385,0.022645442714834187,0.01655278414281547,0.010574811145739806,0.022273698524096205,0.0225113794982727,0.0,8.46276074055723,54.11830141840352
0.7058823529411764,0.0513537686175465,0.06333291636374055,0.0,0.04338609081876976,0.04578533161201655,0.03598254223948836,0.011974936991718895,0.0023995689176136473,0.0027799682687798233,0.0022098049314137253,0.002179905067128548,0.003254608214148238,0.02109650183806041,0.038086614836826516,0.17931168014409216,0.0,0.21235223027401756,0.062148616057954784,0.29590614976139684,0.3626757484512442,0.13862046487665292,1.0361117177245078,0.5196829573308588,0.20398745880789698,0.4169072206820382,0.21960487868106243,0.058428835352058436,0.18713998293412348,0.06348658895012232,0.0,0.8128527910417126,1.2418850116988964,0.18978802165471526,0.013901451596255273,0.035383562184714334,0.1106051386249938,0.04250805346682547,0.018251536865376113,0.007559010500898166,0.007074878602691429,0.006152331784073183,0.0030415086179590408,0.03730893984976359,0.0,6.256078588954022,10.384189315537018
0.7205882352941176,0.042346869272877966,0.011047576683790259,0.0,0.0557471889088886,0.052675647119955524,0.015856571171762073,0.00647230279198822,0.005745751869979036,0.005838068476149126,0.0038494218006514106,0.008025079741022558,0.01637787031279097,0.03017577611185113,0.029578523483168757,0.28242707316906557,0.0,0.8219194575266244,0.7855180376996087,0.18255636549134482,1.0096099461277475,2.875770398900179,0.8976536724986839,0.3493436118993365,0.13512543041243835,0.27034951465294194,0.41026371872233675,0.17561634497387438,0.05154642861530978,0.02318589772269892,0.0,0.13641608381355652,0.7388467450165329,0.741072052336849,0.23201241315223842,0.021854284896788784,0.0022675440415972506,0.01607699184564625,0.06246115257213315,0.04004929032547942,0.0036061707568903973,0.0038347427796052496,0.007444687150118251,0.12969142920611773,0.0,4.4651679369252735,46.463583780164626
0.7352941176470588,0.034252175154346386,0.044007357936885906,0.0,0.02885056357120616,0.02355975425329474,0.015967220609448794,0.008091572419583914,0.010441527588278033,0.007632919177304692,0.0034778876029409635,0.0034325782286977607,0.0037194010025028974,0.023609412286880807,0.04107146266015742,0.040091126347097245,0.0,0.34872580159310884,0.01701717828943205,1.499292318113521,1.711392730527749,1.4172567725235206,1.1251108665636498,0.9366752017066148,0.9913461507471306,0.19835876131735747,0.024744985585526152,0.045494092608467866,0.02797670504901585,0.07680737347945926,0.0,0.15923281028768085,0.009120369250816465,0.03596332590456507,0.05723397077657559,0.01922924907479859,0.022170015541034843,0.026399866857445956,0.057284984741805475,0.11519776621040023,0.03862728685465611,0.0023373002619629024,0.010960063337609953,0.08086717846139682,0.0,5.269201657001771,39.633987232763786
0.75,0.02750481749357385,0.03188034734931861,0.0,0.03204298166167015,0.018830986439434032,0.005719677936866029,0.002688604474751893,0.0005339490197846818,0.00908418511248025,0.011354659848548448,0.008808475455479671,0.006492934493288908,0.01409967563670957,0.012696155991968829,0.056675033862102014,0.0,0.45890713408775,0.28168687874114434,0.2086188133379286,0.574497000098175,0.2769420028295667,1.053227058375161,1.0173347558361787,0.47136844168744263,0.40809717192296857,0.19655868347319672,0.06769092739963774,0.23987372354021208,1.2093766516122875,0.0,0.7236705168371335,0.10053290926923322,0.044844854237744106,0.024818747690820903,0.037635370630827926,0.0536226393273525,0.05911468696085799,0.011748195941251415,0.05088906160427462,0.0031325393006549815,0.015804944547989985,0.016987049436349252,0.02073488369429311,0.0,3.368227114282934,54.52140115061236
0.7647058823529411,0.06144232074707203,0.0132972113533253,0.0,0.016143396436063145,0.006681309450165612,0.005411240232043148,0.0028093620191188408,0.00781537730472604,0.007165956965594093,0.007450689660657627,0.008188787350459088,0.0073146305214874165,0.005701244240151144,0.013713457515440529,0.028344559086765586,0.0,0.2512285516860062,0.042444350643389306,0.05591162265463993,0.43837839553598584,1.1692842131248966,0.14451141926096184,0.03588267856939124,0.11050153827383111,0.012486080563987121,0.0017329370399397153,0.1065176831049123,0.4026930640817043,0.29603356904684386,0.0,0.1389456525562323,1.079382591878812,1.0380332637201761,0.162954238388599,0.009830753353690264,0.009684380488284555,0.035095982054644814,0.05926391851859855,0.046491273308426236,0.04865322169598574,0.053252187503486856,0.0008586961970478671,0.0031182883163829657,0.0,1.320750165691829,73.68900855250186
0.7794117647058825,0.09537691996501983,0.07551324749598565,0.0,0.03319758598672262,0.013904008202522952,0.01438433383265789,0.007052481904142141,0.0050842513139831985,0.0063808817195467275,0.0038981640911662204,0.0017083784640061963,0.009380184752388335,0.023766839261824844,0.014396670156262798,0.009909057371536287,0.0,0.061024641694236686,0.08396919117370251,0.06461222497439834,0.2657662530252548,0.017897865115549624,0.3180610429276299,0.21122518556301734,0.02141886715621421,0.01785446252665882,0.1088593772089443,0.08333657641290504,0.027838253128921766,0.014587106669776367,0.0,0.025849736591136277,0.03082799350293965,0.08118161233892215,0.027402574914596852,0.0010069614704729753,0.01054959762904829,0.009456956824642206,0.13569103282966444,0.7921575255727857,0.8681792991863873,0.12173531077458882,0.03581867199191803,0.23703211635473853,0.0,2.6984910066034433,7.249957390324991
0.7941176470588236,0.08633923783508257,0.027888611832765593,0.0,0.013237318548021224,0.003054190030105783,0.0026398046794420087,0.0026555112356218976,0.004788054439419989,0.006855251206581812,0.003961598826470758,0.008948612173740416,0.007974402500298829,0.023506465433016675,0.006531503111245846,0.027546632668143226,0.0,0.08865820351713954,0.3986196978179859,0.4222015075458719,0.32027860772175976,0.4838867603814667,0.21829794802351976,0.10818826308511487,0.2524463463849809,0.073784307451134,0.024991088362768626,0.03636030110638397,0.05190127768249608,0.07184737567914803,0.0,0.06777099798026895,0.03969149167281554,0.02237111793222483,0.026099921301829504,0.01336318102572603,0.01427155942185763,0.02231636284245977,0.3845779833989539,0.6603270630121552,0.3671575441462813,0.06518271154871591,0.008553037519894486,0.025651936192971233,0.0,1.8605722560536533,18.59656773719892
0.8088235294117647,0.06961979154421856,0.029051465310200864,0.0,0.038926908594548185,0.02146988009405742,0.008884775819180407,0.013491145520986892,0.020363718004906176,0.015550814991558332,0.011522532083463394,0.004207515966885875,0.03251251080929738,0.07960562117477432,0.047768153887208946,0.02609684704670752,0.0,0.01585909719966332,0.09724469753455353,0.4084506668729778,0.23475867923838623,0.11539520200048263,0.23539743081372833,0.04962983434634833,0.016485787166501016,0.1247723081227023,0.06132914654478169,0.009832698936552633,0.0028725658386888086,0.0019455200243017018,0.0,0.004733830754655192,0.0030351314653040713,0.002862974642641752,0.015240158499585679,0.016983990317194383,0.052334462636957776,0.09282009277669495,0.03766352945945059,0.015602047290051954,0.0062292592530882466,0.003448377984191722,0.01479440437498423,0.04649704840520208,0.0,1.1794728787629631,5.491077554001176
0.823529411764706,0.03415850172092265,0.029536661904921838,0.0,0.01766684238992281,0.006753954483365177,0.0018512850977381863,0.00510930393222742,0.0032310061949078163,0.004574825155335518,0.010655465698904007,0.010456858405155362,0.008225584503289272,0.026107215821803524,0.015649646354957497,0.002006353611623868,0.0,0.04325707389590925,0.030929637767649662,0.03876891036097447,0.011047903294434757,0.18229234159895014,0.07608805340732096,0.12244942138866627,0.04486680039110309,0.02050923538130135,0.05397183482037436,0.005932555540716755,0.0036524798010321006,0.0007426718107740443,0.0,0.0031869424317362374,0.0025729194901521614,0.0027929326829047264,0.012308355584880862,0.026365854541445168,0.014330381860090086,0.015061463192039253,0.013720615080874165,0.0014002464653549204,0.004447888744090663,0.004300128805778169,0.009144533993015267,0.0071564353003957006,0.0,1.5854979694495832,2.7829415902017094
0.8382352941176471,0.01493131539430182,0.03490024328004164,0.0,0.018212111646053752,0.014069487821810514,0.018315530238706062,0.012879787246306076,0.0074926265579198905,0.002853647711311215,0.0019613849787135183,0.004739365763898561,0.010820649355762876,0.005000444635478716,0.03668524363391985,0.020880831215021975,0.0,0.053456550592315785,0.01771125894956781,0.0062254813086236,0.036300071468605366,0.43347709036967597,0.5864716926284408,0.22913466294303197,0.07089622234569326,0.02439928764332392,0.04376432075099143,0.013755364557064009,0.00045339641898330205,0.0028313682126629284,0.0,0.0033025089797723154,0.00132114125092577,0.000985798824830827,0.0019030656692576935,0.001493015179551787,0.015905750557079986,0.04156175177841785,0.05015757755114308,0.10116790070907536,0.044578042589984435,0.006411938743471747,0.013451699926507115,0.1457386215699818,0.0,1.2506019564909199,9.050877899298095
0.8529411764705882,0.03613360375120997,0.026403629264779155,0.0,0.009657796571984184,0.007659956523416136,0.015354884764380678,0.003562768114174688,0.0026686961339895793,0.004968884260589669,0.0031523500977967546,0.009227474086873128,0.006728017329669441,0.024480901768800942,0.06181822299887855,0.043928513711595604,0.0,0.02557763804900752,0.11401456679072688,0.148368103277509,0.08929211379754316,0.10914190341739143,0.23936525412874687,0.08904306639789225,0.04711951346841783,0.026342702035915745,0.00612353687769622,0.001996097824030482,0.002017633417134994,0.0011137389766045199,0.0,0.00447353280746739,0.0051514574368533685,0.0007552878983754513,0.01292093222915942,0.04147335124234658,0.022015476299236638,0.015361121351206503,0.1461185524572829,0.21215021265676426,0.02988745225137544,0.0014497170677450072,0.0016536002629511104,0.007294830070970526,0.0,2.9965809867085436,20.16902035976173
0.8676470588235293,0.008522358257009609,0.0430820152031601,0.0,0.046002874632766914,0.041633240075999195,0.017994760758103218,0.013085745137000627,0.010859917854539571,0.011127266836427757,0.011549663487544517,0.004599216780997329,0.009608409684864818,0.033598972118584494,0.06537040381236768,0.10600396458026354,0.0,0.043980853339508526,0.03921634184852838,0.05629464831312547,0.1529089598081319,0.35400295128587617,0.19655651166506538,0.014428483004843616,0.008349303285104978,0.0035788828719839436,0.00494346039222141,0.004694728932702794,0.001530669380231863,0.0012101595205722473,0.0,0.0033379551038343488,0.0022597449613173007,0.0031042039478778333,0.0047533026969292175,0.0042631425403507495,0.005131341038949135,0.01775565965058309,0.06971795098672194,0.05361438909207458,0.0359420859578868,0.0012356083134763163,0.008116697721707223,0.05213510777772237,0.0,0.47668235075903687,1.3982002176756545
0.8823529411764706,0.03559335915242001,0.040897829329380825,0.0,0.009294613727880327,0.006465505656417124,0.016667687029788096,0.013016185070814264,0.006127959107613262,0.0035644249496560865,0.002386998493092294,0.002338779377173348,0.002201688775657442,0.018954058626113643,0.056252736987990326,0.09296296288698946,0.0,0.08159544669778834,0.13645288316853807,0.13240829659414038,0.18322380199648203,0.2743809029235982,0.18065676218640367,0.030014511761933073,0.014933068198167657,0.016570038665935868,0.014815990837096026,0.002310888830634525,0.003059530076542717,0.0029717818202500603,0.0,0.005378057236709643,0.004658961231432014,0.0025652038664758427,0.0033280154393827395,0.01916657893608687,0.0641161299084913,0.0904763761690624,0.1676915396973941,0.13507679418178614,0.040937133742283756,0.004935630211878702,0.02187355083086949,0.429626880409224,0.0,0.1631908539219452,4.9037983832704
0.8970588235294117,0.04030481551999175,0.05331873749987416,0.0,0.03260973086449651,0.011611101663528831,0.011003081722398254,0.006296542194097834,0.006437495481226515,0.009428245978388455,0.005099904082071326,0.0037536924173008227,0.009768545334240201,0.06469841973289592,0.14218447620364805,0.1580152499111206,0.0,0.15691707856985931,0.3425608234657619,0.2851752263865288,0.07822236785949771,0.06033802094361275,0.15232762039440279,0.10529046546529754,0.03943251029752323,0.02222348619461915,0.009374616700922654,0.006967289894500593,0.0008265594428710082,0.0004106329144186135,0.0,0.0011133867168881403,0.0021473799759383605,0.0007132875843176674,0.004662144979197896,0.04127581529414459,0.19601573146228135,0.060117474721968794,0.029019395934221866,0.01427847397963233,0.009300845951256059,0.01577652600559376,0.028542903170369692,0.12813730572331838,0.0,1.5588142392475821,14.916340063034031
0.9117647058823528,0.017756892836210937,0.025056153126428022,0.0,0.034510853972414164,0.03881446530334165,0.027306785066069747,0.006475689363140894,0.007362411650109857,0.007547957165209722,0.004058464601371656,0.0032453571847016367,0.013854162191092824,0.03843692746540325,0.08258089650882575,0.11391698722995838,0.0,0.03627050014074962,0.19284085218484598,0.13282482962420028,0.025120842214593757,0.029154242552542328,0.0962341881709069,0.03939867932241869,0.010046695224342024,0.004806903583903713,0.0034097231620288785,0.003871363727941296,0.000629312420282314,0.0003015939976407309,0.0,0.0018523293688694229,0.0027084057904214398,0.0029563553463591912,0.005080569849262459,0.006232482411740272,0.05103499477630762,0.06032669648719316,0.016907946720188295,0.0068278532552175485,0.012983671624808152,0.0056651345200251805,0.01687304771005528,0.028837370784005126,0.0,1.0655018721770726,17.961016545327304
0.9264705882352942,0.062246647177031975,0.02157061450558321,0.0,0.003958759807029642,0.00517650703428322,0.023610906734580196,0.03563363976583507,0.009780050160212099,0.002793928403895889,0.0028121773540160234,0.010499431625688584,0.03531490771245515,0.044713771931372666,0.03886274186601274,0.04898531446268736,0.0,0.29416355853285214,0.2624854575934341,0.03393685501125411,0.012525014194336655,0.10025353312289846,0.15561569903938655,0.04531738517155816,0.017673399293280725,0.004030697631748539,0.007825781902712114,0.002587713719880426,0.003594069331598117,0.002718163303926702,0.0,0.0018717309563366204,0.002664036786813948,0.0053595738269589886,0.005029116247009266,0.0031721319481055068,0.0016557825060248747,0.001717702683709865,0.012647392734578062,0.020112646816748025,0.01637352651044955,0.0050372394256874235,0.009379838153251004,0.05943709837817467,0.0,0.18997363645541204,21.150532494236465
0.9411764705882353,0.018650436571347444,0.02840892117104781,0.0,0.02459983799749156,0.020177810729731523,0.022413983678989155,0.0047285350276157125,0.00331379018811429,0.009929772466015355,0.007816435249359759,0.005706414460541792,0.009591759258888896,0.03159504836461826,0.04328288901422781,0.1318168425049961,0.0,0.18468609941738418,0.3873445272457,0.7895455048573361,0.5647670984310069,0.46063537219608863,0.3769280217462306,0.10959912274970492,0.016056617064437593,0.005364912654486103,0.002419101364322456,0.0041629605821370715,0.004157828533741967,0.0051203606529723975,0.0,0.00320768091298747,0.0006031823678166794,0.0002822189296666865,0.0007805646529547943,0.004865195612287735,0.009131436762325626,0.006385161660835729,0.007828475128397946,0.00811342099918442,0.013187410708701094,0.0038846759483869365,0.015586557868700742,0.12135028750099724,0.0,0.9356908738460858,7.523371499635168
0.9558823529411764,0.014236416269541745,0.04704552644576221,0.0,0.03334998810687297,0.007142856771508713,0.0063930114064042,0.0024872612819139975,0.0035761418212206402,0.004147694732988064,0.004206346904818618,0.004684113275807055,0.014684850158265789,0.005735848796326502,0.04003299127803515,0.0053516511682075284,0.0,0.08671887442188245,0.09472908355712167,0.01584889245468932,0.18256658229569878,0.4985571017504693,0.5041155495931211,0.1390273193882356,0.029742812340035257,0.01084806404865779,0.0037188308466449055,0.000721533472923094,0.0011772584531322826,0.003882862891343986,0.0,0.0019477447391590117,0.0022277835518042673,0.003947619936312699,0.0020880276229415496,0.0027250101661060464,0.005016352631137577,0.00818455735386441,0.005162432794175097,0.001808702023052271,0.00475279935673323,0.004791886370625708,0.0025049350094283667,0.008992616159681931,0.0,0.10976404630232035,2.676428228563524
0.9705882352941178,0.057560315787459904,0.05189868523396231,0.0,0.03924066084804023,0.015412072190194644,0.03372316115265999,0.01867786200820396,0.008308736041978973,0.0046977121982625,0.005528347224995959,0.008704123896703551,0.030860014947558922,0.04376957636696813,0.025998554419375063,0.06678671632434538,0.0,0.014518440559393584,0.07845347162965105,0.09257992310041108,0.2016623229988937,0.06315281766944048,0.10653728411160608,0.003637094891630021,0.01948369378644904,0.02015953812830713,0.007527528874872897,0.0035280111516427554,0.004646231772174188,0.0016146707149524316,0.0,0.0007205169368557488,0.0007930742626539187,0.0008950800146702567,0.004748056621261553,0.003711447841324841,0.0024278937130906607,0.004618803772562876,0.0036234108296105223,0.0018308329270735864,0.0034294002829499586,0.0037665972672069315,0.003643882790679439,0.027188747207588,0.0,0.16874751035574276,4.762670210412341
0.9852941176470589,0.07648875144727134,0.049474747020852736,0.0,0.048234154505828936,0.043361159660658025,0.011582193824270733,0.01029105416070373,0.004682091341986896,0.0013285580006468971,0.004645829793314699,0.006793003631409301,0.0190717367515075,0.016648654568503337,0.005802408167796507,0.023596976862550884,0.0,0.04367545750778952,0.13866571592554316,0.10525024530929808,5.340778110563979,13.759458526924767,5.501640915549954,0.8442002555184347,0.14004030759765684,0.011185577061798395,0.01017684486302577,0.0027776967572180483,0.002501979403598434,0.0033627447890125788,0.0,0.002130786755167406,0.0014256476128846184,0.0006557846991659501,0.0020707624368920103,0.00502592252178938,0.002366366199019351,0.003646574544762358,0.0064345520056160056,0.002748432380065973,0.0074679577218707445,0.006553474495265001,0.011691696620406613,0.023352322674119286,0.0,0.17938570099606033,0.27955311712339925
1.0,0.09374735081650547,0.061972921094772974,0.0,0.04298284795736722,0.011752811273857695,0.002927571835082656,0.004658713565118897,0.0062022845707110485,0.006842599638484447,0.01401013180197694,0.007701113572936519,0.010082649703025194,0.006701267669537792,0.010820277769714611,0.08439252864839011,0.0,0.22304996545295985,0.2049923091414061,0.01028037511430423,0.9737025184316342,191.93118735745634,930.0512634779043,531.7875605578232,76.40313105620854,5.800318357889742,0.946252270968482,0.25790938184974255,0.05236552418493378,0.025389216613191334,0.0,0.004405751187266231,0.010518071154615087,0.0011781388187534852,0.002575178680217716,0.0012061664322589286,0.0006906061044035353,0.001430305752522118,0.0036729985124665417,0.006872346585791552,0.00446137466381441,0.004111872589480334,0.0025906954194033034,0.05907228705139129,0.0,0.44185028324744285,3.280676460569114
1.0147058823529411,0.10565765257760847,0.049096819412964246,0.0,0.009224483918318755,0.006002214776472286,0.03967552575829124,0.038025336127180315,0.020534973033541022,0.012936164107783909,0.007726410593185767,0.008356394132102518,0.0068978414905283445,0.005343860488998005,0.00473663799402534,0.010518167339971993,0.0,0.030474010418708376,0.4070409521697347,0.7896215303333733,3.938938830057955,152.98217897553258,1439.1529477733473,5532.934840447532,8918.917839761973,4726.671642584114,1196.5723308874285,168.81676705915282,14.84679859081536,0.8811556084778576,0.0,0.1624132390231135,0.02307010505347845,0.013177842158256733,0.007320757713947971,0.007539780670816197,0.002790513808596304,0.009124809276153664,0.0038435632076807896,0.0011616825365827615,0.003742308352206714,0.00838120853717867,0.022815718475731193,0.30457227110091434,0.0,4.98560141944267,5.316449903085898
1.0294117647058822,0.01226908246108027,0.0341100993696386,0.0,0.033865407244569976,0.021467859699430547,0.04913559470579863,0.019011784138649422,0.004789040931570232,0.003930989569257001,0.0024027888878324624,0.003030313623706705,0.003542871652516142,0.012583096057280481,0.020150948700223062,0.18107496849207952,0.0,0.5116205116737877,0.5020926231538274,0.5452542721025407,0.2594199249168941,0.3702181727593443,14.551374234534736,68.38282714099006,109.031385966191,5331.644930865292,4576.057578691967,5084.708921381701,1744.8107484021061,272.7921554423052,0.0,28.625519332542133,3.468119667387197,0.20755066913646036,0.03717662510980759,0.0050731311066659285,0.005843965749418694,0.06739656848041178,0.05043119870958091,0.006319587316951411,0.0013527021918921006,0.005914882251788163,0.006887969340740453,0.26795412535926844,0.0,0.8754758179134956,1.538306695350871
1.0441176470588234,0.04386727543678425,0.009178903303518008,0.0,0.02794926279354417,0.040539854387219965,0.009839431005676772,0.06291663794707399,0.03547227063452847,0.011104388972180676,0.012515889687538143,0.005646319224657491,0.009760113057933548,0.025811589367957955,0.045778359825340675,0.4339444489451472,0.0,1.973056262177297,1.4789605709777043,0.5702227309466799,0.19706431434081872,4.442088454172444,6.997305818461341,70.12627241500029,645.278054394093,2452.265030712382,12137.705100866237,25137.553645693668,9624.35675098874,1862.5997806004534,0.0,1464.2105860272477,38.35535106308171,5.100012852320042,0.36689346117575494,0.12189549532663552,0.12708689953553026,0.146675355319216,0.24326543680764703,0.06575640836349583,0.008383432401288096,0.0070011853902596155,0.02809787833743227,0.17736317598897408,0.0,0.3092135301259207,6.0730742033938
1.0588235294117645,0.0708198229028888,0.04236879015705673,0.0,0.03141179324960644,0.024341015516556593,0.015814267611536217,0.04112650746338172,0.05049886798551882,0.01785775025023355,0.011986020269724805,0.016995776546319306,0.037156091954614265,0.06110337080767435,0.06351116427586105,0.2609491597362715,0.0,1.278710505741429,0.7514042309561579,0.7098240677143298,0.5559921885230973,1.9477490197743617,8.012319640924442,14.644864607712389,5.299697647938183,205.13672535538825,543.254364100162,248.77592143334815,4577.527540974283,7069.996691212147,0.0,436.0308588693241,480.0717871165607,113.32614723958307,31.46573262582765,3.799332594678904,0.9076407905488479,0.024166206485251817,0.05566488305666485,0.0168642341087895,0.009589557774978549,0.007655268109746894,0.011129008451587444,0.12087590397026761,0.0,2.833917338676218,74.38059647732908
1.0735294117647058,0.06915670145320756,0.03919334123696525,0.0,0.009084045727668879,0.017142397320949774,0.0036098472049950845,0.011084050357270952,0.004481579320087603,0.0009372077272866469,0.003998691339955377,0.10154162594089139,0.1707798348654685,0.12008305139976225,0.15098251299464904,0.18982510454687884,0.0,0.6934857764417133,0.7996322776063035,0.7678648715451162,0.2232870055138339,0.16078098124701587,0.9013238350745234,2.0307450817069688,11.355751202583239,40.04958222959469,12.771560420637826,35.80953455463944,98.66595674314752,756.4471650498047,0.0,741.6060593090267,719.5904954134094,2690.8259209017783,1881.9833778585953,425.3660855875635,50.98399504649906,2.6753461899846567,0.2442212347806559,0.11649663469653454,0.03099014636404264,0.011602774546123976,0.04618281351813937,0.05611220880903743,0.0,0.5363963586827798,33.85249387346065
1.088235294117647,0.03550911735107762,0.046607167791741996,0.0,0.03700285067119881,0.019402858907562784,0.014158084815725476,0.023101558364691785,0.023333591514814987,0.037473710156528374,0.04969608936195176,0.08757146635291407,0.04489250798630929,0.08766432928066667,0.3100749476786012,0.2962142541008417,0.0,0.27697817857959656,1.1480303679758879,0.9762373125123778,0.31274098830919833,0.1830486223159674,0.2857957018814636,1.8761393382824694,5.294822893019694,1.3011783400739154,1.0991713840407407,0.5396702971809537,5.5454176096601895,161.19383562106512,0.0,404.56031324813546,197.53262581235202,17.551075469083713,232.92747235744775,435.8354239873561,17.88756757146917,1.6053754958156006,0.24181676968484958,0.10448502495466591,0.11452303984629757,0.01393201117795295,0.016342591014557147,0.343223696705602,0.0,2.0274144749799525,15.468295228857084
1.102941176470588,0.11930761322899103,0.0633915159229225,0.0,0.021587862080391578,0.014141762214455076,0.019004842581119216,0.017623558704362635,0.048075172197682446,0.06984120700777739,0.034120127967120495,0.09667615106302933,0.1641357610263612,0.06736803610655488,0.05065424578751723,0.17215785912139028,0.0,0.0728727613498897,0.10293158342104486,0.03388410212537911,0.08833930874071161,0.1330032866195366,0.5732737009150601,0.874814234564872,0.5392533103538599,0.12172013180865665,0.6357048661663733,11.967636577775853,46.84993636272205,136.82268571520336,0.0,134.71650280617428,159.48833394429585,284.72492720060393,171.63750246128416,125.42698061152592,51.80337987239688,2.4136247148525105,0.3389465300184208,0.031171886415447863,0.04360391943450796,0.017533281841227676,0.03430355513175194,0.10911575869136425,0.0,2.373308560248486,9.507778380583922
1.1176470588235294,0.035559056257888605,0.07420127515788813,0.0,0.027909818969917437,0.06653508267491746,0.08299600727254665,0.04426688428876774,0.07503897931031403,0.11770824092464778,0.09636805459338835,0.12015472642616765,0.12192258629515147,0.2220297545889507,0.17690753778695512,0.05686708321105907,0.0,0.18153808868926796,0.2869529680003907,0.3417745648353956,0.2695044155961496,0.11332143016991855,0.1273254154043836,0.536457903071391,0.504204345753644,5.431875471986683,12.113162644109337,14.95689821581059,7.312400078196652,0.7396765831532801,0.0,5.4020611685634945,6.240859055646554,54.81287489063624,18.52794755638142,6.506168017069326,8.942004682484495,2.687221805271948,0.16712221472015054,0.042049134190850095,0.01050709556164061,0.00871668702328959,0.0513362569763667,0.1003101715230604,0.0,0.20849805559000867,0.43522750971067803
1.1323529411764706,0.07701287770471658,0.06425973531124017,0.0,0.04911968066364795,0.033623475872926877,0.027314163708667218,0.01678159977954204,0.010836917913087208,0.011423145136126547,0.010739458287004766,0.027664058549080543,0.08490828109131077,0.08055001316713886,0.13133473686355113,0.10298551548450424,0.0,0.11372359109889155,0.0693628915766675,0.3103114209338227,0.04324126301865744,0.14179310347924431,1.197664631539089,5.5307568048881475,8.55536870343161,10.142898888348222,7.0023912463468925,2.822009738781877,2.3752339936368183,1.025549375760835,0.0,0.4587635192469477,11.892342335093534,33.160215390581854,7.304316284892391,0.5471058937441149,0.04085527151047924,0.09464289510108947,0.10876878572026076,0.06842275837953192,0.012075302604281128,0.046733624666362286,0.0204934051571864,0.021760284547813473,0.0,0.74671726451818,5.851340900797901
1.1470588235294117,0.017665707435434934,0.0243339937968756,0.0,0.04695072694591894,0.034364263321641955,0.042429656640987315,0.03298347768279305,0.011749968105838978,0.004159911933314273,0.003482156014565816,0.010260912651535285,0.025318694643632563,0.030542379840867905,0.0700305278463405,0.06213280975843127,0.0,0.0918774134443381,0.36089076062712144,0.8132924507733732,0.3876489827417599,0.4055058297762799,0.4043720652639063,2.631498849723539,0.7303150100249503,2.283818560121764,4.715905074941747,0.908743585728179,1.5044224722304065,0.2791009687698059,0.0,0.2728667360437903,5.078672991290228,4.858278562968968,0.3940766168253277,0.0024450579537283693,0.005750398320663745,0.008789135639259671,0.01373488043252289,0.14935999912998416,0.31027971156349554,0.0899924969700387,0.010756678231187622,0.03634286988793384,0.0,0.08666356931897874,15.78386448767981
1.161764705882353,0.04812587001821511,0.04772098443782702,0.0,0.03460545774911991,0.01809638262111061,0.007130233618003583,0.0029660745595035624,0.0014998568799671186,0.00263789332456305,0.00540872706322176,0.008242067589641237,0.04828103523752145,0.1826763939226118,0.12626339434748318,0.12938105783960005,0.0,0.4849203784512191,0.8972288872993508,1.0167990581525899,0.5505433643641712,0.4276820388695285,0.07064134596572877,1.034305979706731,0.8401865050921418,0.7259921771452913,4.905025442384975,1.9615988687465644,0.07109540843087467,0.8099618414928662,0.0,1.352654024087574,0.1764392250621934,0.05510627541294475,0.0534541107224918,0.001901780811062943,0.005425011294614137,0.006345421344495518,0.007150665012263076,0.030355413601503844,0.09864871028379563,0.036233669131211704,0.008761496520218242,0.09790672587735973,0.0,0.6916958202242369,4.610627355799648
1.1764705882352942,0.03258396525455336,0.03341927542148509,0.0,0.03776326917854976,0.021604375736583477,0.025047312672720486,0.013343716745463212,0.0021148223947648156,0.01160239386543644,0.0129063780615975,0.012766435653395747,0.030438057117479173,0.3052990018844869,0.2864536812773369,2.6732722276600134,0.0,3.2482622502820266,1.6803452037083777,0.5781911283567908,0.28767681694733116,0.4623351733317031,0.16379326160206958,0.13211040424399206,0.22764257235554225,0.10296824855285977,0.13595363836375673,0.03289172678166868,0.2732894063025617,0.4988455897445617,0.0,0.36144692590281,0.0768595847962884,0.045668094973093924,0.018090606350523016,0.004843559244499821,0.005279574037580779,0.003954120106300184,0.006856647315608515,0.012388002648849343,0.006847846702660941,0.00229418633133885,0.002382208176411684,0.06049773002219832,0.0,0.6594319961144579,4.056001475871868
1.1911764705882353,0.027134115150240008,0.020943991656383134,0.0,0.032829287617547616,0.05691633166172108,0.035765187479388866,0.03501711746967606,0.030142335680324202,0.0016851962465392882,0.0044670160321079525,0.007551242825035932,0.019690155012915874,0.03429740545143146,0.6368377778044537,1.1446571878175165,0.0,1.203487524679412,5.3795341270115795,2.6235740937401966,0.43659323932525285,3.5531943032311886,2.021074491537213,0.1698210271218867,0.15211855989807846,0.04922025609543551,0.06368031621010577,0.006893605152875982,0.007739620641372512,0.007679701326635417,0.0,0.011432531774997211,0.012698288450008005,0.024353413514206328,0.006300857097206009,0.0016186978713260136,0.004527148486488587,0.004024895118422292,0.004052015793183978,0.0024641381110349185,0.003843897321666163,0.003869454915682376,0.004965111734053596,0.00689165088167733,0.0,0.2273183895560234,0.990567286744876
1.2058823529411766,0.09505284954629403,0.05715168083617915,0.0,0.03078152314235809,0.003005242114361529,0.01856564602531908,0.008976620984726316,0.004266874007613691,0.000939742866078028,0.007832735983506058,0.011146939754889652,0.015656345217560676,0.019001704418334632,0.06980947762423288,0.12491098591312608,0.0,0.057081766657028535,1.2434810929400972,0.9597166436478757,3.4401909217416593,6.0347865089615915,2.5747214035506776,0.36706123773032157,0.33559293092247117,0.16404984976489828,0.06651278518161644,0.04942154707941848,0.04007743235528461,0.0475146442978881,0.0,0.02609242302206063,0.018240508263949046,0.003225578327205967,0.0039109651698279,0.003784307822316199,0.039308061890583015,0.06717128815550416,0.028629182810904777,0.009411143151428988,0.0037850465677255257,0.001213243835038625,0.007509301810896571,0.10276125117706786,0.0,0.11170235376085216,0.2798844152725411
1.2205882352941178,0.008699322284286845,0.07248119011958955,0.0,0.06486672649907187,0.0131967274826582,0.007782313856187556,0.01095956743739649,0.013192874108502969,0.00518923992727203,0.002008631356389177,0.006536946566236967,0.022685087108516216,0.2222669532983464,0.2765873125946317,0.30174271905767325,0.0,0.9075438424043658,1.2073697520412878,1.0888894385556427,0.18272156787004795,2.494659053992314,0.10734281757473874,0.1831323166371584,0.24268998403730455,0.1696652605563925,0.006233486684532262,0.006744552873256278,0.03099334163594844,0.004949249665625757,0.0,0.041667201460256875,0.047712454289985363,0.03273045591646765,0.012537275502573962,0.001438642200030964,0.017803850580636632,0.07418187008632066,0.020148570957789172,0.018138515983766958,0.007724419750438571,0.007244130268000573,0.014021370646168554,0.024248762334989227,0.0,0.18931718175237391,5.510664408920006
1.2352941176470589,0.024370822535292613,0.006393404253863175,0.0,0.01853833530045711,0.016213995214188127,0.007764603355946029,0.007636311836913664,0.011668989329102509,0.010631344143915169,0.008092952941366832,0.008372157814090939,0.018101254610459798,0.08538887594481223,0.27056717535460895,1.1308239961829942,0.0,1.598235705249334,1.2773550896264427,1.2520069477305844,0.08907757968775609,1.267835451384375,1.3445006709635465,0.38327104828435093,0.06511598861855365,0.06560187243621468,0.011082739986770018,0.10468679220669148,0.49717768568065746,0.6864127349609419,0.0,0.41391078039750684,0.13124230979714951,0.015114793850273847,0.02885284990589007,0.0504029842670338,0.04707938630624449,0.04795653500166644,0.24655027495723922,0.3774029469884927,0.19421863647482068,0.015440202694328848,0.0021783671592356234,0.020851164573709863,0.0,0.7088906739274345,7.498890770899202
1.25,0.047393437002959816,0.040054574791032624,0.0,0.028289518651117604,0.009009018924553953,0.012209406523385565,0.022612596658930388,0.019979692783363402,0.008327170993290788,0.0022412005925503517,0.0070077404024784145,0.007902313622862294,0.006277904867092871,0.03703545205249485,0.1035127619967647,0.0,0.07832605855357455,0.04240324142415948,0.3278221979438797,0.4667978091019176,0.46223556673622546,2.505827416942785,1.4514920765480999,0.35070125660811513,0.07755523259913616,0.026691927403402017,0.04584460513167492,0.15651327050581995,0.1554046831133915,0.0,0.07305867250929993,0.058181765092176346,0.016625728055469243,0.0030896878178567925,0.00824641292577593,0.010346833468174544,0.0038065001305578982,0.029566976747892285,0.018442571510037534,0.024105210885767933,0.013028927098986134,0.009545914029167178,0.01093299178156857,0.0,0.2880700317886713,11.405073167399891
1.2647058823529411,0.01548549883435731,0.01971508915970041,0.0,0.028498256892081696,0.004952132367966403,0.0017861713040971088,0.0040697661562752105,0.013453220267901234,0.01243305937534932,0.011618226410338054,0.015596521175527825,0.01159822602901038,0.005648023957549482,0.026003874784585337,0.04462834041145348,0.0,0.11180441763967983,0.18952947011471566,0.24952007667805254,0.3118960698446857,2.2150499147735974,1.7937631547259807,1.0601683834416362,0.5091250624520021,0.607999266883396,0.3396291324999886,0.35222890832962583,0.5300710580726115,0.11086568580855816,0.0,0.05534753535660947,0.08132302997567659,0.049811166474232796,0.017607989369847647,0.004048370293069588,0.001328267366327168,0.004660806791558319,0.010487130550457002,0.0035004782748126254,0.004203956237366285,0.005726318411349874,0.014962778028132168,0.21209852193168846,0.0,0.35767462655975557,29.412467908963862
1.2794117647058822,0.02934437215776511,0.023100980679447512,0.0,0.018135428124550837,0.025744376244556506,0.012020336510935616,0.014226566430908881,0.005998370815900669,0.0018621774262642771,0.003727172266295365,0.0030537195418298677,0.007936261768645144,0.010173765682223255,0.026392809196308886,0.004763271421826939,0.0,0.05266466184079546,0.16193710482475104,0.6211274740532666,2.8484879512090995,3.5157601296677594,1.0170609767200292,0.3480299420927847,0.22659818607511295,0.15284677073728992,0.06959004096017285,0.1823998138942517,0.16586386888648225,0.017930355419400638,0.0,0.008102042985697142,0.011686865047265328,0.010334961778259766,0.025979289231543023,0.011693850875552277,0.0006047593258077772,0.001333637502958119,0.00332074912641758,0.007337158167284757,0.004664013911187395,0.001472281940319089,0.0105309020810898,0.6181351464368232,0.0,5.952853580061806,4.017602647209338
1.2941176470588236,0.03473133878599625,0.017536842562924784,0.0,0.05804556209779263,0.014689787314422515,0.006774244007162098,0.003310527088137219,0.002476677452893167,0.002301798235432746,0.003790691320373241,0.007306218246020246,0.0035393203360033812,0.022495639091064112,0.07456684839504726,0.045553328393086887,0.0,0.028872558035713276,0.2438018568468609,0.14954176520662454,0.4655333458528416,1.649445986113101,0.7111772047663658,0.3337332721367573,0.06217050933863018,0.0980126471081312,0.1380584696896672,0.018831218544792146,0.00590424644586609,0.02987676797151362,0.0,0.015528290896566111,0.006096977471005141,0.00487250629036854,0.0011790992602430778,0.0019223087930127565,0.0022641571803403513,0.002998421808815689,0.002608038181819915,0.004325182676614249,0.0012553103771431632,0.0005618188001100951,0.0340091942959157,0.15058731413764426,0.0,3.9410742424788903,7.435064064648369
1.3088235294117647,0.01207146233677247,0.02888535129245725,0.0,0.0361597321498073,0.03282058636005429,0.01700010611101411,0.017174380785036504,0.009953255447675748,0.008941733578773526,0.010057511501026753,0.012722277513894322,0.004120036069307505,0.012548775903007089,0.02619823852731741,0.038514443984926636,0.0,0.07584878179343799,0.146467963093997,0.18082752901587695,0.66295471683809,2.9360957995415564,2.9436398967847883,0.23919899812332218,0.706267267553107,0.1307786114619865,0.1399896951112022,0.01471305196348446,0.007445440845930123,0.005063970729961502,0.0,0.00475395031196614,0.014536562935541375,0.015267020390351452,0.006593489474398409,0.006408595293926023,0.005648741582695255,0.010540999635991066,0.014418014163993915,0.004746609765715655,0.004454667253256082,0.005950353458637057,0.032547757793292775,0.12402371690185364,0.0,9.419780700170215,28.136286556196765
1.3235294117647058,0.04008277155058697,0.03671671214568047,0.0,0.012175055565680003,0.022755771612692585,0.01281315815592688,0.012015443067592724,0.00988505234248797,0.0018801097426615608,0.002136692285192625,0.0015236219137991743,0.011648370059900336,0.03095988090456877,0.01771417765231157,0.12209819693533644,0.0,0.1960221290969123,0.4236739860991162,0.1917326319745094,0.6666419992206349,1.54988673246152,40.108078727659404,97.1286117708649,24.630829457296844,1.3289764124701133,0.07428686854682162,0.027135539470279805,0.013783144905093352,0.022906964938387817,0.0,0.002299474636770994,0.0012239890830581309,0.0014847923084375476,0.00271415145714497,0.005330611567949465,0.002216990689536161,0.011342888634085786,0.011229344682724364,0.006216039125646539,0.003947362165110906,0.006290913322871677,0.0198046741309689,1.152091740793349,0.0,0.9680314783017021,38.698205820838254
1.338235294117647,0.05018958120610819,0.055315740159142264,0.0,0.013463358495746558,0.013765175983322034,0.009100593509469502,0.011280215248384455,0.006640899170481825,0.0034705582905536106,0.013959995356244773,0.005786114687683332,0.006295733827679922,0.0065095569947363815,0.03518932766037147,0.12264182741230885,0.0,0.06757024792813743,1.6038138759853768,2.985583422565761,6.987931446121349,33.027814622278925,449.56101176117875,3348.958493910136,3949.6995440333812,1119.6135540932494,288.9503283463929,142.14054955721357,20.090152319728105,2.077438554412262,0.0,1.0764620695421572,0.34872003090652326,0.14384177195865144,0.08195400989211749,0.010757980683786163,0.017390755258458856,0.0024489848885484804,0.0035316396176992763,0.010002690918015734,0.0015988368064251126,0.0006151823079346285,0.01227107154258443,1.2096562017041117,0.0,18.18564508788092,84.2937211179802
1.3529411764705883,0.07541424727432366,0.0391964529574879,0.0,0.012201612601156023,0.016666935288798194,0.001028523645115408,0.003887623712699401,0.014704275617622343,0.013769313504048123,0.008059497958428655,0.01641836353366019,0.030588014137576232,0.07113619282459806,0.17412404010505939,0.16310371439783578,0.0,0.519753837277217,11.335414855975785,38.4489608245803,40.349208869852845,16.723077225324523,5.332571276228317,752.8427522650137,5197.415702541133,13161.865870759793,16697.14990976541,13392.83130706824,9138.390470643002,5030.29143855091,0.0,1731.0039826569086,340.14759582451984,52.09837853730367,2.7812272718283246,0.2836969334697857,0.13389492655464236,0.0027177415227083684,0.005004243660236614,0.014845792550878313,0.007181959874073985,0.0031447451445897946,0.014815474565344345,0.4157881646897229,0.0,2.078191504668254,16.50606470989311
1.3676470588235294,0.04058916202253612,0.03420818712741088,0.0,0.04470326679574116,0.022954649465275825,0.009568297117159289,0.0073872370942456135,0.013443645321591133,0.007733636416167493,0.003959422549115652,0.0073556752743899586,0.02545490650613804,0.01798463650800079,0.13795551396707934,0.6102719682229283,0.0,1.1010199371093599,0.7148870244935168,0.5496934730560271,1.9420333133138357,9.84375707515855,8.032634728477117,6.74662826532961,0.198276642048556,10.370572316931272,9.087443786013349,22.600325623476095,87.59086392554596,116.69424349323873,0.0,657.5866465589377,1032.1937440505785,574.2955076956928,137.13713952165216,25.050926095518104,2.060770978835492,0.11809145249156144,0.03727927810806703,0.010377874431777801,0.002474525445827818,0.01828118265723491,0.015942750721306118,0.0679074811393855,0.0,1.8485601123037094,15.661395340390737
1.3823529411764706,0.054400009139831215,0.05543104900433169,0.0,0.03570630097335237,0.015055818531518416,0.010129310147973088,0.02986298919217075,0.004700854365792969,0.007685646628276888,0.0028100478308605613,0.008968877534397368,0.011316841966455281,0.024421624392278716,0.1240143414167687,0.13677609547742156,0.0,0.1331571528143377,0.014779252335974127,0.17644393484496854,0.08813482714790005,1.2733216300440793,0.7525855389653837,1.0444811499549784,1.9304336989210742,3.309913488837778,3.0846026494199457,0.41805779746206584,4.312433297512441,44.24099253116384,0.0,33.062122715084556,0.8156361449627975,6.533425215329716,6.5720454262426635,36.86383497625859,45.28238220639981,7.592518723669544,0.7511503000594608,0.05906452965242403,0.01635191039202211,0.010229249909633411,0.01723324590303446,0.12413871808141201,0.0,1.6897231885646244,3.889711007980788
1.3970588235294117,0.027717577485315916,0.06269487590746109,0.0,0.04211421883034359,0.038759604909209086,0.011653139785296336,0.010709899487302917,0.007078052256634159,0.015039755899741785,0.028938464505364685,0.039642653334168845,0.06156445058270262,0.12772699577594032,0.07301531403203654,0.19946027327886245,0.0,0.12926322600463086,0.06361839867973994,0.12145633639208753,0.16142348270432738,0.21485854172670588,1.4311783014395845,1.8752040774754515,1.6511073451502822,7.589845443512149,7.086339706421008,8.495179271153692,24.07419734586405,23.32699460184216,0.0,8.459537009122908,76.35782128481077,18.667199728259746,1.2227269499501534,5.461551927432,1.5078468170685428,9.190127670222129,1.8126025401861798,0.03204586613090586,0.011571078036077443,0.01381531914006488,0.008427325776707136,0.08440407487916703,0.0,3.4954612284219846,11.033898786667121
1.4117647058823528,0.054030913490810364,0.11509830191856488,0.0,0.06885933793476846,0.00997120427999495,0.01483480204307977,0.03812470377629244,0.023503223005021792,0.024182526715612856,0.034857378596581015,0.025564603308231994,0.12031822476008147,0.15987419522554708,0.05153412625526232,0.06593887678638774,0.0,0.15214176326651452,0.11303911600702293,0.11226147589024714,0.2756375633606819,0.12395631040192545,0.2423802724293618,0.7810627422231045,1.2940214068158438,17.13276270678279,36.24622241561555,32.09625627907809,21.132361697053895,35.93188283073067,0.0,77.77826380060708,28.223611325936623,128.57464879931823,69.70511708133243,1.5496801521672312,34.70748394766594,17.373804997198047,0.3553201040105478,0.02690965477663381,0.006904289312652046,0.0022119499549299398,0.004154803814003899,0.11134733689967452,0.0,0.7973840526151557,20.140280794015744
1.426470588235294,0.047777436368799164,0.020660933920794416,0.0,0.017920632140768816,0.013684626888056684,0.06505452858808618,0.0476983541841397,0.037108290204627435,0.03885535607635647,0.0658331558636075,0.053165870973563324,0.025874842224486033,0.029582586908347492,0.11891690427336804,0.08598150747781892,0.0,0.08202554239759695,0.21565208940649977,0.13459667535091752,0.488980892924858,0.24221997863982414,0.4467556669734475,0.523613235961897,1.069164035666744,1.741898381521996,3.2703619131403863,2.164216782285562,8.644771422488253,39.47888047567889,0.0,46.662060894988,6.582805558478475,42.32679542161729,22.584699183605373,46.25273762904276,144.50650658798864,26.204831307936153,0.6268006894579127,0.02376066825666361,0.03089933865746753,0.007263789182100534,0.013562046561659699,0.13392686855547514,0.0,0.19062082230114813,9.241883294060795
1.4411764705882353,0.022035803686281503,0.028281171729255556,0.0,0.0427138533714024,0.02277686153583256,0.05611512729035281,0.07281266679522375,0.030038961547029133,0.02930665396585336,0.012236925808936382,0.012320164624606871,0.023589207408134992,0.018599416238623684,0.009111030913899773,0.059362981736706455,0.0,0.08020318475290686,0.3876254945770931,0.04913762428595534,0.16657224015170785,0.5492968037647215,0.5402603310633124,0.16695473352560977,2.392232895147816,6.230262317548139,1.5563332064167579,1.0998085753616806,0.28169087591649544,0.3985760518500078,0.0,2.4782624617491966,0.8589854490082032,2.1562914783389635,0.5288152099643425,20.976645230156404,43.92562200586576,20.17026884999509,3.0652552428433166,0.08199674252716167,0.011944512793195125,0.035396710692789844,0.06483462705815765,0.10971858632237627,0.0,0.7173708577875408,3.2940058036810393
1.4558823529411764,0.021600192464420673,0.004144971161227371,0.0,0.023361589912755127,0.02969467664124148,0.020983889070405985,0.02887665018214971,0.02038619462380524,0.135996465683956,0.11849801597088096,0.07337682582620336,0.042949005889980935,0.040723769387982035,0.02378076355984999,0.043800181532034674,0.0,0.4684644844659974,1.3240485702100124,0.37019510614710305,0.01978881543114105,0.08207904711804975,0.8874713455180646,1.1075150985502664,1.681440374252594,2.9750639497000586,3.0593496845667465,1.906181997145846,0.262799860167128,0.25682326113382836,0.0,0.4381327131247479,1.0361934267450597,2.341754990922753,5.053426560566131,6.23295494750807,1.294098059078352,0.3200412998037531,0.29004161180479554,0.05287043063938427,0.00879332612363378,0.017781209852189107,0.013640375260945973,0.057209347820060624,0.0,1.5203211097931681,3.1788912106963507
1.4705882352941175,0.03761711699699012,0.016918599978432747,0.0,0.03376107217685398,0.02607444107736832,0.00536495794772689,0.01674449677226273,0.0023903766242743796,0.005732677107451461,0.04546266770172759,0.05408355512031493,0.01369774799643009,0.021993161322377996,0.1722260797317094,0.6715600529767757,0.0,1.070759985567885,0.5422880090521157,0.148449285028847,0.5073099709805569,1.103272996619836,0.7450599429880866,0.7662756241259628,1.3870300156810904,1.2916905356699013,0.39988551822364404,0.13677099926205943,0.090961710155812,0.21919022271209462,0.0,0.3467069137550761,0.47863475061933014,0.7947156324212492,2.245185270686192,1.5660049580224278,0.15833049225325962,0.132187751641726,0.39439052251825635,0.08435909570545227,0.0045388443836437324,0.012587643476106844,0.0018050396968103508,0.05931725331515145,0.0,1.8774546047318341,1.0764642116138154
1.4852941176470589,0.04554936811523343,0.0496719792072559,0.0,0.0157562277104053,0.005244158515948818,0.021474711945864533,0.016597149067275475,0.0024823743677837877,0.014188363679029592,0.01847391738420779,0.022556712346913674,0.11505937497597493,0.1382405519808707,0.08906635800274892,0.17700067720408819,0.0,0.45939486914378913,0.514636337294188,0.19990922443793774,0.48399128064903246,1.372110500702693,3.043969635892952,0.987698537472901,0.06669040980449711,0.6826111432603852,0.6285087155465294,0.07193504766478281,0.2427467027137955,0.13850786603221277,0.0,0.1269265223175443,0.09718101685639552,0.10801840557531651,0.04306437790872393,0.027957104040656367,0.014154348607517932,0.034791402210976416,0.04021682115486864,0.002914013684942271,0.0021094913608242873,0.0014063927053250516,0.0026664272620222523,0.04767356929736018,0.0,2.231635646193464,7.5515908268493135
1.5,0.10729231233651651,0.021433461186263436,0.0,0.01748717086065101,0.01781042760020431,0.003947332337707011,0.003616090620055493,0.0028762714072884583,0.0056807633731816055,0.002024621751241256,0.006332629182521217,0.014986544669514287,0.05796612889473563,0.12395108970149771,0.03564484464927502,0.0,0.1474260419517726,1.6495827520985498,2.455489471066545,0.27478182404411244,4.546268777499526,3.642467065483843,0.8562747572357965,0.32118773549634466,0.10347575177978006,0.0645969777263757,0.016115918566140607,0.02908594692759683,0.007857266395327855,0.0,0.01956670819509937,0.002625978488703946,0.004036370857118639,0.004058983082009136,0.004866332047247731,0.003028098654681303,0.015408090683141569,0.01090830602830408,0.007016740214925138,0.0070514138852537794,0.003166357200323697,0.003304499688115717,0.11861964048727403,0.0,2.457695578933725,4.495608023873036
1.5147058823529411,0.03821084635335582,0.015282318250164593,0.0,0.01650406098943875,0.015277305052277944,0.007787553935683587,0.014442747216808863,0.005978764303509667,0.003137041357349142,0.0010196370995759101,0.00933891956410745,0.05470205195180985,0.0504447867856098,0.4163506274427302,3.2450107978641602,0.0,5.684257877485779,6.29359823642611,6.991741469019198,1.5990666068049912,1.0298105294341133,2.302186128818798,1.013020317160399,0.10392526675092537,0.02290389064495363,0.011254579531362989,0.013403681068280798,0.007651248216840155,0.008035148617931932,0.0,0.002808325005319383,0.0010040310264056742,0.0024051529664915463,0.001509909203814045,0.0016464903185508222,0.004984107778056568,0.0027391378820477326,0.0007055487308506071,0.0013458442923358284,0.0027087144688188736,0.0011901895455976353,0.007749528346852103,0.06327153197385518,0.0,3.730336596971898,8.551630656186466
1.5294117647058822,0.05033302765180658,0.040101522509045195,0.0,0.014096681937949941,0.011574074684732923,0.007603411555808899,0.00456299188537715,0.0034803912992438174,0.0035028437253195113,0.003238536577548474,0.006219315420029868,0.003319406379982508,0.004862232450048859,0.146042592932855,0.7765700248964276,0.0,0.511205604908248,0.34880668665738823,0.31492258404102436,0.8193363200489014,0.1744554313335708,0.07542959437542579,0.2045822219722349,0.20988537981727534,0.03366246595236717,0.01531177425648493,0.018157902961039626,0.003973270871353551,0.0025657328315586933,0.0,0.00231298864419056,0.003104148263110478,0.0007275837982041866,0.00035655669906497795,0.0033370648465655176,0.008733070834353561,0.003887324549470623,0.00044661352042151296,0.001555465194750217,0.0025773291357559934,0.002661238399669983,0.007708967757117902,0.003972685449163688,0.0,6.193269140408331,14.15835235638971
1.5441176470588234,0.029670709858114454,0.02084903987687723,0.0,0.014498924661704906,0.017908529782551086,0.010384609656631627,0.003651978390004376,0.0019596427141124967,0.0014599305832868057,0.003865732284845321,0.0033589568682635147,0.0015007475316213578,0.023319082247293274,0.0888103495226733,0.0399906874163841,0.0,0.19368523372511226,0.3571644464707918,0.14517223090043335,0.19978463309426786,0.2454338294180792,0.03799259524863418,0.0199505391048712,0.04266753270366896,0.03560472784245418,0.004430821282734805,0.0012483857681655642,0.0008072946109696567,0.0027263303905615136,0.0,0.0018531716599054448,0.003916043452728765,0.005264741658884697,0.005355337529315267,0.007346953612714222,0.0031276875908836,0.0027137221178014943,0.0008798361395786426,0.000556071217576742,0.0009502775806099804,0.002324726049139426,0.0057918598045930275,0.03718890499719858,0.0,3.891229430262281,39.51381983926044
1.558823529411765,0.012705891914750335,0.016904798676563602,0.0,0.005024065982440398,0.011532156357150122,0.013692733356961617,0.009099800981909684,0.006636124105295173,0.005521357072723914,0.0019237063548492948,0.004989795429053806,0.02373501424744732,0.00984579743665538,0.06323635923153342,0.0711287402399382,0.0,0.04710931640125936,0.04608805680315142,0.2591292416896786,0.32290862140074655,0.01634836876545099,0.07158569349013362,0.10066883906018623,0.010125673193890008,0.04085160950189107,0.02265238737837543,0.0019625618482181483,0.001206031550229916,0.0017445983758928515,0.0,0.0029650973960136428,0.0017620777176060422,0.0024120143113755205,0.002485893384661375,0.0012381344650057623,0.0020216424594241707,0.004527647523391451,0.005184224182522597,0.004046995579823761,0.004992288785782901,0.007897467967459812,0.017684714921771295,0.12671636924521568,0.0,0.7236797593279114,27.88344992925033
1.573529411764706,0.05846993673528121,0.022712723753328886,0.0,0.006888795542658633,0.00490358458604332,0.0058295137820494145,0.0037201672857851043,0.001965547259559436,0.004429702513014058,0.003483475139466491,0.01621434643706031,0.01590233715287587,0.013767050012097163,0.01082871963141645,0.019669570345394804,0.0,0.08470934267517963,0.025410897199731185,0.16185301354383563,0.3334668693032449,0.10905966258856506,0.7685790210537149,0.4506232276211217,0.04519807320256297,0.0359663118574809,0.004667058559927757,0.006161545028067672,0.005729211771965786,0.004238944794871585,0.0,0.00197565596131996,0.0008049001232512322,0.001194625717300839,0.0009705945271944959,0.0010259143791029374,0.002329133654442911,0.0012531431562946083,0.002694040121890611,0.003917011448052059,0.003980703765962853,0.00239099769370293,0.10362256716382232,0.8634375882970272,0.0,2.6373984797730414,21.277018740001914
1.5882352941176472,0.04020365527729856,0.0302597395373395,0.0,0.02474214131965579,0.01774646580581398,0.010722171045909865,0.004777057532999878,0.00525237086945906,0.0048328354834474025,0.0030382579870847338,0.0037120516799734986,0.010097767484626902,0.006569203125725793,0.007343837715677624,0.009910519140617333,0.0,0.07736837231550293,0.10133251700001926,0.09394985838046593,0.06860240931773319,0.1755649740962602,0.18893216442976338,0.08594902921581066,0.33447157227287994,0.0696096091602902,0.02206567284459342,0.010657979794578804,0.0026773977878690497,0.0021989145114110565,0.0,0.0029772337435204277,0.003417702838560182,0.002475658478372527,0.0007311831630415492,0.0013809063647703679,0.0025063922973156878,0.0031783785063258857,0.003789653050739807,0.0016718768790132336,0.002082312360334834,0.006462952397377536,0.021222753132507072,0.4034191966654828,0.0,6.518750931580161,12.013445688051632
1.6029411764705883,0.06061710585740651,0.030484410946120786,0.0,0.029969021312343982,0.040313588009495326,0.02062339302426858,0.01841673853194412,0.01676085838280579,0.008501535827962124,0.0029648511907922007,0.002263466983018372,0.002865563300675225,0.026991068748019376,0.016563267408396826,0.03192503056986422,0.0,0.1061919504476506,0.0761214551835463,0.06549516913972821,0.015422060440521043,0.09531128019350713,0.22918340950740945,0.1443861353035216,0.11498769326829472,0.040780357826271825,0.004600572366547947,0.013305279198285242,0.0034745184264595797,0.0007463633967454171,0.0,0.001032516987517104,0.001574446722617346,0.0015428778660919857,0.001444446885689311,0.0024864692521342816,0.001957584722573802,0.0017971001392834017,0.005836475924781914,0.0072921816973698286,0.0072653722050618555,0.011359468468155873,0.09177643207305916,0.5025536393033523,0.0,9.188165762819537,57.00404864799141
1.6176470588235294,0.020575529701581604,0.05702390169147956,0.0,0.03347193851369973,0.004982219333425804,0.008116679429964338,0.006518605875141015,0.005589230523843525,0.00689162252633803,0.012329857997081554,0.0026995915135343074,0.0036700561282000115,0.020873203526328994,0.009183086392543173,0.07525734300540432,0.0,0.07537320600717524,0.031662632794552524,0.04339650289164784,0.06743583956914898,0.10024451445536055,0.2913687239369555,0.17178032831836126,0.11247555884786517,0.08792719418592695,0.02744591766059541,0.02648888863203196,0.0123107526463455,0.0010375294927352746,0.0,0.0033667583242987104,0.003116548155320786,0.0019037458059989786,0.0019424317667399483,0.0017801318591194216,0.0010490348916929722,0.0014029581107104512,0.004148403656373077,0.009078849350452216,0.017049750600155046,0.011436202266936767,0.06211344459626753,0.5834287075641251,0.0,0.4949584595632156,18.545770963246238
1.6323529411764706,0.039281264038594645,0.00933260186818404,0.0,0.006333910275782128,0.015619890492219627,0.01957022728142664,0.009515276758045772,0.004847576459534684,0.008725093236552918,0.005679854431232618,0.003555882172890837,0.008684462080284673,0.007184922354345858,0.01862348510116425,0.008011297340023149,0.0,0.030929764440609388,0.04971730370907654,0.02251679354134525,0.04629815949315459,0.4771888197266004,0.9301671847938303,0.5039853012758607,0.27984557079118444,0.05622332423666483,0.007496809390383751,0.006068342839858175,0.027623547351770746,0.011966903421381084,0.0,0.0008677835779128296,0.001181477873729386,0.002423377041850741,0.0028403848767136644,0.0015018467909749507,0.0018381696428363178,0.0021240358477208265,0.002663663199795722,0.004105712156677169,0.002653923871391671,0.008522638605323199,0.00986560593382277,0.02222348609069652,0.0,4.392462829520603,5.775694526585907
1.647058823529412,0.08749017932341994,0.012031487090633364,0.0,0.019242179761709412,0.01233404198232346,0.0212575782643085,0.017345254157325837,0.008056314225006295,0.0034774246854856533,0.006057431886011405,0.006406529911410936,0.004418301992839951,0.0075514731891579995,0.026599559471809364,0.08134280006143743,0.0,0.09716369281968926,0.21570853165383821,0.26180073953127847,0.19771506160723468,0.5679041755734262,0.49229113547132997,0.0651875647758221,0.023607541265776903,0.0108217599948435,0.0013421995175748355,0.002204631316966311,0.0074500268500214024,0.0036609111260369007,0.0,0.0008697724695687739,0.0010735266900200227,0.0009852288478603382,0.0005066217583962236,0.0010198516085150842,0.0011165996047403062,0.001741248059345449,0.0013234692863468601,0.0021240434512916377,0.0019472772245935966,0.0028057536235723763,0.07765860654417414,0.10758616257120687,0.0,6.981091076441912,34.4324583273384
1.661764705882353,0.09802514125611289,0.09350409372908455,0.0,0.031230283342197736,0.020833714591291325,0.020023791496962467,0.0059784855978332755,0.004492589086245667,0.0025019422954188405,0.0035033776777315248,0.0026268755928369864,0.004994795649237554,0.012929678317199256,0.0028943610532777813,0.01099712789854459,0.0,0.006937507271810481,0.03263527397038988,0.12791916073697487,0.18257013318681575,0.16110788228979023,0.1392025511924652,0.04460789987160703,0.035724063170910814,0.012620919980804161,0.0007255144118910539,0.0058871353344253285,0.0020517446226209334,0.0038101172081643265,0.0,0.006728648886406051,0.0013615364606162493,0.002501879476466722,0.001466557568029589,0.0033397197826514477,0.003956487975480306,0.003231076213546211,0.0032468707154842363,0.0015278723218061206,0.001666729407892329,0.002761907253739581,0.03201757318717247,0.30640312048808777,0.0,6.699776643641538,5.468745900566345
1.6764705882352942,0.1138635711362014,0.040860269951742835,0.0,0.016930274359571097,0.016102290330326355,0.01048712510002831,0.006156054916358354,0.0032153104085146803,0.004163667584310918,0.004751770277201059,0.005357175535644119,0.006831560660478636,0.01154400104779277,0.03222540134718461,0.07280727892151961,0.0,0.03817198530608522,0.019531370548351298,0.12112840161659436,0.024903261103218954,0.06222695117216416,0.027910298886126533,0.14397174102503904,0.0775388196667577,0.020030232557394494,0.0030767132221542087,0.004482239396616237,0.004381602513331973,0.002982226284329856,0.0,0.0036909837115699385,0.003530520906148009,0.003562518640223002,0.00612891836810223,0.003566472372117151,0.0009574234290638988,0.00221292784701279,0.002350145336888684,0.001382535434642832,0.0009701457406688992,0.0016730728428189848,0.042694182668852304,0.314646235593536,0.0,6.284847629375852,25.947370996761187
1.6911764705882353,0.08454660033909456,0.0478005752960654,0.0,0.02695067177731251,0.01971603699484746,0.027098777137650756,0.025631586508310038,0.012437473602640123,0.0107909594025315,0.011169250584601685,0.0033440136352060716,0.00336233294983985,0.0046565907605337,0.015842062104715532,0.025026325980379113,0.0,0.011689150480995098,0.02441351757371472,0.1914537457199817,0.15089558456014818,0.031623829710891616,0.11001406414777185,0.034200936271201646,0.1172451933027059,0.04821733578933429,0.007061274653825465,0.004520962974907301,0.005389828624140254,0.0023888413449413603,0.0,0.0026063838855227184,0.001094303057941591,0.0008375981946994785,0.0017169618220778016,0.0012416500492766782,0.0018125082450217822,0.004402199533213916,0.0016378056473564918,0.00036915332022691535,0.0018079632091353977,0.00789433907458645,0.012262313501871971,0.31624208071333465,0.0,17.566848397528844,79.04846381957475
1.7058823529411764,0.028847374479763967,0.013486342083341365,0.0,0.010169644969307678,0.01747595603398635,0.018501158463717676,0.019654575273664605,0.014373858744785,0.004928236103276938,0.0016679381429526652,0.0027386080910171712,0.00595031705119211,0.012084445507489092,0.032647695930075604,0.03041428018539619,0.0,0.01766464144619647,0.01586444471273377,0.03636555369306726,0.10802223527506863,0.02952827312689249,0.04883768775492843,0.006246815765511376,0.03150155937510206,0.009932472572908309,0.005922935322842691,0.0038948327214633548,0.002176205897508185,0.00447619728093277,0.0,0.00330126726015138,0.0012193715211308448,0.0008826011302700901,0.0023819179673403843,0.0026448352783700465,0.004988118588657685,0.004284776087745225,0.004900094312154858,0.0017783175362586828,0.003357793490687667,0.004546726811348897,0.012846519528422033,0.4934669826961894,0.0,8.56627745170894,13.55349979173457
1.7205882352941175,0.05443940190283503,0.023786320424253785,0.0,0.033757893675007214,0.020440997085924596,0.012939900057924524,0.005580470070686354,0.017060180635989904,0.012073652631599693,0.0015646675021069253,0.004059340354397053,0.013682405711068976,0.02000452850363825,0.008032243384087282,0.032221225387547764,0.0,0.032389108063419166,0.02562141155333813,0.0424762301724436,0.02309482643983626,0.08373584299498446,0.01969142058905598,0.05955639830017735,0.03056150294013615,0.002896985272629192,0.003506527764420614,0.003266597823296874,0.0031397853616372652,0.0012367267539979481,0.0,0.0014602805496808972,0.0026467325755481458,0.002424374550145515,0.005131850924075541,0.0034057464701926126,0.0029880893031057976,0.007054324246402831,0.011461776774929185,0.0043053095544556205,0.005107087946333134,0.011544894448306042,0.010223815008838837,0.01361057471162894,0.0,3.300586779929186,7.395495209550605
1.7352941176470587,0.06279409357731038,0.042151781882493376,0.0,0.024711293843863023,0.019243622466396697,0.023185930968175124,0.01286124565217989,0.0058414275529251585,0.0070284946582385745,0.005004518157761267,0.005120043164773668,0.003556963936626453,0.02317314705073148,0.039039341487743406,0.005245403397811011,0.0,0.03387397762089368,0.024384207469891676,0.006970028839956118,0.1087097259251815,0.16433923721014906,0.15793987179214516,0.05832781114888842,0.007947627765097599,0.009551546776928904,0.0021108671314503803,0.0013582481644575923,0.0036561390420054643,0.0030580813930039534,0.0,0.0033514954059253553,0.0031977951057125227,0.004318217776566833,0.005247772168210327,0.004229624281504923,0.004763028863618862,0.0039379613744703924,0.0014390324237795098,0.005721266913152995,0.0004806265189930605,0.0016720397698084671,0.00504013539949925,0.07483184839891083,0.0,2.142456411911394,12.124091430804572
1.75,0.05159249782451862,0.020592937039100468,0.0,0.019647406159257273,0.015553692978677681,0.0092378210831153,0.007417828926322069,0.004341025483285106,0.0039632516948573315,0.002009295803129472,0.0060270980875195435,0.009513015228364043,0.00590807885829504,0.021843249408205277,0.006741169494666558,0.0,0.01785575991177435,0.0025335156098188357,0.09335197136884406,0.23948128863845353,0.037873070678965434,0.030020287672366766,0.002383870280366151,0.001704585575358304,0.007749169927708384,0.0033164124637438653,0.0013523564106280874,0.00047644841359161026,0.000653754247400995,0.0,0.0008876093021303917,0.0005629120724518412,0.0006265581955933548,0.0012799995549741421,0.0011576020183910077,0.0008036181863775821,0.0007453224620005436,0.0009036252097900831,0.0012307580723030919,0.0013238541314641889,0.0009710743045404742,0.003935122246082298,0.008210259790340662,0.0,0.9268304699031167,12.756230228977307
1.7647058823529411,0.021897178962905328,0.009377690274400581,0.0,0.01869882677426572,0.016774720373226207,0.007481441990368444,0.0027103240513123624,0.007816670480892692,0.004478938924578887,0.004261039902603663,0.0014689390174969902,0.003998771929123086,0.0024775667492824074,0.03992656609892924,0.0631207431795842,0.0,0.08093525662459564,0.04863846948188069,0.01705929877382417,0.008558664176939871,0.07837044000664624,0.1586714777855235,0.07452822781991586,0.017375059160377977,0.00394816807642906,0.0031394148807749747,0.0034934019681259186,0.0009006675411700719,0.0017372207439787328,0.0,0.0029843987508814647,0.0018284996060707083,0.0016541744582820564,0.0018135585714279063,0.0038748322802458213,0.005371329965574221,0.0061268884217606885,0.005242534872712017,0.0009217661853954416,0.0013020395948674102,0.002038939903110078,0.005479831118157788,0.11217063572806227,0.0,4.408237852131014,8.84776974956159
1.7794117647058822,0.02661644788850227,0.00811433912298062,0.0,0.010176480412325727,0.00630905995784126,0.010562028561616494,0.014016752693689757,0.008774404678625662,0.0029498401060135153,0.00147869734077855,0.0010177292265688225,0.0009020181950030635,0.0049681056190883045,0.03583268136468602,0.05987166492647558,0.0,0.0856273693642123,0.024027274239224537,0.063419581077741,0.04931331799634385,0.07399047705856615,0.05858988969682211,0.010905401660416833,0.004255100359841127,0.010816714973957125,0.004215301383544478,0.0016879512741309272,0.001474404410016665,0.0020461584032975886,0.0,0.001251567858668391,0.002713471313789368,0.0018982902945684965,0.002368495233737059,0.008004218443011905,0.009422492550591698,0.011097566369457693,0.009337396640549445,0.0057645050141253516,0.0016290651844114846,0.000931799520068491,0.0021251332984413324,0.1739089450788367,0.0,8.497404596265788,22.6019573022732
1.7941176470588234,0.0927396661215995,0.06584206508103461,0.0,0.03979475820842772,0.020846653383570543,0.019533097425838003,0.017198051096256245,0.015254335354436861,0.009977837305333331,0.00568742250654223,0.0019802145228746152,0.005136442224172437,0.011975140325841294,0.06479274816125533,0.06756227930559261,0.0,0.007527989492587887,0.021159091670104324,0.02379171459737302,0.11994349209132021,0.12275968774123722,0.108959341834031,0.03591365046172454,0.004133511248349954,0.006251521321624452,0.003971592215853708,0.0004519623964991601,0.0024763027419661215,0.003105676384595722,0.0,0.002195862483955158,0.0012416457028377327,0.0015174278966281758,0.0028919558133118648,0.0024407999315139255,0.003653585892791345,0.002547255511058483,0.004578882746680978,0.004999084538639221,0.004181966860389964,0.0005871854233841673,0.0035029685842673138,0.061741776990574336,0.0,0.5464288092611859,10.174594133370896
1.8088235294117645,0.03606575280756612,0.024689117671421245,0.0,0.029442738799841033,0.03083855767468708,0.013093777561780314,0.0018822434745023944,0.000732291428924344,0.004173240539113781,0.00392423576806929,0.005420998520434363,0.0027506635470494335,0.006486898974387164,0.012318735775170096,0.03260871779672939,0.0,0.05306508834584416,0.01190739543768593,0.05561059129709661,0.007978781452912656,0.0578691121101047,0.008872085861452151,0.004004704794637503,0.0022028842556519003,0.0052967551903800435,0.005108696660524883,0.004935405663605594,0.0022780202206963245,0.0014229608848196614,0.0,0.0015314614171676715,0.002647845433965591,0.0020908327575497707,0.0009571968868208847,0.002192533134258889,0.002893514848658788,0.002874545963467635,0.002163006278297426,0.0009879966874385498,0.0009717556546252491,0.0015055599515805616,0.0037193118205096076,0.032903659071308364,0.0,0.9733418055575921,1.302500207456658
1.8235294117647056,0.07426606536396368,0.01313325271400954,0.0,0.028305609240203592,0.019873322597647923,0.005383826461718458,0.006442777694030528,0.0059741090855975065,0.0070719673874596704,0.009065792129557276,0.013862980709147247,0.013305094969397467,0.006342586111159152,0.0037186577633595654,0.014994896608555517,0.0,0.0340113592978014,0.11228108481504032,0.04459994961637803,0.05983529863007943,0.111269051664731,0.0819634131984782,0.019901910524309625,0.008508281809503453,0.0023677076570210696,0.0009204513177108549,0.0007465240237681566,0.0013982640839040436,0.0015197826800580423,0.0,0.000805759610190489,0.0019622255109820307,0.001869750336903295,0.0017738956185130467,0.0018469330776973774,0.0019200669210326145,0.003642602319644472,0.0047638298218189825,0.0029612934711825056,0.0009996783115642917,0.0009069870653844981,0.0011278678593971058,0.0007799746591367853,0.0,0.15918299415917433,0.5589320990094087
1.8382352941176472,0.014383276838229835,0.025044914231600893,0.0,0.018887756299443597,0.004314301954751861,0.004145317543526546,0.007148948960459094,0.001574589537332373,0.008203573475951813,0.010334957392604979,0.005340265569808036,0.0033988524674016837,0.009304625603818364,0.006385392789838637,0.02249873358404752,0.0,0.0947474543855924,0.15010242045211872,0.10079509273570703,0.021201485215466907,0.012739753499081524,0.031669514148130476,0.012309987715296533,0.00373278648911884,0.0033050894323171714,0.0036279062485060232,0.003512751923343475,0.003400495197487967,0.0011839669225542208,0.0,0.001571094270470287,0.0010316004696622099,0.001511991016800981,0.0004601538131185324,0.001412836077251929,0.0022679233029617627,0.002406233966620537,0.0009348478207715813,0.001155639195399686,0.0027434894156438995,0.0010082715437653839,0.0028707295441064776,0.009557451270206959,0.0,0.17107078545249366,1.076735017181829
1.8529411764705883,0.07134780969549732,0.030108095455522187,0.0,0.01836741359375427,0.020394005822198732,0.003961451274705766,0.007788292399370247,0.009610203088545415,0.01979122457946505,0.016117478487801838,0.006849780845949258,0.025512312581997945,0.039274473060976256,0.00864856002610671,0.008157258881437549,0.0,0.01169520133908739,0.012927772051789221,0.023639655553780017,0.038618028428945114,0.05539395985191791,0.006255270609789635,0.03150633976699857,0.022232615060184396,0.003576110364768347,0.0023138927351980193,0.002489020533308827,0.001766949776372725,0.0020622022818001895,0.0,0.001482638533130588,0.002701505005894705,0.0029220638854622143,0.0025546789487688364,0.0015161763737223354,0.000935170135162955,0.002939870492464595,0.003965003229920866,0.0027311157004007132,0.0015430960680130183,0.0016967528385860454,0.011271145547254585,0.025025513234729842,0.0,2.5991384565000994,10.128912277770795
1.8676470588235294,0.042938982299033875,0.0441937140350818,0.0,0.004859441246001691,0.026189967012790454,0.005168859924334077,0.0137577178508658,0.02132881772898101,0.014281499760797147,0.00934453136897273,0.002542549743302993,0.01485946119378879,0.009752673935291382,0.003996205096278826,0.012053773140411894,0.0,0.04679045074580564,0.062393191757558364,0.04336064605315497,0.009542917887657903,0.0063287796498372505,0.007643098444421403,0.012463675454488284,0.0014602116638180126,0.0010400628280060763,0.0016317352671043825,0.001751951267268478,0.0007518550697563987,0.0006491478138579927,0.0,0.0007925960913995623,0.003910856732530535,0.002682154031570054,0.001229247579710512,0.001654344131146127,0.0009807771984408082,0.0009431332478431859,0.0006542758543084649,0.0017238595796393642,0.00259909814195943,0.0032303011772093345,0.0040089833976090705,0.04838740948926572,0.0,2.9626376777917733,14.608574853586827
1.8823529411764706,0.019389186072822095,0.020794247009658373,0.0,0.03257349626792398,0.003839538501664262,0.014594454622718009,0.0057055289001548635,0.008881320831736171,0.007369493161375483,0.002684578900483982,0.003910909270241161,0.01058612097712882,0.0073968375130723015,0.005907056045383902,0.03101137233119599,0.0,0.04555062660444292,0.04918331378227951,0.059320700638686025,0.03199823181626655,0.03692577859097767,0.031123191202726042,0.008890998955132049,0.004911229252901521,0.0018961600709615097,0.0012480392443890936,0.0022197420661344593,0.0008772038536819896,0.0014604400709135746,0.0,0.0007369907426661207,0.0008530451902092408,0.0015493344382379072,0.0009398099417089382,0.0024011553343821226,0.0006831080166773745,0.0005135690505614764,0.0009679090410575652,0.0027055852060646444,0.0023220570345524588,0.0030152922770234278,0.01147573207866522,0.030729217966689627,0.0,0.06494907043015284,4.092180652489594
1.8970588235294117,0.07868576349060133,0.044465300070287,0.0,0.027071394835288805,0.03324478156234059,0.019569398046735614,0.008478356382567906,0.006397672522843683,0.0045570950374976445,0.004258482432910916,0.0033664008997491297,0.007617645503558728,0.010390446124798223,0.009241224653376224,0.023531450639530598,0.0,0.07806664292669489,0.05915313958821518,0.014138974717743023,0.011480039543116523,0.014393360862997527,0.022164390566329233,0.007449918105864397,0.001668855276993052,0.0024854842153295923,0.002812281406265293,0.0008737427522676565,0.0018494316534674842,0.005170913202828186,0.0,0.0025235882012099387,0.001955836730073424,0.0027931815267519585,0.0006709927472965595,0.0034967959496270385,0.0044375363311135825,0.0018119815251232147,0.0009620569847854083,0.004663086717947719,0.004794303197232683,0.005942305788190664,0.0022919091239457135,0.014565722653769401,0.0,0.4191234421395383,5.577166328500915
1.9117647058823528,0.06073320292299703,0.03782508701083973,0.0,0.03353477468882939,0.01903783618389286,0.005854165016253265,0.00921813010011605,0.005590166876827065,0.0026102019844291588,0.0038486342780856947,0.004434314230006686,0.0031287824485535967,0.012252688519056226,0.02161726086188717,0.018912101933269778,0.0,0.028953418492923773,0.022039787032678188,0.00900114341389244,0.041082091364174095,0.022597076380129713,0.00604487635839384,0.008990126761133796,0.003155272232952291,0.00188597143668706,0.004472194333360368,0.004145486949505203,0.0018305020237980888,0.0008152254175064499,0.0,0.0030654209036469087,0.0023208946094434037,0.0034770779540649905,0.0025523746950199067,0.0016896343222054253,0.0014833217013886118,0.0015274778295919938,0.0029280060187202497,0.0010304697951503238,0.0014480900894683953,0.0017399574499351637,0.0035126473523422533,0.018962630257811156,0.0,1.2449735037528344,6.751281665694312
1.926470588235294,0.009360705200984015,0.012147280671730048,0.0,0.011022275130673713,0.002262611937363587,0.00941910380481573,0.008055468686016061,0.0025737796590108468,0.0020396369192164777,0.00041437790507535603,0.0032150956141376776,0.010174273292464156,0.020029026175940386,0.0020906077862838084,0.003598048915703096,0.0,0.0545677028873013,0.0550651967791457,0.030560193145074847,0.0067598737809313894,0.021156208198659952,0.02883161625135683,0.026146438386368803,0.008055955505398914,0.003654324903678682,0.0017655766945350593,0.0022196624696472446,0.0021619411831113543,0.003763514785064659,0.0,0.003657686314279869,0.003300672321687761,0.0027897469435075196,0.0031394482891614747,0.001529132910558695,0.002455773075576855,0.00325114482940209,0.0034384362974509935,0.0014910246409649856,0.0009503351263541021,0.0006878547281367396,0.0035411704600770656,0.011488635496324378,0.0,0.8223628726146321,3.0282511100885543
1.9411764705882355,0.036385518340078124,0.04637158117838595,0.0,0.02374829774403653,0.027307698215773793,0.013710740228560926,0.00894356039144927,0.011599694017021916,0.005781895656108749,0.0006294337755337352,0.0012133665824229632,0.010698730050861156,0.017661215948009443,0.02324269489151587,0.005216298257228764,0.0,0.00941883316290145,0.025500318068637638,0.04999601955421998,0.10046198797923364,0.08784555379075207,0.026216519679051243,0.0026463845388533082,0.003177265173287538,0.0034860781014216255,0.003037230594062875,0.0029093581034507297,0.0005878902222918147,0.00036938009790698617,0.0,0.0014246241026727555,0.0012854495435433,0.0012757844159392464,0.0017170511234850306,0.0015722328572333574,0.0038062650000229674,0.0026725336561278156,0.0014601633903983237,0.0014403163839724277,0.0012078236508076328,0.002173957317949164,0.004767002750782458,0.026157306766428558,0.0,0.3715802636879907,5.757813328202942
1.9558823529411766,0.05366360215656831,0.03496111044985601,0.0,0.02071360055432235,0.023630221603658123,0.02245589755172149,0.005154017715063502,0.014635347457843659,0.008039773319013841,0.0030603596667529535,0.0011787021763187396,0.003088322349769727,0.012519468228276114,0.05065492584557402,0.05122213845694331,0.0,0.017406039023972135,0.015085751732798618,0.01549645872036306,0.02866801681396586,0.03171816516684725,0.002938981112074628,0.004437092919928733,0.0010790044189566412,0.0008749164311102617,0.0004428547354104876,0.0018192612447194391,0.0018192075528081287,0.0017268720326122562,0.0,0.0021464181740757267,0.0014081099177026626,0.0006635575961594851,0.0007762215838362709,0.0007254043438712617,0.0010893113891857064,0.0011992455414206028,0.0003699552244024359,0.0005464916392193651,0.0008391526425484203,0.0004450360024027263,0.005151699187950082,0.05981071314200266,0.0,0.6683626141583596,10.85203833984123
1.9705882352941178,0.06029124644010946,0.007131459444039716,0.0,0.010224799348414464,0.014626776964653315,0.010974219226387378,0.00861925594304367,0.016045156928651938,0.0040349140362093425,0.004275680645187391,0.010730665472177986,0.00951425434565768,0.004191238249960701,0.008786133598340178,0.0029176386358308426,0.0,0.025494808996646353,0.05768148126634756,0.01716252034315698,0.015179899280713198,0.013972523038614897,0.007065682162239689,0.013765369854733806,0.0032064601110432696,0.0016121148271055498,0.002713662651917332,0.0025282003954689458,0.0037326893380430276,0.003280896516985294,0.0,0.006118595011909362,0.004392818611415476,0.0034871842023855813,0.000992922921018765,0.001695010978375619,0.005576750928342244,0.006022766474551999,0.0018195241510845326,0.0007355956638425325,0.0022088074447998212,0.0026699248693639347,0.0030728551537797964,0.0033044652166451835,0.0,0.5939388305600707,11.171457777617837
1.9852941176470589,0.021341973545382673,0.015988672524907332,0.0,0.013101089722503973,0.03488579244940133,0.021320675530967975,0.018265816704458,0.012109356741663592,0.01202362162601643,0.006365898747276869,0.018160062723727107,0.029322616514479358,0.010077804623462533,0.002545267833433021,0.006058449543091947,0.0,0.014514871977719439,0.004416614026895835,0.010225203146475875,0.030989458927529114,0.008415780263069142,0.007229350603954823,0.0019005375497961558,0.0018049511592824286,0.0006218348679502703,0.0003691603398532951,0.0012645607436718867,0.003387408530720931,0.003376738631476808,0.0,0.001275940121736289,0.001397760990003182,0.0016848617860620238,0.0030071552769197485,0.0031919200547814836,0.001172146983921302,0.0013399935219085904,0.0008530193865979782,0.0014431732463390202,0.0010739954923347486,0.0028048348329050717,0.00491455066995741,0.0766249585845316,0.0,0.5542417606263905,6.775650432684882
2.0,0.04570013375419565,0.011094146407885985,0.0,0.0037541315209109086,0.016401287551047583,0.005456346008748661,0.007327735908368185,0.006387925340164284,0.004331869631324438,0.007117337992533602,0.002647443818216482,0.0025106375978213883,0.0017918720358864634,0.007283202805687449,0.02580727818633259,0.0,0.03193621862997114,0.03890402077283815,0.04191576704905031,0.036648643870686996,0.008275607926257486,0.011217954952064308,0.007910347342361665,0.001269298612594389,0.0007961212227262107,0.0026487190851271396,0.004389666900518948,0.003728450470710658,0.0026612549874706626,0.0,0.001566990189998951,0.002290090829675671,0.0025253566526785404,0.0025070218815662244,0.0026770839278349072,0.0046957625507395495,0.002165515544969846,0.0009413107748207294,0.0018002156398380788,0.001978335345852805,0.0038842707453511016,0.004160699173415365,0.05713202021668694,0.0,0.12293951459780407,1.1970919189182472
2.014705882352941,0.024801111086475026,0.03115247877549685,0.0,0.02093817480430076,0.015625896928781562,0.018445305864450496,0.015500748648128115,0.011524805228338713,0.01171859727322917,0.002439104121690616,0.004732329824745765,0.0047373957909159934,0.007942983206431161,0.02891545676933991,0.0686859653444703,0.0,0.09724784348177055,0.08277944216902902,0.0500422882591319,0.004532911228150056,0.004292299682882305,0.007810063989077736,0.005707933097053929,0.0023776444465815625,0.0014496960751800082,0.0030716597695324946,0.0023973753970385906,0.0017249750935730873,0.002352336488255765,0.0,0.0023882019089273023,0.002090928482731804,0.0011347571313892557,0.0008025856507333535,0.0010625570408696872,0.002201635659032255,0.0019223780853459926,0.0012857052254166617,0.0011764921438075933,0.0011990265815933477,0.004706202578084253,0.00673213332018005,0.006237118464196943,0.0,0.9927679075306174,4.2910618289394105
2.0294117647058822,0.044632655089722,0.03780382432690658,0.0,0.035770972658753855,0.024150313416306413,0.007844152598227273,0.014765113710766942,0.0013246274938466212,0.002484594955497501,0.006252901259578056,0.00672569005812841,0.00680847474321545,0.02634713911114188,0.03217084041049705,0.019649738653943104,0.0,0.015588139769089782,0.01905037665921263,0.04936605075923718,0.008345546325776953,0.007208660417396565,0.004381959187730775,0.007406501039421209,0.003127168655541781,0.0017602535377422026,0.0009360041685589902,0.0016087545602531108,0.0017172827725577106,0.0013081144223046261,0.0,0.0005753100805166049,0.00022944039326683395,0.0001759758460365737,0.0012363110753843966,0.002042975747937369,0.0029200745742898634,0.0011255752890518289,0.0009288914845721032,0.001467522063913249,0.001862957559317758,0.0020220196523309565,0.0042095178014146615,0.01220523909070963,0.0,0.06894623777757386,4.564148980893606
2.0441176470588234,0.07958136093475864,0.027760595727965392,0.0,0.02872671654507676,0.025670292151951296,0.009103754097083935,0.008108578900176166,0.005924252475716155,0.004188130515313825,0.005164051116937067,0.008152285003556343,0.006883448860144933,0.0062309813526990375,0.022994520402510446,0.052704825741725886,0.0,0.05683289739052372,0.02551851460185129,0.016070340433769953,0.025213368490741586,0.01285848852724235,0.011073865574764464,0.0092018374636004,0.004184639408001299,0.00400974519160673,0.0023224153987862844,0.00019716005791344898,0.0012839762222652833,0.0020164263404582944,0.0,0.0008270850991525288,0.0004884335602347355,0.0016173081380436835,0.0016762818663222617,0.000711380234459614,0.00036488249505149396,0.0014348204345120935,0.0017617755525133334,0.003323639208519625,0.001908307952584564,0.0011205499643337157,0.0012918229604369149,0.02222077041722527,0.0,0.5491674584859932,4.522504724001499
2.0588235294117645,0.02733214245734686,0.022771411477535076,0.0,0.024582219003074834,0.02069062713435896,0.011075185848780526,0.007211444841083155,0.0037181892297280016,0.00647106957899856,0.009290826705660046,0.012389156838911687,0.014023781522812662,0.013792120275800571,0.015218505211114768,0.013008889418260169,0.0,0.023862937847131283,0.021435400672508865,0.037257083505459136,0.043681591651935955,0.0315676911212153,0.01564142681290624,0.003482466023619295,0.003416918064329443,0.0014497703830529801,0.0029581431396608748,0.0015621919739943668,0.0019410630719602045,0.003147585740675348,0.0,0.001766790959662421,0.0009413638980694957,0.0030153226492804263,0.0025397400490995542,0.0013798403727439618,0.0020137417964241023,0.0031303002645062796,0.00422706191063892,0.002508349646177413,0.001205416270843696,0.002278810399293985,0.004487051322205412,0.09495884251328691,0.0,0.16425434392993382,9.551530986931741
2.0735294117647056,0.030187500309365005,0.038476212511866115,0.0,0.021434635845102825,0.016792767860177044,0.02155651996804093,0.011145349884185526,0.008242417586033087,0.011913653011880191,0.005763271156527977,0.0032966728463107815,0.00546795561187037,0.0038977155469074737,0.026083709169717535,0.017684920677487483,0.0,0.01995541137246936,0.0322472433732477,0.02418196960027257,0.023976572106588295,0.028216925646375502,0.021453607331931135,0.004925132739797511,0.0006615218310404678,0.0020349078530589168,0.0031551366977419578,0.0015541584813839858,0.0017748634863897716,0.0009196167811020405,0.0,0.0018230216460756864,0.0036806609842688297,0.0029050365946277808,0.002320507710841885,0.0014429389662406666,0.0010223207842875674,0.0018285000226777159,0.001348236814926582,0.0017944282032237705,0.0016652807000417022,0.0009847418272167091,0.005020851327978042,0.025512969180051033,0.0,1.9463247058645239,17.687453575310546
2.0882352941176467,0.06540329209122792,0.03145601954258021,0.0,0.004948500415985146,0.017232473132866508,0.009711786896739802,0.0018988279807001245,0.0010955156051123734,0.0019393983126581586,0.005428285074601153,0.004311099801968027,0.006902666068873483,0.0059349861831793724,0.011849552780123208,0.028319546812032116,0.0,0.01516678263700323,0.0034805185301735597,0.004051200513002911,0.0019444372424343675,0.003948039160946951,0.003315608167021984,0.0015148386090413069,0.0012767609728509405,0.0017497618024461799,0.003081755874883089,0.002502629129580984,0.0019058318718868004,0.0011720464686963703,0.0,0.0026691757781088067,0.0036085918656980995,0.0011585405314179517,0.0010645347997737063,0.0011992048522623429,0.0037938426078348527,0.0026290672795908983,0.0014193917154053132,0.001766661868409368,0.00218677740834149,0.00107229772823926,0.005791050238130518,0.15311507213131983,0.0,1.09957441582086,2.6431069974127563
2.102941176470588,0.031819872570849644,0.024398162600461282,0.0,0.021568902030551635,0.02835074783501771,0.014532360616892432,0.016189331736693388,0.004083935410759126,0.0029672905443529234,0.0027638228410858594,0.005817198686745366,0.010147964756383169,0.0062511585358521575,0.004629132647312548,0.00660082007981112,0.0,0.029605365055100724,0.013783617665432867,0.003718624095146761,0.005038139964808102,0.006522366369279454,0.015391314132542367,0.011649965334387512,0.004263700149212769,0.0022031235598952907,0.0006973301071280506,0.0007431264243431809,0.0013924924249753845,0.002803305917655499,0.0,0.0047168897475171265,0.0010841643223709605,0.0011829560422781911,0.002783932375438682,0.0025706545902199635,0.0012446221022061371,0.0007794343246950649,0.0017750387219479364,0.0017025291168104935,0.0020567856564416617,0.00039067228788825144,0.004679781868906882,0.030206241297405532,0.0,1.2153298182602086,14.66544163463728
2.117647058823529,0.009271427971354641,0.02571427596805819,0.0,0.035223698297481384,0.0246881745180517,0.00850776664259198,0.005679058594360663,0.005803731460051266,0.006197512468064027,0.003888528942722906,0.002367451514429702,0.004698867492518906,0.0029680642972807225,0.0007471465714220978,0.005747401069798415,0.0,0.019994881351779403,0.02414892808945917,0.0177332732175222,0.0023165451661536184,0.01020138505297936,0.022011780320864364,0.007042216905472348,0.004940964753857701,0.00362831720203146,0.0008797235906553222,0.0023106533695950167,0.002887651591077223,0.0012093860840610498,0.0,0.0010954416263358666,0.0016838754286236236,0.0008000561372140694,0.002642707893068951,0.0012930316209076931,0.0013181989569791878,0.0008211440702559917,0.0011320916278872788,0.002386708357944834,0.007040447118774287,0.0027349673611116194,0.009669005065439835,0.011507372046382885,0.0,0.711743399861804,8.559856531424732
2.1323529411764706,0.0665762167183005,0.047469597663711185,0.0,0.03445182434438428,0.023551936723452814,0.007237327081548149,0.007282734293824632,0.009725688314585017,0.011905402060593488,0.00991004732124088,0.006810693989085988,0.005135463773683777,0.015077423120139766,0.03156786681580265,0.034284963973080076,0.0,0.030892061916210006,0.011234991174725005,0.009664016780195999,0.006260993690868674,0.013570700977319024,0.008737532206719991,0.0029935970631662723,0.0013008588232944888,0.0004388125569686981,0.001025183947900935,0.0018581603940340907,0.0009027968655385712,0.001594732937318675,0.0,0.0032619584220594383,0.0027550950203919355,0.0011774761966918228,0.001998184365707303,0.003702181842185781,0.0021548646284544953,0.002313280290780829,0.0015734581566508978,0.0013155058191306962,0.0014611706223728537,0.0026954901867507924,0.007583249280156364,0.01407183560499755,0.0,0.540244387362379,11.289174591443068
2.1470588235294117,0.02934396420274791,0.013172535158816742,0.0,0.030993886095185816,0.02210977307353694,0.006852575839555425,0.006247420566402477,0.0023337404800812087,0.002743924235651247,0.007563252892292171,0.0025519120951477494,0.0034555309909431453,0.00931257016865495,0.01950602309331407,0.012448658802989706,0.0,0.002720438395023946,0.02390853490562176,0.024649347147687656,0.0016873673398384314,0.006002398002263964,0.0024618399549759156,0.005783929580128683,0.0015952797693222281,0.000703504635022508,0.0012359446214597015,0.0011561718996217203,0.0008190454026475978,0.0006956898520707707,0.0,0.001754596807217565,0.0028279056787434273,0.003436366492260535,0.002055131405156685,0.0021908670945812686,0.0014279045728857287,0.0017356910429599387,0.0028024731838430825,0.0032547635082465147,0.0032435019498228603,0.003844311815077271,0.0038540984317848377,0.04972421484707901,0.0,0.1744787904540067,3.830913181874651
2.161764705882353,0.019807156762432294,0.032314008048145514,0.0,0.020827149999307435,0.011660883859325854,0.020707055347477105,0.010274234861555437,0.005817138809032209,0.0026752610047660907,0.0027269432617518154,0.0060773174589109245,0.007745989125887542,0.0021617101313486176,0.021927601118250362,0.019878859829774942,0.0,0.007802726765135164,0.009574377523083875,0.009090350626225053,0.0044527999546124224,0.003835694861922861,0.003837929287766456,0.002412826517356124,0.005075009044438089,0.003117638534871962,0.0023857407925328786,0.0015859326941501143,0.00147304172766092,0.0013765047253224204,0.0,0.0021294199868309898,0.0009076776025879177,0.0024809207168545342,0.003754918334166699,0.000730750597569261,0.002872497439709685,0.005356525609199136,0.00514739282316614,0.0025855965553081323,0.0018142214797389835,0.0023544735592718946,0.006572717172908141,0.016205476817069804,0.0,0.22840955470188143,4.085243307552718
2.176470588235294,0.010073449560922404,0.01417561870896184,0.0,0.03547507791617845,0.02655221165572141,0.010468460169785681,0.01128736937398855,0.012327290627848134,0.011411210939256622,0.0036515989063370348,0.0029083722677851484,0.007772003800163946,0.013003955103875607,0.03105241760272437,0.010479161584185737,0.0,0.0026378810483194395,0.014648330055050358,0.016489901368850066,0.00198595310178922,0.009490411148362684,0.01550089730324435,0.006706846908697678,0.004101607701707878,0.004956258234756969,0.0016862751301587441,0.0017326406364107465,0.001694956011010226,0.0019398110521147657,0.0,0.0015135155884922558,0.0020766103109946497,0.00118373100114357,0.0012805574523949493,0.00327278302339671,0.0026791190378543917,0.0009892440397073973,0.0006589255374202916,0.00031101778150475085,0.0014687193930803689,0.002469749520790154,0.0007226387201210666,0.03308222558837352,0.0,0.37914871582902115,2.2152056764306027
2.191176470588235,0.08072451222700489,0.024569115139050905,0.0,0.04892807430982821,0.03145608845395616,0.020452325213468535,0.012754571102653647,0.0030826727679271857,0.0032145604382721126,0.0050567379941422255,0.010403940023866545,0.0034176650704268686,0.002520820983272255,0.01590715552006135,0.006565641045590461,0.0,0.026303375781181866,0.11684481142334922,0.15851730969658434,0.042913946760949624,0.008573873732499966,0.008741638868756316,0.0030595613067441484,0.0012763345377530427,0.0010091571614411687,0.0033473590089716527,0.0010549555322806423,0.002086802630303966,0.0033295551076554086,0.0,0.0016834982466200003,0.0009598957612592284,0.0008368291254553953,0.0007887162360762888,0.0016831772147282466,0.00165889951491833,0.0006137410323403622,0.0008901498553850222,0.0016823253878042624,0.00179053947368977,0.0038038878802677074,0.004789915336319863,0.09627400003595263,0.0,0.6475341200289761,0.5595270300030428
2.205882352941176,0.03989391306897876,0.01369221411947219,0.0,0.029664607134955362,0.01872885878033703,0.009982561233142681,0.007583000649451727,0.005758717624624869,0.005116572564150522,0.012800455303486231,0.006929458669397514,0.0016003056172219417,0.007315395859149463,0.0035653478681505375,0.018664263693700934,0.0,0.01860344287399699,0.04891815607765846,0.01731209782370173,0.005173054504426788,0.008830985831531772,0.002746287345536585,0.005492358148518045,0.004631479969468024,0.003646162438812671,0.0031039828443820013,0.0028913018026268307,0.002871377940639661,0.0012278569584635176,0.0,0.001319140049822145,0.001180393638973565,0.0015944023713628328,0.0016563443381436057,0.002395109842200461,0.0018171304825305144,0.0007568415847128885,0.0013642793563493447,0.0016336252882080677,0.0011093229823816067,0.0011371307500240425,0.00414267308403795,0.07215504672584525,0.0,0.6197090979964108,0.5318355579561861
2.2205882352941178,0.02277444367256643,0.04125192072529306,0.0,0.04553680552235849,0.0270773086240202,0.011278548643185591,0.007790077706719125,0.007222051147273766,0.005157731270182767,0.0032571882805371224,0.0020216405972111407,0.0007293382212511353,0.003491745959636944,0.01029500106343808,0.01145718199842735,0.0,0.06446316740627746,0.02463141369899069,0.015885381094726682,0.014811260008057145,0.004833043957034967,0.006178205467266171,0.006940492802693885,0.003583863078655748,0.00039599041096970687,0.0012491178337291108,0.0011025479897852505,0.001904030291846247,0.0011558713390022876,0.0,0.0022436943558151435,0.002003762826484954,0.0019482796410695098,0.0018920933719399026,0.003593304647047702,0.002330820944731077,0.0011010352667940539,0.0013698576532755827,0.0025098108702075405,0.0026544266250159996,0.0012104175276502404,0.0015582106423352499,0.058544162369792124,0.0,0.7830242969082217,2.772732449423086
2.235294117647059,0.0682841856176951,0.007003700895199203,0.0,0.006013869572575424,0.0037204074667137868,0.0016729657247052908,0.002020882322592246,0.001558545620866443,0.0016905345086708763,0.0043344410215646065,0.01187731166344309,0.008301844032932465,0.005596307165912729,0.01865171075403759,0.01045762647339846,0.0,0.021389461096962423,0.027786202953166868,0.012226099794315725,0.002136517876793633,0.014503012100209493,0.012480514891179977,0.007138350827611793,0.002241680515083157,0.0016114943046115003,0.0012593217536086005,0.002862832499245021,0.007236595715465453,0.005889710904270647,0.0,0.003416787092051146,0.0015073927224067275,0.0013188468039868181,0.0007151999525778215,0.0012048251242072349,0.0009998050710831314,0.005306259567854066,0.006811050057115737,0.0033861325232709388,0.0013315457729665995,0.0004600744571921099,0.006712807563271743,0.022052836144613418,0.0,0.3918038003519484,1.639387128540105
2.25,0.06721041395736403,0.01937656401170114,0.0,0.01931111382753992,0.01017843303287309,0.006417690386153335,0.0023716677688432122,0.0016556317693912496,0.002797337467230874,0.0049989957626610845,0.0018218240636889392,0.004523432059547798,0.010913139223233587,0.0072213863432732915,0.004544568904429123,0.0,0.020920829006225383,0.014254437112296023,0.0041227156928645686,0.0034325245418312684,0.007822646265915223,0.010675797699035218,0.008055200814745594,0.007143535625361288,0.0018341178549549052,0.001821558377369443,0.0009781517628013106,0.0003149769378586031,0.0003658931329555975,0.0,0.001565731933501109,0.0033559745408037293,0.0018566483952428782,0.0006998253259952267,0.0026564221748698264,0.003175486977209914,0.0020657311343720577,0.001386017610229727,0.0022392260075117503,0.0008802385625561668,0.00035070680449923855,0.0017088637722098645,0.03969404278305234,0.0,0.8936754794142481,0.5743273380758449
2.264705882352941,0.07148755257101902,0.018350848606071342,0.0,0.014209357658441987,0.008426791061304733,0.016325400769644463,0.01490628324660235,0.004263487384352052,0.0026757957772367475,0.0005570342680303982,0.001948372029455654,0.0031740089348948303,0.009830763122070797,0.02004958664050269,0.011720430309757281,0.0,0.0037029926853578967,0.03331901457847773,0.05921194383915347,0.015221995678716668,0.004084345212495329,0.004098900856566844,0.0033489071406762466,0.005147448547593365,0.004411317189175647,0.001242313672757288,0.0018191448776768973,0.0023647364293231084,0.0019680531230840915,0.0,0.0033266716804351746,0.0019283941899742103,0.0012282172849894303,0.0010048797226457952,0.00134354294892219,0.002009740571374854,0.0011978441257230834,0.0013661872577349556,0.0017507869334057503,0.004027633963523365,0.0034645621460588955,0.0029398455319604366,0.005921100673224855,0.0,0.1954522891203134,1.1626101434362583
2.2794117647058822,0.05788470889391471,0.01837798971412157,0.0,0.013124121378754162,0.0068377063871023075,0.005707607556416545,0.0029757907367730877,0.002440342742927181,0.0024624031790880527,0.005036905429115675,0.00754183127495998,0.0053499769571611015,0.004168602882938783,0.011078754877727241,0.0035145553910941596,0.0,0.027481117483702914,0.025846328716602297,0.017995201690962,0.034100271532676064,0.008419296082554041,0.0013937506709125165,0.001464816305010763,0.00077892239429078,0.0006323023918247748,0.0014253100117531067,0.00095864092590706,0.0009692878656091064,0.0016055076366070387,0.0,0.0010780937482860891,0.0007954073864402354,0.0016399135106420072,0.0028294873338618105,0.0004018766708567314,0.0013993318172799663,0.001232604357111595,0.0007552159968537734,0.0025147398168647705,0.0029270510726402306,0.00521001228217571,0.00374989929240855,0.013335184656983712,0.0,0.10609958283791585,4.641738081839438
2.2941176470588234,0.08608722178744072,0.033909411235069624,0.0,0.013664794725802062,0.009527018149954417,0.014750768452952884,0.006924735256965993,0.0038389033257595767,0.003783437343946239,0.006620569488514201,0.004099056018030524,0.006955587080735186,0.006461181472857133,0.01593901217711364,0.01781667112968823,0.0,0.003872815551657407,0.016791067695529363,0.005072047336344097,0.005754682852857907,0.01099024878613743,0.005398448552765004,0.0005738752476422532,0.0018649555755855035,0.004285022863014526,0.0017823223478955815,0.0017029832550062081,0.0008429836614737376,0.0013606808254667288,0.0,0.0016623920356018667,0.001885521670927983,0.0010162423260480303,0.0017698603724829358,0.0013381155557209987,0.0007095773612129164,0.0010261480654555706,0.0019541844949197903,0.0011797153046679458,0.0018214574828156467,0.0039713741602279765,0.0062999758748221914,0.009846094012085296,0.0,0.13724629060201077,2.3766030251418027
2.308823529411765,0.07928218166175821,0.07391285638200147,0.0,0.06389074603626496,0.02658931480469622,0.004026993599045223,0.007060239266299373,0.0021984362374924274,0.0035471025108970633,0.0017622297424709694,0.006555931734428227,0.009842996497356626,0.009493460607892088,0.01085426714771896,0.005241295730723274,0.0,0.0009258713512744296,0.0027451249689658575,0.002374458263208667,0.010933864736538523,0.006562688462431373,0.001725597065774366,0.0017744262833937676,0.0023618092496813115,0.0009948833816593602,0.002901228295949494,0.0034359525029671965,0.002147326335404518,0.0016981235976995944,0.0,0.0014949369495019617,0.0007984248082521312,0.0013824659679868598,0.001759867210551015,0.0021642985639597277,0.0014127551167357664,0.001792417968163557,0.0007359707331955114,0.0032855189430611442,0.003048544644621346,0.0020471608801529055,0.004115736429783605,0.010631757053809136,0.0,0.1419602055767941,1.2291771304382089
2.323529411764706,0.012108066847212993,0.01026251205225114,0.0,0.033771595138576055,0.015906393693807145,0.008231199009345155,0.0065201129547535,0.012344031777202185,0.005980206818278943,0.0017304279968153409,0.00822762128585406,0.012504219368626059,0.0055461952495032205,0.0024944002226295527,0.007364351180414621,0.0,0.009018317581035246,0.014685991320949875,0.012071356940701305,0.001673417376348186,0.0025329897298243666,0.004660258975229203,0.002187079428849852,0.0014984269284181815,0.0025276157368904054,0.0020984729256531168,0.0014742119280695036,0.0030795811809405213,0.002939761189771952,0.0,0.002013892077880294,0.0031918477304823897,0.0009716819704026279,0.0008656905877892605,0.0016252193505003863,0.0011735601526065508,0.0010412404114338186,0.0009342215344934077,0.0011595751163153457,0.0009907620420534593,0.0008826686182025851,0.006084544196772975,0.022342971831133575,0.0,0.15282761415553514,0.6009919358781832
2.338235294117647,0.06647975507515858,0.01959621533641869,0.0,0.006465367056076425,0.00967139523028869,0.01800170034455401,0.014625807978415173,0.005364070141644053,0.0017627223590858478,0.009187315103050696,0.018718529857832678,0.012743625986213203,0.00880365127564254,0.003993374133710224,0.021398039363982383,0.0,0.010843180751230067,0.017402886581377074,0.017484196473959317,0.013798662031596354,0.005982434609428074,0.0025644401047917667,0.003684924593804147,0.001133577781977864,0.0015899008859446189,0.0027157200221837735,0.003637312811526317,0.002558838995578663,0.0017006436741453905,0.0,0.0009894092484317868,0.0007706236450659084,0.00225090422896401,0.0021109190751781052,0.001373223781359365,0.001208609952632645,0.0005213336174330225,0.0015073710511200522,0.004269215689271762,0.0024675216473156753,0.001750958095236354,0.004732246770769542,0.012787639176387727,0.0,0.06720123625405452,0.19304721405791878
2.3529411764705883,0.013441948284472224,0.03241858026971334,0.0,0.013008170716670571,0.01570119340880923,0.018449081029243378,0.011612333234643507,0.010441606512050337,0.010186131710021197,0.006062643351707145,0.009523380967137325,0.007667331184984936,0.0038153455923311897,0.00954493062058445,0.03431492585339953,0.0,0.06198806391563683,0.02392210800433756,0.00996387832071746,0.00259093984861554,0.0033979934141860997,0.0068747416046121305,0.0018987746208549761,0.00130663223455818,0.001549273805234511,0.0019526554689070295,0.0021814444783037194,0.0016903366607470404,0.003408635977685895,0.0,0.002688499581732129,0.0026036923826576143,0.003936299216492426,0.0028596101010830446,0.001891763763245025,0.00026325968394761047,0.0015391105679306441,0.005809468271700006,0.005584112431077419,0.002786486160344116,0.0023058531052586283,0.0015848995223320108,0.016956751412135273,0.0,0.1774666635759963,0.02945261705925774
2.3676470588235294,0.1272383996055919,0.06962845472658472,0.0,0.006007964357516139,0.0220177688275981,0.011781197850760872,0.002693870789845479,0.002396097756505019,0.0014388319555016177,0.0006551020842738596,0.0020100316008361523,0.004631252617810984,0.005813692476175049,0.012409953925106165,0.0004739803505298451,0.0,0.03156761612088485,0.032950688489215264,0.015786536334967363,0.005142422844745663,0.004902324386794523,0.006922682712851436,0.011099187633681947,0.0094405126385804,0.006984499028683152,0.004282154226094225,0.001979708802301393,0.0007214290359200207,0.0014208762673222264,0.0,0.0005586807073744886,0.0035774696846367494,0.009363341745823046,0.013008218723040255,0.039240660416638026,0.032508940660827615,0.001700654605792397,0.00430111140368138,0.009226277047487732,0.002579348788657859,0.0027315227350343443,0.0026747926398294395,0.01910850370623501,0.0,0.06655008503591206,0.5556886158232406
2.3823529411764706,0.028006009515993614,0.02181618921094689,0.0,0.007425248083168696,0.009759580905002865,0.004083256781221039,0.009846846947009264,0.006994524827519559,0.004761533506977295,0.0016241296266039018,0.014144160781065795,0.018496260262142523,0.02094452252251248,0.02812818294960521,0.026139136681018818,0.0,0.04351114375531786,0.08363129524906754,0.07407737682776949,0.021771948821979272,0.00597168794851199,0.008044002768908206,0.006290183262903118,0.0032885170569732117,0.0015963603504598454,0.0002960795143650995,0.001016732211087108,0.0009655790150298656,0.001797536062039916,0.0,0.0034964423638267463,0.005882875693150683,0.022752640959218765,0.010769855839554542,0.03656285603165976,0.098472601181057,0.0903650848400398,0.03580424503097507,0.048373243965359504,0.02392789788013519,0.005820593827928211,0.002291526406737719,0.006367942539690785,0.0,0.02982517284192595,0.2853461766621211
2.3970588235294117,0.03368993603950163,0.034405759938215985,0.0,0.034226714870822614,0.00906386030561808,0.008410796498481513,0.007951952676738917,0.017977123400563004,0.003789697908744768,0.0029083552831961497,0.0015478154289507622,0.01048901922447306,0.012117870079938663,0.009206097690561412,0.010274599377813009,0.0,0.036912640943754585,0.016814434612968245,0.004249238006607883,0.003913514757545249,0.00523108594025383,0.0021371179983360046,0.0022483823434790986,0.0023322725418070053,0.0019334697720578232,0.0014692270393029429,0.0016906249437886429,0.0017336759688721223,0.005120669701726275,0.0,0.009883803146908938,0.009373049453279336,0.013192353154045863,0.08353717492980726,0.4364160242039815,0.9900708812526221,1.1230562383948075,0.9820700887354539,0.47571355656763337,0.21499264974942267,0.06672197537560723,0.00400362597923068,0.002550507485565023,0.0,0.1336996966111391,0.11381788230645154
2.4117647058823533,0.06584064918152792,0.06217702181543979,0.0,0.0867320182012579,0.04103299398882088,0.027208185068143396,0.007540745914797342,0.0047433072902114065,0.01001037981510522,0.005329757067992972,0.006027079199702462,0.006559431104964788,0.012229142590167634,0.06305292961940652,0.13517562946652367,0.0,0.14492910253561636,0.058579044901204316,0.04732339439955073,0.05043881340849008,0.008713433191611875,0.0006376381594362479,0.0007304778082502145,0.0039539647359251705,0.004169573888331116,0.002332343768181921,0.0029890161827889144,0.004100359363350289,0.0035244912780193387,0.0,0.011170180847345381,0.045903868001374734,0.020202413855071655,0.11826824231623678,0.605578072960064,0.66424822074087,0.14797727763326227,0.4451912325303208,0.4159582836996949,0.3862298325199764,0.13112047913324765,0.0812901668740527,0.004125192844779213,0.0,0.23406676302266494,0.626488453499133
2.4264705882352944,0.03718823714711023,0.03844051606579309,0.0,0.013280693692412113,0.01554218854069022,0.017516544611923264,0.0051101312849024805,0.006933307318865054,0.0030402753558265517,0.002641445051199149,0.003409270001371279,0.004556083971935537,0.003629897211708237,0.004863634362432099,0.005349844694242368,0.0,0.00561053626092179,0.02783386380147322,0.011928740884970803,0.008747356982822384,0.005032205487650975,0.001530149633680847,0.0032502827825604177,0.0015415208118192904,0.002860885819622393,0.003062883965309222,0.0007720099077158682,0.004455809708268102,0.002787555918916923,0.0,0.0034781928044159676,0.014203807421530986,0.07458682247115514,0.0070079932915460726,0.17347431167096944,0.24955747557467303,0.0560938941750591,0.06382146937782993,0.13494836396900622,0.24424452145216655,0.014090037442621797,0.0058567089981051285,0.013149021590414665,0.0,0.04409170502629455,0.10883949327525966
2.4411764705882355,0.024058443154462632,0.03449219922479214,0.0,0.02334715529272623,0.005756190476492453,0.012301524116061889,0.015075813672986143,0.010257965347110324,0.019801552311150213,0.012621527484408724,0.0077201556289021615,0.003380845788956215,0.006032258825665577,0.007881020398343729,0.01092038866759822,0.0,0.006009482903962051,0.08762415550382585,0.10505491353140253,0.02233309912544701,0.005972000109408828,0.003942479765605011,0.0007920098262835449,0.003146921417864405,0.002393924506495639,0.001830919579916831,0.002608179038026232,0.0009709779624717998,0.0027874616997477872,0.0,0.005627302227160923,0.01196213103213829,0.03689861966842395,0.11714347757825155,0.20759289743867304,0.9659652974458034,0.6528961437904447,0.28930790663111483,0.05455477542395762,0.24574446619517298,0.1245759434592092,0.019646502348116646,0.01001923078381952,0.0,0.030476127753208897,0.2323184197437752
2.4558823529411766,0.07890014662355327,0.0646213274539977,0.0,0.014225205434826138,0.004311321070667146,0.012455620142045515,0.01258950999048469,0.0045469887454246405,0.006364388489298925,0.005956204632442947,0.005021372429998317,0.0056761422703917,0.0026394511359559493,0.01171052860180088,0.04708877724461744,0.0,0.11667268614714377,0.14342512221164752,0.024515042846191923,0.009649755894389891,0.007768725266420309,0.0019955729040139385,0.0046143958233219136,0.0030688025913092375,0.000992456463984779,0.0015523650784157047,0.0006376979393515124,0.003236710388284115,0.005005110375973717,0.0,0.005144671466019422,0.04403723489765637,0.3238911916908725,0.5191832802202663,0.4631040076684977,0.26944441376041994,0.35590902200728103,0.5522484397766281,0.3125882008082246,0.5134653838376916,0.23132694009017735,0.018272957306874983,0.0012156271307978608,0.0,0.06423068200215748,0.15241578874304446
2.4705882352941178,0.02931658652509469,0.01360153877254239,0.0,0.008960868861766681,0.003405909742664504,0.008936192156572572,0.0029862007049826626,0.0032576221749398113,0.0017041298863804324,0.002729621815149462,0.00397075944410291,0.007326496911339263,0.00808037488070035,0.0088943073497959,0.014377055394226523,0.0,0.03306730673560124,0.047716064666441474,0.011013033855476358,0.0028652878706198993,0.007458364207789379,0.002225913420274509,0.0023599678298538472,0.0016184842225188513,0.002981544803949483,0.0018234592706174485,0.0035058008931160133,0.0020475153586971126,0.007646167535793088,0.0,0.008943218736726448,0.03344869443757396,0.04966795726472732,0.13655405289938743,0.34951383854917395,0.6317283766926192,0.1518622590948142,1.3233310803487264,2.114995275346711,0.5171465407496195,0.05668852236514886,0.002632128007763383,0.009893757450428847,0.0,0.16250246615793326,0.7967581516763627
2.485294117647059,0.10237643290084458,0.04379967158918153,0.0,0.09554245766878566,0.1507919880606286,0.06414635461364689,0.017291395721361374,0.008134092111640265,0.002038599134146956,0.0027136282682004996,0.003158988679082905,0.0018721666054469194,0.007957624733757319,0.001190040443190903,0.009151348445244982,0.0,0.019978052171664627,0.030929988717394725,0.03486868133651597,0.02677732431480625,0.020047721252136476,0.014455896479334429,0.0034861146703664653,0.0008711485727630079,0.0006818190014610941,0.0006688307388414581,0.001577985928049492,0.007594376244419611,0.0200993918201419,0.0,0.020217565724376108,0.011213622642636794,0.11297200654175038,0.4762699115962731,0.8368678179942414,0.1584046887199076,3.935605779487264,5.07179034246434,4.43528631600403,0.22066806764752261,0.13233335386960574,0.002150433235952928,0.00878089860580473,0.0,0.036909364456339064,0.05610343250303105
2.5,0.024697930574395108,0.009935425379111741,0.0,0.01579524287279169,0.025899183639906675,0.0021744226789195704,0.013989426987606185,0.011468877535663223,0.007323495887637007,0.0031789469445058097,0.0030955576627716545,0.019936546374476057,0.025006055675641826,0.029408323901897595,0.06273786321183072,0.0,0.05581372841971937,0.015571690613919904,0.009580222474158264,0.018845901939361597,0.0033942519918366684,0.0012492666380660607,0.0006361053529257353,0.001644956218671508,0.0022763203946940093,0.0033490942713493253,0.0018917008043751243,0.0011180707774603206,0.01972326783335722,0.0,0.029946404447947033,0.01142395302385852,0.11678654562476319,0.402707357469025,0.9025665082387806,0.5761835102261728,10.285244804107608,21.662327290664823,6.903783467775151,0.514879382173351,0.009189695876997315,0.020752179462282465,0.04224640050663511,0.0,0.2752718312889506,0.36894323092320014
2.514705882352941,0.06268512462218297,0.04992738844684416,0.0,0.011910604166300673,0.011757088136208257,0.00789045862033116,0.01566776680975375,0.020836074142942702,0.016085176744961696,0.007548617081003266,0.005283236835228378,0.013945085293957786,0.010016183290740565,0.014682602846793182,0.016570010136585104,0.0,0.02335707246128004,0.016793000047968795,0.0010809232084612827,0.007752661174824165,0.008450935236095776,0.01218857323149017,0.005547182305498206,0.0016971597928183342,0.0010373980391602089,0.0025982712451677716,0.00259744301818449,0.0058047875646683724,0.012179785163916436,0.0,0.023548163660185258,0.04448874875146396,0.11295097144161391,0.17376774775412157,0.23013582949671552,0.8676729616769222,2.134025220953136,2.045582957571001,0.3126607752386653,0.04564797449472389,0.09171296722954833,0.04334876321104795,0.006131342150886661,0.0,0.03198844095569911,0.03996508792036472
2.5294117647058822,0.027851479527352327,0.010483188052526904,0.0,0.01108041645024226,0.0070364651727849205,0.008781791641706565,0.00855452604932507,0.003889574128572444,0.003814764525077792,0.0037336249340394283,0.0022571972447402743,0.0006512079335335323,0.0038633942531895705,0.009821012911635752,0.019501942575453415,0.0,0.01592851993222283,0.03368588866282361,0.029777662061080155,0.004777613371455326,0.009138644665791978,0.017610438632987575,0.0036284899628410295,0.0010485820765587885,0.0008031043831106605,0.0026890189695222347,0.0035993229088945883,0.0017769448238227747,0.007623926542755377,0.0,0.005605419097841189,0.0679490491226679,0.2524956682864805,0.4934549231166565,1.1383230032813492,0.9307237701265458,0.6628221518842498,1.4532278254769495,3.0928250667731976,1.5756081015102636,0.7638777077331411,0.06465967725370958,0.009059916419717751,0.0,0.05470241611812805,0.33959310614345717
2.5441176470588234,0.027709942973159644,0.015576477302008458,0.0,0.013640838881535302,0.008008389875314027,0.009661821209327104,0.012724089962015244,0.011286600437690078,0.005574359771440165,0.010196687265731004,0.010807006033999176,0.002771615360989502,0.003081678341941312,0.00983789227502465,0.047836058546464,0.0,0.07567005067428517,0.040843934179548964,0.013110359749370488,0.007336534361048487,0.01328345931584838,0.005860753962964926,0.012598982835583004,0.006450574665860021,0.0039940146507192326,0.001159792787921836,0.0005817268270947745,0.0030701485089256178,0.0024056744962352964,0.0,0.01631261989684312,0.025654055492099412,0.008595692096909583,0.028630319304215668,0.03297789559469487,0.550425739501414,0.8984336095997347,2.443710195822366,6.401911919617737,5.241044421356998,1.17497967164947,0.10994954148741876,0.010198915728203157,0.0,0.08170237672858968,0.11316226309147602
2.5588235294117645,0.04356170700909325,0.017935286711442202,0.0,0.005378765084567127,0.007065887626405857,0.011256747082358303,0.008594286207852174,0.008346871500333343,0.006105939996002719,0.0035153530741812854,0.005347670702713069,0.006749178816600638,0.006986098124255623,0.03829199948718141,0.05110037856475165,0.0,0.038370533283896016,0.025335855375604593,0.007499662793546949,0.005390667101216275,0.005292471681763034,0.006787985923764235,0.002330161764671603,0.0014069506149813132,0.0018191506267315185,0.0014653802866629753,0.0008937536910926082,0.0013339353471767642,0.002581174837637268,0.0,0.008177499610458482,0.017442029099433466,0.034953299736497925,0.01178296378486472,0.11155969919131964,0.2898930640737287,0.23198169254157364,0.0030795255559317777,0.024064754820431838,0.03938753024659066,0.009271066791631574,0.009573329659148278,0.0033480802796161226,0.0,0.039525712535056295,0.10886750085302677
2.5735294117647056,0.03745767784764923,0.0395783394855978,0.0,0.02206940634845508,0.005893740850242359,0.005605756287528757,0.010812812398155769,0.00806413229096101,0.003169526335610676,0.0029291121646707547,0.004121670330187764,0.003487789668415493,0.005392006131418755,0.002863171808490558,0.008416797998470683,0.0,0.009151197590476522,0.00396783397967744,0.004278849033953065,0.007539828535645314,0.0034200939758929905,0.0011517840124398602,0.0008589098692382419,0.0009786978237672083,0.0016025563169664268,0.0016824088447511892,0.0015971711467540068,0.0011410959632314483,0.005617953780229367,0.0,0.0056161128824836525,0.005502251838768532,0.0061740106071697665,0.009514402199021313,0.003800842917823093,0.020546237279808637,0.031347247708892335,0.0352324785432336,0.07727641037362636,0.03918512898834055,0.008206018656760145,0.0008726592094581754,0.004695927039942703,0.0,0.035952897216449536,0.10302399146162189
2.588235294117647,0.02958891245265867,0.01653964580111924,0.0,0.019851411663112217,0.003319512844841563,0.007963747920623467,0.009032538819591455,0.0036240299587527946,0.0009488440307103118,0.0035169275319696736,0.011474113811819337,0.010313108708617064,0.0032520135393214714,0.012878794451031449,0.0573269855067653,0.0,0.0923738506148599,0.0806000714172015,0.04137342245597682,0.026948969752793,0.022075875526624076,0.007370500106026447,0.003490120915084336,0.00477716633088968,0.0025108176661960526,0.001576782970142803,0.0009425557925662145,0.0017472292626285802,0.004995276234586262,0.0,0.005302990635150192,0.005481757487945501,0.006077434863525551,0.0021119055628585413,0.01795192670464929,0.04219027680793412,0.006074046662092396,0.004227540399173961,0.0008616664363943491,0.004241156995691388,0.006509340288883262,0.00354189056853144,0.0020685021606131064,0.0,0.02883872112462204,0.05510035524258286
2.6029411764705883,0.02688800210347561,0.017755648102069692,0.0,0.018937573229482862,0.01992913771970415,0.007226702674359464,0.007640168485369398,0.0020248187029477394,0.002405791596512632,0.0027551002369299842,0.003263116755601399,0.005381517948332704,0.00575114679396172,0.01614812087217294,0.009284769444480052,0.0,0.006459603455323884,0.034229751805607216,0.04705203526242127,0.004892375681077546,0.008410031172637621,0.016005416369690384,0.005581341574222151,0.001463775225946271,0.0012376018650477384,0.0019509264194419239,0.0026823295697220202,0.002300603042020664,0.0018631827733394638,0.0,0.00147789848051897,0.0012160841460913713,0.0068918316573003124,0.018191247311041395,0.008349755763781691,0.0057860593831096175,0.010773739587635923,0.0031616771909473325,0.0022038338590243986,0.0020881405126935903,0.001848678356662212,0.0013115738355613724,0.001185521216972467,0.0,0.004403668923101425,0.06180522896773134
2.6176470588235294,0.029235829306094606,0.014565320914724168,0.0,0.01479160634523639,0.006174349428541319,0.016961385285232767,0.011513327859998493,0.004130411576280378,0.01208208911963882,0.015918312962596617,0.007272417436464584,0.0058106817652365805,0.008339137899009662,0.038782648140837137,0.03264754930318839,0.0,0.012152959542654884,0.024019513590495995,0.005627031387840889,0.0029080685378199064,0.014896881964696134,0.00973221379114651,0.006487884662014878,0.003335693650783859,0.00043168680158625796,0.0013845854922986977,0.002832188377388573,0.0019579867174267223,0.002852469130138634,0.0,0.004452070434229946,0.002436850244013778,0.004679293571615319,0.003341859021963517,0.004026063652941493,0.003978833555211666,0.003125822736519538,0.0034699226090062437,0.0017329172797265686,0.00028116880144007933,0.00020420717190698586,0.0011882555335479769,0.0018373358787530758,0.0,0.008175447019241538,0.06020800402067891
2.6323529411764706,0.05271519316430094,0.07461741483282391,0.0,0.04403692380619865,0.014826868247226312,0.01451569952343171,0.009197234915516295,0.00358832983546391,0.004809699218452237,0.0073503115869105375,0.012637463586202624,0.019211584204358697,0.019451618516341848,0.012770614918790071,0.00579855770942417,0.0,0.012769543467116123,0.011202981998874276,0.027650319492252266,0.04255314116899063,0.012189499011828493,0.005057862604736097,0.003425382458908768,0.001662722373301168,0.000544444724620248,0.0008181959814686998,0.0014117721063519283,0.0034781389813781966,0.0023373141758399668,0.0,0.004418152269971552,0.0034651852235515904,0.0023433293113667877,0.0032650794267937294,0.004383714949461832,0.0010916719103524863,0.00237250222571176,0.0030827792918075507,0.002038306322497839,0.001952938952650724,0.0007761871415132536,0.0016340425962870192,0.0030691038524321753,0.0,0.011983255459279753,0.047966835166599435
2.6470588235294117,0.05886534812373531,0.01971862519700806,0.0,0.009910630849944762,0.025744522429335764,0.026128320943476113,0.006425386895968689,0.007329915318604019,0.014369070182346108,0.0074663920692610575,0.0023477046764512448,0.0033371386028406124,0.0011069980889153932,0.0019710826050866074,0.006223336664796298,0.0,0.018412246428225823,0.03835304725898937,0.022191681776892583,0.02068530785886103,0.0295547447493359,0.01018516284645237,0.0025482925962072274,0.0005021227433369396,0.001696164347168122,0.000988087444341581,0.0005521040882782319,0.001598107955635949,0.00025748381007262267,0.0,0.0017418237711678277,0.001803412702028598,0.0015185472282684522,0.0020096921601150193,0.0031502251268046995,0.002797317043576805,0.0021785793779589427,0.001740045342467307,0.0008237402243036822,0.001294397629578173,0.002206552322139684,0.0021881725834746978,0.004190312383406761,0.0,0.01788777006296608,0.051801158192491696
2.661764705882353,0.020681438434599107,0.02527302272221047,0.0,0.028140925840787465,0.013760153305564219,0.008788370613694259,0.009466331914511645,0.009351313696406578,0.002796665791326508,0.004403352717453192,0.013825758619364973,0.012118193492113608,0.010978258377152553,0.012411677327278946,0.00735054194099356,0.0,0.006265544659793224,0.024710084783778143,0.010754972632397136,0.002263408617414868,0.0024494899277952217,0.005470501715543701,0.0016946659992721105,0.002945079550323869,0.0031321389593213424,0.0022012188497191614,0.002125794004775622,0.0029811830940190587,0.002173598658012535,0.0,0.000702721190848718,0.0008869175550951752,0.0020405189234145695,0.002144917325378131,0.001094635248160525,0.0015192664822896986,0.002181690732331186,0.0017516870984203951,0.0022192328538848845,0.002851965101070109,0.0004948081390004673,0.00023159185018573376,0.001321937333352282,0.0,0.017926107895380457,0.04447873216625527
2.676470588235294,0.027834550183647104,0.04258135952505526,0.0,0.012630659632275167,0.009787958591674351,0.004348667298300798,0.0008573565546093136,0.0006182353736966424,0.0021548586802939943,0.0051743436064810265,0.0054908778270169505,0.00724334348157998,0.016125754051478914,0.017983196377720213,0.010622570304497297,0.0,0.023904656600241717,0.059795028950935664,0.04339345247239536,0.04978954512210653,0.026481272508876892,0.0009633809267807956,0.0018646381700129912,0.000651170125626307,0.0012802318869356163,0.0005677083347055335,0.0014965289562994246,0.0017186783667720476,0.0013789493823703088,0.0,0.0007022303782926963,0.001177516010424687,0.0021492798316105023,0.0015617822840887675,0.001788416588128075,0.0014367527308648824,0.0033610628937472747,0.002823654477966007,0.0009223201241602513,0.0019239266733041952,0.0015068010125707052,0.0007731114364673073,0.0010702653557690953,0.0,0.006176021018046402,0.010678370410576489
2.6911764705882355,0.04013175938784365,0.04764262948719664,0.0,0.02504674010121352,0.016151394494619796,0.016583078593605628,0.013779460495467253,0.006740965402347445,0.0033366852777460872,0.002595081371468747,0.003550102259721727,0.004184688995700176,0.0050878494076320195,0.010607057342417715,0.029726491597030454,0.0,0.06893006669431291,0.03748789563673514,0.016362236698816236,0.011679209110442701,0.005301729937650429,0.0018729029316443373,0.0005574857154664063,0.003911389270665955,0.002754240648865733,0.0029953458629254216,0.002840194660649321,0.0028275591296580355,0.002480346976999717,0.0,0.001050602422062011,0.0009542813336780064,0.0007396918939603214,0.001934382843115897,0.002433006435230403,0.0033695669701466046,0.0009922131187602855,0.0005795314992280424,0.0021893469986807735,0.0036271451747315092,0.0012937848386903297,0.00030871632876348855,0.0007336850004014239,0.0,0.006515475125944414,0.016738535553767635
2.7058823529411766,0.03911429086451992,0.039331342770363556,0.0,0.05012269079457382,0.03500049870741401,0.015407892350581404,0.006362170117991893,0.005445773001704766,0.0027280978593215524,0.005319220403908749,0.0038416713024658276,0.006928247995860849,0.00849481905483494,0.003134370276365452,0.019766983022277692,0.0,0.029660056776729657,0.005876397033727875,0.010868126698806897,0.00406186304147675,0.007109992092197528,0.010811358363620061,0.0075405800030226774,0.002942820711883352,0.0017986331500731436,0.0007488317478820754,0.002246398062182348,0.003712723532966178,0.001794368165442263,0.0,0.001475982012895529,0.002810333494963812,0.002709276472407151,0.0014571404320387203,0.003886294341242806,0.0037935809864897752,0.0006513422175149987,0.0005317670588110946,0.0012219111297097527,0.0012636305070416198,0.001301899842175029,0.002390017986542556,0.0036826179739273173,0.0,0.012138338024617681,0.013697192461217212
2.7205882352941178,0.05675129734280266,0.04421249761354766,0.0,0.02414564137210169,0.02519985024700991,0.012191450657736642,0.012629492537312265,0.012491265940300483,0.010141760629866515,0.0037549483542321815,0.0028128813270717284,0.007066792157211601,0.007049132898784125,0.015658094550190054,0.01826994827594054,0.0,0.013377124132399273,0.02473385157207717,0.03300829545314274,0.03541810514529909,0.02069101689558276,0.0038620412034201133,0.0015378162798586848,0.0003219892123907267,0.0006561604831943442,0.0007430023084595697,0.00038504726119122123,0.001778289638691392,0.0018225945876344887,0.0,0.001819972644883643,0.0032019980327793363,0.0026299955458438263,0.0016783632771203891,0.0012678752951000754,0.0010560980180472587,0.0015630395213173981,0.0010601947241724757,0.0014705508255819888,0.0017332266505018972,0.0025173938522251014,0.003874833477073512,0.002589868317517305,0.0,0.008632840122880377,0.013720919724482462
2.735294117647059,0.016835216453687518,0.01755051738543292,0.0,0.046956900196828896,0.02960490012260067,0.017909955252581905,0.01064312841942569,0.004680967082047974,0.0020296214378743137,0.004746638164774564,0.010666628350039642,0.013979999486917933,0.004741134200867945,0.01561127628011872,0.03015723031392484,0.0,0.037744288562617495,0.06263081103099635,0.035410170710315346,0.004764582405357601,0.023141809957881312,0.02309680002646336,0.004290201901670507,0.00040130850208295395,0.0008673015326218694,0.0010967911366726191,0.00035610630362084675,0.0007984968387456661,0.00029763335782462524,0.0,0.00045279750824776636,0.0007672109264429058,0.0005345455595823342,0.00350734074871976,0.004359876132920342,0.0031938117729503994,0.002057525746193556,0.0016710482853794025,0.0022437930640333177,0.0006049069830809696,0.001535961379223359,0.002513708339463365,0.0019691848714440455,0.0,0.003460447037176526,0.004381809719205511
2.75,0.07730000096884589,0.042272075031837233,0.0,0.01675325741925463,0.011410191929431964,0.007904687975564909,0.002015220972956747,0.011880522129045674,0.007134019173631701,0.0007095272284615967,0.004025730193504544,0.0025742520707780253,0.008803226200628832,0.01797530252601234,0.009884637280017181,0.0,0.003942956875739356,0.014887852130498425,0.04952244681141501,0.020354917071962478,0.004936301467546372,0.0026451170873799225,0.004487699374768055,0.003343621448784822,0.002511524517470301,0.0033268907227398054,0.0036571347782176434,0.001768379185792032,0.0016877433001586328,0.0,0.0024106593059445174,0.0018279635504083584,0.001265652671917539,0.0023380632893649916,0.003289484456652686,0.005437460015528322,0.0021337555920870046,0.0006739309796804135,0.0007303537042098539,0.001460477094609163,0.0022122424439216678,0.003638642021524246,0.0029148947947539756,0.0,0.008824480918335893,0.02335119252108555
2.764705882352941,0.018457436715962693,0.018271148417534376,0.0,0.030863378126930158,0.020553238759987262,0.005109310361739681,0.0018001116612799892,0.003274875566804463,0.00830807373394545,0.00973911273929537,0.008407714621039815,0.006414712782368864,0.01903728584810087,0.03428021754877418,0.03435635452812259,0.0,0.007749271760173152,0.01598493893589034,0.017558043458237443,0.02079282625121999,0.013247800165781084,0.0033853315238137555,0.0018540396827232237,0.002323056829474874,0.002697737363596995,0.0042073510665629355,0.0018449389392673427,0.0029123188511376214,0.00144871395570466,0.0,0.0019204518083283631,0.0036727294737140368,0.002065019869628217,0.0016579502399170544,0.000952887009075518,0.0034803224025638548,0.0026457681776121842,0.0013215944659222493,0.004031223819795258,0.003806634177939133,0.0026527555126250714,0.0012590216166527173,0.0025528517809225893,0.0,0.0031784639901323774,0.0017852257546525244
2.7794117647058822,0.02205922391139769,0.009043455239640091,0.0,0.009246099015331395,0.009451396085329265,0.011380104314527288,0.009094704096827848,0.008834311691049335,0.008341370273914678,0.007323737876912775,0.008190886242376516,0.006086594822696638,0.004374784326127144,0.024323096821296828,0.025702345877192147,0.0,0.002983767905731656,0.021009300868279485,0.009369763597830783,0.010087969926589533,0.008686153439902125,0.007601537291563482,0.0031387592984430286,0.0007941139255436369,0.0013061305239664305,0.003137919747529943,0.003250117400484394,0.0023595214716597883,0.0036737724325965407,0.0,0.0023121361336567985,0.0011629024448537586,0.0007557732569034286,0.0018157184874608937,0.001263245871201796,0.0018146363299371394,0.0021910638534999123,0.0020683778759662532,0.0016199236501505262,0.0028589635272314256,0.0007911645741777687,0.0005870925533801151,0.0020513555126660554,0.0,0.012948579927683963,0.0353461225667981
2.7941176470588234,0.07676742397159682,0.039474389079985545,0.0,0.011568424552030498,0.005470119593750329,0.004040149251717074,0.006895954691995996,0.011518055282422269,0.005913828463741501,0.004952977448930487,0.004620690223987296,0.004697524462304952,0.004941252198650555,0.005510496930842732,0.012233605295527469,0.0,0.011366571959135086,0.013988904700411151,0.015783873254200703,0.006607457104005669,0.014809888859458414,0.013126591771619421,0.004467087418270366,0.0038753056393924746,0.004547104508661375,0.0041223045974070355,0.003717396120274553,0.005596793252969749,0.0030864238775692348,0.0,0.0014196531947588671,0.0008686644526235876,0.0008134686011087209,0.0012182252969562125,0.001622662413183935,0.0020433603924676857,0.002729601728751447,0.003624767190296656,0.0016631759678899483,0.0011603461410881891,0.00020455872254812547,0.0008615074093579619,0.0013611090437724246,0.0,0.01225763167023394,0.009979576260760036
2.8088235294117645,0.03008510799858105,0.028633793972817175,0.0,0.07056585738687854,0.02287077813758882,0.006205911616367278,0.0024529636330001634,0.005693418235002931,0.007573053616952921,0.004651310998027761,0.0033870152488252175,0.007968745357368827,0.00457525585028447,0.00311513858136649,0.007525619910563085,0.0,0.004619419835350233,0.0070681035247997384,0.018385685261125998,0.03617934385217257,0.020261858337971294,0.008832352133257998,0.004288397132338808,0.003023365466933133,0.0016208775013708146,0.004026328732582706,0.0018197785098144443,0.0014673115512866472,0.0028917161982967058,0.0,0.003942955017059256,0.0040319918909495385,0.0015558595545044586,0.0010046481456177459,0.0015960812001393364,0.002521370810560625,0.0024448149427758457,0.0015460224975507523,0.0007301408092872887,0.0004671617495251347,0.002285859765174102,0.002408772684168389,0.0012881020268063967,0.0,0.017779148401239626,0.022509583368741544
2.8235294117647056,0.04755278717506524,0.03165360082191682,0.0,0.029429501779976552,0.007383702160336339,0.019261956403960355,0.007030068738485868,0.008724481787345091,0.010347109320821005,0.012393232078442847,0.0055424618900040135,0.002639673548088778,0.0048604421684701905,0.00962552612210466,0.008997640244797208,0.0,0.00624343274339663,0.02462592837558336,0.03688743855374838,0.016709385875176185,0.009926779732229763,0.002794531274710379,0.0015625173306542863,0.0020922656791456462,0.0030841399019716316,0.0022675622473768502,0.0011107744592153772,0.0023565348883143205,0.0018466292958994413,0.0,0.00386907348179677,0.004647929239421032,0.0012573342326468154,0.0011271092616106206,0.0018163034151474301,0.0005095282674284381,0.0006702399400887052,0.0021257507118012126,0.0015200306682150323,0.0001654321728517555,0.0009654403022983001,0.0007624919127640658,0.0011891896150037625,0.0,0.011319719346460233,0.012541184763554033
2.8382352941176467,0.0675264495511754,0.06537547785239613,0.0,0.01588244837052556,0.00782301198587702,0.01679993506976647,0.0017210045239270328,0.004167692022885627,0.005818800066934145,0.008397565993669243,0.006568679528808106,0.0027606482487670635,0.002200750247485387,0.010643797059278561,0.006795580534836514,0.0,0.020177439235816434,0.06010167280298109,0.037045828423806576,0.023243203969166428,0.010367839270511377,0.0010987972848731696,0.003191752484216824,0.0017754082247982926,0.002146378330571477,0.0011433039810208666,0.0015652589749506505,0.002234331726302425,0.0027222567585986138,0.0,0.001688077603710881,0.0014498287364593933,0.000639701654306423,0.002264293697881159,0.002443947237299362,0.0012160759243680249,0.0017637147070959762,0.002847836453692044,0.004893666894757185,0.004297712876126513,0.0024432780751328324,0.000976889157188458,0.0012961862687264534,0.0,0.006022619242767766,0.005426842038492618
2.852941176470588,0.04592726822680529,0.04842192598979496,0.0,0.02177062212002452,0.003288702085296558,0.02924647059177579,0.012329314029225498,0.0024307834034200337,0.0019213514614122252,0.0022969191328343014,0.00404006735529693,0.003949136223483998,0.008195011280102079,0.011003739283178385,0.04005986128328614,0.0,0.020060998903503137,0.007597922733989877,0.003782067839197001,0.017991206237957826,0.015133194078099326,0.0008127390864758355,0.003339820174506724,0.0015102255569047426,0.0013775096437099732,0.002004259589413703,0.002024211594797265,0.0008658284302961907,0.0010401574392272235,0.0,0.0005370052792731926,0.00019240162383432155,0.0007061969537940811,0.0009475198867693884,0.0006964228463560687,0.0011593276366297447,0.002114211097596649,0.002700445828741805,0.0009024220597721201,0.0007693230859251411,0.0019690814828193775,0.002204196694911847,0.002532134969553323,0.0,0.01071300817626658,0.013923363292006732
2.867647058823529,0.08529889079655958,0.06705818555030013,0.0,0.024599843404448846,0.03533766303921777,0.007504143335626864,0.006443777710701926,0.0031890534744233295,0.002129318550271861,0.0011164647664202464,0.007691044666550154,0.012054326276418628,0.014949951420204102,0.014961671570203838,0.01482826041108557,0.0,0.017922235521800185,0.032114386943504686,0.03097610377168322,0.002592559505025687,0.003895510568598973,0.00380889089430516,0.005656687594199969,0.0015324505334681207,0.0011180852433024773,0.0018641408854714748,0.004412115734031278,0.004006855017199773,0.001602147462108608,0.0,0.0006383002372261038,0.00047234725262200125,0.0005917743077314849,0.0010892974974980414,0.0019887899713058868,0.002662255836886806,0.0018237410846721515,0.0015585902008520384,0.002983568686135514,0.0019065951084174162,0.0006000700613428582,0.0013001581403528075,0.0023701329026308824,0.0,0.0033749685814929145,0.009857855816280285
2.8823529411764706,0.05235301062830232,0.018662582021738115,0.0,0.01297983013266418,0.027014777890771925,0.014559839972295364,0.005585226841903849,0.003879258559937687,0.007835200299476219,0.004838194448521853,0.004614163335489698,0.006078230991695552,0.007791542116022008,0.012995352922179463,0.006593671463527764,0.0,0.03250192741938407,0.023243941654725077,0.0011734976018324041,0.0031329137190242275,0.0029990207046343776,0.0036588440094779853,0.002705673149652893,0.0034122084969106063,0.002008795971606565,0.0014274394173524605,0.0008347932369698453,0.0014880370719708691,0.0016591154095578803,0.0,0.0014994063683904228,0.0021793664147648677,0.0015734215357007533,0.0008256129173202291,0.002747214304043459,0.0011391277077296082,0.001652875138782389,0.002689942647906358,0.0008987800357739438,0.0020645719356001194,0.0017349037264316038,0.0001617412471742278,0.0008362923566359804,0.0,0.0028352583783565035,0.026044943207847757
2.8970588235294117,0.024627684113071844,0.003477974160748199,0.0,0.011936676806099633,0.011800969949495825,0.008310410694486972,0.0030887637969094087,0.003702911061640766,0.005475035557287601,0.01032003641157116,0.005670777143740736,0.0072971523827794135,0.008295515125568616,0.005003378974401531,0.0133328298628006,0.0,0.0037085175738820154,0.008806920396656709,0.008262026974604595,0.013311725738818317,0.005538261319366616,0.004731744931488327,0.00355018041245539,0.0013335170095500224,0.0009220923279065914,0.0028859989225390142,0.001753478298785408,0.0015041592142837022,0.002048041036315437,0.0,0.0017607056572650802,0.0022480327761101983,0.0017840671379080707,0.002551066747599834,0.0005282132076968986,0.0015151475349237627,0.0025954308692327484,0.0017496723847599395,0.0012822124129004465,0.002388485816678982,0.0032204561143089347,0.001570109387046618,0.0028439940378235176,0.0,0.012314357949126217,0.00802827887576796
2.911764705882353,0.05499037428897991,0.027356259439262093,0.0,0.009667111799024516,0.008165894455964821,0.0037978834534856207,0.01875609644704923,0.010562347559404661,0.005834860875110907,0.007686435475975277,0.007513428602095224,0.008716181202841077,0.0036307232034716633,0.0035738194259585998,0.009245879017421601,0.0,0.008097303813054473,0.019964496443775938,0.015664504851584004,0.011958385739213892,0.008721590172629844,0.002600879541750127,0.0016644875780251458,0.0025315201802767265,0.0048687497330639155,0.0014383915175317354,0.0005008944603684073,0.0016619459499857573,0.0033021053362414857,0.0,0.002094634183098653,0.0009805462899421312,0.001117742920152561,0.0005795993808224553,0.0015527783145797684,0.0013859772550094591,0.0022760665441778375,0.0011928517935165489,0.0016228760196067935,0.004012013896154269,0.005295691035187637,0.0016422521320180244,0.0028097314321463,0.0,0.00473579242936127,0.00846977737992448
2.926470588235294,0.07426882647725754,0.02719609921145779,0.0,0.017747237220865984,0.01822242863880022,0.01130896344603467,0.0048596799848211174,0.004287137698620602,0.00236672184365224,0.002942777526250709,0.0021861046530912485,0.001597083405963607,0.013468050676606839,0.015215198153498512,0.012833171538400422,0.0,0.021530588514471566,0.012336858912795881,0.006992436706039492,0.006848192267867394,0.00568537896262503,0.007455331327985175,0.002237035320929166,0.0005987140223206982,0.0018883705502004567,0.002042857434488213,0.0006075574860038703,0.0010540822352133892,0.0005384825803756228,0.0,0.00044655686925672663,0.0010643439283594739,0.0019264667233531247,0.001683882580306921,0.0012801246667767014,0.001688350490601941,0.0006762962979843807,0.0005563351936931134,0.0013420605471356943,0.0019587149572748135,0.0027448789091675425,0.0036061389389165747,0.0030082882057043897,0.0,0.0011792883985212183,0.0026569877987166414
2.941176470588235,0.01945067470403567,0.013040596605719674,0.0,0.029838236189545973,0.02914703143867408,0.029040050864648136,0.015392500193393468,0.004727324799341933,0.0029120103103500734,0.0021600155508171614,0.001051309085037305,0.0027110411823544523,0.00935529386482267,0.02972799859343083,0.04750522440971025,0.0,0.019771424239694642,0.010018069058489329,0.013930260391640525,0.005656557735938912,0.008755728181900324,0.00439039122456812,0.0006969878974556691,0.0019422077781457946,0.002109415753446585,0.0017524670088602406,0.0033407674473496223,0.0031946168861393016,0.0031943587285932053,0.0,0.0034968186146604255,0.002861988089584841,0.0022507304460108596,0.0005865055019402808,0.0004493859238434242,0.0009669630189690216,0.0014278162928388785,0.0011046588671740133,0.0016660520503761745,0.0018469041012397834,0.0011604685238776986,0.0008787201747918627,0.0014877619917136368,0.0,0.0030767849468230314,0.004755565384320128
2.955882352941176,0.018445324854352622,0.03547636277542341,0.0,0.035800521962529946,0.017818574947102463,0.0025604918357576877,0.01046248822853945,0.008656413733971191,0.006516854163401061,0.0057377828333304345,0.009095779809904935,0.009275085868030409,0.008800196025988045,0.007920467868491151,0.01697678415859354,0.0,0.026144489523742504,0.07338110942496029,0.035174253951681334,0.0031785074781141634,0.003026776997576236,0.003991248422259041,0.0024343911495053093,0.0020105189490813294,0.0029741726494892816,0.0008548795214585894,0.0020511631821919546,0.002574714449806235,0.002874523677552751,0.0,0.002167003230713322,0.0007219500899428849,0.0009170871642726983,0.001196472436144708,0.0008814751524186559,0.0013020569415361921,0.0013166094677088173,0.0017361673737927939,0.002064799366993445,0.0018910088736325695,0.0015824320130035444,0.0005276650954202656,0.0029712198165877945,0.0,0.021020847361201328,0.039067456876912494
2.9705882352941178,0.034058806995629395,0.03814516019909765,0.0,0.012350624039608092,0.008366386424576874,0.0031472951163163407,0.011309631680007495,0.008007990237899984,0.0014084345797849731,0.005990307391715392,0.007269218563699958,0.004742804006108183,0.0013888348329008577,0.011862345902044795,0.030683280510403643,0.0,0.08623686393131072,0.029121613225961268,0.009837888664371361,0.014919329122709936,0.01674298286221331,0.006370232728946579,0.002889726276619512,0.001708729021945392,0.0011679861526728917,0.0021876223167089422,0.0023306397314819217,0.0026106788966708005,0.00359585494983255,0.0,0.0036485690433798535,0.0015281436215715107,0.0017045501835058544,0.0010803797058141114,0.001895450071156248,0.003441962292692164,0.003095869928171018,0.0009280470762302044,0.0009494623329286152,0.0015822324384903849,0.0005142536772214679,0.002825428064735757,0.0021559287007619885,0.0,0.0005821420614911574,0.010138984205992546
2.985294117647059,0.03502021632841644,0.007318263238951105,0.0,0.02744955737780844,0.016960261453619008,0.008491059340705424,0.003779543177290903,0.00789377291218883,0.003848700136631361,0.00682868313312521,0.008860221187664497,0.00842053643656124,0.026031477390522556,0.006413785801417525,0.01931713943908582,0.0,0.008334931915720099,0.1283549129509269,0.09100997576463857,0.07026773716634933,0.056883829008637615,0.01596142010059967,0.006671010186951736,0.004182845916284175,0.003682641795892598,0.0036316563564139093,0.002352699754025622,0.0025658710513174633,0.0018821133484935963,0.0,0.001481352831619367,0.0005060203870052221,0.0016594450200790064,0.0016560352383923594,0.002868126090193214,0.004764229728450024,0.002310135501157511,0.002260229079997843,0.0014633138322546944,0.0014236335002044856,0.0006952274182779148,0.0035772885812897373,0.003981197584437988,0.0,0.0022106313871497023,0.012680899604889578
3.0,0.05708590657505975,0.04462204212081323,0.0,0.027919332701525648,0.02120528154409718,0.009934507096553243,0.006801185484570454,0.0011763150734259557,0.005546075653567636,0.012230875105964534,0.006835977783244437,0.004616018423821598,0.0035710242098859414,0.030773455856262226,0.02767618200025449,0.0,0.007283078255444591,0.05649819701051628,0.07909716910237376,0.031323416083698576,0.02628539912714725,0.019841178898631122,0.008343047445420247,0.004532949003477628,0.0027364233583986987,0.001160508233371851,0.0007668772733878944,0.0018524802097702262,0.001435380589043198,0.0,0.00043071917598548224,0.002700867041924405,0.002333687363142981,0.0009388122927587212,0.001864876893787384,0.0014814804094691629,0.0032209888264588585,0.0037037395940480063,0.001141618309488282,0.0021107022595208574,0.001534016063508455,0.0022946138499969695,0.0019289784443660809,0.0,0.004925441830596335,0.008044093341175904
3.014705882352941,0.01888103302979659,0.03698737809376465,0.0,0.009727458217657711,0.006772973460436152,0.0021463451226205205,0.0013425674611097559,0.007105778140121241,0.004344357187471849,0.0041640673957637955,0.0034331368684635834,0.01221878750084539,0.00460594782666612,0.006373678668880219,0.004582107292956816,0.0,0.011409628162603477,0.01810303393006716,0.021059977844168017,0.007806661240829467,0.0023419202625464325,0.0034148951973754036,0.002724028147434119,0.0023650141559544958,0.002417798390842486,0.0025601251883572585,0.0007740458439890712,0.003283915912349433,0.0013912192206273274,0.0,0.0039951393168997365,0.0022576692689177435,0.001489070582904377,0.0012945496331270819,0.0006166281180613694,0.0011388153220367309,0.0038823162072343207,0.004073255128252746,0.0017422665704410012,0.0002906350430971902,0.0007232256890394655,0.002728555626445246,0.0053869552673922565,0.0,0.0025587658650079864,0.008269621138295482
3.0294117647058822,0.025843428324684198,0.008924354443161805,0.0,0.0244779305597252,0.03250541790582816,0.024206088224995592,0.00500422776068058,0.0026565325170741926,0.0016957062300627305,0.001462171125486163,0.0028907367054783967,0.0015524637398359148,0.004584955106288516,0.0013930291739558554,0.010850199066187637,0.0,0.02883745949141398,0.014450938203864578,0.007922726222999957,0.005028382808540724,0.008367380603824264,0.006878413395159137,0.003733588130358993,0.0014027321573866032,0.0017255299898715696,0.0018801315731802868,0.0023764679496879266,0.0029385507056810156,0.0020144221015083816,0.0,0.0015013148216621289,0.002264431164873537,0.0029746381390161735,0.0018111903184089024,0.001309342512679479,0.0025178271197812668,0.0034930971331730977,0.0031567409557820792,0.0034891632064052176,0.0019401386828596249,0.0015874512519984932,0.0007652818593375413,0.0012523661142450075,0.0,0.0025144237146291215,0.0061560313233187695
3.0441176470588234,0.05843077456540284,0.01044977764227574,0.0,0.015078403556248069,0.028272524531677716,0.05053866023892776,0.02080826735052329,0.008596735007597982,0.005673958980482748,0.001792831030659023,0.00376538673407211,0.0031972846812594116,0.0011991900753240694,0.0034355229333823366,0.0053480084226722275,0.0,0.010398541751700227,0.04316424302751408,0.025863693934526533,0.0191343773775298,0.012679324289724854,0.001553956521894995,0.0012311158738553033,0.001691588956073936,0.001474541468574578,0.003879874352402257,0.003053351234513786,0.0009869835527530155,0.0006079316162562761,0.0,0.0008757767384617102,0.0018127263184235967,0.002722366964744556,0.0024553600265668184,0.002026474719844168,0.0020925231783298155,0.0023554055247082826,0.0013848353656193868,0.0012591391056950797,0.002674543212274178,0.00329371618671625,0.0008875310926002692,0.0028011690837963614,0.0,0.007726381334104146,0.00572760118552494
3.0588235294117645,0.027931020762127515,0.02459321896012722,0.0,0.02836577248772198,0.026255291353311495,0.013074188132817027,0.004968929937163239,0.0021875596578317287,0.004364647086122742,0.0014855088343499242,0.0011742156666874222,0.004777435756067972,0.012395816073699174,0.014432484035062521,0.01968522083523163,0.0,0.015065279414889284,0.05352345346710703,0.03136762561983914,0.00426546438323552,0.023789890159378685,0.0263546971888149,0.008252931179305685,0.0029914218187947275,0.0010974917144923933,0.001550709129118965,0.0016114581060022116,0.0017031321161505523,0.0016406028504294494,0.0,0.0032907389913555928,0.0019155520396796646,0.0018890128107497644,0.0011491673870462071,0.0014129180392795616,0.002215047109592961,0.001935213196203835,0.0025755665832194134,0.0031649161736446835,0.0013960527147491779,0.00217317228313607,0.0026119109552713484,0.0007184169051419635,0.0,0.003055420318759401,0.015191701447295617
3.0735294117647056,0.033529096613081406,0.004716292340782303,0.0,0.024840639040058385,0.041804297122170264,0.03270341594186418,0.01743854755015591,0.005558325784285804,0.004570019914728462,0.00480535472607139,0.008815565699301253,0.006172075180528138,0.0074167478797538405,0.01945302157033119,0.007068837908407222,0.0,0.021816038514589683,0.018591059211900678,0.00557226011763925,0.02168816762385198,0.004089723148560523,0.0015883521890051357,0.0014631743224779827,0.00065825851123293,0.0035835048461113944,0.0035438148285477913,0.002298557319529116,0.001627677770820955,0.0038751160589882132,0.0,0.0029575087241147436,0.001989795174629905,0.001676333374185279,0.004627045382300226,0.0030382340467746223,0.0018329353457636414,0.0012788405088219436,0.0007726411417301121,0.0008919258169411134,0.0006878525870095222,0.0017272586793757139,0.0018670307486745915,0.0009752624869271827,0.0,0.0036590570176693264,0.00467069717542267
3.0882352941176467,0.03133883719763577,0.015509145880583287,0.0,0.00960184683751749,0.001977268064755634,0.00494411695626934,0.005404169552976143,0.007668382418924805,0.010930334817801314,0.006091547808294514,0.0029031541135283254,0.006315204808134883,0.004983682031103272,0.0028513160083581063,0.003915433392282142,0.0,0.012965059744680901,0.01871802112673309,0.009873605597498274,0.014168216010288105,0.04035398780878035,0.01735803764103319,0.001800740481454784,0.0033335170129508438,0.008312570845389798,0.004317225656050593,0.0014610476356130215,0.0020718820098299855,0.0024571213146358474,0.0,0.0011380943629255272,0.0012878384051490627,0.0011328120991982988,0.0017537573334346053,0.0016258783763577645,0.00118152866128296,0.0017550692196319406,0.0003408342076412925,0.0010168673651808388,0.0011775628484357525,0.0007319068472642803,0.0007382522065277304,0.0010675119433667555,0.0,0.00305888509641199,0.019824465723713495
3.102941176470588,0.05750649588088951,0.008919624952040895,0.0,0.014350020513703871,0.04140438339184966,0.0342581013383014,0.014784755803432867,0.0030197373804281115,0.006361149665128025,0.0041782143192573284,0.0009967466032395893,0.001467909522131338,0.007737440865255312,0.011923165969447952,0.010895443613663281,0.0,0.012225631868766896,0.016559834717175228,0.026599253165027155,0.00992942144540352,0.030080323072399502,0.032850905448839396,0.0046367544287376685,0.002488317144537009,0.0026634480098289663,0.001875514647782313,0.002612370181532812,0.0020679789719819557,0.002765291230510107,0.0,0.001109294561243504,0.0005694445234670811,0.0004365687235681586,0.0007499372843677002,0.001168664523545639,0.0010322582639516477,0.0011842994148739934,0.001429167856010305,0.0015936113732237702,0.0015741513959149469,0.001949298977586136,0.0007104819745931634,0.0009054816201184643,0.0,0.0014285449227321443,0.0033077867811580493
3.11764705882353,0.04505307885918691,0.022116519162939042,0.0,0.013839892299990377,0.002578149238926712,0.009750311734469077,0.015833751867266294,0.004859361566873482,0.0025911208400437283,0.003690413054968763,0.008105406516021974,0.007957883877123319,0.008517114386931222,0.0020350271310557973,0.00396604305818809,0.0,0.018352717180006594,0.026847018961603235,0.02807742320805437,0.008871340218351577,0.002720207127497599,0.007053839104611024,0.00670630423522527,0.0028126391488025706,0.0005184143135929255,0.0006730269934862838,0.0011101292098469728,0.0013427896104486034,0.00253306059485511,0.0,0.000985163929498682,0.001117155012452558,0.0017588082431452996,0.0006733258652736922,0.0004433599884989122,0.0008094381961152473,0.0005305553938889613,0.0014286155790366843,0.0011183396880557323,0.0006463445517391946,0.00079935581884171,0.001359314222056145,0.0011513321063448408,0.0,0.004571287431517045,0.009268063034427579
3.132352941176471,0.05393698333509708,0.05622173400867738,0.0,0.03611073114597102,0.01974673284098229,0.00807678793458343,0.0088918142264143,0.008559864890828904,0.003454881778076858,0.006296688399782993,0.008545230264217333,0.01679470507948936,0.020202570422206426,0.00982283374923759,0.009617363512435119,0.0,0.012985452689133656,0.008905712719315218,0.01337606587305076,0.003900695224365299,0.0013864628526026703,0.001911110586522783,0.0018896554187926417,0.00203631295773806,0.0027337916554126098,0.003529976332104362,0.0017270127666833193,0.0025084404828870344,0.002483840070699923,0.0,0.0017925563437292244,0.0011830136907888889,0.0018234530658362811,0.0009488573919347798,0.0011201114010178257,0.0006468820116688474,0.0023570185318027934,0.0015609627519829622,0.0005015874525308632,0.0003053010973691178,0.0006605687788950145,0.001838490068145392,0.0020860166224399576,0.0,0.0030450273401302005,0.014461895779669397
3.147058823529412,0.019638389772001722,0.030733230147311812,0.0,0.04074578398164458,0.0194656269945999,0.02715982679288798,0.016922209793176653,0.0048471348919214416,0.0038431408208268896,0.0014028328625720007,0.0027404504961810695,0.0029289215777684174,0.003162899300454514,0.007846415045493943,0.013841948429135302,0.0,0.016436650950847398,0.029676745123665207,0.01420842501803077,0.0011492780987333337,0.002620106097724018,0.00202068008837327,0.003636637169199843,0.0018079426582633287,0.0017650490019900282,0.00035238045737545425,0.004938299275012438,0.006152424450914162,0.0044143575620334925,0.0,0.0030795681374563297,0.002244162243049498,0.0029178507325853787,0.0024645792273831372,0.0021442490536154805,0.004028847381506339,0.0017300845459305493,0.001757111660382238,0.001130723959912281,0.00026805397933456676,0.000998659297458583,0.0016183571364210341,0.0023782808977478587,0.0,0.0036391738308334982,0.033081079778692256
3.1617647058823533,0.10207555676556102,0.030729784980266784,0.0,0.06215727487727006,0.055932555375060755,0.01881252501348662,0.01187244190021063,0.001888228112713818,0.006055574903361911,0.004415566841331679,0.0011297473814255749,0.005016156048720469,0.01472456079443027,0.027096798705209806,0.008950347874490325,0.0,0.01043473113416821,0.004985172174772692,0.02442401405089856,0.03076233583641629,0.010164103276283781,0.01693577911660603,0.018002768093568912,0.003963681900865172,0.003052037378604895,0.0018924356647551741,0.00454505763785792,0.003709445153665746,0.0014969200035385853,0.0,0.0025073320831667787,0.0035128649763178474,0.0012426314401139716,0.0022198324642838134,0.002919395920512953,0.004874920494492685,0.004838823170378755,0.00416016235988591,0.0019932125457207844,0.0004530240044185286,0.0016236640339833794,0.002885818233194246,0.006054575264357143,0.0,0.004951094373748607,0.01906950304061818
3.1764705882352944,0.031022414521959366,0.015676895186543194,0.0,0.016052082914693,0.045716824893712704,0.06472753761200911,0.02721410552106466,0.009712404714835077,0.006954689164188194,0.005340002222111137,0.002993277117355677,0.008564139061661525,0.012868554250671165,0.006550014879783851,0.028604366197336077,0.0,0.03652495282406008,0.0432560424531656,0.012707992501059714,0.009057885167099277,0.0065717043057531635,0.006562798264172226,0.0042115849665548925,0.0018638116765004298,0.0019850488500866995,0.0011866965112224523,0.001130978283731752,0.0016636597213968744,0.0014384243871126317,0.0,0.0007882110490761817,0.00047116897884719,0.0004895664259663415,0.001724550857372651,0.0015486153194275419,0.0015470429301441355,0.0013968545739187468,0.000626653014144485,0.0007232897424169293,0.001196850932178013,0.0035582133143187834,0.0021114000792606994,0.0028318544641230655,0.0,0.0023821297865254014,0.007187167430401941
3.1911764705882355,0.023022274401103073,0.02377771832689793,0.0,0.024004557120607256,0.03287351770405514,0.004094511178622563,0.008060788456375562,0.0068045285064764205,0.006145918808203615,0.0028154214576685353,0.004789058638962038,0.002678952372190119,0.005076100409699612,0.028558323905450524,0.03534204829048535,0.0,0.018345461512032275,0.018040641321709634,0.07976000881488901,0.04401193191139276,0.005417364180898558,0.009516440520629561,0.003395612602477019,0.002031823531745961,0.002557078864652033,0.002239183455641031,0.004465145702270304,0.005026196767379361,0.0037320523352054056,0.0,0.002244670259894301,0.002245640536598978,0.002224570115073482,0.0016061995289734913,0.002284839258543952,0.001403830256765797,0.001331946983682391,0.002186686786554233,0.0019702239906602514,0.0009502815445888245,0.00078757671408689,0.0005227683223632982,0.0019318403800128365,0.0,0.002824740501972058,0.018420551552554325
3.2058823529411766,0.013603484268078007,0.002788825684363058,0.0,0.004767283425174049,0.005282520723117832,0.017433834087676688,0.0236155446204883,0.006803556172612547,0.0039838872916965334,0.0037506110827611066,0.005439958329546105,0.006129062168877429,0.0031919756774873645,0.003991038111529795,0.012620155859204545,0.0,0.007706754177326866,0.014614605549801795,0.013277645112314414,0.039220357937720815,0.006791471668139911,0.004510035589965459,0.0033140884435651527,0.0021229496089449134,0.0012907319697231807,0.002717520745312182,0.0035541238609903755,0.0010652190567782464,0.0005675662233780038,0.0,0.0007734622397306162,0.0026559108393824664,0.002523075045363711,0.0025359293149392454,0.0023878790933834966,0.0008896579307475641,0.001459254718801647,0.002439943424367411,0.0018234930407350462,0.002820813433098965,0.0020741827632814796,0.0004544509570428662,0.0027541883774070885,0.0,0.002203765177597579,0.00321640715685273
3.2205882352941178,0.02017606002839292,0.009599441139531917,0.0,0.022626880895737164,0.02078592978913406,0.014432737287870865,0.013432156206893153,0.011245111541428626,0.0036819545137711206,0.004668632296347189,0.009878627106128598,0.015256020542013804,0.021247743235975836,0.010489392888218615,0.02394525945641371,0.0,0.03962509746650203,0.01581580473964226,0.01915888002246169,0.02635017946334189,0.006161134600709324,0.02051426616493762,0.010379598554157522,0.0036016256187020425,0.0013320641361972605,0.0011125725247192856,0.0013799369158695556,0.0010951498023681365,0.001103891436297545,0.0,0.000628610600003069,0.0006383204948672257,0.0006819442068549229,0.0016737470693854541,0.003057805150758878,0.006302500970304674,0.004178274408738709,0.001478229247872801,0.0010187637302210928,0.0023755445993521845,0.004535217609117311,0.0031128387837787426,0.004921924284725123,0.0,0.0042565484232129245,0.011407408999497087
3.235294117647059,0.03792525444702438,0.025374435081793066,0.0,0.020433252487545142,0.01953712636533044,0.011956263535566223,0.003026875840113135,0.007551148379907739,0.005145295813940923,0.004687611383512649,0.004518584606826536,0.003428696455364911,0.009169261864067932,0.02044233368628329,0.04276152314526379,0.0,0.02923460002437731,0.020339780201644883,0.05972576950369585,0.05695704278393733,0.04639287356938391,0.00993862989668102,0.003081607928508521,0.0035641946023077923,0.0014099215694488524,0.0014611010625402274,0.001477421200677514,0.0010072535265137944,0.0013193184767777172,0.0,0.0011645175474733508,0.001343338533964857,0.001211133612714116,0.001062574603534424,0.0017500807090946953,0.0014326703177501413,0.0018047500266626763,0.0008499873296495767,0.0008964665095496054,0.0023241966398236903,0.0009844779688988798,0.0008885583400015172,0.0007939884984455467,0.0,0.0022390491482455043,0.03498531324175855
3.25,0.041324527718774706,0.03249982611937135,0.0,0.03462269293336355,0.04727677609672522,0.022851595215095253,0.012664537546881838,0.008765770565127685,0.0022137004341793907,0.0007469316039183541,0.0019030203433782595,0.014287932977279264,0.03641915335168548,0.016315101002425756,0.012831221296142684,0.0,0.02525798983581674,0.24115528703415234,0.18175801380409623,0.03408939707700469,0.00696860156073099,0.00520192150936814,0.003775589575491793,0.0017118297194405375,0.0015767765818946234,0.0013689223243530007,0.0019445987974554381,0.0028042797890931027,0.003240835164511424,0.0,0.0027403335374676244,0.0014024036791456245,0.0015586539320020588,0.0018687590197646235,0.001140342114360688,0.0024436656002147653,0.0014759492953238785,0.0010315782381599907,0.0012883208555614768,0.0016309348374531057,0.002061530079130584,0.0018002239752151683,0.0013805408910947778,0.0,0.017338026694906115,0.11724655832975045
3.264705882352941,0.07853921002385535,0.019331385048462733,0.0,0.004785495164736196,0.025339233757819293,0.045339298496103214,0.013487347300282608,0.005254216691808636,0.002595581936389993,0.004727587563875117,0.005196947657126081,0.007632429486495134,0.0029050240276552466,0.007050495882451961,0.0047335369543981525,0.0,0.1051011991807496,0.2476841128992368,0.08644562930076136,0.08262765242914163,0.014052965282267144,0.0037208625716935624,0.00430385535866999,0.001857508085852271,0.0023733026207440645,0.0008146091995585424,0.000259325962526984,0.0002937191733081367,0.0009272081545799071,0.0,0.0006966137099455164,0.0019783223611478068,0.002134327059634244,0.0014233208000020534,0.0012119782606590198,0.0015379961765989705,0.0013351873950773587,0.0013612584138197163,0.0021352305393599518,0.0027579576897730374,0.0010743001651621852,0.0016673874694102858,0.002013604033478906,0.0,0.004654292489352736,0.007405349183340426
3.2794117647058822,0.003187291033704748,0.014407324360714244,0.0,0.021893541834890576,0.005589040381949265,0.008384525104110654,0.010593134123276084,0.007182057498202962,0.004981454051952246,0.004005679745812603,0.006163772439920027,0.004601970003753789,0.006199495506969801,0.005303951062343463,0.046214393149292085,0.0,0.018200036137903847,0.020507815126603077,0.016112979312059073,0.025789524319724824,0.040015028557580073,0.0018831549198686276,0.004644508387913308,0.0036113332301803713,0.0009105297582971293,0.001403068662546436,0.00036825380754445755,0.0005120502592498181,0.0011528849164513981,0.0,0.0012025412268929293,0.0013091434303994368,0.0018105885983284668,0.0011894800677024787,0.0007115709220909578,0.002111007291477276,0.0019266484621213633,0.0015983234067222165,0.003275670673297172,0.0046248225849878765,0.003634397114208056,0.0012497682534113564,0.0011344968210330844,0.0,0.0023365680307935745,0.004346448061987567
3.294117647058824,0.007432143428033449,0.006708311658732847,0.0,0.013439304166910625,0.014492547350279623,0.013881609596080688,0.00936445898496936,0.008754749971712373,0.013340938180531817,0.009315010434072256,0.006349817554929445,0.002498653030876316,0.008585003640926916,0.04172586601735732,0.01700216291155323,0.0,0.016845469864854874,0.02083024332099499,0.011328974982751696,0.033528919965621164,0.017662688851677783,0.0007082909065383984,0.0018205552758613392,0.0011655897945137294,0.002365038909363148,0.0025506358752745,0.004859701848558903,0.003872643461168057,0.0011456876959170534,0.0,0.0010715284531736687,0.0021651429630519534,0.001496339884333519,0.0010425852398235787,0.000752262127078632,0.0007524945056382571,0.001943166009452124,0.0018144426067257472,0.001965455841024052,0.0035956238598144376,0.0024422590973692056,0.002546800475031978,0.0009352840432771997,0.0,0.0023197789993674445,0.009071950718536502
3.308823529411765,0.06253896390618563,0.03604928045790233,0.0,0.006589944679422956,0.007783628422812551,0.011660708058482114,0.015367417418548702,0.011545754031372786,0.0028963447415728304,0.005126104975870744,0.006581199238376545,0.0017263819328276826,0.003777530757429315,0.008498996222312288,0.020910263353166623,0.0,0.007614494681601128,0.012276768717628771,0.005304970609949817,0.0025174991041477584,0.005256141747498572,0.0023955981588315587,0.0020870938874966486,0.00240737707277526,0.002788671868695273,0.0013028816016062796,0.0011589453092393607,0.0023844950643851738,0.0016628046214967297,0.0,0.002541974504836887,0.001543276351701995,0.0018493677352183983,0.0012028856048723385,0.0032556729226007664,0.0037136900801481637,0.001718743454985721,0.0016383481461415372,0.00253957501805039,0.001931959762028441,0.002107407796503527,0.0010756523640005314,0.0017315486527003507,0.0,0.005812582101388684,0.024575974955760943
3.323529411764706,0.019878073503995723,0.01732726455242517,0.0,0.019771000418598767,0.016834854192363954,0.023679701801189522,0.027054242447566774,0.01640815961084584,0.008304747800597942,0.003863588230215758,0.004656722477378199,0.004917755754114893,0.008737716970130732,0.018095745464678924,0.09545854118720246,0.0,0.1537256866494468,0.09555006040223633,0.02170756387915241,0.014507852844130729,0.017091848998765213,0.0022736608424021977,0.007739880912338573,0.0018913129349797918,0.002144527044049702,0.0023714904145544493,0.001023126824134189,0.0007558844238228744,0.0017570504594172276,0.0,0.002978863695602439,0.003854540465956637,0.0033647836709696337,0.0016673540851227689,0.0015248657612569915,0.00241575217303552,0.0010946275015114198,0.004374320206173642,0.002538050352938654,0.0017964373626811218,0.0024510952318966073,0.002570018368488977,0.0019118492634165735,0.0,0.0006096643571536219,0.0077815565771145925
3.338235294117647,0.044891556956681594,0.00608059174346504,0.0,0.011282672666682595,0.006294535846463682,0.009783723155977407,0.006199909107608533,0.011664723781168822,0.006897601748485408,0.0022588918536285496,0.0028335129285751853,0.001423543862095975,0.0034504021457261026,0.017169755286573794,0.00510655982311858,0.0,0.017562508641200607,0.040716387558496006,0.02133318583320275,0.029588738411195553,0.020918163835386968,0.043500550760719736,0.009520350476393394,0.00047731586969046425,0.001785425409580123,0.002566381471032738,0.0012487089453929866,0.0013720271195689663,0.0005611201455913055,0.0,0.001364999726561468,0.0014431260113339803,0.0010355216667652157,0.002220756363042254,0.0018594391262492765,0.0018092308120850162,0.0014512345541618757,0.000821437247170416,0.002129284044640073,0.0027645750232605003,0.0016149135633410478,0.001537579511390403,0.0016996057611685126,0.0,0.007397684515783714,0.024385327456012428
3.3529411764705883,0.02074348066407224,0.017816339345410173,0.0,0.012184665031895317,0.021498289921788136,0.023991173263686688,0.01601849153952082,0.0075205609347801525,0.003124979184422557,0.003911946691287502,0.004190098985043825,0.009391224368926773,0.004762380194394585,0.014196621640468006,0.04988196597392733,0.0,0.022004227722220975,0.04429375691779977,0.11675495942849393,0.055590063264183524,0.0076772754823710475,0.003051948767919549,0.0030033953777995445,0.0025917481244572852,0.001500310934933501,0.0010924478297626916,0.0009286443198764045,0.0022504020410655974,0.002341111781173382,0.0,0.0041971297491676,0.0031971057577690645,0.0014611432902622244,0.0018767662732632176,0.0015231763293829693,0.0016218317064313375,0.0063383086874947425,0.017460415679127303,0.006287990705098818,0.00042021698965816743,0.0013847390167679584,0.0011194839177171647,0.0005104376417898635,0.0,0.014604690643121632,0.066370288024587
3.3676470588235294,0.024346316870646215,0.026325550723833736,0.0,0.03259320509185525,0.02308067123636758,0.012128925075201014,0.006443749411867904,0.005413686873723497,0.006262318413593985,0.009433113219704112,0.010858682848580851,0.005750904189494147,0.0012100832108995496,0.007062256985899517,0.022776015246885252,0.0,0.02381384115697873,0.009093872066218464,0.028669504398153696,0.07915975571469792,0.053623931601132824,0.022612014853332293,0.0040521258330371715,0.0023640668416633195,0.00387559920206917,0.002800408511294517,0.001288571777368869,0.0016680259074585016,0.002040223759089339,0.0,0.0018998379431604188,0.0021215550300442755,0.0031988583742848325,0.0015211199255289942,0.0017290866586155524,0.0037017661180651453,0.009697085246315624,0.00678899947303858,0.008382593531721709,0.005990696171288173,0.0013884580440881203,0.0006328070747103176,0.0004333680286058366,0.0,0.007746226304439729,0.03996102436578877
3.3823529411764706,0.009353211078503544,0.030580308521376866,0.0,0.10438794279207726,0.09093601519087463,0.03740924244933063,0.012875679556622652,0.006697903610012332,0.00500571216711595,0.0020730692872411166,0.0036833828833858855,0.005495569074576515,0.012049624876853456,0.013383460981170707,0.025877616437413313,0.0,0.020716262654902763,0.0357554360722754,0.05167594358389183,0.009310546999678964,0.009511565052528908,0.025359794109752795,0.020828021976577356,0.005983776282207528,0.0008896183651650469,0.001806120107422067,0.0022437088137931835,0.0014014254524149557,0.0010391722667246373,0.0,0.0023518205876777738,0.004059748113262469,0.0033901939972518073,0.0011993172816964378,0.001734970703171583,0.001597374932195639,0.0029254790505041086,0.011164030599838188,0.016269889088102025,0.006511266389334567,0.0012679068516177356,0.000514071768790825,0.0003496759170929058,0.0,0.006901273223767294,0.008855462636466385
3.3970588235294117,0.016306094983374566,0.054409853354765655,0.0,0.040887947323443,0.015668029732081708,0.005634455870032872,0.000984515183784135,0.0019829762217400287,0.002531884412140842,0.0028986572771895775,0.007188997436457621,0.010094912038635823,0.013686797214720502,0.017655637325233904,0.002343499500597785,0.0,0.024891847367007842,0.008872719193965841,0.019621829592195633,0.02226490294940951,0.018764517255570625,0.016801614658499456,0.002401683317254545,0.0027167985119054923,0.0035669647771831617,0.0012994406691831796,0.001914266164408986,0.0011585998772568632,0.0007092099174886454,0.0,0.002872093518759979,0.0026493341420411164,0.0038322587269287076,0.003633636126117795,0.0009669083861986887,0.0014220642456383903,0.00210142442555829,0.0017168703997674155,0.002096079744543456,0.0021295996446619014,0.00021388098054808428,0.0011639255586649113,0.0018738354779559655,0.0,0.004339166122797216,0.024984383901724985
3.411764705882353,0.018188226705226115,0.020533161450987485,0.0,0.013639274497405037,0.023145194061822,0.012926681877244377,0.007793177874668449,0.006752955896392021,0.0026547220852239416,0.003357032997872227,0.006525820156683897,0.004323566326381426,0.001785463285144345,0.0008881230638000217,0.019074307961218544,0.0,0.03355468951539577,0.01603090488204179,0.0074467950010396,0.046013441810447,0.027782742042665644,0.005192352714394758,0.006090045661038754,0.003114382845815401,0.002891488174666947,0.0021067584493446585,0.0010578318570831763,0.0008150333746877526,0.0010883355986045496,0.0,0.0013930494044378462,0.0022511134648998997,0.00501794292356728,0.007265963200424207,0.0013921660661128908,0.002630001412696854,0.0008192077908105598,0.0015659525549111437,0.002730115686821244,0.0013850866494095164,0.0008296735657548563,0.0011861833800687286,0.00015963287430666577,0.0,0.0060187619040915396,0.02986903595252398
3.426470588235294,0.0489720226239795,0.04068250531607143,0.0,0.02935167742968161,0.02399451494045861,0.008915138148364407,0.01314396181308897,0.002764358672294154,0.006521587054287904,0.005268897030596339,0.0018504709240880002,0.0037274989995287563,0.013578403759252013,0.00693762890264586,0.026200115046085597,0.0,0.18336076133750812,0.15857999091137462,0.03926081089470831,0.02654023947569656,0.010225608913198469,0.005794109279277843,0.0027466084855201855,0.0016384577644299027,0.0007127639678468612,0.004725298731983667,0.0030909890359361665,0.00210478015912666,0.0045559968062120525,0.0,0.0038245683021463743,0.00027817569804675665,0.0013513266976305598,0.002338909605778413,0.002321464179637321,0.001635994172295855,0.0016873391661485259,0.0012478385827612115,0.0007974277563948,0.0008468491966476162,0.0018251533296885377,0.0012302838931932444,0.001869318339077524,0.0,0.006719077901704071,0.022953611643340782
3.441176470588235,0.01122893991160687,0.02294733207910694,0.0,0.04123770918238193,0.02171963287878545,0.00618048502106026,0.005168333495690962,0.005538876897503534,0.0039379383122154,0.002258210045362983,0.005880710688279098,0.01869826873561948,0.015795553322702938,0.008140303839045232,0.025089255871324004,0.0,0.015957202657351198,0.086846233024954,0.08725627725507949,0.04806704242225643,0.014403034626686793,0.010743252719591883,0.01159663534249721,0.003893320337115707,0.0017500671349881362,0.001145414564257769,0.0014596453285125165,0.0038344162309113714,0.004103665585108972,0.0,0.0018634270400791715,0.0017389465657771611,0.0021911995388521144,0.0017208249410580333,0.002520593997859917,0.0007228605245661461,0.0007539545381497312,0.0005747239921576427,0.0014334921665334918,0.0019894598272944563,0.0005752975583355213,0.000796862108762535,0.0003304377681626853,0.0,0.008473618667155078,0.03212634935194293
3.455882352941176,0.03313286298137426,0.019125316427601315,0.0,0.008780739160605016,0.012006398103938486,0.0185110458603115,0.01673338993472569,0.0075288807696881205,0.006361883378613478,0.004537958381852401,0.005735138326365446,0.010751521529686166,0.022084323367274554,0.0075200299045410455,0.055333107545048166,0.0,0.0722409579650046,0.013388441041173371,0.010211824044726156,0.07042093170531073,0.03192054643241617,0.003360944901367484,0.0017068226372316745,0.0009431876292115842,0.003079640185856116,0.0016116581177131716,0.0009504828663765897,0.0007394912291239489,0.0013315108317968872,0.0,0.0014550438237445908,0.004732386136882634,0.0052541139440889124,0.0034712457029819747,0.0021196238031376997,0.0020039823471769526,0.0005793202962298105,0.0009823812622779004,0.0011142017888429586,0.0011816994773028325,0.0012399335149584046,0.0018570671900107712,0.000981246963354296,0.0,0.0036334747031670184,0.006295020504492359
3.4705882352941173,0.03950545691607189,0.026544667686648423,0.0,0.012568222473098767,0.02002420305629598,0.00549687540365656,0.003266114037653661,0.016045114214421074,0.004359099622689646,0.0016522664673725637,0.004786132019884891,0.0038874048066967503,0.006030352890266557,0.023375949305537914,0.019678142846336084,0.0,0.002973652980284421,0.028430047292250224,0.01685848472984124,0.006082512036836289,0.008190324464758713,0.012594587379521134,0.009641625028937392,0.005332864713138162,0.003162051795840055,0.0019421821475345382,0.0014159759966305761,0.0009443474185461995,0.0025123082165519786,0.0,0.002320843863332699,0.0003590606185086455,0.0013568920880150028,0.003429523615674737,0.0028707825250058215,0.0032779024140211933,0.0024539960898143586,0.0014914131005695683,0.000948744806956595,0.0016194586752666324,0.0018439751977941572,0.0017650682367604457,0.0021032090553352797,0.0,0.002780809484795267,0.007230424082096121
3.485294117647059,0.08861356969441161,0.07456599299361474,0.0,0.032527865788214906,0.018183246315288594,0.02161195927070324,0.005907776839706404,0.006239089589169258,0.003578262270143682,0.0032786838181799323,0.0037583921530676486,0.004244006176423605,0.009226920093226402,0.015158237563124118,0.014022550998655788,0.0,0.07293011157526091,0.141963509482338,0.07263306621110713,0.013337586951449756,0.012722216889157723,0.006615519108617559,0.004676167956942387,0.004862099211103437,0.0042424908171360114,0.0019289317037974299,0.0031707239888240177,0.0013528937697435957,0.0007445193841805109,0.0,0.0018970854842022154,0.0020619685325759373,0.001215392609678899,0.0011481261792426515,0.0011803889781025468,0.0016937979795578512,0.002852256861164951,0.0026909121994585197,0.002198634857869187,0.0016437412349179865,0.0029068353638041075,0.004689838249883073,0.0022976082620405746,0.0,0.003088213720619159,0.012246446406157144
3.5,0.026025361887291,0.03091422792293115,0.0,0.012394297188620094,0.02287300419772622,0.01570504812696294,0.01094359941182825,0.010907374986351718,0.007811867862576698,0.006150047340748872,0.0019367004227758664,0.00995076836077923,0.0181995566189573,0.023052103229457027,0.014205092282922405,0.0,0.012435749270982066,0.02262564799062213,0.012302156024141241,0.05012275230290517,0.02574994310948491,0.0022484450946186926,0.0018710385764719277,0.0026863851444597782,0.00338977557515103,0.0029813139003749232,0.002124774679969436,0.0028191088439732497,0.003663927154553679,0.0,0.0023244006563000875,0.0005116684262313439,0.0006765148307145881,0.0005558118742862282,0.0026062813848429112,0.004548929956188622,0.0015865067601693596,0.0014076200149202192,0.0022941720143877077,0.0019970660867509684,0.0006872648320161818,0.0012467169484783325,0.0020658048124550057,0.0,0.0029521674959576173,0.0028501514959151635
3.514705882352941,0.02714992230247404,0.026447204329947044,0.0,0.015103885769760059,0.010109867334593799,0.009313004505649897,0.001777379118090255,0.0045465810369981555,0.0042256853561765916,0.002450988354984021,0.0017193160068177588,0.003670784956594961,0.005607201563860962,0.004680355964306944,0.02400936309715385,0.0,0.03473787217408268,0.02964498186297852,0.06984364071547641,0.07832861320494407,0.03506738613618559,0.007847916411911678,0.0044013559270017375,0.00342872608747767,0.001956378138361834,0.0010587940675752896,0.002009643818836189,0.0017987717465556535,0.002045440063745185,0.0,0.0011988992759320838,0.001748465949749423,0.0030048174061036463,0.0024061258792255364,0.0010832491264377022,0.002161041840700029,0.0039887365088001545,0.0037112305310626047,0.0021297497941261817,0.0022187685042509182,0.0006771578186945881,0.0013776879525260475,0.002225380663808215,0.0,0.002485762386799045,0.0017328829597144356
3.5294117647058822,0.034384672421520476,0.023474576860217228,0.0,0.0023484335350120083,0.0019936939049970325,0.00544148717955532,0.00789122457293,0.004506546893831459,0.002914410637067709,0.0024302246850123506,0.0069513341685994955,0.006292958706400263,0.0026003478845644215,0.022079100376704845,0.04965478149896417,0.0,0.022968733761200906,0.02429929941532535,0.028765054620463255,0.011450691427678442,0.002492610613237852,0.0024128350667314666,0.005011252838897121,0.004777463754784826,0.002064775264106734,0.0016482710901878307,0.0009876116945226772,0.0011753258990933842,0.0024539881827525404,0.0,0.004064581215583648,0.0029629488485720364,0.0012460276580033144,0.0013938741427518388,0.0013421686638605487,0.0009688501648373914,0.0038552884898955626,0.0035611665109844355,0.0021560571495128173,0.0022344259292930413,0.0031461011574893077,0.0017066955047254787,0.0009820342843559872,0.0,0.0029306286467252127,0.00626875426207807
3.5441176470588234,0.031117884915627204,0.05560140357740051,0.0,0.04777216576044528,0.04465747076090583,0.02220248678141408,0.008756937158685175,0.002493224052993848,0.0021401987138714787,0.006622214413842,0.003846816392561259,0.0017123983492048295,0.013680094041213054,0.01254120270968321,0.010514695587671803,0.0,0.08507047298891429,0.12229783463198235,0.06718142208456315,0.03675853123735206,0.02748657750089392,0.01538913606917385,0.0029728514651504593,0.001001028854184935,0.0013003582783821133,0.0037030173484469634,0.003511220757856506,0.0019367690472267421,0.0009259707680715571,0.0,0.00035441438099760635,0.0017694410229556058,0.002058960631624246,0.0012804338637436093,0.0014739097704382445,0.0013045547497622851,0.0009848398980675677,0.0009943829481530927,0.0009752749918229209,0.0021161357932663683,0.0010965890638625186,0.0018980128834474711,0.002957633624667915,0.0,0.002114153214802213,0.001206201770505007
3.5588235294117645,0.018035666581674693,0.018477133746261552,0.0,0.012648644289905028,0.011992013167248648,0.02885826266629531,0.016945472810731915,0.008424875708878246,0.0052150971572799834,0.0021793251239259517,0.004168012508413848,0.010141195920794722,0.016394626382735873,0.015358681151754077,0.04119911591878391,0.0,0.0052692525575889215,0.0860451146187171,0.05735060714945932,0.01598221525603986,0.02421227076044172,0.0070425919097212636,0.001293477209927325,0.0010083510386306297,0.0009311109481957128,0.0015535265365823972,0.0017851170400420022,0.0006456085010580779,0.0009839763766013305,0.0,0.0016153575755518653,0.0016645185952662478,0.0020540356739287505,0.0009691977550277595,0.0013619567561209038,0.0014502483957651183,0.0014037990236332727,0.0009256049173684891,0.00048800372661966205,0.0021232586267010286,0.0011269481491890958,0.0010097526225501844,0.0009185890512398345,0.0,0.0011612053782084986,0.003959764497415126
3.5735294117647056,0.08357894364259948,0.05883502523488105,0.0,0.019306837684422123,0.018281877111602552,0.023815153452514976,0.011533474518185713,0.006187858613792154,0.005765376994779799,0.008616236157316324,0.0022559415827887973,0.001291155050232388,0.004512399551467702,0.004978055475393643,0.011455658530822296,0.0,0.0331838941494642,0.12827312614099592,0.10655378472004319,0.02494773050973707,0.013628286620703894,0.004859933814321161,0.001505108630022811,0.0020167038326772417,0.001296037651243724,0.0006016067170881195,0.0006222191468203096,0.001205003463782924,0.0020613572643932007,0.0,0.0014085515371326698,0.0011892926781371846,0.0017894803517185466,0.0024256109790357916,0.0012435916657734028,0.0006189928340938325,0.0014042997646464496,0.0006683414429669364,0.0012587909054726783,0.001988568767119993,0.00265032359033167,0.002769979081100671,0.002207622226475919,0.0,0.0033886289301514124,0.0033033646038705734
3.5882352941176467,0.025980792267652743,0.024579431104293094,0.0,0.00762742837432089,0.005746518331968311,0.00822113686265268,0.01462780863257264,0.006383076081189907,0.0018038653978383673,0.004832008868323263,0.016524599434381726,0.01766854948250205,0.006995928850138349,0.009464896557446062,0.010008601184832055,0.0,0.027515364679863468,0.03928845231564453,0.04596687298464822,0.08928377577871863,0.06106735665912479,0.01699142480653671,0.0031389370849432877,0.0033298761927464376,0.004580933811805072,0.003320633364930196,0.0017825438129567836,0.0010156948052888557,0.001178292625765042,0.0,0.0034948006307871197,0.005055870497697679,0.0029829274837263105,0.0011136270269721945,0.0009059346604377077,0.0013219943298533269,0.0012473821109012806,0.001577740611123563,0.0009422842424619855,0.0012707585597397657,0.002291371023912887,0.0018680531884163094,0.0017284680171422693,0.0,0.004540273644276047,0.01219729203686704
3.602941176470588,0.011270667123833119,0.01279393391319429,0.0,0.004132899782351185,0.00594300400927817,0.005622584981066407,0.00719643599041882,0.0049474142953652815,0.0093052553956863,0.006569491450927453,0.004393600689591307,0.006875661645256376,0.013663976841036183,0.02583166663322759,0.029029573547867494,0.0,0.038032549269900136,0.10512041103873412,0.10428595557834947,0.002534175013121626,0.015268498508179856,0.0019571494122072007,0.0009517781386156136,0.003262402242628396,0.0025303349085991998,0.0015585701287847706,0.002500948753144769,0.008658471522012157,0.0033331432920673267,0.0,0.0019337865492146003,0.0033464177218007173,0.0025740806793310683,0.0037327854828410494,0.0016696616577752945,0.0028632673267986793,0.0033606985925448162,0.0007422716495717207,0.0005859238039641688,0.0015091944835155843,0.0015366657502657228,0.0016853325145939854,0.0013427823389860084,0.0,0.0036161516836562164,0.006253153116511733
3.617647058823529,0.07900120204739183,0.04601921269199296,0.0,0.037795976231415576,0.02063847344325805,0.00770173236897144,0.0057161907854075215,0.010503773738558608,0.0074513402108401135,0.004755080032619374,0.0035411185877096693,0.002918922767544524,0.004534863788248754,0.01578769084419747,0.025465012737947896,0.0,0.022246760369262396,0.06737723914311526,0.03944979170809556,0.024100640534835148,0.015660561830534256,0.007606021089395617,0.0052597031992441794,0.0020634488650755145,0.0008892974715575605,0.0011376114238570091,0.0010800093288623521,0.002086836265647942,0.0017003923390044693,0.0,0.0007508499940569399,0.00035840261028809346,0.0020839831450499024,0.004949628809234944,0.00238308163497908,0.0012485544899669206,0.001385006010725305,0.0010702145184162746,0.0011505468255707187,0.0015741121892710618,0.0022077342804564942,0.0022869941203159483,0.0034449291826363954,0.0,0.002751701948847045,0.0066299312584482085
3.63235294117647,0.030417864489253935,0.024844109187876676,0.0,0.016967727864916262,0.01740669259504856,0.010583053217258134,0.02629142336412356,0.010307356953344341,0.005582539051233049,0.00356249211843406,0.002087534794258175,0.0038084091623107642,0.00440008038495149,0.003023771840256718,0.01082029137563901,0.0,0.03366904279672441,0.07557737868730509,0.030562155527612614,0.0418565804345591,0.03429980781768112,0.008621893690904527,0.0018234517451810313,0.0031360352232624516,0.0061188880431846445,0.0042748169550878975,0.003327680592469545,0.00393840883993454,0.0025402802004956533,0.0,0.002871944971775858,0.0006627647390048107,0.0017426679746959297,0.0007071233861727208,0.0011659803524912773,0.001161120621657873,0.0029417319268711453,0.005300970086464364,0.0049901684339335554,0.002687533930395311,0.0028280111972082923,0.0004563596805046179,0.001070143626856595,0.0,0.0015931049841252107,0.0038661722561698013
3.6470588235294112,0.023019927017400438,0.01610061927354557,0.0,0.0310640657572145,0.013984522468104539,0.011408139287316986,0.023764534695918077,0.0022155353855997286,0.006487056507501122,0.006657117380722761,0.00610642554062038,0.02348703344417137,0.019231199230509404,0.009045681228230278,0.01332332479851793,0.0,0.009582272098188151,0.05118567105711451,0.051984749404019405,0.02549959282170084,0.022372558471023374,0.015454463697755435,0.005738542493086024,0.0005358687855630036,0.0021116766584713515,0.002744414449634371,0.0018595195888069294,0.0011269445509282847,0.00150468225218745,0.0,0.0011087129873624739,0.0010530517258010822,0.0021255075171146606,0.004943117440220293,0.003497044431070504,0.0023242457374674386,0.0009403528960283466,0.0014969885902196742,0.002816407762625934,0.0021109146801066236,0.0011072095207462346,0.0010196052103586318,0.0033489132260452613,0.0,0.002794656778557493,0.0011338648862648086
3.6617647058823524,0.06818414351719589,0.05752728116159018,0.0,0.02537890237576809,0.015415005070040566,0.02322427725617095,0.029419346844044056,0.005877140997768789,0.0034601293163777722,0.0038678917523927267,0.0027766986118434125,0.002734736950994743,0.007379559794008164,0.01308574074639978,0.01547297233523959,0.0,0.041768580651291,0.08420731991200653,0.024854149781901556,0.014343782263642007,0.010980901931571353,0.005930088443670149,0.0077880068865744684,0.006142077901063274,0.0012047851055261177,0.0005248564387173944,0.0016377844520005967,0.0024528727738449183,0.002388974640881645,0.0,0.003735174311351164,0.0016454348322009495,0.0003352673893539782,0.0011389279898990497,0.0019986101443379613,0.0006310161836676993,0.0009717231895048351,0.0011173849404763837,0.0008113399475210176,0.0005059056809640563,0.0008452895640469475,0.002014730780409924,0.004486373989213292,0.0,0.0030789724823116005,0.002922230850774523
3.6764705882352944,0.022956971833499505,0.04326736430672708,0.0,0.03751631941918532,0.030939237608239134,0.022517734651269765,0.005793156015632031,0.004827934223551178,0.0029004504379682144,0.0024696336447075206,0.0038422197586275913,0.0045673025231705985,0.012327318095441075,0.028321956687284613,0.03766874346413345,0.0,0.027031935187513175,0.02462356313160783,0.07767109998398258,0.020861220987463555,0.005258343370324149,0.005811807391302396,0.005932961632790724,0.007897529529771618,0.002881948255757479,0.0016419645129959243,0.0030556569548935994,0.005455404432114632,0.002619728023356818,0.0,0.0026834596797664706,0.00199259240847128,0.0011631813459629312,0.001756931477349322,0.0009643548246932576,0.001153138159835345,0.0008959118004226798,0.0021185449326988227,0.0020134714500919283,0.001207294382592213,0.0011937957106373236,0.002567727308617668,0.00397609561560478,0.0,0.0027985207554029113,0.0020697492696460694
3.6911764705882355,0.012168974342538436,0.025594015220467562,0.0,0.08657107243184486,0.040131444400669875,0.01602662333754081,0.011255440706016534,0.0071648856733776125,0.002935741911130871,0.008471754722115048,0.009377733744003868,0.003070354379326226,0.00898924060008293,0.015553008014297539,0.02455189697902266,0.0,0.07002312235925044,0.07434780958356797,0.010891293765728633,0.005347229554255987,0.0250784309014804,0.014674455604274135,0.0032443393801571798,0.0044334868186612295,0.0021524802927006207,0.002532275723783962,0.0024032730519348046,0.002279602625708923,0.0024509078267699724,0.0,0.004543714602776196,0.0069152695989824035,0.002663480595564334,0.0020320140045682793,0.004906556083604914,0.0024748403334955613,0.0014006373352283428,0.001301481446987561,0.0018109778455447601,0.0023465641514205716,0.0020698966405312165,0.0007011917005760981,0.0008104191949108698,0.0,0.001975961256411058,0.005996446436214147
3.7058823529411766,0.05971959035818309,0.011843142437417808,0.0,0.010526890281714489,0.010659945667196455,0.01905679561186211,0.015986678101812674,0.008023218980648285,0.01175611244967914,0.007607525546430825,0.0023334390925363107,0.0064495140714915895,0.023674524589753658,0.040801641135782205,0.044166015990799376,0.0,0.1599388963402272,0.10532792214140148,0.15067971762454851,0.2084028117970883,0.042314155816522585,0.025076401109561088,0.007619734512702987,0.003429208123867967,0.0016167479290556293,0.0022807281929250363,0.0030189417902693146,0.003691210398193222,0.001656099719400194,0.0,0.002345844071176907,0.0021777784543473965,0.0011312285793728927,0.0019997763850973893,0.002640086727167806,0.0020150536175763253,0.0012318501846472693,0.0014729231506899314,0.0018488227729101133,0.0023735039685575123,0.0012711169990465036,0.002082783080483776,0.0015217779912703186,0.0,0.002169306449422564,0.0008266078899691184
3.7205882352941178,0.021485935831034968,0.015001051639258883,0.0,0.020460242474667094,0.01694176544450468,0.014961592560031028,0.004188787300670321,0.004513852637288049,0.00275556275359744,0.003956790325967037,0.0042976932585793905,0.011527706449932838,0.010770431388700832,0.060085600614128445,0.022386169992951236,0.0,0.2379048170796999,0.1563075585581123,0.052916920377410165,0.07461676065947132,0.022952248412181582,0.07667192946005158,0.041852241519768,0.020124373440444696,0.003251287731365425,0.0023833381138929476,0.0026883122392818834,0.0035406987256877335,0.0024762511726903356,0.0,0.001360109755984246,0.0006426787227456423,0.0009531753571869337,0.001432587192344295,0.0013406897988706547,0.0028153042751236325,0.0026237232313237146,0.0011489301792879337,0.0012243023597428566,0.001033154782368362,0.0016964052961723054,0.005624802475770107,0.004748096811340065,0.0,0.003591296344302797,0.0043833749531634325
3.735294117647059,0.03443577597800196,0.013245144014894506,0.0,0.03745709910573739,0.03871044304128348,0.02244055358730976,0.021737137176643995,0.011723477630119359,0.00618162588417212,0.004908341825829128,0.0011589523633746214,0.018094484517047336,0.017277112670668632,0.014734296639509089,0.08763434269192677,0.0,0.07800744470119597,0.06805605427677815,0.06178736952812511,0.12344255306331336,0.35930500596020476,0.37738957427241576,0.09881561747440976,0.021488916735434505,0.0016919676794881285,0.002861186437246057,0.0016437527190919024,0.0009582005725496983,0.0019381053893528107,0.0,0.002905644844654728,0.0031409471014601847,0.0019418219517659157,0.0008266485762040309,0.0006857464738891081,0.002368981481874285,0.0014475773642008078,0.0008072657170305837,0.0010526037401385382,0.0013177747173505616,0.00046478141733997117,0.0003813279239373814,0.0005991197317593067,0.0,0.0017720534372868211,0.0018615385933090501
3.75,0.021987689290798126,0.014841627034020106,0.0,0.01461931329251993,0.007555279363146872,0.0035414124318810655,0.007414285024532275,0.007062658417720533,0.0048924746454645915,0.0008125253330250933,0.004663431943654696,0.005104180299108741,0.023819134566191322,0.015366703787923219,0.013320599317017458,0.0,0.02843982467890026,0.11318435511091213,0.14331076627867861,0.044503217235779685,0.2101557236115663,0.5977652153193935,1.5733629056615994,2.5000203217516286,0.8578381227020151,0.10305235266684479,0.005752427702733574,0.00040089503724828753,0.0010896060772333,0.0,0.002474037190797483,0.0029906924598848946,0.0006771396106263598,0.000744775520924305,0.0005920141064215016,0.001877162285859052,0.0006807528760829906,0.0006730668768650733,0.002810511988903282,0.0023516269301056447,0.001343645276206158,0.0008520465714941191,0.0012484586503580801,0.0,0.0013300962287489742,0.0028493455871730243
3.764705882352941,0.025212092291255445,0.021121377065182557,0.0,0.013542785923391346,0.005442938091336857,0.0097265489011169,0.011194897128199918,0.006132633768742849,0.00987294225372681,0.008814343910730821,0.004070748108063144,0.007526701418044268,0.0073555975595242015,0.029195068145641927,0.014149565481325921,0.0,0.04993452594344938,0.08479458033138919,0.07819290497027565,0.07723454048401233,0.016233530803865682,0.13315021973779556,0.8495443700638481,10.21364716488011,8.425663742076866,0.9763535670790795,0.3022193502702894,0.1477693632558712,0.013778577858598528,0.0,0.0017833534233193179,0.0024314541447258463,0.0011323540553956893,0.0014937442697634563,0.0017089341627401292,0.003072751776996046,0.0030264029212625746,0.0014645741090467462,0.0016683358959939715,0.0008005812336066536,0.0005996199094262439,0.0016128925790491288,0.002526290031226992,0.0,0.0012314649272839634,0.002835579598268005
3.7794117647058822,0.041370492531606226,0.010883602221243457,0.0,0.012406928644685032,0.013172768869990484,0.01732439226791275,0.009020204899536779,0.006943367112820845,0.005677966082092172,0.011362827541225872,0.009236475972857431,0.0009138078057432377,0.004975464902274909,0.009783418606536426,0.02455567475528969,0.0,0.09159956371699499,0.08969935742161585,0.01699430518533588,0.011705582143568198,0.03312487669570901,0.07694764428537226,0.5705085824884094,14.455000327525115,96.65522416239986,189.38074419019046,153.31229395893095,51.12728756315993,17.133220182484486,0.0,2.873290088184194,0.2569743648568307,0.04599209695282322,0.0012976053621545454,0.004151445920305337,0.0028747520500936297,0.0014053010354023,0.0009426398741552505,0.0007298675876014767,0.001064716913618122,0.001033160931903396,0.002515967571864403,0.0008862227908714748,0.0,5.69790973657046e-05,0.01842423407491209
3.7941176470588234,0.08685759933212268,0.055821131670113475,0.0,0.027285961618458737,0.015801149187527994,0.004792623861128995,0.005066324952982681,0.010559822951315528,0.007090311415144509,0.0033557547851189237,0.003726408299556709,0.0064984239944099985,0.0048246018370534625,0.008445167691005132,0.09465430280010137,0.0,0.016561220215240764,0.25348483984393516,0.28788505400655146,0.04575492729117258,0.024436918720154716,0.1358943219405842,0.8613745890380201,7.145426480496081,38.623632200649254,359.0210728190207,106.90314908236019,1109.7578957366954,2216.7228677990365,0.0,871.181216073638,373.5842354249611,94.58342159430424,9.717468801662918,0.6528765711778384,0.020289699048900517,0.02092859283265925,0.00715554184281269,0.003060842049857241,0.0013382746876493452,0.0007190847307322606,0.00080719854974876,0.0019487263193332513,0.0,0.0007786075438163894,0.011463166277038509
3.8088235294117645,0.05624286237031178,0.03328470185929951,0.0,0.020318313707759546,0.0252470727654023,0.015746400816569465,0.008452495070540873,0.006091461768704817,0.01070186008187431,0.016913485656022596,0.009349328783874221,0.009144657498197702,0.015097770600251019,0.020923472851488628,0.054120310230133445,0.0,0.12006611145069482,0.0630022598877116,0.17809893671812174,0.1504359002658589,0.07682396041344927,0.12848098478473025,0.07070429961267716,1.2333106980223993,11.953644100100934,18.436802032354233,155.64057164850928,492.9017792808122,2289.990955395992,0.0,1892.6695145134636,100.29161616886867,794.1015580373835,148.7478703266658,6.5615400530570405,0.8349560475712017,0.8797708231590149,0.19615344334470558,0.033877908616747596,0.023565534055825905,0.009743324630835144,0.005137509219772161,0.0035338076929233133,0.0,0.003054491844128901,0.04243800912566721
3.8235294117647056,0.03126238955139038,0.018623080640109105,0.0,0.037915874786009475,0.019410412484849888,0.021301977420639478,0.01797123257756765,0.005146894940274618,0.0018072838188880028,0.002130915599310101,0.004548104876502223,0.01804000652247089,0.028434232275865536,0.010495425769708527,0.014372990429696739,0.0,0.03832036348680519,0.04561524151991027,0.14527773051193066,0.2758931770157581,0.14837617474849457,0.07425462427981529,0.21135934523960748,1.094961703440913,1.9316035080721483,3.1350333176696488,2.6271831628269995,9.938316094037468,207.79614704836024,0.0,662.5527623107762,296.42495431685904,95.44200849513552,30.311873494561304,59.9206313568046,9.727954878606127,0.17308688855172977,0.04053094363272407,0.01751955918574089,0.0023650410912904618,0.004141011595323494,0.0038753782664447036,0.0008317453617822931,0.0,0.059481351570086265,0.4180238105749736
3.8382352941176467,0.057856379175615875,0.03922745025540607,0.0,0.04456380210380398,0.023498780915894905,0.00827473603800243,0.004312952283527711,0.0016519399310763773,0.006500571758720346,0.006568833098840191,0.0015203847589028833,0.004289256469905149,0.02283953018061948,0.028743680189962637,0.08644243826628559,0.0,0.17633922621787407,0.14593505278352392,0.11733433509301142,0.0822433560131313,0.006559605538692986,0.04867348633132472,0.1655816416220783,0.13303441663456628,1.2279499087446064,3.615000527719621,3.1293597985245363,1.339517851828431,4.402802982644993,0.0,19.880772546474148,59.332792491545824,21.770522398954952,3.7411409893601846,3.798146611704248,10.617083785972124,1.0161331036411214,0.06613793287285019,0.0048478020081079995,0.0011715209110139298,0.00568780938561555,0.005301772074206105,0.005773625140775665,0.0,0.018364758212096995,0.30204769580980434
3.852941176470588,0.03077847032193451,0.08245773416541861,0.0,0.08485844835962071,0.051269596998372746,0.010458148816393533,0.004778035242821978,0.005811747431408608,0.010375696088118773,0.016933837844307253,0.011609235526109457,0.007031405867635063,0.02603374518997801,0.0066902594767167005,0.032321344607559595,0.0,0.03442031639964539,0.022390009146777655,0.051633596067215674,0.05152439538444542,0.019158937634219195,0.021482232855755214,0.13853248602458987,0.5881837833457045,0.6812671456517025,1.2120005836801633,1.8222447825913801,0.20975458113598722,0.1651368112632773,0.0,0.8035789176402837,0.9878274907049115,1.6878748908851264,3.9358959794668316,14.266586308175864,9.90120128609605,1.5024378214415597,0.029980087967460177,0.002781203366853604,0.0024323155816226324,0.0016588775415969223,0.002376233033536761,0.009750542976308752,0.0,0.2262038691934949,1.7776188945573788
3.86764705882353,0.02419910192733399,0.01991957369954653,0.0,0.014028599674284811,0.023476850469814778,0.02860435830546805,0.010151488028315718,0.0036130056228770124,0.009693279041344028,0.003174373214259897,0.009170940715851767,0.005058702603858959,0.031645063815398944,0.0752057995708464,0.0159407253985973,0.0,0.09509699725678511,0.26288093006011837,0.3921899490497248,0.23782736676365934,0.35464818134800713,0.18156708012518166,0.00123886920093751,0.06030425611133676,0.2560096015997492,0.649740129937098,0.20465329101732657,0.027374587309531975,0.23489576437172227,0.0,0.5967794759869434,0.32743655968219965,0.11605761472941917,1.1650421122934804,1.713069480084568,0.5544344391741685,0.1268699935022442,0.06840995100609196,0.015197259056560225,0.002422140055790471,0.0033634208812789498,0.0024973607903458536,0.005143989407883885,0.0,0.4020318312968748,0.8196209988076619
3.882352941176471,0.03814410823444057,0.01687560834079219,0.0,0.013047595899555089,0.013966439078244644,0.012801782139708296,0.0278054424783906,0.017142625151401622,0.004418503281716699,0.008452365334372521,0.01254095650571895,0.0011363534833216074,0.03838785043307295,0.10220265375522525,0.06200866893078109,0.0,0.08574566272085055,0.09678596050975577,0.13850440794735824,0.18959447460317913,0.24211151929497984,0.25301962837156616,0.06844410870392231,0.11300549417168004,0.19222712420278804,0.46677283454670815,0.7913706968913219,0.39579710607385954,0.13780226808792362,0.0,0.04149560384087769,0.01254175624888677,0.06265128165546209,0.11651039533091183,0.07259734652056228,0.025050800327627375,0.011803292520456681,0.02539656457797905,0.014458130485864262,0.005979907684896725,0.0025322332009224944,0.002113378415320149,0.03731454907404305,0.0,0.5918296954018276,0.5303892254626436
3.897058823529412,0.06052810135093045,0.00944157127908361,0.0,0.01798215934355056,0.022638500940144288,0.02066109181565764,0.005350598509718246,0.0065037685384270105,0.005506199820395272,0.01153306031091655,0.01787583783876418,0.016033534177810102,0.02194275148454596,0.20060482942107627,0.3426932441057861,0.0,0.30178480467208146,1.0358744618301392,0.8132458654619612,0.3791898577329408,0.31956245510479653,0.2683284583687714,0.1045422612948716,0.13007342769190042,0.07926564096482533,0.0816197309256085,0.042310882317342,0.014635325124672197,0.030156177287513377,0.0,0.06429127030089606,0.022486581612413754,0.0049661644968645845,0.013144792584395494,0.009693779451027607,0.007314828537281592,0.012582013561795197,0.007336533464277344,0.01716725343406342,0.011237851882449731,0.0017157985453580716,0.0033856369224250964,0.01921729130546174,0.0,0.5099722405863331,2.874734475866914
3.9117647058823533,0.04274820251035487,0.026263158413380047,0.0,0.024572275411330963,0.0072576928643226166,0.01141247254775915,0.0058187741950695045,0.0026119373074534958,0.009518451950932856,0.0074303763905658494,0.013889625912439661,0.039585411485444574,0.16663007601891064,0.0908327489608301,0.2887213145943872,0.0,0.3566493114630538,0.45137377407593726,0.515881755482406,0.7353896397630024,0.9256211999059307,0.5164589417325041,0.17346057761082462,0.06694250664724093,0.008846316033563601,0.01851908708316892,0.024707634267123864,0.017155404671394404,0.00674111759355836,0.0,0.0060583258685701635,0.02323339998651006,0.041786224667605926,0.032022313551598805,0.009676017322354593,0.00837211507625306,0.011328403441135977,0.004973491748308782,0.0033134505897455483,0.004488176537625432,0.0008371733552458074,0.006209329372051344,0.018685037437687645,0.0,1.9814888800005546,9.541641250601652
3.9264705882352944,0.06359699313865962,0.07209923002549513,0.0,0.039231952341249814,0.025805401411609835,0.012583024232734268,0.0037257504794414335,0.004907277915551984,0.005062346389367576,0.005130261251941928,0.010803255205818107,0.02649125253458292,0.010379367933782675,0.06661569204185336,0.4152532627280592,0.0,0.30722432526936416,0.014334441394556221,0.15031738781069012,0.6739559917373752,1.9594637044546004,1.5279116289769532,0.2881995018684441,0.05126109646705099,0.02369373700873015,0.029182239977456597,0.005447522268161734,0.0022156640314754013,0.00451539250189041,0.0,0.004484012279793239,0.004914080141335294,0.011833264695115283,0.022480558330941078,0.021415425566379,0.011045519868344518,0.0023717831190714455,0.0037323027418251645,0.0003438995915712868,0.001458315285218624,0.0012787888782108472,0.003949658020130327,0.09108699249883705,0.0,3.269811822434408,3.303553204987659
3.9411764705882355,0.03105834859692573,0.027283812771639705,0.0,0.014843440407946785,0.020775520408689203,0.019391002313022175,0.024956122256766678,0.01358270735181481,0.004063822489376298,0.0030150304866435503,0.001337949976954985,0.005095122516197744,0.007532474619889393,0.018558029651624612,0.03947995874812419,0.0,0.06561133187684856,0.22532387560635603,0.4893046412195139,0.2134881875678753,0.15782776106562177,0.5677571807310532,0.208578512705015,0.37182863468007243,0.13013711984461346,0.00984473039004659,0.00887769308228211,0.006592877081720823,0.0021557120395637778,0.0,0.0020412343960503725,0.005340689978778516,0.005986585856651615,0.005048254177634005,0.005568731587776732,0.0015843005195288883,0.0027472466088807176,0.002330261792476647,0.0009110087349122749,0.0018715255958099062,0.0033802724803375485,0.003705741844308644,0.024494007529582508,0.0,0.7246386541238021,10.849481965791655
3.9558823529411766,0.10857820345747925,0.08137545443659261,0.0,0.02396975989348153,0.04268279938028992,0.030870466403065233,0.012440068134197619,0.00961034455913359,0.003587313569675583,0.00482648816188327,0.004960765925520064,0.004456442339624039,0.0026077710806081144,0.009722903910786618,0.058756489058082575,0.0,0.11653300769289043,0.07769353871001876,0.06731647040111882,0.19713119685545527,0.21136933410084713,0.31362632559776393,0.3697233075097235,0.07985125708167315,0.08387146603829129,0.008903462110052239,0.01081580621594982,0.015196248559544951,0.00435878513362427,0.0,0.0019020867811845722,0.0008738891388705755,0.0008642569704385701,0.0018141396782235643,0.003979968970039158,0.0010320375501863019,0.0008555128965516739,0.0009048416608838964,0.0009195461630092843,0.00134858582286523,0.0016182113505922168,0.0021560350335704435,0.0239907166870717,0.0,1.3856383721488643,3.929775828580146
3.9705882352941178,0.018745279478798532,0.029042617720030816,0.0,0.0019606135484676757,0.013713703055644729,0.004060639487533873,0.001563080703679867,0.008582918094908826,0.008050980876896482,0.003572791951822458,0.006828764794821582,0.008950865110135667,0.007381035927895228,0.009480538747905708,0.022241617280988796,0.0,0.042733084418043354,0.05304090266100727,0.22790152834814706,0.1127097283704254,0.018926515244155312,0.20546618202467276,0.3140325008813104,0.11966150295336195,0.052741589398100766,0.01756706148363967,0.0005985640392031725,0.003791999545377907,0.0026074777481608865,0.0,0.00031178344442007284,0.0015231138503178025,0.0014660435541751816,0.002629698840049049,0.003615492518227268,0.002179828397857729,0.002677951593616806,0.0012873019545233378,0.001758919238982973,0.0006176353947688715,0.0016412307859393516,0.018850510062359705,0.06296453338848693,0.0,1.1518575660218935,1.6789585010410182
3.985294117647059,0.012863881356461162,0.012123736534854409,0.0,0.006940497390880878,0.0112787056050886,0.003464028567834298,0.007962449452681914,0.013739631019982258,0.013668681721932483,0.003603507848727752,0.0016935504035405996,0.005046691770036058,0.029630655945466444,0.011792052891771033,0.010888073122642325,0.0,0.07212774010436802,0.11545449719916556,0.046705625820601226,0.08930406393792381,0.026555158207554472,0.05352212999273901,0.021992371388767907,0.02221813376061521,0.01609288449226109,0.012541571934181407,0.006825724790993996,0.0022716987519618747,0.0011296186741683006,0.0,0.0009438774957842824,0.0014075589391356845,0.0003496031107432292,0.0005930282641867,0.001275570438088167,0.0022482882390885833,0.0024135166586524443,0.0027390291956409223,0.004671732919469634,0.007625966774067998,0.1180615093488253,0.7757492099529327,2.616103004650612,0.0,2.745822900623682,3.3532993718801007
4.0,0.09860808529194548,0.025029125249646268,0.0,0.01648004194146347,0.026618374583078988,0.011142306742278183,0.006979389356770769,0.01452795835762865,0.027304257615246717,0.029277413921219655,0.009065193939349842,0.0019612605378317516,0.006183025955486024,0.016399213850665444,0.07101899587754462,0.0,0.07715236139441631,0.14965266098986177,0.09786450988649122,0.3021606427117178,0.5406006230845815,0.3630965418005366,0.18342835252766188,0.11122917955003016,0.06737235942560549,0.05669285800368605,0.10445989112955904,0.45326649559122867,0.36254880256384336,0.0,0.07064819490978719,0.009504812555872818,0.0015647510092532207,0.0037963166494182515,0.002380851150022109,0.0012398398271524793,0.0031574445633226387,0.005608707789433794,0.018756637167348694,0.014585863180792446,0.03295590877401763,0.09121656348263872,0.1619035351782823,0.0,0.7903736363044603,14.574633075143094
4.014705882352941,0.03613344939104617,0.04312078427865432,0.0,0.05817547258782987,0.05431333439099452,0.03571599746770947,0.017963253284822324,0.011195587583817165,0.047414808158280766,0.05726774701114209,0.0048619919389746285,0.0045416246131380214,0.017312631648371622,0.03353649384502052,0.02891194763308022,0.0,0.3032284030459512,0.3722086001844048,0.09172669635093623,0.018507278184690886,0.33687669397184195,1.3536384351347157,1.5475900338180855,1.4629933203921655,0.3252714827583122,0.1324863501347044,1.9731343062914246,16.361294774533764,33.78584550974493,0.0,13.618151806295902,1.4741502886749127,0.10829848166500704,0.018079449975313362,0.0027538570906073512,0.0017071648513906357,0.0014010231889628074,0.002104227542629442,0.0037415863403212294,0.009992105911983976,0.0052662393326566095,0.09538743689809386,0.44033613785714976,0.0,1.6811411817307325,8.588161939297784
4.029411764705882,0.05837707652890635,0.04828381352330653,0.0,0.03863924207250183,0.0151116801966906,0.010529265667417069,0.012088950041193945,0.0065807718882881705,0.02991854141183433,0.06930274511971349,0.036663186600289395,0.022762037863275533,0.02765720404170055,0.020913110457295114,0.01321689426642785,0.0,0.10755487018278642,0.199121932291228,0.1796443463629861,0.0415776026212101,0.0681325299540261,0.06932531336067409,0.7162359249788737,11.497886264014728,11.75126909962809,2.497139452603045,0.2642641021181365,0.2703459825424599,3.221716645329895,0.0,65.40289819995523,94.4579567005488,19.227493601517857,2.0031419292149173,0.17975923815267117,0.01577785393375848,0.0089031252790912,0.002983102258273944,0.002145364258448899,0.011001150089819885,0.025813612544547525,0.06308475358334294,1.2975823111596732,0.0,3.282767487825099,1.2099065044968151
4.044117647058823,0.061306743881048335,0.016491702723722863,0.0,0.043189269525253704,0.029669013077141218,0.008045296172948422,0.01590358961458169,0.013581404441777606,0.024808820954633708,0.03366150884540141,0.009611826752047527,0.008489516904577946,0.011814433542686367,0.06484592629647173,0.1783027821709121,0.0,0.0706664262054516,0.017302802594360553,0.05897335065692183,0.42965771826985477,0.11904212100126363,0.5216959175296706,5.670785273286116,6.018373846026092,32.78201758987308,43.031390187186275,12.63841375937212,0.9217301929505284,0.9821490711063776,0.0,2.3456654671071346,43.18052130602645,255.9262821538932,196.63691974355947,29.794615275662764,2.419927760549922,0.23721595211898305,0.030266940249274135,0.008024149833431407,0.016864538707827257,0.1114632500778738,0.28301918422512184,1.3230030619824424,0.0,2.8905869716460257,3.6632987868753224
4.0588235294117645,0.04775679089432654,0.03245835433874564,0.0,0.010585728857420177,0.018311473671876428,0.009296317446681699,0.00811957867670563,0.012206251506920193,0.018935871664564514,0.021334922601779428,0.021872915794060255,0.022562215253204544,0.01612683945488505,0.038775382258983054,0.06825236682912166,0.0,0.13467096874598344,0.16200945614571532,0.13792987547715602,1.6324532459618837,1.7110674115879532,3.23311277566743,2.630398963728432,5.257059292786455,18.877367533277223,9.009458602734654,4.356551577010653,1.1027355675833554,0.5885509670592542,0.0,0.06115233933587935,0.3542616314550457,13.508242266450035,230.7870772607367,507.58335866379474,241.2818486550688,40.21959621442552,4.564220592564924,0.3695861304889574,0.04085500933847109,0.019287792381685476,0.13383874250257116,0.2565985629741645,0.0,2.602217186346937,4.980661063842247
4.0735294117647065,0.030960475435772537,0.0063323543965906285,0.0,0.027727541885750426,0.026290263866683143,0.02452518918822756,0.010207883672283929,0.0032505525494478382,0.00466451066820342,0.010234462171548723,0.01675283416753657,0.010507162189433256,0.027159731502292693,0.06440101170490048,0.1319090327573343,0.0,0.14834342378519957,0.08966346137331234,0.3353946466992119,0.6198908687065137,1.62738037742982,1.1733186332173078,0.571569499176825,0.8224403332796886,0.6162171526709181,2.245225453146995,9.261643688491318,15.921868435106045,5.795527612222785,0.0,3.7141172334576584,3.394414737205743,0.859868947765563,12.15003453739073,2.3239670066017166,20.625279061949062,258.17783458393666,416.1204072721341,93.4717415129742,6.331827455273592,0.35627879614254887,0.15136663221073393,0.12455873883107724,0.0,5.604428834613896,3.0878303185669242
4.088235294117647,0.023005439355355574,0.02279854193372127,0.0,0.05158529420864978,0.033024314312835326,0.01710938998307395,0.015248088898449558,0.00539429878622274,0.006216880114022064,0.009357055123134127,0.002992816652924249,0.00515123966391989,0.013607001038748665,0.09469676211358614,0.28058579454160826,0.0,0.31177703721244787,0.08852568357357589,0.21054975678846716,0.3592386199542437,0.11597535874813089,0.7108682412404526,1.3261230692851806,0.5747879041307652,0.6089536817768939,0.268752857799444,0.4339265682836334,2.249718530802881,0.6144569450744983,0.0,1.116229567948517,1.5970731009959165,2.1425031459881816,2.694885582169127,7.57300615597952,2.068889285466776,116.40400909389489,341.03785986639184,299.54487156694995,55.76550782059575,1.1263268690197,0.13479459828655452,0.31481747583185,0.0,1.4757386163375337,17.49724851489647
4.102941176470589,0.06084222418352393,0.020424744824821973,0.0,0.03544320969753244,0.012111883184897901,0.0060071675684417476,0.009328407101359376,0.006163948817998685,0.0038019160736004606,0.011534157138543413,0.009198163651636646,0.008692688074795904,0.02143131116780069,0.013816504217856285,0.0174037823244143,0.0,0.06322204438069835,0.022649758871230025,0.35052197047473194,0.8596698574960446,0.9341698378312653,0.48258808116751817,0.4487099684275061,1.1847645063037389,2.0274530892475977,1.712413019564766,8.686854194492307,13.123802226155362,3.568161042565377,0.0,2.1401077143198397,0.873228509371947,3.8978501069374785,1.287168934765121,4.868039967409187,20.03399685529228,18.80730519209573,7.672319664641285,1.9551799973355788,4.075242763808543,1.643182380924069,0.3243121644722585,1.5608543649782969,0.0,1.1364277441829267,1.130730098904346
4.117647058823529,0.08298405220828337,0.014738085816800113,0.0,0.03374946693181639,0.03274192341931506,0.012528955412642678,0.011834404416940844,0.00399119717897044,0.0042900936721395255,0.015122703550931298,0.02408845632474687,0.063190297116951,0.13002899440752624,0.05771332298060568,0.11838799023523079,0.0,0.11485681844775526,0.11656187705350853,0.6075534205304499,0.40887794699765745,0.19270782008164594,1.4028157296243942,0.8737643057338881,0.25825698362654875,0.7289343452147687,0.9039153673852148,3.9773440988014483,11.78561534434273,3.567285502452923,0.0,1.1233539234635195,1.4795339372862983,5.320382979980938,5.423009459894847,1.8545434617417014,1.4806702957736282,3.3155691292270797,2.700905640030448,0.3563820784540666,0.08762415533136621,0.023222176611253493,0.06655019996680311,9.212008036038442,0.0,97.72914503668903,212.26142063626665
4.132352941176471,0.044202736652770205,0.028428733083338466,0.0,0.03429807512544526,0.014898508141367648,0.012771136305184486,0.006823487842008538,0.006169112024797715,0.011479586708689607,0.00625638235098009,0.028067058021810046,0.1133242828768534,0.11397738731727478,0.7829535574638418,0.8420996282313936,0.0,0.17880728530150672,0.9839886216651983,0.7702405407458782,0.3983886442042762,1.9577676586571289,1.0427478619038892,1.8022706198391325,3.3206641712148968,1.6752083626064949,0.6708760511028464,0.6708028537766193,2.469570112453523,0.8604740782914467,0.0,0.1865480848210119,0.9888327648423878,0.4520334487208153,0.5609599653724702,0.4654162101461229,0.16389123650244136,0.343833237489071,2.2698547546447925,0.6557961934940582,0.027459703911889986,0.02924149890688696,0.00821622537234633,10.342284457560318,0.0,19.507483599741747,27.28129088556688
4.147058823529411,0.08973129491462295,0.04083252602018948,0.0,0.01483981188486374,0.01538263062793074,0.020596470715720776,0.01897949184663962,0.00244515872607232,0.008655794738158262,0.005124975773781494,0.004699908110119134,0.02873219806563731,0.08996491128512493,0.3681656749928328,2.536437968981851,0.0,4.159403805993043,2.195601438126401,0.601949946419278,0.9640205489545637,4.25667141360192,1.6593081165644477,3.0620562631130817,4.608284619582568,0.4321137550227894,0.18141917486299314,0.595589605086149,0.24867468607962895,0.06937867187621435,0.0,0.2363957440747583,0.5320266849095251,0.12084714683972013,0.08556657334022821,0.1340858923543255,0.09762901713693611,0.16390249873180268,0.5425283571515407,0.2881632482074028,0.009990563719315497,0.055507538091343414,0.14347009333589783,0.5266165115705317,0.0,51.75203637279497,134.26058275609418
4.161764705882353,0.06808434272985256,0.06975164864024588,0.0,0.054072153696706995,0.0394734515706215,0.026764589981209078,0.021397304302487923,0.019565153497152113,0.013332282925181129,0.0028901227640948995,0.02295382734910839,0.06498840088655816,0.007168521897169681,0.01693647931731384,0.07226895396208731,0.0,0.18883416566678363,1.3560060842744635,3.743019935017845,5.112035658733163,4.1556440774952685,0.4785840956170643,0.780701414800637,0.7824938241670918,1.0709532298793811,0.13324789074148297,0.015926965040767405,0.07903858702927445,0.034684202663394774,0.0,0.010617550909543378,0.03576931493538489,0.032105025486087645,0.00374798858903011,0.00789282857835539,0.009661860482677944,0.009750163588080311,0.08046496752256348,0.06370567124087723,0.0029031829558939662,0.009137677170825117,0.11319826409855915,2.319431395395401,0.0,30.33126648999496,32.236110237204976
4.1764705882352935,0.07864718225211981,0.06144637129776412,0.0,0.01003274542254011,0.013546983497300278,0.035776582271519676,0.009943960939880769,0.0030615030085650932,0.004505817528571257,0.004830054200476842,0.018246877986269627,0.036780230262676294,0.008049094600344715,0.06900301133537637,0.3808685624453681,0.0,0.887537211632357,1.5640476683700386,5.239575210484865,0.7970967786975807,2.4977099517704873,4.5045508160517365,0.4477324737078479,0.41096570936405696,0.7695683285418765,0.3591784026496268,0.01653573550417857,0.05317545970606226,0.015534130592684579,0.0,0.004182260423270744,0.00786751521385819,0.007208973178583054,0.003066078095827079,0.003034425884933027,0.0023765198440478673,0.0033931142373298264,0.0032188956853837995,0.013795720293911334,0.019971155242054374,0.006152672561149113,0.3048288641648482,1.0687872981793691,0.0,1.2798395372677902,16.62243278040865
4.1911764705882355,0.02894311366327192,0.03269251720527822,0.0,0.019605936183404334,0.011838454592084224,0.017174874822087988,0.01176124072811175,0.0015964923838470769,0.007541960485333412,0.006276071892561463,0.0073561655126476045,0.011981196704141689,0.004215707286713902,0.07018531182546264,0.07692768557795429,0.0,1.2232272694754887,0.36787989905146395,0.6113797648863303,0.785126213377577,1.0881633597652893,0.09970062000731043,0.6159014247277683,1.3014584256048218,0.14857248750912405,0.2049234331431155,0.02877170886225032,0.002858423038158162,0.012264532310283578,0.0,0.003928262990083631,0.0017621794322129128,0.0021086429695887964,0.0014224933526712918,0.001983619184307262,0.0014757020918348988,0.0006338197083914473,0.006081229162029385,0.009007739142537646,0.0035411068715769057,0.0005035836942665893,0.02235288266284908,0.21773782423687735,0.0,5.7708880946025385,16.326285001964298
4.205882352941176,0.006809881033423997,0.026870829593259236,0.0,0.013249276223753588,0.01819964381900918,0.01217044711500637,0.012563197742983277,0.005525672602637184,0.008158946761032355,0.009846181592080663,0.004359520803587558,0.00437330618041644,0.005845478115445992,0.02425302878099191,0.19531644603218978,0.0,0.4550692729965517,0.28064527192835403,0.31384786606493326,1.080223085286554,1.8483753067159274,0.2169223148301674,1.9742842673857819,3.28037536157688,0.9139050964530375,0.1001337962905859,0.04701806007399788,0.005450768047258437,0.004652124033692055,0.0,0.0023039945603922844,0.003191075016254658,0.004960282328882654,0.0043259937392166985,0.0007832033573019906,0.007057781686144196,0.006617816140624164,0.006040171634374235,0.001395745488343004,0.005380620735487729,0.021155279710274096,0.01801480124806951,0.4643315498802184,0.0,11.813177213215557,47.98807726385162
4.220588235294118,0.06605135184770249,0.044214234154764206,0.0,0.028188508941977247,0.013364647581504518,0.020277314736813934,0.0017119860557974018,0.009642981383099831,0.010841917621465616,0.011550898896606872,0.008220015352108865,0.012834682477607648,0.03743871759689884,0.17857627179927776,0.38743289325327385,0.0,0.4473660819712423,0.5263603906809073,0.4125194104978241,1.3000687574630958,3.9728138054346687,1.2302980052515013,0.2872945500717118,0.18221264400663625,0.6021315260356693,0.0940448869977085,0.022553443009078838,0.041997749456889055,0.03382795777559776,0.0,0.012476092032895054,0.007299251332177611,0.01471085972101766,0.018573869417552465,0.008193155886534593,0.0020220383877825074,0.013464989759710298,0.007780262278976423,0.005676678357011573,0.008400277932076749,0.00023357122275134744,0.04053070051203626,0.5443640857073506,0.0,9.027690646761226,91.59931077129053
4.235294117647058,0.01236459647554974,0.01186402373791165,0.0,0.031912917183862986,0.052528107312437705,0.06703544571467909,0.03827784387110807,0.010415978162902165,0.009375268759069775,0.005454188930805825,0.008180496581185203,0.0022797326762402934,0.010762667031053072,0.07024371675272456,0.10682463340039641,0.0,0.19907533420343798,0.2788961486416045,1.9509655443431502,4.595274224127335,6.564528336830757,3.7276408850289675,0.344926716749741,0.647815944289849,0.2063026446234177,0.047639824011772205,0.0036268047742398163,0.0032845041421578143,0.007303426009017765,0.0,0.0084257883215604,0.0038517564708607406,0.009130499152467102,0.009924233876498486,0.005420284209452781,0.004773494835569577,0.006398312862391199,0.0038194072380163075,0.0014549851434131895,0.003685674221229603,0.0011093951577291492,0.041962554488029984,1.6807851818136832,0.0,42.31244595330277,43.69876284991507
4.25,0.05010802561480923,0.027033595387022588,0.0,0.015263866775073737,0.013116289239552176,0.007430100402529241,0.008067409784478964,0.005611746933110712,0.003009451818145089,0.002035338037832822,0.0032046894197527067,0.0028401022815809597,0.005273630299766506,0.005774234070244591,0.05828216633142453,0.0,0.04512098383698898,0.41903665770988263,11.005241727460032,36.93347416734899,9.400634588560619,2.0375447714627724,1.1796221549386567,0.49987405273546626,0.08851961394181312,0.1037944598235245,0.1522473836459673,0.10801709757270817,0.01791857429034696,0.0,0.004254118627150552,0.005351691193506333,0.008371070111892037,0.00346855966996251,0.0020604262289470607,0.003772183312530497,0.0033726536187396704,0.0025700947915395255,0.0009615601977333637,0.0017231004743742387,0.006380098318012329,0.030265211856846788,1.5057330224378578,0.0,3.895770363893012,13.264978127323023
4.264705882352941,0.026834568209882895,0.0345830243206824,0.0,0.049945364959226635,0.013796606366574378,0.004628168885669648,0.0027185562329842382,0.0030856647646124247,0.008923353914506792,0.01544541800265558,0.005625547281569058,0.0031271443047865906,0.006160001979315082,0.011684928380694095,0.07444599521035354,0.0,0.11610498418107804,0.10118266007709913,8.684723782798962,16.53066453996097,2.05134711424744,34.45072062779394,63.63015930025058,16.393226486359527,2.452115682678221,0.7188942848473396,0.3987774099745848,0.3165618511338809,0.11530641871896383,0.0,0.01837038754165892,0.004891026983382451,0.0013499285919434277,0.002767002880229976,0.001964303999177451,0.0015311194384555924,0.0019415996414636496,0.0030976791571138444,0.003259177134216718,0.004470464870970924,0.005644041748099987,0.0410911416915966,0.2826189970468508,0.0,2.3595914303441967,4.61593077447964
4.279411764705882,0.048993718028505405,0.05698811763325375,0.0,0.04422338511756359,0.009193899479610555,0.01488130513271992,0.01310651762271619,0.0031110759713867684,0.0012834927215909916,0.010833775946433546,0.016632098573980528,0.009081724751101005,0.03054004669014486,0.07247084298833661,0.04780291230881675,0.0,0.7420550591357076,4.8541783444557876,3.062048144978331,12.51175574871402,8.960470069746767,36.39148084696662,102.72379340598103,80.50559913020714,56.690467768994736,11.478309941981319,1.2768012614042876,0.06155523452410548,0.03175059676417158,0.0,0.06196678361644348,0.021824618903513435,0.0014371009675961065,0.0014242822286258672,0.0016435533843356018,0.0031679512188797026,0.009369558211630035,0.0030095329994934113,0.0011881674506839226,0.004516990385060773,0.0024997043180411084,0.030505764902195788,0.37487120660695494,0.0,2.5488233032238576,7.63536935261355
4.294117647058823,0.08934465517244035,0.0542712852652954,0.0,0.007956060379812632,0.012969009705354764,0.012792248584081367,0.00888290739762714,0.006135257993586923,0.013649806715710531,0.011692860650208121,0.016070151099118107,0.024148998431767064,0.020446409589922807,0.00792347220298523,0.14653457427756464,0.0,0.3244782546836692,1.9616030650293226,6.700253088677429,1.3384080003835328,22.361709680896816,38.60293300646252,88.61241639748098,31.73464876808458,25.11562070690094,99.4385521695373,41.32057855864993,2.1250561776091628,0.36415598973299945,0.0,0.042322841808567074,0.05364154081600494,0.008542772864304568,0.00266158337599508,0.0005014793489450775,0.0018124754515437067,0.008900056387601505,0.004878772614369277,0.00257192326196702,0.0013313236651521377,0.0060212559528897945,0.011221193839514428,0.13772131580066677,0.0,8.430713675929084,42.21297308112159
4.3088235294117645,0.06502753332104248,0.01668941507272646,0.0,0.026399578909061285,0.017421601214550744,0.021306637092942983,0.008753675721072917,0.008715606978687347,0.007320080463031958,0.003473355553710722,0.005621705489525897,0.010217609433578148,0.008362728896880953,0.09750997124842403,0.12066875277896413,0.0,0.34586044138145855,1.540753548837552,1.8305311572801646,10.032342406417381,42.87597407119573,75.99180094874403,88.93045552711907,159.3460922719762,71.82558838361567,109.52693103438119,367.917586337397,142.65670996977508,13.720105896987736,0.0,1.5763106862829257,0.16111512769474406,0.026484122237656314,0.004169176431379799,0.01004642976092505,0.0013378396118651223,0.0016566413338404556,0.004042025845964428,0.004341551946325765,0.00376400587429624,0.005351779046909298,0.005086013532948845,0.03839378378134234,0.0,8.003335575771805,24.418025976563776
4.323529411764706,0.03561451122323139,0.005327123850751032,0.0,0.020392048175657134,0.03152265645520197,0.0076504229039333,0.003600267499346515,0.0029182744438546403,0.006080174322664666,0.006698740427906612,0.003741819462356262,0.012020200462737059,0.016888139632244552,0.03439721659692156,0.049703843001498486,0.0,1.1100956620922764,3.0596935347127143,1.7298480265889722,1.4594274467178265,0.8903573130742749,3.9068253025930657,22.188357938718717,37.77772951443197,80.41127007338703,5.932501019152772,210.43877459257698,248.54648798699702,88.18054833137097,0.0,40.45709132126189,2.776150627099601,0.11727516234672238,0.003398683437589371,0.012418694728291714,0.01497383916065013,0.007172475184594012,0.007539941301038042,0.0013789033509823997,0.002102751484684035,0.005704831619557737,0.026620694939998437,0.2652616674058612,0.0,1.6699239967554007,12.675397733348065
4.338235294117647,0.010059022501543304,0.045020400761983055,0.0,0.03571801595495472,0.018024643041019087,0.008311501026327012,0.015976071441057206,0.014530621547524585,0.011110436140389842,0.005729627020114695,0.027212465785054873,0.034369941854966064,0.02810661754284319,0.0634651942680449,0.09882613491451771,0.0,0.10935903988933951,0.12424278771532762,2.9189974674917116,4.679933930413831,0.20671963873212407,4.015494678705042,3.0075209813406873,6.1257918892794745,29.383873675533685,84.73607207261617,54.754167372155564,51.270064220995835,114.9213628085271,0.0,301.25684314768455,453.48542021295225,155.03319010381395,21.961723633453587,1.0485492569800685,0.027944285805007178,0.030706047661228475,0.03484380256190082,0.0036211517990506733,0.0021712112407731594,0.011016853820952657,0.1263270454656776,1.289857676111083,0.0,23.14729467405793,52.712160354907425
4.352941176470588,0.05553802271771387,0.05050785030527855,0.0,0.02122421276385514,0.03393799757358409,0.04622232168171525,0.019058429385916165,0.010323990505478924,0.01533708848749472,0.006079118228598367,0.009101237787764506,0.037669645072244407,0.03596455435449441,0.056076184061191234,0.27918176231850655,0.0,0.13851728054566673,1.0988952513720045,1.274633259581663,0.4780856794081685,1.076342079545136,6.309469825447346,1.2799611690796384,2.9114266329152314,2.3427461646540957,5.017556834475121,13.255660289414477,8.952705786520486,9.555779028411845,0.0,55.01878995288992,76.80107366040275,647.5089572708794,545.4210238224117,83.94029115622675,5.197646983319641,0.14598559285006682,0.015038710032765006,0.002918280007003512,0.006198373310452157,0.006429648669637643,0.10162237215384115,2.528510205712217,0.0,129.62663133496477,468.5100984202129
4.367647058823529,0.06949610972863549,0.03908186104569154,0.0,0.026030843999913185,0.02246706574851161,0.022173597862400495,0.008393114367864548,0.009609760712032045,0.005601756045477873,0.005058170068648747,0.011715971444590832,0.01764796579249913,0.052287313768853115,0.14717431835807665,0.05423139273134932,0.0,0.0674099069927722,0.11411257564128989,0.29982958151866146,0.3066235360496954,0.049437838339404294,4.589213481126399,7.396500261969727,3.0176455839471465,2.69994961484898,7.568409657591025,2.80773016185122,1.0704240766137314,11.544412285134946,0.0,6.004031250255633,1.5827758718998968,54.15556927524622,74.0879953703076,29.292440759635415,16.801259746266492,0.1648949453895038,0.018298858082246235,0.0012279581964203742,0.0013091403892248592,0.004851008364686579,0.04354999609130167,0.22289089531845505,0.0,61.681732146883775,77.8444209517418
4.38235294117647,0.07946114915633516,0.0520565413061101,0.0,0.0362684092043141,0.01246538276035376,0.006692448238645196,0.01119230148495422,0.012323302380216047,0.00679199203471023,0.009971144831606686,0.005874506915590034,0.01887036596958573,0.1063657511214141,0.28250485696512384,0.18076779422128425,0.0,0.05894938647550052,0.26057988956704015,0.9880968107599748,2.528776134878087,1.6449767655602052,3.3396929355735425,0.670928748709076,2.271592167477177,3.5829115391857034,1.795606435510833,1.7037203213465144,1.4342464595354252,7.297414187684781,0.0,32.262950816115016,26.581913944780517,7.18177289240578,6.277839173027436,26.327436984576682,34.84015510031887,7.2069428789031615,0.2774986889189984,0.02012008581166454,0.004937516823845836,0.005531835128548382,0.04498381559704137,1.1380979245078278,0.0,55.57595162830462,218.7542511829505
4.397058823529411,0.035965211637463766,0.010425055325886012,0.0,0.011203643704304342,0.02630470111907786,0.0242556947302015,0.0066647006116064686,0.001210084180076649,0.006345413440744325,0.014147708963874912,0.010457460267879673,0.011980738351216654,0.03002775554352316,0.06868674651772949,0.13206022010185864,0.0,0.2990256581656409,0.5673981483789012,0.30027878242757367,1.5693689387186418,3.7392261894327916,2.7902432179409518,0.8514150055066656,0.9974461318961133,0.7401225020640504,0.5275869153052031,1.127455223510087,1.5168475358665199,2.4266892331889407,0.0,1.2879358777966619,3.204767801772298,1.9128259833703778,2.7461117484994215,0.7526197332401948,3.722609266033019,0.9418136742000174,0.08109992707113314,0.014810018599170902,0.009965002978132402,0.016382684883003984,0.02059690314948763,0.7671323036593716,0.0,8.142469721210205,45.62490140555438
4.411764705882352,0.037753806651549746,0.009354480474501884,0.0,0.009893661279697565,0.010604317702500454,0.0016218240191621831,0.006168060628521056,0.017180797890799016,0.06979282325694504,0.09052221600846448,0.023688696655449516,0.0028850112144880122,0.013787783935814644,0.005251837880010475,0.07094418885926065,0.0,0.09130254389761999,0.268055608258186,0.14771743646276442,0.6982112976698003,2.6419554502358027,1.8088165513851897,0.859540491792999,1.4922879942796181,0.41327617748806106,1.2400222685835631,0.15823384897136417,0.5727409559933923,1.2215388662990097,0.0,3.775245750341044,8.719053911455251,6.866428601980678,0.8914174136057951,0.04844742657524035,0.19067342429387257,0.11442045975540305,0.17923159041553144,0.016939296919545325,0.008254840298516485,0.008249179513813397,0.07727489042380467,1.3933855535604485,0.0,14.0861719489276,38.103801730520686
4.426470588235294,0.03856772470880979,0.02266268041372637,0.0,0.03381363538371522,0.015404139353432204,0.012460534226016236,0.01567342251855921,0.020365194471624576,0.04508254771208401,0.012742549037039926,0.009069205684374117,0.0010421872050121231,0.03548715130478289,0.0770663018695743,0.4801787900053539,0.0,0.8040238621774412,0.24591896999117366,0.04955400987280344,0.11228339310764744,0.3576890738731639,2.89108380890311,5.750005519598721,1.2290545990966386,1.0271769746482686,1.1945351359200567,0.16947962196439897,0.356777062586221,0.22092631196436296,0.0,0.3090843995109343,0.9824705711337062,0.6336477609974782,0.2457267705396737,0.7340836612102455,0.41138058578602255,0.14029422482781687,0.017525172495630084,0.006021589823645752,0.0022432154928830428,0.003293590238568736,0.03565371280370268,1.8496932734826168,0.0,13.192077101679155,48.696045250767185
4.4411764705882355,0.03634319235129652,0.013662008793921075,0.0,0.026409176783269588,0.029320766556812566,0.023154633674036786,0.01945611116217152,0.008596201295805241,0.008129259475184896,0.004436917107189258,0.019926516083746224,0.006048819977313779,0.2811961487840024,0.7762887424918403,0.7253845869061178,0.0,0.42989572169242807,0.15734534533475955,1.7204514211987836,4.296807099091645,3.192726295057929,1.352598053428448,2.365821434725753,0.9676834796557396,0.5351963103404956,0.6967615556960461,1.6448681114417578,0.823913045182224,0.1707171804056861,0.0,0.37522766440359095,0.3267833185373959,0.1724245270599375,0.13874596106546208,0.03805988553112623,0.09006217938011418,0.023678837162614194,0.010325953568241278,0.004189611331434867,0.004542906544083782,0.010037755202882227,0.03353258509556504,1.704783830614487,0.0,21.61212822376705,24.752693475502618
4.455882352941177,0.015680777387203894,0.024446240901415332,0.0,0.019440595281985024,0.014174346933912289,0.01885293957539059,0.01451072943190831,0.007385340721607632,0.005375921354509217,0.008953009311671938,0.03555579300990194,0.025105430648715104,0.021521720819973833,0.19194104869490386,1.297524479469958,0.0,3.713342954273572,2.09551616451249,0.21659668892309675,1.0428937263522944,4.819189318655561,4.005438058375348,1.9919149085745051,7.407872249289717,5.295814636967943,0.3241081764495871,1.4402439593446401,1.6229804222383486,0.38334574802235616,0.0,0.13926199079901924,0.1337549620926135,0.2645053784715411,0.009492101589005982,0.02068268960709705,0.0021262083491008004,0.004480831219844917,0.005154340204780457,0.00554934364977548,0.008697446328014268,0.004425726858500935,0.06305918025929808,0.2760180083771987,0.0,6.352941187421098,52.31206089475684
4.470588235294118,0.00973693865637518,0.0057145140840086876,0.0,0.006944009879979875,0.009060702212320366,0.00936237007611377,0.028010138993946415,0.014451315385390004,0.0038533943845991516,0.001923840053690763,0.012242921023002666,0.017734318003104717,0.009144270362537779,0.012426456089932073,0.16153279904264348,0.0,0.1525659911760538,0.439691433656216,0.4993467326877466,0.10068596975292357,0.8707714058811453,2.2555066870507643,1.1484630818861352,0.3652732770302782,0.4795370296212322,0.03012669019261932,0.6627939262756106,0.13901028547260866,0.12251713572290462,0.0,0.22316291377645792,0.007465126859048148,0.19422633067099093,0.10263257928528799,0.011981384055565321,0.005008169741594291,0.006013298565411469,0.004768197583324559,0.002323901836954209,0.0006055607952765097,0.0012888428342762133,0.018197455695781337,0.8955060941062658,0.0,0.343694382304621,31.905017387351307
4.485294117647059,0.11011409703876401,0.030368945904038297,0.0,0.015105964117529666,0.01985498937444157,0.017646773926470728,0.013945516248455529,0.009754099309922246,0.00606912503062083,0.004244925041892702,0.019293342532263245,0.014659786974751551,0.03101304687334589,0.018984840844166347,0.035337021608277515,0.0,0.16262259235151735,0.34389815136072255,0.3647073711472235,0.05556169800177441,1.2992493783567547,7.756084353956991,11.441249566498653,1.730769929655589,0.07639975829830548,0.09373429599522447,0.17300309618227455,0.40398462602042085,0.15137663873932275,0.0,0.0024204806406475173,0.012477116341789175,0.0015315927864027953,0.0018832314959660898,0.0005411245402577763,0.0006451283248144961,0.0008836064421678968,0.0014599393714800095,0.00295390890642411,0.0065909582690315965,0.005769412519923417,0.05152010509548051,0.2284610497324641,0.0,0.7491191291255328,0.7657020244717783
4.5,0.05444020969147608,0.04309266083123831,0.0,0.02619652448876189,0.027083919517623893,0.010393083526550141,0.0054841187560567784,0.009901373145782778,0.005760439663967056,0.0021030671223538203,0.003963773979343329,0.015516598585938965,0.07992295255429471,0.1733012568719407,0.06435686224911921,0.0,0.06187159309900226,0.17913868126274202,0.4355096233867859,0.06116786920871669,1.9126619491563706,5.080016203101398,1.0001785882972247,0.5650174479366439,0.33546824703717604,0.033359969289578656,0.07228150220008606,0.08504043728759456,0.009515499190251419,0.0,0.022269888314900895,0.014937662954741724,0.0039980858518567745,0.0019498780718943073,0.0015883511862767668,0.0015765180559245597,0.0034820584162818463,0.004131078053692349,0.0009895979826563014,0.002861973055825317,0.0034611740265190383,0.017794071026987615,0.43938764770409633,0.0,13.9443472823353,87.499027025012
4.514705882352941,0.03591517534895801,0.01763810239855185,0.0,0.008241789058777652,0.020941320933560523,0.029779520543640647,0.009528938489699188,0.0016502125073048146,0.007667895538352941,0.024577960226921883,0.02034891150737244,0.010839456187750448,0.008251256030048185,0.04391560293566246,0.45708803131494335,0.0,0.6445381744046685,0.3100832557983562,0.5220970955851746,2.9917405523732987,4.76452436141377,3.6600616527083494,2.232965755358961,0.5702818711280997,0.042553801580991396,0.2582270331184965,0.10769869038929261,0.011497018576157824,0.009370011693956034,0.0,0.018827706929993235,0.014010559870285995,0.0012293308566158644,0.0022210505698543027,0.0012074109945114262,0.0006837689695237314,0.0018030765347601617,0.0046912960999961565,0.0016551147345996431,0.001898745309679166,0.012146173313764608,0.04527244161164904,0.8957185797241431,0.0,10.204138964963446,21.7492336021337
4.529411764705882,0.048044768425186846,0.023523670071658547,0.0,0.008599511854456596,0.014075262875061618,0.007182304408147721,0.007925754401283546,0.004404245472533472,0.0111504399181216,0.010619543429869753,0.009408514698692413,0.017702065814132868,0.011315233175173307,0.02419703983400005,0.1546237294991179,0.0,0.2248723596161788,0.07736374661897069,0.11289329640010405,0.9215574954442639,0.9716242410863776,0.48021958680008625,12.736171177717726,35.386035348212566,11.405660924973635,0.4846137289987475,0.03166177942985851,0.012394979740915076,0.013407944305840138,0.0,0.021991462131769446,0.05810142677672869,0.019841658386937078,0.0012141874775051815,0.002135402800108529,0.0021254004232122018,0.0015644884937519954,0.003112038240733124,0.0034785739654860067,0.002480740910892993,0.001508186162460009,0.04391243341471347,0.6163783525778471,0.0,2.0508264152570583,1.9078936604406618
4.544117647058823,0.020843903283614455,0.015822633766221797,0.0,0.010922840098004368,0.04637895110558313,0.03410359156051905,0.02938887061061402,0.01783512278292653,0.0029813295341009826,0.005003599453640136,0.003832121771209886,0.007220769663089928,0.010871653829031378,0.003396986169429325,0.03392705196423927,0.0,0.1273193338143271,0.13736007693331248,0.23787047682469922,0.48668405648638435,2.067156067868136,17.79119154806294,206.5594726517746,439.8452446475101,310.9914872206897,75.85944063433556,15.49030152457056,2.316322789664971,0.35170058257682124,0.0,0.00883479827527763,0.058568574118695794,0.02624677986683445,0.004632524611094958,0.002380399732723727,0.0011132741349403497,0.00033052131992129536,0.0010035220890483424,0.0020447267887837147,0.0017284847935971424,0.0071714779527857105,0.05695657759221977,0.023033017985383084,0.0,0.4942134482088062,11.948658118852457
4.5588235294117645,0.02150371159197266,0.06977769698200736,0.0,0.005093586019303054,0.013331514008892575,0.01008037570504891,0.007831494993877286,0.0014802396200698767,0.002501767049780753,0.005408234950049975,0.0028858559522099312,0.001057316777653088,0.004539266549841189,0.01634032810695185,0.06117209456669556,0.0,0.05981788487517635,0.028464155314750928,0.20569027901337578,0.7755745189293419,14.349249859485766,13.176272280776608,6.133554508722761,6.399420626054037,21.446573728919006,189.8609921246236,645.1715235153507,178.16904591043544,12.593105161057544,0.0,1.535041708033073,0.07351045194792707,0.05945315189182244,0.002575586026177879,0.006064118421483707,0.0030628596179003357,0.0007611836215461932,0.0009190295622444177,0.004985926166528769,0.004065080252160519,0.007358125056084309,0.029195978707191213,0.4537890140847027,0.0,6.98151140525643,20.283870077841406
4.573529411764706,0.10508400482928,0.0878395508597788,0.0,0.029122298058979805,0.020481238765448863,0.007022772998937166,0.00964828698100683,0.008923341413229298,0.00424586451110252,0.0073324037517744295,0.010279008984361543,0.003677739962670647,0.00585142330745404,0.023445217359091563,0.07249515668987193,0.0,0.11247607734497281,0.1143666828930547,0.13324606982930148,1.5741240736402955,1.064058833364543,2.5895951370738097,3.816455293134574,0.5017005625302402,1.4900456134509923,24.333128799220244,657.2466875266225,3206.5992055850998,1716.5050047517893,0.0,251.20929378208743,36.79582230141772,4.42283673706496,0.6298220651057566,0.19175096152668142,0.025281363199857236,0.016003923128553223,0.00405966631813307,0.005709079558627729,0.006960447429564655,0.004071013405221124,0.005147131045030947,0.14806066413304364,0.0,1.1367950944620713,1.276360710073725
4.588235294117647,0.005267152414134001,0.03263889330814905,0.0,0.0412810147554486,0.01645360725560543,0.019237617430615937,0.020235679037603597,0.004480030659298325,0.009075926464894187,0.030237761520694458,0.050467442605867004,0.038145657068394276,0.029762603771822837,0.020707869327459633,0.03217719981742912,0.0,0.09762752767207854,0.1155644966716986,0.10539644055033398,0.8257232781603905,1.6067584844372824,3.2133402506893622,3.536008107450636,3.1302867270014665,3.2402578779769273,6.040756223119811,79.01965215547952,372.3524587608722,2225.692083987265,0.0,4692.278892023571,3419.1810652710183,849.6178490943223,79.5864935621424,3.918000190383113,0.1473689702627245,0.08479365530027044,0.0029016039614238043,0.012475409062999935,0.0014738983640520636,0.0010635234047603978,0.06234623943939985,0.9210686664854507,0.0,5.058051789082828,7.923114317335802
4.602941176470588,0.041492351277695495,0.006601988974539527,0.0,0.013495636403277458,0.02462935705509462,0.006032283525476445,0.006885407678034931,0.0054734277477074145,0.008176341344460976,0.010887642722335193,0.015276546920280534,0.02308833420746684,0.006094386381179591,0.018670244382394816,0.02193101704265097,0.0,0.08337929437628483,0.21629008033680636,0.5062310745371015,0.42273397308198857,0.5679453316624827,1.7917931774039964,0.9585358859847818,0.6596417445504292,0.16767575111688657,2.109375421536593,0.6592744715550991,6.5565573890423,9.324305903391119,0.0,4.686764165502663,256.55621751257763,1458.2967392578807,711.7030641052166,12.111664638762097,0.17838137397472925,0.01706344747941303,0.004243423968736964,0.010070896531051279,0.0019697238432364655,0.027315713368373455,0.042306527890758436,0.3502302224985754,0.0,2.7377425431478395,0.43641877504916726
4.61764705882353,0.07872093576422001,0.04636993459034252,0.0,0.011911666806900444,0.005604397606364362,0.01521094969596897,0.006317756184102353,0.007485018696066453,0.0074038557102433355,0.0058631903408261745,0.01958681475372449,0.057557187093080206,0.07073351830835818,0.08389700553827244,0.022111214805814818,0.0,0.022325605259109992,0.009602200322701012,0.13259393631210065,1.323969056719044,1.5246587077989902,1.732974502226484,0.7501904182549151,0.2612480053043077,0.3167398247748153,0.3683247070340532,1.1645569847204855,3.0745053740627184,18.26880723214135,0.0,56.40702740778358,80.40859116589473,304.3114000159105,363.8988686268594,53.3419606898159,0.24241340388170005,0.0036332744280821844,0.03806965210647228,0.00381809706890261,0.0007446477757535855,0.010909540534843762,0.031006702367623717,1.1945811941056956,0.0,19.15119367103584,13.843718096657144
4.632352941176471,0.06363926206166484,0.010755936960038954,0.0,0.026588925323744607,0.024089320926435086,0.017867433530477112,0.006431319587377331,0.03428131487805577,0.051094128216767336,0.017461757918191538,0.016748300856494956,0.030618655984734275,0.031400241179370784,0.04099284198351322,0.15443323438603732,0.0,0.10691298838458174,0.06774074056841388,0.34909510666725413,0.19315195009282538,1.5698657553237978,0.48210482903655066,0.1578058037484342,0.12878205047703964,1.1872572822310539,2.070671721212575,3.064564956252001,3.5520840126014797,10.44017404379278,0.0,22.387314349933042,7.578751836290803,10.930677837808945,51.02450571503272,38.74263831626414,5.205024828578788,0.8116545986043054,0.03524569664163303,0.012161340290405026,0.007117149185474632,0.009512728693710119,0.014938292529032225,0.8709393180342073,0.0,20.153057149239665,89.3400483550414
4.647058823529412,0.013873894041575028,0.039473324495012244,0.0,0.0310881074238907,0.03577941532074878,0.03646596911552552,0.02152166204656697,0.046479794589825076,0.07952890207249848,0.04756027757995043,0.0576969725862994,0.0725306587706046,0.022838383727848046,0.04469115486243738,0.18749927655147303,0.0,0.14886214254082647,0.022448767405901782,0.03033504396844187,0.12905106715979803,3.994044657849029,4.963786135248629,1.0386392133792506,0.3687224169144736,1.2845974414717314,0.6202020591069469,0.46369261877003404,2.8169296484502953,4.1378442320412745,0.0,0.38087902315730704,4.8689099797814706,7.303846047120005,13.371937774061454,1.7958865229269585,0.7220511743267332,1.6160571196428624,0.26225944083450836,0.014152339892339206,0.007477467263176005,0.019173024398430306,0.04040837961784681,0.11263829939247921,0.0,5.379374588527197,35.19467413779708
4.661764705882353,0.05103136327440906,0.04348793726822365,0.0,0.046312416875417234,0.028797924403955014,0.03563239946780852,0.02769656251855019,0.033076828588530005,0.028731339142409315,0.01619713562754562,0.02656677202093672,0.031057015584253334,0.07989890817739609,0.13148788889389693,0.028922052445981224,0.0,0.3258119624951524,0.23126172588074928,0.2174241736144148,2.7709851725580226,4.749715129944242,1.3338043217991806,1.4780669416994754,0.3557498621725667,1.9836356755759421,1.6873350468714121,0.41071014000826084,0.13428899057627408,0.6873664680357001,0.0,0.5332493163774321,3.8084074003590747,21.893281633764325,13.451665875255369,0.7020499241899696,2.7600586004556638,1.7936835763696,0.21465236305035162,0.0367709414055354,0.012951585911609765,0.013368638443313223,0.05189793657836197,0.7863047629598223,0.0,18.087299584442633,57.734658845246955
4.676470588235294,0.018336612204768753,0.013965667839908838,0.0,0.01891947532217052,0.038148433342994316,0.045574797185443515,0.006549849119637737,0.007902841922779034,0.03588505615435312,0.03106244716235078,0.00614730324722145,0.004088170627291281,0.011903851333044026,0.03366040417324792,0.07718084639675823,0.0,0.23035755725331553,0.4858360751608839,0.730932167573338,2.2025779933592484,3.054968482622156,2.8825031671052734,1.8174786967881222,1.8463857478721277,1.0416878597982504,0.14079363092817543,0.03515084182306458,0.34477803013550234,0.2988517939139017,0.0,0.3619018319245477,3.7718464273354835,5.4562066427525675,1.198299431097781,0.07783695693722129,1.1467315772596027,2.812425471031169,0.3938957386744133,0.01472668631363815,0.004964227122930033,0.0041358813216339566,0.06626341438670866,0.6425727455230437,0.0,22.94529865537929,42.097749874101986
4.6911764705882355,0.05276365399693571,0.017783451186797184,0.0,0.011706644039018976,0.01137515777208289,0.021048525519182026,0.00802357722030868,0.019534594124467848,0.01603999158298943,0.0061370616080795555,0.007220835243548083,0.04918860982878448,0.09003184686872073,0.09633554125947774,0.023326594496977694,0.0,0.08718050902045124,0.1356443344465805,0.05963016704905796,0.553194906524313,1.6398792521268006,0.8618088768357258,0.5640325327110258,0.5192224757891488,0.20624886997677983,0.07246230488335152,0.10955690931145742,0.07781108350779169,0.2164122843164592,0.0,0.4409908640774307,0.8674023184424975,0.381594467755731,0.10608528730681724,0.17099826823628805,0.6183795870563393,1.6240667226936865,0.7164358707910532,0.029020531431527778,0.0029973925004823077,0.0023222305252293364,0.1516327002412015,0.6423939936352674,0.0,27.729175696176632,135.65077756077596
4.705882352941177,0.03783498410589811,0.02391826948849824,0.0,0.027486612279610988,0.025862275546965956,0.026911115282599943,0.0315509529370501,0.014072841512401006,0.003497146722198861,0.0015123710833571695,0.005746048356988659,0.03320316215246639,0.0601072979500928,0.14185559222017124,0.09238109738762405,0.0,0.5215352914178151,0.49565090363229336,0.19105692291788967,0.46168290096269116,0.5100623672974804,1.3042324651932882,1.7533475963989993,1.5258044420850478,0.24998529936211142,0.08017709608135691,0.10846137121713835,0.044047560491597165,0.04117564209282131,0.0,0.04211600623741033,0.0707780094499095,0.1352033857887221,0.0628357416055918,0.011571650101171099,0.010706904839231202,0.08518748205689669,0.22215664115378636,0.0607844582677148,0.003646254209138932,0.008240146955420804,0.17186385699814438,0.3641802787748746,0.0,7.097396229403596,32.553694255398575
4.720588235294118,0.02195662834543343,0.015373570901730544,0.0,0.021002150644207504,0.010272615593364457,0.008842717737552153,0.008587284527597685,0.00535302657005424,0.006883700808713943,0.009376952117334206,0.0035083533283844868,0.004446175974574133,0.03304767009118657,0.2677426673282347,1.2124448596738198,0.0,2.8304436474745485,2.051061670558018,1.3218159059759906,1.2764600948090616,0.42773655457489435,0.5199129014824544,2.5640871639132325,4.76027526559229,1.460087657193876,0.4172436732465691,0.1382958814000115,0.038259141589115656,0.02838248015737288,0.0,0.019456433651539526,0.004020439955355974,0.000998451017655581,0.014662597267770083,0.01914294881233753,0.005419398442197762,0.0050359369173078,0.008501256749239693,0.01093325238206385,0.004528082496545201,0.0156844017423679,0.3656765925283675,6.51713974616855,0.0,24.536969547335516,12.961542685991517
4.735294117647059,0.04507756017083044,0.013358045337312635,0.0,0.019755767835684106,0.013407334387911692,0.01186930616363184,0.011795974585288435,0.007659023219380171,0.0034830089439292808,0.0015093626085710015,0.004874628791599669,0.010181092805579788,0.027360826187324334,0.04547515477270063,0.06511309676292304,0.0,0.21037908807523853,0.045475781915401935,0.48882721293203957,0.3105645305313732,0.07636197354060431,1.917338057346642,1.9440946589114074,0.8665761375675941,0.07040229686714736,0.024723130731209766,0.01339452245222764,0.007193995848492709,0.0031599469337376673,0.0,0.0021891139354597625,0.002241006303599477,0.0016158720834909782,0.005826222945835034,0.00556967383738983,0.00375188044635406,0.000865069637460984,0.0013038725809824017,0.003086404498584788,0.0028458802293192345,0.004161302825857396,0.1391651667267238,0.9861295586083033,0.0,1.4082639866133166,7.0399477854441646
4.75,0.03246759348957866,0.007335505222377849,0.0,0.0015198937393256806,0.01424164935208222,0.02007223677449788,0.016626481977212573,0.009822037576912976,0.00408355163082883,0.002966108605007142,0.0054473296232875595,0.008390172447472135,0.015006176410838939,0.012469153685370556,0.03925236217777855,0.0,0.17890228195041943,0.39380200075641664,0.6944774003275538,2.2685274111984413,0.5161144937228179,0.5674882612233432,1.0078389818648015,0.5537999068871288,0.15449747008900533,0.15756040271518834,0.021579879046550562,0.002021271136398587,0.0007684868761223038,0.0,0.0037097162065608084,0.004927216820914301,0.001612841818683405,0.0009939917170269776,0.0017012750433941103,0.002019674179842851,0.002114017427615926,0.0020943120884536117,0.004298513204020144,0.005189534212451743,0.0036305383980267574,0.0320407124156038,0.15107957856020207,0.0,1.7244689614027493,9.932835694276964
4.764705882352941,0.04023468889045392,0.04318070393996762,0.0,0.027316349774753976,0.026212961657507753,0.011754729145479021,0.0067177488083369746,0.004025274150744475,0.004230874860898852,0.004744899248545107,0.0042462803859673074,0.0035308818853428073,0.0037278738013294542,0.01019658938235034,0.03520012796969122,0.0,0.027916257813418957,0.15866864979759698,0.1620837745928711,0.1434539080619959,0.341761944236348,1.1267066064271927,1.1467043172698164,0.6661259149259676,0.24920097833139632,0.09583013681260308,0.03841256041970503,0.011909734284411059,0.007475047751091932,0.0,0.0031046160544915607,0.0010366489873603797,0.0024878859561794794,0.0013700179412840456,0.0021918989290201224,0.004275496227449145,0.005216055833320646,0.0037158608774131947,0.0016781515542189651,0.004219129823989022,0.01109101031266984,0.014409315509286019,0.30369660452708913,0.0,5.905405975535627,3.776341447362733
4.779411764705882,0.006186807047372423,0.009811701203539285,0.0,0.011394450378703326,0.025280376014589073,0.018810231155469835,0.005579746382459192,0.004585570683305588,0.0036315078674921814,0.0031308620027791995,0.006197922134195745,0.003819851044584728,0.005613531287372011,0.004282730290414492,0.010818559699526671,0.0,0.016334378881094097,0.02993488470158121,0.0452738416744258,0.1134913617844936,0.552814635498389,1.0039451244723947,0.3570413560463663,0.12161027709118907,0.09932620120887839,0.051214881102051434,0.0370025356047022,0.01393980667190077,0.0032990532927316763,0.0,0.0021964352301482707,0.0007125794517837919,0.0017090618070047321,0.0025078878416378678,0.002591822717924094,0.001900790622233914,0.0009860196218352366,0.0015249110956081602,0.0020104169058882456,0.0031387447158283985,0.01270419772972105,0.09865665633288603,0.12139275529344119,0.0,6.140092849245741,27.90668089908889
4.794117647058823,0.014147273873519616,0.030760893803489002,0.0,0.028933646316843753,0.02193849909061154,0.02065292061148999,0.005535098716787179,0.003965063696118435,0.004217983565862904,0.005849749791102689,0.0012624924745543518,0.01293295673283856,0.022787662875893358,0.03476369473729055,0.033954383363767396,0.0,0.03421193593113372,0.04704576751147639,0.023311935549073105,0.09878926257900314,0.16054390691059325,0.3803260024706998,0.20981402733753068,0.07280499814342954,0.1855897846075017,0.029401299840567375,0.04915420887699408,0.035648926177787636,0.006458620981125433,0.0,0.0032477797842502707,0.0011988321513084388,0.0015229754254805798,0.0007850181111755947,0.0007397461374739941,0.001694007764467485,0.001335125799830062,0.0011775547112682695,0.003464970409110588,0.0023211236782611057,0.003947897483631151,0.045254997657891,0.03265176161247441,0.0,4.65781528664372,17.389076144710486
4.8088235294117645,0.03233257798423204,0.03222497012415859,0.0,0.028541915045960802,0.024817466736368136,0.009489233366607968,0.009261223796387434,0.00879079321401984,0.005224728287745357,0.0029758428395018303,0.0044321915543803605,0.0046465195809167045,0.006897259731055116,0.00856515690973533,0.03145672846272347,0.0,0.016417400141709126,0.038951764720737074,0.03907501485868093,0.3529465181325697,0.5547596684904261,0.268388500454109,1.469299199224216,9.073064785650327,11.4319666446424,3.462926771498404,0.33296302873971906,0.03207406948860506,0.003950760138350767,0.0,0.014010218000117501,0.004721486584142099,0.009046432538369982,0.002656597505743042,0.0005381738472844387,0.001507994512701845,0.002128835937506636,0.001338267647751544,0.003121000979736311,0.0026126571473066434,0.0044293005064602,0.06427116692775067,0.24960527080649958,0.0,1.3371576196791286,9.711233800267811
4.8235294117647065,0.034693823850379654,0.029308457772976634,0.0,0.02175589644313525,0.004787466783994122,0.002383549703913847,0.00323960227026793,0.009423641305214685,0.006969491850493187,0.002663111807549051,0.002167422825686889,0.009508486966093868,0.01927250910578615,0.019489317559162438,0.003958274399459034,0.0,0.04811385059271267,0.19922724191617008,0.43432425287652243,0.1735389555552227,0.3283701773470906,1.197834440921228,0.6785332172171342,0.09519069848448414,10.989036055078927,78.29930557187723,63.77861074339157,13.083696702358655,1.8132665948409412,0.0,0.15078413895035875,0.07014262620386286,0.006264815137876172,0.00111669443616026,0.006025409630504451,0.003993590997495638,0.001635725358373585,0.002634163644497157,0.0024633343446647145,0.0014703134738010245,0.0017394814824319045,0.03321003115204117,0.04450998333223318,0.0,2.8010186436722933,12.524962768311312
4.838235294117647,0.018935985137121965,0.022406113783923893,0.0,0.030790091248833203,0.03987082227897075,0.025728919755487044,0.0024523236947983137,0.009517529487863456,0.017891687979892348,0.01622011799750342,0.022604919501931046,0.015573525359314243,0.004464215089435834,0.010206593935158773,0.014845238652015938,0.0,0.046233769034796805,0.06423286665948982,0.02476181396103072,0.07225939157695545,0.20481208907134107,1.2267745106389911,1.402320090607076,1.5821460127160059,1.6052202774606137,2.558627650444037,34.3920822993186,135.5935012569654,142.85859536958105,0.0,36.743188199806255,4.4792279373211406,0.2806987201996649,0.03269786507632355,0.005587440027966211,0.002797384247741862,0.0025670518722023922,0.0023166191264943113,0.003215652216759237,0.0016350873156310234,0.005390437830385779,0.07170440549614979,0.910187973461602,0.0,1.8249540011127283,1.4038054117734022
4.852941176470589,0.012708387202947286,0.01234941413908688,0.0,0.016677600701110403,0.01416957111371836,0.01788719729389219,0.0008338961365736235,0.0032252368148401288,0.00624371173894522,0.005634220553403536,0.008890864364842151,0.015941112727443515,0.00251410823981541,0.01690322345020675,0.034094055510390256,0.0,0.00419199863267194,0.11134658003709375,0.3398259383880733,0.3520235835622485,0.3704003604911649,0.44571620492527136,0.05576685165042605,0.5970815308969246,1.242781070852332,0.9225053424572139,0.48581062811980663,3.504636309643622,5.314376403442948,0.0,138.88070004098148,173.15707720723378,28.8144705043011,1.8884892342213595,0.0833473652754925,0.013869938545445337,0.0010721659955783892,0.0007245872722381799,0.00107532471249923,0.0027150363403488777,0.007714605564939477,0.015574640072494837,0.2847819739512565,0.0,1.717497044902684,12.18235495427043
4.867647058823529,0.027683670277466918,0.06249166593901606,0.0,0.055360328303253534,0.04149210947917285,0.02213815625403847,0.005509531989765235,0.006266060022464924,0.006026587035677305,0.0020494519678517027,0.006465208291891656,0.02202886152875936,0.011344552848972287,0.01582110485006877,0.028188177088673955,0.0,0.1616557308631158,0.36219387921334123,0.09038263591130942,0.6740419133781581,0.8356615777192488,0.6032083809363853,0.2578578236430217,1.5158706756594331,1.3455564004396354,0.42186613769274656,0.07756222386906969,0.2899881253889262,0.49791531022281965,0.0,12.445532353042381,76.37235658847194,30.154053042451267,13.288055706329327,7.401101334459784,0.7233267934400999,0.03872561568464898,0.004209177386756511,0.0019337545274984188,0.0022555819037295235,0.003073870267471877,0.052079244240017766,0.44441033270080976,0.0,6.520101544583827,39.22005711781955
4.882352941176471,0.07582635318662385,0.019712248834170894,0.0,0.006585026649247563,0.0036647889329016322,0.004039836031875778,0.014885153266675102,0.006577032580669171,0.002956544186927826,0.010096643029248967,0.007806122287544711,0.004585985398516302,0.019657764763516494,0.026031061967229128,0.03725435665334097,0.0,0.2153209976519696,0.44416193895140954,0.1827623112690392,0.39993534281071713,2.8168232993175106,5.8101760470516375,1.265536214113701,0.38925585694788545,0.914300228647247,0.46767988058091187,0.11875214827596875,0.012398232956818717,0.5671415723691182,0.0,2.213616905826994,1.4138953226715352,44.78380198173022,107.00726689829838,12.295680231367264,6.95064482939069,1.6592870197661496,0.12937793692623192,0.006069747917714946,0.005725562921965582,0.01785130227150094,0.009190266837276959,0.14486435821626356,0.0,1.5178261116623175,6.198974730942645
4.897058823529411,0.04120106390459839,0.049756892723077574,0.0,0.023973114590774048,0.031534784554773716,0.025339467354571935,0.008969434487271945,0.015282154009556789,0.014047089111888211,0.010001353693153909,0.03852462540404161,0.02611275482896977,0.00857541775538189,0.012529984102466203,0.007554321447600185,0.0,0.03324437438753597,0.1429824571343123,0.6178099738984149,1.1501366218660882,0.3225095998788483,0.7847600512043713,4.733440099125974,3.6511118020826228,1.416301597297685,0.4951739561534507,0.08519515518619847,0.016519434805939842,0.048580768840640415,0.0,0.9325235344259197,3.1092060165420143,14.87341583512354,30.182309653412254,80.60293768862914,115.31877621795843,43.43307420630379,3.7014429054853397,0.1863464569630298,0.03454741492520961,0.019083809694642368,0.01130835108884909,1.3354905010486635,0.0,15.623744932236717,29.60518357256284
4.911764705882353,0.05920578405543597,0.028281852716483022,0.0,0.019894019849358728,0.028069271796465452,0.016704990716782636,0.009163659751025587,0.003973892509812229,0.006100563167166454,0.01325027251029746,0.009171997223893804,0.005563154334692755,0.03015716460244057,0.09249335888905116,0.09246171831995445,0.0,0.03183082979330286,0.1039081997663347,0.1519111939709227,0.04542984579360271,0.08116000910124732,0.1698641720340487,0.8070064568699848,0.7103640848104,0.14575210287623522,0.44442937931432513,0.19026388663542013,0.19130368799454509,0.8217014504846816,0.0,1.0347883012549854,4.462887470039339,5.437373311969083,12.25282612351316,42.58130397789937,21.071615892494215,5.496065744208998,3.0570319261250596,2.468124294697067,0.13256460045656016,0.01209311263033987,0.024403026465548712,6.317544064578152,0.0,44.36122058251054,92.52486972806422
4.9264705882352935,0.019120846666473075,0.016805293696167012,0.0,0.021121869285102148,0.023053818794845533,0.013037983877788213,0.005121705771647227,0.0074217286647826584,0.003916538112549928,0.003347818317867162,0.004612458787187702,0.010231915672101789,0.02793408081516871,0.034772309312056784,0.0241430400511047,0.0,0.08803440554912575,0.025614756981786085,0.017071057224383374,0.0668652785718392,0.22008233496510646,0.6062134810921204,0.6954885942457394,0.7506815819901926,0.35862875766389973,0.3097797863738829,0.37297141146048907,0.11789858661372217,0.14951938593573263,0.0,0.9006954919743759,1.0843004052054828,1.129837425723161,4.711747891836179,3.4668738030322865,15.282412960253547,3.404549249621075,0.5406492437224647,0.46328765228033675,0.264952648345977,0.02420202587868208,0.007974982322651399,5.723399501262152,0.0,41.800100666956965,36.422288492923414
4.9411764705882355,0.007703701430257517,0.02103246569600515,0.0,0.03578827741696213,0.031330249637280844,0.006606776002801319,0.008877902664102176,0.005755030412415771,0.0029390754656568917,0.0014060244583296738,0.005796883143748266,0.01906147527709006,0.023395381040539814,0.009638547654434624,0.02499252822755132,0.0,0.070005520382935,0.0730810275630374,0.22354042444641414,0.4434768293781862,0.35196322980521694,0.6117103868052691,1.1450968766142475,0.6457111411813865,0.27029182224606507,0.586613253363301,0.17189147221064488,0.6173161893470592,0.8566963069564805,0.0,0.8145186771603297,0.9473420523636495,2.0360582920565515,0.570066570925616,2.295601203834697,7.627392563079973,4.388886679835775,0.5727891185926972,0.026484855424759556,0.02441695782897487,0.020405179362325956,0.16950994479581585,8.374935698177849,0.0,16.297280364636013,7.962977730251498
4.955882352941176,0.031110905879280535,0.050594523523423474,0.0,0.02294873637347125,0.010124792796536476,0.0203834276048751,0.01399123545905567,0.003128350431804819,0.005192705724656295,0.00683285417972116,0.011785848671737481,0.02460445190383654,0.0020343983566104844,0.04666686639013265,0.186003274485503,0.0,0.2650841298557701,0.20784474452426804,0.005476627037879645,1.8070550095734565,5.624454175508734,1.8722598269384223,0.09028066324112816,0.1592912406775276,0.6675635844463803,0.7957141950537441,0.23410333600321906,0.7477098637166408,0.48145212675572946,0.0,0.40941170353711664,0.8483911518682944,0.38953265943009474,0.016861741534470027,0.19506378450768727,0.5250503115741764,0.2199277786391164,0.13077699146915958,0.06902710017491176,0.019169244103292696,0.012615579632876038,0.03058472751505637,0.5280591902930821,0.0,15.366221801012202,30.33811494605835
4.970588235294118,0.06972136743960994,0.03261158496619554,0.0,0.012735122386530639,0.01930994861722373,0.010669379279967162,0.007128190465785715,0.01178301283850141,0.006862249333802775,0.010045773150346682,0.014190354551713689,0.00608224615330413,0.013205273928628332,0.01763273177253423,0.12318806590080168,0.0,0.5207346453825514,0.3998201160672094,0.2547983074725683,1.2001321056297676,3.3315958125670178,2.6156791609469083,0.17235582792308332,0.8417443440967299,0.6907331320784682,0.08301222403148084,0.09000206848485251,0.055069230672877605,0.19420930334740755,0.0,0.18311460006054425,0.3249392045381941,0.1741384549998778,0.0190001024593641,0.02385819923133612,0.015217820181863927,0.022857128238982866,0.05421452685233251,0.01666910652425821,0.003447715291560418,0.00699884914481903,0.09027032153302939,1.327159286152137,0.0,12.654042941458194,14.260428762613342
4.985294117647058,0.019466314612056584,0.01684541380070844,0.0,0.019774081769129946,0.019759286818091807,0.023164521872772983,0.00821223829640589,0.0029310301289454175,0.0059516477498187306,0.009382807872372256,0.007122499424023861,0.004597557407991098,0.01753305346657046,0.020931046103589524,0.0034121276878928625,0.0,0.021689293010832007,0.1200433599877959,0.03665110471818353,0.6567302631979033,1.6281280901686364,0.4262138614647536,0.6438361669805341,0.5487923460256182,0.24700211318722748,0.055421695493747314,0.03671979630518688,0.13707830870643564,0.2509731940338625,0.0,0.022317898354419836,0.007401637341047588,0.027235499416862687,0.03646532342735169,0.011430782123810195,0.007213464076472326,0.0058331677553151015,0.005613136763772547,0.0007395219682299481,0.006316181588573803,0.0038019875634199935,0.149501505513783,2.3590627678328513,0.0,10.111105018438181,7.546505486849116
5.0,0.015320084956615635,0.016288000402057932,0.0,0.003396407596331293,0.013669148384152814,0.01846353735948699,0.017530969018266097,0.005170875629420604,0.0009147474870711441,0.004060844133096365,0.00963416888366174,0.020946488229960952,0.010027250965272037,0.03634072767551294,0.05360887931852657,0.0,0.01148388507036796,0.05688816887531664,0.13262676552288027,1.2258699556084736,4.064386834377002,3.655818967173463,0.5934872693327762,0.36802937062861096,0.3229661066728837,0.13274500206201656,0.10562169289966708,0.1537305223132184,0.06944874109987681,0.0,0.00840193737073636,0.008602613326284016,0.0024817754359418827,0.003912808475389483,0.0008417455908713794,0.0014832928106407101,0.0004952753708914196,0.0005951360803657002,0.0007082314089103829,0.002309849254356392,0.007302989840581369,0.05147617825722732,0.10800043242324416,0.0,4.830063198734025,17.564743886182725
5.014705882352941,0.012530544769554532,0.013072547830222825,0.0,0.029542796428716014,0.027266872410250803,0.023199639462945915,0.007597996013703458,0.004755990355581111,0.003402277201399148,0.004368304515139428,0.005856105441227843,0.007424551750813071,0.018689140978959053,0.0022633872340932755,0.016371302930119423,0.0,0.01081001310262001,0.1242580440578114,0.21856005904144177,0.33310538600641404,0.5550381217396854,1.1267285894480557,1.0611098576939333,0.2505771130686004,0.36398088252704675,0.33972157194796143,0.18072650862121242,0.05258251421201021,0.002428573366915641,0.0,0.010122806265900591,0.012261794055334563,0.007478665551890587,0.0035895473634661385,0.001953598569401242,0.0018311936257538286,0.001058857735633387,0.00023783793229392443,0.000909893836425287,0.0030899012407829317,0.007789964543293892,0.005221010242842683,0.12103869876571452,0.0,0.8797462597668075,3.104361933645908
5.029411764705882,0.03036542933807849,0.02233746898970926,0.0,0.010419955887134982,0.013191212702939745,0.023083993633034906,0.014495060952458397,0.008543893284557728,0.008079474676480285,0.0077097513904663545,0.006633185312011859,0.001002226511103647,0.005329713508524812,0.01700752604876897,0.029064564424448203,0.0,0.11806745973562363,0.13061231472209545,0.023384367512123937,0.28669508741442246,0.41891980665418715,0.11033216591744173,0.13698629711362642,0.47486299808494803,1.981525479755203,8.006594626752467,10.335830427886576,2.319537871533027,0.23817796837510985,0.0,0.01651704153154843,0.010542823817440648,0.003636031641585992,0.006649471562854141,0.004059457887909059,0.0023763811529731527,0.0017060567564028265,0.002024356306891963,0.0016818564582044826,0.001966034717138303,0.0035533049877180638,0.027176974326391705,0.21908098402985765,0.0,1.030224984985408,3.8531285310539105
5.044117647058823,0.04327157431680855,0.020290001972947846,0.0,0.023140481919052103,0.00843924383937844,0.011275916562896856,0.00958125981925875,0.0017980736751262213,0.0023910843981662096,0.005984256243485447,0.008760168739750279,0.025549094538811285,0.05989813960120659,0.0437556832025041,0.009451294994845415,0.0,0.02402409503303505,0.023055928424841964,0.18775565360856272,0.775416543781908,2.4853365761112958,0.9418021690825649,0.18666409016441066,0.09245130175237556,0.05566806107416214,0.15966280765286536,10.0230805627635,51.01970110343912,29.07199784486762,0.0,4.248060148805512,0.5489036462195203,0.08014519447323051,0.00797905880695827,0.009602026612081946,0.0014688936596744917,0.0009461938967241046,0.0016331091971415047,0.0002370061035038001,0.001007528580333067,0.0010997635773609636,0.026815815361130733,0.1768142843984933,0.0,3.722919388309928,5.776952819256033
5.0588235294117645,0.058533931818848084,0.04812317269108408,0.0,0.022572365754254937,0.004442370265382539,0.010014922013022861,0.01158568377068181,0.009466117087334427,0.006166503087344618,0.004784208022297556,0.00483616573474854,0.007605172720019706,0.06558124435510165,0.06591035394081177,0.06324955254301681,0.0,0.016456635721213746,0.05830015466736148,0.08229171747168199,0.6051322982273151,3.8618554630627133,6.533059121735034,3.042675820368632,0.7147039922206571,0.3519682756039577,0.8784510554017717,1.3346264199042095,3.073234216068542,137.22768022772976,0.0,219.02016929235498,41.688133993382856,3.1580814498490426,0.6248328772881353,0.08230962783181506,0.01163186697671842,0.007845105713927115,0.0013162598192882928,0.002841580808468167,0.0021549226690046708,0.007282203000710337,0.02660640068910794,0.557368728495584,0.0,8.641386681220466,5.372903262844829
5.073529411764706,0.043825367166062626,0.011528011579946193,0.0,0.02128332275438999,0.032671342328945474,0.024457337077641084,0.004649035952493608,0.003151957546505203,0.004620070025519132,0.003333331353830459,0.0033867257301541083,0.014715194899119804,0.030947388232978677,0.05238872332043994,0.12796792781911298,0.0,0.10212020553146496,0.032550109175093316,0.05967122630315854,0.5998290704521019,0.9108310313897892,1.5724104561764949,0.6450342416383528,0.20377547960608508,0.008557846623648294,0.3386849905630591,0.3219372464612161,0.4830790468284665,34.322789132568616,0.0,325.1279875138182,559.0855560723483,249.61393932971265,47.217396947645696,1.7761676577683356,0.05442242003195916,0.005930080672225421,0.001949951295574853,0.0030886795955123846,0.004064566926853268,0.023869883487490022,0.1364112293587827,1.0814539567856483,0.0,8.275875552186179,1.3835074889038783
5.088235294117647,0.08468855060260826,0.06185074946968533,0.0,0.04905343806474695,0.029916894929283892,0.007304681649872165,0.006735989306953858,0.007778335122749829,0.0040874421322021175,0.004163198148831764,0.01536947550010312,0.004695600905790287,0.004227056005852024,0.022440349446348568,0.04208261557633532,0.0,0.021009774721961232,0.10312329004358801,0.7049552961882428,1.3193289313637857,0.31720067264465224,1.2150840240115435,2.099032202193011,0.7769849350894686,0.6941492802746814,0.14646761967484284,0.15803973544306188,0.010519099748343929,1.0562119369756433,0.0,5.971817967666391,130.8020097846163,227.48365404305588,35.08491315867564,12.21785334466458,0.8379655980620438,0.005338887235533562,0.002010537955127547,0.0023241587618371166,0.0032472510906284184,0.012063803528746694,0.03450936979976666,1.8286641722623602,0.0,26.0833857817829,30.491735562171126
5.102941176470588,0.036149463091790346,0.059103981961306805,0.0,0.09072852038962771,0.02024167199248649,0.014079287915194128,0.018650138767177166,0.006918325261779792,0.00876791742093848,0.007407153674963479,0.0067883354737321355,0.0064312969159972914,0.007578829544867726,0.01109426782219087,0.018111009641340797,0.0,0.029832158159136264,0.01182673569586553,0.03085414436731735,0.15579726033055352,0.16357319286383015,0.44696551606065993,2.49226182606877,2.4220182856849224,0.3960176302559556,0.149407250635249,0.16419047372516832,0.07317519015803874,0.2012056845782017,0.0,3.434690287910156,1.460570710573057,2.7977963256002196,11.019309135835844,6.256763701461375,0.14421849042015905,0.0359155024897856,0.00441891967261452,0.0018985778020239419,0.002841636525650144,0.0133184749556629,0.025109780215359066,1.6064017335218006,0.0,12.86682334547696,2.2228240519999174
5.117647058823529,0.021662613957037887,0.017671184207488352,0.0,0.010068626189966245,0.011485523630425834,0.011334137936337682,0.010243348824769344,0.016756862405271283,0.00619501678455866,0.008556759180826271,0.008065861015045934,0.002189556936373294,0.018393958357685272,0.03520140460146484,0.049170908148757006,0.0,0.020557032847306568,0.021472003719008113,0.015470512127304563,0.041751673015843475,0.16754438270553862,0.898319220875698,0.1819824012946738,0.17642222845424665,1.0969377038659767,0.6423623274242259,0.07577167013293709,0.2666112990922062,1.1379151767700901,0.0,4.137527372160229,4.812439632006408,1.3916160752785567,0.5882591214829671,0.2591092276027106,0.07995356134722167,0.08312982202493235,0.044313641176787585,0.013592134091783907,0.001481832531358548,0.016511267276201787,0.07981310709662331,0.8098056431903566,0.0,16.815441771096836,17.862952694248193
5.13235294117647,0.0412865928999263,0.017977626975877934,0.0,0.023620986552745263,0.021345846837765275,0.03326164051726962,0.013409336008041454,0.002983539515833443,0.0036849301244041358,0.0010979031101821365,0.009627385509988911,0.019508905393233394,0.0027766698722609916,0.005779070684766243,0.0055631447986889074,0.0,0.0029832183512021205,0.01851172438171814,0.07423112771329374,0.1686364535768325,0.40893791994715606,0.40957060911901616,0.6885658297207601,0.8824199571276519,0.07898252274828416,0.2203366849842421,0.4037753997364734,0.15914355630568833,0.09853049700554228,0.0,0.6585492580727075,3.1714384498674146,3.0954967803056457,0.7902434629007848,0.08761068549465063,0.017783601510942833,0.012420438540134669,0.0006636226754744498,0.0027694980299499787,0.0052368871372508825,0.0007513216329556367,0.07602514486304907,1.586737562733489,0.0,20.36831064594277,10.298036734734666
5.147058823529411,0.042582179226793804,0.0169299016854884,0.0,0.0201154328952195,0.0123650145329313,0.010047793101097876,0.011785339600156937,0.0076451918412034185,0.008333753999071651,0.006393022746486875,0.015512994931481533,0.1013172624689038,0.2148391938831631,0.10982860146047668,0.019405794676892178,0.0,0.02310374007112422,0.06844412779096393,0.17104647079939556,0.20167725040924311,0.1137752276710363,0.7367089586418103,0.2404976092483024,0.02940140762698664,0.11810911266769052,0.09576279495630573,0.07793820880140082,0.13099486452745965,0.10254177075954272,0.0,0.16885542420770838,0.047648483296597405,0.2424995727494761,0.06297837691433883,0.0481347868222054,0.018696080883418006,0.011619955636244123,0.008427911256358356,0.0030378738333702937,0.0018370218698692362,0.0016715552908436728,0.11151639689942464,0.9546468667364362,0.0,6.93127856495893,35.417697375140406
5.161764705882352,0.04013296125893709,0.03713465285163833,0.0,0.03471613251464073,0.017232308854486286,0.008628881241318958,0.011697831429212154,0.010836952677910797,0.007933201086456173,0.007655754470840699,0.003595305095619371,0.014885965560531362,0.038262409983283785,0.05765971082849557,0.13026781903016665,0.0,0.06769406937849007,0.0168286841972298,0.04092159590551658,0.08848398478227988,0.23942167432413813,0.2256609338967958,0.2004493819700886,0.06779996332951016,0.0750541710400088,0.0658068606954954,0.08230673993021333,0.13416258505002782,0.07453226907500766,0.0,0.02825527752444868,0.008552315356944047,0.022411146520076815,0.031055502765834,0.008373187209468788,0.014027625794928288,0.002986601185877114,0.001396743724073894,0.0010862381148760048,0.0019660130584149976,0.004661992031670947,0.03949944350413335,0.3852257763147958,0.0,4.589872867869477,7.240199783357099
5.176470588235294,0.09875290885187285,0.028196809951080447,0.0,0.0017847434341198899,0.004724221467245673,0.004302007853850557,0.004732563845620724,0.005620405264355867,0.0030191038196338976,0.0016327893458602835,0.004960462550568668,0.008567670771613292,0.012078251994588632,0.26220538913408603,1.105331063544164,0.0,0.47255473988743835,0.10016624274632224,0.6633644467051701,0.30230730878435896,0.13478020398966262,0.04544475259052015,0.16002858332235897,0.34157004108016387,0.25332888628275607,0.16424747197169065,0.04961859047823693,0.03155384785793493,0.011561511476029657,0.0,0.005611603456682707,0.003857192159218317,0.008658753094332419,0.004946120394082263,0.004564192147472095,0.006116214209531107,0.0055877698482112055,0.0010308112384954462,0.000762690765105787,0.0011317900862009736,0.0015905841207018662,0.005438040767982847,0.08945133736179789,0.0,1.3416075478704366,8.715068422261345
5.1911764705882355,0.059636505879158724,0.036643772129562754,0.0,0.01826435643281486,0.007531326603341566,0.004693033508318099,0.004929224379244153,0.00278871952272536,0.005915571932679304,0.009188361773509289,0.012240923419178491,0.010927698340943223,0.012473843079386943,0.011898374978405285,0.1448811332874195,0.0,0.25715910045969076,0.27590799114872516,0.07313282671123186,0.09563682785616459,0.25089684660639816,0.7574751999735667,0.23069667236149793,0.03247815945626615,0.08810389810775424,0.08424703100970678,0.02821604187246589,0.004986809839890504,0.001965183383081269,0.0,0.0012329568973669701,0.0015457245086312576,0.00456058552145574,0.004859284510633022,0.0037464972512933877,0.0017339666840652224,0.001308207389453282,0.0013385616721149245,0.0014893553301072663,0.000979133209388894,0.003198071563317601,0.005644887909716882,0.0901567947517411,0.0,0.5114715524786112,1.3592093932939107
5.205882352941177,0.025454714767016596,0.019118283370178096,0.0,0.04786588838166637,0.020306689512028832,0.013303044989413764,0.01071304906086582,0.001589510421857114,0.0015492224739685027,0.0026700689402949667,0.0019994648434552707,0.005707072788658021,0.025010844512031345,0.08372846826767236,0.051388051980568714,0.0,0.03331551815716248,0.026724663297432623,0.1473995452786271,0.43665225036777544,0.6563376711569675,2.3537380485148582,3.348554735611373,0.891982677512631,0.08216579923143547,0.02150671381464717,0.007074827130344913,0.009143808876797003,0.00411091986612768,0.0,0.000931138895544175,0.00045412425855691934,0.0016321364425161216,0.001968423649916573,0.0006994271527181485,0.001221697281969721,0.0026037822976124,0.0029417465432956284,0.0024806574413135237,0.010346460049381142,0.026683106508766208,0.044298948713235156,0.41923828316280554,0.0,2.2499949397958607,4.947949664156891
5.220588235294118,0.032544079178296326,0.012495521638034406,0.0,0.018092517554250846,0.03252074880963074,0.06467764268079274,0.0342877317617669,0.009080326923470142,0.005261954243778952,0.006895829132862747,0.001465250150766232,0.0020756353522498137,0.008495967405195967,0.010912272264601027,0.09179491831352174,0.0,0.11137842930690894,0.12265462439878266,0.14692768193161887,0.04005138574443506,0.9859347258135777,0.9693009473325018,0.22160908872545562,0.876602147445374,0.05917490692960754,0.01847495904140605,0.0193609392705716,0.0036591184803329325,0.002740639357106926,0.0,0.0009517434614046056,0.0045493942458408616,0.004570164796358991,0.0017560951277029333,0.0018633608679558943,0.001763648521863928,0.0005938676337130961,0.0014809925926069878,0.004135169990121998,0.005231789003680679,0.0054458807336461405,0.018201985454082116,0.6616593547077719,0.0,4.49064279079018,2.546057951380555
5.235294117647059,0.07046484966530137,0.043768735725708524,0.0,0.019137736883797937,0.03056304118912833,0.012467983292049616,0.007439310519429511,0.012291306895536307,0.004788688902406435,0.0061177299526808445,0.0037870734036089325,0.004120831569660871,0.007295867454215633,0.0026751086795759778,0.008945456631325208,0.0,0.003845988041008967,0.0076991842393446825,0.013173752645126675,0.18420165556234233,0.7771352608643399,0.2231253924858057,0.9733147632565964,10.242480227703702,7.696282629291657,1.435467341724804,0.21280006399187648,0.015854109139353333,0.007127112265742794,0.0,0.002826005174090559,0.0020425680981628353,0.001712947005310399,0.00033787155488762706,0.0009182153454242019,0.0024038474354961125,0.0008575232476663117,0.0010787050437231892,0.0011387063060169168,0.002252651430255126,0.002246663103233898,0.052320419362603975,0.5182958827877265,0.0,4.4263477135194735,1.079311984828228
5.25,0.01653559559754384,0.007501344250665617,0.0,0.010214980981601975,0.008535073364119641,0.003617240147327959,0.005855759398788165,0.003838205720997475,0.002256074726190495,0.005128807718209512,0.008232391257608697,0.0033366785480730943,0.003912955481478905,0.0016191949792912692,0.003549409027157539,0.0,0.022621690237662466,0.051542503104917946,0.11128296047166436,0.24126601115657575,0.2750722607918833,0.571754981663275,0.06221297986735133,10.669851075957428,168.4586206428545,218.71520650826147,43.02009786375582,3.5333951961839496,0.4131707519089625,0.0,0.06002206081088654,0.021365349083548382,0.00124578604668386,0.0016017996448731689,0.002220540804390723,0.0008203504308891854,0.0006296069841986659,0.0023792315573952427,0.0013354622141881066,0.0015775728458392636,0.006424358832522441,0.02116061449559004,0.9464689367288415,0.0,2.2228320238402914,0.29305581749074444
5.264705882352941,0.03667526530639064,0.03943283155020604,0.0,0.023419196728642323,0.035556976783143006,0.034165819679339335,0.013576715179333152,0.008979606802891869,0.007485167109076026,0.0028932605827484983,0.007566463562389803,0.002884428196547311,0.006669777083637782,0.003318953615431606,0.027159130466477922,0.0,0.05756995232751408,0.03703607435307915,0.09348563374544339,1.666977251302011,4.697789314796541,3.4065956062068383,1.9379619081926491,4.08093383289063,32.342652589443475,524.6454335507484,1699.0593506877924,721.6391397429004,88.61245425206117,0.0,9.600315388931659,1.3540881004301544,0.2462540497216385,0.04577531983099961,0.015618217254756449,0.005121829861170242,0.001465115397694305,0.005736549351332269,0.007415595537496403,0.003785175090048782,0.0022690031740096863,0.024421675933768847,0.06311331576603281,0.0,0.4754292809437639,0.5422892178463999
5.279411764705882,0.05092614437779411,0.03052262013091681,0.0,0.020045443197004256,0.018309245789824843,0.03014995810486086,0.009576004122579798,0.006737970967992162,0.005907323639124686,0.012071377537725194,0.011907639213568095,0.007423253771813154,0.005714072602016647,0.009181691856268015,0.017147478182390485,0.0,0.010487300863835473,0.03285234099292739,0.10438553386518012,0.5037860420405356,3.018974887767895,2.8134588480898866,1.560652603074837,1.793670605367204,0.1141993799952547,33.471911027831894,293.61470767059757,1380.4453969303468,3257.231396899597,0.0,1905.8474421679284,357.8721983675698,23.34034146383562,0.7926249088855263,0.008707445629682068,0.012958310309945818,0.00165774264794648,0.004383780965468672,0.0008415915026776493,0.00018822108061579567,0.00138343898260421,0.008010820280767845,0.34907240242652826,0.0,1.2546328892542118,1.0148441627822036
5.294117647058823,0.013233167684028508,0.005080561259455183,0.0,0.015812468939591505,0.039741507932800214,0.021061749822958088,0.023296304941879287,0.014707106780373395,0.0050210974343589,0.003154977956262957,0.0070961566144518455,0.007945937336970908,0.018039270527473256,0.029422456429098597,0.019331324645919842,0.0,0.026877664885068115,0.12264278706348353,0.3683869748129149,0.09862512161982456,0.9215843677565148,1.4162069888482032,1.537574464676808,0.9180678086816563,0.29370846235362436,0.4553166696866238,1.3529990365268996,7.803360449658362,29.538351563201118,0.0,926.450637505936,2533.3697311810215,579.4682009557068,167.52296379078996,26.521838168305845,1.9970396903290322,0.3295730448789509,0.020613875375207417,0.013678471923316799,0.000614404327701925,0.004975381539411603,0.02693653894145837,0.07386388257756403,0.0,0.18994792935930965,0.5500551222365232
5.3088235294117645,0.04054912459779201,0.007080737189972056,0.0,0.013244938028263119,0.013483504211472205,0.0018864128461023532,0.00596788008286309,0.0049493349314830085,0.013222821654031693,0.00672789618303369,0.003790608897880075,0.006130675187474421,0.02576254120531281,0.016225774794723168,0.1234964585752888,0.0,0.07435068656951851,0.01662825113663603,0.08635852226479891,0.16176112493135225,1.0097045012145869,1.7906634974898723,1.0276136214854419,0.07652072830166702,0.9188896511973983,0.947292027387658,0.7480535329547948,0.8277323889680581,11.526266664504497,0.0,30.064699489719835,292.4182038659875,895.2379828507414,1928.8358759707617,1029.1119476917527,132.02679246303518,8.148413291002756,0.9481700968445083,0.1676721854854969,0.021706470749789708,0.004960049086582988,0.0037099079950142816,0.3457576934467629,0.0,2.8484796626231144,2.8998370002392835
5.323529411764706,0.03428018836418591,0.025392355905399493,0.0,0.01568279149156947,0.013847375357787411,0.010977345968924678,0.0034932780470968584,0.005316453368189595,0.007298668460223426,0.005472373285490062,0.007861674271637087,0.014144283631319346,0.007417838833376125,0.1347635637051523,0.27666460415728295,0.0,0.0077971739567182586,0.04000972957017076,0.06822067018904784,0.11375731083350002,0.4416736457125839,1.4538660619482389,0.3069374733672021,0.5498627062214128,0.02375617401337184,0.09891224497612164,0.3101151603235063,0.7961401251631235,1.2386927317092011,0.0,3.6960184275680303,2.3805982036767377,11.566235133765899,81.8478988006987,250.74457300121895,240.870011148701,53.611236328429506,2.3214888151067026,1.0120239286352593,0.27885216944993063,0.11437817301515346,0.10141466316031422,0.5084660421142713,0.0,7.453492015468155,20.494338186756387
5.338235294117647,0.05469783924283464,0.06565672362434193,0.0,0.030120477730387632,0.003939243724776938,0.00560041225782442,0.00715336919324674,0.0021274297191643775,0.00862776745733822,0.010625303899963258,0.011069513484632327,0.007440166287340526,0.02104306240295417,0.0365739523972107,0.32458734293184793,0.0,0.6668324766336752,0.1371925604736643,0.0906829070503509,0.0913605880883609,0.12803336801546192,0.5067505818226742,0.32141500653802363,0.13571088042981277,0.1684902872530579,0.38646047328877847,0.34248330061901566,1.6424177959351054,6.406457279594561,0.0,11.748686602688199,15.546779114787721,31.95328965978434,17.335695176121767,1.721220089308408,40.07611865051287,63.59056709415448,11.87913684044185,3.4356651901035016,0.20723586998728172,0.05336980295198008,0.05974344518687098,1.7230327457583279,0.0,1.8785119031420858,20.26084922795168
5.352941176470588,0.039768011823626,0.021019819751265247,0.0,0.0032717218489553487,0.012945915265689285,0.026742333920004118,0.02552407809027759,0.010607156346438088,0.008952134019793466,0.020745788280020556,0.01230446070344596,0.018738193547440267,0.013567017708728136,0.013461373086648177,0.03990762060287899,0.0,0.248723860763982,0.5652841198875486,0.22311890848915944,0.14712185630979896,0.1786752220854781,0.0693528030406882,0.3196486682206444,1.1741203260738495,2.0788537330624557,0.6040581825394051,0.08048365002030701,0.3152668641458367,4.992676644564478,0.0,7.966043705670399,2.6110084694311224,14.649345518940724,11.018180717681618,3.7161366354625995,60.24775439007861,98.40682285081809,14.202133675964774,0.7786416611125219,0.022648946609864027,0.013437880874388635,0.02961542543363992,1.1561249360636459,0.0,5.854490937848313,4.153171443416712
5.36764705882353,0.04729711685210916,0.06569475202210498,0.0,0.04844581524039944,0.008812289129531303,0.002117424349051917,0.006416516820779213,0.01926630526843716,0.015512116262111842,0.020893567941204852,0.02634849433505053,0.019889988244362118,0.04520812705322458,0.07945959418146274,0.16202963028031903,0.0,0.17255372777351916,0.028713334829493432,0.021750877279890016,0.11811537757332485,0.22764604543714922,0.05014759748137206,0.27302141802954094,0.0500569464528108,1.8068199908959088,1.2433171832962309,0.8758244885177037,0.6062827431813005,0.6248392566643953,0.0,2.6981861308400656,0.8632810223102297,4.26080500744323,3.5735878765501616,3.0299866045741664,3.1666131506630437,15.464580953838745,14.661899222262132,1.2148016611987096,0.10114276796409781,0.032969644067002105,0.02128676590445748,0.40290065400650227,0.0,3.813369714627794,7.127139955994135
5.382352941176471,0.005203119713912178,0.016176170920514956,0.0,0.008401222990624391,0.012680965270278441,0.032349322948677484,0.01937586677173319,0.00902894285192744,0.003336544684017844,0.007627386450455904,0.0035125833221452745,0.006055025796959342,0.022457120277314245,0.01738444061313335,0.08174813774267412,0.0,0.05460005430650005,0.10429360502701104,0.08496253373566924,0.02287665106349928,0.3184355785735738,1.0603218664441743,2.7549584219316214,1.169498595091561,0.38818232238691003,0.1468787434838829,0.20940085881171466,0.12570155264343705,0.11109246473676287,0.0,0.32078128109964493,0.16913102708043698,0.1838852390582231,0.7067809695928593,3.1900269646277435,7.7461484371783955,5.927691244318105,1.01332287658184,0.14282603688218662,0.07546956780832917,0.00799652064762128,0.011333113852478382,0.2841801850958954,0.0,7.659101234223748,24.95785067406294
5.397058823529412,0.03240350100260724,0.02038188430927411,0.0,0.016882424207572543,0.021086895050023827,0.008357728297566775,0.0037229976526075097,0.006838693384909993,0.00298637152629357,0.0038834196332480702,0.011275723803490026,0.003939671333572066,0.03345384062489323,0.08796476114577914,0.29956954439832273,0.0,0.24055660206429952,0.0963244351584325,0.037032328025731906,0.07398149314183834,0.4458560592118377,0.41293429444789065,1.0716785448993322,2.122511969332547,0.5848173790965885,0.07259175875578075,0.026927693891950176,0.08587050327586702,0.02791535072649992,0.0,0.09509092449313111,0.046801663605882615,0.0030102260266065915,0.00914833150973028,0.01100139552567588,0.11229203483464525,0.12510250480730903,0.021851600932226833,0.03514942279028097,0.026383793893060385,0.011711261152539886,0.020129674412829812,0.20850318287361758,0.0,9.682838816441183,29.982085691863528
5.411764705882353,0.06035873831459599,0.012579652883129275,0.0,0.015236564728155726,0.007366463499871441,0.0064306290891376575,0.007201810150930362,0.005243343863403375,0.0021227200212683246,0.0019190451928630524,0.0028507837819873568,0.007837127659213025,0.005267473285973053,0.006203079906549946,0.5122478842043894,0.0,1.1610893487317393,0.25509300432915666,0.896000716586842,1.8431307855531796,3.4032667810517645,1.5272737334488866,1.186801684045506,1.4221334843714688,0.6728145186844081,0.07079097783526879,0.004576324822226369,0.011147550800526138,0.04559356207951507,0.0,0.028964744328534762,0.003875951628671151,0.0027104112148506132,0.004696743724594463,0.00676505191521139,0.006772114604656591,0.011706174333769869,0.0011759936288349955,0.014019247554819423,0.00823692904833661,0.010275130163277371,0.027370820525807124,1.1155729853818959,0.0,2.4342877381911627,4.8970241767210005
5.426470588235294,0.03013250114869264,0.03770146328971119,0.0,0.020105763492208904,0.003422399476887828,0.003953749396343579,0.015313987691713774,0.013992018347687006,0.008985430961103357,0.0043343690309701815,0.0032582058948374517,0.009566184113324943,0.02522639848813564,0.1781450960357757,0.7643517660524224,0.0,1.0442210122534104,1.8269105150460447,0.43366983534805364,0.6095396751129917,3.1992384725660163,21.07045671047154,11.539626437496075,0.9616236116469401,0.14515109964080886,0.13175000963827052,0.007881605118971012,0.010039173471381665,0.0023345277544014856,0.0,0.0027016773589115853,0.0032910945717645823,0.0033271523546382327,0.006467101996148842,0.0034535221571493414,0.0024054997990583978,0.017248040213153223,0.05241727575122225,0.04883532047872945,0.008953055983402923,0.004176217196469069,0.15954329210044593,0.5651086632448027,0.0,1.1405814660278952,3.2765552788928893
5.4411764705882355,0.04987500860415247,0.014393986397064108,0.0,0.021701207775271777,0.009459194290688162,0.011979110064215981,0.015277511687671904,0.004675443367342708,0.0029653430531557876,0.005341870160403707,0.005382591366331289,0.01941422430622317,0.0071133034866628034,0.044551832261088886,0.06960759317856037,0.0,0.0643329407844744,0.1614008025687696,0.08952194757555702,0.5678576045196227,3.640551154793105,153.15930355046433,545.3596757963893,223.2984992056158,22.880282949149095,1.5736959179801755,0.0595022669833308,0.014249543440968914,0.02819582949363512,0.0,0.0027143684239313935,0.0023236006694992,0.003739230068989641,0.0014128642517271413,0.003527970586985972,0.008382955322115988,0.007784428766000569,0.004308161094370529,0.01983082995651811,0.008486144565484063,0.004293170894492821,0.11473543382143547,0.4627099217833647,0.0,1.8514811982080388,9.329690960218862
5.455882352941177,0.056578830283069446,0.04332167456680114,0.0,0.03080838203159681,0.026967029915762677,0.004622248403274619,0.0027511635108656025,0.005399498801282185,0.006160696573724858,0.003738998499508434,0.0009828490117858493,0.0044814586990166915,0.008903229672257257,0.017215480710718486,0.04492598969510579,0.0,0.05097837120787051,0.05543017158356449,0.025164315006578158,0.26290110389846366,0.9296413381302544,32.83944144987092,1183.1729268386941,5170.401905812992,4183.337694590773,1357.8219133272464,327.64702966247427,66.72910781918124,12.76606139601031,0.0,2.281769892338956,0.3990519180334068,0.086252189674843,0.0262671021985176,0.009760381916245264,0.003593386349559873,0.002173010960913795,0.008683945212201382,0.01547425185923787,0.007094976667593464,0.012059678490912136,0.0039722519552767436,0.07928601666245565,0.0,0.6394890226563319,5.089821622650395
5.470588235294118,0.012480812354030195,0.0036919160884122345,0.0,0.0055094781177187045,0.012564862433852722,0.019753762511214867,0.012773376183628185,0.00975853946377586,0.003371220514171013,0.0034791304194659958,0.003630775789189011,0.008697821338677835,0.013525962520801621,0.01058996850720517,0.06862120651623989,0.0,0.049596405575364357,0.00585475555683858,0.0119685735672493,0.4307675695762566,0.09352739191588834,6.4174564680479005,54.60312631246621,280.23871094022826,1091.6321559455769,3289.4644754494093,7288.731089521226,7932.374446499274,2359.134313844056,0.0,203.28004081890208,26.159743024034526,3.4868583088104046,0.18521567985245088,0.03729367268849402,0.03348922236289549,0.04103697072198337,0.06921908517687272,0.0342320848794674,0.0062792561898351775,0.002810982387828135,0.003498452348273231,0.4186096511887215,0.0,7.296138746525554,16.313549642382604
5.485294117647059,0.07447344164620977,0.0508727368423956,0.0,0.009827622910655056,0.022266153788003548,0.025159751992392614,0.00980685757365084,0.001888586533212943,0.0031874165048469535,0.0002498748080316193,0.002715589406523628,0.007211366591026096,0.030520129197143017,0.03192383550098419,0.059490684875204015,0.0,0.1504462506949799,0.3714046361203317,0.513922122546499,1.0253061146399272,2.0893326229506948,1.4141533442839234,0.5629878178230834,0.638333031706618,0.4232113169375151,0.6468622223818463,89.34378908095948,755.4293270999242,5160.172750315807,0.0,7069.67710086656,1679.2267044152281,456.89740432123807,100.05289952781138,12.264901045219254,1.21880817830086,0.18217628835641403,0.012559664930911691,0.011315678854711107,0.009102455978625166,0.0029759204925292985,0.011171984899703159,0.31516182405172544,0.0,5.290304183527956,1.8027576679077688
5.5,0.03790870810916241,0.014723188631921694,0.0,0.03195390770427513,0.046602957318949506,0.04392615052671603,0.03449387397736824,0.00552748131348769,0.00716351974240906,0.012158397616319972,0.009176707918583219,0.005829525998061534,0.007497679986417433,0.032468123462056575,0.022749588044338687,0.0,0.17018357793783948,0.15303883892834463,0.044855798891849444,0.2733958343525459,0.09603533990773244,0.587825262430533,1.1876081286977669,0.7752271095882277,0.06391960167928323,0.5625532970120568,1.9511687533688142,12.596579062817948,88.56628039772221,0.0,344.56415697565086,953.5616252174846,2442.7408923875228,2598.459428908007,590.1126930054244,47.5279789971361,7.085531492083058,0.2298798127412366,0.18647366361449913,0.3325106608063646,0.12329979759782186,0.01584860887710573,0.19190874526639456,0.0,0.2567015426509197,12.972088322377033
5.514705882352941,0.03717190897342849,0.01603207270565616,0.0,0.008264037774321243,0.005735520178465698,0.03810473481369635,0.04051594782367945,0.010070184456537698,0.004312978113469924,0.006960445372068932,0.014080815561497474,0.027942403396059565,0.053225905255987346,0.05747834973446897,0.03338960183255415,0.0,0.1434781801681982,0.06828398935347513,0.012327240093699178,0.037086235417899134,0.6947090997835463,0.3588390936732362,1.2685123389909725,1.2161940916625684,0.41573562847311724,1.0540130909743648,1.0032243561409009,0.37147533428879065,0.1538295256970597,0.0,0.7556485864691618,0.5108735542487963,6.350849613494809,114.91165686895013,640.613274253102,342.061469352432,1.5270427704484217,3.6323946978881434,0.6850142178236552,2.8761580480107605,0.7049111992844436,0.11314866824309724,0.12957374823188067,0.0,0.7900379759556039,2.0087189182761214
5.529411764705882,0.1353941159622068,0.09994705316329466,0.0,0.06282561496757037,0.029622058088426793,0.02849659800614494,0.01108884491967624,0.02932403380276516,0.025831512975709636,0.018168152900651408,0.014640970705640903,0.019260325094452295,0.044446370035046305,0.07951883238405955,0.05366026671912505,0.0,0.01871680135480642,0.011204501712892636,0.003382142400352581,0.04966176507926424,0.8274257841505296,2.1206508578205487,1.4349178134429499,1.1286476597941468,1.7158575448453623,1.71956399685217,5.151434134838408,8.700388484428139,3.9010545247803163,0.0,2.8639615024270944,5.664999771652818,3.024830277515834,0.4610015819048073,20.258930496330166,85.71020016526532,53.27759725147867,7.501283919059509,0.5972101645631558,0.14173838906970343,0.10692587711640357,0.17774992967837222,0.39959852403021556,0.0,1.2682946124053336,2.248562919054375
5.544117647058823,0.02904141715637143,0.015508430474615736,0.0,0.04919257524543498,0.05290414916561027,0.033426624264440465,0.045890054255786225,0.04081164593955004,0.04384237195206726,0.05034006898461205,0.06972766126202679,0.05922523531698466,0.03661943399288689,0.010059205917675274,0.005688940367945131,0.0,0.0021843471696639163,0.026068913335522498,0.022910207747997006,0.07267761105836035,0.20752502586194704,0.774026371433717,1.0566027233949398,2.6207674548580115,4.281176690108823,1.3341930226626009,2.067590582073578,2.6492366668121115,10.80293890696542,0.0,9.708668791938482,19.698176902562288,55.24023327433001,31.102961597907658,3.9768149289306187,24.129934020622034,29.718717959370785,7.259008538388554,0.5682834996119248,0.25526717362888623,0.17159084344292208,0.07061780293226244,0.3212251516270592,0.0,0.9190600290613031,3.5994423609920685
5.5588235294117645,0.018749333667965332,0.011443610481651092,0.0,0.02939577863906741,0.034879611519140825,0.01785855924107726,0.027899529174020027,0.03899666353387893,0.023759340478796492,0.023604284323893582,0.015888614339856645,0.012643723193281184,0.01635728650311213,0.011124244451199038,0.010569910541621822,0.0,0.08312760835403869,0.1250166132704677,0.1735607026393009,0.13906116047765926,0.17337339998635717,1.6229490183940627,0.1610882890768771,1.8535851128076302,0.04193326681153123,0.4342310645562667,2.577559962242435,7.085806843854802,5.323534461499036,0.0,1.8449695606142436,1.2189294168820148,4.191788696307223,0.581171349095858,7.023190605749805,5.204525649407121,0.27579313098828306,1.9570634336050492,0.8320893583462297,0.016918103810387813,0.023039739906589394,0.13428323987042096,0.2707465147474389,0.0,0.18323550721096102,1.3768026651525906
5.5735294117647065,0.005015995962022776,0.025119006164971217,0.0,0.031695122340097366,0.03549157046155927,0.0343018560514155,0.015553348373021183,0.005386098692926251,0.0024323570306470418,0.014019453410350045,0.04729098521942712,0.06062790204430001,0.04847250120487145,0.01155682272262102,0.015789013631887665,0.0,0.05219331382253298,0.25755249803634145,0.4118903481935241,0.022998918240194583,0.7011931918909027,0.6794565344405914,3.184973086743306,5.9356919110468205,2.246538387677059,0.41339510099023746,0.08972912756163338,1.1262779466083646,2.1323243546620385,0.0,0.9064420881940063,0.15868473114815365,0.2630725494042939,0.31915837666912794,0.5612549090900228,1.1302952446988153,1.0293993693575088,1.4501574892075735,0.41678569529831655,0.008262273050980425,0.00240292723717065,0.0283565604614578,0.16479789543310003,0.0,2.332357270373823,15.220863675210316
5.588235294117647,0.06462751798456706,0.04489300098671626,0.0,0.04287570149022629,0.022702602739472905,0.012653721421764881,0.018847089375840714,0.04057932189510613,0.040879775713821113,0.022070715065280758,0.01205784839366214,0.022451487222750244,0.011664771110257818,0.021625818251183003,0.15995278413449504,0.0,0.39602767125610605,0.541672605186015,0.2230197383143142,0.08891110166765091,2.0457137954587994,2.47075539639844,1.0552928445974403,0.7560257678216258,2.259910535677058,1.2412552894014208,0.5049738060184956,0.6430107335816964,0.6857531512140702,0.0,0.14458637629353102,0.35743517533429014,0.06003034331200903,0.39226788235770454,0.7706736002827215,1.104928797316941,0.8350330319513951,0.16009371173194975,0.05661544408992031,0.020874153384428617,0.0068249176559985174,0.013214342041798246,0.31336249019520057,0.0,2.207940334139096,13.538686153915851
5.602941176470589,0.015180971935729976,0.038228988843420006,0.0,0.03450408099358372,0.0014973194813735146,0.004218555237792708,0.02524592307198915,0.021765793138731608,0.0029307725329747545,0.0026771886237886597,0.007162617435264952,0.012098640017966912,0.06110220160201631,0.10976229804318298,0.08919365760480912,0.0,0.10296761976788144,0.354896809255805,0.5077535554840427,0.15267958368188442,0.6385066154818181,2.0517197888610164,3.411280938928437,1.0907468875134012,0.20016945885769444,0.23949201645544343,0.10392138024528297,0.12358559000397525,0.08134113287237607,0.0,0.03736125105304301,0.024768418431706525,0.011762951565506944,0.013493202956852232,0.0077194210914212835,0.017004062721514477,0.027930813393177992,0.007208665557265956,0.004982480719916863,0.0035053940988657587,0.008684091106152605,0.006236986567358598,0.4709000920327424,0.0,5.4036307371417,1.6061842204352774
5.617647058823529,0.04370864947910322,0.06515228872412565,0.0,0.016303484618120253,0.006527440767484655,0.01284267347204291,0.00665741938341199,0.00825294199515297,0.0037864598366687445,0.00551366190918702,0.013001835658892721,0.013055452718741,0.003172969551143207,0.1368026107915588,0.5178423373740564,0.0,1.1650104889324526,1.4644930240370306,0.04290836542282431,0.9047864813262028,1.4218060070623568,1.5161821857387885,1.4317916846379646,0.24967644442030182,0.11381814110022995,0.06215633213345091,0.030758387455153476,0.021557164135582486,0.007978063940263763,0.0,0.004064367945620196,0.005566168371955414,0.0020534768663831677,0.002707483939135385,0.004288033380339814,0.0033874586877632043,0.007130012371981142,0.005168424577486645,0.0019141662502652967,0.002400967548864921,0.012982802574148671,0.0068367808491403125,0.3839929261517346,0.0,7.493709725307699,18.89521791868284
5.632352941176471,0.05758987639265403,0.02721984806309973,0.0,0.023383624717554487,0.01731763532916539,0.008644284252631616,0.007493662360227006,0.004208088988365888,0.00249804839412984,0.002066256408989734,0.002899602387222556,0.016719784822973042,0.04513193762398307,0.06733596656311523,0.03805044969625973,0.0,0.01822203825273927,0.5374686865957371,2.4323020289673796,0.7427326296803147,1.083532105562088,0.23881940011622727,0.5107461768912902,1.345081604387725,0.20840464940668074,0.016754966621777098,0.0013648618120739764,0.009196738719993106,0.007561687744441355,0.0,0.0008291454932952133,0.0014390617284359992,0.001494736498441127,0.002889911243802893,0.0030486374485322364,0.0011212500788105111,0.0011086896971868492,0.001320066459835052,0.0014533990061555405,0.002558988043067743,0.0022456966317892296,0.04317953579558278,0.9012958109538038,0.0,8.3451119023764,10.98693220348796
5.647058823529411,0.060654775896412425,0.030099578089871765,0.0,0.017597387881282765,0.02267491250300678,0.014329656220391172,0.009622994604394646,0.005825888398771548,0.004321179462877505,0.0035931884898593737,0.009305988049860103,0.010764874303613827,0.0013014672922900688,0.05048245656504005,0.0577196254281367,0.0,0.38045851851921425,0.6483006284443814,0.018815152946461872,0.2533904512767198,0.6387317621366525,1.8994227739312253,1.174536598831983,0.03953220226929942,2.190432169901306,2.0030208886720184,0.5244803411901973,0.06408232231045392,0.009939736187276761,0.0,0.0021426044772363943,0.001646417228173969,0.0009165737053625177,0.0017508062381963439,0.0026899429993257574,0.0010783878796642326,0.000857686871510996,0.0008942690768747289,0.0027229217369608913,0.0028362612834222636,0.009275728630222076,0.10370894592278561,0.37228268650475144,0.0,6.401542085414411,13.611928162874145
5.661764705882353,0.007558481104443841,0.011742802608087702,0.0,0.011139595432260707,0.03291978859870506,0.043038246062222014,0.012244313035794846,0.009333019923193638,0.0033359460322901456,0.005581131301446156,0.0024587026833175173,0.004334009378897007,0.017668494938843503,0.08604052612603333,0.13741930344104938,0.0,0.07149431009040708,0.05429215610103276,0.10767374005789317,0.013428191119414831,0.2623192731646182,0.4258213128094247,0.1962897485105004,0.49686605088978075,0.038841392963429554,0.6559045587704124,0.4621869735091992,1.4832370489223672,0.293390611381556,0.0,0.027927498346023143,0.006034004909265717,0.0023659725081484396,0.0018329006303161779,0.0028925074784427428,0.003651427258311532,0.0017398536798142652,0.0016232363706340431,0.0029614855930403653,0.003329188337669,0.00808173713691765,0.007284372240752383,0.13464957658384888,0.0,1.243080142355484,9.050983270304181
5.6764705882352935,0.07830080748414256,0.047352458662471536,0.0,0.017950991976015393,0.009320068019870448,0.01666057523596555,0.008846544593302181,0.007898723230378159,0.009782545589478683,0.0023212283124339254,0.0032867273141247975,0.0007724582173942097,0.005247025138971685,0.004631823792290768,0.0564452385151233,0.0,0.08844618620764415,0.018090846175571607,0.06229664931469936,0.036082692534649755,0.4564593232640075,1.364095764888674,1.5104843546715752,0.7156167463555722,0.7676451557731615,0.24973772523746965,0.3758322461611803,3.862464201199961,15.57145405415422,0.0,3.970454722346496,0.1843114289933112,0.0248187821550932,0.008808011207412519,0.002972923719814244,0.0020427512660465873,0.0009018905928184167,0.0011134495281897672,0.0017192157849617098,0.0014613994657243726,0.012521506276702503,0.09512635664648703,0.14894529806645218,0.0,3.3706035378790116,36.89050313598099
5.6911764705882355,0.08619978325984869,0.053853937552521505,0.0,0.029423513200404046,0.013954691223228448,0.005905516961190478,0.008803082202269188,0.003656497530226697,0.0023997348202014976,0.0014393459365685947,0.0036719422268911986,0.006109779233366089,0.003999152814962989,0.011838868321403996,0.024296187788240886,0.0,0.046160873054409066,0.015150552783917852,0.08896159062002262,0.3299529089726649,0.08093849862687583,1.5594333725861351,2.7703695358929243,2.7682345759333087,0.38842355135905077,0.8672090878838092,30.70218030969918,128.7472156170972,145.75344422002541,0.0,95.73809752121178,19.275549727293104,1.4676733600659606,0.09333025832043963,0.016286610947303687,0.004093281998959773,0.0032189090648000224,0.000559436833762506,0.000589762514779406,0.001140331424293789,0.003583241558175746,0.009571735469278664,0.1426522125859482,0.0,0.7370712287272266,30.58498094770174
5.705882352941176,0.02086759257282807,0.012531943474097086,0.0,0.012047839589303916,0.00264904379484339,0.0027310034147905505,0.0027268026454308402,0.002695715641427847,0.0056492184419064595,0.004062442903541505,0.005113341582520818,0.0077653445568295065,0.006060832011541235,0.008044286358426557,0.004176510437283949,0.0,0.07714167076781465,0.32083632666339357,0.7045974690199566,0.1441165135967739,0.8033147969615153,0.49067493426693853,1.3276218834765576,2.6909035926690787,2.8013965428452794,7.737169420571254,10.649608686453783,23.06484556956068,30.03649517667108,0.0,28.108670829633652,52.39921179403524,31.306331861038217,3.308629933899629,0.22548030601663827,0.0007373935826346825,0.0033348950204857807,0.0014184502183627722,0.002553571290353718,0.0016116558448893534,0.0042525767305404295,0.033366444434670704,0.2193055689204491,0.0,1.6521847673488772,19.233505359661606
5.720588235294118,0.009498832675501225,0.006288566264296403,0.0,0.014355433118814858,0.016937375474595163,0.008619421917785412,0.003107391126825226,0.0057659762165227935,0.0036180013237407807,0.0033216764216767256,0.008112235296220374,0.004161884413936339,0.003268985059415885,0.011403172730062184,0.008123968769542219,0.0,0.003950200053700777,0.020317685224502776,0.024521377997660958,0.3100028922581348,4.742538367079051,7.709585959612038,3.5118993603322046,8.449606758701442,8.550142345264312,9.869651551223185,11.890753052636304,7.011258880529384,3.1961911294236875,0.0,0.5781089539839328,2.592854101575978,0.8216342733681115,2.3829494708409777,0.994033519970978,0.024048232353921173,0.006641280214940842,0.0022249993463633313,0.0016598005909785694,0.0027542313978245313,0.0022903527882723916,0.007626148997494755,0.040764999467003134,0.0,2.4104562322466108,41.8246615821798
5.735294117647058,0.0520277938015998,0.034385958615144596,0.0,0.024250790562352978,0.04037848508298052,0.015096731779419753,0.005450526255256516,0.0059776743536279625,0.003663277532290594,0.0010431985376721463,0.0012479988932966402,0.00566634127814158,0.0045570674981533985,0.00798244218296594,0.028388085250112296,0.0,0.03712964022893832,0.013917566266220127,0.07401285799511362,0.6233473595044419,2.103828503248095,0.6547407256377548,0.6792251727386314,0.31600225587313435,0.7369191963439322,0.1397432991002388,0.8812939336740782,0.5197404947439226,0.1756483388521295,0.0,0.44401871585236363,0.06657653209812256,0.43896772495312175,0.018488538256642675,0.1719747308997817,0.04470712824599385,0.002766500672828581,0.0005781144153960379,0.0009034610756905308,0.0029179505441682503,0.006545198720023951,0.05401754062975861,1.5671595715283988,0.0,10.36009920172895,3.183110702433002
5.75,0.036336094947786515,0.03560441707753908,0.0,0.032056279077278885,0.013817922073089031,0.005580844723038896,0.007615803822087063,0.00660886442867692,0.007867173909956355,0.002242081450489467,0.0054050355892552035,0.01279315295051782,0.007770865624095431,0.003894982842401998,0.04250705363150495,0.0,0.07535031649551316,0.04518531964372921,0.23069500170039414,1.2097760372427353,0.36317831415552504,0.3697141545119379,0.3973547672904437,0.6560209484331354,0.6485275089227351,1.7040349236297532,0.4124636872472647,0.9158813834439968,1.335076620374538,0.0,0.48083853194599335,1.3153204664098848,1.0998256456640698,0.15047858888360005,0.05053843263137206,0.01792493353868073,0.0011050481314532768,0.0011484027314216886,0.0006948446386749377,0.004492704769689808,0.016297761819840526,0.12136204748436215,0.32070117350863564,0.0,3.090976218468295,8.667978608779805
5.764705882352941,0.032983509579910135,0.012847744581161552,0.0,0.00861815424289044,0.008786128025993448,0.00723378195625626,0.0036403893040778215,0.0033511229904304276,0.00532585902451661,0.002887616066107148,0.0056372770554435365,0.009757943416131372,0.004571757293720193,0.0071567847660477,0.031146676517466238,0.0,0.05798291554055795,0.02681003677965147,0.056399609560423,0.6974630758656055,0.5334460781092555,0.9006868484106398,0.9733851288293851,0.012160939005076133,0.4151916405987987,0.3228892096163495,0.08296824158192811,0.4359819824729326,0.6262754414042475,0.0,0.8719377664742918,0.7138716038105111,0.40176235363841717,0.09251863636568047,0.006347381269333964,0.002006315547078375,0.0036765892902173177,0.002963081961759702,0.0019736058275268095,0.0027159089549398407,0.003297924404453086,0.011488156444669988,2.074994455449274,0.0,8.417565121534931,1.340518392247633
5.779411764705882,0.008393159136765891,0.049902622473886805,0.0,0.043422331635123324,0.03375489516865074,0.010965528541574824,0.004629922180691385,0.00562057784992741,0.004227872823317517,0.004669678682011261,0.0036582167379150014,0.027807682203360454,0.03743155165064847,0.01800999361710571,0.005073048943068934,0.0,0.00934234307232739,0.015696927937888305,0.0662915263981732,0.16991024316284212,0.23665180114393716,0.23454235122837186,0.01854918033184482,0.0728954607665205,0.021886518957259432,0.010381227971565259,0.028502139090612305,0.13648976298070925,0.16041875682554804,0.0,0.11781468442112739,0.014357593221174173,0.003469686119385142,0.004449294278869344,0.0012037214247710903,0.0009105283625919552,0.0029249966527115515,0.002944545671381221,0.001570682031388351,0.00020242734540581005,0.004794995560172142,0.04638092097469783,0.8603614402738935,0.0,1.588850635832034,23.91799904537735
5.794117647058823,0.013870537641262101,0.045700586353558344,0.0,0.008688698109743029,0.019734143692746387,0.013578805152167382,0.01450512785362873,0.009982849429678238,0.0027372060436843993,0.0020142510777334316,0.0025337124626311986,0.010920087092980556,0.03299954886957697,0.35616344088484897,1.2505745070023766,0.0,1.2624242834216015,0.24056086623424583,0.0765045302340361,0.050796717849053666,0.2216362489301713,0.19318572581798762,0.35220548639342786,0.5957518529037173,0.17108145429944283,0.026825302721095658,0.014410377644049344,0.010292181001253774,0.007035184452709109,0.0,0.004767327540161377,0.014854659158558168,0.017459207280158293,0.008408814405913853,0.004687378822915758,0.0037684757574572843,0.0027474542196709024,0.0020730300362176925,0.0007690131409292709,0.002740806676849236,0.003660061681181488,0.052136366466320694,0.19175284264153739,0.0,5.843977359580768,16.12886258692264
5.8088235294117645,0.038427919377351606,0.03297440672661532,0.0,0.02436642357057736,0.008563466252763956,0.0035497093185447633,0.006558860713632991,0.006028086169784331,0.005676231608500747,0.002716445581252579,0.003476839421786317,0.0023519076268074457,0.03829203778019816,0.11133816586245948,0.06529624241787088,0.0,0.6756234720486146,0.2833366769335335,0.37343546311483977,0.3745424552570028,1.01730191344585,1.363118778348813,0.13622896271529283,0.12560714510209886,0.004263674548431947,0.02604628204845249,0.007881354346226558,0.0021847321225575726,0.001464153971735061,0.0,0.0035382310302102572,0.005233582644416791,0.0020653134197022955,0.0005647053600427964,0.0019492741106764883,0.004228510539259945,0.0029485040987134803,0.003666492517472414,0.001214809084568405,0.0030758927383327,0.025329762963841103,0.09267484207675884,0.27277559655193784,0.0,10.534348663342433,19.812938912819597
5.823529411764706,0.028681606714483145,0.02218663308123746,0.0,0.0050665424522992825,0.007581499474902666,0.0038360677965177756,0.002923009920557018,0.0015126238646810054,0.003967128677434212,0.002959409558532481,0.0027601695377800746,0.011870832929873277,0.0027199306734952745,0.029005252090103975,0.025612452479909766,0.0,0.022167670910214266,0.12496981290788414,0.09369994630795182,0.4753672262451845,0.7329205644294976,0.45899349125847944,0.008580376686316707,0.2216100082827865,0.1579497113458475,0.04387436251487165,0.019200218646603998,0.0044982679956307985,0.0018658997315031526,0.0,0.0017609145291405846,0.0012468989259763533,0.0021910038502413695,0.0017218703800926452,0.0010450811455248207,0.002221583732007668,0.0021291381529898283,0.0027055379126265074,0.0012297714079070054,0.0005706788376810545,0.002833577106217698,0.06421640389015387,0.35164148919884236,0.0,7.764122395761559,27.46995812746959
5.838235294117647,0.04160702488010025,0.02961205275319078,0.0,0.040252086961887895,0.0410400965807117,0.01512154577194404,0.005711656667682536,0.007473586411443188,0.005780957713504467,0.0036444761374893973,0.0062100316333597045,0.007529768374636604,0.00908288569168135,0.027480734574214842,0.027174995275927614,0.0,0.09057751971948295,0.21346965647510335,0.1334282112149821,0.3917438544522902,0.49003139418664854,0.23459595224810084,0.3606919127216548,0.2760199310570981,0.10235775278367894,0.08807572501947168,0.0296213010020514,0.0039250966737792905,0.002651430132293074,0.0,0.004172985782648185,0.0032569501684833126,0.001869440831883363,0.0067734079028087275,0.006385869467086735,0.003166950295112295,0.0017607367711699813,0.0041176696960697045,0.00241690190251424,0.0064236858771677535,0.002702764710985006,0.015797330198545935,0.34580238974045696,0.0,4.459301228531688,76.6452695880462
5.852941176470588,0.04132243215161946,0.008318442675821306,0.0,0.0033841152711453445,0.004205569878410747,0.0016045311229281824,0.001554438692044626,0.0017843171813094584,0.0017296164137214098,0.004781342422878308,0.0067921528000681325,0.0020247049411885906,0.007607848865598742,0.0047466870537353646,0.033685296361285345,0.0,0.2295099140161404,0.28472721024281933,0.25632223038620905,0.4712599305072124,0.24892700782333388,0.16422636163637527,0.09402259285357534,0.07827047587544007,0.10457485505115016,0.06568752621748064,0.008282377146784058,0.0008638534055445552,0.001138323482471473,0.0,0.0009441584784624289,0.0014429532832762836,0.00210923454136323,0.0015715175523850259,0.0016340977906577343,0.000863967944149241,0.0015240949559891153,0.001996556329772245,0.003256442762347063,0.001353286053212985,0.0040205276249276525,0.012761107954990782,1.1222454425504362,0.0,22.09611756564985,60.74721509490492
5.867647058823529,0.029776250798366703,0.022533273686132314,0.0,0.012148901969652275,0.003423212570718334,0.01373406199555907,0.017512599361705815,0.012696743713413453,0.009978592863970575,0.015165593610265145,0.014097632485156789,0.004824953859649488,0.0023217078594775283,0.020052645198385566,0.02378816961595759,0.0,0.0432986524138194,0.023251170724763674,0.06863189341148027,0.17329927820653213,0.1941169676784463,0.051892295192123655,0.11003424335778829,0.0966279870550722,0.0646556650415816,0.02441966433495573,0.0005905647879938252,0.0010531610190145236,0.0009394980657605572,0.0,0.000853168972415165,0.002889611369816256,0.0028789377565076758,0.001365152540892125,0.003220936770751381,0.0018411371953649326,0.0012354812700463632,0.002422378028563749,0.001347302811098447,0.0006127300560456908,0.002422783559964346,0.03818926058209365,0.5164625847539228,0.0,10.943318590900262,22.024826795099422
5.88235294117647,0.02763920782214052,0.043626767930254,0.0,0.02667204500954783,0.017158886813081756,0.008650184067538065,0.00604699208264514,0.01081127945248682,0.006947129410710306,0.005171719282408313,0.00417454342666267,0.0011111117743160196,0.004613259357462769,0.008470070757387047,0.01938059482595014,0.0,0.01839858973586471,0.04805665962796346,0.09707888343526899,0.19920069666624252,0.33725565779690037,0.515801937423533,0.2885650153537195,0.0809676717975697,0.01426446672188917,0.0026083664532024504,0.0010832374883168014,0.0008745888574164559,0.0007907914930384299,0.0,0.001102009390697046,0.0005654483613298783,0.0006840905625583246,0.0025439824077110275,0.0018218044396212689,0.0004885467106349075,0.0007735077497747267,0.0009096377664655482,0.002973659081670954,0.002862479585336258,0.003563855208329937,0.011137568679193206,0.09032746197971175,0.0,2.7267746866867855,20.281926313655177
5.897058823529411,0.059819609600814797,0.0367912235306574,0.0,0.015778014308897755,0.012319133369131631,0.027059654856749278,0.022536017285046877,0.0090457936624701,0.007797271438812872,0.00725635363738027,0.00853179486176572,0.01282248410023279,0.01816126530126886,0.031706888916092225,0.1624624497758293,0.0,0.1564418140908736,0.02774809442736778,0.056264525365196605,0.01309147582940042,0.35136607451052804,0.2798357423603296,0.09150346495353286,0.03341545403257548,0.0037845426945397813,0.0013266212944088144,0.004181458655141412,0.0028224761267480695,0.0024623714136910823,0.0,0.0014077289660141715,0.0008856857581444954,0.0016880760378423618,0.002059989725916677,0.0006602049260330758,0.001099006899816792,0.0011467981891464445,0.0008813789510453073,0.0009653947437689665,0.003459507211749198,0.007657961392998721,0.02741099699743418,0.3052089363097384,0.0,5.093611676007298,9.45846582313486
5.911764705882352,0.0193237003164805,0.012770641301290376,0.0,0.010168625515603583,0.006098733966861853,0.004590890349386994,0.00983989088177472,0.005365118147359688,0.005340065290470911,0.0045017991556240465,0.006371407306360082,0.008061700427882035,0.008592527771011018,0.005128541145914173,0.021128409477607992,0.0,0.13144533818276113,0.07435100781558873,0.03645223583585655,0.0901884513531755,0.19626916833130514,0.3356759017512588,0.1400329505764844,0.07657573399331326,0.009304569833528845,0.004635258118446511,0.0020188378056605542,0.0013617815356339498,0.002457268323610807,0.0,0.0032193177498295615,0.0017418562830643742,0.0008042378439104385,0.0013155534642977098,0.001452309809347587,0.00028399291533676884,0.001495548923131112,0.004182592767757754,0.0026917538257489157,0.003213425698944555,0.0035657072289830365,0.03032935896909493,1.1090815487092112,0.0,16.234479456142687,16.978188319251302
5.9264705882352935,0.02384509891319054,0.02618848902863782,0.0,0.03472382912697929,0.029768986189499094,0.023732700696555854,0.013036090482050684,0.010808199167042693,0.007967711515874911,0.005829391751695342,0.013292207165839436,0.008623182950906834,0.005384685918979414,0.018985002901913302,0.016975915572952898,0.0,0.004604098532364366,0.03367401892529166,0.00925168511777481,0.04951567353268708,0.05818955978526665,0.2108780848354233,0.2098562543182734,0.28863944906694655,0.1356108380303646,0.03456933379969624,0.018172073473734784,0.01734881452432281,0.01613658883516613,0.0,0.006984828576308452,0.0025386087335604194,0.0016412567490248636,0.001964217804969765,0.002134804623306608,0.001977800423374116,0.001077449766928773,0.0005611118525079362,0.0020024705653038585,0.0027646317754367426,0.0043942411158643,0.09935710012446597,0.30333678115880375,0.0,11.4930463441997,46.45151496292848
5.9411764705882355,0.02724966002527056,0.03997155148608464,0.0,0.03764145091439391,0.06415055301539713,0.022052168920677562,0.004475136781280111,0.0031116382029521238,0.006480235409891406,0.00814075907093792,0.007509399996399477,0.013188859463078134,0.035272737783285046,0.04560179506306676,0.024014736864263565,0.0,0.03867698978599576,0.11199402847198428,0.05501059378943153,0.13777057841365226,0.32660522640359524,0.6080068310564812,0.4900704950887107,0.27356671103832075,0.06123057484236567,0.02212394800478755,0.0852248964526137,0.10383462655938443,0.02728834024358081,0.0,0.01376924410227387,0.011517767647857408,0.006906892992166486,0.0011310854906224652,0.005377198174771845,0.006772003259660488,0.0029995952249009406,0.0009578962913071314,0.0011749596932641069,0.003554833166040492,0.0019187143058113916,0.012620438641225511,0.33703461136012713,0.0,19.01841804541032,38.11324849961558
5.955882352941177,0.01527386245197922,0.010424782722819485,0.0,0.020346017941673598,0.018709911983403826,0.005462465371960798,0.006745399605181602,0.002851483530808919,0.006539268620438925,0.004550860181469248,0.007023822349387993,0.003531424481766246,0.010999297750034265,0.028444727740011916,0.01773810874629632,0.0,0.024259492913541274,0.018421346045236688,0.014507213508157191,0.025956583658785466,0.3278856289415424,0.5810757196586516,0.465181606024223,0.16385487997535056,0.06250533300402947,0.12277529406133701,0.2532349644518026,0.22839676017226718,0.014808541295736995,0.0,0.07912581578806738,0.00793990627558996,0.03367590513282875,0.025199825579558265,0.04052405631618442,0.057208371905530964,0.011089796656051115,0.0015778602104972235,0.0011811747574567747,0.00339461666059565,0.0022632433630110464,0.010916894016434317,0.5504710014855142,0.0,9.068659393237304,12.872594166086568
5.970588235294118,0.04307621705863069,0.04859752838672887,0.0,0.0341386918834097,0.03275010547573822,0.029130285064592948,0.011322631701604165,0.0051451119398212624,0.008597461585154214,0.0032304905083433985,0.002003082694017244,0.0029278877467655935,0.003737855970118322,0.0031229940562129774,0.0028404616454017553,0.0,0.005507378971053687,0.020879791691151867,0.054087198640610366,0.014947160281234812,0.09438753184965748,0.6720618435597037,0.6890645019201509,0.18514088623929473,0.113028239679071,0.49699407796395845,0.24873380719821325,0.19749870849255202,1.0802755804902535,0.0,1.4526018989992933,0.6809442616063162,0.37582449901856785,0.03692220495556789,0.03272562866316332,0.10654656234255022,0.04581552379161992,0.00875600392173785,0.0013045206490811478,0.002216653739913023,0.0058857682529301555,0.010154519761896085,0.3756359078558897,0.0,2.846909983303994,12.45930420492018
5.985294117647059,0.037703139859515934,0.026515135843785106,0.0,0.011743163004351739,0.0038632990179084097,0.017800764054407694,0.009516291538952334,0.0018064452593407837,0.002369252932803527,0.0008164179071062887,0.005038413321675211,0.004459861712314846,0.0037054530898165032,0.002996518702964434,0.011847961826400024,0.0,0.010103521508506765,0.02132106917018926,0.062047224073213114,0.363775737870751,1.6535902466860213,1.287490307311593,0.44048008397040317,0.06678751986176062,0.010072339893132946,0.3212402523312104,0.5945522058846462,0.36846409573013184,0.1543411361513955,0.0,0.4344539595086914,0.338431770898149,0.09109609128031106,0.6215740761960856,0.16147018106544153,0.04375014160331937,0.044502215710234015,0.0050807493224949846,0.0020835082863294788,0.003517777442981671,0.0046246474058256725,0.01602923037816913,0.13019091497263807,0.0,17.79273431923258,119.46625964540205
6.0,0.07186250000866662,0.0393919390537964,0.0,0.035573575683822654,0.01662942083648785,0.01786129512000453,0.03136640512760088,0.030778058106857322,0.026139926921267143,0.02456308648809784,0.024435196357548105,0.030290359641986085,0.04713694055671721,0.06144319338180789,0.07819738442208524,0.0,0.10662360449550379,0.2037250150048988,0.29636621262298757,0.12661995418209515,0.029467575718507676,0.1324439443350356,0.08505134560611623,0.21168775522057198,0.4942578087593459,0.4699139079159911,0.32434466207806034,0.2597343111810644,0.17106961497323747,0.0,0.16050130025126255,0.32978519695976616,0.5436207261146563,0.43390087635674485,0.11949298878716105,0.08278574105404388,0.18076850682188325,0.20641283845407404,0.23781893618578076,0.35984646061963793,0.5308757650935128,0.8168367295267637,2.1445868412456983,0.0,1.7054174493626852,3.7012865051148602
