time,0.05,0.060000000000000005,0.07,0.08000000000000002,0.09000000000000001,0.1,0.11000000000000001,0.12000000000000001,0.13,0.14,0.15000000000000002,0.16000000000000003,0.17000000000000004,0.18000000000000005,0.19,0.2,0.21000000000000002,0.22000000000000003,0.23000000000000004,0.24000000000000005,0.25000000000000006,0.26000000000000006,0.27,0.28,0.29000000000000004,0.30000000000000004,0.31000000000000005,0.32000000000000006,0.33,0.34,0.35000000000000003,0.36000000000000004,0.37000000000000005,0.38000000000000006,0.39000000000000007,0.4000000000000001,0.4100000000000001,0.42000000000000004,0.43000000000000005,0.44000000000000006,0.45000000000000007,0.4600000000000001,0.4700000000000001,0.4800000000000001,0.49000000000000005,0.5000000000000001
0.0,30.121837162658544,24.721685010767406,15.755499195879803,12.884905239541418,18.297184294309645,19.643582360851248,13.391283305492067,8.348408602901062,1.3035935789068858,3.0225461988912397,3.5597560289205705,3.5369973102846552,3.2056426348417233,7.557128310697106,18.65401769885332,28.975638283510023,29.85390263317314,70.78786471311807,196.4057647282787,253.6285288587775,145.7137656789082,37.13822733658908,7.290413181699316,11.28355354006318,42.281690951137946,94.5267032841636,82.67622544579773,16.66741165587394,43.26344427306318,261.33402278398046,985.1261921627602,4962.426913497411,3887.47282880074,5617.301657470819,7596.102385898532,9081.439908844472,8416.805438773034,4916.212616200212,1432.4829132461423,157.49710982591318,48.47856222118822,29.966887887028513,12.598848872655765,5.75093563876712,10.754734630153465,43.251130116728575
0.014705882352941176,20.142062399393367,22.45920394083239,4.594457430342035,7.869781669078564,9.45643124265531,2.6779144863499322,6.2958125628537145,15.909051795930607,12.185578864836215,7.623848634754637,3.814132019712545,9.51939032298911,4.494761116069258,11.690320402511128,19.29607839474385,17.974190471613248,22.80546326444229,50.209899612270064,68.88710565504925,679.735963088896,270.63888678372086,21.692496838513122,32.23034469631352,27.582751834138193,7.471076627258153,52.85321854206284,108.32320076386657,217.20321899356824,541.0987767058618,1622.5858904208246,2212.3357267340816,3231.5067040210088,2636.0536982454423,3287.5218568843993,3958.2063920663154,1340.1652215446086,6966.276937687129,8627.392305481251,2997.8212486757825,57.07464314361079,3.3510632230454727,2.6725436732138066,0.7632873230161173,2.6940031780740274,7.540169789778188,44.47899073477891
0.029411764705882353,2.7477436736006933,0.3013511179236166,3.383751580486802,4.377241239884501,1.0582776914082512,3.602546946621417,4.579209634113138,5.45661683241614,2.6424128397187827,3.1214034648935085,2.7493285433389834,3.2206231817283912,4.226744569835421,4.112964603647593,19.90003657903111,7.531809600779755,25.488455302504846,71.80158794469183,32.83807212777466,289.7391224828508,1323.7661435055961,622.6608044335128,175.77474153360774,154.78784640714164,209.77410362591718,105.1377345131464,10.154535219011755,95.48800566573865,350.91321243046764,591.1806197550914,425.84629294706696,1462.4098259245056,300.1121271684121,35.11959668866088,100.74070931569,21.006645007670947,1313.1378442616574,4503.340905501992,3229.475657484633,309.8991966848737,0.8124369684348269,0.24626383279715774,0.03246793136219503,0.14504570389244725,25.068437446989208,139.49627984463652
0.044117647058823525,0.7544617280931957,1.3850402430947197,1.38719780523328,2.4935897777755844,1.310581574550714,0.8973180757186889,2.3657734615807557,10.559616981594115,2.994001432326041,3.9144975914074007,2.7768480167513445,3.5195659651718296,4.185298630782281,7.068222047265545,9.331735938999183,7.606831515700507,17.41781141445967,6.1919278405222045,8.954748056523517,8.528814677667519,273.6861049598066,1685.879928645834,1202.5356162720027,266.5348348773273,17.124348879321555,157.16609298410827,140.22274628512488,27.520582878919953,62.990117441416615,76.03627009751526,64.30371940128659,234.9473425867787,290.1091691299424,55.75370199130647,401.61118023994663,204.54350369345065,568.9937735277813,117.23520792684279,501.45382618234703,103.9022287367326,0.7536270362185172,0.2368799315181667,0.3763304168868692,2.2341800775653513,12.856828525243092,77.76261837114127
0.058823529411764705,0.9067363517153761,0.7330843276543157,1.2598420843814346,1.3240221812492563,0.8928169137796405,1.5218876044950893,1.7441800410560306,11.190908493397448,8.234956930079644,2.3687647816651585,2.886331768721282,8.68275576575533,4.210219570515597,1.7293514493049402,2.1093503247109284,8.441149717032088,19.91809638346446,45.48930887144994,97.18517162418064,36.96242240325638,25.216566826958505,191.00139130427425,1644.656158254967,950.3083770805582,59.92341125497901,212.1462052050995,328.26444034413043,699.7023522557641,304.3544581323212,627.2493213323337,282.70102891124844,292.78238226890517,86.01616372817838,477.4552393664997,695.858400635437,78.84931676196123,136.3513050622089,45.65408972704233,39.44932910657675,3.704537616809257,1.0124435452517713,0.057766084936024566,0.38374400570514344,1.5410214301567455,10.069989116118624,114.82601985223216
0.07352941176470588,1.4758094523330063,1.6195738086208205,0.569450696432027,0.2974914722700095,0.25991298795860285,0.20787299579424576,1.0841630578178478,1.5373460569422541,0.8624339366423458,1.4901649069701746,3.3818678903675683,1.4129552228545859,2.2228330805899903,3.9306094429739042,3.1264232845460738,10.002901162532304,16.557270318850954,11.661268548755665,50.52326835539591,20.237432450994973,100.93427029425268,98.31272492629688,512.6107347002828,3601.4752995084464,11240.260380113896,7186.86326870796,1343.256020497595,890.2326400028879,598.0601226662574,554.2454716758784,1417.4147588840947,2432.525122765702,246.3988139802184,21.910572184097443,84.87422775880866,321.73358707103296,91.90708872172493,11.565424688773671,6.904778366251177,0.3595005061962896,0.2508720964537536,0.2002753726143805,0.08569418688860554,1.4229777549009386,14.551639761037752,67.92473646359828
0.08823529411764705,2.0669491555780546,1.8284400944119594,0.8599960405276326,1.6410625834301795,3.7108882770437916,3.1588626257865218,1.8243186537941305,6.360710753289979,1.2374173677470195,3.387752665144554,1.3225525939173337,0.5544947204092671,1.6651233199708804,9.939646132745999,19.519646441427884,39.396530575718145,17.729773676230508,4.868862541781421,3.175360512553481,13.878007849176928,42.90002353863628,24.15294558096396,169.46534567688565,214.60685078133343,238.50385046864807,5904.440633376087,21479.62003333526,19385.283270105596,11025.822730339263,11667.729920726746,11350.715604376779,7300.222428977112,4292.82184754308,1373.050467509711,404.17974764518067,193.77802465688268,54.62424926681213,4.009489868436977,3.905478787605632,1.5560380713283157,0.12934069919346933,0.0636991388466002,0.009957741300376919,0.564792699569132,23.10096291042553,147.71617181816444
0.10294117647058824,1.5315636910358426,3.342453069957095,5.741789602542464,5.128158745712417,4.539561250500828,1.0832348349738528,3.387152515167024,16.20298247919017,9.494386288412352,6.9341129941608965,6.358014421330085,4.372451036950953,4.623742687467057,8.202074425268613,11.720438260137005,14.042825350225133,23.88846591538246,81.28342903903658,77.33430161734361,22.971068043511345,14.923463338568471,40.67007228359637,64.84759912579561,28.19265434539801,194.56616913912114,1024.222157141112,1660.6110026710498,9653.509130786759,23522.241079354288,12106.990744489176,24164.571513992574,15817.969036226299,11845.420798400826,10754.007960319752,14206.221290489982,8642.190039097935,1651.2685990527334,97.23276483998015,1.5790457098364123,0.587806374738271,1.7498044320803654,1.7215281203657635,0.8346813583326573,0.44799741847928964,5.599332297079004,9.04311741076729
0.11764705882352941,1.547009674290634,1.7474053715670217,3.3853242347799193,1.9037268453256095,0.6494395964262701,1.1782279026617846,1.4429808063820984,2.7984020933134524,1.464635115976626,2.9449867994937353,9.721261193130918,4.249802782305672,5.22738810634615,9.401075602145962,10.184476014548105,21.946212284715195,36.16220119751491,88.81625261985853,24.02058335882966,21.067674840179905,20.487315000300192,32.39859576427994,26.88518379382698,69.30257752505324,966.4904311765625,2858.177243258344,2507.893245838667,3141.831480282898,4915.275978749322,13840.026323831074,23297.928592004868,10082.976230794382,5727.182901969146,3226.6074388293614,818.3009506828441,163.2465478096726,536.0078418714788,97.35013967047934,3.828677787569221,0.1895638518518162,1.2962703666118065,0.2642392049452963,0.12094851388079562,0.4950664152595863,2.7351273111061793,4.611672773230304
0.13235294117647056,5.141528510115274,3.6886549913598508,1.440909649677637,1.4697336256927334,1.53153911305742,1.9353655717905331,3.7923164551704662,3.389967857782662,3.2530596763476707,10.026560289729808,14.19328116879596,12.915209132542017,11.867018390839931,32.29414352259682,37.65116444283346,51.764892436193776,397.1559324635112,2145.316281444392,1991.0386235251503,216.51175347144707,10.219911530564332,15.818227724905373,91.76248209314917,190.422504081883,73.00344233363501,281.30063389719237,769.542443536606,139.74049717351966,79.1833715905378,321.44916958094825,127.4764577266825,4476.066886560619,931.9667249554846,1508.173239409641,92.74721768800485,337.21627604623586,340.07287707668735,25.834505192180877,6.581606148135046,0.22039718310447987,0.067492545525475,0.06429639030648232,0.45212006175374975,1.352906393305495,14.330387478887872,63.574829924135194
0.14705882352941177,3.6181975142254537,4.86785256510487,3.761825522995614,0.3614114241988791,5.264335235810482,3.4296288263305748,7.029872419052442,42.96308533785631,17.738951698479454,10.068331877480643,2.526244907930518,8.267410744178664,9.829048555279083,12.846926616115297,22.565240630252912,28.654922620983275,39.791029483801516,580.304405207861,4429.250006231991,9661.64354860918,9468.424598692203,6855.089780101245,2623.9317017528747,608.789100614114,522.3312526419575,46.385550072550274,161.79653539344545,90.30376705622109,307.1172737463744,981.2488475125509,537.7050571117841,10191.416759980748,3784.723414742213,5563.062757776392,5675.435560585136,3837.8824274326275,1326.9051386236517,121.29786040787596,12.98739247632776,0.9220327845272476,0.8545555864184523,0.3240220066753431,0.22186721638001408,0.8884267515415694,5.386745042327296,35.751735120135756
0.16176470588235295,3.5291273666622276,2.1151046554960753,2.0119266316915576,3.8983975233909267,5.737276506381953,6.814801647361191,13.6767674343244,19.623442097021822,10.334684225714293,4.402261115992546,3.3670973871770298,2.234660436874565,2.926622126503406,15.781419188900871,83.53923088311464,122.0518760932326,97.30365372640203,13.180345623532673,78.93781880637658,133.04931598744332,469.4891944209616,5293.160518848667,2695.9257527041573,19299.80274457465,20106.39873073746,4532.079491314403,1221.7945333797002,1975.4374964974959,1375.1759152859133,272.07521274859374,666.385962658487,7192.726444785216,16246.09462116942,10256.161531982792,3436.5911455149994,3355.9754315831433,1690.7829963774548,132.26389723327887,14.202842836657172,0.11276318970428223,0.03484016176451606,0.09183487905606329,0.166303944921889,1.249013093080289,3.3512607294704777,18.457127279623638
0.1764705882352941,4.34139118350359,2.4312224411041456,1.9697870210340596,8.976753748245187,15.11963658934849,22.556453980001113,22.299980307507575,20.816706368780892,19.227105568413243,25.653947653051937,24.402285135387068,11.046845775947729,5.743930360901528,4.932081390640717,6.0704941328707385,10.00183366367293,13.473573480690705,91.88661448090666,133.14742186402046,35.260918499490124,5.634462798177536,430.4457023298833,1586.717502341768,1848.5396279776066,4128.634754347263,11103.952138361252,17968.565486239015,31780.44033345242,41468.5015880415,10820.685251786868,14779.395032317545,37448.6173044273,973.3015147231155,7377.169778827767,1384.6349975384699,2763.1300594191434,477.9609170662027,766.4362758754243,110.28294826732144,6.585683585635972,1.4024810014738651,0.9016186008780241,1.1978093859849914,4.129975544284061,6.090957779868855,29.33340012299281
0.19117647058823528,8.564385285316314,6.39309209864005,9.342022303397965,5.506877190909195,3.242339802993206,7.937838097458879,13.184685113153384,13.396830491876283,2.6962825364497243,3.045070476610516,3.49665271422174,5.495029395856333,3.1481434120397074,5.823312506018581,1.1550621654137627,1.0842583980471072,3.843103227244359,38.67929761895776,83.34442882147083,4.773125018033889,35.04973882276269,9.025796337462156,53.45676752686509,355.07843503886835,1242.4500214018149,3697.5352451516383,9201.401689737286,9713.216734421323,10463.53667646948,14535.581991820402,30157.229569805408,31835.79744745054,11958.635289793157,696.1313706013044,8882.161914875343,9837.088549786122,14161.5039890654,7931.794951081681,1289.229208795262,9.563142648571269,5.380852220987876,0.7840612257445856,0.750063982801061,0.28981146233028077,2.469312714063993,29.75571211818351
0.2058823529411765,2.938741034880313,6.094854633068472,2.4912938273084144,1.096038901670945,5.13292799299354,3.410067140257741,6.303605009464701,11.365111293765167,8.721213446081425,6.010868470163133,5.222720652595009,2.580334783973794,1.14839418167039,6.988765227916113,8.11947295662815,4.788377555847041,6.229491952935739,9.296567792667188,25.306475832074568,20.130990074157772,23.156440554913594,16.80974172243161,90.99630145605681,249.23872221775642,312.5806916445421,138.77261285278053,366.32750130642364,697.9401967406473,1144.735674977605,5394.108806087309,6102.100671856716,4786.176178940444,1489.476889609702,5745.474385895083,3977.2179549609073,3876.678552281357,852.7064770677216,516.2911861315829,293.4100405618924,29.053276905204076,0.5663607398673356,0.1822295417850404,0.0737435450709938,1.4108179054919034,2.5619503883679373,27.553842495040737
0.22058823529411764,2.2061500977292994,4.873309014283141,3.4512832730511,1.0866548172731563,3.521924277291476,4.643650781478069,4.1168607723712345,20.673652215721056,5.626726332051472,1.1792128330496237,2.62201700794583,6.613195498435864,4.07961458631775,2.0501688869664165,3.3935505703040345,18.483574854274224,29.258882625608262,4.32929734340809,40.06428735753468,31.19594122821387,3.784901729599896,40.23455404321467,50.02706458011413,376.5541451182092,501.39695821548304,557.2437064937521,836.6538405930344,458.5836722325835,110.39142309552119,1245.2362766893216,2118.26634682857,11191.411844673597,1210.8636130289815,406.1554843434561,2242.9396851489564,1121.3604611539536,543.7814448213874,336.6178138578841,63.49622917206671,3.8211485006243713,0.3871592838196787,0.2828072592706722,0.7821949596259005,2.290791247030497,45.432290590698805,95.96054715042385
0.23529411764705882,0.8105136947365181,1.1265323017097955,0.5320821446654525,0.3769010223045374,0.15766052630317204,0.713524817830525,0.9968723073141945,1.7722585032746165,2.713223054958886,2.870228369608948,3.176595326569011,1.555328824197066,4.022586461213573,6.991563141959444,18.406151859338898,32.961724656094006,34.62254820415955,8.250456454236307,8.164550926767337,25.34321970493769,59.93282067714116,71.45719882040245,75.59459031219869,47.80009635670004,231.79693257262875,223.8375522048709,10.822214592491704,962.3909834099848,1003.534203073649,79.08596516134486,1281.3795639253692,1375.7642120710154,485.75684778704647,337.9761439913759,365.9047643790125,271.17529525947094,414.23475632259306,302.2507816339401,52.67529348726532,2.8638419171111136,0.12715370936021406,0.07339830788739493,0.11481396234833885,3.808645263942413,3.5741235489658854,25.58386409702836
0.25,1.2671616467246682,1.1983377546741039,0.7607856886508134,0.9676374952141524,0.7754080606749343,0.4910098683809484,0.9310655158940575,3.8217217420873597,2.7401830702107586,3.501648356149598,7.520737826304865,6.590357532001355,4.791142007338867,8.261633090221151,4.026389539130739,39.552271850734584,32.25511530889418,6.640652167947247,1.168432804302686,13.993815680126552,119.94421784129462,235.7983614845829,235.3860757761625,7.593536131132618,368.9839168960802,388.8043604375689,561.7230414361297,85.99264031109809,1259.7005615959442,409.5785997780097,1445.5810639629542,1551.5953530576508,1079.4158866849925,312.2821908534574,334.59006466074413,659.7719692190371,288.1915198000281,84.16546052927978,13.172440932327953,1.2920180805069694,0.2836839091057536,0.07490609274523867,0.036878375652191625,0.6756258958013887,10.11851576559534,6.264791769237639
0.2647058823529411,0.4894851191927361,0.1359725973922266,0.3814947884140907,0.5524921670739583,0.40086297757615164,0.23588852897031765,0.7102220681328701,2.9669491346918413,2.5023992024704507,4.7992991778526495,7.666740904088829,3.466296639795077,6.663801661139102,3.5635606158160202,7.133651066607003,49.78634381229807,28.526931359567314,7.038353363965508,21.63415569823163,16.1802207873695,5.082775245897098,3.783623742933278,63.06720768123623,215.0256106860349,939.8192833275666,747.1474957282549,997.4728051714974,254.49234803803563,300.83139954127546,1501.684702559066,2482.175454050011,2028.679962292979,242.32336855567112,45.95880540551328,44.82403329214179,12.014723048468825,11.653332017756265,46.7153054732817,34.09846598582241,1.0312653765379043,0.09749566954484334,0.1312969945521555,0.17778059490623455,3.118371275955749,2.784566687907572,31.69480289736018
0.27941176470588236,1.4590951690894847,1.7155204169000344,0.7799477617866097,0.7552978017814729,0.8505570937139197,0.8385063229466985,0.8782972916261964,2.2990349255747264,0.8640460179051083,2.1962323895624976,9.927289326303033,4.66774109966552,4.388489327943842,7.571315161958916,45.76010365268715,314.88575379290756,255.46695993404902,16.94903479276023,7.735427279127606,2.8039291592242757,4.892416337290554,12.373108996273817,13.239803994821148,455.2414294058906,1917.898302589575,1795.1273219459426,2529.5525458869665,5050.9992913176775,1218.1483005471084,1098.7110200293573,2511.216480040959,7739.030076080001,600.2164412180609,29.43025841361141,7.4023067046704885,20.388514778998918,22.029689325644988,2.4965056695443963,10.999928500177768,0.5533196472329525,0.1765851246837195,0.03065496664836294,0.14122324499028072,1.350266677608948,61.46668917717845,172.5972665340734
0.29411764705882354,1.3191764706376707,1.9281457663137018,1.3206608984200348,0.5920716684723274,0.2992121378317254,0.31837771196179365,0.12061914240841598,3.696387696565343,0.7237919280535147,3.461055759140217,7.9357679348048755,4.559424001183728,0.5995461889421115,1.2325515996840886,2.7287752335593436,89.15356139190365,1221.900892174573,1859.6591918786658,712.9858015301816,62.60264726304087,24.594586641980825,8.378721143945901,25.543261916679008,18.014975780260436,4.201451812839224,96.48931631816623,935.5622317794478,84.79333696955806,596.7304944255636,352.9588627958701,928.6202424437893,2974.1221225661616,88.17441963659287,81.67638312633571,83.00330883065774,40.220114511440535,3.068438147987907,11.212115076361815,5.931041699385434,1.3856062915941145,0.116726347867169,0.14984373770371825,0.05162756219601795,5.601165591384676,83.86325976821647,7.128129251659966
0.3088235294117647,0.3309273853194031,0.36267200634892655,0.7043828236140208,0.9043655485695936,0.6504605453521449,0.22260345140360183,0.7937183836808842,2.424392240047121,1.0811963809717076,1.8840348717462407,0.8869386649111176,1.415009888533484,2.7246497743803535,2.672028565637717,7.86807933560444,7.538201254087461,52.25615204798938,333.61674057345874,4568.621999400338,9319.452761397857,5731.176260192245,3588.9679595930393,1555.6782447390488,323.6645216590359,539.693598662342,164.41097848882038,267.3031719728961,1712.3034267307935,2417.3575461806986,1668.3610060911603,526.5815949490234,99.67227814299905,56.86806218748642,106.41183740159025,98.7728645298301,15.815010626304689,3.3665801921126537,2.398657581994102,0.7930034400762713,0.050168952463384556,0.12449666077916152,0.10213471196994178,0.13557743399389288,4.510707017198193,36.271167900315156,108.56173291658935
0.3235294117647059,3.1481440330281476,2.411878072729062,1.1359896428899692,0.7596763064125267,1.0761988848570607,2.375236273320848,2.5701093248470226,2.905091470050305,7.145301445951761,6.58535843985285,6.960785105126612,4.905762136535554,1.8841447935346274,1.7659667001504509,2.82493271411188,2.0052908194629238,43.8179442575894,10.600277615953814,138.34848745686247,687.1150244282584,1496.2649444396347,7980.027802246221,7121.863401234652,2521.3941835801684,4107.227817638621,342.143790731332,319.60806120581174,486.61689639491647,564.1547792671236,111.18532413229548,35.736901335079075,89.6809540438419,16.303597302127734,39.58463196552813,4.485084706458186,26.83896937846574,2.849327624050826,1.5719860263110563,0.1554007009654705,0.13204736799377667,0.029096598944047574,0.1268779738616748,0.3005539694819998,3.3341149484547845,8.413348573176679,9.731604157050732
0.3382352941176471,0.46388665894476055,1.8361023546037551,2.2780920159739395,0.7866278066859177,0.8041153559669778,1.465223411580642,0.5220249043818777,5.378720259689921,0.44553824410122433,0.2848708836113359,1.4887815365223547,2.3060153264582284,5.216455975160739,3.125469413017531,7.179226835188222,39.64800855475869,22.829777060359866,11.970605178902847,4.04870605344815,145.48934055721668,190.31484217148113,915.2606224253809,6550.652616394573,15267.09806660546,20740.75922444631,21771.423954468934,18667.52955986883,19595.410869030024,28768.55745790836,34295.65451545199,29681.14937821467,11862.942147322565,1502.946422061664,97.9775586184121,144.58330693697908,88.0417596003447,21.297606373261743,0.04043486240103022,0.4253647918376905,0.10540537044140884,0.10329983313893257,0.15616832665260708,0.15911441762382666,1.5352033076983482,1.084236865407796,34.335824346617386
0.3529411764705882,3.392469389857108,4.319600029559043,4.092264086677384,3.64392660298599,7.867608113620696,8.114198482810483,3.312980245156033,1.7252424108927222,6.574580980495371,5.858614101256437,7.345901907142823,9.636758792933236,14.616847279944956,7.331480344433616,8.521720221669481,15.689711580118733,20.116211623282766,13.482672935342105,75.37913344358971,64.62128522854161,42.0192066086865,15.17855305904674,27.260479501878343,58.65040551747771,52.325751500247016,342.35689653760346,455.07675004691407,221.24491881474333,6102.61521864225,10940.455949729341,863.5113237245778,40232.008920714165,28685.160280661352,27997.950354663837,18328.7628770093,7647.076631015785,1639.0542124810313,133.5440481213255,35.6015649377856,7.311267243230422,1.175725212999051,0.026163295670114172,0.4055104372943238,1.4218247231548817,3.364578782712864,36.33443631185884
0.3676470588235294,3.8820647332044245,2.2802374614756156,1.4481873601990247,2.746817742728293,4.014935546497512,6.0586462873672025,4.315245458140964,14.342090711473768,4.133389357873557,4.828411345523223,9.351314991623944,8.74877281255391,3.008995248517286,2.754721609923303,5.839810697217135,8.17145248647567,10.95407556394384,25.339469510028934,29.3803693971151,46.36457927180814,114.76896406102975,63.66939109032799,36.412986444161966,99.77984594959653,108.98915302029985,376.2761053575257,440.8719010341253,800.6136638187738,3419.87862375031,3543.2958216313573,1191.2887604039233,4897.654121770018,9046.493425410066,1259.932144353493,3041.3612025572415,7709.841979424313,15537.864610174825,6616.145053526747,640.8092426828506,21.922737259820227,2.2936926169504095,1.4306064305840729,0.9156033064711814,3.198661455750958,2.7181620587623754,19.828371781958108
0.38235294117647056,24.586537934100622,6.427440447257502,0.8115462950058936,3.2040256070717126,2.341796583374819,0.9032943658660997,4.955008043904098,27.952419976633568,7.271699744770078,5.671897008277259,3.358671900399824,1.069430315162323,5.5651492167808225,15.273598308961935,15.724392755684555,6.591538483220719,8.87547425632631,18.07789097487451,38.25296297170962,36.41704515738101,26.696051373702225,24.249182052306615,24.97383692535299,48.9270162547126,26.16610744891407,100.55591620033807,26.071009652954952,95.0870554394944,310.66186251431566,1396.880096141545,2024.6320988953034,4456.5579455194875,3537.3877209945676,509.8641198995158,603.2446449463662,144.997814708174,676.8196100568744,234.27506223368064,301.03701212200883,51.41985630251645,1.1914624411615589,0.5218733442786703,0.24040487464270652,1.8468660276512114,13.809604728064386,54.191706327255105
0.3970588235294118,3.5771434745309767,21.596649058214833,19.25445093699782,4.091443396558472,1.0854549968257021,3.5452929620908944,7.667815855536899,10.195056319483195,3.5176863489205132,3.4894929582028955,5.928747568203022,1.5313067698868637,1.8850704995366847,3.0508856981193784,2.7071036822840546,1.5776468900857794,2.5324220248746303,19.17739523020204,22.83103962416427,2.6264026511146663,3.219052904839213,8.21700422314079,72.5914230928576,202.5882872541993,212.08123943038473,613.317665875571,521.8560121607319,163.44471757888658,142.20201242662213,257.51981785783505,1003.5227830140265,3337.539843152942,551.7053129061526,666.7998649128889,494.5838944134514,1472.7514309027124,1878.0483397828857,365.4473275262862,55.63231995573426,16.18844432104534,0.7470084261432973,0.269583230627559,0.14864474973391692,0.4585438016996655,14.044834217782544,106.1757775029912
0.411764705882353,2.896401848973741,1.3928925597356365,2.0379068314971986,4.449480312760482,2.991050889311852,3.618300465799699,4.326791147026612,4.827816962215117,0.5409513056420405,1.9479081663344453,7.123360024472859,6.323597528794436,3.157084274866451,2.3494572792568835,3.357546418945536,5.9622279524201485,1.8574760675007558,6.437821525268044,17.19296319179549,27.818760962840408,13.483893301939677,3.7900363161841875,37.86863571675777,47.331766037190064,59.74301303743073,11.941558179352539,13.037575951776377,640.8563558312508,910.0419509795232,93.72726900592899,100.64117692385861,1130.2665818365674,1518.611756456023,736.0358896999176,2976.6756662606535,1837.1758870068375,352.44879834871284,118.18739048916794,56.18419777578923,0.48576983928944034,0.05607615103390641,0.07534294267855116,0.15572822079244866,1.1124550728126021,3.0682573633430263,51.46614543236575
0.4264705882352941,1.8810527021686774,1.967089959775886,0.33360391458147554,0.5921097485012529,1.4494250742377748,4.714211531313027,3.2586015533412094,2.1628285337370787,2.7464950503594503,4.395810243230721,4.56457315775521,1.9419473539197816,1.4396966302082963,3.642247740630647,1.8853280921796491,4.95778703196935,6.979589602694231,14.709490601690376,8.282414351595046,2.1165634975368413,4.301291533502999,4.591509941772808,5.935340546755426,5.073014154245237,103.50647731998225,228.70119807367996,577.8967975974151,905.5389846921055,1365.145057121406,3385.6683324225605,5587.185935992196,18128.71545087891,2710.86683168924,2653.6166643910187,2736.8769152957575,954.4990656980046,325.4345303060769,251.7529701514514,25.66345738632976,0.2621682296000503,0.04927617495545664,0.04215272176746201,0.12860334564035525,0.47278400576672264,5.911368876255199,13.037459677792524
0.4411764705882353,2.1004804605176703,0.36064449735299353,0.5514101389319317,0.1813825552963407,0.4283926281885717,0.47817612374930474,0.9338920972341445,4.817519455884106,3.758451639217082,10.050322531627275,9.612403525613077,6.421061833581945,9.138577513326485,2.9410753455397454,3.2245921170336644,5.90104514181748,3.455939598178343,3.5941778800833664,0.8579730108415856,6.181513930536689,17.539401063033864,3.2521773764726105,36.163687591740135,23.492876987510794,5.655420233875162,7.649690224225649,208.47187088644984,378.91606491065306,583.4213307008716,2567.5929298706774,3324.2649147212455,7326.032168837202,3983.1931943547984,1934.4439089175207,477.1224693109968,85.24715915940246,202.1499885971263,50.00994947914825,7.195857062717167,0.38595235888079027,0.004446717071741948,0.03661088885584257,0.20329420472346918,3.62236227075618,41.73624733467557,80.30456028668321
0.4558823529411764,0.6651518275251407,0.8746121010809481,0.06551703177297556,0.7559054587847024,0.7479694992616612,0.4770293013507606,0.3708868137334296,2.2968231261406036,0.5703006203116846,0.9363458225466794,0.6413658587735152,1.5490248364617742,3.265946777728245,0.92400696018008,1.476657069744535,1.509982940738273,4.20057564253444,4.760831886831608,6.98101289064515,7.230487577354081,5.95012994937216,5.373943101142665,11.108417692144254,9.307082569771117,2.531497660923418,56.65547115573143,530.6629673229061,370.3307309797622,299.31564283962877,284.85938019712046,32.481139852741606,1153.0315515278746,2462.7505018880465,2359.570133950487,465.4023304996121,143.47116382256644,27.863707690865212,54.91886989079896,12.736866042472247,0.8880807522665639,0.3569263107417175,0.03855571472221958,0.04806271842591202,2.4347282247224893,20.511338736708836,244.13707576679502
0.47058823529411764,0.4712569762829201,0.9840257962106662,1.6027161593408263,1.5712881471307378,1.3308245029533219,0.8550252293606396,0.5629329855466972,0.790099614763683,1.588621358234802,3.8750425475324635,9.78146288088325,9.91440361770946,5.297980300101935,4.543497569072329,4.805388100729799,7.4891349071997695,3.5524096364726296,9.099560265755445,24.75850067219197,16.788132682792778,0.7805941837693993,3.238335992216646,3.4221524541874473,5.579962545167632,12.02304911011693,28.999694849523426,121.57803481255738,608.0716827619848,32.680574920538575,543.391707832149,604.265977471396,8413.346078500494,581.097977917313,964.428160699327,238.22838497790747,51.672033542895,16.772030083058944,2.3391403552644716,1.7577384176157147,0.9095582363663914,0.44531061207775613,0.1175470030381219,0.033352871964056806,0.4217021739760619,54.948382256709124,91.2857177047656
0.4852941176470589,0.6331291921562157,0.654296966942563,0.3541673531110425,0.4742062601748729,1.3052370899681123,0.9921979441871616,0.8931765774912968,1.0270530242099083,0.9422721135955572,0.6611170772421311,0.6170802715622352,0.974103210856771,2.9582939818522833,2.4025849874013243,12.037778934446251,28.107746357491692,32.013639796853305,21.983110012734898,14.462384656367448,6.881835332788288,17.685346359853312,17.300356443890955,6.148786223424837,3.997012341727344,6.184834161280531,26.145152296220417,110.87809704115594,126.589651761307,591.7296150899787,681.3589328597243,3903.82446627779,5269.1374527456865,485.47378418347205,300.663216990675,114.82965301100604,50.21815586271949,5.443263450640004,2.1326294276885953,0.8880899359682303,0.1086745811327082,0.06071469639668228,0.02073373940194676,0.1855008419847853,1.3582179141462662,52.460881083416666,19.531943243509435
0.5,1.3129537719076403,0.43586253980506506,0.334101094672561,0.3163778197342304,0.9528732122039578,0.20265513598200816,0.36521661957922713,0.4598430085058179,0.5163147171424342,0.2550799985531643,1.1459504937138518,2.7936276730581775,1.6734326663917598,2.899284056191817,3.271557496608726,8.21731411104713,45.54828515304666,573.5213173991071,798.8168339797287,570.17342244424,249.94092918304153,84.65783103970622,69.74484292779121,1.5434534846259345,19.41500010356802,82.71734480184583,281.3669065935528,307.9339647253835,699.9784245117507,554.6896403934776,74.69263041114934,397.58073419717965,48.53619469042091,365.6135493348791,206.1408026794544,13.11596424473143,1.699919569858362,5.330024002076549,1.6227246801244335,0.21240476309620238,0.06495759504540174,0.0485794117614191,0.16511635445149078,1.8928794725297844,39.34438568288742,93.70218287666489
0.5147058823529411,0.31062137912341226,0.37914328595945385,0.35263498605516963,0.9030279213861001,0.24060248122186778,0.2689445632198403,0.39127148586498617,1.796574116495349,1.2106413653726313,1.9726974372166928,3.884457941344473,1.8004081325539398,0.3654610695533582,2.0118856079524807,3.6260633310429533,0.9184576173587291,11.4852803754478,50.86063966706351,437.67985067358154,4805.9952737071,2271.4592858132787,1259.9486582588052,1831.9552097646547,439.7005520452685,159.83361437030015,100.41595034949552,161.02883753730544,138.90233130213608,230.97760452970795,45.68737391077555,514.7640525484898,727.3822218632743,269.1714537268645,216.5462683289025,132.46654368987163,9.059160133265566,34.693753784496465,3.186545659049325,0.3121288477252484,0.02054105267990634,0.013340937346911833,0.02653865901710994,0.3308251771651554,0.12939486606815534,10.548321294282218,22.63629153792953
0.5294117647058822,1.0250264448217092,3.695796229120621,2.087351137097143,0.7891825194239813,1.7249347046195997,2.033473657843592,0.7672902343088458,4.592429941583586,3.4916927431106988,4.7551368500798015,3.691513913513914,2.8293254308341313,1.095173842928582,2.3584313322758224,2.1695813057100546,5.1200215961529585,46.34800874056647,108.31564810432184,137.30869427210067,1160.844852099361,4144.748332471017,8789.451877680956,17784.321342837145,16796.50112444529,6041.922366647359,1845.8534811641603,845.0832974379823,149.4072066630934,235.39277405255206,2496.486922379171,3625.253242536258,7918.165570351896,1551.6435923359213,142.3188747881885,23.01893387104496,62.964647316575764,24.261427714119506,0.24417668969034007,0.4137480551175019,0.22561236779339358,0.11604069129773455,0.18604768951977224,0.19819300331223286,6.401829363104646,36.5241901134884,94.231192726126
0.5441176470588235,6.549212376606694,7.715597119898432,2.192945183506694,0.3637084545746,1.1037636705959177,2.198722554312636,1.0990631934448214,2.8574125479509664,0.7736575270523093,0.9345780142320974,3.7526588207331066,4.122449634951164,2.9122128613148432,3.308427497076937,11.994328642456711,12.049105926784478,23.870450868746435,77.77445868896913,58.74880086634654,15.858748406749765,2.6345006695416147,12.81656268781688,704.9595317290552,3606.208951244401,7966.058374108548,23308.10704555236,39703.429249258974,30811.966308117535,15000.216321735841,4693.789735169714,2253.406513408092,8478.545506329065,2596.4267396166524,252.98298377950724,181.74675749800247,5.780120953445699,35.91859879604587,5.299615349835694,0.11806816120988645,0.034474771730550455,0.20492923329212837,0.024260499412799577,0.19957089395991395,0.9440245517896089,10.958230555922952,16.254164017236775
0.5588235294117647,4.378392726062463,8.44203082904561,9.452521150085675,1.3065129546287721,3.881736939103181,2.0572344296521057,1.8465282418406366,10.959720435258333,13.701806602181623,14.848455354352552,9.491863580991826,3.119607951302597,3.3005095417894417,4.521869475241607,5.7616012407812445,21.586399842344363,19.8206046511293,5.608764821589252,12.091703852108303,129.9960256512947,287.7150732815851,305.8973954132569,303.8353804482508,64.20927975330764,114.80296742522563,203.71236947949987,2195.624610559016,4947.057442510097,352.5963386094396,6333.673990824932,382.70779982336296,19942.008131283965,6015.077022332416,20100.081255593956,16469.969257550583,7751.48919669313,1761.9480770151613,256.1351473191704,21.687145052657442,1.4634724590755928,0.52900778704263,0.0897179501122448,0.331586598798303,0.31972061374701527,4.062315392677057,52.49963350156266
0.5735294117647058,8.880704969300456,12.021720081248478,5.31777924869158,1.676013750447777,6.9775622842621505,5.896477700551941,0.9045080363823466,9.421968212725993,4.184423419485256,0.4279613963314012,1.7283399783624127,6.377390371014938,8.33280663917449,10.226365796223996,7.990743192584784,16.046556974405796,5.22277859871939,33.36080177611823,185.13170879772554,232.4320504691833,63.72412047871981,69.54179344095952,71.29734622581132,101.51660867621743,308.6284307443578,1033.8379592593787,906.5344115163866,1442.809274402237,5105.851729798047,6368.726996542173,1309.484705464638,8913.316862085605,4132.862900521874,3826.2211789764006,5012.085222498944,4475.765628229047,623.5409317794876,1037.6750459299822,19.519385297611322,0.762039034767555,0.09604378567793048,0.3390199690091172,0.29946435200071136,0.6131091933677844,3.033126392784399,66.15165250937434
0.5882352941176471,12.359598153370019,4.855270727205973,1.1981061295791646,1.2164996321083295,4.803314905632172,1.9500406888367652,2.145343522093316,2.812866604760914,2.6499825891122444,1.58515324695556,2.326265658478867,1.930603872977434,2.5636370746372905,10.063168372603926,13.516915187612078,5.676921017714687,9.544015161902909,12.060943053243587,12.84392604296956,112.78424179507493,49.57784389520035,20.41958963113407,59.21207735620054,5.247497608527659,67.5944011412947,99.5193555846644,120.99003742244219,75.0066923388768,30.59454978753742,588.1540708591618,2943.4375832379997,1842.7448109920088,94.6029489265208,2069.5198742255225,2835.7656388201513,1452.844271199786,6874.317677514548,947.1981870790021,171.88931263130775,7.253205929155737,0.4825447474223906,0.08606596496214708,0.2763181539133714,3.3785712645060784,4.885135864388952,12.436958425768324
0.6029411764705883,3.1822630404267747,1.883972282565417,5.475603019599698,6.312008327403516,5.195748004594256,3.5007918735535957,2.250222713727684,7.863139585581303,2.4074894388339465,7.02821808099197,4.877055368210561,2.309420977317189,1.8438694219887122,2.280690273295248,11.526321437033815,4.6680616883839665,3.3048410000952955,5.140920925615558,15.60360453621158,15.49817335274888,31.21914361405102,86.09507957089242,127.5034377883468,274.14160625334307,200.44494475309975,8.467383781596457,180.74442011539273,55.91597965356432,899.448136550975,1916.7759401059925,28.760702300140856,4503.220492538509,6397.912048006683,5261.27327848852,166.1893357341978,1753.4861380662742,1966.256373076239,2971.1274767090827,481.8282532557389,1.0168827798098241,0.2874573910408652,0.10619554164244997,0.10389412838479067,0.09413562659888278,11.773153615528232,13.21560455535402
0.6176470588235294,2.593685902845391,4.377053213530196,2.9879501037683913,1.7214555240099283,3.932189168147071,1.012255007370125,2.734176546667743,3.971631977254787,2.898091496300747,0.7848133785937303,1.9331206441126274,2.415958190694828,3.8101284470138097,2.698605486529519,1.8322589914166632,8.024463546732544,15.992272291779084,9.149163920960017,10.013513729901735,29.46927743252194,92.40772182100157,63.069420991651135,20.809446883931997,20.23356185385569,24.767137573365076,20.829735918093984,348.09647039675315,1122.1827892432095,217.05576716132816,441.0025272888578,849.6721676969057,582.4978717657981,878.22451611137,1911.182993466599,99.36019207947608,184.7547209336981,155.64192746009147,146.5523063246912,78.17344744962152,5.947293236690295,0.3416898396011691,0.05479879648086504,0.22710983772541438,1.2737114587357077,28.317173039151605,81.73562276953513
0.6323529411764706,3.0463866361412038,3.171719869372006,1.7366338997854536,0.679209779453149,0.8971400849049203,0.2150241337745814,0.8273519311912882,5.581781704839691,4.405932599523526,0.6749408121040121,2.670606580439942,2.68343079763888,2.373206398656067,4.510687139650593,6.0414027659179155,6.197611669888092,5.6661720972569025,2.390678723554026,9.909560744337089,1.4204485670486746,33.9957489317344,8.005478455048685,9.661215862945152,1.5425829948692331,8.850156211230821,54.843216714855785,61.26044359048926,515.7624743974399,1956.4925131398754,882.9697458545638,61.49842448450393,2245.1132573697214,493.1293466608371,367.93651567407596,1296.6715171282751,760.5913443427678,60.959361482114204,50.76550149050183,9.574344248017336,0.3642542002727424,0.17218009623892894,0.11024252863770106,0.08964465954381146,0.4054518348445937,19.18259193483562,143.19382740266326
0.6470588235294118,1.1810601278206414,1.8930942078065642,2.1647084324124704,1.9640938181483043,1.8028211650595318,2.374136046809978,1.515066484953059,1.6204772362693696,1.364567473662028,2.378323720868784,1.4723046804243594,1.3760452169929691,4.204145595597283,13.52339155711245,9.76119446443578,14.369402872083956,13.498229512122059,9.589798127788178,27.54940446180641,5.568135006943855,1.56958460103598,3.2396032501577015,9.138011481576438,2.849736669284878,45.34767746012919,34.16067378652548,70.54059734457275,337.9237546956472,987.1830956609426,2080.9075623421313,480.47553428579954,6121.3546838396305,543.6189663963894,203.15206446555524,200.62843814730246,81.5663025315543,93.60740759142297,57.19283190363027,5.020599609042624,0.10402606405314789,0.0648779831171589,0.12069130644233877,0.4481388116737095,1.206261395992437,9.916521936213192,40.25020643232443
0.6617647058823529,0.6361059920381302,1.6469122094801372,0.606292819641827,0.6315155531375871,0.3456286137306455,0.8777013508346411,0.8600831124502294,0.9954085777293541,1.3330949687758387,0.9917196839269943,0.6364216130057578,0.5872312487466178,1.8490315715291403,6.184016467157853,3.6042466450158264,5.5882909530504135,1.8280727017486733,0.6087097180056986,6.580986987868423,5.767299466998082,3.258149757865275,1.9596597722334554,46.735644358416735,154.9047554271607,184.0468718333526,47.99099505886575,516.9999955293464,1622.0944087359337,1520.6496686186308,2872.9273461211005,2857.794212366448,1451.5145003121297,184.31270048883334,78.86666341319108,48.0915923615905,45.450074886468414,11.255419842150323,4.452220403321304,0.1965260863020924,0.17736307639715715,0.10312891872465928,0.013473865905459324,0.2663730231567616,3.063653811111144,16.24595205704366,6.1476152061153355
0.6764705882352942,1.3884323178641198,1.2061214967822238,0.8403430203271938,0.9587566387879867,0.47831920299252106,0.27969317711074176,0.6542768173310904,2.7412229231079754,1.2046413894155303,3.119687151390244,4.649197282817434,5.093178649644395,6.647322548531693,1.826652798452802,3.500873845525669,4.481484689690794,5.5604473252916815,13.883451100950765,15.252302850937202,8.094032428786395,19.126857195292178,137.19941016072454,185.41157488909838,34.37022362206266,212.81909742508003,231.91457980752168,273.52156595732527,301.94483558370644,1028.124909601907,831.8349860691499,195.8948513132576,1112.7685780433471,220.52652002034694,212.75727691044153,53.280217732682004,47.35108858360787,16.614378874124174,1.147981677577677,0.2906186116325762,0.03477707978208464,0.22617061343180755,0.1824999720897731,0.2163368191262529,2.337901079720833,3.2298740887690527,33.797561202184845
0.6911764705882353,0.22275641122354117,0.8282348490119189,2.226441310277057,1.2440282693396818,0.5919955256175604,0.8069836082660808,0.8260641330854588,2.125407800331794,1.3803793172297358,1.3329088469773938,1.3318113579492894,0.45995666756727177,1.962318358070139,1.0794329946535561,1.5158425063771734,1.9979846370039414,4.651780834808349,8.336201769347085,5.167034282643893,0.9275402938796267,4.865021165109565,4.093856373646986,74.41377624759562,107.30897833630564,172.6114011266336,453.440195921845,257.7619488776289,66.99602165498229,275.5737584678574,82.70862389553716,94.1097375460759,490.91106976878905,113.36890580085739,64.26525792878476,34.06846278725432,24.40909042981988,8.36648153076742,3.1382595946260192,0.2332536535272565,0.06285155736852405,0.03688270648200279,0.07374523724149676,0.6848436162959813,1.624443883573198,0.7227166774009631,12.527360714324212
0.7058823529411764,0.9369107654580539,1.6766198685942078,0.8992065937942346,0.15423023418868392,0.22397534178894232,0.44676735162133846,0.5402691072470465,1.8493176915138836,2.5588945533409992,6.076201969222694,3.866700414314132,2.6456131637157787,3.864959167049391,3.7093108011283262,5.134798391133534,5.342514381876478,2.619744109550682,1.8611973606483008,3.4004492064017473,4.34765143783471,2.7806905216618807,14.132129415037774,52.296640385764334,38.58448555094509,56.4826163349504,95.19391271727157,128.4223752610523,293.11526141346604,638.5289552679552,379.48436778935735,1620.454171912394,806.6596258632833,49.548359839025366,33.292922837905834,46.238785171541736,66.49900052297986,20.096320476750318,4.396304067478687,1.021656194298434,0.1447800733844466,0.028982976547464546,0.030291760422224912,0.18147533658238046,0.27482588437544914,0.27130126455301634,4.058453341740347
0.7205882352941176,0.6631619669185815,0.30656324519231387,0.283278546209932,0.46336997923109036,0.2538779516833903,0.26820834427373347,0.2944888339005533,1.2145303670734364,1.1268396997888654,0.951573308055738,0.44978102871752945,0.33573271254393183,1.9432225083886545,1.4840543207882704,0.3526646526282705,1.240393267105912,4.67653465987597,1.9691126691557437,0.23110908813888112,2.3917909763150664,8.619384151405349,3.171068488464063,11.279839426378864,73.03404453735959,265.7209626458996,289.4318763724085,42.640948037948206,98.3245220173606,1259.978524098412,1934.5108220973293,1262.1958603076864,376.97742661904294,9.2677346186651,4.915759620761086,43.994677821728374,54.980532697681866,13.010096404639793,0.9898712771303926,0.46371573632497126,0.14716299927928506,0.057302071932612164,0.03939032074156923,0.19667098379115616,1.6607061884448244,5.2354855490333305,21.510072422185242
0.7352941176470588,0.37408042360343247,0.0670465054763084,0.2532906828539739,0.20027298767458454,0.1819024144520271,0.5943766930943521,1.0157582577739106,3.4295982844175406,0.6093478273213832,1.0898619584273685,1.3658530432955516,0.8370191972072261,1.6665472348304067,7.141487823529258,7.623488350771167,5.50593768959807,4.544399187960586,1.566979462846474,1.279182887567376,6.3661768504375855,13.653183260178746,13.56640181244708,13.631147572652788,8.168613286564526,127.49202840222134,130.81825124366725,610.8952757871539,853.8343718515084,1819.4802093112933,2590.020579089612,2074.1024514705755,3140.583078250922,155.7775597769953,35.670468447340724,53.41448492550607,15.537528618975925,8.168499336879373,2.1041880014705163,0.964454574178699,0.07236866639651973,0.04226166690781083,0.03121594777713622,0.12070743485981682,3.252881901453862,79.78926502998247,362.6605733374894
0.75,0.31777660199047775,0.2942122694954803,0.3320730535578967,0.6333472766266419,0.17280602373790274,0.3051294195924851,0.36151516116867694,1.4718560244685706,1.3507825421796902,1.2122024275474301,1.513848545799745,0.6429832059009363,3.231326612572476,2.79257259523898,1.515382520349143,2.3749716368886697,0.7120671881045222,0.20249263025030895,3.736564676685868,6.691640368852575,2.610056140827242,0.1840072710529474,17.624610860639297,52.036725432198196,5.840028844670846,87.76898278740164,98.75686283156493,650.9338909273154,350.75816763371097,30.628407492968023,808.8725828718481,1048.3138795762507,81.90346160983513,122.23228463510198,15.488561211217952,6.364703854416588,1.9582535803555974,1.5455305202094909,0.8658728522172525,0.05477899392872461,0.011934237061282889,0.01935722112515974,0.11073091004222003,0.6164573829545474,28.365828679051152,54.43399301249143
0.7647058823529411,0.6706372159194287,0.9421822160617459,0.12167349645456355,0.49231013063559925,0.8996039346450073,0.16801258017761903,0.48549985073360913,1.5394993686709841,0.9292306431836823,1.4612859985258124,1.45574634271554,2.503523570814485,2.0200585420411694,1.6404326385349668,4.545538648665167,2.9670970576747986,1.217517846568826,2.254677469206804,2.455991337977556,3.1142886135047556,2.800875953973076,7.709032316671747,2.4699246451332013,26.94274625474397,5.194772959215044,51.22661927091269,12.90089386574874,348.11194720099974,173.97220066942384,260.73047741815094,282.6449078228485,946.2115881686825,89.80911003853994,32.54447203040126,14.094643039314835,19.589090675802,3.800113733700733,1.745802635451847,0.5062504080057962,0.1809541477252104,0.0548157220121248,0.028849966111469935,0.12824340313765653,3.901511509051142,20.213742068813914,70.47838748146944
0.7794117647058825,2.070408433916415,1.0622199674962827,1.1992329930731567,0.5493834845852927,0.16552299602532908,0.6884499187175743,1.1075798671088402,1.8586396078419032,0.8877540528323487,2.5265409660248377,1.8321946921590235,0.8600370974403331,2.4462856985521118,2.1027905543420924,1.7676373596620767,2.6221069566147936,3.8396442067249588,2.842344039899759,4.365353040947521,5.470275848234329,3.9390641880497403,10.384453066871936,24.71329846926978,12.034607053266633,4.371592132569612,113.78122779192779,52.89398040224483,168.9925607447754,245.78319670349683,739.6773212280906,1085.992760495591,3306.1626023789067,300.4745068432842,11.166023766923006,28.889708114906817,41.39877295517603,14.78120231504379,1.9271744519479113,0.713284444542325,0.038236563358350774,0.05429854548499016,0.08259103528118472,0.17320384935743224,4.929291986073648,20.96012455594122,51.298553595414305
0.7941176470588236,0.7681873672330348,0.4417132907460992,2.1082822174361096,0.9943394751267749,0.6503964017575548,0.4897018925423195,1.7815284447852768,5.7319175993626565,2.966255267628516,4.230641406089787,2.036868734015907,2.0219248877864797,3.382835515208853,4.477744523911829,7.104027008878957,6.188540266145507,2.5649125991067034,0.797751728390024,0.7836634912939416,4.239545578663583,4.630924527433077,1.4191956439521678,6.735162611544913,62.38080871444872,139.7437190939015,5.100970969815457,581.1062761945133,1039.217096951545,492.25011977712984,910.3953617914599,3821.6213347776347,4605.6398077804715,209.33753512224033,122.82344247256066,50.147658731441425,54.26337160968883,38.06566862735291,2.630027908778976,0.24418256822362777,0.08187069183547216,0.0930433892959141,0.05359883542703464,0.26997726879463935,1.5578895606068213,7.817579047798393,21.160018122456567
0.8088235294117647,0.6736218517491048,0.4081499448737914,0.2992890167905356,0.5142076264719291,0.43073484176059046,0.6639937768416726,2.500457503067879,2.3994468444067216,4.633748883533853,2.0823629621797073,1.8369621396587976,0.43311278047261365,1.8507199078581582,3.2795382572743703,1.1746866688239,0.3464429984549158,0.5006288505693207,1.5549513707928824,4.0385115187144205,3.5536369825493557,5.255695880131645,16.61928918870019,7.988058508858704,20.491555254216777,19.37988356538816,232.96279844307844,67.122906469102,235.224826240628,806.952113066468,489.72054078977186,980.8871722463389,846.6272238399304,22.658105783792323,68.72202028260136,54.910797227604085,172.20056881995848,137.52154564516957,8.324887081064475,0.5761747106285252,0.2859728181926997,0.05951215556783197,0.04160676516284937,0.029033850949741126,5.5418598723482795,10.577483531627,99.24533453113354
0.823529411764706,0.5893016823410252,0.3289210903746108,1.1116349871718028,1.7492321591226085,1.4035070806278684,0.5236524545445518,1.5026470991319052,3.5674076120575746,2.2021355029351626,2.0424186765247825,1.335363329515783,3.9262469048457604,2.992097060766124,2.4609845919885744,1.9427217083322519,2.4500296680704006,2.329346939852693,1.9999780782339174,3.421369996392189,1.6250468136636447,1.6203874874681472,9.648163092816786,7.345696613498071,15.39264396745023,59.27794491397343,35.13273076084438,281.10633339097967,907.8709676285088,940.6938466594675,1263.2257267551067,768.4398736721057,421.58667331258425,72.44715838588924,14.041831319474843,54.02479191092343,18.054540771705387,9.47079161687011,6.370000306095782,1.7055826864036443,0.23441933842868123,0.04473271447273853,0.008121488807188895,0.03120949041781449,1.221337852950822,34.02714105120446,182.87852460354532
0.8382352941176471,0.2218678376376187,0.3377602018663328,0.6754010067491099,0.7967119500649824,0.2752166269719838,0.14274709352775028,0.36706102310015104,2.606434739827887,1.6485562622414123,2.214839764005607,2.8555418686752327,0.8206317448778864,0.7015591036817668,1.9251598082822357,2.6200955723088475,1.8975479448408803,0.44118572959723185,1.5376855337705089,2.155820631927516,1.3610743059048231,2.7968494705460394,4.487497304515374,11.445814786236316,26.23753844870295,32.59251955270481,56.230487442058156,13.213417351452456,584.5864744008273,1330.8568645872556,1077.8363710860442,1161.7499420045633,947.4506178734306,141.47025855090573,62.94335801275716,170.26405227115714,257.4614265513451,123.96323343359197,19.48574613708076,0.5927533020882862,0.002385479241840408,0.07298805429857402,0.027156623040773407,0.10558058614964481,2.191382777688582,18.706521682044887,46.948356041463185
0.8529411764705882,0.2290145446477402,0.06716628896029732,0.1897438705632069,0.13003767608265882,0.213078636665367,0.1881809205817853,0.050129061048085975,0.5058085175904368,0.5121443326181024,0.9342234858834748,3.3911989442760513,3.2444221945954133,0.5979341151152506,2.849060538657529,1.3218721235299253,1.5835778637375912,1.8097953627672523,2.759278277050833,1.298739604075156,1.4652064752596103,1.2418450031137247,6.326453109100641,13.496464552212505,18.71718930248487,40.40886130416513,62.05474992885296,132.69105596498645,18.47932310003608,767.7310234905669,1443.1611193246322,1732.5694575256848,1878.703546461652,61.356413378813514,9.371199211678888,14.446967716197094,11.918208972330259,39.06974630907651,26.590934873411193,0.6423066401113876,0.07327131533574338,0.019562094696580504,0.030152329051700757,0.37963053481721143,2.927157617355033,20.086622005035924,75.22030407409056
0.8676470588235293,0.10892112767614874,0.5289616422152961,0.6571555491240673,0.6517912023797261,0.2294887302612148,0.18552330297052855,0.12956332595512354,0.9288515783606903,0.15531941370116664,0.8763619440974805,0.5865187943682754,0.7440962182867911,1.7184255365352874,1.9116294345366065,1.2067622553552473,1.2206616215576949,2.577287591495806,3.7867377162073486,3.1786109599248764,1.5420208206797366,1.6114431714364057,3.8804989100975726,15.019718591817945,5.857403475180726,5.482602826187091,17.95705805149866,208.1664168522394,183.44287349230814,717.6841185711351,1009.1689399367613,268.04848448623045,67.01318861311836,20.28927127860203,42.560574712448044,3.5320810307926513,20.749139788423754,50.2354377229137,25.48274445163688,1.9402253810233556,0.08300992111286265,0.037663022539980315,0.017023255604636512,0.24702457343361495,5.554133587718624,42.737773832803086,136.2431834199583
0.8823529411764706,0.6485455566140437,0.3285826177142644,0.17088774156814895,0.1559247253154912,0.06307881457995188,0.10768106064843116,0.4976744363318808,0.9187231030492946,0.6926019242974023,1.2885321096698972,2.439402602761307,4.68440593445273,1.793702703757568,0.7659813423617754,3.3604705155187666,6.097879401205842,6.340689677075228,1.884516146072325,0.5729783568356821,2.783914185809892,5.799785137174094,1.981699890905917,10.537196088952335,1.26328418444163,26.42920919304086,59.37247572236373,25.773212791407396,378.90140445888244,2078.1352817574516,3085.7712308819446,783.2212492008674,168.3812062312054,32.03420538738426,43.51786629509829,39.20152417042097,6.057885545218286,1.1968267009987603,2.0828936266279103,1.0618836191051202,0.05236900005983613,0.043349351783029816,0.09443619306636092,0.024246404025053264,5.6206859828081726,90.96153982638359,448.1483939817806
0.8970588235294117,0.6130383661132888,0.3450802260225745,0.2838232685953573,0.5928795945325377,0.6921285319666132,0.424788916779351,0.059939851225014544,0.7600984904594558,0.5297371889877371,2.2100274297989553,3.513332960484568,1.9691664249728862,1.4319216764170528,2.489895550249866,2.6793070764674347,1.6907790066807138,2.486792280593251,1.393377863415355,2.942892223330096,1.8052788108053162,1.6392411081052116,6.04420377138492,3.4010874979423393,10.125581287853066,17.77748377304728,21.537303771723742,56.92161434801233,291.6221002337651,836.284328979933,151.6674933529972,1308.3853881268633,1966.7474345323471,65.02740448125721,35.634451609021596,6.523113487883017,6.038583876111025,4.2240635161649704,0.46343582866568855,0.07328027862784932,0.009349615793880965,0.027632668922625087,0.039943287146681127,0.3684956497384766,0.44865987131991364,3.4079156370544226,112.84040014319774
0.9117647058823528,0.5834780175628176,0.5098337774600363,0.10068788220122045,0.24812514901887378,0.1626888093149646,0.2946925265520449,0.2017384744201557,0.5274606744105477,0.49831995859485545,1.1065135060835818,0.5240458402419021,0.506488571627714,0.9579969709411549,1.3702819492074263,0.7757152457401314,1.2930713157366318,3.6480691506918377,10.743375171077032,11.593334893811384,3.4231235631300088,0.931248672642876,3.6347821661417483,0.8407027427048853,4.004063828870289,16.550836297629427,57.94872876568344,61.487989085614785,120.32809163745918,213.4313508507713,700.9207001613089,1772.5378935511367,4442.370210162762,1602.7452999147638,178.34286803591993,59.854845506768854,1.97876613356064,0.7704037787777904,0.09384038130989852,0.1273285703528727,0.11979482376482903,0.00548195317947931,0.056921677373532695,0.0406812099504019,2.712173666083567,7.173049044947852,70.05729873129653
0.9264705882352942,0.6357393418199127,1.6794012337582036,1.513125833926282,1.0479083130027202,0.6580589562753935,0.14362851458046894,0.7329170827429962,1.026981632865556,0.42480160294184344,1.011544998224673,3.030762127111236,2.9922631175273855,1.1363339611725094,1.1410927713621615,2.450977656151065,9.460815002227001,6.353152740859248,1.784229009147102,1.4236495369967948,2.5665903546591604,1.211716133527121,4.699124609858342,6.920323346866457,34.50578918810708,46.99047479667291,2.860948363495112,19.30292625792365,26.01336458032779,677.8484711835604,1875.8658500341821,2498.1149760495155,2204.6453233374405,38.66901102959375,1452.114344404959,289.09647241772376,22.30112880782122,8.259409291046595,2.194065082546695,0.14184994581923793,0.04269500526695083,0.04617432292099301,0.07076897364070853,0.07427410439152034,0.4939560168487189,20.724352222619505,134.8930936127908
0.9411764705882353,2.3768254612320794,2.569832000140366,1.3102172273810546,0.5401453367628262,0.2464351455630288,0.6173718024330923,1.5662841160227106,6.190884933336927,0.4815670771948156,0.6712981238473117,2.0747501819144754,2.4794265687261445,1.603076397598572,4.5534479334546845,6.918892809590438,0.9269658073096019,1.429507515313793,1.878120656826343,5.146314038994126,3.091654302237103,2.0865838272360673,1.8236024071822468,1.2942403697707752,10.504952381447794,57.62504932616333,29.419247413173526,16.601102877183507,240.74409310445498,923.1341019205247,683.7254782694945,587.3364394161399,1381.9639121737791,2879.8793666568945,1617.1684420541333,153.44757919033552,5.666269238537291,15.010788994889891,4.948058631001112,0.9963970579231625,0.09967473940331778,0.013911046476054047,0.024288841489609667,0.08641599792794133,2.5459193854232876,9.410948727592606,45.209736274598455
0.9558823529411764,7.272815197627639,2.900673875259505,2.8398921050479284,3.5694148408257713,2.0426091770861983,2.477745135023089,2.1937499803335077,6.725263282086973,6.0761021113737845,8.108604895509945,7.663154794460986,5.67209370546768,6.817597793678157,1.2854875270779553,0.8513890680043152,3.4146944382578535,6.915337029925748,15.185845923355117,17.668906318822906,9.693667095636487,13.87059336986337,34.40058680155531,33.86421974996456,12.39988729581748,23.746504674738404,50.19039932195312,13.857269736091098,30.79445001261702,136.26994975230235,162.7072864516565,84.0097995986729,2077.462484706947,184.9974506049528,1750.0381005527715,2189.4130884882215,1180.6718106121948,253.0663374562356,8.00269276856174,0.8212583750290995,0.030889866377312836,0.01967213917040533,0.06965313337781712,0.07316020537041687,1.859689900247453,31.611656646904358,101.62783630129123
0.9705882352941178,3.8525845277189052,3.93562069896682,3.151492899025372,2.3856957358933744,1.621762730145291,1.3156647623880529,1.2779907401668638,5.3260497988085245,2.951209246745037,7.486869187291447,9.903588611451632,9.438917632143518,5.950815756563514,0.6195160473363692,1.8433719257017986,4.734426495927696,8.087034411994617,8.052970002453483,17.392306505827417,10.289108532218462,2.6878814103718907,9.459189563626346,10.906925552991055,10.519138089972229,3.969147337101111,9.014457319432783,5.384089783515349,27.74048106727686,219.0597724215163,825.3260379221668,1408.6297382480072,8165.138066063472,12645.834704278688,6057.217255211579,1913.1285020137882,6636.2522413406,1208.6826658439822,47.69257414178741,2.7135942755019204,0.30112046262596176,0.2686347349465316,0.21685145072285494,0.11986209565520672,0.48157128465739873,12.790359435809378,27.66271775511362
0.9852941176470589,0.766911970168361,1.7379485904900305,2.206484976964764,1.458704366436365,0.9171909005927634,2.8673765213904483,5.201572340735962,4.076474677210024,4.889306248197773,1.618155717513962,0.5207783201193643,1.6879886061194544,2.1883745026973487,1.6136438186504023,4.179288775376964,12.412275479934507,15.172931329278708,6.282886873061939,5.0060164989268925,4.7170949505608375,3.7931929725814397,6.965169235858418,3.1592919211710946,2.960012138243039,3.957123217723316,3.4424827882525073,4.018709848453758,119.90007474154461,176.820928433429,70.85441769646101,275.9916053258721,1944.9582143117032,619.3677802585032,1467.9895092050606,174.437331060399,3157.674620105692,3993.345770198184,1141.0337897552915,122.46634024653574,1.2958998935896398,0.21657020782030756,0.15105337877448802,0.2200116655806718,2.722211660468834,44.96614953706509,31.686747050883778
1.0,0.7106019048645591,0.7787771066168223,0.6793457896029654,0.08686552013907689,0.7268382724447284,0.1998768735575281,1.0751884469533635,3.6733467141293508,1.1201798931278961,3.0018025787494795,3.329102907087134,1.1748446418675678,0.9326666808952568,0.8330713143339593,2.1415735382813246,4.8436688692047865,3.486786020565492,3.1208639671537126,4.7328634243692145,4.3397534167912415,3.1521084576396516,3.8322743188705886,2.53919837229761,0.8807934707095967,0.8206404572844409,5.366982661789844,35.50229092067329,384.4043941726425,484.3575466888284,189.1421005603661,71.50811155115181,2387.6573293315196,699.1791834196904,504.336997762686,1222.7986389270545,1571.4412962447454,2965.3211933430166,4473.312556025009,843.9483655764764,10.165041255768717,0.298627277475071,0.07930572242850195,0.1160720217480614,4.45900773462723,27.290077011594953,140.84413405844037
1.0147058823529411,1.4834271407544346,1.36472485826455,1.110363985407397,1.1818592293479633,0.4617167178919516,1.828454143869616,1.3393985191912876,4.054718803981286,3.453067647838969,1.3789179924947381,1.309788312881269,2.0077260732070785,0.4365661960875039,1.0341149961092746,1.3928316734195931,1.3609714977089318,2.7900300253666495,9.932391469419686,7.928912555187663,2.252638529138226,3.660120129301461,1.1690188634383933,1.2626349725137214,1.1950515623240257,1.7231149106890398,3.601993061368974,58.384765361128935,22.162847341906144,261.2549155633297,1179.3290951400031,1531.5088589693053,838.8883753375592,470.79934136973054,357.95219520907233,1099.1278573400484,2105.1844713203855,975.8007782966599,521.1891486301719,234.63535092617815,9.759795852770468,0.29941285293965314,0.024946690645513216,0.45897795073496095,0.7749100686155573,38.81052030897564,60.53895336509574
1.0294117647058822,1.9145595545095695,0.9205140479858147,0.4189343742086527,0.3185466061663753,0.7990846751920369,0.6274201458104229,1.3888801987968715,6.537865119480633,5.101415768962802,4.613047797019962,1.8607165518047961,0.4779568734952237,0.27782428843862783,0.37726194723022943,0.4228610461037989,0.4677107300303946,0.45325641533439665,1.2235011129086433,1.5154989935482825,0.556548680998641,1.2778121059332195,3.1498909397436563,1.3856277832766306,4.9458615466959746,2.0899804151013717,1.5459482200740795,19.01494986485413,158.10737925198546,234.1789378670365,41.759424210889186,48.93305040221577,289.73036003765355,752.1063621130766,312.6014037558142,318.7214308269796,305.6454269508425,298.16004795470224,166.17333138489573,10.051466622955083,0.26064011864868597,0.04324168400791899,0.047080540526765746,0.02732567099248455,0.4719526937358778,43.0370694754141,329.86545470387193
1.0441176470588234,0.431271275659987,0.9102409163811692,1.061712232898451,0.7556419994739058,0.9886693877286218,0.9060244249146401,0.9423122222279168,1.0734452868140858,1.4375834077603913,1.6216369005459608,0.7628846836426603,1.1878560009484378,0.776640368081247,0.7865371093800404,3.623804766432534,2.1441816539911613,2.044865882474725,2.6438815737948174,1.666622986605934,0.9657344806071956,0.7735920630372162,1.3514334379186423,3.9339158607307008,15.234489431244265,21.689550501514574,32.5945111624973,14.763896768234222,16.137281057223458,20.531486345631865,45.183406556640975,61.317592567143734,95.32552112438803,387.04148283908603,103.2567564869918,33.567893765641514,11.477166820731068,18.07643251893287,11.537970682740397,2.4216391504711323,0.07448120746398118,0.01053926956129067,0.02527723808986066,0.0343329591214173,2.9949596652799935,3.1356181067175974,85.55964988866288
1.0588235294117645,1.7225686887499196,2.5133030884530703,1.48057856677916,0.6706979512017802,0.3506917378605205,0.7762564974783381,0.542231591212954,0.6242026555748952,0.802166257535881,0.3010616451081316,0.45523423775041816,0.6285521486193103,1.5198006275438927,1.2381306203754057,1.0140259734592576,0.8188583281043645,4.163320377623496,2.4982380498573007,0.5503827577686543,1.440496392588396,1.8260287053897057,4.414944471979269,17.330682177460513,10.169040714014276,28.55050394244905,137.9218300133408,106.62080761634353,27.918236995146568,43.20368768355644,164.58780138022624,244.3538452712944,1722.3830160721636,159.6527836195101,53.46179270871225,24.511290166300768,18.074825836470982,8.487264983809359,3.9863785679929595,2.1610439721160732,0.21616224901739226,0.027622560350197688,0.04495931813601873,0.30799339665262426,0.05932778070147755,3.5499608578868775,14.083669696064874
1.0735294117647058,0.11082738603737655,0.33973273793910874,0.6374178153764481,0.5650635528725179,0.14851288597391007,0.03864859394477061,0.07450298477142352,0.4675341504289133,0.4528792422785206,0.2304563314612928,0.7649911665391071,1.8664541995444448,1.032933223514006,1.1802231113387458,4.2269555789658835,2.544926640767561,1.5298414966039022,3.4293897917934926,2.290761895718286,1.451518438156745,4.0930793571205015,5.867946800909632,17.56858710466011,14.52132601055148,46.912577113833876,380.7969468888673,231.2074601001051,20.981974093385823,26.61254751371899,40.62945462981146,319.5498996901464,1000.413930589759,38.93343198693107,27.228470072772147,5.981504005099342,2.4917892319889092,1.072756863338261,2.1103473093192724,0.8202831052126452,0.04735729930735136,0.014177680269442876,0.005109219653187542,0.24947971727709944,0.8937279199076753,9.56627203366407,52.8215547260118
1.088235294117647,0.7767172707024337,1.28918033289665,1.0073645381414225,0.5201507286746107,0.2167561837142564,0.03198412343084485,0.17040216623389745,0.4008265910157241,0.3364728507907282,0.5883518507744049,0.632914308021201,1.5530473933551403,1.6140294112638487,2.461367623506911,4.211368916606784,0.7943188702364379,4.131751896402228,5.851495933858464,2.749834572198973,0.1749873662627709,1.4456356427287804,3.33720787264995,3.990396086940801,34.37025162943118,43.69158107362561,259.3110922335719,810.0626183408025,627.3307937892419,200.88186225518692,225.03577668359762,432.49991888757904,131.41792255810157,3.4951459629659936,14.56124685319866,4.988615704229853,2.3500198713440517,1.3552161678351988,1.0775140509308763,0.2631259627406535,0.047929072320181454,0.06854397477867924,0.03608556485820501,0.24900681688612863,5.120304325685734,27.192737783583773,81.8148724278415
1.102941176470588,0.31049231073412165,0.37362460642240913,0.35208651234902655,0.2720201977676038,0.13176253032117669,0.11459814518030542,0.14496017751746892,1.4974887141830902,1.0161620655739247,0.7708033298557246,0.4065972832250608,1.1768633742266625,1.1457077765671195,1.6741889648302606,0.6416198203364667,3.033997283555518,4.195245062694447,0.5093272737841382,4.693256281144821,2.8007300173341196,0.9156491819950952,21.40965757200381,26.48621809736824,9.326810178224928,21.614750328401765,40.767030524595455,190.73112622026773,715.6685648126872,618.6546373673277,876.7522977745524,871.826422174001,195.2062158290429,19.489400736689017,8.603977273965885,5.970135793481083,2.2823295412451876,1.164881584915812,1.4308380981673043,0.33941041537800143,0.038741274185455,0.004018100271028482,0.0019062365932103948,0.1399632092648083,0.6838440632175626,11.875096054337995,108.34415067426553
1.1176470588235294,1.4323562962424488,0.8892074555764262,0.143116400440256,0.14839250298325482,0.07703261532742915,0.26937487324877324,0.1843837386256545,0.28473114939042937,0.29268893247337396,0.08910829213721343,0.35522001828161986,0.1678841830043697,0.3525614852406924,2.8741448633276487,4.741629670708253,2.6307848677604415,1.9057751078759186,0.9692627603637162,0.652016896228468,1.104023500528295,0.8467538972185742,10.10015679271628,11.115536798708732,12.731642040612986,71.41994435995441,21.56611930395168,102.90346615053451,861.7624331132033,671.1920252379908,792.771774841869,414.206035692142,296.4066342078871,1.7709476787488363,0.5613696783846112,0.6372964582701136,1.097371113910743,1.4717084779527339,0.1667594291367277,0.14266443631156828,0.05806812560224022,0.013370702516967281,0.040329373951426765,0.030402654892424625,2.6284327425106553,3.365059347957394,47.69110353495503
1.1323529411764706,0.5407965712368181,0.9699312501742607,2.4440886588405135,2.238976812416498,0.4841821367684208,0.13195519672821554,0.03105411549311623,0.6381749076528512,0.17335548188293054,0.17895144855138273,0.7269735366392229,1.6993100145083289,1.3697002445368274,3.0031953180796935,4.35123948213751,2.9717632708024038,3.3767198158379657,2.30877209261768,0.7601733267089181,0.41641590285248614,7.3044154340920056,32.72012200598651,62.204237899996784,51.41287985387011,182.41147358054576,114.3482773634135,191.4220847977861,630.2864099312853,3297.4846333765936,1563.7057295060326,876.8234075317914,614.4984875181102,2.4696090576622898,2.1620351755430076,1.263887404868584,1.1508270535342384,1.6687089055621058,1.3724012555095424,0.46440798767806496,0.07531940876668881,0.01169766549856033,0.037093248152513386,0.29778615052993007,3.2731574979245126,42.52031918084974,164.9960798657271
1.1470588235294117,0.6105855775811235,2.3905379966759575,1.6956777599206876,0.4844700319606944,0.43104107412984205,0.11449305618248778,0.5191446007001334,0.794207003057795,0.2977599548356427,0.16824552485348335,0.5031741183707223,0.15963217203276253,0.5545819353869337,1.2664541832755405,2.0385418036209053,2.5123185786769757,0.8646017725098795,2.8478627965865906,1.7908954454460662,0.09411570430404476,1.5205263631640795,3.600781501037873,30.95028999281545,39.988266976965775,36.014654172750326,134.90102510739513,71.45812258569157,348.52487545279655,596.4828927623785,2649.9264858141078,3925.519358490776,922.4741359430227,3.8764588951233643,2.9932607308917656,0.2937917460511417,1.4827687260371705,2.189748069894302,0.5879843528304793,0.06836525788831077,0.09313110496582443,0.06393479628596722,0.10200712812842072,0.11055930673210186,2.5326674508116254,9.865049177522357,19.141356037051256
1.161764705882353,0.6389752531182863,1.6264970471682094,0.9955261298198923,0.19919770938385634,0.1427401300967487,0.01840825328601301,0.03461352677786165,0.2344968886993047,0.3708157340068903,0.4881269070375017,0.4103644145939335,0.23148746289214317,0.44108203674992186,1.644529187363764,3.5983754057578308,3.467715885604063,0.518598893335345,0.9059018336691027,7.961667962959462,8.928089313576175,4.545186213867101,1.9181247757221649,24.09420062577935,18.88443713686675,51.14958638831439,38.538235644727166,94.50192085011558,260.17130514149846,57.8079292680531,294.19097360407824,95.33005586274436,127.99849116308042,6.319834136429314,5.613751631239022,5.711535282977189,3.3412670346821898,2.76385169218998,0.8756351260446613,0.30893546257232063,0.047342874165796085,0.02453519216618432,0.06050642312848803,0.011354929063240544,1.3475287156687905,8.149433372331606,57.22389622311719
1.1764705882352942,0.5736618761631557,0.4873772535239125,0.6022037436100989,0.5259918119227159,0.267795663512065,0.2028154670484694,0.04278332697100071,0.2289058612714548,0.13796127078685114,0.1756405027311641,0.1768197420037464,0.5830819367508248,0.43612039309235057,0.35096769830161023,2.88698024231748,3.1717178623355062,0.7154587240302009,1.6136638788538877,0.18474971997095047,2.2198828628681158,12.35923990248163,19.448822050581192,0.8796073551835112,18.653958273469108,38.27058208265443,50.71454610083428,64.6312549482877,132.61073530180337,28.308437540201833,640.830129633066,502.1031072712216,282.4093265291419,2.424833783985802,4.615035314844061,2.513883823778481,0.8783632151464502,1.489335812813072,0.6403358766713384,0.2040838528761159,0.0301665406799716,0.03205102470898629,0.017168303510367036,0.15485730852467747,1.0900561498481998,10.808482772860994,145.96690354716722
1.1911764705882353,0.7600150108659471,0.633507800156418,0.5654223727078237,0.5507420045830085,0.37714887232414923,0.2561942278229983,0.125926184332245,0.5710737234362694,0.7717213093849188,0.32481626977171957,0.24223018296122395,0.06184228499461939,0.22349997951065148,0.8549023079889886,0.2830319640643055,3.258577459506354,7.1600680710912386,3.0861660718650743,0.6584485632909068,1.1012748287469019,2.547040343928293,1.7918182589015808,18.86426933716956,40.23299814075943,27.872489989223354,13.212622483378572,54.257116849299265,165.06787631010127,641.2223716085687,146.5550475044274,3183.2330382667114,3413.2111314241033,3.751694124347419,3.7521511136972023,1.4696617375466459,3.497195173414881,2.9915571320427947,0.7742073328292256,0.18534461360425897,0.03817379314720692,0.007452239896616054,0.010019642322654627,0.617939241648531,2.145603772191153,34.516276303307755,59.90321314371002
1.2058823529411766,1.0221506024650013,2.193734371604924,0.9566133750793209,0.3516878768077728,1.1278080735742926,1.095119775172235,0.2257489314845424,1.105166981083741,0.6463118178771277,0.08703371292881808,0.5192692452814732,1.1157346467055134,1.7690706442000312,2.736550706659994,1.8812779756503408,1.051118475520575,0.7073688396361775,0.6363459051616408,0.6551778261736219,0.5869544830589426,0.7693237640410454,3.6383108271075923,5.115263337973591,2.6401554029003265,45.92724614771761,144.08395819685936,383.71485416654406,1204.1272043610793,2401.704910668478,3607.353869581323,298.5787585813834,1297.0571697377122,3.854509815276188,7.7983490376825255,1.2282398750184274,0.4876129784298986,0.6425167466033923,0.37259451858366266,0.3109525326346799,0.09653812667379601,0.041933110495686404,0.016551996394288667,0.05103683755915167,1.9023147602425623,72.11478628026873,158.56719571002384
1.2205882352941178,0.6513896900817729,1.943078591619439,0.9015811749934266,0.32551119361071806,0.7113809562341367,1.1325825223369297,0.7285852542095308,0.5270291952343003,0.6402601641960627,0.7951449595738914,0.5159525092990765,2.199501965340277,1.5107196028145733,1.3912312606812332,2.0603581100502453,0.884881812060845,0.2482431939432028,0.7470025031301499,2.1305567219055233,6.633444896756859,2.6154978354055376,7.274799116578953,10.677754834692147,37.02128660512716,101.54390719893803,223.5422711024616,533.0465486968653,193.6440179189287,502.8507421944539,665.4730670550334,553.2315374564203,1417.8842131220122,15.844510441383113,4.329689387360149,6.433264083222401,0.26903736346872215,1.269065298115512,0.8375079077679352,0.09147842212897458,0.026901996329291977,0.023203800593485764,0.02505791570385647,0.014630499694780787,2.3694242836441104,3.0327797161388057,159.27284379174472
1.2352941176470589,2.2933310693382065,2.6924048331726285,1.7320930325028234,0.26601695046092116,0.07795750859622019,0.278767900932032,1.018607893926939,1.1389791927651736,1.7426196730570753,2.908781186105555,2.7771923677414754,1.2074136235777284,3.7452637969165425,3.372445144066762,1.8060480030166095,3.8749462212472263,4.336235990824836,1.9087936801509215,7.8951963228722075,3.2942913245568546,16.113417823920074,13.924216572652433,3.240504168063596,3.6313541942555188,11.725967968451155,13.761286970868102,212.425080073664,585.4587617758743,729.5375481813167,2430.450295082373,691.2404516227525,16070.451349215578,2626.319305780587,294.104452415747,30.350638948554195,0.9016669058931852,0.32166254732671645,0.576714108883273,0.14658657438123449,0.0837736559000371,0.050153630497167735,0.07096401953928304,0.39034596627632356,14.706580335881355,59.83534661124371,29.760030506048377
1.25,1.156609716968521,0.6484531433334035,0.18344025890573024,0.2844168444830943,0.6975804628624469,0.17918861556451518,0.3292731699712424,3.0886475248720004,0.7203569167921803,1.7037588618236386,1.3275113520439035,1.1392460494233452,1.0153537798239571,2.657050863722818,1.492148050045071,11.65729503036221,19.00310726264448,2.2468019786792697,2.5191279577294425,8.420271562047148,43.042209774127755,46.575272985087814,71.66489397044455,97.67324725513951,121.68992139839986,88.47515249294531,196.15693110297553,743.5538839950232,223.10119856313293,1191.5340212444812,2926.4752976447708,2524.560514058135,3951.6521006826524,6258.494633801337,658.7196133630073,17.14778608943616,6.587067780077221,0.34784623271348797,0.39192511047194156,0.09004202517992449,0.020261479414703704,0.037854650638922946,0.020308828380316384,10.630615828232362,83.64214448463584,89.75370253057511
1.2647058823529411,0.805834981590317,0.6430122268348047,0.3315774119640396,0.5402347506855814,0.4822264518820834,0.6583502739859324,1.8690736647696267,1.6897425797141825,1.5689740517604807,1.8677008837431446,3.0478245472110985,2.708053764534955,1.2478515853393324,3.117312497860668,4.165172252770101,3.699416456420157,2.8305767444059025,2.6196622339478615,0.6027688584843988,0.945315189353677,11.920485612607333,84.69921698674179,270.86411013797465,574.8771850438904,531.5968054203291,154.52923416607925,171.90722743877942,1022.6927437300131,401.3869020738527,9.363246864577736,330.3874978309871,5694.089362693221,1228.101841895265,968.5742741141243,2731.5646212501224,676.6794365636991,27.3278374389973,2.0084720065552544,0.6969624851211433,0.32974293475060196,0.04331979263306468,0.013725805792459028,0.18917135283504316,5.052775274100346,10.280008401720423,45.216797046018364
1.2794117647058822,0.1463104520246826,0.21889010947139767,0.21005684628455856,0.38378537846979205,0.1598537194445508,0.5962196013580454,1.2223819742494737,4.810873241736763,2.1151937328776294,1.6607395925381003,2.0987032012303692,1.57155048979463,0.8177140376131418,0.6354519926735569,0.33156895191428293,1.6738032904474809,0.7815592302812263,1.0908987585872183,1.0862129643962408,2.974906434205028,2.2953497750124927,8.663188634508314,17.816661615289945,123.4535914743639,413.3017000965151,295.098713529108,224.24434468033928,661.1980998144868,450.06783810279074,213.18250957694323,142.18032201964635,555.3917502470177,1369.0020437724334,797.5870675542806,654.5484179465786,260.70250766266525,82.06732278049074,4.966069082088687,0.4295889597513626,0.06206701626328921,0.02061352433399991,0.030296692050670853,0.035084802981265845,7.492834618323515,144.48619683150332,379.96653314224795
1.2941176470588236,1.768418838920681,1.3321093181139614,1.4391231081303821,1.1876441739199024,0.965705709823798,1.9780068612526849,1.7550308644986137,1.1642730797148428,2.4896638679028467,2.1620045220322814,2.0218947499313233,1.7568920526187832,2.541355330099091,0.7183279060789788,2.817284365798958,4.4889585788360025,0.5178540993455878,1.6944464189129724,1.484100045155257,1.734133443896329,6.520498795863722,16.80137068406692,16.54226309793564,68.15715498202024,153.94490074893497,141.8225002180514,329.96062534013527,467.35893235549213,584.8646341216236,397.69419500882486,54.763103631510376,3043.6247271845896,1932.2563453324542,1623.2138468263465,143.41587360217474,130.06300685605683,36.68666498797792,2.545507246924714,0.20980663974490044,0.02256491367838835,0.05502946813382574,0.03242294316854338,0.07617822331424551,5.016077843965312,14.31611448253693,87.41667018229248
1.3088235294117647,1.284292730097702,0.6679962119679824,0.3173702878256524,0.47842864694019854,0.804299682453829,0.5027692773798607,0.496016090505701,2.096089367477526,4.955397377626751,6.323844459778204,1.0776622767519615,2.4081036712146737,4.08127398112513,5.345985739776628,2.2715436251759926,3.827555449147715,5.654023186974551,4.540268396112357,7.39341869599579,6.424233455243386,8.291326465547746,4.576898297931927,23.49512381011015,283.49646862517386,383.14125139271016,1.3574618167783326,428.06461727322693,136.44995827037624,219.47997237474897,796.1481821813204,1619.3225613095674,890.7087126376166,221.85709466097381,246.38734105318903,773.7964176626924,77.96458034655244,3.4381062869439454,0.45072344829859634,1.6425241527752383,0.05779834622944527,0.007585253913076576,0.03433249170639201,0.19700209413705166,0.28290515773623054,24.893749305195072,34.077296513442704
1.3235294117647058,1.5641485149348708,0.49107522230473477,0.33311884233544725,0.4868807561084865,0.7673974452388554,2.0055548320406054,2.1511625272705452,4.094014585080643,5.411733836525732,4.844232102141083,1.5704234177407785,2.600641775550576,1.8937948419312303,3.3748749384472183,9.356048185707545,3.2635806587799387,0.911568318912664,4.220704182357821,2.076596074425347,7.369892838547644,4.594178612248746,8.623551010740211,13.302581347119508,48.982457132182994,438.4214995085616,199.48028725935148,140.2229299330353,378.3611001865198,22.45196207117708,24.86809019738427,7.68170384069348,418.26883387230146,231.13574412611393,2007.20600841662,2286.021553912143,600.4517734448099,156.5828694676861,30.9775159110215,1.6266386025300914,0.41994760798466235,0.024728913655932105,0.027397241301118386,0.1777152184153024,1.2333736139592602,5.907301224391475,115.48999773214749
1.338235294117647,0.511285312955593,0.7473503951771872,0.4950301302009845,0.48575231489802473,0.88861302071932,0.4612912654304035,1.5514934952092667,15.537181145377076,5.975946889427509,0.3207053175139747,2.599309544578864,2.7406607419991666,2.4146338019147944,1.415601482400906,4.223133034153204,3.4649852705319013,2.6888653435857153,5.397146513797338,8.98402402970904,3.8407559583009996,3.1867227235321764,8.41957676412569,38.71820787768098,131.46726238220393,187.6821820721685,113.92001629960708,130.20951230256597,113.09327400324544,3.2104414611456384,136.71122122650343,842.9747100962451,11081.874252260339,5283.930786682254,2125.145891586985,2745.520958925129,1768.642753996722,647.9466164465737,23.589434149995128,0.4835361144515389,0.6665019608857574,0.0930440832076694,0.13360031176754833,0.1956631829939776,1.473251530538568,7.163930699092246,96.54302388480961
1.3529411764705883,1.032430455341635,0.3665652480375139,0.8838241727380872,0.678846932753777,0.5943816738373765,0.5875910673193505,1.2618203725790347,3.3016908390076187,0.6468455449008079,2.542352179806058,1.3241178239655071,3.5773080578994603,4.451933551486997,2.833301709688684,13.151265949525012,4.477247694933398,4.5238562693021,6.3200070604684395,6.40897997402061,4.887670182888586,8.35430982883501,2.816222051863849,6.366172690278004,20.134734716988312,70.51689257643295,180.3773627520581,110.12187744687526,16.92864081394698,334.94859136942887,1531.7451502164322,620.2682450297413,2723.3823183929394,572.8154112714192,430.6631566703427,902.7850023170619,351.1853335961159,221.54118137015058,210.9784937156655,3.6511175902161335,0.20678048735345528,0.024908488988349575,0.015705657419303597,0.023381816296703353,0.25878141377351926,21.862777524328116,93.54747528285864
1.3676470588235294,0.7756128215758713,1.4241113472446698,1.147816817316406,1.1440197392606866,0.7535890984765072,1.0171955469685539,1.4062728865327072,3.006086156885762,1.2224597720003718,1.3307821344507123,0.5970324872179478,0.5684161741077078,1.0488953289415521,5.386475711670708,4.4064428600201815,3.2942133876242794,3.3609309237927594,2.672875542510395,1.583195329691217,0.5540979494143387,9.595079222613492,32.55597075653494,43.99167176219694,52.544265241781446,126.0902049730261,53.90314394248707,9.721271851867025,70.36780957233637,90.22345353754721,749.0877698767389,308.4350738966209,508.15681379333324,189.70646933862182,311.97405053238447,295.73314972191736,429.25771404986426,95.25430936641456,270.835488987567,34.01215135965657,0.22659517454210654,0.12386737743641066,0.04180737645030869,0.02490615088441036,0.19414075322788185,10.605356068091972,103.92443317519053
1.3823529411764706,0.649198527074658,0.4429990981649627,0.6665295950072931,0.5834451379180954,0.136103628428936,0.22872125907036278,0.18108943712728431,1.7819556022073963,1.408353245608629,2.775620442347877,4.152314985989518,2.8232792496729964,1.6887367878826955,1.491029214273728,2.2851674226283256,2.06972720399714,2.2776286853143612,3.1332114694879927,3.6486875710268833,3.360989678906881,7.226687936598607,5.656495992220728,1.2495743329888844,7.2775984881188185,8.662233629012238,15.283445403480098,168.8092801756423,532.04698823172,180.18114022715048,160.56783753215734,236.73950881023967,4244.210832604033,1914.6142737336056,1053.089203069652,150.54954650327466,300.89569463079494,99.46825121763732,226.0345790438298,26.480183037211454,0.13653669414659955,0.012280309764917244,0.08857076337024396,0.03662596438280286,0.08491613620828188,6.413650387580203,183.4437450641562
1.3970588235294117,1.219371157759496,1.317431097551753,1.1420274560938761,0.5500043920821645,0.7268047027036539,0.6277619059717328,1.578825451297039,7.41050912497275,5.944257656196546,3.0920328480965527,0.603721250748537,1.3099196270105937,2.0358062655767415,2.847627689522711,4.834855685641157,6.066590913272031,3.600940000157899,0.10876421660491249,4.37758746728802,4.509319980102079,5.2679229129779515,1.705878186255539,1.7333561035245053,2.2067481833997977,41.25009210763571,160.81112914134155,145.7085479533029,91.02604932357832,141.12041554110425,211.64332491839025,52.976393311900296,1815.238758648509,932.3171225292757,507.6050662280851,321.85715873124855,225.4746039540618,66.33417359595747,9.151040071780743,1.5827942112689066,0.508231069930094,0.034662689078603946,0.023488910101552362,0.16156784234716165,0.9978114925105079,15.972726820408926,182.85304589171938
1.4117647058823528,0.6392985360767591,0.10978592430348029,0.49926660270158746,0.9216674424892266,0.8856172566995395,0.4323258545541282,1.2760937616190589,1.5608800235786644,0.8462042906232164,3.50735024518133,5.5893133045704335,4.253467390900332,1.719944606890321,3.075288176795759,2.488632133124765,76.55010462417775,253.72670722305244,87.97375703455994,19.738070276742015,8.666683981260519,10.080989789389928,17.03009440217958,17.47743396107027,9.35291687949223,11.236302226363875,72.12987088899462,13.008890751565417,79.57342924139361,102.31730443417246,130.56578500257672,469.17116540624124,590.4797191732121,400.24641801610346,81.49056783147176,198.81233585703632,123.37891457890757,34.81738933214513,10.829232185304054,0.5758155061340337,0.2933258587377213,0.18872123599755586,0.33269987467129414,0.666802723055863,6.388594530268268,39.988705178085375,162.39906452536758
1.426470588235294,1.4627664341085713,0.6955833311241812,0.6755715615153787,1.1876123567576131,0.5722895613489017,0.4203360098007274,0.6296644434326941,2.2730832310921,0.6464360778203984,0.9586254676518906,3.303132200022961,1.5918319622536337,0.6805246720387911,1.341723420037729,6.466826052830783,9.502083072023492,146.18636179749194,154.98232912377094,587.2509642189848,652.0841216372248,114.28829816735282,41.73977845099929,11.264951472453166,36.819266494170726,9.873730759722509,9.73000727766673,39.23067435628133,351.3288456657994,400.5461156763513,380.8038585788868,572.3724784950537,1091.2696085753869,110.02858193684943,214.731246509697,363.3919829595489,84.99590038310184,5.675024573546733,0.6128438984491773,1.502899974076061,0.058210025198068546,0.048413500874146656,0.07211782296557499,0.15929350971218437,0.8482642538904053,108.5305371361047,99.99355212553394
1.4411764705882353,0.2337887443229511,0.9268343878882679,1.6020914504267845,0.4987448823518555,0.39724575239925536,0.44930908040491846,0.4832365342969062,1.4696732183228807,0.7595873555372933,0.5990346318739159,1.7846150772203488,1.116964046351111,1.5931286057542247,0.799503995644294,6.490078386333691,50.77799319256221,265.8865990246891,134.52560504257366,9.871735343227147,194.4873847940747,1465.2421906712198,3740.126503612815,7133.312212150475,4804.691479998897,1082.7461049041387,39.667699878277624,127.95068743927575,333.6564332526658,498.1300742585902,1138.0644588338537,96.19339714407184,240.51661468461052,13.701302184643442,43.21564892386462,56.24231540540213,24.881630090575626,5.4739707414100325,4.558525013848004,0.41467270204486856,0.1487848582190926,0.09567694901288984,0.1313085812581536,0.05849008826105768,0.4648232008345357,30.40160642017616,173.53889807311003
1.4558823529411764,5.3645726175290305,7.212934576327043,2.8327009999080532,0.4255786998109045,1.327352505142616,3.185111390387582,1.0374247012217082,3.375376421984624,1.8226896557385839,3.4717221340068134,5.608061338987801,9.876592291261199,4.406260155098831,6.186911900031517,5.07199028990787,33.77461019455107,95.02659249827092,61.26266224783887,33.833094809551945,79.53621442143762,142.02993874354237,227.47306763847885,283.52555124832315,6866.182757104783,16734.033593450884,13077.691177953086,8408.523051812208,12414.254385886325,17108.45997210901,10822.968210631589,5400.257221152188,1915.4332474132632,107.4868143339416,65.32172575485853,21.839823168238325,5.855716023666202,17.05849766164561,11.836541357946587,3.6718205242902,0.21980936878601037,0.03835870065454523,0.1278761200884723,0.18120839104001846,0.866954119742457,2.8610079972001285,101.11444793351131
1.4705882352941175,1.079954619496719,0.6186515544041655,1.3423528378000855,1.684392821770285,0.46771663358481047,0.25790410673187597,0.24611728349158313,1.9323813917926909,0.8914400089414168,1.8919576661389506,2.8361540751212466,4.366835333618696,3.0601427657516407,12.778351052104187,37.1640906152858,54.225973787222216,126.00599485025062,18.612009960868022,12.843441717251956,34.8379198685803,33.49195040430544,27.648466642984552,39.99210053747427,15.215883916479637,243.1216217856445,532.8462316534484,823.7642018261346,1380.3620890441719,5686.539363301784,5218.085026159604,7155.968449874248,27672.31279904724,5093.598265724031,1476.3416626339392,573.5016103755145,74.47831796859393,2.15168677019615,4.646466810027601,1.1402556712708893,0.21417526322817051,0.04481095705299776,0.05805004930260443,0.06428312335683872,0.2626275815462611,11.949282491989475,54.079498844586965
1.4852941176470589,1.2949584786000643,1.015280911145259,0.4483458592106739,1.1182232104576175,1.2011827105604989,1.2395753374841032,2.6388478231777635,5.826541973807778,6.863108018732504,5.878518531872904,3.54132004478899,0.42365809960013034,0.6778551607268009,13.175277058882012,127.25000479688231,252.39384243154103,135.56185010678067,16.452255671707363,8.812218075719525,6.051484443491224,0.45039595518905073,14.197635916686243,32.80399431975915,41.66013551573667,13.789143605025238,102.0921406959835,388.84130144981054,309.7800246417221,112.261777736232,1007.8146802060637,1430.3944556066967,2530.3705798567453,2071.9824965394364,10013.068712505708,15198.78376551206,7987.866029504755,2437.804979905537,467.9298884623805,35.61916349478889,2.1029888122134524,0.505166765145321,0.08755918798647958,0.02671705576819755,0.33109953245206386,19.065558752129583,51.75918312885001
1.5,0.45188055321911536,2.1852887316333067,2.5264325469369693,1.5056009627439726,2.624912502949886,2.3506544161003418,1.6877872052201812,2.4672373546198294,0.611140021813251,0.25938024268258164,1.8205818589058502,3.9788954143123236,6.252615814135767,3.2855464986861738,42.24460493736008,163.57629669186701,96.62954898628897,39.87546148288346,2.052206754254018,6.1205637660729675,6.8365210273106225,3.9205649477676365,8.903016504833701,43.507976647696125,96.74151230910726,292.5759377751444,718.0802058605946,1556.7881137274892,1841.7966850264393,875.0446619275641,1106.0278965366865,1347.7656687082172,1840.6996014177475,2030.675661500227,685.3042490861758,1243.633252427884,2349.308849240033,154.92317702525094,34.247205044761415,1.4288881439213257,0.7899812082754734,0.02173297480676962,0.04069653075843135,2.693416907001046,1.1746846786703469,67.10195080724627
1.5147058823529411,1.5770568756728176,0.7466586153101543,1.4130545095995484,1.7850726526726712,0.5333961627418771,3.4702988701693678,3.366461467564385,4.970082728117157,2.6833607762793408,1.1471328170872233,1.8063723679891592,2.177009622700483,1.6088280682519858,0.9654491630325892,15.894397762709666,17.005289018436965,88.4254558928715,174.02646272211268,11.171541903840177,0.5886215868973932,2.3573115138416227,24.655206130205123,91.76002405814896,68.6951490476452,74.19787607906935,265.56911601649017,477.23136791370496,818.3992260821428,799.9618605911273,843.0537070121512,1141.1020837008882,474.0779221282513,137.340672078948,442.94929246132006,615.01963532808,2676.1566819921327,4705.942480981108,1155.8675242489273,12.811267545018701,0.265326991697643,0.09743812554247368,0.13938252107678017,0.34815736960252314,0.382774417534558,12.19302242503499,152.59222537065605
1.5294117647058822,2.1867049558340925,2.9169544932688676,1.9915133776115808,1.4342407845592113,1.250583638078088,1.5951026829443433,0.7823654529997299,12.328643438879059,0.6220477435418683,3.800821762179025,6.68995578932619,6.208603363316767,2.883975544012756,1.8213858448783198,53.73240758802346,76.94212819087963,78.04925082143869,265.2278436698452,113.648486538501,14.308342810504444,3.591278526042993,19.57562634620988,2.473197984071532,108.29552617313155,273.1097517215145,640.5277031537773,876.6139627342754,210.52563349652638,211.3063400638361,73.00823776998318,92.28279542220403,1471.2328283128786,148.70716097777978,18.78727904692477,239.88085818256903,398.8302657984588,763.3648105779789,516.0112677418832,36.695209462259946,1.1048788163275587,0.01898312557082341,0.029287508922041725,0.2102687411303103,1.0350297261864183,62.87918386216296,434.19283290153135
1.5441176470588234,0.6163328245298221,1.4434046723645733,1.5323076749401783,0.4867618300388916,1.4010475378925036,1.005229476745086,3.244614592395192,9.03435363685549,0.221692760499999,0.6686243716067038,0.3407741397539593,1.44660440864617,1.4951500738768662,3.725595247165169,21.157664657372177,35.82420125091611,14.599441944025363,91.74533247209666,24.594936816856723,13.660647095764379,6.678655668657214,24.821065168205614,15.064857369182237,2.289105838962103,26.006151260418612,405.22802212326303,611.4351386707256,793.5098400078755,757.71957157451,331.0821305277458,204.38324334225052,359.9995303827686,658.641087978523,107.61885274679366,394.4719801499572,303.05373862155795,61.56065597893519,39.68785531133311,6.540107979036001,0.3888033885917665,0.04155738751725013,0.03569670698620511,0.24451576269234462,1.7091861558152883,91.3420485202426,189.770132620116
1.558823529411765,2.6580105099222284,1.3197962097881442,1.4128750652929898,1.120041131819931,0.3484798432690639,0.48233250866728455,0.16584024814932513,7.873711925820913,1.7929660887035892,1.4834360761067005,3.3051827628678265,2.517894636339545,2.185066888565431,0.8387614273180974,14.280452712409947,48.599547565711475,165.41743423911595,394.30403525580033,64.38631799120445,31.26007783107227,57.03803296273307,6.558118550059174,4.490478462028744,11.931174807104364,13.15749506859397,140.05369183400782,246.03002884403588,236.9457996417509,585.0054836306304,536.1244068637409,966.8272435713827,5738.931396011262,2805.9052984447653,1280.0193429274902,769.599957774227,173.35374651289806,47.41549468924646,4.17526519966084,3.8432972182761285,0.32008303592192194,0.10914975847010369,0.03577121212545334,0.7523832973133908,0.8272669586628578,17.546758620253403,9.099464464395963
1.573529411764706,0.2009370420525825,1.4733415414916617,3.184406938745602,0.583860593383943,0.7963310297034514,1.6044327582961846,1.2871977420466791,8.289000961567131,2.197678233870306,1.8779549827760136,4.295452593579695,1.6356412922007628,2.0745458637371486,10.685147785895637,11.89525234561119,16.86241793728367,29.001625230519302,482.9806806328313,1956.2444243275784,2305.855899099168,2329.544388900921,2823.4537704457575,2363.315922073345,1048.2821991053463,516.4255826225361,147.8598524491175,559.096647966679,41.842427129325756,155.87188495296692,71.23969182096235,351.48175178915784,213.21323526769456,970.9459861964367,517.1675796789598,51.12664710300045,45.57395844743825,47.66007501819939,10.394070325864963,1.457663656626619,0.1801442480728905,0.1248863473903071,0.1793589423279115,0.21757802431162415,2.7536113039316623,61.23571118101997,85.33622806494621
1.5882352941176472,1.391100791877463,0.35040594139603953,1.6981569682584459,0.8055167235229473,0.25350975051175345,0.09285673598899297,0.9331915998405775,3.0932253518482,2.3626213191515437,2.3963834447753154,1.0484857591439467,1.1117813637198162,1.8836092948636725,3.6640121065640976,32.687229600709436,28.401714905933208,10.752393595631023,63.2506281811155,48.87386130009518,52.57048687820958,24.999074540986687,195.11983880950953,585.1109258669755,2745.3375525215088,4743.952115731665,4397.967264117057,3841.87040859029,2857.168411299366,2065.025066984009,453.0031038274551,237.34854297081728,403.928883153863,248.2846614676452,42.73567319069065,12.71422631679265,20.67355941005928,11.554053415914325,4.436609104790177,0.8182644531928043,0.10353900675502926,0.021533275237685476,0.027922915968793347,0.021220002437598605,0.15602961731371917,13.042241411476633,55.283248051165245
1.6029411764705883,2.144653293429762,0.4418662086299636,0.3621375178934729,0.21930032706199554,0.428134261305522,0.7563339757862165,0.2628822201843945,0.855696203464684,1.1119528365078453,3.291757371354847,0.8239842450692317,3.7388957612518254,7.6029046991854345,24.172953633985756,73.81064626364179,45.1223930046201,9.207191121236708,133.59785486087605,674.2682185545361,911.7972818301453,182.53808260535612,18.110685445211285,17.506399382172578,47.58534408389316,25.134631465235927,160.01941533797137,610.1519881349341,495.3249171437982,569.7740586777524,75.06219714410031,275.1564209077878,1191.290433324903,229.82323593667886,39.71231413778717,17.978331673544275,5.217820910181657,2.94466285816723,0.8861375965207909,0.6648396061386912,0.06575386554480069,0.07481777869825945,0.21420105846066353,0.7158680576668827,4.932481416645747,37.15038059479671,141.58038695463728
1.6176470588235294,0.5699978328038927,0.8081560073467088,1.301779942902208,1.6253656300106407,0.650942469246376,0.5528681006742251,0.5931414695563487,4.523353672279438,2.548888240586369,2.6795390155085363,3.2051620127547364,2.333401274299827,4.646756079923803,7.4371381163804156,39.848846900253946,12.339033620633888,57.198767513577906,14.162504005158151,16.386410143277605,43.87541743566881,510.3583466380808,197.9627046325661,103.32453576548055,95.00380722796245,218.0686651674243,378.4012582617474,1636.65441879743,566.8891918674245,978.1583572419524,2095.8829443745467,2870.991134956166,8375.12073172117,1240.1960131984413,319.5405761285649,33.34876233972023,1.4963477047458564,0.7052150195964109,0.9717430902718538,0.4816942306775758,0.028939055851650304,0.0558495872495107,0.1093604298243166,0.12368108936719471,2.1238108304651826,48.219115148513815,127.42456348518996
1.6323529411764706,0.9728416694688083,1.7662615878843833,1.6310242613494927,0.570677483114799,0.5448255157972193,0.3397451953127585,1.478723781274324,1.3176253831282203,1.671646506983576,2.879552737391786,1.4356522663688602,0.9972687021600637,2.6877952493981914,10.095152490847115,6.940869152253882,3.504968414503283,64.33219448371067,114.89818378402897,123.28305302206626,442.1595541719613,625.9051132599477,321.0634905071108,715.2743981161543,1080.1071336348248,978.5890061006544,358.65584017389074,409.6736241777735,3042.9267891155896,5351.058072603362,7316.346076332967,3759.5365711334125,5648.217217031048,602.6798743404635,5.427803530436603,28.034709035988968,3.3825990207733407,3.212230758712825,1.0371529752290067,0.16940847679731405,0.05429568517023478,0.010688795963585022,0.08568113114597668,0.12461176728060913,0.3749251332347579,13.57166068574262,29.64757890972969
1.647058823529412,3.7202180251007446,1.2069233077103192,0.5607953329929414,0.525648274574515,0.2276087293185291,0.5760066244805842,1.2346358953825993,2.1103767538534695,1.1752070351187731,1.2812944868806897,4.293801228786188,4.1923214956604715,1.3346989409953234,4.531373757677101,13.93789237309959,26.298958433634212,38.80860560210108,18.84206434247895,6.907682937859567,65.72396180181266,715.2990668249303,1888.9756891149314,1311.323475707069,129.24300671385433,816.1789541725083,1821.459243919634,228.18401313374062,665.0641799157329,933.400321954729,443.31095178075344,694.4542716115106,6359.532751848674,1811.9961995168887,517.4952920798837,76.20919196032568,3.9500270496818333,4.171298708645592,1.7044357410419486,0.07529793750807061,0.05955896674340056,0.007769424640005931,0.015640874445214177,0.04693367142222265,2.0409961741722302,5.147481917911458,51.93873356844729
1.661764705882353,1.6410420025520358,0.4619609015832028,0.16550738331776949,0.3496728052559934,0.2654685936923899,0.09781511960512385,0.11686080661002855,1.0409245731090222,0.9060005511413984,2.1869459664452418,2.278387408293222,0.68219661528766,1.190451215183805,0.8900828107903161,3.349170364775924,9.123086554813037,54.63373300153969,66.98504219033377,31.99169942831604,5.897729710777348,22.99059560086998,90.17774703387622,914.1795183368386,1568.5157315141992,1138.072826650957,107.95849014594816,2175.60180693869,1232.8331278354756,522.8587632009436,605.876238921297,1347.268041132822,2761.556723737952,2753.937677476718,4367.672546710406,361.7640589970139,32.55477845316352,11.530241299423015,0.41996934956172566,0.271565319879624,0.11162656707966172,0.12955415360890388,0.06660744765209968,0.1351387656723149,0.7213908917573988,28.299493632197116,67.86267297669428
1.6764705882352942,1.4364288793471414,0.3569601675195623,0.32169086136786695,0.19235687149320801,0.4409220563711811,0.7141897314357357,0.867425013314306,1.322918343015751,3.706670297846589,3.4625323771601746,4.195571801041602,3.2870104888785736,1.6383978518766733,1.554032615843588,1.4487841377714583,26.823315951817467,239.17112079733144,208.85519065395818,28.13433492905324,9.036730518855443,27.562342505638462,68.70873516606912,19.13677961363549,49.35219443048676,626.3259130942702,1043.6152353902476,2033.3775579313378,614.7592267194468,1044.9220331357308,1450.8527194776052,3416.062164444193,4312.785035804616,1570.263955899683,50.9126937873624,1281.460874103794,241.12261520716368,3.699932560136956,0.8364029031063149,0.166718750778129,0.19331147768887333,0.015862188030980596,0.011183249396642178,0.08563992287627667,0.8250645377119512,12.35619503109747,53.894541447486674
1.6911764705882353,0.9682794486362793,1.3442868682646367,1.7147144187754764,2.4870169182888993,1.0725075701778266,1.1220167003253476,2.4778288640182646,5.007849272676745,2.748155593048816,0.8763307093987953,4.424633631836755,2.424915430689262,2.999706732879291,0.6027428056878,4.0745706746568136,10.605537772144615,124.93697240112789,429.8416970252217,196.93586819974837,88.36430022112037,24.89677721267711,4.4943038270304285,37.09124324562148,91.81606541060992,48.870511068118915,78.71216720649781,352.68626920999156,3464.0035131643517,7087.54864311386,4634.845726781326,1520.4587650943804,1908.2259441110373,1569.167818665137,2953.5727373224604,311.3110063883243,254.41602336092865,27.404051265093724,2.6029225754080416,0.11850677563455395,0.055485826299891836,0.020992302240959146,0.011770465132815641,0.09144509867655656,0.5835553377747247,11.766989937279348,117.59798808779178
1.7058823529411764,1.7837590498698006,1.7197049785831013,0.9545375423753433,1.8180068161867844,1.3464863295837954,2.395525622996294,5.881747466927891,6.7162969499455,1.9065183366557463,2.3705053922986488,13.393214346067314,10.517222270268231,3.160811700218649,5.770572724753503,5.005271522380188,12.454192725846877,43.605773526120004,544.4094519597294,595.7241828115427,31.14099551110276,37.83419014784015,10.61120770622318,68.76641956510636,112.56016416610487,76.28094544122771,19.11307826942186,21.261822252548797,119.00186042080004,618.6510858524927,1465.1148130906327,1659.454126225721,1125.5446439293019,1399.5818968692492,2361.2188480937975,1910.5288152134747,798.2485868786384,98.65022957602375,4.290474146594907,0.5113828670327591,0.14236549371488585,0.054585697183059195,0.04379634193189092,0.08201853608822252,0.39868492428943303,2.3735052778712333,19.42424765084329
1.7205882352941175,1.6373697249440458,1.441556430930924,1.9912995290031572,2.4606013841917456,2.511231923088011,3.746124669598117,4.543888387534389,6.906394701417046,1.4893546150060724,5.208186595281903,5.017325667289651,2.350053982534126,5.671130940061913,6.272866994529531,1.2201047600816022,5.841927151656473,2.948107493409605,779.2254078461085,4862.003086664456,3855.581802080327,1386.467444669567,2594.281569824947,1506.9227655890306,336.4033882686687,83.71745298800178,81.69658500593508,91.7696679747971,346.21017269592284,1346.907710433691,1136.2262724322218,540.4480199208824,1488.37438453277,2919.30517855202,3976.8220237016403,3009.9687814221834,2063.066484075234,1136.703325198332,184.97631693662558,13.04617885872155,0.5595717160134465,0.09939443864048955,0.0378124744849198,0.033363568804753524,0.914005732036534,7.240988188849094,6.721299270417192
1.7352941176470587,1.9504688580042409,1.9696848886762157,1.5567147926510063,1.5155487511374903,0.43585773733342725,1.8853928782468448,5.580011395163075,16.613232337582847,10.729155680631997,7.389198174037787,10.863543122803753,13.271242884682415,16.754331951944337,6.552409073448792,8.481183424931649,3.9877351830292005,18.479782860349296,265.8552373445886,3458.159734051885,8606.752372767405,2387.566545594155,609.6600805675773,2535.788165320987,3162.498595697286,5929.361880554581,8764.160211346789,7571.701628791644,3338.6132265363,1734.855515163908,2202.569950064237,2589.5307100696737,5800.421599429861,1986.631101162413,1740.2460529988182,4989.786818579488,3246.905747138445,1249.9354366632563,414.3981446744746,11.036833583752854,2.55290913743794,0.3636658651184336,0.25735222375220596,0.46012583795041306,3.058807302065749,17.915611825326174,56.89099623000862
1.75,0.9334494468099882,2.4078468342102064,4.256947611435768,1.2721201105130069,2.2249320923060436,1.8739652379256795,4.432699633635388,8.38056658221854,5.2355776765372415,5.184297751888884,7.575035023071018,11.657290347653785,7.60950987551681,1.986898960237839,5.170193523291072,18.164507624626943,28.627361106101766,64.968996885564,55.43546003646224,3829.2930196950174,7021.070469499038,2952.9051155260304,2125.1200649519296,892.3579695024564,37.03699309762504,26.563841469457394,123.4726272035391,744.5728916408502,2034.0935169168451,1280.8413462067563,1521.0831636814853,2443.950137049983,572.3142905166758,917.2882000068632,1291.3393406367616,478.45557521163255,168.584192006205,112.69226028351807,17.166146893148593,0.2376930896566457,0.047637081449443466,0.24009466236308616,0.23358317395558642,0.26603123039311033,4.753209418819473,37.5850779037314
1.7647058823529411,1.745448419035281,2.7561203222441035,2.2112807303182533,2.228953650770553,4.548173471717372,4.223151293097248,1.2537693150307954,6.07451421663128,3.056189259833911,7.843856792975767,7.97667972870909,2.6140026615196272,9.26905816647902,4.390714705247129,3.906754337235065,27.127607533954382,19.277943445492646,29.11171333215702,271.91633823177295,890.9368064885139,3038.758211014224,6359.186737516895,16486.571816944903,7554.118251295296,2332.1745487635635,4450.649216426018,2010.4174417718118,588.0333432874219,365.85581033036885,814.1522002817737,378.43814901117116,3068.342716611205,1438.8671549637006,1429.7587232722644,286.72057411571484,176.9915337817003,45.477113687951096,18.832946123750432,6.450573951131554,1.5348503979893482,0.2454103351079462,0.08377059520211695,0.12027241593015581,0.6301684946527208,0.15277842513341655,38.41427873310911
1.7794117647058822,1.3760714356814285,2.3160097468039744,0.629105092504558,2.2351192830416187,1.0667419077890163,4.201925003207528,2.160938372256823,15.903498726731359,22.451607858823486,27.833638151252984,21.489034089685408,9.056331735068877,2.0696293175852882,7.391984347128389,15.730223396904751,46.22706367932798,75.24157105465144,61.198119348745024,5.9433462414843525,108.71100789607772,397.3402822798827,974.3755071852115,2680.571209647551,8465.939857530873,12397.71552926259,8855.51761841529,12474.454771228779,10335.595604904818,3712.374362662439,2018.4152416723562,656.9024405170983,7023.078874088784,847.7159007970695,1698.0247992652749,371.9280400681155,129.74321420214278,62.55064802947439,44.169877365675816,6.292726399663046,1.0062201349452466,0.08843246479195054,0.4172187042998316,0.08945530834459119,0.2263140699250771,30.760189546428123,183.84813681838375
1.7941176470588234,10.585319484737584,7.573684181196811,5.434124104461457,6.789419984704278,1.7919308594739454,11.198526137964596,20.29790730726893,17.18611517223922,13.238788269380153,27.18005069623936,19.913462474115015,12.266055513406904,5.392832071151896,14.640190975918246,30.006446147369346,14.010309823689397,7.109338658442434,16.433529039489358,120.14101699123302,92.73920838265272,18.505452209519508,37.79623873522824,44.40505495714713,5.419631541307493,39.99524852288758,338.67267192956274,694.0205879961304,3564.5441010907625,18010.314255954883,8936.480125629128,5031.934692668414,30821.182100912312,3547.7501901972555,9547.690898122557,16130.155313914669,4029.0427610071556,1226.3917507440556,294.96551746389855,73.45016104978112,3.587120184317061,2.284549059437928,0.4763796959371344,0.2884488241957718,1.4916630260099089,15.85074071609363,42.15645246074281
1.8088235294117645,6.230499422285315,7.235839170604634,11.835131320650282,12.233782599533827,5.184363339548794,4.292718121278249,8.231642911443775,29.070014522999976,7.816467608184568,8.320462773179106,11.356459794080756,11.662656606090227,12.423698494571711,10.839752057102,19.46632358740762,46.30784101435895,28.84966041599601,10.696339528235889,34.155071512714755,165.24919414190333,88.42883973885203,33.605564281554614,7.031333174949728,37.20379794772754,211.7735010398235,531.7242091261335,505.0316406231294,905.8368550098746,6115.1598586025075,6460.445470315177,1917.319614347498,21102.692928426208,13654.53128664366,529.2114552482773,12370.459545878826,2107.8519700478064,1740.6760439641464,4392.412042002439,1528.9228653262967,80.87702976225827,7.7850257175138005,0.7072281306599753,0.24341783342781706,0.85494866932289,6.306998400659384,17.50361870662538
1.8235294117647056,6.710266288317349,10.304612462506086,6.406567084735108,6.576521072383425,8.368335663425047,3.663151077942363,8.468050722591967,19.98655254886748,2.465339179303756,4.807793616833562,13.939135041387946,5.139573881127902,3.8651333668245016,10.88902345492675,7.179784170770048,16.344807457794502,16.672374857778216,36.966713896277085,11.349936513858086,21.95235585310534,30.29754065729204,11.954742651391989,8.93663487964392,16.801431762021345,54.41158375508764,75.84534696104252,98.39378316628542,313.7457749323544,111.75237478936594,299.0692645359462,1414.8531025795567,9966.234666092956,4768.14427901642,2829.5015686727056,928.0102417469312,3769.362300275837,3196.7096880136255,1020.6315402094605,310.6717765052291,221.0312716513814,0.7153758913334082,0.4732486637867521,0.11032989766783871,1.0284716135985565,18.486420679192896,48.38541813131474
1.8382352941176472,4.9062254347435665,1.9040717602838404,3.8537463188268153,6.391484753351219,4.961165382817166,2.451806211714594,6.771370454284703,14.55205810831233,7.451660899005447,4.923361401597878,4.416489868638843,8.574736291649593,10.039442095647482,9.725651108953272,19.07589857423305,7.889498178674837,10.854469419391314,7.74253528619059,2.531159463057145,12.081966815111095,11.16598427402742,18.728327546445314,12.301593591037385,23.678367236719737,33.58241321655572,68.07841057876115,112.90525954473071,286.60333352018245,63.380099266228825,1019.7491630984433,306.4512093667761,3210.9754680404353,9615.657390000131,2989.4394360417655,6029.285883588465,2235.5096177525224,297.19767576352655,564.6876235919104,381.8164429189942,64.62176291766988,0.22521067309581078,0.14988144875611004,0.172890225405327,0.653619334004728,3.9434517849387944,57.29478629323313
1.8529411764705883,1.9288480773443466,2.954950071463013,1.8081735618751098,0.8221263603838203,0.7932006841506054,2.970007699915972,7.092515384000817,14.551760548016475,3.250962631164745,1.3656629152396076,0.5480710456455493,1.4437387286493542,2.7035368835185616,1.152867300274506,2.0965703668047553,5.708275934555656,6.12177803995959,1.0987759559221182,4.0603552195958414,5.404507517485009,1.0117949913027116,5.775402795109768,7.470445092623917,4.553163631102889,9.900227117556286,14.643841663413436,2.3503524375312868,42.980259985542844,101.10211634306083,254.1071285270096,141.48131228097424,1897.8086330596789,1276.8702841931304,329.90458744252317,2205.7451160723476,726.7533522074565,290.14022670870867,286.8888336443737,90.70644634330299,7.849371027943337,0.18780155361098488,0.2108670571889625,0.06335627213016809,1.1022678588965416,18.446308104852292,64.54613708851824
1.8676470588235294,2.1887491754868433,0.6575495938028034,1.3436409192740413,0.8553742679403011,1.5775558108040955,1.1793846499374463,2.800183244257762,2.2914664388826655,1.9122645089673527,1.0560936073638767,1.1711698626655913,2.153496037630034,1.8418755804330234,1.608952320166403,1.0211925199426246,0.9961001741165583,1.3063033573813223,1.6776364095335319,1.17382218396111,8.923912975730236,7.246945561040248,7.755305438041397,16.197368459178072,36.879552345239325,39.311457924784484,3.600720283862099,21.329980357714504,73.1538724927428,97.00056663176564,61.47395250038223,97.95320092162015,362.38416337386934,986.8625938467471,1752.786212120669,521.5342976641874,78.5829270191016,148.12954558570482,43.203645676947,36.51075693176841,3.670246031246508,0.06468403561687885,0.0477879704050195,0.131926767508301,1.1542764490479673,3.3827103409964874,68.5417904329052
1.8823529411764706,0.8244584860446148,2.0683190892171575,1.320766695940081,0.9442342320290216,1.4394180564166406,0.577611284619557,0.6297336266612752,3.1880464835000373,0.2581144919680234,1.4623956635210555,4.009618264317645,4.049874988486424,2.5954009913892726,2.5952818152749315,1.138543417524118,2.6781526053650615,3.799916763973643,1.3514702518649917,0.9457719232746563,0.6595687905035434,4.685407600890539,6.436741210568076,15.743064985795465,7.35000525021791,17.895386691959978,1.5466839605242155,131.69693884751126,148.33359930214198,58.3291538985018,47.26629716609541,4.650753496183166,403.2819544288536,95.25753847039147,78.6732218172371,109.1542433793285,32.13802269926834,29.468426793405104,105.2591307368981,56.416606535427164,1.559877640995524,0.0366356250227385,0.008846800283291538,0.149047450665509,0.9251084848798894,29.85472572999508,304.93237883319205
1.8970588235294117,3.902132809160655,0.8578161360985992,2.595649508650723,1.172675529626289,0.6025887220327972,0.729031387224894,0.7440881980862323,1.030731473456168,1.5237643834682857,1.0077559528914373,1.383968000316959,1.1124533162694663,1.9755142818570135,1.7580124278847347,0.5674531215100425,3.2260113196661804,5.9528612956335145,4.174810883038003,1.8406814287890718,1.0440307025816926,1.687837407741538,1.4181691415686262,1.6720489161199668,29.82138926163727,39.7932223129565,8.910285246174174,225.0009202253858,92.93583481587868,112.06003547825992,254.6066918302662,324.9431598296774,688.3232114267565,202.27523075920686,56.20137469047742,80.87087937653408,42.13066762212665,34.513040180830735,39.62132836529758,19.052867007598238,0.8039464948446446,0.03331535728948069,0.05149003388913475,0.5557967884957051,0.33283737643567846,19.284879125502833,12.291942257842248
1.9117647058823528,3.8597954828485634,1.7793855945913926,0.8314577220818595,1.4270802472945028,1.2580003646435967,0.9174111419043998,0.5568194862671108,0.8308251927969819,0.5505767140482418,0.4423673362978394,1.0843251642207903,4.221495145829114,3.781453963231372,0.7161229335795518,0.926032563348652,0.4576202355890839,1.1659059504410627,2.063657081329354,4.092802888481765,4.4378601607472685,1.5976357082964427,8.558115531001274,38.41596260974471,28.569456148728918,26.823578826914826,141.8913892930067,114.20883110477698,57.573217060100056,314.85619519516194,745.0131939312332,558.5038043100765,309.4435652222109,40.29177271754733,8.659189024257255,13.22002351342212,61.20410375512279,48.88609814322676,8.792292742665728,4.678856861566201,0.3512357296804748,0.059850110611150316,0.05444830600090693,0.04034694885083295,1.683139168119748,5.237705453769742,4.8711993032808785
1.926470588235294,0.9372457220585506,1.2977498626759223,0.5963827573502383,0.5002951288715458,0.7089395820868729,0.1532744645711182,0.11819991536621377,0.7950357117577391,0.35759394339085093,0.2565793910484367,0.20152163563903513,0.5999639891348386,0.9244760936198206,0.9168916122223046,0.696536794574428,1.5669791897615815,1.0831857621370815,1.2634704747936931,3.9608411747351866,1.6990808928176504,1.6726558665050808,5.017316810225341,35.255152177177166,50.33501686534441,36.32513131980437,85.54505927562568,599.8141453397498,1425.6140267202768,1125.3915082437838,1378.3303778137295,1300.2028135311539,296.89250577848236,35.98871159862454,13.158683890515782,28.72388007528741,12.864392554046967,3.1129074908713603,6.80802392559905,1.621420649650563,0.08353824956217676,0.009393210661595605,0.05864740956399676,0.2671560179020913,5.776817889183164,42.79758724494428,71.87564118843672
1.9411764705882355,1.770716540637792,0.6296622707352442,0.7664311611777879,0.257961251142165,0.7918598743084485,0.16795939542725602,0.20578102147690436,0.7195479277995507,0.3950955647944242,0.40981525226483995,0.7547200972530299,2.0235717996080034,1.185966538183335,1.0238960038879303,1.7602080341742692,1.1205824957458927,6.9283326244245265,9.191510449302882,2.360528997992613,3.5965099547721033,16.086817224190646,10.541335928141823,2.0907492469771305,27.848721278934228,208.17810921050045,237.7360653767617,181.55538340353428,615.2449957131703,1046.5619790591822,115.81416264778915,802.7571555354411,1028.9194154721404,36.32333559739544,11.465756298788115,3.6939343792064046,3.8343667626983717,3.379034361226931,0.4363680245139392,0.11261151293252052,0.03739688850279678,0.037869399427210064,0.11833712659986587,0.8131050309678555,1.4580106185278972,42.1017355512831,516.5751014843447
1.9558823529411766,1.2212268613640076,0.5026354974453219,1.8637881603801718,0.9340543160611064,0.48927082429575086,0.17240077433257747,0.5125560089808048,0.7038347624431793,0.11541341545752999,0.14685336294799597,0.3782612078204597,0.3951190213747654,1.0326377224829868,1.324608105182005,1.2056591330310402,1.2157290808438743,3.6037372620346435,4.869492695032854,0.8986100981199016,2.34564720042683,12.516639584355005,5.256273650740786,4.598724438602167,4.354256022529748,98.14988301016672,455.3522540815158,274.1381597586516,81.9876930927337,163.39261198779235,139.0763611935894,1033.8412731320655,573.0701332033101,10.265418070601521,1.3404514170980701,0.7774754416454771,2.9067655391038496,1.0710908363620426,0.33361148929099205,0.1656510473542848,0.07192787103832593,0.15169755862724327,0.029008057268389426,0.049324270796692826,2.886987747783226,6.794851424598582,160.47581593073699
1.9705882352941178,0.8859721550408617,0.9652613179624957,0.6179431167712026,1.369527797093851,0.711280526118669,0.42020980269017294,0.38513291389140625,0.3926081452813236,0.7728911940204215,0.7125982467876855,1.0380716451307979,0.7978809948116661,0.7950554504371508,1.642692824346723,2.370940713157923,1.2611424711826469,0.4533907740417695,1.0195935045871567,3.7928798936110244,0.43320415904093923,1.9538502603012518,2.869484378277173,17.290723934520756,39.78479887482416,16.729837682429817,42.01209225551166,231.69804812043125,230.9095700045242,119.32449745122592,40.29237856084373,141.22421740060614,45.18709738075137,2.162940963801189,0.4346032023263632,1.8986520714580215,1.3055634650170251,0.7259837740898595,0.1711114535196149,0.028230578179728065,0.031622012817260334,0.010640635876951039,0.016512243281773396,0.06717817654682598,0.5205411875723642,3.720958708148495,34.570546722467824
1.9852941176470589,2.726635525449317,0.9546103197607324,0.6786951537648813,0.9279043020924808,0.11634429624371749,0.15595973959681184,0.3239021105158998,0.7970253781559046,0.11018800937986523,0.2269644499115152,0.8376224192276197,0.9657545327538869,0.7653621182115653,3.246490694729694,2.1523047873327976,1.8783731318348058,2.452942089636271,1.9676271417864895,1.731134687165386,4.535813519192635,26.346191484283374,51.13723565526654,21.12689594219436,88.8607070240629,104.423975127511,207.63930492010098,931.733037971913,1891.240437402128,2432.739778887937,1391.0165143794434,169.3401456478888,41.65993995954391,7.078025918591461,1.5015713647505442,0.7846681721426729,0.8067735984721954,0.23976158079045037,0.2929003022244056,0.06501045850508919,0.015824055925040915,0.01686251292874925,0.06550673682959775,0.35766647424316883,3.3774162901104505,30.368072311629298,106.57171163453191
2.0,1.8135235494034196,1.9373786376019055,0.3964719610383798,0.6244128886505939,1.0823657184701154,0.3098435946474998,0.46558712323598134,0.7959194983135423,0.1672731506909673,0.3301091320681971,0.6821918712663473,0.32546436934068845,0.9397604955195122,1.8590920267966968,0.5046704223248714,0.5852696957661514,1.9022032872877,1.4291673708813155,2.5902601144566377,9.64920398911807,15.765281795731326,58.86157547963383,45.528358397697964,9.28473256919703,20.077282018159437,56.59246099344739,59.37723279443135,374.71944636655684,1440.3144835341982,630.8541060036205,763.5066518013409,231.51128278226085,1.0417396566318256,0.8688914057812366,1.6044790204941597,0.9864165315519837,0.5891359366423607,0.3971834239575931,0.16747918794381883,0.0630528299631552,0.028692344262001606,0.01839929352916009,0.04156812757197663,1.5426876197118693,7.756974406201866,24.91357258216628
2.014705882352941,1.2145996915124664,1.1890489687283976,1.8683904360434784,0.8737795824195284,0.32987041971270203,0.11996523963309869,0.22848614162809938,0.2748812396524332,0.24239124160538525,0.223000299333304,0.3718803444749547,0.5359280492817109,1.730179790416389,3.852488188576599,7.869963035621064,7.962005097032713,3.2629425781225985,0.8373383664100389,1.4449450066491214,9.20248512606716,9.931258297850434,20.60141865475044,163.00589604980604,90.57738490393199,100.24344410530944,168.55893172887045,128.05659871212956,133.2302224456164,495.0356091963108,1532.8767781410431,3104.5769851464074,1344.284466588772,21.795236977593184,4.929704835971032,2.530240349548242,1.4043553772056097,0.2442409211826576,0.04151883278363846,0.0274249414724499,0.02343734153927712,0.01771228064277645,0.03925397539216912,0.033412654666641124,0.3615855909728177,15.14368670849808,69.93856113483331
2.0294117647058822,0.4060494859151502,0.592577711640997,0.5580783477038438,0.6843499029862391,0.734592122717316,1.0251737243036643,1.1797597578788908,0.4285456685179865,0.27035673522898634,0.1064667372264779,0.5298488845223512,0.8175420890232439,0.6132260551889896,1.109733318896366,2.0008568711062362,0.9305065315167482,2.2253129423616644,3.811937755681063,2.355919985954541,10.365045505359884,2.7047253806705536,7.00364851181616,72.67430955936649,0.7226043206460585,77.71881352053421,182.15103318110909,505.7828318150571,413.3608672350338,409.8182382515317,819.9711319550287,900.1881559718797,1210.0152436643632,4.801375168045425,3.8299254723371856,0.858129484176702,1.3991475377071976,1.5502876725344255,0.7065562783273038,0.05171124735429283,0.04294415823402775,0.0610102747706262,0.028225997325805004,0.010730342284624269,1.0390590615447588,17.51056055199145,30.201039649938224
2.0441176470588234,0.5513559533246705,0.2679553578943839,0.552128564884015,0.3711963765565155,0.27508278989376966,0.3512809776713399,1.0138540435175103,1.8013668598786998,0.29642315820113274,0.04071083506617932,0.41954781475799524,0.5892430375686626,0.20788492873730868,0.10942949236846235,0.8037005136637217,0.5116333354316628,2.965281285766974,7.864768834705748,3.211456467893732,11.504142147774237,27.335238426492236,8.124126647661052,114.89750675890372,79.7811853935325,390.9599839507272,558.9844917977443,11.426133367766298,1326.0334970419185,1168.4534133738784,320.057369143817,74.08156896791185,538.2829649832146,15.376623096501634,6.965728027140135,3.049110547088395,4.266201489625951,4.476005229114506,4.15437875725892,0.9613863513390785,0.08341055166789552,0.21373062586359554,0.12038254342955038,0.025036957139744357,0.848302679118903,10.320414776022474,19.75675582050195
2.0588235294117645,0.44841333454493587,0.19194771876146896,0.28326900533394606,0.24959243022050376,0.5509482132511703,0.1850717751453066,0.10031107027715619,0.2665389493190401,0.3411236993966744,0.5356382825679437,0.35510843801704434,0.2174370742733721,0.6445223466036167,1.087372055526262,0.9950506236520711,0.9434778915717512,0.4341749350840931,1.0234981358982937,2.903967170971391,0.39625863176727427,6.34614698774201,43.334819884879806,25.111989018067685,55.06927371265178,74.84224132545242,46.963104240341664,371.739262184876,2866.903527203114,3119.697814452519,433.57452842905457,1531.3219829880077,1872.7770672956763,46.835750634906844,2.8568577947639233,3.7604468879808755,2.1955974015450224,1.6044650909220752,2.0725228072669255,0.26408118554360516,0.01649264378249827,0.04313168350984731,0.009165803333629952,0.125870377625329,0.4444099520329257,1.6362624252439728,16.18763810992476
2.0735294117647056,0.49227067536541247,0.5805487278335961,0.4625391564791923,0.8490535650851938,1.0443832569469056,1.1628298718734074,0.44666371617688844,0.4887681708778713,0.9232891621996172,1.6181547446974056,0.7399868480237737,0.30690639980740375,0.4939921515301357,0.6839707802925558,0.21345932880633933,1.782392673146795,5.344981076829944,6.409614990493141,6.3389500572444994,15.17086651886326,21.90776907140281,3.4018007908775303,3.1556386753867556,16.01027219977406,29.10462413495886,32.26183952808076,297.27908741934715,102.10899930753,3717.181895151527,3898.428030748033,1954.5058403648106,1750.7716575645543,121.17710163265609,8.917414336639848,0.4190875143764508,0.7564921833384225,1.0155923076074254,0.12383496302036799,0.08103904439996867,0.09173182598629907,0.04501166388930898,0.05587491794471598,0.06567941768900655,0.2655209382153096,16.140230720457357,96.4393267387575
2.0882352941176467,0.6296812436717805,0.7416758101555648,0.7528414622765197,0.05999724720148746,1.1886408607304313,0.9629957121854225,0.06096748302059992,0.6811243879220285,0.6159501012589214,1.2521243875402446,3.290339269239036,2.860352946788482,2.857861888742006,2.477977124931746,2.7345567325136777,5.7058873236511936,3.019353528954519,2.961211770795323,17.17963672217514,52.74888035073562,22.37141084654478,6.103074499032154,8.292720167611746,9.008436167549156,28.4222550325959,65.86474765440609,407.70853206399875,1081.6060950270028,2812.866642447262,12038.436170948667,552.7388744161979,24325.01831623764,2389.933645386802,83.22229278236838,6.763116379198642,5.5772671116381005,0.7732937182233124,1.1560318622045302,0.29613690334749726,0.09604775891132583,0.06555017393493173,0.026117304645727646,0.07743998563157109,0.5963197270904687,11.923659083437807,166.44883835581206
2.102941176470588,0.5123114398807547,0.3000894758576458,0.24595233117601217,0.3227447639828529,0.9139591787972323,0.44458030330931,0.5689925578898056,2.6365748906476276,3.247122580570368,1.4009564550678486,0.7171514719894255,1.8745984208363207,1.146515326053041,3.633203843946274,2.7095329644991093,2.8548440197130365,2.391284335975956,1.5528030207051131,2.342030603388377,9.527685626121814,29.914091225303963,73.05185052135943,101.13413046984118,33.05810591844626,28.624686352180305,212.8656500170933,1028.5131095596596,1989.7820704184305,3288.2615484707303,11346.350690918964,10861.064151878632,6196.557584132737,1067.8286024158679,968.1175217237195,21.20767283493395,20.980081948640624,0.8315654818829386,2.6293860725463207,0.8513918143411088,0.12115313690070875,0.026581198781843982,0.0472502903155935,0.1809106627513875,0.5693676252817053,22.599073268821865,141.85461126446847
2.117647058823529,0.4481653496325934,0.26054094455115523,0.43601876005303825,0.15554737234432553,0.3961893617307646,0.7616215592544344,0.6390327812583518,3.260927305162029,7.441336223643359,3.3424309259597402,2.2768344603605484,4.1036279446829464,1.6140336358972291,3.11105999682578,3.1824454253300827,1.9539993669500557,9.994125613394264,19.971854454177226,17.18667853934341,11.873714180039425,21.600961110203606,17.51722207691462,16.201469341723016,16.839482569304693,78.03981868299488,34.973939346270214,147.74514568100375,149.2517300238875,189.22994122992452,202.36029865278744,915.0737003512654,8300.480955110388,2397.3835809058864,456.0477279655413,68.469311374968,232.9907270096138,26.03863510403737,3.012201146906084,1.4445718246441357,0.08944301364314594,0.056376781927944944,0.11870373624580621,0.03721724130443567,1.5263324209630111,26.19885823894094,216.30795529137052
2.1323529411764706,1.1182430651629809,4.200744580388242,3.3667427161333734,0.1981959365509199,1.6518872990033926,2.1884834284722032,1.3773419573022598,10.012435137164093,3.436869526493449,3.806313008572258,6.761291921327702,4.686553545986215,6.32697044369956,5.073297417198216,4.490249962171417,4.433280959154754,3.7124851600896758,4.850854146670989,8.842590851815805,3.4483529581709624,7.526915245374404,25.813172550537836,6.690371376341243,22.312229488643794,21.203131826013987,210.46364229361433,476.2723441369684,503.52499028947113,306.96854405222655,1976.4152404118609,2452.8222794461394,2496.0607966009557,7671.984465125801,7721.120726280713,65.97722738796104,5533.680242834711,4180.898946029056,582.1957255268123,38.609858661367966,1.3495793465083985,0.22589593253446955,0.2841267510584498,0.36733478051464297,1.4186513331680728,2.1087647074888056,6.21506723268583
2.1470588235294117,2.3058440301566314,2.430963456761403,5.0165344071134275,2.634302229751838,2.339688288300032,1.8619792687577812,4.0769072971970735,8.089419665121213,2.699136279313132,6.088985491399555,3.2824198926957653,3.802699585481544,3.3207434300965,3.631359843025459,5.045372654938934,3.851458171014176,2.147343385004875,4.117148644531498,11.118801297722577,3.154848580265773,5.802843055431449,5.728664747409857,3.5079917696491254,7.093044304865209,4.368019633770879,4.112061867601017,2.746742386519856,57.73375878644378,268.93361618182564,227.4218018002146,52.89733475451733,643.6536146501737,1397.7950767162024,5954.362878100745,3171.714891467288,4835.725332092983,12897.43400191818,5691.303135570248,439.9919759719837,16.944038536370382,1.3510529119678907,0.2431925437353234,0.18680563483864066,0.20769329679830217,2.225855877282969,1.17551650360743
2.161764705882353,1.2474109217671234,0.356068250198663,0.5627302022300865,0.5899285057066826,1.06583899451369,2.2410239129316247,1.6009813847455232,3.898249369792228,3.359755825917641,1.7658331082195775,2.2167555568727533,1.3012053422134404,6.404193069467143,13.124444397446853,8.761547163094663,7.343407038724744,5.954283957306159,8.97575208136552,30.744454441064278,32.230404153807065,22.177580398921293,29.873330259053454,30.46518907665957,12.666118118628368,6.2012038797492535,11.850984272831285,8.309044225152824,20.843777139672383,22.701673778593907,322.66018234762225,1236.2375201233244,4448.791376523763,9028.559066570948,6353.625476237103,4036.5964839750686,2828.3810514454517,2220.1422086661555,1045.6253414003518,26.482236819222464,3.5427675390249984,0.7058367178528673,0.2338646167451991,0.15553788905192484,0.49112418205945885,6.028217101248655,21.221060519797113
2.176470588235294,0.5449326827256398,0.7064142173069567,0.9970979370143009,0.6524001875118024,1.125901288371851,1.32189218858318,2.042480665969211,1.9032936823551068,0.8106301964745695,0.7155828793968058,2.3010257475937275,2.3211468408106763,1.3882911230023445,0.5766260729989263,3.0111717574236714,3.1445437115046277,1.0919542731205685,7.31885543215168,6.312000006912435,2.975003603918252,2.581056215869523,5.328378924232789,8.616868459154002,4.77541314825935,15.60437407489432,12.881507952742329,21.40725249056932,108.02891993507146,833.6149678571992,2037.4502558823726,652.0038138759675,1996.4295523697592,1354.7052179221187,818.5296911325265,527.8412471992233,338.5815515477637,406.3671516974645,356.05898986984556,95.38170154326713,2.140760455980337,0.14349688074445796,0.06145666746349163,0.10397497543709552,0.9619844043286983,33.21477135176531,146.4025847138281
2.191176470588235,0.2051899257768895,0.029461602557290655,0.5568165673819427,0.7631959069051504,0.7881582236709145,0.9498112297166796,1.4763838684801722,2.179493633516941,2.8082633044006178,1.5521577656321135,4.931338741567577,8.914848666213773,3.5399983968323143,1.3751586479778706,2.69129477363346,0.5956361895276303,3.486957070959369,6.1862222795016475,2.2921890826935436,6.610039682482647,3.004747193011591,2.4607742609865646,2.837637295766191,1.9248615441972554,5.969121269613229,6.157614271120868,8.772390285640768,9.394529678812855,45.58486041703873,1153.1651227774441,1099.4064030651505,2169.7098176264244,1769.4109323863988,768.1233690505443,126.06988553911458,269.4706896098674,225.34084138262415,96.87052376229954,14.674139974379358,1.1849278862471477,0.016085384871528823,0.07060319894724726,0.05920891538101533,1.3639731656562883,23.633473313807855,182.1979569902034
2.205882352941176,0.34097620333287615,0.5491896691011214,0.597087767156592,0.6549777797962345,0.707867660476186,0.14941463811861086,0.8058687363087339,4.678104180988048,0.8616977586544174,0.9584566108664292,1.3157480226889375,5.427283949388703,3.2343410416683405,0.8571754655132791,1.8219222797168715,0.5162553482366271,2.492192103755152,1.811399774737004,0.31632085740329785,2.749756093210122,2.3160679226345033,2.0305752118617337,1.8168150683818098,4.892864495169043,1.573292271501715,13.867261910568864,64.83041796505721,123.24008871920188,157.33579452013072,356.83909698116946,902.560098705301,6965.862938531374,821.8744464554713,595.3787264261933,1267.65890522539,140.9545390794422,69.21028059810688,79.31917496579189,35.26342827245761,1.5776381232573444,0.027891010789868043,0.027552385912243786,0.06705896355576739,0.14427902890407127,21.87553155436551,122.50799949889102
2.2205882352941178,0.1132686256375342,0.6644480670615787,0.3887753146985388,0.4029123696602599,0.9578323219869711,0.3700863264638954,0.14313762231393473,1.1224638486204297,2.6612082257646303,1.1718785009881438,0.8316836141284408,1.217795366999272,1.1121984371104547,1.396920318163137,4.561733791664972,4.901375167009969,3.9281244193775824,1.2400286885241543,1.0385712643201055,1.4898899208637477,1.2792748792057909,0.8198642683827718,0.6480686189081794,3.059518000289892,23.434786410577143,8.279748742909973,8.062342545683947,56.90729897083442,350.0600305249792,570.418171083987,272.18783488785095,560.836061340758,4221.489455373513,6083.397485614503,2969.6138187063907,504.2125802272036,85.27446838897927,181.2781728608838,56.59817628294891,1.0762967919560393,0.03278487199687498,0.039488455867458444,0.060986231382516895,0.36060994359257237,30.31931284968601,146.1897898164217
2.235294117647059,1.2837926837698945,0.2768516088579843,1.1696652513137402,0.9366845895822185,0.5803540680645507,0.6733762716439594,0.45380674264058046,4.2814088129491985,1.5058055612680916,2.372894958479959,2.476325828668893,7.925662982248037,9.443330531957383,7.855578617328415,4.32588156854172,0.9248419518310239,2.6720865767881943,12.40369749893991,11.51236109897458,7.440838020576553,7.797503446824658,5.416002429983636,3.008526831289323,5.652692472710024,21.20135850602934,7.304915217420226,120.1714178450624,373.4504343932471,694.9681163585595,528.0906967102042,161.906328847513,2118.0811840127467,931.9318663678395,396.55683698232696,267.51487809512287,179.38593932089768,75.83120067024339,25.54788754914804,14.88560675113992,0.21700706138038917,0.0606341644530103,0.017040613945026033,0.5482778299454288,1.5278592369050603,31.98933113316094,61.95042793008548
2.25,3.637651502745323,1.601721810351231,0.5548913800124087,0.9698592194296092,0.2803001778103894,0.170131358100141,0.33470807154528837,4.567091027936584,5.6481236520216855,9.719084185856365,5.678649968603539,1.3184626236955836,0.9476645393806544,2.084095905612829,9.558045149485917,5.712827655148221,3.7375180193304844,2.5522644074189356,5.75745624860141,3.2457845190343653,0.9123058168692393,0.5005775859471076,1.28598549001882,7.187805317294458,19.097118841816826,9.889657414635277,56.885281223459614,202.73659967580653,468.512503136737,1479.7400073332726,868.8000590980346,3372.704604956163,2842.0675421610636,865.8573406947377,39.24412776044228,82.59698141352322,24.259777960833627,34.15709935804456,12.754233985410409,0.2714041498608818,0.06304744258813993,0.174346902601061,0.22097022967620916,2.4935625504720464,8.766484983536957,121.50641843823665
2.264705882352941,2.8076095536708134,0.8412070343817795,1.3026011831777105,0.9113370862041421,0.6000455975751059,0.44181705408982536,0.27852172145622095,1.9745428618267438,0.8607443992241804,4.139895250550919,6.091657597779241,1.0743133838944654,1.476050206657526,2.9459222832963654,4.076572990590044,4.325531394207741,7.0745656503139305,7.825018169702341,5.268125289802743,5.112253285929652,2.050521530268308,1.7168436681593846,6.176057141558365,10.937610060442267,10.692895936472699,3.3604459229331174,4.428031804278511,51.74267529145084,237.83994437456516,578.1321688299462,606.7299659921364,2096.397594601342,1043.8816431185567,1105.0653487542381,373.3222138813476,8.887381977311563,28.30460930240346,20.32764643856781,1.9909588520966932,0.49886858051257066,0.03971893866283317,0.11044696683824388,0.047076428193095196,1.3790752722644144,0.7406410186540862,17.110469115896684
2.2794117647058822,2.8221624324981223,1.0299708632776918,1.1084780162533572,0.9039099425907892,0.6414238709803978,0.5215883073027235,0.464901286254849,1.7928419225275256,2.1273360330194437,1.7938557229967327,6.5331653136705405,8.83139125980466,1.9456083640964974,1.2838306876848193,3.555865449437758,2.844672341173662,3.353902540214392,6.146344406189754,6.593781533847896,2.572981177244223,2.7584953556874146,0.4661689304750167,2.064084947907105,5.077354231055462,31.648826465801463,42.34845139464714,20.492168864462087,22.999187544252386,112.06656975904042,114.28583001553284,44.628594528145335,148.46564264423378,103.41556590684552,223.55035331013113,202.78168209796155,55.63916071779115,38.62446280800846,17.832089548321818,3.062020552438153,0.5427082937823586,0.10633760676487646,0.11862663170113877,0.02051622440490688,1.9452356215215985,3.5138098507118536,3.4900676371443966
2.2941176470588234,0.7824072491239971,1.1424390321002542,0.2775373337050582,0.208522363617992,0.10275946156416232,0.27839642266409337,0.6910942409684775,1.090220005681461,1.4813064488937655,1.8997103677089093,1.595853314727574,2.4884326853368472,2.469081899983893,3.448648250665262,1.7345660446739881,0.15552422469690258,1.3986130691589067,3.8092138182397033,4.442024573836238,1.8502264531849857,0.5820277556559228,1.307049864258044,1.7965647210800046,11.273296757236484,18.230905871950768,26.025171871113557,124.44556620045617,232.49815733338698,112.63037018558707,141.60632142307708,123.36701305877685,241.25925522018113,151.63113553051068,33.20677757932711,20.801806170008287,17.230315953776717,5.665262581813952,5.732892877094963,1.7502471452935042,0.11728783116882312,0.0032674396023025746,0.0663584792053169,0.012415108242229835,4.906530278457639,52.48786962715589,51.46106739056775
2.308823529411765,3.247992108484289,1.2285555773603134,0.3224948819120626,0.5471057963869248,2.1713694735579034,2.779520023453438,1.4799525879560016,4.339834204760755,5.166066983781164,3.181014868773202,1.8669006819619205,6.887502370452502,8.71886977245913,4.927032110675664,2.842939744217642,1.8931501565282511,3.7409968030065275,4.436044028281121,13.592573648293389,11.813295373419491,2.732434625239939,0.4406425380445629,2.995127588178762,13.001041636155446,6.940384353067131,9.725188092547725,17.48095734315681,202.2088881469844,41.773235344735106,1324.2573274517663,4615.087711449078,15240.369991833228,4709.945643264855,381.6544820812338,67.15781844224891,31.319891107769077,24.65197413906435,3.158623315811888,2.1923132953678497,0.5485834978209532,0.036109915906831214,0.01992824935694483,0.2746105916794404,0.6564274985036893,19.790327509276544,152.9298935997737
2.323529411764706,8.960412866078842,3.469877729618856,1.5394256983881065,0.5507429241295556,1.0128512810686077,0.6294303005752546,3.50921911400672,4.0767489285979766,2.4405854500400643,0.4971079672711144,0.5328976335082458,1.9839129808377403,8.562164574707428,5.545257550782328,0.8773820253866063,1.483496237701979,2.5137258428820095,4.871635935281752,0.4639224121464422,5.6650204284525,6.994300931813342,31.42521538234652,30.417960195637185,9.720829976601166,39.57101518465689,80.59800586431298,54.77626181078749,219.387310626712,1229.8143884493888,1032.7235847559427,3558.781148658323,6963.9879263706625,1750.5404483450814,8488.113811186573,3842.953140989216,264.21211245812424,108.23432432294767,42.321329499537754,5.903833420383965,0.6462131716540622,0.2925049291073232,0.09666325048041058,0.05100226229937676,2.2248601773332988,26.02205680732567,65.63986664399982
2.338235294117647,6.725919132319309,1.4334875109558558,1.2354054900325115,1.960662703232329,5.26766188775048,4.856730959597289,5.815024078269204,29.64250363814878,10.734315370683715,6.5942928546948485,10.175579023312359,4.405513503650012,1.1954941575457991,2.356761394887749,4.439963467501695,4.332523212854989,2.7911681765651837,5.070841342992997,2.0018103088242523,4.252139377351048,2.268937717279333,3.8847179859173435,8.77649772794827,8.414058797107284,32.366203598143485,43.64539491345383,61.03292562044104,410.4347648463464,1446.6587802341307,1751.9765681943295,1919.0962416201105,1831.2104539487393,1714.910257869041,167.5753258272743,2031.3842228399146,2958.866861681101,2172.296428989637,324.2786653495692,19.250723000217157,3.3521219564442015,0.12623544346854376,0.13355278805153245,0.33374080871923006,1.6381708329099174,38.83468039302071,124.53109421907212
2.3529411764705883,7.33036160388094,3.1792987653456835,1.106833677523407,0.8644598981423997,0.9471254422286585,1.1103376088367156,3.8606906852536795,13.210956707767762,10.450042477777531,7.044610222765371,2.5393000871648406,3.9880214209631064,2.094228806139426,1.2613367683978822,2.499915482030948,2.359403893142541,8.742165119849236,14.606767435918321,4.403242620108568,3.713677415138897,1.8152948882172157,6.258070035032835,27.310398986095706,20.511107789928396,3.100165107160722,28.331593281674753,103.12317862432091,5.479094068797042,381.1106465058476,353.62203871029453,2290.750752223191,7473.09406984648,4569.537935576078,3559.991428091137,383.71445277837506,653.3440065142727,543.4520153799995,44.708823759227414,8.170102039891464,0.5957986989930928,0.1465869285373566,0.053072497190521414,0.08970771298228336,0.9025468630072553,28.967221027291725,110.89464135149443
2.3676470588235294,0.9083728523322719,0.37780808798416937,0.7540667400797638,0.37106794978243773,0.22203796574767787,0.5524226114511949,0.5979131865946998,5.704594748164225,8.637791774225903,5.549148561685193,3.1048746988806086,11.863551592037854,5.201611426400671,5.661896417184417,0.7205731044293103,6.610467754675946,5.9310105989082125,2.5212180734839724,6.019238200425491,9.198974425421206,7.581727159323654,8.114572842166119,8.293463604420767,4.27652860245335,1.2488354638955843,34.550170148092704,224.93784444837692,164.31821637928428,590.4251827095359,702.6204078561782,230.0413263088612,240.02627476662724,321.12624897972887,62.454252725713744,131.76588318857227,724.8523994957453,521.4434850672096,62.83334152174626,15.458861114409624,1.425468391429327,0.08748040732803969,0.03077274735800215,0.03307158377140125,0.2147574644589545,13.531412205929772,142.82965310299912
2.3823529411764706,0.8659993889277817,0.8099901591082964,0.7996272006371941,0.31850249653309437,0.7294157729586215,1.2876581252907966,1.090378576351875,8.726165984871134,3.6019434122502165,1.969208130956449,5.50844273628547,6.857361447953366,7.087754049389604,4.900818959078137,4.484917310155552,10.825135638896121,8.48932976919815,5.304254596991522,2.817729285295977,1.231198601655779,2.3429688391878782,2.2134561787464397,4.458711692697445,8.929478859537813,5.526438644029549,49.834888915607166,283.5967830153712,122.09141329856243,19.31906041111062,4.868994141388628,128.01634453222127,1227.0882765715778,1208.9784551775842,447.6832237945935,24.661299137321677,205.68815720575503,259.8557100820574,43.86072972797491,15.3372050099283,0.19779629542242122,0.05613305400164155,0.065901739490979,0.16031347898440773,2.9260957436495096,8.964609694109777,7.580968660725844
2.3970588235294117,0.5421620962217317,0.2685635379039727,0.24125133956988115,0.3450909882844427,0.18724661283086663,0.7515843230655082,1.8095541726464748,3.1063791454240124,3.059947552286343,4.198487108709926,3.71816782658731,1.2029049107541683,3.0211769245508786,3.6721790533480245,1.3950758375123282,1.9476268255032338,1.1888001548761427,2.9796364650934897,2.695076220544986,1.2000807420706718,3.917128292613425,13.634131315681774,16.62899561949104,12.514681472266595,3.7203989638659514,99.42752699064565,395.73168674051124,156.1500305803074,17.275276888769294,102.81330597920666,226.71754172503307,3715.217903560936,760.1763747691577,190.5522696519118,107.24140708035748,58.16961795092848,93.80807084641083,133.25311857818912,9.475417952713967,0.5615072518130092,0.10773305602059463,0.018596148145242197,0.07851138991278989,1.4453973310061539,22.287205969290213,81.9891544436099
2.4117647058823533,0.5207883415723567,0.46633926927380487,1.534246647751023,1.3845453934515315,0.25607273310079326,0.47078377937815397,1.061516940544819,3.0002939029101285,1.476358066014605,0.5239453494772306,2.387016265485814,3.4753639281095374,2.835777116399652,2.109450183579871,0.9144089127021253,1.6172531520191424,2.2271113348918865,1.6933730648898835,0.42170983646427096,0.49953602967591215,1.047996782480516,1.23316694528737,4.9159111199277215,14.78957897471583,86.19244912163987,41.124817136502244,6.352524081014195,43.03123620490933,65.87937629058504,78.57150836141413,224.1987531227776,211.33748142076433,149.92729645790305,69.74800565863826,99.71600578080603,320.97020806537836,228.1361780471281,23.401717759149896,1.4121342781505635,0.18576454372452314,0.03997875549109469,0.07701014867848899,0.0919622444557674,1.5365686290473584,43.12381040416614,85.76268844764994
2.4264705882352944,1.9364196999542522,0.7440206206074345,0.3552871540208981,0.6084736270758717,0.21838995613535547,0.28878734274539547,0.36896187126292807,0.9648471770289521,0.9170241191790318,0.43756592186965726,0.7598485480193764,0.8700501655896058,1.075707350288471,2.1706315199504034,2.853680791190958,1.2243291073057,1.7585269950384328,1.2869799773210993,0.49857437538277205,1.0950784543510346,2.4803020070355286,2.33374654887642,10.949747498893124,36.55534768526947,21.541029767434658,35.93194340474221,46.329219249415075,26.440130976480674,13.465357600033864,213.5202109490043,403.6508437819451,179.98176772029177,188.6625736653831,183.82184897914712,45.45831999812482,32.86896900055613,31.449093737429273,3.415962813767713,0.6981562160697095,0.08537270486287754,0.0695838792889061,0.037602201759498216,0.5539338561451117,1.844988166890902,21.0503809587841,56.66599832827234
2.4411764705882355,0.2052871637797638,0.5141407173536774,0.5946264349394134,0.27226214698688495,0.15512491428525216,0.20105865382697657,0.2497610950332111,0.7589395481039334,1.300712432371621,1.5522074120877067,0.9195021275305045,1.5725442730558266,5.550569742987249,3.1851074715075613,0.2578923490690511,0.34573218929295535,0.8241708658818928,1.0282403785494665,1.2399530004724408,0.15532419399482073,0.2574554179999386,2.2887972692368383,2.9232262844208208,12.91265887777827,26.026857516415724,29.006814853099577,46.05356897237412,179.9204656440521,97.04586194521596,127.91701096620689,56.354552455704756,172.1320086202682,65.96583168174075,85.82537868798553,41.42730661958497,15.61919982594077,5.54110623419328,1.1082943872012099,0.48336956621519966,0.20039000014851677,0.044168920141832616,0.10963259612671798,0.20869350727997216,0.6577628789963301,10.094409025704149,70.4034288712848
2.4558823529411766,0.34117910636484733,0.5150569687337415,2.3245266324684124,1.1723510930340866,0.15650474359362246,0.8511575787964927,0.7042469852773658,1.4060820348219885,1.9488391081321321,1.8667350259754305,1.6570891443320783,1.3871915955881469,3.1874512007259765,3.846501756447387,0.3637433045689586,1.4947930205016755,3.171634187473625,1.662899750354604,2.3825502091835125,1.8193260062764272,3.2647874041166145,1.7808786495109876,1.675040367304749,3.595790130117291,14.223296629184011,87.02043154253371,33.93769888404586,144.23766480575324,1451.0147035939954,974.2778650806418,43.72324920688427,133.6409506288422,23.02383937880248,80.05366939222068,40.440250902219454,6.6623158309816475,1.8414186320888932,2.4754637234525356,0.5612382944799734,0.061146474508428236,0.09971476244414575,0.02894954572369695,0.032246058633096895,2.243968865932258,12.768530933556914,180.05662903835162
2.4705882352941178,0.7853993815103366,0.928836140937223,0.8412374526995311,1.1630968216668807,0.25057904272405523,0.047290345453832844,0.2532229830725076,0.5217991346128532,0.22404280226495643,0.6801546589649529,1.2356926717676133,2.323563246226604,2.291335525809629,2.5930101854451553,0.9146804522008489,1.9720317658713216,1.9869498207616103,1.0315510822673022,0.7973892780127348,1.4467283923390717,5.244581165972112,18.58504397972446,11.351508593550035,5.560543200102166,23.47186561162986,1.4080829791475271,45.56224895200373,238.8072391420513,316.3253974635463,652.9791326563177,919.5547877123888,247.71353989241436,131.92033457303646,26.88324712381835,3.8571205790226015,2.672273874248674,2.010242637448042,0.5961567441166514,0.09235444194417486,0.0321655783505642,0.008483592028943615,0.06780943719170504,0.03529155960601753,2.0426113836032345,17.35779260411619,82.22700927992105
2.485294117647059,0.6967469963077095,1.4301713512571714,0.8858065676399781,0.22905915922316517,0.5108752986387847,0.9837396089656582,1.0149581334218716,1.1234161004814975,0.6690157430192434,0.49703581366939864,0.27974033145643473,0.39858459452550665,1.2406878879384013,2.286177645325507,0.9565796578407562,8.315291635739431,8.258770453263551,1.354834470312841,1.6192158421175593,1.0286970202748524,3.97859638691979,5.525575946777993,0.711384366528925,0.37854920818198823,12.955384884633652,56.45835193108963,205.60376760747533,248.73122233793623,173.162815064609,122.60593096645002,725.022678119402,3391.838132819812,259.2272958927979,5.646093532820271,2.6526197435154644,3.944698833402559,1.6775337887408037,0.251488887814229,0.03007028695228638,0.04147439138433671,0.08751752075857816,0.04670658968651498,0.12899607032168234,0.20962135544895338,1.7160956284911708,53.046987320476376
2.5,1.8269640938668927,0.7961820103612007,0.425721891503611,0.29766851746065276,0.06845894794885903,0.28024131713741895,0.28821617227120433,0.6454597550304851,0.7043928864693005,0.3358801886287638,0.3140811524354479,0.21637343328114622,0.6289266128649665,0.20919735046783122,0.9674209215924566,1.9464304146121685,75.29960484921844,252.60543306767926,166.309243080629,17.059377061496853,1.6134928919818683,8.913641313781007,3.8433978065329635,7.893887910488308,11.029947199570664,12.807768712588526,90.13340524693567,61.78782715990533,344.53786747324835,900.5868263133505,415.30605370087346,617.7279697590473,28.774595185115444,2.867901946372508,5.025672844329266,1.68403030333516,1.9844790193016362,3.200916020509433,4.026342718839652,1.8502292234938662,0.33195863084352395,0.0613107821684669,0.029815350342284067,0.2577713708282716,0.7202950743259298,42.95167680911753
2.514705882352941,1.1654318913937787,0.875475907506109,0.2931647599982997,0.22348010168406152,0.2996904894960352,0.42762042654398547,0.701920846370894,0.8985023852794018,0.14883457892154836,0.9731503813092385,3.094382977681512,2.6938256700139176,8.005229270257361,11.970017274269043,7.768144526131776,1.90219615294114,2.959275816543702,75.80978111263963,1364.2447698455612,2356.725615050044,732.5007258643133,118.39132868303675,11.96392876925541,8.560796140442417,13.126792802888543,47.612131040717394,37.29534995287211,207.26218371410522,292.42396748803213,217.24308504333703,1241.2840193095615,6275.656743468449,894.290212236086,169.9709189500387,7.5019988950030445,11.225774489105241,10.569096997514308,0.23782598041519817,0.5097762774954633,0.2565240428769149,0.09064071044984925,0.08843205361595832,0.2365097954719546,0.886330963174766,2.0527853610313,88.7261969696082
2.5294117647058822,0.7386603459168827,0.518009048074043,0.5616007314596392,1.7221713297437877,0.9657229526865543,0.5206267419965138,0.1376564599123027,1.2601196825712528,1.3162967412893287,1.3807894575498474,3.009269388067829,6.177052037060167,4.419919416153667,6.417779566269143,12.146706759775483,6.309772668783707,6.242330379575771,1.9295482618895865,68.5798402887532,1589.8700525348775,6325.3675468170295,10225.275730746604,11091.743233280307,7172.174205833306,1868.544285085944,192.35908850385954,257.63932361296816,299.72420756894667,38.08132907299678,977.712377766074,1684.1615208223852,2946.275365666782,4021.8560379317937,800.1291592300438,10.916846970695145,11.500757727095007,2.565121809172811,0.8641142056555469,1.1789352182452024,0.7437817589307856,0.12802576965300533,0.07538272051804805,0.10824218964013291,2.9493942911880078,7.334563636946158,7.791401466087318
2.5441176470588234,2.7493844395957057,1.773931224574116,2.4260541487285523,1.8343217165802712,0.6306141021944753,0.20373456228472156,1.7653238048216755,2.317319830077592,1.1354059156024126,4.439360349903923,1.9412566386396062,1.6219756221371906,5.94669037100164,7.836166602543729,3.2922455052567416,18.820213427183297,18.134334614350443,12.5332760267333,1.8142856447903348,36.98609880915372,33.868020825217314,218.38159758621447,845.047611904187,13382.161155496047,14161.683682624556,17999.023189058324,19499.562717760706,10611.088207745652,5571.387305298129,2667.370077409652,1031.5460205869986,2178.037196081517,1047.642111700008,1701.3139180694013,669.7966692913574,160.06495246204145,24.28511436633463,6.313830524754772,3.976567597884561,0.2520653290407633,0.03292233877963346,0.05483005268885068,0.1511723588271911,0.9017786402624477,4.189550032767222,34.41561837615528
2.5588235294117645,1.8507755206846097,3.0236103622626302,7.245689337598606,11.931524781304404,7.247986800870091,3.4614438100273457,1.1595740542652542,14.257203011020522,7.449103188521219,8.76567571324287,4.945169689356599,5.96096331561796,7.278317285159488,2.4660525831565256,15.090849171297348,29.735351091641803,7.520464364740041,16.246985543532595,17.966143908268037,62.08034252694724,151.0196997181988,163.23177089750604,90.88450519013831,341.42227508299464,2146.6016453272973,6740.264650104513,3801.2142724944115,10362.324040863801,7379.96876622363,5851.151680317063,18895.44312043632,23305.805174790745,6666.988786081796,5359.618508444431,3185.718422861705,3374.6629486070506,822.9736840889685,271.774375713794,19.974861852721897,9.999419120365047,0.5989007448925678,0.27723043987339124,0.1560155683742001,0.9495567939053036,1.6375509505248742,58.0995420130909
2.5735294117647056,4.2262063670075944,5.490643405972655,4.888359373931625,6.543142421401396,1.7656640088490656,3.39622221927795,13.903106156271056,10.289563817872416,7.957721359447932,5.39922924586105,17.46748691845383,14.35929865475109,5.537249565775312,5.603297634288572,6.937385860022837,7.006498174760344,26.027815017283224,13.141585935604038,8.071473576984797,33.36199278690948,109.12494143645566,92.59905126915243,33.93852951243402,18.618252265140875,32.004753334708134,117.90197960949283,173.26923011037775,555.523988986647,13.855339946891139,983.7493644790513,854.6292524067326,2970.6681763298593,513.3332524972318,2041.2700107031378,5879.0231835411105,1435.8493257431314,5350.036852681239,5403.496207204284,1511.5405609029024,62.43078166657356,0.3396868480736607,0.34222359722258633,0.3104379721147865,0.7079979640311512,5.65296044978615,96.16322498912146
2.588235294117647,2.4972779562380225,2.4550859196835093,3.506897683752708,4.959909519482096,0.9724659505928643,4.738945233110059,3.0257165920786426,12.435523748654386,0.5369436159273612,3.1951475975127788,3.3827480516553816,2.8405939771477913,5.312287126008516,1.6917016137928815,7.6671412641011,14.006546804954628,7.8449224793517605,5.3031645612998535,4.9202327405965995,6.880901861576762,1.6568257693611361,42.5965453245969,83.021142774172,25.821079439577723,18.555042100857904,30.026387271020678,116.15050078497575,150.80429404816044,338.00498157548554,536.8257574197405,911.5547179077232,1419.5917486116518,7951.266474668075,9611.958126396956,970.438757742994,2310.3635576348847,2196.3445644557914,1525.2139632798833,334.06613742686307,81.58012067725028,2.737536632795432,0.058085778900096405,0.11746936204123262,0.15543238390360586,7.9361664136638606,8.76515108039673
2.6029411764705883,0.550739401887154,0.2207691077644393,1.10040380146252,6.4666463755590815,6.069152502526913,1.5887087082979408,0.9704000170393472,5.089570913348707,3.2244513152567915,2.765908943925517,4.6182093071666515,5.889773656481906,2.9527232041409714,1.7906117512731372,4.587393310380881,4.446771734445283,4.484365093770463,2.4185356197716237,3.774338155358044,9.547623302851743,14.520543738493625,45.316198641572726,27.26807948217042,59.68463439669104,65.25133682570183,38.83951075156924,33.324816232418144,68.4437340955228,673.2399702034448,1130.0839655225022,291.9761818598222,6485.915603668645,2970.7619474869575,399.5269487716144,249.28632973143687,392.02344727428954,139.32046297050306,48.83462878240519,49.69489347993374,14.378816468108683,0.10132606473937225,0.028119998145965216,0.08860404482161273,0.25395227634971085,4.214853778878757,65.15385469379859
2.6176470588235294,2.1197301165339733,1.304891259220531,1.15819986095544,1.4912830247766256,1.8829301124195805,1.5362141948118735,1.9575546899957044,4.419134624998568,5.033126202523123,4.09996368769899,2.8662888602899916,10.000029567555515,7.343226821656266,5.454999928389249,6.226141011801133,5.567200061484501,5.2130029774865125,9.010385457644052,10.429650909966798,4.814280139870273,28.66479272009573,73.60092804188267,37.57707781998655,12.611082551428975,25.02032869377095,33.607911909135694,54.19206148133487,202.7985915620108,101.76567703386377,441.38148947961,422.1181448028533,1272.85745632062,42.62383006749805,955.1361395936281,1814.294920851412,522.9708235791035,49.89848468064638,87.7866164793375,71.55450503651677,4.57025148166093,0.06382723241517026,0.08428435932470907,0.07483351179615415,1.6029409877789154,9.361209188231637,21.000870119454355
2.6323529411764706,0.9715056278205613,0.8667086841876175,1.4249860553373197,1.6372469940343344,1.4323770577709682,0.37172518879397154,0.4884555910383534,3.6577383202467297,5.012050897855438,4.32663590479061,5.334106843235438,2.459574387135082,5.732262804130521,2.6870244953653577,1.0322199046953382,2.2933922075108732,7.390247720800719,15.261153254211909,13.896996218683585,21.309479288295922,53.21908559489245,33.554869438860976,12.532383082784298,20.739579663401827,34.40393724356842,201.66512632341144,277.3046806304502,118.44005656538474,40.380737878117,626.9188798261482,1855.829231992709,4423.724546105959,1260.2521360844785,474.1490052342354,241.78558589125007,375.5112752466354,69.44250442937891,136.41767087084082,77.95957573706262,3.896780027703035,0.04135080075314629,0.015498864566384897,0.1101437661696525,2.500825904163385,16.226273604029682,67.27305348345362
2.6470588235294117,0.3261440260217008,0.5641477178828994,0.7819275139052471,0.611461076356557,0.5973695491140043,0.687931684593989,0.5291508943746268,1.1205723341376495,0.1607143048553717,2.021699231731153,5.219853712322157,1.2521549447924067,0.5854022965700552,0.8066852623527372,0.7703715864855116,1.683652671819845,2.5281202358871497,1.4630688056678245,1.8959547115309718,2.4384885991827416,7.478338121390213,57.61538132601696,14.169477527588779,11.552125083359314,12.026377650290016,1.998273489285457,3.8910815857026853,14.758548175630253,5.671882305842041,400.666144228739,785.7667116844038,2083.8308380901894,383.7242294966338,144.14566545264003,45.8812493644531,98.88136234774865,172.74542942807054,79.62413277467218,11.550818906283764,0.6781109013856781,0.016927386936801896,0.06980348964570056,0.01209929661713452,1.603599671031552,69.79111008343516,228.28091410458643
2.661764705882353,0.42042633720207745,1.2281764172682048,0.4712263172475725,0.6254806024584415,0.5041557471450799,0.25829285792913603,0.5559494183818416,2.2428183800402133,3.12168940411899,4.361450887347221,1.583960943292938,0.33135031511718205,0.9382401801131427,7.682011785320265,8.200409892000424,2.2203831470674773,2.461247950037544,9.893975457386302,20.36721826117828,29.795111494653586,3.2001041910797094,52.83977513269471,19.954469411096163,1.4530575845458504,25.736881279458814,31.284419521670067,17.06553919589485,56.19211009048097,15.56639527670339,206.07077611486466,429.3755151739207,176.49908562175926,103.6061585577908,111.7214858286256,29.60247961030086,30.72555180801219,60.04038287942815,56.04342664408206,14.561371960062624,0.36919831078655374,0.03542379796103548,0.06316808650690758,0.41562134394264916,13.130458051938287,44.22452798548487,24.673081327189756
2.676470588235294,0.4856888491299167,0.6595371378353041,0.747448501389754,0.4625927510458683,0.6030247043747761,1.0077372198079455,2.230308431790797,4.800219765218703,1.7415448213776592,2.459557184989758,2.462764679139028,2.4891090185463796,4.757234635674967,11.420069324934213,10.280172620421203,4.546759182541739,1.7787352252984825,1.7809848888139206,1.429602619020987,3.833998979427121,27.387869840457356,10.02736377172841,4.296859734810311,30.887065555658303,70.22846143753273,30.080121200125532,27.49146094504355,93.64936514598574,48.64798152038513,65.3911968716195,39.29288827881902,65.28311650950496,22.76271318383351,46.21993366465754,13.111617976613845,9.913205940026831,88.99816145988639,73.4144852042965,10.57934761074091,0.7704814120331003,0.09987811354189391,0.34356202421612314,0.7088617810911759,0.34029342801796986,42.641821164561065,140.57156633620963
2.6911764705882355,0.8583614716528617,0.5162133974913659,0.36559900338634266,0.3910677975072355,0.256659638328621,0.6396652807129694,0.4984892853047689,1.3289050900947834,0.8096467330018158,3.6986405570141945,4.405784442749598,3.466441005053075,1.518744557996885,1.5591548680684428,3.3625898071111395,4.746994306901287,4.866559657239138,4.30203507056786,4.987318862572609,8.433268143654034,19.016346534502897,53.524345322253126,42.48793381315659,33.27162376139687,13.212006787170822,36.5876927441584,116.20049581295419,60.703732516519295,23.02562693929715,23.93698356328012,5.245914297082169,45.07210064069007,31.305854846390005,25.806973651122096,4.797904421087698,19.764416725211465,43.11696628842917,14.174471736361422,1.4153192325940207,0.21509875797757616,0.061472288593347406,0.08069573780466073,0.12385516269675834,0.5254023497448158,38.55454729452812,266.550901860377
2.7058823529411766,0.9904192458379049,0.491923396777115,0.6542585080742651,0.2295360905125051,0.5232812340957109,0.547996065608271,0.6432643926361428,0.8939602046679243,0.4121960873279833,0.20785186565508562,1.9645909560107113,1.2582969560368054,1.9730541412024631,1.5876541441835972,0.6184774137158322,1.6388478164401417,2.8837448699342287,6.838508194521873,3.5519101305272214,6.28173902714286,6.566699876713438,12.992316633744103,28.705487223763193,17.7285580595424,1.084643011224122,10.13686407805416,21.823656661867716,112.61796511970567,182.56523014359038,66.33635648664941,9.100601732967924,246.97493022606483,41.08363391552595,27.214234982156015,40.15701104978098,21.178355944075975,7.431779802165401,6.655090115450149,0.9501430096784864,0.0654766600960186,0.004033526965324924,0.02765369310216525,0.4161360076807041,2.201087056798582,3.306985699775499,12.869728890515391
2.7205882352941178,0.39964939651260956,0.8329009801868252,1.2205702200222803,0.8599244834527956,0.6161756494621211,0.645377500142672,1.7314016880929166,1.881759900756594,0.5932042311116854,0.7102978879520372,0.4073213742429141,5.178433195517698,9.476237206865028,6.5999367873642685,7.5601636496245295,6.86576067082339,2.1551939567333873,2.612705557609538,2.2430128215653844,7.044924490238008,6.287331203028639,1.8544741436703953,2.1685904399027436,3.5525816185576184,4.146579547278096,16.278105657833322,50.54650762041989,26.238099839417437,77.23237378472523,340.0291055221127,1294.7798746466835,791.9168775397857,3.029028606494391,6.5530789773388545,13.050680395400288,9.644114841622834,12.69735147641039,2.1622444185396046,1.0105624220947034,0.1847713509658657,0.021933577694879924,0.03152243857818968,0.15037921529433307,0.27982529708962006,14.820481041801415,62.33325930025994
2.735294117647059,0.3506058494618599,0.8855141961386067,0.36065267580220084,1.0356820812526901,0.7251446028233066,0.19125701217482935,0.21360257864442572,1.9211486989663067,2.5980220936475344,2.429190006923406,1.5589034286270345,2.184655686886715,2.4837634183476434,2.1118786537588914,1.7073235410999288,1.1411164326451106,3.5061661182362824,6.66651715505796,6.7406777696839235,8.136896030514889,11.117869991766959,22.064858650016344,37.6125900678679,16.602177043014855,46.87012079319967,212.501413913678,204.1085165547312,103.8031792628983,461.7952395545614,1663.1963995920582,942.2695420242294,223.0958312307616,21.67903434781334,17.75469760892284,31.971862016141486,19.764518576902233,4.036828124232397,5.066546630937276,3.0783480143682582,0.1323333913809433,0.03740647780804281,0.09162560531883865,0.26523896295553484,1.0955098824437077,99.13966169854562,620.801105194001
2.75,1.954453427931917,0.36361471925822964,0.4437556956359305,0.7119124435291959,0.23551659931679234,0.34265385347861343,0.5330282177077031,2.1311878349248365,1.6323243331523838,0.30072979159915825,2.0351003776266783,1.3940627543785165,3.4366983132117803,5.67371072127324,2.030900386281024,2.2847951172033913,2.7190319808840853,3.07753721835273,2.9587960532192703,22.244358545053018,40.01010694547034,1.5510679737452673,21.74545007273094,2.5874047300917464,11.477546904003164,1.6995066205756193,19.728277019863494,5.749748725903723,89.38560116628364,125.89109233981894,131.40305630406007,166.26924547476648,26.92500474035171,34.32956877551439,31.616568580006984,1.9479272813157964,2.79831407453867,1.5117736585238726,1.8425947691872753,0.23511817598926454,0.03581684171520344,0.025702794434822793,0.06454359144801163,0.6144645649051759,30.684819366850803,243.0951069808138
2.764705882352941,1.1573144722464161,0.3240307631621099,0.4790678253261483,0.5872350351889921,0.3121335647298593,0.6919791710853423,0.4750907624551542,2.770480976362021,0.7806357484589113,1.4358799851752106,1.1976015720926376,1.426566230993108,2.7210077187498047,1.1642417272251215,0.8912679296040276,0.8036364690278042,3.301246808005078,3.376280955673974,5.245199778428001,6.249965092817599,2.9544852819087035,1.1858100415812274,5.185053748497809,6.914603246032192,9.95894590637764,25.7326011800654,84.01423311569715,77.92102509859063,33.19547108356895,51.6379121409969,69.90963523453733,299.71242449037686,44.317964440920235,4.788095165072956,4.30431654953915,0.6252806662246637,4.329569821842876,0.8644913234993703,0.2912705826049489,0.08726070666412356,0.01742630474617568,0.028681022971609925,0.017389887420736577,0.5745028933586575,25.29155333484936,117.18947370426008
2.7794117647058822,0.9080550384313464,1.2829165519341283,0.8615410927046545,0.2685245126315526,0.4560793364235828,0.5957104312023395,0.2546509731116749,3.6443958991411955,2.511855296433124,1.5256004537314676,2.2534366797002505,1.8421103943787487,2.172881043227854,4.24633361127588,12.900959850027963,9.878603578240291,1.7153116662615715,0.8956204321961714,0.90629054948133,2.788579087852378,22.373926271461002,5.455481428028721,9.584312470609646,5.259929544821354,24.497195404076844,134.02824054074603,168.0225527819233,120.7048731515284,10.088389423265607,11.740842864630203,27.17231101521564,98.05495632676315,39.18216268415312,20.480538083100193,30.757192025638744,18.844876562576456,2.0908457771107742,0.386541625870362,0.1764816009716143,0.04376456590586307,0.009042083210023547,0.05460018281896693,0.31329577104826445,6.049386885145403,50.33057699697052,1.2921472860768328
2.7941176470588234,1.227993449641493,1.4281247073334848,1.962106407405222,1.0833250294116104,0.5101959347905258,0.7498649187853137,0.8261208230924588,1.655247563952792,1.4585490893904924,2.328832019931963,3.56375105045521,6.488578154719,9.405521593986485,9.242836790155664,10.31174691674429,15.551928608889487,39.741912958599265,48.67029744897113,29.393584804175777,11.61455192025819,4.365342400165829,17.756588319817695,21.458119571500013,34.928261583054464,0.7025989383303821,93.16436978572719,2.7708437032740303,185.72112726287688,85.3759310336268,120.31459618777097,363.43498881136486,472.8230207505544,90.90808561124152,31.849816922779937,11.901248035902354,23.050674206382308,6.398631314916646,3.7554702180372868,1.0143418708203724,0.18861647116904634,0.0336922405415266,0.04378426524255227,0.06953097681807671,0.9626244007490659,34.67829415296207,116.3307015042589
2.8088235294117645,1.5690186203636503,1.1100201769461082,1.9643555527543453,0.6445977711656751,1.1712049713449009,2.608264916084662,1.163231278444387,1.3340917218291866,1.3614824688486244,2.0676608698855565,1.1258133086024642,2.671647621720915,9.290497382811768,12.032760074362928,5.365679389582662,5.231828973598633,10.037272929606534,61.397432133918336,415.6384409422757,307.3629282864964,44.35974880281025,9.925854009973275,40.48254035445039,10.5127515506166,13.496205480871552,5.3981421514020855,100.68552468362418,284.5678353882702,169.69680759851923,54.419430960760295,147.92133130909485,428.8750313423959,116.37024880831306,97.3880288393591,97.45523327628872,83.13653947035617,10.24278961328686,4.229807803547147,7.325469305157968,0.31142388384899233,0.2515131678964925,0.06187154106145318,0.11025903148516199,0.33779109465283763,6.850863309070256,5.379651794463559
2.8235294117647056,2.652994943927303,1.959569023722139,0.2372073457879295,0.3083275397043352,0.7843962187291009,1.2484776780543128,1.6777326174933973,2.4046821280649056,3.5268322664441225,6.372107705116795,1.727521185733522,1.6614008336811714,1.8209619090208609,0.12972828454142202,4.191504851818686,31.78784191807967,41.55671470570437,7.753513936860125,131.26113756210327,330.2270998730208,38.045641743328325,230.78545646931212,252.61955144673192,65.60074965460629,31.29852142323555,75.88283857419545,111.38612596410164,53.09163794971362,19.073594585729392,9.244917404646028,232.526397477287,3549.52800895248,2299.071275855964,993.2813138865797,237.2020656389397,4.786449451550377,75.2998958105606,14.037065119427616,1.9202871718867218,1.0944252018675142,0.09806394683048986,0.03384166315480564,0.041773241088698,0.2636233606875805,3.835593482932201,20.286642738029897
2.8382352941176467,0.6858281160603806,0.24353988482143943,0.3300581438420163,0.28926143269859217,0.7204981379540514,0.7908506224211672,2.940526660570819,4.096490184083035,3.27154744433476,4.613659107645018,2.9656343317801093,6.838248278531134,6.597700624173931,0.9038062320990179,7.546971693935371,29.000881072107283,62.65621896779558,51.83392138232414,167.2937256027703,214.83155491445802,39.16553415487202,29.288073947952896,84.15528818566129,750.022802738021,1889.8083123353945,2416.667864848808,1345.2405193977636,313.7812573298496,591.1687810213225,489.7622038097152,599.8741992716657,2011.2696170099134,1195.531495657799,898.3724499462179,517.7311412991777,68.10654388351327,172.61486595540595,19.215368379844453,1.518451616584588,0.4220669065612911,0.20396410573420676,0.050488288702233146,0.03255039444044858,0.7235839699706161,9.016500362202493,95.45829125450342
2.852941176470588,1.216873649898679,0.9284805857365755,0.6738007520281816,0.7141076993419152,0.6761686041103301,0.8450367987677481,0.930759908694994,3.0425655875406505,1.3457558781773014,5.774656958058836,7.379760458924624,4.522080336540739,11.614095564031551,10.197979560685942,9.122812932614318,10.314262052145239,4.529656992870773,17.09197942466299,5.8145879652368,95.30719367707798,182.463829578073,70.23850725163666,7.274900396386537,17.95931958889399,63.1126906769513,2.0159632530252876,485.93956444822476,489.18466991545466,258.5490540601306,2078.7490785766704,3222.648059105825,3148.0179365669155,941.1842668584027,1420.1883205354884,257.349766176485,148.6525539859061,62.65497533186714,14.361681816431798,3.8351196453702183,0.7162085090345398,0.0417845535457531,0.020525819134113266,0.05171420590838974,0.923255491127247,2.2266766113415675,68.06353028386017
2.867647058823529,0.8694751171836917,0.9226218673671185,1.2322455726963364,0.8196831903079729,0.8856207065731698,0.26382282922010114,1.0205224785903328,4.777236702250435,2.0142968344370766,3.051848379765428,5.764377196563861,3.030257365175056,2.788631595580182,24.34232946503588,97.79456727961266,56.48732521404926,3.0544830031557977,3.0443624080535168,15.148271470130306,44.39758028485982,44.265018806613725,77.4547953598833,46.520206900092646,64.25248298718661,108.57420307558175,180.27217672878237,137.53739929296904,114.16771096864795,92.55102574241602,43.32952558377724,233.84557474297975,423.11150387475504,496.48863722777514,166.78098397686307,153.34673804348338,80.79547681519578,7.57065701554607,2.3800927012702258,0.780625017647405,0.4841848775115696,0.03319374555515653,0.04499720744104461,0.38532746372399745,3.4677815496377233,3.95016458674289,124.36990691168
2.8823529411764706,1.2732305948851668,1.1812451901043843,1.053001180672959,0.4330762219963388,0.4302606068449526,1.4793448875210584,2.1540765741211687,3.6160188633231893,4.545376315577976,6.453345070757782,4.163981610150006,3.4217346823695522,4.5193056627639985,3.241408795185315,66.63079255113618,94.18790806711999,2.051755671136208,10.530039525162717,1.8141789588035735,42.05130991749567,30.59931701612486,11.517912142387907,0.8091668209974556,15.307623328212795,21.909530554438415,10.176537272573327,37.87681719791081,188.1920795065639,609.1996407843046,488.4861993018709,945.1310370851269,6616.135340856081,731.8489125989995,612.1102455603861,198.03170874503974,33.90536219992294,46.226082745681424,33.69181777695522,3.634571164593263,0.12703303286485088,0.06045753780458592,0.03551257815029219,0.04141410573743798,1.003225455546002,23.13535288131175,65.68288011821457
2.8970588235294117,1.2905401201290756,0.9867259980787841,0.288418285811758,0.19996943329438155,0.21349553490842343,0.6700422932745829,1.748495143134729,3.917134840625213,2.0656739810276954,1.7671259135929587,1.6521082814520631,3.7711236592493806,1.8816810527294912,2.2321939225720993,91.33881219717131,138.8619856397591,7.18389037808393,2.724218892559092,9.396005857201935,5.379707984689189,11.465458055232734,55.66705521175933,22.358408616781823,0.5166970398465932,10.210143090489048,47.28760508410491,144.1200368707983,138.99258306251977,261.1302381538332,570.7678041215424,754.3303367603021,6907.220026211629,7109.454689526226,2610.8466671527885,174.4167113952848,599.3567481922775,160.38385864349493,22.644000141283538,1.9334481917943152,0.12961130196116913,0.055421925886425284,0.054590960274763387,0.019520536920728148,0.3788097508715438,2.917814893583582,20.561938569538608
2.911764705882353,2.3748123899930356,1.274071299549713,1.6161106786869641,1.6563217737809346,0.5257618865431946,0.5723502991536995,0.9990040063645095,5.400073627779943,2.2309931257530016,3.206159827911004,3.4290533217920567,4.3780364984641125,10.294239317396539,6.374060272935779,33.83537843779975,382.16513890755823,280.0371493609433,48.30793740578269,22.10793452230366,11.8401889574276,4.010971954304568,29.26966499953706,39.5708763822912,26.97234095439666,5.875063477741193,8.085999614256913,50.70855210067451,58.903722764505844,109.64185262745504,428.7573257576547,1129.086195506453,10588.31111594014,2461.0284439772895,9562.418477696501,5448.227060979336,1202.569522073561,617.5769080625777,44.47764913610419,6.048733054726002,0.06709142874472901,0.0878229184000292,0.1858607131911295,0.10026584341430042,0.2648621764614243,13.279005220726487,45.92445289560945
2.926470588235294,1.2335089078876396,1.6922754761895473,2.5613937668307627,1.822512417307176,1.1711108344817138,0.390009545836858,8.04636227040325,32.35393522042398,7.544132751086691,8.082746825918177,12.223678194992548,14.900083601377556,6.833307818762325,2.3576145902478163,2.5530318198085813,472.8389926115768,1702.6124960165475,624.6966623493124,15.225138268708179,21.308941746562105,34.999284626170216,35.6974001389401,27.853984063861727,3.287713459926482,27.502490034929874,38.551862366331925,15.34388243277649,29.43917501343107,57.74762688893685,166.89025379743003,39.675683107900824,384.2583741588302,2757.0296306118744,4471.728521314658,3310.367946425575,4832.632967971288,4983.374438228072,713.4751952699825,15.258187588440784,0.5296491158248531,0.41558421589162675,0.348433684944239,0.25682165320042305,1.030931479816002,18.646912359061176,151.94497922009765
2.941176470588235,0.7640307901657616,0.23562168806130887,1.3579154735501042,3.625649858477617,2.1727739593743705,0.986279648760085,4.072494083510292,17.507845228658002,7.025049390019345,13.333067366311496,9.298473386751802,2.255049202402538,2.675009737317051,1.7197216730211995,3.5268897078158234,386.7189090552746,1166.7352028799392,417.0798691645829,693.0868920777344,345.0802187202536,9.49290187044208,12.946014605533406,23.82396317648775,17.320789655883665,31.878048444838047,17.36757265418116,30.431638107185734,43.52529196564852,2.0145827947994777,59.47917769171616,192.2629051124452,378.948669721291,706.4559385040809,2342.8480075927546,2003.935690316699,2009.6389658952316,1027.1342233308928,1238.1319311547006,108.3962889896924,1.0401894569164731,0.2922758939871224,0.06834461069374978,0.07820937945493822,0.7551877788206469,1.7377743663000467,50.713507053701576
2.955882352941176,0.6824929171188028,0.8652921788420386,1.0032924429325134,2.1872588295862982,3.650306055927117,1.3754162438153843,1.2781462228671188,6.054641772341823,7.13246389182661,5.602021402761682,0.6158797521627946,4.5182399457846625,1.7123925579316266,3.7499969831616493,33.28938651816694,665.053689006648,4143.102246360151,9755.536091067766,7847.770125352963,1592.7772232637071,67.67236166624423,2.9802793374845473,6.796596360311807,17.91402948458323,4.237171899316538,6.884247256841341,44.329621946748375,196.5005146923658,116.85260846452778,72.23631246237157,120.64369767622607,1889.2547749826963,576.0092179029542,559.0871287991902,484.1731526709642,164.1237613925447,1526.494330486111,883.3266560675852,33.25053204975411,0.6250144161142099,0.057060147680581985,0.006954295084361364,0.09933232527006289,0.35255498509083605,9.202523422422335,47.397713208271284
2.9705882352941178,1.7215165531524919,0.6216726598701414,0.7949127313819679,1.0722646486066452,0.8361940378722851,0.40191531753177534,1.1976651051398335,3.094899877989733,1.5896674486113795,1.5168636031123395,4.123303246463877,5.274575403754119,1.5328081579556114,2.33442351672002,2.1320081573243095,8.810546130591456,53.577948964397066,190.4447451411603,2182.612830559497,1896.4541178149454,3725.5759757307915,1570.4667434379162,631.7472175158762,264.2400133494745,64.75532534369992,28.655607966378515,81.52786247788406,47.371053093129916,105.83805405582798,256.9859081304618,214.44641698662218,119.43735500889535,247.23276560583696,384.87293404893126,531.9989427242908,662.3059037934257,277.4871998272503,155.1009237227326,19.664809165180856,0.24055806059144655,0.35673292787678434,0.028546242343506167,0.052826948848382925,2.323866854418517,19.7029092941881,113.68310083911058
2.985294117647059,1.0873002935994895,0.5442043366243667,0.4771948833407441,1.7467709929941029,1.6987575374168615,1.1989513537130727,1.4885015208058245,3.9391122818300532,4.51214911125876,3.694497838876173,1.7253824387331842,3.0492162870949224,2.189245803994284,15.308369513337155,42.027911636684266,194.99887306604683,493.6904727305925,728.9206329045974,2087.661802114535,6472.3745660642,15376.915965141601,18817.897388754835,26706.686084052624,21256.242030908754,6349.041289834386,1410.7704128246858,913.9132830548537,203.8949069633571,135.43612286101188,173.35173296864755,724.5285599839747,570.5250775599995,379.30789932912387,109.82651483211802,32.806589251413,11.832816863713244,35.33955388390682,19.980768471998317,1.0158829239697358,0.8375812731054405,0.18379461844488562,0.09351655319289029,0.6787847268359644,0.4727552835309097,11.390438799145212,91.44586653860699
3.0,1.9777669049341513,2.3446536095932276,0.606130625272041,2.155970710438804,4.386541346522562,2.480994261180782,0.945658001858889,4.509105199640332,0.7000423392011519,3.009160762649956,2.441309557060631,5.332504085103297,2.9867041401368026,4.469564631798467,26.194728308323484,147.23541583493366,136.0163117139782,20.717735574365673,156.87372823554773,171.67779808532515,485.320295069695,1172.0926253331108,646.7696762401717,593.127963597581,543.5668644245986,8245.094373554932,16138.065714179702,3890.8061499082105,5657.260629209264,19094.973153393457,9743.155134417444,18155.532227419626,2977.543793783483,1217.2909320868298,89.5121129947739,73.84233044196125,42.139726888009,6.883273211721086,12.249607678256773,3.301355941970362,0.19683116013682883,0.11140504465565176,0.2377323317585375,0.024171647258511827,0.2816303571019947,8.085548873435968
3.014705882352941,2.213880082560155,3.5420062169541566,10.695103343234436,16.62516746882001,7.779162281731056,6.931433310725608,8.808325516039119,24.21431467745564,2.7845126713541664,4.880958471040142,5.6870876809539705,12.981663121809355,10.433037536000441,10.357282292807707,5.587814578438193,78.42286864523643,255.19637993420463,160.70826323717284,53.40821753265473,37.62364737728032,41.84462390865318,80.67862812687555,268.0274317619104,146.5088066457744,875.3612513121302,689.2942958514703,2815.050947135608,7969.884132280449,8649.18511875614,11929.124314480106,24600.868271188578,18443.43828234457,3949.779665406202,7569.522307927511,5778.997453793467,553.7351759829,81.14305549102201,29.43030465387892,21.499155029450254,7.051666850627097,0.3943602775880579,0.15874243088334822,0.31179718566661385,0.7966847682864964,1.9330733094023642,16.004462999230253
3.0294117647058822,3.1249001344145455,7.263040710559197,11.47640945789842,2.1427793919407327,9.630193759458422,13.000438477937797,12.01392628260157,13.995325144347479,4.528580942751797,9.816951507889705,9.888274944528694,23.268127565892133,30.014208630686156,29.194577964233794,45.664483527979264,25.27476033021417,69.67041100290339,62.249277417333694,19.265164519117633,67.36129309903322,27.26440173522763,78.31128353977115,62.5802633376562,28.22828010078357,238.2708578467035,287.262234285807,1122.7326498750979,368.2255066956432,931.6429526190536,4120.905469946317,4665.825560041678,4406.390909302619,8394.073516070726,1596.6813486245599,2208.2742201881324,2734.6274320834946,475.82793501984384,85.42532423217203,10.551303876052007,0.45657817361709746,0.6668516291984301,0.06757278398412371,0.17122586900743636,0.1208612964671104,7.891128407927091,39.45823678967966
3.0441176470588234,9.50524842657512,7.637817103705934,7.529286342224943,8.926078601166328,6.118471891201786,4.205957899406207,6.5413567234887715,16.996060761964834,2.3671589341948067,2.8074592052129246,4.869141823891496,2.755294545953431,7.655016314545491,3.728035299595354,10.180824887366168,35.15918728551773,65.01608204307782,22.66770140297844,4.811840020824649,7.390936869696556,66.81846900887916,30.127055199487533,21.94164552933256,18.180466222746354,94.87961511434871,80.3650395290228,79.57154847461292,357.4136031370192,1120.0797772678638,1916.1144000866561,3931.488999141897,8239.740692201212,3998.110812677968,3503.2819935291545,224.18853187669612,1202.3139966912454,441.5645365258776,125.97411028321304,39.151544381301946,14.8728289832907,0.6601641804619762,0.1275669238291246,0.045309542588479176,1.1596283893324673,4.395038918519848,21.38626488879829
3.0588235294117645,5.292899379527887,5.070902245140182,6.034117213482736,2.1008515297486277,0.8912099272740184,1.3157246473173325,1.6647148820445297,10.989093300022784,4.6646854627678564,5.342071933641613,2.327927665027013,2.166824663878362,1.7294556797732266,3.456431983101956,16.28771865287725,11.379528704216085,9.086238396694949,6.2207889573981365,7.099928300158427,12.24687294613059,29.25256385416242,43.32435147638604,33.54284095253061,36.564680246356964,219.87801086401447,370.4634905042483,150.99485793188452,89.19245012364561,1276.0639799865808,1526.7119411947024,77.38657911730934,3840.25816153839,2375.7624066597446,1930.3835918170175,2937.177200946344,923.2929551619093,508.4894626263631,494.25000268781196,144.62732044774037,3.530794252574591,0.19470220730575533,0.08504057791279496,0.08219501150641938,1.0939431008814586,3.8171511663605617,46.22966732608444
3.0735294117647056,2.704744484258763,3.3376088385915788,1.1506961200903467,1.3488535471796177,1.2152039399750234,0.9382486224450212,1.9589838232807,4.828231899183169,2.6331372979503893,2.397555848990872,11.496183037486139,19.456111819286626,12.102777825758068,19.01997707630653,30.133942619515658,3.216563763486696,12.841007881774674,12.655202340166918,1.1611750328866532,1.2195768478587992,9.203053655781419,4.392697412118636,1.8772517033752953,11.650653402739547,12.247018377383027,12.73302681727882,84.08924432311157,293.63346493670707,377.88065156983214,148.1211551284792,270.16837445486095,696.8036827329897,538.9132022016953,1018.1310462054854,1460.9538655696429,518.7112431575323,103.4710567077756,122.20083695963584,76.98230726977617,5.781641519404661,0.0960225786025243,0.08608774454896413,0.11106957477237052,0.5287738457720531,1.1403965875233444,144.23019025734894
3.0882352941176467,1.8335406274305412,0.30939802515688397,1.8351452574148277,2.6301134629451965,0.8398004492839897,0.4449460919845476,0.8888790828757365,10.778491076028484,2.8022622656387304,3.9497988801303823,7.505341627508761,6.3970691673291515,1.8221304540683012,3.266761541153112,8.108778992034681,9.354179896729068,77.6775567159779,146.37604889881737,78.27095582985172,37.24832990245761,29.86226741361801,20.47201273786048,11.173891692405,9.160036003327427,8.285464042153112,25.890369880243558,62.82424007529245,28.014637978581,89.55370215534379,91.33398854541272,13.184528387516341,1049.0644264173675,2098.545616367489,945.2429113799341,137.10586914865848,122.19869066174995,92.94394146303887,53.66782185275137,12.043214057872614,1.7845515863358568,0.1480898045006293,0.0366163609256383,0.1652781846326557,0.47803168226011694,5.853231726517586,428.6981330426136
3.102941176470588,0.33815731616157535,0.9888157087780939,0.7315695846449515,0.23454231134344933,0.19757931188579095,0.5813528201374393,0.7416429671703642,0.522214428293333,1.0689205275685387,2.4869378239441575,3.119081208550856,4.119980824478986,3.185761041658984,1.105642032616289,1.078128565666606,2.5696704921749025,218.38502604978822,2311.7624888013133,2596.6587092490945,460.4312456244124,15.637741071795471,42.37771165932425,74.46123918002527,85.14832454178378,22.887235591815852,23.988847847211233,17.04743676840738,2.8431182363054366,66.9168614991212,188.54388576236397,31.609174294083076,252.09742893599417,144.267034168984,333.62492431901546,66.85728242617515,67.68655188251466,86.35391827699416,32.218654617449694,22.401254224980566,4.801985308341412,0.03950376705556023,0.003839325501809699,0.10259449333004911,0.2810278217604688,17.94649024706582,398.8078104325421
3.11764705882353,2.9443136784506967,1.9804685677728222,0.44067755097221795,0.4843136656111334,0.4543091768826449,0.4774189832869583,0.9626202981512754,2.3428284368297447,1.7350555943525148,1.1985468056277675,1.0872380330040325,1.3803615387450152,1.2291220589073504,1.7497630307961534,0.813782439781537,11.419809909391013,28.53971190029994,360.5168066558216,1865.5376023817296,4286.063869387358,1723.6474779338664,255.776241097479,10.547210667993234,217.03853192328006,180.49959186793004,59.03906780100432,134.50705199285932,91.00513590074209,106.50354791417735,48.56097006153304,3.5799441984121914,148.41087127833129,139.4075642778156,177.5033354517854,131.72302201853853,49.65899186201972,59.86516724446377,2.9799796846619855,10.886242524892253,1.7043637911651344,0.024911967705991318,0.04893393483110223,0.07971628648256344,1.3531373168609946,3.7858640676067665,23.40198216420577
3.132352941176471,0.5846296205093436,0.6341598647912661,0.8387884757156956,0.4881087968440258,0.8770350152128324,0.7875226298771782,0.40425794307069113,1.027270572054936,0.2672867720979246,1.1707008469887534,2.14006104316984,3.8000953092112386,7.189097010605291,7.939272984607568,32.14290365968159,33.4503863685773,100.79525948861391,640.9440863310605,1753.3480862271376,1415.039473486761,581.1385049802674,1566.6533535583244,3197.6491000113297,940.175002036583,212.09764522628672,715.6262273043516,316.790114772238,4.5055287244293805,86.28298005906584,204.35424774285326,142.46550495583233,31.95601652305702,15.368665882968706,3.6960312626372605,22.565200315383194,11.973701568132707,2.1066834003758474,4.073136352861592,6.195721762540642,1.3459292113623273,0.08117058059982035,0.033639929598682616,0.16862365938728477,1.136740390114925,5.65222311021288,6.552206173789382
3.147058823529412,0.7166047604637594,1.2289980289259148,0.5813648511930617,0.3311379351620325,0.10153582704703921,0.3262615607725874,0.4287497419268175,1.261266748390251,0.7005910279428404,0.5443177604735475,0.5344945389899065,0.44302861256098963,1.1879365448591668,3.440665671432376,50.70346137605446,324.54606733567095,1013.1671326123703,452.8091843962489,24.328881867675257,934.2994182173452,3699.381652107546,9988.731330608447,17404.04346686993,17272.844072835625,6096.18092566593,1229.304252899672,2653.71583369332,1403.055062025934,398.3861860277351,135.40762299018922,101.70701455711767,20.66120523274084,5.13996204061074,3.600074985005283,4.161310298220021,2.0436643262403598,1.5603409796693763,6.420382368072441,4.104553684237969,0.5303112945020841,0.16434095533716508,0.16908189737914325,0.07166465382222664,0.40253913550711884,0.5399136825739681,19.082469936248042
3.1617647058823533,0.8414583580999715,2.3727938903343633,3.696485683231805,1.8495492198546264,0.8600317556587513,1.1707439870052225,0.21208374479851838,1.7523512920326176,1.2896490864936736,2.3519746278049274,1.3848789761636784,0.8923867072218641,1.3987547278110608,7.823274332823876,17.93723931889349,12.751858651784202,193.41264246871688,542.1323099627209,20.114226993023415,190.1705032215971,98.79410822024622,123.23671297724951,596.5881049009886,1139.0566373206177,5714.64706421556,23549.293545627723,35836.38496864856,13526.595303091104,4873.948247770331,2835.1121557198435,40.18519372594486,559.014574780998,31.047278469725537,3.116364778413848,4.587763071007594,1.159045200106639,1.0074216727676648,0.9473930208076279,4.636927734451661,1.2071089225685048,0.09283772423924723,0.0807422916945987,0.17833392603022735,1.1533651176002397,9.289014244125584,29.63691471638532
3.1764705882352944,4.303938317935311,1.7317602029329322,3.5189993948653644,1.310337528793956,4.550736051410601,5.121370441026228,3.8243474435637705,4.1015836941140815,3.209901426820193,7.941217319399064,10.799384490229283,8.146822478423903,3.8125503020463904,4.776333361521946,62.463648088517175,69.36697209289431,9.29708657800298,90.67269397972785,46.12924107078371,254.02670508494555,145.64340066682632,56.391902846523905,23.931234233417083,33.48565440007008,143.65365065362494,559.2921522035799,362.90358493594067,1414.5775414631757,8817.056514559768,14521.964708673935,17268.44180809516,34637.17148495393,4931.532343683744,428.4699598530752,214.62284981755633,207.93531036270022,10.007190147028044,13.395202324702034,4.697429494466098,3.04383049133029,0.38948527205723504,0.253360895930046,0.10283033111887771,0.18154485333266346,7.34212780960872,82.1816389937033
3.1911764705882355,4.632883312268709,3.612370513599942,1.2231456603716442,2.470212825336948,2.0735812018357622,2.667742502873022,5.881671428056834,21.49735420596121,7.915783432984808,6.341340521072734,12.056151774326878,8.784594448165079,14.43432010965947,9.392607016025435,11.376963057700486,17.04052689369229,12.8251831689409,71.25836995043247,223.43219770396593,90.60726451572366,97.58892599875392,127.1626257983697,27.683612490869386,16.61928505604693,35.079654421732364,63.01001477556432,323.5006137554798,795.3975354529583,744.7910247666566,812.3923190281072,2061.477222867699,2554.747846787669,7697.895382357932,13310.909506761116,12461.31821400076,9113.034700523074,5166.282699058222,1256.0095083465887,124.37733570099365,22.93336156774335,1.0584907054658235,0.1607547525582164,0.7815095798284486,0.3613750691451617,15.523146657581325,162.2363339885262
3.2058823529411766,6.894322821858256,3.5998565349176834,1.8406828044976586,2.734305293143923,1.9124506288864414,3.536991400588345,10.068800924515738,14.255966919201146,19.77500965583908,4.484985106073234,13.261274664957993,14.673649432065305,17.853809883058865,10.265811528196478,10.659148453296371,42.92172810876939,18.16465535777492,9.938978090601836,131.66482999765657,224.5930402541925,64.85354539299514,11.037970284937996,58.03862445068786,32.45251136936247,7.8254249725762355,68.33432230789177,102.9605894546959,118.16506007194721,198.11291389443653,266.2624623603259,102.2615270190668,4016.499662469489,2022.7344434453844,2175.4754943879307,1659.2185093415494,1314.083411613617,1346.0385378634248,3150.25727208377,889.9569755235591,5.554251800861389,0.4145258860887205,0.43204916900846385,0.768617930758684,0.6318777616284759,10.916472729085228,236.43068021509745
3.2205882352941178,2.257746018401318,3.402446827895749,3.45812881148116,1.800008813967803,3.551282986113099,0.6156259145656912,1.4741018215246608,8.634145909692535,5.397414379033265,0.6328025332191695,3.7759354335672275,16.07452839941005,26.498458230037397,16.743993859895014,4.519249918611313,2.009331998487406,6.515435382541711,48.94010023094975,216.96873017346437,148.5238115161282,71.15866702971574,40.5997631535746,4.603212910567222,10.061200208467007,22.60050925243149,36.723958867455906,100.22424437987928,308.0071353820923,35.09932728496893,206.25260293655543,533.1849935301526,1588.9267397981362,1060.6746352935438,891.986033232783,278.17854330675374,722.1524189090279,1858.5774084883215,557.7533905301405,121.9255086713161,2.777965688308603,0.498389428998979,0.09699341128794842,0.2039260736907366,1.05033257202702,12.44329682791743,9.124580636171629
3.235294117647059,2.2243198044690655,2.0405740065646256,1.9402301631393222,1.4240692976837228,4.350949641488452,6.601258404373212,8.164856659248619,8.076768820492392,4.7569022035971535,1.8082702002999729,4.174847760454304,7.3073181959127655,5.3342917909393694,1.8889167102046116,3.5234409769773594,13.783007567439427,5.312203538711312,23.847056360142982,87.60476130446128,17.192844650935488,29.241358606639665,42.813193594279596,67.63101034427315,35.694729955055195,33.63936059693502,70.25133173869025,70.90098484233641,206.82757106782537,11.155424836516607,335.0678850540122,119.51319851896477,4537.716951161939,934.4374532658933,712.8405946953837,317.6511592137948,2465.865897293721,1935.068867645124,145.78746702731377,2.0436149962491874,0.0832279327804366,0.09481515827109752,0.14242746045317617,0.07999006244688779,0.4841884477987496,15.68228487529542,30.270205842024957
3.25,3.0430234601551263,4.968005797229782,3.57432958873271,2.3546587289886287,2.3861197692736997,0.7644749816841643,1.1246770017974623,4.343791000878808,3.3558063933847952,5.867954293072936,4.091861723800877,6.269113464088589,11.661952957210904,12.475176829003656,12.140515845616134,30.16297994094776,16.87855279081019,3.480064294106266,31.661977027058263,10.430659383285676,20.696006723640053,21.03318742396004,31.463198318040664,24.818893705986305,36.896388760024074,114.30782250700713,107.09271980639875,17.049679980783225,809.5020617652776,3036.6864946220167,3741.2855722899053,2373.6394001138747,2165.9277612245082,2701.597271025459,1384.8257512541434,1001.8810988438381,1297.7350521407627,339.2773098654513,36.88552554621555,0.7347487479378774,0.14775329162050949,0.057587136825346066,0.2600176723860926,1.5564232475135458,14.222097495670173,83.88981348130713
3.264705882352941,1.024855735061278,0.6610320422348618,0.5058911223206347,1.3156262018024747,1.1264335450637017,0.5892110710865432,1.2157923947687364,2.4282785540456584,3.5369132487413912,1.3454303569458408,0.8487128579813017,3.1118058879965256,4.11815353924688,0.9475020833707488,1.5204291458512469,5.872287757307813,26.42789060391691,17.311639411342174,14.709528617322789,34.54610161111725,10.596271410706757,4.514846487158581,22.701484462294943,20.283185067223446,23.834873254046343,1.2276823416440272,47.68055849485258,152.69632703013735,72.53950016457958,247.40010870119164,139.6633234820059,703.0118535515606,2251.623151340783,1299.7025656027365,254.14341674142935,500.5827670595624,487.8332098903278,380.44652085957364,59.63573403410143,0.2357414099698081,0.12418974608498601,0.016826001322096985,0.019702314057597262,0.23738047810166985,5.767972322852651,14.977625090355136
3.2794117647058822,0.8722234461779471,0.6123074986841234,1.4186639614473753,0.5829261761720476,0.7196125775540044,0.9718118036996144,0.7593100618382049,3.52872775496581,1.9162216688830427,2.5390796175657155,1.438624588729494,0.38536174642134385,0.8397957714091324,1.9307955496541784,13.6671457616604,99.29436724123654,252.15227223435505,211.52927327460844,53.275556547439535,3.9668756782439454,5.666965348581144,20.961815927640195,20.97026361344625,10.34077854921873,6.480473720054697,29.676314386877333,198.44992804077432,63.828112819744305,38.97941732861011,77.70500320108378,66.99852620678449,797.6034873061362,122.68784176980694,170.40134623540226,82.70669368961887,37.83379844413466,91.84779262768426,47.84967562407625,0.501740105736983,0.48504233462676805,0.15621539303548632,0.06393189180975681,0.23454642537224968,0.6424455026782198,9.672845234185523,166.60433849082267
3.294117647058824,1.851563604642323,0.7307244733562859,0.9299883362759502,2.1724457801132853,1.0984771934473243,0.3417307882084078,0.29329039344714425,0.48681844075055297,0.6460082630007484,1.9820178109757707,4.204936236119243,5.50666253343854,1.6206613588237586,0.32615748404142436,9.027613032841813,15.21221850247057,34.380608333592264,93.01219075341844,255.14127966245294,459.35136868531373,191.69303927331583,30.60835543919876,16.171478109776842,11.427399615948152,0.938671203623226,85.78090762500334,80.46904435672896,27.58999262523328,66.09677705364894,76.37343767917486,419.0653439914223,169.05169075430507,35.64447511841979,20.631852414779743,33.55971452376236,151.1801161895123,31.589480693140164,17.65648586102343,4.343619789942984,0.34420632849642124,0.0826456910909258,0.01587102571311946,0.0803434482174909,0.6926766797777695,17.84818289942642,479.28382417284524
3.308823529411765,1.3007772083712554,1.3541029761421137,0.20340707480729736,0.10180745211961562,0.5416504683443455,0.35846922123396485,0.598109036821018,1.94166697656294,0.5133947573515244,0.28972679724937284,0.21793751238950596,1.720253286565768,1.9304441069940879,3.8087051768561926,8.758618282570657,6.92530974592025,8.350317424407347,88.34474850129301,37.4810377630031,1287.4782149949729,4819.568155235904,3387.955271432712,1346.236568567118,751.428724827751,190.65613782519142,246.15536093616572,6.522826065063792,59.36289119178536,120.53819815320043,317.62820416492855,376.7842394559144,131.20711622295437,47.441028705348835,4.630128708459109,9.53088469538261,35.82114891718696,12.828147367243457,6.852453455630993,1.3914445394614616,0.6008572427693059,0.016016485042315363,0.014424152825674908,0.04598705009196599,0.3284713087158061,23.829923582822367,226.88279613146517
3.323529411764706,1.2580760634618402,0.6018337276844541,0.39953910263959025,0.6375525736597558,0.3911185934878181,0.9605092349506223,0.47448843205615393,1.2002256471059598,0.5504955817528033,1.0926088437994403,1.211520595393646,0.5105246698218883,1.450428629772849,1.9436096268195628,2.603128348642856,6.317808723785354,82.42048880480652,326.452549345954,871.9553231370476,303.75744100866666,494.4207848059946,285.34839598318985,3720.357301901325,12648.916294284805,14650.20437426131,7763.442388761602,1790.7803485404256,591.3169339225542,140.68278842114685,542.1603201040367,1755.152483539021,1272.5072400189833,62.40397586771518,12.53003165294587,14.820451688499492,3.5312612455598,10.820297867533782,6.820800625911492,0.4496768622794547,0.13740848431927744,0.12939754080118737,0.05281557514014285,0.2409930953751093,0.4892649066040708,7.696166478382395,149.1461182667613
3.338235294117647,0.7231543845260355,0.553447749000096,1.0255191272234119,0.9397270315073927,0.7383679164266429,0.5075502060420984,1.1178864726736295,2.350491634713233,1.8467028235806078,1.2217987065034301,1.4981607743235035,4.4193749451756865,4.388523314703842,1.9060612442062062,4.378053664222465,29.705484408092772,93.82202985886718,110.50361719746027,267.89826494659025,4.737338743111926,303.71650306948555,710.7199907272833,157.44425291054364,86.58693168786536,59.433299156128,1090.4518583295621,319.4130734455516,7514.621718834587,9321.873409388218,16811.388093371577,6852.688356208115,1875.2889596635941,7201.459516405448,3462.5493433254587,935.7444648761043,147.94348401764654,35.21316939656999,2.7824783461363123,1.5964233715744052,0.22914906526841533,0.11755907867763318,0.030336877417887483,0.04938802825249263,0.5768463364086645,7.198950803118986,33.6059521334131
3.3529411764705883,1.7668027955402708,1.6124680898788064,2.3476505833996892,3.0380188234371523,3.2782321140282233,5.027768135612132,12.544132733366144,41.23569959883578,12.43158326006826,9.210942439492023,5.243369263449992,6.299309843179813,10.563539415054347,7.692696243497295,8.137028675236124,20.927113509808542,15.548256628039761,92.64781707005818,191.2414536459783,22.358442916807967,24.65512713667725,18.05422116439483,77.41958448036769,54.22848903979269,30.748105838348028,358.5571616661353,804.3931939882342,911.4194476769827,3620.653439827359,6291.503007464974,6513.945989115959,26702.350630480592,4884.656804561371,838.8065413594557,3884.6515915401787,2720.376017036563,560.5340450113677,9.943804239238883,11.80564228866378,2.1933293294510587,0.10844952627859683,0.04211102082130773,0.09349188895444577,1.2882479514654515,11.821266533570135,52.63971987324968
3.3676470588235294,4.611801217093788,6.505888140681002,9.75064609075026,3.9764780886160254,0.696548625532755,2.056037944669683,1.0429464960884314,4.559134067033773,4.1961139963633585,3.009039209166316,3.1889261769360995,5.176942628888007,7.1621556573201515,5.478688376804659,2.420654514361448,13.240073462680503,24.78455338914237,157.868166285438,64.54075769430314,4.482655427588464,1.2956892436166638,2.7698779355048693,22.879823411342798,66.91710016058116,135.10624160398686,109.40940556711264,761.1342092912782,2541.6419928284236,1710.744607006026,1133.4468339012956,610.7620447982529,15078.815765916474,2941.367029866706,1667.560505033236,1629.8946539436956,222.62399547544396,146.17118108019847,39.89642891449242,2.969964058736144,0.5730469949235852,0.07925129639281005,0.13222258171241735,0.039235582057885486,0.8518213849877339,1.1589326994526656,5.180234672223638
3.3823529411764706,3.0223828058871955,3.7681907721584205,1.2759395134251084,5.415068086855288,5.234168977262696,4.301111139984485,5.4918478347399065,9.704529997118728,4.510882140823674,15.062986060661359,8.061903696499607,1.835957279792472,4.412982767861126,12.013505173995668,9.857168953324809,15.23978429474646,19.73702180034084,295.5440667705166,412.14572213843377,48.871472697680346,6.738557725667118,52.71136934723161,103.5969126594372,89.08232193273136,82.42920544068099,24.714576051761135,48.04941141379766,960.8262970435708,1264.2538265492258,470.19404795591987,2618.7138851712566,3503.1542103843167,7341.610647385754,2633.69407731616,3241.7099739261434,1258.1339669082295,2312.581402873579,637.5669842336874,31.386430308013267,0.6052082529666682,0.25284761870187017,0.057532171058614766,0.07893977270057227,0.5124305917819755,11.565055626713994,62.87361494397652
3.3970588235294117,7.169183579130417,3.2540922987821337,4.345166550866735,1.461573530231307,2.8660360869818726,3.4643293652744687,1.5471808278922796,3.260600827561663,5.552835747624968,2.6661762086705445,3.8248080322858087,5.827397442994283,1.8643131438838232,0.93579282843213,7.193729564136204,19.726305277774124,3.0292272665849245,62.285016587541364,111.53591920877057,337.01842186634246,91.90527405163999,13.240008444535752,60.76321844269019,167.92574861375857,26.864499338256532,33.215909218615295,29.132740935505154,112.9116381638063,234.28800548398078,369.15112470630106,507.8722367953006,399.1323697597587,440.02722428468087,1583.9424350879056,3120.634163536659,1527.1002788564742,519.1350107139186,522.0302012288395,85.22019548918678,3.7429650005821586,0.14367089089539598,0.08892850844213204,0.07956539591702498,0.6169179964109959,3.1456323568227997,2.439218970722833
3.411764705882353,4.041303415194788,3.0890471562417985,0.9589711824170517,3.3664008842657434,2.1656638728199695,0.39792776791135503,1.291654729067636,3.8543882288991984,3.052322313721622,8.900011561458058,10.621994223306466,11.61594915061658,4.767217715983517,3.52955165018164,4.720674827318895,11.604319652861797,11.83854510882854,1.3927231948287588,43.11137937793822,761.21034484451,1276.6765997735424,230.79189234178767,4.210870838810924,8.918255494831701,9.446263383844133,21.95130709390477,8.970705227680646,14.622051263331313,19.19569282453275,315.8199746287743,256.8492110432618,445.63299702123265,672.2953640758664,931.6055626650209,560.567954077195,373.13470346886174,361.34834655449845,148.17899102648857,61.135620746502674,7.763578990429947,0.014005378460664825,0.043510948006321354,0.21986968159660486,2.5648478110883772,21.213320736569827,129.7857861716605
3.426470588235294,0.5946346414969897,0.48841687539342626,0.957038607914587,1.4864407864212636,0.47119938574660475,0.6243572047752253,2.083071329727895,3.047954854652582,1.35377104201249,0.7687444028919114,3.2118085227211166,8.42301450187546,9.318439020985618,4.1232238753069135,2.4463145703555425,0.7041568696806181,4.457296831057052,7.003578906426066,3.1147246101184534,307.50814747434225,1895.4177237406625,1031.137616909761,37.802413515256816,12.436271702166577,6.232883676610452,25.06101584592025,32.62054295351369,89.84876091829899,325.73222206397685,311.6525778626718,178.83872778767977,2146.2662711252246,2773.3426150276528,2432.8421625063975,2519.284819607503,1154.8152978468167,156.50151835763967,42.142910703526574,22.595414794163457,2.5197293157837195,0.020063869662862912,0.04023987176623833,0.12968774715946677,1.4762614174842517,31.436206407781853,58.2519132251952
3.441176470588235,1.5375242010928951,0.6697501839972761,0.5722472303566598,0.6373721244143573,0.5261149277714234,1.0028449421705468,0.80406380710383,1.8107901562744968,0.977542855325203,0.5143291868537936,0.303967550758403,1.423828911461098,2.8946167601752792,8.313481685425883,6.606275009271826,4.62381552467582,7.780823276624293,29.280203834322506,9.484080646355665,168.8172433042977,943.3224522100543,135.72671083610942,123.98057554610477,20.45714479138092,68.72193989912957,12.482866493794472,62.54181507999046,75.87129798253845,58.94744323095033,43.19613867103093,740.8282865331531,6443.4517218542505,1784.3608188160042,586.9206029521645,820.4028363537275,86.6168550844241,159.54029021081237,20.093423512303556,8.319130789588465,0.9969293405565397,0.11815515836640238,0.059505134035055,0.07497197903575202,0.6047769234498109,12.637695194655649,133.9092124963861
3.455882352941176,0.9037822228787341,0.6446762329370503,1.2886277718332344,1.1735112282388684,0.9673374460927299,0.9651009331112095,1.639959097768228,2.0298559603984643,1.0254205669277727,4.0376787199750845,2.6381383772988434,0.9194979784225845,0.5655177432855962,2.372637630070849,3.748210886612715,5.365141005913179,2.9489949344938733,11.204518165783124,9.193937676845541,132.60587526505904,579.3788721126998,859.9364574062404,2334.2261113875643,2424.1704242242395,525.3294567839396,99.83772799989606,36.31540182395017,30.770107921454283,62.280217992645866,126.0988687431495,50.41377836169116,2713.7538080479744,2612.587151914923,800.6792127526295,44.96264646458266,30.01217951912571,24.172154029356598,4.320904645288162,7.947677520888718,0.2223183638619609,0.16455821160692052,0.07954794786624703,0.05047868412599461,1.122538937447227,15.212397252870456,64.57118590711062
3.4705882352941173,2.185190955646531,1.0565959915643113,0.6468260885939127,0.7551846515625724,1.014354456587764,0.5635297902249455,0.724354908951838,1.431080005946432,1.5440461978261486,1.7638550289981707,0.9356390459949415,3.4444245001167455,2.444722023692958,2.7892097643880307,5.91187063611583,8.343221403716804,2.711811943341992,13.279426102281189,35.14216769529779,8.057708712111502,33.98765962260958,11.900991527283082,14.695485180109749,1047.9899141649364,2079.851157052726,408.7695981087277,247.2351430872634,58.81505865521899,7.396173503937744,32.230161940442066,23.952275045256485,203.9087293127792,193.574569907365,531.9141573139786,341.2827703026606,35.876583702771946,0.6569871252621524,1.9737489817809362,0.5046328130216627,0.2975482335618237,0.026353760324313344,0.1771920301895039,0.3267654810983705,1.6610832440953502,6.146306662273483,7.151063302211618
3.485294117647059,1.101276952312628,0.6907836658090669,1.675294153046404,1.1644133894481774,2.3767186867263597,0.6208847485671056,2.657915722060379,6.507240091779678,1.9076442152566986,4.399110989838837,8.41468324719165,5.408507972448749,6.35993105807363,4.615006601766275,4.880736304724068,12.320299972590291,9.264738342070084,3.90211527126855,14.804544023041064,21.596390612499444,3.150625356475211,5.524309397442866,29.774850167125997,63.849523213479245,118.3778181675257,180.17791833807783,449.0601880709413,1843.7431821028067,3688.6232840302846,5896.789605942238,4937.712550095237,1549.9845371155025,175.27570542460765,5.466203651786994,60.758452475001675,23.294240311042394,20.34735229753776,11.782929379411742,1.1574422672006415,0.08895142864018193,0.16751484246842585,0.08058082518252989,0.08499785274734732,4.191669596440224,48.061032101081814,173.14328817453674
3.5,2.78390379634182,4.629039689578102,3.1439080448580237,1.5986094193570297,1.6194311005697697,0.26253514034441583,2.2362205570736218,2.608945268177051,2.984410633179811,9.027260613002555,4.2443438307541665,4.591804296511353,4.641912698876655,2.7018306326892376,3.585380821304616,3.805496771214572,24.17922483662258,102.20779437364584,108.2980216222025,17.55552480902044,24.66542909405066,20.15820213183801,20.782096211336395,21.746571134883936,86.53866146468393,161.0326711991994,56.38182682405299,144.65848478779907,172.6474447921771,2325.995478984125,2203.525710288068,26253.822863552363,9897.489662753836,8656.906476268681,5955.269267344263,1919.8667776731677,206.5050523415211,13.035828397510102,1.9858845521340465,1.362689565316486,0.012078650188805724,0.11636987306578206,0.036944995387634044,0.8455365239416875,6.510713937852951,61.16129995952569
3.514705882352941,1.4063611447448845,6.801722423556976,5.9026072263016625,5.890566924616816,1.9164237866440936,0.35837211855018264,3.7626023978977665,19.53312397589979,6.24851090220595,6.56389768077897,7.271284867755156,12.153599854556285,24.30021670881585,42.27814874706162,31.01881055413207,24.814466374927807,19.7022032367799,35.33257400596119,231.33479384262267,1352.8581480277605,1102.0284326129997,181.96012236192792,60.49768495631842,7.232331394281523,6.026287626053168,48.518943252247226,56.1503244195211,399.6859238778801,300.4987812683255,1054.14853240177,1562.2321202453832,24047.81889506242,1978.939903434865,2253.8240679796845,2303.191821557578,5291.853775215281,4294.193444911347,582.7832090881909,21.312346185900534,1.8171982033066507,0.24347471879832958,0.05433031427262355,0.10586653751989591,0.30750315678637347,20.22616276515801,77.59333560387081
3.5294117647058822,8.259729741589455,3.430032257694343,2.425219471231893,1.2505583701484437,1.449048701282409,0.7444079820078926,1.7409631406581885,6.484318805236957,14.24183673732964,21.645157556883742,23.899101310408355,18.402579887995753,21.859961236377845,14.700682903190145,18.277415471804574,17.575117857646777,30.3828580702422,36.506691066526486,77.83370907314837,663.5548356871564,2962.5968292091875,7737.721179926338,7991.3440533802095,2448.2685500781945,360.19404760543546,186.88812862137013,18.32441037591454,282.4483129980757,2311.3532821586346,2417.090774293173,1029.8230813520038,1647.6201285939646,7578.60024788364,5512.046828331204,743.333492501188,334.2718945811364,1542.9677178266088,1478.6276192080584,49.55055914987737,0.08889974735917568,0.4509379560070695,0.0907332688258106,0.16620131144125552,2.1167014367872268,3.4538667303901938,9.05157442581799
3.5441176470588234,3.5896852464247933,2.543841619522854,3.4172253952391904,0.9737579666659505,3.948521625860648,7.076434296542957,6.2272983856655575,7.835115424358997,3.0646677581213986,6.725682359011057,14.723310536153408,7.898214109476832,16.277821565117293,26.65966190222136,13.475182248100513,6.105692094534186,15.726613446329834,26.099274066503085,6.222499834351446,1.7676043209651104,10.263589942409393,77.91911467748841,1005.0007244093163,8130.3162525307935,19784.278133645894,18280.866645941027,6466.182162969126,1536.4679057759377,1009.3299858664301,997.7017730096851,505.9627651391859,1952.90188976939,668.557605120476,2181.732963866855,1498.1291675476223,1215.9183715747142,1948.6683086095932,1249.0172106667023,34.0983369213889,3.4576872144983106,0.14861376480297867,0.026863222207760707,0.3152407199693473,1.5048424567342211,4.045472535155918,16.91997010765867
3.5588235294117645,6.2318457090179615,5.654380171228635,2.4062049443402405,1.0049061662634178,2.23614332064001,1.4970748815327966,3.3268679357157533,14.594258542102317,17.255558355188622,10.306007383077908,5.827864847241164,3.062747446324348,1.3060448173959394,6.634026569784917,13.6620850253821,5.582444204571524,12.905624226075075,8.212905759960323,3.0696035648970605,17.726281301412342,12.573315446872368,24.482337289542052,54.83005053500426,143.1824895398084,798.5004745802453,494.78298830123,3182.4712297283195,7564.9107827722255,2864.8523747335194,9237.012006265806,1550.8952879907329,2754.5915908555457,693.6682243664627,442.7452904324998,1324.7660089935046,2052.45241769066,3697.5056685661266,1113.6657564040484,38.231567006525,2.674909137517256,0.5982296570122045,0.07500491623301031,0.12496210123027944,1.2959700140814558,7.742573556800959,44.37531547028189
3.5735294117647056,2.327129313698659,3.4597822969583705,1.4648650696687107,0.7842715093163408,1.6814901131197544,2.1690388626027666,4.677429063137973,6.2717453254770685,7.7949269704023845,7.561715037869272,5.081516538377224,9.86996624758824,8.405839980275902,7.687832520782909,6.673983010624131,5.109125487370265,4.286831876411476,1.5532180069832577,2.795634933377759,2.2082611352147103,2.5787617599929638,13.235370143367875,25.335771288802466,18.64270496721174,73.6446225852896,36.69902049885755,196.46971212021037,2327.9374196329436,7642.610203249107,7589.475548508124,2868.691284580864,8796.924912461196,5820.514236511604,2457.260744679444,1393.7035029933274,1256.9328724630923,472.27423746627665,360.42960597395245,94.49143060818238,0.2823833621312953,0.04896522038047603,0.11607119642571227,0.26770550182937447,1.900631722278575,2.3918471271745823,20.829783120364944
3.5882352941176467,3.247950619693779,2.1945999792817443,0.5507606202279522,0.6298481575102596,1.5045090747639502,1.6220792018843335,1.0116446496750982,4.867444059559405,3.093718397943752,7.460302121995193,6.272756133494607,5.246683548653596,4.678406540705099,6.758526943795175,5.041091220886245,2.7745636489001635,2.3350068681003036,1.6939906410939123,0.9708382180825542,6.707395754329868,10.316921858419063,16.445330320505914,120.5386205405396,84.66966408278677,25.018569171719243,20.033789214575766,218.81871803947533,658.8219822554352,348.9601378704789,235.30907403717237,270.08665790880434,1495.2164262936665,353.2185186416343,2638.580809996,3570.858991123013,796.9438400252104,132.2584578359707,142.12544820851463,54.992945357124924,0.4926537701455381,0.37255699989635205,0.13901558429024785,0.2219200645164713,0.3588833042051194,5.250490859926792,36.927865914747265
3.602941176470588,1.9020875526260825,1.3312494201581475,0.5703224981076749,0.8210785700001769,2.758813333248175,2.9690384878687666,1.40674594406193,2.413089055929746,2.379441156403728,2.1862774963836893,1.274454779600739,1.360948767420154,3.0172701888626388,9.942349503144175,4.869006955621863,4.416724060176017,6.588586669389736,13.22772212265749,26.770084386291288,7.4009723547961865,8.014541240639852,14.621991742832517,29.69827326092188,77.53780100996246,129.83336807606466,128.76986041506797,104.7112594159172,411.5945499529569,162.68286722514847,350.47647620501004,4042.335671745409,12332.056425240335,1836.2925174120505,1678.5443996425602,1215.9057074811856,127.7020937579102,450.636027306849,357.3384402408177,52.390819609834885,0.8583766356309757,0.3503757181513229,0.08905188865937062,0.1450514056310097,1.1836565398195473,22.408285615963866,101.72913690728086
3.617647058823529,0.6046912014731448,1.2832593517373314,0.33278277514096727,0.5704784720309771,1.1481567305763019,0.4662993145685448,0.6971204299256596,2.427861736796478,1.610011611326192,2.062416716192394,2.101512608706236,1.6347206613370762,4.532730209106534,2.014567770146419,1.8238914828665207,4.492265660464599,9.394370608431569,22.20961595302851,14.135590402563015,17.453750212907057,4.158660898050661,14.097173881692154,56.29077863607549,78.32494079398523,9.028952161494685,44.11706307774452,31.72230058398776,120.27247583372076,1297.6259757777466,1170.1912058988419,619.96918956538,2590.6076376117962,981.7095913776411,113.06556756046372,37.392592003791854,146.6286357536058,155.05767641478576,191.50884389442015,51.67066129462167,2.662859008539236,0.14783547669681643,0.03616430760081826,0.06582154559558244,0.060303841262162886,5.653115306231673,54.39163354438185
3.63235294117647,3.094022822670886,5.718932052875726,3.214334805387095,1.317779197856174,0.7473973796978038,0.19245397395143013,0.05256075432084078,2.9307206249125857,1.9464638653979047,1.679529419769143,1.5573802143962445,2.8658502781960498,5.574972782886458,4.346186820927912,1.9147600497647055,2.830512397944263,5.477342175815,8.523017249624145,4.039225459367168,9.836622286105506,3.7387197271795225,22.285528453019502,46.24257221651215,33.38328615648417,5.273322000919635,75.51753096857396,44.40025682957541,67.24263452964047,59.74377905747439,601.0900359604847,949.4486163943413,463.7138188152015,183.79046752551986,123.73697924650651,88.36120645562906,52.14439114512456,20.28241673563076,9.492679160702433,7.617636829059714,0.43975269055092797,0.06549522168583671,0.053709766012468005,0.08267769770124447,2.257299684807271,6.330430131961779,25.09456975133305
3.6470588235294112,1.5312382407146514,0.3833830113334975,0.26964493818540114,0.11501831647522948,0.2613857690305429,0.24081053525111681,0.6639156844546373,2.5130539233344273,1.0536862910007507,2.3643008851483938,1.0172296589394652,1.2196717430069812,1.6235139080605405,2.85195832739278,2.3788891822962155,1.1422766249310137,2.899394165361551,4.993325672685485,0.9780609487399452,2.5678795618646073,1.095690093354138,15.043161762753323,28.808539841706793,16.34705678310916,8.019913483307464,72.6564833207724,30.276566679771967,9.83156920536356,34.15231925632747,27.441498454975953,122.9211280086457,553.4524021669039,266.2448715104771,378.5192978101243,114.31167434106369,65.26490125381981,60.17147040004123,14.8531053143566,15.825537583175468,2.0734131911543896,0.07400791535129041,0.07260540061248848,0.02923204848974517,0.6296881660175674,1.3769343429373653,36.48953518609635
3.6617647058823524,1.1197064169834114,0.3585261561062798,0.2388657809455109,0.35431103016428334,0.7684351515381542,1.12577139338481,0.3048579912135014,0.3856069202956426,0.2988372274639284,0.9160704146273771,1.0475223555732027,1.6939406935479104,2.4306999766022397,3.011235127277037,3.4704099974622395,2.2629819511490505,1.570426421212726,2.378555302734071,0.5700414527843898,0.43327437675050895,3.2927205193503464,1.176423160161156,9.549083184083177,10.82236314438601,16.311142382339074,5.636466104982316,4.05109162936805,15.948789567430133,28.680891778996532,16.591808469553428,41.92924342216311,112.97840103112219,50.12133256711852,80.83167765370577,109.19540466249408,95.80116345960832,32.497990484414316,17.67522742538931,8.214020108823291,0.5682867183384471,0.026230659753962035,0.020412579767533544,0.057039959951991945,0.28605794387488226,8.244622369276168,16.268622668084554
3.6764705882352944,0.5381512616412718,0.36719521915917913,0.6254963838665981,1.1446240169449098,0.9441713413145272,0.34546663437909864,0.4068494071881037,2.4136823222838037,1.5545744168784765,0.6626118141776964,1.4145612312997797,1.048990005903958,1.3472833180702144,0.6676458837260141,3.597290344903108,6.079622493750612,3.960871461364416,3.1797169201005464,2.3308302692766922,1.0399130281550715,2.263404891512121,8.770144808608476,24.080283935504042,32.9022138089777,5.078640190087228,2.0508939579117094,11.844101758196071,44.60145177893099,35.00407040291795,5.872644204287711,7.503592571671557,106.39454528864788,75.6210229718498,34.320351393887336,34.32470795661568,50.199683911340664,42.271986418968815,7.703822410169877,0.6749993305172964,0.18626046698283552,0.055906485383068194,0.06939672627507992,0.03788155068526408,0.5724742154800061,3.3657007142202198,121.71995630898888
3.6911764705882355,1.7996854165412937,1.2998451258776342,0.3777735340926074,0.3450365218882238,0.7710856788824935,0.6284365053120713,0.5902386756012986,1.5843725344539945,1.2146361908667789,1.3405071398299029,3.0871008625027376,1.8797736429758565,2.5155241312061696,6.129165603493133,3.7901198434481254,0.7341381562067381,0.8627408102921194,2.01912149153366,3.9136478258263088,3.148811007130292,2.259228753762529,5.173413933076278,7.295775375177001,4.625416966044009,15.340018031277385,4.650307202621317,12.191961547284915,13.980079374138363,5.471059148406789,42.43733806020303,97.15941458943922,144.19960381611415,34.09431377454432,39.861587869756164,39.00075442123716,32.21340203435099,13.642686564246377,5.40306899761665,1.5692777335931078,0.15592729713475756,0.019098054457616143,0.004167706358867552,0.1184304664133205,0.5026450468452524,5.426983239162097,89.40218216290864
3.7058823529411766,0.7328175620004871,2.36429384187804,3.7593728522805483,1.1115278664848247,0.19182971260271287,0.16989848135934846,0.2602622666055244,2.366938859957992,0.8240049149202433,0.31895648907813307,1.8243721899347645,0.6447623681495881,1.5501182071396626,3.7654680904525777,0.46610262543714653,1.0445252179175886,1.0887325005475208,2.4317947223939522,3.1246390009671865,0.5459505058714406,1.1515127842266537,7.82290000895358,4.2557643086275,14.668709891088584,23.846397115894646,2.133861856433821,8.206784901972776,13.584981511160564,29.28150183004462,149.53441235639855,165.66870743016815,91.43496815830474,15.14326732257871,17.429612931129785,6.243345825712157,4.907261186330322,11.683835635069531,5.15020810382982,1.2476038363543989,0.16400191694390204,0.1538099100141963,0.04132116130217191,0.05419450864065469,0.40505206679045447,7.849364447606873,100.85278109933739
3.7205882352941178,1.3596871978609015,1.585123724808584,0.9250658894001322,0.28259034514754633,0.2885289362390928,0.0723806166882234,0.3973664802334639,0.6399595045060419,1.8951184837774533,4.5063055433634585,1.594401253253252,1.4359739330836123,4.115972258339712,2.312384023025284,0.8300934012000823,1.22626164553391,2.9579501696821415,1.553007817010873,0.9078534962124185,3.3754038526615515,3.0645122909929166,1.245218886328287,5.432394053953608,11.595496900205998,31.690669465539216,13.285047876772916,13.111216011706077,3.6263667206676997,67.7576145317735,9.283307652059442,15.886134622263526,83.8456019455947,56.650295218717524,148.97264328773056,62.148698576491476,10.3898163097647,4.735190229214657,4.207836207659497,1.3641307255705593,0.09663134179615554,0.020043171812332467,0.016429396858235332,0.04919814615907821,0.9018791940813429,4.7323912977704445,42.82726512898796
3.735294117647059,1.9824775124969949,0.35964995485343954,0.6966435083102045,1.9684626964954042,1.9469345292848943,0.8062264608812517,0.7389503550893879,2.427762770593791,5.883886086224634,2.064338399638548,3.340940882858817,3.927700355728734,1.3602930519885035,1.2616701731753799,0.8965133976754907,1.0011651410806404,2.500325773791344,2.953587543343412,0.423911537426568,0.6934288141110576,1.1579296681174986,1.1010199772207732,1.8036848491037896,3.667637268289516,9.285576357101629,3.0727758490752786,18.749529207077543,25.844685472398837,39.67141234313282,104.93190881761414,235.9515874291264,428.1525062119139,65.15513211331553,85.1695666861553,24.122252793695402,7.209393949819326,0.2869851034568224,4.01986333095323,1.6314244339135127,0.2037762980588772,0.05002060879083199,0.025048765118874577,0.0837233903557321,0.8033364058814784,15.711164364805072,126.11273209235114
3.75,0.7200971622883809,1.3818847219456052,0.8764722923848123,0.07798961796465746,0.7437350643909066,0.4057628874026739,0.2544748072993539,4.9401741076779215,2.8884845655909688,0.412255656428282,0.8813761989095016,1.8698549560468727,1.5725082223784992,2.1636843142413995,2.1657954533733754,0.8211793936293575,1.2912922050703655,1.8588890169649739,2.584732304747925,1.067957396604055,0.6232073827065804,0.3614779089685273,3.113996926540869,1.4319448811393618,1.0973112970716765,3.813145865261668,18.36073370846307,62.9616962703531,138.40666441753865,81.31032277778007,25.147793781208065,160.6833757034086,183.2076286884639,25.72300735859585,42.625288490097496,51.12840491804607,36.25873629913319,9.636446098403136,0.41510034299399634,0.06283001738369487,0.014060941483277706,0.0062062962618118205,0.01383090810585946,2.057942701554899,1.6783655937827398,29.112389637881062
3.764705882352941,0.6478803895728209,0.2923587960363996,0.3919304043658765,0.3609881870740217,0.4610647250315144,0.4070222076728218,0.8621559425743651,1.6417166010329005,1.100142227635064,0.23419766411592685,0.826014161736917,0.7396634380958765,1.6132217259309747,2.472934206100199,2.515526687468582,4.477917154150507,2.9537940811488532,2.1857255281726897,3.535541141695676,4.36366231528538,5.4171530495449325,3.487486269382266,1.8246290135633587,19.14553501612722,32.197566913597555,26.47569142335167,1.8112708661964854,13.67175787674639,61.561647853920434,131.17093164044041,135.59759566942643,286.9460595075167,106.69507880285664,81.20707099829653,17.048376736064856,1.8391947682368333,6.403591018708939,6.5747011357042435,0.29230427936534775,0.0985750438206415,0.02172765016130961,0.060617924412185234,0.19179291606083176,0.3357383644997428,11.205283271608902,44.13949956226398
3.7794117647058822,2.207143808965577,0.4427813120531181,0.224982811963644,0.6268517500603777,1.2145495861360376,0.7715824682495354,0.21529323913782716,0.957343991494415,0.6352963665408773,3.0506172274279004,2.3378802745461895,4.666360661646908,9.262725906662444,3.4532414194201717,1.5240337154654884,2.500443788938518,1.70717459094182,2.5199273699188134,3.7874228486304515,2.970816977883617,0.7083002311808574,2.227437821112817,2.5453164255647303,0.917421728683732,6.859596092677851,39.04047514619351,59.33265071252815,83.95332144455509,60.47313190357603,129.77712995595957,234.77274037723635,495.359308788961,187.88691514588817,124.85938141640386,34.91262977206361,22.78943768753505,6.727250508236562,1.944484836142156,0.1768738636351816,0.21657319241705797,0.11425534964166743,0.029929813644334842,0.09302596755880183,0.15626307680814602,15.979314941450859,184.66291970589765
3.7941176470588234,4.786483065976162,3.0412379331335484,1.3003032044197258,0.6734186733536125,0.1344037804021125,0.41685120824527155,1.1032080031906433,6.997452297594106,2.391779401909084,1.747360963174709,4.1873847242780915,7.369768730103118,3.5981581614456273,2.2423849255431048,9.405939124963854,11.865780528305896,6.885973960873258,2.7487568717901723,5.617416988393666,3.8441764419390303,1.691035665589303,1.874321446287929,4.131851626224432,4.285978958419314,21.906865904696986,59.62018036428999,36.21739319102022,5.10953285259405,13.213786588601657,156.3326797632729,974.7934274798693,1401.7253605021524,495.5506260882776,1126.329273605405,293.686773732559,22.77615671401325,17.739817898400986,12.054592289227095,2.4872843450825224,0.38961970094999343,0.06531161598492065,0.051159914981025637,0.06666248111491009,0.7963504095988496,1.9765956588684956,88.2606759873953
3.8088235294117645,1.6069041186560207,0.415159374528402,0.6876700945034221,1.7538711648033534,0.7574061198149006,0.5023000113054876,1.713475517776574,2.4424935485420947,3.1995771574250984,3.198597410134324,3.099928362988356,5.615363265457152,2.850182072775465,3.4046852417548483,2.851700150382065,0.49512332494558364,0.4108321301085357,3.404137816145239,3.3132798525217204,1.583995309712908,4.981341809892982,14.009315011806901,20.425029580647774,12.127296267996064,25.424199476388637,67.44898790917705,39.570963662127625,2.0396007050533846,19.147203725760317,176.90817568169228,312.10192957529017,259.91082327195465,131.92763991895134,697.6948521587198,326.7393729171039,172.4365569265464,73.91280733848545,14.847600988917108,0.7935984745387125,0.09390598028935203,0.06117706282058016,0.01757521272642649,0.037058743123562,0.6113223212180139,10.563418598957066,78.55102567063658
3.8235294117647056,5.306938837737433,0.9380710707569442,2.6658651933681456,2.2746628262582664,1.7694144255086257,1.6018300188247148,0.2279151939464544,3.980151582293419,3.642533436668969,3.6526114874733118,0.9787978129942685,11.381911216290417,10.915706283665552,4.634922500857835,1.1093851925695797,1.6646289844078417,3.1710899832663624,5.016628445529703,11.761790248846587,10.055190016034762,6.7967652879786415,1.0509650905254297,1.3218305092869036,0.9706527515007004,2.3379159784083683,9.607896433972702,4.0259466088146985,13.342394952574383,15.02280633398109,2.7507137986897896,29.399273100366752,1096.331552124501,1714.714807388576,1015.9114472803623,52.94800140199176,447.3750798831916,102.40898686108362,26.471107132184414,1.222555039500422,0.2252318260046951,0.07807097717286679,0.013760608919787353,0.008763180813170929,0.3672234980068707,0.2607837346308748,23.223589182003014
3.8382352941176467,2.139539156597213,0.7680105102855171,0.594786536280988,0.9069067516855975,0.7428653666840965,0.5791732213117552,0.9786497040903186,9.070111090078584,7.345041433662329,0.44028765667855146,1.6845836129540626,1.0177243401295117,1.7065785914794942,1.2313856782234638,2.293449570588291,1.0228689210267659,1.9834905113481132,5.818896880439695,7.054514751457343,2.248235683325295,1.001114698776313,1.456870293843675,0.5876346478250672,2.484487961037159,4.263690888278649,1.7533256924686085,6.216205747757983,0.9379592998144637,5.17495941121086,38.81323632848354,30.686665939905076,238.0702130551188,2508.0454910984054,4182.55301113323,3225.182772309967,1002.9471301200642,281.8557503647813,213.56557461523317,20.420625935169284,0.7733531847216435,0.05574792050025021,0.0060987864992523835,0.028547967676758025,0.11557985918428013,2.8947062943463666,85.08965902021556
3.852941176470588,1.417580173580944,1.9484266591324628,3.262891454679257,2.2551259206898204,0.4393853046220557,0.47075136965297404,1.1056059079779545,2.3951748211369965,2.443021641661345,8.313250186975647,8.275194236555908,10.541406570469462,5.5477586134095045,0.670429217131031,0.7015161376836173,2.462635275461316,7.366759439326167,2.8995462917810073,2.496578400482673,1.4746788308944465,0.7331653417830615,2.9725393545194865,2.019039313154873,1.2111126602550715,4.41364387673879,7.89839424391346,3.982170509241479,3.8287327933791584,20.059871809851447,32.85693778681171,29.149955242559077,996.8814068738816,828.8740441451695,1260.3829861916672,1614.9601446607685,183.47754338613422,306.1025904355999,227.35442410327335,4.6695442381958046,1.2969078460661705,0.039100104045232106,0.08219584508398473,0.17979812993600533,0.47742142321794595,7.885044961033708,45.36681320475681
3.86764705882353,2.1872464071549036,1.6058130360339256,0.33645073296353734,0.44781985821303666,0.8419678651713156,0.6187130632001672,1.7639934932347079,5.087939723141989,1.238502959156401,5.131481981283839,4.982643503085089,4.350428259565533,3.192880637829668,2.8732082199349933,5.995383586207801,1.703982026681097,11.258985941100885,37.62514836252386,33.30569641938854,17.301282865483056,0.85850462578272,2.3610604815371956,0.28179843771477187,1.6601233538266118,1.463856563576414,0.28314166288661574,0.9805758085512685,2.0422078651681086,3.944870665967993,3.2375204383243643,22.12425885380071,203.58108523098363,679.809836425261,1398.1221544520547,2812.177995002181,819.1277353648161,143.83960065264105,157.13052399503252,15.858569631021647,0.6389038920386139,0.08710544251382929,0.007899988144322946,0.11891226804361574,1.0324312840309091,15.542873040355083,21.52666558868337
3.882352941176471,0.8911108320783048,0.6036657162968313,1.5045110943592117,1.1140201271523547,0.4127016649107288,1.3126203853130514,0.9768397160878759,0.4272695207652135,1.8171323751515933,3.6026862110416324,1.6042982243034625,2.951240606148227,4.256811448504569,5.1083942546279415,2.2106760759928203,1.519541853453788,3.877251750714223,3.352735144316612,86.43521232197153,808.3514515217541,1163.5457053014366,409.59871159320994,80.36997790588947,35.946506240027944,6.017615327249403,3.3456909570478492,1.452194610721324,6.705301911436946,22.893173233593608,9.134795951282074,4.143813844990713,399.74073474269426,87.85903298148938,85.2759312278338,308.0275829393096,234.84403371725858,50.94810119048573,171.92792454082303,33.797400943536736,1.5535118037540248,0.020185988584757446,0.007551512265854973,0.04349917264084397,0.8925525748937986,4.766004633824669,131.57131260566922
3.897058823529412,0.9090114761010445,0.7461619387269438,0.7266939440550806,0.4837688707694067,0.3485790384891844,1.0236167562452476,1.3290840724537627,1.6242180577470027,1.1221706142546046,1.001372294644992,0.7762795737865484,0.7209208926632217,1.661725114455488,1.9521258520543092,7.4668023885899135,2.4333545200871374,6.001152387792347,1.746930350578083,14.953979928250527,109.06518815087333,82.36945017512619,798.4272846925292,3563.5426483920664,4722.512821513055,1981.4395584176825,385.02060798665826,169.14089177087192,60.537296908273696,4.610128167460434,34.565118939341374,33.68620819927248,100.32830080102549,178.87479539956462,830.136384102982,540.4075530709035,88.87126484245151,18.042254620545883,128.62725431846036,44.387441066330666,0.21878386099765093,0.012852586453694779,0.05089837313505101,0.07623379155213,0.14480151774452624,3.4309101359037224,9.794612090987853
3.9117647058823533,0.19061536567845516,0.6181154819328172,0.6240939898703484,0.6349534131294836,0.7271644555302086,1.8264724551217841,2.68616197065678,4.4289549402648785,0.3709781374700664,1.6143258048917632,1.0508055029426135,3.3623136581842745,9.235095284409073,6.914052047048939,3.8638736468619372,12.95033717204091,18.49566581675588,26.998261403544667,8.365225742441341,16.247351926288147,16.45001304862923,37.36846913204585,13.175170664630544,134.65526343755553,802.3034975324721,2258.435816587433,7000.441863341309,7893.30559076914,3533.0990043938527,444.4643215182987,485.18235606388976,258.21402437364014,111.52042311528834,460.40795214259515,220.15357454643097,206.65607510288328,376.7447253027595,159.04025304599463,18.20576142324742,0.5943356405704449,0.044691395494079286,0.021010530265914686,0.013314926254965002,0.014740212970073533,10.81928767869394,151.90166395044469
3.9264705882352944,0.8275025276950513,0.5960927466878264,1.1377482633793936,2.2861170861545768,2.728812293335077,1.0571384449461745,0.4852226672597588,0.5664780853893931,0.6033916917745046,1.0102141454143096,2.422300929225709,1.7792583682869267,3.6678728725983882,5.228012925055175,7.091270730419101,6.682454842350738,4.077334513244173,2.70695402896921,33.61597757296305,34.986823399092586,8.094518677255682,1.2472660911234073,3.771333764147329,5.397778047289461,45.64575506111279,150.08782553920383,231.26394910549442,390.5823485209872,720.4985355564226,4253.372437989701,5775.998354287151,8572.097218934981,869.7828079027731,501.44260472577434,500.9988885181191,79.1047624393317,97.16917028614715,14.74296579571038,4.360043840615409,0.6600166716579298,0.18333956397845827,0.010394522399153968,0.02625337290972367,0.4622067953166469,14.750139212151112,14.043884918724427
3.9411764705882355,2.5117389004606676,1.0007558580334939,1.8009581718619294,3.065508326383161,2.2905113930262067,1.1925078460117093,1.7824525212934161,3.453236127236478,0.7651609703629478,1.330663957591454,1.1186466128705488,0.32501332216534906,1.9483495655972862,2.7162914163675045,5.404125704862594,3.17939877637197,1.8920891302578444,3.4531271615832146,6.776861272103551,22.059920140612185,12.453116958989146,5.4688228262584815,4.131971417767276,13.281253985518582,91.06384498507438,60.22531591948065,61.696947534145295,28.971118202678596,230.18521255030544,99.4901921158928,54.6196015814515,186.77213423720633,602.1305832632477,2571.0239176822615,3452.3537272336544,979.4568356390348,789.3919103617961,342.68558318318856,48.813679423521236,1.3790472336079962,0.20375062902511115,0.016511030023356577,0.011529638258620733,0.4003215591758811,23.15860454586157,104.40131776528166
3.9558823529411766,0.34016186067991017,1.4399733484251056,2.7399737705161487,2.1846973518781927,1.9378044486310593,0.9192559515380639,1.3153397668019302,3.018706387224365,2.3295367690287465,1.2277866566370375,1.4640213084289844,1.860491913275144,1.9625941459768963,3.28703891810737,5.0268369927140375,3.263435225627581,3.1784220185169203,1.8374176952156773,3.5859919259285986,21.79948490321388,38.110045778506745,8.675782366512955,1.6233568295726157,4.127414728762249,25.641883697931323,86.73789548848985,142.87278282936143,151.53415071027106,115.31297904126828,1165.9821673867905,623.6094053072213,913.8662622058297,95.59947288897507,439.17959074763763,2554.389806548479,5154.206401726302,2807.8159251306174,582.6915008882639,41.86326833301869,2.7879645689362587,0.19805661525311094,0.03898664368676982,0.065863813327107,0.6515283767977199,7.801918960914379,17.740548917458284
3.9705882352941178,1.2345091618286408,1.4205038567511994,1.1363088608881526,1.4870374050529436,1.4362864850374741,3.333359711789166,3.1697108572662356,7.0803752991919,2.3303448406243366,0.5992148868293138,0.34884351822820725,1.7716603884181645,1.1950060659215163,1.242243086676808,7.6137138014140655,5.924553425649808,6.487763692091364,2.46951197868263,5.195639882669163,2.7518344545846003,2.1533805248899967,5.0966390603507215,41.94808334165593,137.39601498311885,111.27135873917666,22.994577101723372,6.61195216170693,112.03235787752544,186.42549018966577,72.35640385345614,142.07004698832492,167.66084636568638,101.14597242553825,171.50714059191802,122.75903576266109,530.4938470992397,621.7687947167173,312.69896880014903,62.24100145776281,4.315325759577111,0.1540776042754337,0.20551594194237321,0.15531601641344556,1.0375472296026769,2.276165644735755,133.73289519191226
3.985294117647059,2.2907420269737324,0.755853651622094,3.4553400297356873,3.749588157979354,1.9316972528835832,2.2072143807310756,2.8357969808491266,5.055373276251142,5.1495546653926025,2.690042933359222,1.323045739234276,2.200066681466638,2.3799125767451343,1.7967560879630504,1.08431337689917,10.938066677336188,54.31853185288276,26.577786963249302,2.2863071011210234,2.4009027219855725,1.3328457496196315,4.756855831717234,21.449975743368807,42.93594536669111,70.99666281814447,103.52533026986521,131.7267856860642,69.81001796814026,7.811400899798624,67.39336233570926,190.5222966070828,198.34938048471506,136.7838999958773,182.2537927517515,350.068640810834,593.7647757496243,478.4052910429833,230.2714020685873,108.0911260364616,5.70050083646762,0.062381816287095174,0.015156566385638164,0.21953407017660348,0.5246983836865262,16.297582684459492,15.840492661204298
4.0,0.5189315154009122,1.5887576666989176,1.552162678272009,1.0803805609961514,0.1925790504645283,0.8135631539396838,0.8464320690485162,1.6749517507622398,0.7060752968313833,1.2978549776265136,0.8236083882080784,4.617914123692659,5.904441173446416,4.459611493623788,6.3435549064238845,14.01478540697265,71.60495938548327,83.65647344830407,11.484188963316594,1.0598451030845126,3.571242529014322,6.841078380507572,17.298331477022025,59.858133362635535,86.3809692016454,137.6289062376232,69.72770007436887,13.086789575799745,19.716849282712825,176.98792315606647,119.61181775730466,520.4824450859406,287.70670249573914,81.1236379668369,152.33297547305372,46.19773733633215,34.184916244976144,34.66832015673132,15.209190666844446,5.615792340656258,0.046549429019119536,0.00922737080137789,0.016528095958909965,0.3346807437788968,5.755539253226689,18.383209456370206
4.014705882352941,0.3628767228664305,0.6136837797553009,0.7109836032383249,1.6504151460599847,0.2090971117106541,0.5417089080355157,0.6883098805661896,2.4683847202010645,1.080831331340272,2.5361078628689095,1.485161884352573,1.883376164894245,1.6840001149507131,0.7827002595383565,1.1574069879977718,2.681763667189358,34.462507131888415,58.837300361527916,10.280786648643133,1.4987764958043879,4.76731229171533,7.737167661601951,15.262349398920694,21.576293411649985,1.4478726182248236,21.307776734244325,148.11299022791457,45.0330661466059,4.982007864707395,221.64875073702507,132.06982852635366,567.0634223881968,1191.8037808413992,478.081182154175,39.81717142862571,8.610532899235515,25.322407469062668,47.08282649952113,22.29849960643878,1.5331233398280393,0.01909071650117352,0.026863576514649972,0.05035834279145654,0.6619708651613635,11.81986770763144,60.78631051494047
4.029411764705882,0.39554544500174826,0.7275489343522022,1.9921081535732568,1.0487837684753203,0.2846121296930415,0.93401399269363,0.32081283778285585,3.0830304909085173,3.3257840070805376,3.257640270015519,2.6646214084478976,6.4678693446365845,5.7335741531938025,5.820342334951571,2.9222622792786073,3.3637474158182306,15.640197018659773,30.996816743934566,6.444438750788439,3.1963396259254644,3.2927651720310323,2.8338207462266816,53.0158689183085,247.9171131028309,483.3499781745578,523.1174274364548,64.90163338928447,73.42632980669025,103.6416021928183,23.631316438053403,206.15168321087094,529.0063456516631,199.8718747464766,110.90346120781882,180.33919043895662,226.7946345274196,22.496977139776096,21.549749938361877,16.938530213437787,0.34054048639140966,0.08308314339765367,0.060897970861484865,0.030576463533888286,0.5232890836270379,0.38643244239196944,12.251125730039266
4.044117647058823,0.4964050118019277,0.5133693645953954,0.857849341340931,0.5595491285145288,0.25925723987750354,0.29509841729732567,1.970572195950503,4.540450272308624,1.7710887245328317,1.2647675768225937,0.7531571616760495,2.2386759519692814,2.5436181803177593,2.122634528738482,3.7422875776803766,5.213188005439034,4.502161846362722,8.098099931078355,3.358900155582095,16.9942263025398,32.515655414554054,2.8411143500111606,20.237770130102803,138.94412932514862,142.1179232372591,510.14282350263954,3417.362298871666,4431.366125866856,2424.5698786767034,828.7554773164032,267.8322367718589,70.64526660230153,79.26910851998679,186.71197582232497,150.6989377407644,53.65583817384858,180.7161088267232,93.76669503554126,20.7950897983459,0.8639407345149925,0.01686523449492723,0.04763769191195777,0.05034920741518384,1.5704293030046879,30.36123318280837,141.9597278649282
4.0588235294117645,0.5453780965559498,0.4299979000014633,0.6824180374986479,0.45627067263960736,0.9222642660458341,1.8543561384350882,4.35860236974346,8.409373774725232,1.151847112646811,1.3630403771703046,2.611962661339488,3.4042111647026214,10.673823884796672,13.425452154629912,11.233870213913978,15.775208348959719,9.227035725330445,2.5056979348462454,3.0559031500767233,9.345853544225719,7.084944905291028,14.203366264549993,17.750500772443473,56.187263697329236,13.729156972984143,50.59004490443732,3.7624236369564112,669.8834879883482,2473.7104143238503,1748.5345409295733,6777.134972953612,17952.583898726494,3257.8650495293996,503.0494040738582,55.63251776953739,171.73110940666913,363.437954288753,336.74664222386707,123.43966808894064,7.497861517267825,0.1296687717188374,0.10122429885673459,0.3609249871990431,0.2565581461749167,18.75996415003839,155.427205293163
4.0735294117647065,1.7011668478074458,0.7139072984857547,0.7764206241975934,1.2886300418627785,1.3648670370792613,0.5740493790029024,0.09764709707375148,0.757900071577456,0.4885320419298063,0.4361481235997509,0.26342254372729385,1.8614777016709811,4.007005843503491,0.9546396578701303,1.299739765335364,10.744178245396347,24.43594152771222,17.849516569639484,9.446568596883427,6.529457697408015,1.5448858868061404,11.94175898513525,7.325286899233474,13.106913692734812,30.61343398311194,15.566225025136855,17.232594770291584,39.8011485167205,189.84534666047836,250.63351186377798,1254.9142357302358,1655.1364834416972,1663.9197841141429,738.6340130343025,384.9843105067593,108.95497636996458,21.284905599166258,128.011152104998,80.56708679511675,10.219277954249911,0.27013072128368165,0.10122310418048755,0.084792871003738,1.0836852538828952,5.837648098390577,36.82229085001307
4.088235294117647,0.9156487505941717,0.10817287257853718,0.13128980857125025,0.28283933333927513,0.314333326804517,0.3924852080668576,0.32183560829202296,2.921180193057779,0.9855341371073127,0.8528168863188867,1.9241733844974496,3.9832595928102306,4.403942830381707,3.58010969954926,1.0380584995891606,7.448000610278544,3.5118915842402436,4.000384559646985,3.0663754011350175,3.809119687598359,8.252000681936211,3.4897273163399527,19.765230820312762,25.847199402446307,34.22663441720162,66.53150469497956,17.67568735522672,74.58703595136527,430.708935150697,236.68630667942767,67.75216522805962,1143.081178931206,405.2652076118852,503.64085136409415,498.72854355074975,160.6099227780201,169.28584813535105,116.06939356165736,46.88677883879655,9.947620923244306,0.3277546471520526,0.06695506337956902,0.02209156273562688,0.7420472900003497,10.427644460346874,166.6846295741165
4.102941176470589,2.1706568338780046,1.3621859591155276,0.1813152767041046,0.09348374009918523,0.48747287935045913,0.8368956931104101,0.36290045741700905,1.6580821146120217,1.6252701927753388,1.8044282875195485,1.7615621095428144,3.700230134591343,4.574368864362658,0.7192731110861694,6.424480183659581,22.890438231776898,11.49387988195822,2.2011681119181183,8.446693250653176,7.166810234719449,1.082113840893496,3.6937558222469917,0.7915080822025725,9.229382119334865,17.25927125670821,44.56908405930449,71.46381936409807,255.7219975426666,197.15507855375063,297.0516275218707,54.089059473852714,56.10373341736783,194.9278818306654,852.0583573555682,1137.2039694571804,718.6552681961593,210.23425293574863,31.16968970904411,25.936650494864075,13.471082011734712,1.3903509431672885,0.4420016854481468,0.17892087886238064,0.6932252374526895,8.261710683694425,176.80896484875637
4.117647058823529,1.0760150953727265,1.1234006630315079,0.3254791299899764,1.2755137929313822,1.5756702862899448,0.711717133620752,1.0059825635957005,1.0684076596532217,2.374160593764983,2.891583461899346,1.4751027950272126,1.7628964483297072,1.7157298890931414,1.439723619759894,1.0968479519903467,4.132966447150799,0.3893219467620108,0.9169263315612592,2.750430339363195,5.149022160767052,9.831082187930381,17.255880091119515,7.243246252650202,4.473665834425782,1.8112363304775856,10.857388497756313,41.764089858425606,179.01019216524378,170.0907169830894,37.2021613866157,22.54736950095863,36.63538147040779,73.2031549365883,292.1555375209437,250.57372407957757,85.32855567353607,78.28641430509093,65.5830827290344,16.430912545671678,4.153167220454881,4.692478302190656,1.0399591822997976,0.116304065921432,1.0195146370413857,31.963492791210225,23.020895750079134
4.132352941176471,1.3598123017829404,0.9192742048466632,0.2443287013390706,1.0989706087109612,0.7824095144056277,0.4589427160343826,0.8012874489321649,2.874338920218225,4.113028106108601,2.7295556185578214,1.1222233248275288,0.3461356083887284,1.686090880542908,5.291327483796113,1.0352326713199105,10.065428697540366,8.61707863740189,1.1733991850952141,1.9781999161009152,6.180478884410443,13.132318162300724,6.071027759465895,0.8296062884655826,2.3221151141791374,1.1564160229549432,19.983778356331193,92.63103807591821,56.71723864496478,5.3662356232609145,10.910559497021413,11.39017736280492,44.107719601987824,35.21026702291259,112.00795591688114,122.28991331845916,127.74161380808951,158.02605488117035,98.10862272914353,15.80457971225279,0.1506999835817108,0.04168026159405517,0.07479089862312335,0.08378849992199304,1.3504478992173383,2.2062396009004406,6.547324925148692
4.147058823529411,0.7093161267288,0.48434796575523986,0.5418015732314133,0.27626160234247776,0.11561373555645128,0.16374526011243945,0.4116108917137709,1.2075783769805963,1.1584705708778213,1.3014353610533922,0.8229548661106588,0.7363718351937434,1.1570801783307672,2.4729443886224236,0.36827528085110106,6.777429190317186,5.746127576077773,6.724671161133598,3.699520556079185,0.9930215937140355,6.105326195459034,21.30845545131494,11.893669714736646,22.111669302823763,28.621967268406173,12.617342595655273,2.816479576049909,10.826794085148805,17.60584344703164,13.048560229677928,7.504580484367601,90.98731816091089,75.37852231369243,55.208355880594205,37.75230917111938,46.62323557482764,16.738637397951866,26.807206679983864,2.986544917921645,0.3753680336093397,0.08760614386420813,0.05468844611653687,0.049778572321842456,2.0437801356788725,9.621026897511065,40.52453994472485
4.161764705882353,1.6667159596903,1.7753267771378238,0.4118122997974609,0.30156220113964594,0.4264643846332766,0.6409197417297077,0.08240357167627708,0.5594846582356805,0.5647855236806847,0.6548812297060351,0.8466306421733665,0.24423634043082249,1.1062989926124955,2.0453935245877073,1.260488995927624,1.4419794677161686,4.408670321019871,1.4289442453459382,2.250417938015761,5.20164930912677,5.372435749542804,25.791134766225483,58.227016498840136,28.40245387048292,22.473105374524103,18.81388809491184,13.01711630670015,37.52133089762758,56.40675338454207,50.42651026691057,25.4701868604478,161.0898142894279,98.91571080766857,18.52550850098642,10.851583618821236,46.57341771914352,26.661752930426054,1.918233609535372,2.8425749190174634,0.21377130931305197,0.014588365770632241,0.03922027418846453,0.09603052114918412,3.9035832218768114,63.526362042059915,318.663379513992
4.1764705882352935,0.4011184577470288,0.6585104718313276,0.775722295581574,0.06704968140009712,0.42537506820873333,0.6068239680780513,0.44320139238791934,1.1670961018277752,0.4283378858658305,0.24076317520147775,1.0523733213501982,1.7522259788473742,2.1692008384790102,1.3684807901262324,0.826376741496754,0.9277882703030105,0.873043492383299,2.6805345925878434,5.80765396849092,4.816752492447064,2.191846463605021,23.759686812229035,12.660419563953061,2.764001879115445,1.309532837919365,5.265407444561867,8.52342759582645,3.3328589664245847,10.817647467865331,22.91198405588233,15.352178800383431,17.109430904962483,9.183726764519156,3.415287547491236,6.346665512445471,5.210852303540164,12.002209084750717,19.540730657932748,6.654778699110653,0.534223507138063,0.055979973581123624,0.025505747706573115,0.2598242263299967,1.4143081257895986,9.126080700619642,355.7817073752246
4.1911764705882355,2.5115641208162494,1.4543642226758111,0.74813804128449,0.617219677987464,1.0881691714606359,0.47601573883637993,0.3824022359029547,1.0770993860759634,1.01928543053871,0.14645493698539225,0.6750547430315507,1.5952304998972138,0.7918482951657324,0.321675171673339,1.81407454869367,8.410733298178155,7.173394036892926,3.1080660137411904,2.441252126036589,5.168688634126168,10.972362508095099,5.477917018349865,14.610003991559807,27.225650191385792,57.614080454090995,72.13783924978736,86.67395985346337,10.040231588115217,49.08184023561688,155.00810048214476,149.75458262565863,170.98497958495244,11.263578832696279,6.933129236260154,5.958606916146592,8.416555799336695,8.405640731012088,1.6589879820766273,0.38724214762045417,0.2692046483637358,0.261455247760154,0.11144084605817134,0.5757873166189647,5.162852466706194,60.88890795837806,366.39213976395285
4.205882352941176,1.0244154221813857,2.015740208589191,1.4973162825446247,0.22191507730922233,0.446117949581954,0.3116009037254144,0.3595487795763103,0.7004004262865005,0.5509464681789042,1.3745502850638558,0.818870302426506,0.8347376319615529,1.6554130222142338,3.1203453773597944,2.2818139409186617,4.677589432562,13.709606909984219,3.8607944836682226,5.435123851814863,3.024394684413074,0.8193781530844532,4.310259424174562,10.302859642363472,10.95478660983595,26.41286056361915,28.237372175843632,27.432808221545592,7.953215009483874,55.51092420204317,13.718407766865464,2.036496080469103,23.322309658504324,6.757251420794953,3.298189623660354,0.9866174736868505,1.6530636121194848,4.874621792551708,8.132347324068578,1.6263702771046786,0.29517015131915897,0.05604124527654478,0.22535752241214596,0.18069374760242424,0.5168556908164035,19.49734532806058,353.3939724370725
4.220588235294118,0.6719213679982449,1.0250185477589189,0.3840418651040278,0.4086325165254523,0.5449217713073985,1.0931052389443563,0.9933184610314127,0.7793116476459878,0.3486161208955386,0.3024504937677525,0.12943919750987626,0.16523664367081414,0.23464603761881922,0.43406360487280216,5.71411444309419,4.019077069216809,8.476751241922432,7.358555510452309,6.991439470314409,10.714982339447236,3.2650901987380054,3.8562227894284353,8.512669540760413,3.5202481935810748,18.893636406422058,30.952706845691324,38.27923054310726,11.267903441421613,1.8259362898413478,1.8512193968820718,0.7395491654715523,7.997173442939462,3.8860607841883303,2.2242178869220535,2.20701096888516,3.9177438594107246,0.9879354688278822,2.8392070929331608,0.2430871108808479,0.24966058903187172,0.05403332940167002,0.08752016891750078,0.0922328200710517,3.581340579684463,20.798302855719708,206.4178158786433
4.235294117647058,1.2964848565517266,0.34609389556983416,0.16755446011381953,0.14719194853638626,0.13698460268800516,0.13365572432448541,0.15902780247359266,0.3338553878214658,0.1725923714366948,0.0844768547842758,0.15671663951841197,0.229329586646609,0.2658035601036714,0.7138709480834562,12.778472153896153,53.974578619369936,30.70008470362071,25.60718800473234,64.09718663046388,16.837880820128195,21.396761566223553,3.724812408801721,27.686990190478863,30.179943774058422,19.637342288200657,13.5521820706164,10.466112242416562,11.224337175212295,4.238788659121861,1.4226671214545124,0.9774020033794915,6.596571838412049,2.9278109264255705,1.4496757209205064,0.6899889987907025,5.925928600666658,10.208102644257206,3.0189338646996644,0.5124496642991734,0.06145567176544136,0.03497272619647446,0.015780759372947928,0.13067703346642529,0.9737176695741445,18.92365238316995,344.29192617940123
4.25,1.2719296493112735,0.3446684753873844,1.7656694530983361,2.565241270006029,1.2883393317496419,0.4830084597334675,0.4019020935126224,0.7541927134192749,0.334142339138554,0.49930790191295105,0.818623305752958,0.4989723896223215,0.1173171695571229,0.4679275139331841,0.5338621245401606,43.35988136905756,61.672819552340044,20.247434139067764,26.01008332140894,47.80916667657908,535.6333326265097,541.1543510179138,132.60092641714394,26.87767963983871,8.0078258913047,18.148219263429382,3.18721877192513,1.2113430969722419,8.407353428644239,4.420141382802471,0.46071228590723545,3.133489104256559,0.4333249540082505,0.1559794277644988,1.127924346611434,1.8771596131060377,0.4094285950427803,0.557107752787924,0.4308237220831277,0.011546572159267573,0.11711023408979727,0.18283943921864476,0.03381797643643737,0.7415146134110687,6.86210968770845,102.12738236824265
4.264705882352941,2.446363374327356,1.552758284247994,0.3092800862689342,1.3824230469750163,1.0479624925049003,0.4635670556398861,0.5494963296938402,0.33104074066172395,0.12594147721015803,0.3363492254358543,0.27451988680551004,0.38248050763056923,0.31306126805612233,0.774247095703131,2.2320038041767014,6.145015572874467,125.18893983920766,268.1246507011348,124.1831470020651,98.38066850537011,26.605584373932157,179.80037749504913,850.2841341314772,286.7009352477123,26.75358954558291,24.25110174355337,19.717569602160577,34.48461377375203,52.67525069252131,72.88964140785679,85.58996028053548,51.825712186620905,3.5264096975934986,0.8457945802770659,0.3051770553078822,2.6126163217315224,3.167773498821182,1.3960945878650246,0.3579644239243787,0.16910087660056614,0.019944994250409902,0.030822633072141677,0.03651691655001001,0.19892752119056875,4.688062455826989,45.551498949618576
4.279411764705882,1.3677727602877305,2.7121433479000996,4.56445057781756,4.356253445279447,2.510734400213671,2.0925104179098732,1.0997117773653033,0.38188139649248476,0.04074763552856309,0.08647436389566628,0.07493074344701962,0.49943518173553786,2.222213190884608,0.9720301085249854,11.449991130324143,40.204012529902386,1.477826357667763,102.86939546332076,195.61039506220857,194.7644097661037,76.60387868132457,86.57989018901637,423.8064862485032,134.69546633918375,99.97296866837513,41.482150189144335,28.053603943459848,41.20585361302851,61.6304653485616,95.46649262285516,215.0974337941298,355.8175397106718,3.5720805033439342,0.5476322594469959,0.4487982439664219,1.8135783198535547,0.6216079206288252,1.845453130571182,0.8938643260458152,0.1854512193038683,0.04002249417042497,0.011049609758034196,0.04033402433761765,0.07975807404261052,3.410225701094873,19.80390590307634
4.294117647058823,0.7683220361352932,0.33083802122702366,0.2645121136062747,0.6140987072822112,0.6015570817860625,0.6881606044669566,1.134513793726033,1.466425544519005,0.6471480694458656,0.9228665572387175,0.49378357230396436,0.41366551081178093,0.3328580323563344,1.2218328224877315,6.785538112125181,3.5070890357118163,17.330847773956357,36.486641554560954,6.246348646480584,24.755946987708903,9.75969807993064,197.84540113432013,846.0180357306522,1313.474914724326,578.5657342094142,123.37231157831076,63.17630422208369,34.0516061067537,48.70710013991277,40.14704404760833,18.78558090864388,14.695625384931986,0.836043826838035,1.0140786212813608,1.4200655746515647,1.5696439904931405,4.320658518592249,0.8351305427904063,0.3124106721803169,0.17217827143038797,0.03302616830528542,0.011994640824627988,0.01770212732548748,0.05822662007911357,12.036666212711674,52.150501105238654
4.3088235294117645,0.7920341871899294,0.7801389064731582,0.6402152835814785,0.6186386855150665,0.22787652097040761,0.383527247078905,0.7164868702310824,1.9129831996142084,0.7019216299500655,0.127414761755753,0.4031273036097306,0.4713014934700548,0.7652369991844074,2.7144287716762387,12.573923790887058,24.773693188362003,48.00435527789794,58.30066957816406,29.115459181564106,12.150235371309671,50.92726699422005,77.48920537579986,32.77019707606265,28.76656728234375,317.2323001390437,492.35145555965636,1342.400726190962,3929.986197803243,3608.5910997040246,897.3726703352839,39.28866687832958,94.12384519083386,4.928101354026342,0.8793034441268035,0.24378082261244652,1.0086242896694195,2.0739492123843086,0.2752687244253139,0.06475224882255905,0.12821196530765228,0.02776564503704387,0.03549774781777297,0.03621132009239586,0.5503202086304303,4.1289815871422455,47.10720247975201
4.323529411764706,1.917798985624456,1.1030888120622588,1.5854252409083749,0.9332906339164989,0.42018663685045493,0.966639477197756,1.3305148106511888,1.1896734390000714,1.12369465844383,2.4331509863156047,1.4608808371195965,1.0789502853840947,2.1713722616438034,3.1074268511629732,3.992133074170755,8.193185163859775,2.5377477596870834,1.0864278905612617,19.283877123807493,11.365432436339491,2.761643050822622,6.721531554672582,5.28384100235672,4.414009133280036,33.83467529416873,394.36652379215684,2073.148097631186,2428.294878980919,1316.4986886498073,6999.666814404183,4508.516727331631,8248.42943318834,1356.0888346956995,242.79671086653877,55.39015347178161,12.964460680543795,3.849256893203866,3.3611190561149424,0.848754891033109,0.20108910596151697,0.0619928799229447,0.04351566607158164,0.059373213402603334,0.33391570023370387,5.323233897641618,118.46353498904406
4.338235294117647,1.2192962911317422,0.7609570334319793,1.0407585596457354,0.3432211835387267,0.5682687363648324,0.9827902050117606,1.203670471555,6.719919953008932,7.067536008205438,8.982081845277502,3.9371666781877943,14.179431920441274,9.181122254039927,3.9477931651984544,8.795507567774612,36.85326870937153,36.151796490481885,13.139104882900545,13.52479241968655,4.90117179500109,3.478403921505082,2.554183705281358,4.221302085464335,2.3042326326769134,19.119951634968896,164.63632381114343,145.82005398002173,51.50370525083585,72.71143002194461,993.6674836829737,155.21454579582445,9285.023880355742,5842.659649044774,14372.188709485144,8165.839402447162,1652.046443269442,111.93688033019163,3.3448691964911177,0.32588588542329155,0.26249214151458045,0.17541593990643445,0.030011012810163332,0.061531238093216194,0.28568327920465114,1.4211784259192073,9.716750930132935
4.352941176470588,1.0533845508111628,0.5141968910630064,0.5965173879126167,2.2401477503204204,2.451376349043095,2.0410764856149157,1.6486069052109673,2.2538137615307123,2.2391064828652354,0.3632461706120694,2.233745205555107,3.28382191351206,2.411693935184881,3.5978025536167464,7.263055545833658,3.5011275518019436,9.29564334196612,2.6408434349536676,13.715074423891577,6.291754600953055,8.203784242106721,13.198939324782643,20.514966043991798,4.486068912986389,24.39205248484893,19.18621836252771,67.98347721414976,54.63588732199072,20.205468455337957,197.67176854713648,939.6528293234444,4132.357342732525,3103.662606623546,434.6611039427421,577.2431497175584,748.4065122210454,332.7528888208329,1.2137539547817218,0.41810451920093283,0.053353018293341596,0.021235822407570146,0.02839559994287806,0.03737715543165385,0.11524813266463092,3.404999105816425,6.077090175677998
4.367647058823529,3.8496676637118457,5.165472224502048,2.524141545647636,5.359475524027628,4.179916493830756,0.8669631943407257,0.5487101747967591,3.494816997000852,2.1659848855912056,0.24903847523678885,2.163334792483456,3.783675357359455,4.507582966676646,7.482524290314096,1.4588656436540202,0.7150750165700682,7.987378710407555,8.610676300651932,1.8380151754461185,3.7098766132223964,0.5218529153116651,0.68215920094787,3.8382243169835073,21.166649731346013,45.42159461001864,44.483271791349054,51.83372983666398,1.58241861372219,70.68001457024278,119.96662580041152,148.96634895909577,133.33154383594544,113.54930890582511,111.54404201739253,1232.5028438723175,1851.4653261078388,540.8202486212892,43.21593191976652,3.9252170873401275,0.08602564174753827,0.010092081281677167,0.08950000597017102,0.04503444387319527,0.2053393620152814,0.4541865394756109,46.506294661606745
4.38235294117647,1.7456789431996858,1.5251836652213184,0.6302517762978788,1.1359936236951942,0.18850726690860312,0.9497556237273603,1.1777508012606228,0.7000303254688258,3.7369454637838215,4.362295170019582,4.692323601889885,5.958463334787342,5.89907492487779,5.575514616831094,2.931467561886053,8.225963133320516,11.77376355907971,3.8551739296584637,16.19541773335721,11.53425865641444,2.398518505522704,8.28021638685056,8.450954705885033,34.687062243972264,33.84316794738927,42.58304241768299,18.483777712226352,7.921038019085607,43.508493981637415,148.61551648149018,614.607607158551,3513.8056942487206,5024.874787152963,6747.916152700978,2392.6894873726924,256.816536561755,321.34503668147636,238.30976766674604,8.327142013663961,0.47949484537758075,0.08902177897821972,0.023756342759710884,0.058810119029170355,0.28621938246071005,3.350516225472239,15.730953054052376
4.397058823529411,0.5884692909420033,2.2092812302041933,0.7692138713889833,0.4559418288183996,0.18424131091721374,0.5194881689178104,1.2188624535898172,1.3669905804042242,1.7980804333936935,4.179026108043628,6.523986440101711,5.6527347126811485,1.2618364755277045,2.9054664150146685,5.071579494423116,5.860429068249532,2.2219685181411393,2.5000256196345663,7.15190806367889,42.176377356343366,66.69681937794408,9.510974080005457,13.487472043966196,9.201986449781872,43.53810621643743,36.61202965230217,21.345476466936944,2.2677258328805587,7.848479132502012,30.351418151639415,4.333073849339306,150.1093904672929,236.37447815305944,1180.1290844819505,3752.996983774177,1300.4809682562277,132.3455859640702,79.6088176371594,8.630716782386006,0.5337350867657467,0.08579833707305005,0.04837837364506718,0.016092344207208426,0.1668407277391653,7.104234445056495,99.72805505563855
4.411764705882352,2.823472324237039,2.4719141966383624,0.38409310578141465,0.7220794932388214,0.725560600269791,0.6408162495636256,0.6706674709802258,0.6600038637327879,2.7382247644998303,5.419167337260946,3.563806247411294,0.2994530005347749,2.5298453261843976,1.6131301834918041,3.5217428035637477,15.87702745263493,18.214384013856993,9.139050237379056,11.860624674737789,10.634801707999916,391.218312738231,1056.5960162020092,297.2080320307033,57.682567622166616,7.960439267437962,8.53779512470464,7.61314754590876,19.244063813182322,27.29216364388997,35.981507750938434,79.69009581693922,84.9018441030904,425.7961504486243,739.6800296845868,450.30788496891444,284.34405521520534,140.73850102712385,58.3588066252788,9.224185823034277,0.6293036234779039,0.00914503918154266,0.05549315598455558,0.00498699673001999,0.2701858548616508,9.500836547758691,15.309314386963754
4.426470588235294,1.6746838064518443,1.3319253531645887,1.6811236481371645,1.509876489997478,0.3205840516030753,0.38359554268491375,0.7989697209423787,1.0989031703468761,1.8197705237096655,1.0158629412680407,0.16114109896445217,1.372086528431217,2.2221228098843544,1.56678766613024,2.49469854745349,5.320091307739776,18.76194679143604,18.811825127958564,3.025563644123018,3.381896792706419,52.30338418636023,780.2052637114132,2757.7887155229987,1604.7902552260844,185.7926914751227,7.968810050890122,3.31031540796669,7.471465366177522,1.0101428589119354,34.78892687177615,259.153507177874,2253.288308144658,2587.6630120101195,2153.3571272697864,799.034286023147,75.06029429763495,23.077760111179174,18.330322180964693,2.3519704026261565,0.6041217892146571,0.024021891907171238,0.02019272151934579,0.011827487808284158,0.06331467575249733,13.847420869262216,186.86963495858225
4.4411764705882355,0.3493789478799817,0.662315829853166,0.3285130188736045,1.0796126478945507,1.8458080823584262,0.4168573622203955,0.5034809855081751,0.4836144454630132,0.8836280619796937,1.4834506336767033,3.1276960306449926,3.361370221059291,2.877312045177117,3.509330276663699,6.090754307140579,0.6426119048044933,7.438707984139075,28.47994609904947,9.937031057001457,4.761880475011117,26.526566198754978,249.26673315342876,414.46076898701904,411.26172356765466,1776.2718154916693,753.5474150784569,32.145270690725525,48.21667491980618,20.683524760714747,8.150026571197023,20.379753172623698,96.33631101695931,11.261840330978933,30.347036812049176,53.77536474565991,38.15148480145619,47.84566786016006,40.69545313977241,7.659517571542689,0.05446562935518695,0.027340065280757834,0.06916025243938821,0.0729748798242526,0.45456242831614313,8.452869906488884,109.03535495805778
4.455882352941177,1.8184621413917172,0.37968565219140726,0.679006067552632,1.8993385199258526,2.0948185240570907,1.401321709470412,2.7669686641010016,1.7314413268370705,0.8020596588242165,0.18856362392906392,0.7762649801674573,1.4076991549173148,1.2194973485492544,0.7613405931364932,5.203821609608351,1.7429058011603304,14.476127425794218,17.724841934639883,1.0982131255028909,1.526880424970173,16.685453429771552,28.620245968301347,235.25277088762192,732.8499249745921,117.22933879642629,145.78229702988926,181.36652150501874,47.06191487214072,50.56940143461196,130.76934244270905,274.690204085133,249.88769797673208,391.3716194502339,181.84487617082647,47.31139363531708,54.34914784257861,22.007635190568156,17.496256924212396,4.558454029981658,0.052811330126195544,0.06791010496140634,0.02388721034838858,0.1231175862198852,0.8887081094921641,8.200372977073947,134.93940409459117
4.470588235294118,0.9065862546757092,1.052901813550151,1.0568256076844342,0.734854555395117,2.2533900143088745,1.2787375407946702,0.9461388487608386,3.4638617405545418,1.6761753812994609,3.132275784670722,1.6445124557296489,0.6393556974240532,0.5601374033785955,8.019913450399219,7.1334219682440185,6.5368810111797195,12.814192793294277,8.347170383739138,14.676854009851706,6.4950541599539315,20.300956259203087,37.87316425744251,20.764382756066258,65.2772162110735,171.59657346760065,424.14122099336885,387.365101485714,134.58827564934973,32.05083696370512,19.086413287942747,100.39705681082064,925.8799445967011,150.8617977239182,60.76537476092053,16.731873634797086,24.950587097174747,42.09548822298156,15.261444777102257,0.7992031292650121,0.022521847370130143,0.043533036951719686,0.09543229925051808,0.09527061628239239,0.8096328386859484,19.688511369285496,6.995133470448864
4.485294117647059,1.8156735265812252,11.48262973472849,17.083810017081376,2.7491794124872664,1.3757488233853503,1.146468723623862,0.8019373030111298,2.221203738986446,1.7008337283904809,1.4474294640039609,1.2222323240213515,0.3067431114871037,1.9924304744189048,3.4227514617289305,6.403464543249404,2.6577174185105212,8.299175221244948,27.9327837734467,27.08052262996238,9.79349063246795,12.70107492769193,13.480108103957182,32.46670284569568,23.158525139857446,12.583147795935258,82.4291071481852,72.69568187312787,94.80622187350738,457.35031486926937,229.03640396649573,179.23538397186488,263.8129096595804,27.51689701039968,9.04577548102115,52.92907119359822,32.65545850381288,16.65099275484451,23.516105978297386,5.18744853977254,0.6013556522519641,0.020231109414524485,0.04948025044979831,0.057204870087727816,1.0386689632522002,6.4222849800495085,8.64256198267845
4.5,16.14063863916653,35.336306522759386,64.52900581135904,14.381692737255776,4.044847591429603,4.096961394866067,2.220131272248197,10.474609684941983,7.39523562940202,2.2050731674447084,2.383205443448218,2.8627708654521937,5.12611664003911,3.1712585043983843,5.584475348145201,28.656308839497378,14.308289241084744,6.9385687509779785,22.970795639336863,10.901036149306195,28.302935021115353,72.95149537332645,70.84028588315775,33.50089507181573,11.1193912016377,92.73134477704,148.31325170004754,97.97605591115146,64.46090219144699,250.16298494781017,547.8980529734583,272.8231374963875,625.05350167308,712.1803456150723,76.50336969223147,10.253896947214773,2.8835746786051475,9.194856252604641,7.0058746428185055,0.28765686586078665,0.1899874023919328,0.14454512519320062,0.06564591252710611,0.3061667832840267,3.1734319596158094,22.20179156672871
4.514705882352941,15.685299158126913,22.439587343633384,1.4765546789315778,5.2263844580470655,0.3006141699454102,0.8287126649120787,1.740328972975612,7.209746198764602,9.2818030734447,7.054623871746891,15.516203128723394,14.282587680220406,13.313291437438174,17.145193974757376,12.97160450659607,9.84210780106439,13.625441871401417,17.80646344462037,3.3543538460544022,8.37005932509055,8.60008975653224,5.745831611264281,29.59021221009526,156.3596188421273,79.07416751095846,15.599206972059013,39.148020435785575,50.854649202991766,201.8608165236319,1316.181441096188,4684.582221403463,11112.78342834555,3984.899499710571,246.87307593248926,436.55992945199273,55.16533044355595,38.931205040612404,12.454550181101066,3.7874942547171795,0.10896997970404515,0.18198121133317968,0.023680280672627715,0.022581553920152736,0.3772234839261287,17.098486548604534,11.06129895320137
4.529411764705882,3.8428362597148102,2.940218183576722,0.3136694318617198,2.0044926379738888,0.5409106592464199,0.36452698952970214,0.9431761053921759,1.5991140516004436,1.631612607665787,2.520517474720366,5.540443478695431,8.598822392167781,7.129356951811234,4.164406422525872,2.8892693734264263,3.650842221757106,5.8184367567791915,5.772039323274093,6.774946859113651,11.145446253989789,5.39510299932604,11.11219849384559,6.922070941842063,12.964850641244526,12.200780300669715,15.454705417319715,47.37133895258713,60.841331834606294,107.2944996483373,513.7647024721987,1421.1245077182807,4950.554152776711,5705.11117706619,4668.336576245953,1001.3341000528394,2324.765652690311,901.5142640139609,29.77312027004686,3.787390474435358,0.16280329478125216,0.05464675482474986,0.045198360431474224,0.26239133902794837,0.5029001447826819,2.607025353916195,72.2054665924304
4.544117647058823,1.5022387241141655,2.194040323126744,2.6173467369696892,1.1364572768275352,0.2641517755915458,1.5019332650676773,3.7893953731219376,4.29438727214644,4.235735203510295,4.90454382578573,2.1483826968332567,2.269291769826695,3.3877959348528828,1.0028795082970645,2.345657750590153,2.7545530596377885,3.9452890635249065,5.458012606728685,3.407746338895869,7.464713363352976,14.099253982185402,5.245725105595849,34.30580654659229,25.480620048904626,2.70874532962035,1.4432558716988615,20.66969969199912,69.20745787154881,46.763969275488165,19.245896431175993,436.90338746056636,1132.4201662224464,3198.1812921468295,5388.038127886648,3229.6209737048166,1040.5965627491537,909.888568570289,157.08362527181356,12.504503084636646,0.8368753800705444,0.023377610104783744,0.04940618591109804,0.02926691302166754,0.4878804309831355,17.859913871282945,513.2172522345313
4.5588235294117645,2.583612103393317,1.6312483197271856,1.7541906363519186,1.5019901826101147,0.48267667378533724,0.6731684788599751,2.654702842154842,3.398778984783961,2.074336922261558,2.701844631452042,3.0789538595018953,2.580372014976985,6.860677008619217,1.9273706527787637,7.970073083742941,11.116848293439165,8.491109960111633,3.258146018810671,0.6920426468264039,14.676056071319149,29.44366099585228,44.94715942592741,37.12795030315111,21.416881581687797,15.558486948938786,2.499887637131511,3.8886149437528217,12.438252727986058,20.42043944492762,72.03962990783111,84.30083090408337,117.93726667074462,214.24979161355992,58.797384931558206,217.1912746513522,427.8993583331945,1051.3675037583214,507.5774785741486,22.779971526958846,0.8899263975837761,0.03785495060301196,0.08071641943138476,0.14907938773246146,0.590366339481206,5.503759685703818,228.03705669372798
4.573529411764706,0.6119160382113693,0.9931885338157026,2.3936072611463777,2.170247329920587,2.1281295661369746,1.575899886100216,3.5012383152524444,2.967519685666164,1.5763852493703328,1.1657320197040748,2.0081379505445485,4.7440147514861355,4.998025872094647,0.48968359173947196,0.7876328998837836,3.591775626125844,1.8296267627914173,1.8448208009878493,3.6431447596129973,4.547139727261261,22.970082205405465,19.791753993930918,2.1344658833484718,7.743141079141101,19.912794984264583,21.64187385668697,2.460556533823372,34.73078844796028,15.448530662676692,9.836299617197557,83.36748740850453,92.11404952963315,122.81254348931057,132.62717077375032,330.86460336868544,288.127465252536,329.1070979473944,799.7971499080279,118.27471489822256,0.1627166530438834,0.11729081807564325,0.12931698185828805,0.06604439393077736,0.07144632177739645,13.980740844642508,39.53965200973236
4.588235294117647,0.30252450911076945,0.9046344185175275,0.16808547677028451,0.20444518430851566,0.4239311917110724,0.8828383202364493,0.5454163655498301,1.1886609177378045,2.497355421590624,2.916582648514219,0.6471169518224952,2.0210581376616363,1.7190129500911446,12.137506166006307,4.468278035837864,0.5037773103067475,2.672041742568154,2.1164172445586225,0.8149729976223733,4.386876696708304,2.5058358732785875,18.028957130696917,28.38473887584063,18.740699616885962,5.749488926203172,1.0206957786969433,42.51338970017318,80.0486756878938,90.51207183559075,77.574373161966,123.24169847258541,294.40988195959017,868.1145628296247,654.8090820469822,191.05908808641817,333.0684980592016,365.03965911344403,224.5061381751475,31.56039925796916,0.3881819047407407,0.0735284340896768,0.021552813214364953,0.0678755459707128,0.24243388686397122,8.182677598875609,23.727250279179373
4.602941176470588,0.6818293931106585,0.6269670365860291,0.787977028012133,0.3425296851312065,0.1649551974155802,0.46424250981191406,0.2915716351475548,2.3687686063786986,0.5835614411653282,3.191157602421816,2.1663010695208627,4.068672072384248,4.496801676197055,2.0082423092089856,9.888300822044068,6.515631012444032,4.1463147942360905,1.0960554698195217,2.0543438785844876,2.688085731185656,2.748220697985415,17.161539431801494,5.440235696222446,4.687006316436312,19.7898490268989,25.94284614925725,1.8566382537985509,18.522192212141306,43.744008083193734,25.66390101056036,64.71058471415935,752.2674556501211,485.38144843900193,117.51129762219097,21.293764400454286,35.963216665996015,28.967318516782854,14.39416304726086,4.061642362644637,0.36479040109410754,0.20179689002943474,0.018521986237464545,0.020612408842927043,0.5413725319131885,21.735319795018718,137.72386716927554
4.61764705882353,0.650333558404451,0.13742926943292644,0.763520925897026,2.410236742627277,1.596783572328301,0.5310892968492231,0.17638522654706706,1.7018804005153185,1.0365030154921566,1.9210735460878652,1.3624354905903209,1.0735226863022957,0.5364794604717906,3.439735628870577,5.1327420416556935,2.873688574444576,1.5538992477087923,2.0376653219322725,0.8121679994467002,5.685093218127847,1.4954452039357675,0.9041985305251607,0.3355943208798029,3.762105168936664,12.552711849826672,13.66461478414788,36.187188730017425,31.663831099555086,15.782242244646515,29.691786599850982,103.55218539588137,148.87376252158418,90.89001177627608,148.97561743489558,231.45444250793696,254.35074498835675,162.41908498870026,35.11150108139248,6.2203256697182265,0.6387572769526642,0.02992529060664046,0.04887439189533816,0.039829568058960624,0.3433269007104258,2.3976249507886775,71.0843069096486
4.632352941176471,0.650104895073694,0.523400492987567,1.1985426689886918,0.5286620492856559,0.9825510940001057,0.18415757154983908,0.5706765409883916,0.44787916288958923,0.6764270406883913,0.5352788298851323,0.34072558182393564,1.1647646581487492,1.11318708628345,0.7306174588621923,2.3928118134941516,2.3352904862678896,1.1109628904247044,1.1804653700474819,0.17506302828174908,0.4682775832034236,2.964524211870332,2.713856182956743,0.17327790561860454,1.0363413846423328,0.6257744122426265,2.0328451765051203,10.449737571978126,39.0930762029844,22.346487777750745,24.569549891411697,29.51752011723964,50.57519847176367,80.87062066008411,63.256427789833296,34.20448497081402,21.8916402427087,70.75652027202725,71.87052892033991,17.490945549867277,0.6789944594856763,0.02575472234175047,0.009352112886381263,0.020405977444200616,0.25854161613290516,0.5802852244873664,6.237203254856057
4.647058823529412,0.13532578826660405,0.808154494601686,1.7698783767466169,0.666333050820523,0.051023702070148495,0.6767186400432681,0.6679779443888848,0.8042198615020373,0.33608361583333973,0.6830594494972344,0.4418375655236973,1.4034224748663147,1.3629024130504765,1.5114283089504559,1.47830880404921,0.8726027156839913,0.3257926175821244,1.5151891950638772,2.5716220189479153,1.064519823373026,0.6152311243789844,0.15859485819059876,7.413657464102645,4.602206830526865,1.7744398992976218,3.373197806095477,15.322300955647215,13.558756883668154,6.938101442498715,11.244256408758165,8.052879268333703,54.029119892374624,42.585350968451166,25.141122912074866,4.896748939812507,30.062127241028506,77.02737014335673,95.81745639589894,35.190085163564774,2.2580563203096284,0.010138126367990101,0.01859777590515141,0.04449182733762769,0.5856641171623427,1.7522552892580046,10.414158300758851
4.661764705882353,0.6803036177645417,1.30278809143037,0.3641774063183139,1.1532799869524497,1.1089875717940523,0.5048545789842248,0.1386326639765822,0.5619009898232072,0.2838618619088479,0.4891221704161089,0.7057597818913726,0.6763989427024256,0.3625360586609497,0.47524554173557343,0.5124808242308708,0.4418893284914638,0.703316478485999,0.46258776029898363,0.601604594866898,0.45876715748385427,0.8392504923147874,3.5829458451620697,2.4956498242580345,3.0975724935272657,29.141588433106968,34.6290595057035,1.1556302359383133,12.582428189920442,3.9001875174442233,41.83425919592513,97.42702667549518,59.15699019475048,11.622458501539215,17.505476746418566,36.46520037862666,17.67286877964525,14.079334878755839,34.2428989262913,16.985650965031354,0.28710483295645145,0.06433834332748732,0.02891908451766626,0.04655185002193564,0.20519504342225311,2.5606735030980077,8.5706876679304
4.676470588235294,1.0590002096738569,1.6869302281050476,1.009626231700608,0.2288263389943909,0.3372139538582038,0.8545087061060872,0.3684168662392328,0.3391428592754796,0.7508723856017736,0.3740375236625314,0.27816386861418735,0.21570497769968566,0.2233745475654677,0.30624935226702515,0.29039135868391563,0.11715325130042822,0.5842767388865362,0.4387864130701744,0.3606778018667253,0.6325135578643164,0.1828561090503601,0.24444397095144016,2.396116981092171,24.200429460807293,58.216658294450546,66.18946302272687,5.608552639142344,2.980245246638464,18.841740523294817,14.49096897121101,45.5280491628016,99.05115158287583,4.5741925174827145,8.694733117112213,13.804500670422101,25.234240714578497,39.490958370174006,30.43665292891332,5.0513182416348235,3.945559318340301,0.22760169215269993,0.017727454314990756,0.0820760265783661,2.357299902846507,12.753270190243303,11.135975940591582
4.6911764705882355,0.6773654324002972,0.4906776635487916,0.5854229660878434,0.7322797402448139,0.8740028437751802,0.41731308015802615,0.19826580504582986,1.0764546311131293,0.7474098462195977,0.23192533684153505,0.14740751460755183,0.224518729551499,0.2827448513946916,0.18313442853480041,0.40167131269724216,0.5305553110554531,0.3010315550511965,0.36155391488050204,0.48363230711434013,0.1951508717514469,0.5915682350084028,0.986679380853771,1.088998137885158,5.941876944952321,19.683859737877285,22.036414415216,45.18181521184606,7.0277941089308635,1.0491445207924992,34.31076040703432,21.302118857590465,59.116251953970234,5.411996477653695,14.580097562315618,15.790478436751147,16.038945417169092,13.982591930594436,12.765852208500794,10.104867831539735,0.9586404015292077,0.03057639296447533,0.03365273979858868,0.24315897237638642,1.4935287188916082,79.4443525769799,354.547816679089
4.705882352941177,2.2068809482387937,0.5084145134087313,1.367497202670589,0.989501960428177,0.48051815551127264,0.4777112253514469,0.23148954995953325,0.3018064546061781,0.17704598389997966,0.05027309664070919,0.39665569090807457,0.6583694527376618,0.2777501739204946,0.18459494628443845,0.6471754035118484,0.7315112582664842,0.22765877911069635,0.4410725571184574,1.0969174420928502,1.5058405048982542,0.429779154136416,1.0570033931047522,1.6723991183613431,1.614522731785994,7.424677916137254,31.47903610652707,8.395588198009031,19.664559532402457,46.23506642645001,5.377973117354651,21.83997884587334,66.07992502173167,40.72829826005666,31.35775704035349,8.734374076137707,1.0088394222319432,7.331921635830556,5.284868989858875,4.0122012637790725,0.558302440693247,0.0759286016473967,0.004318490799715809,0.12403333726318552,1.830822406144024,8.248545721794079,75.46052753984019
4.720588235294118,0.3414215184728193,1.0461124501368855,0.8674610830827872,0.780015049696255,0.4561255913846191,0.5501749144105476,0.6991559841416859,0.5820039370867836,0.242186152613945,0.5107689961303794,0.2120916445109564,0.12253151866732832,0.40834612472854737,0.36039603172718454,0.8361907941810252,0.7164386305846964,0.23356362698804395,0.39011523405135995,0.6005029845859953,0.3445801242920124,2.1626675267513797,1.0107784755051634,1.3766340396179886,3.5791315069095266,5.412246328652966,7.831773562597533,1.7215388935875975,4.209101752872627,58.62830771967522,81.15186901576062,43.58787689814016,24.836364818649653,15.43093997277354,16.10219188971521,8.998986710564525,16.538903118376396,67.26531478397995,28.304726624060436,1.4930193311197344,0.19666139203809896,0.10319315760833411,0.015564486981733787,0.05407848831484712,0.6779222917368062,4.557316731549053,89.51883067159258
4.735294117647059,0.3079157888474443,0.7902790265979175,0.6156323348907088,0.7298721061734814,0.83654766273856,0.5157745342504122,0.4408067781105668,0.16944403605355254,0.11476523535251902,0.1307395308138555,0.3522119820913599,0.7871106590137094,0.9310648992885007,0.09717160733783414,0.1814225829059984,0.14324511177685542,0.42499211043543306,1.6892171305635448,2.3961422820487104,1.4606107472169798,4.123759229225374,3.431452451256371,1.0121720168900574,0.9744556058874629,1.2199481211120604,0.36602373655176096,10.790152526011774,16.066870375059437,9.344255292535031,32.40872178136173,34.4017272261019,54.63187758616708,6.211324853808357,1.6820782626987305,12.053419962918898,3.990042703761397,11.559465607637582,2.34534015585966,3.2857875634984453,1.1794738814432555,0.09259620646525298,0.03226542692530883,0.02173103751575148,1.6662739940880769,15.143033021414187,202.07966125626868
4.75,0.13017821977678148,0.9225667449989613,2.6955457785531234,2.312751649138724,1.5884861535075712,1.5170411142737026,0.8515081998801672,0.985792631483263,0.25607272681148385,0.11196867021263013,0.16999084218207516,0.36554497032755007,0.7802108259933982,0.40960760448239575,1.5564076133583515,5.873804302577049,5.803091004154965,1.6014945675453625,0.6449679480016126,2.4568662507487606,1.8760320255674836,2.8072474139743298,2.801516570131088,0.9250453993224272,3.129188592386386,10.608028135652672,14.805077034576097,30.010175144045867,27.0171365027562,15.06084824555738,5.578610803531188,32.5651796557814,9.58581239268626,3.3181185664820196,3.3475877411423465,3.243617703575879,17.097837717809536,5.561798217210555,4.078323929412081,0.9773611547798848,0.039601278341542805,0.040610694886055745,0.3304954228359594,0.3652407023645611,10.990981559171471,60.40425719401053
4.764705882352941,0.7495839902647168,0.6523870665666194,0.48902317329002454,0.38712054873210927,0.6113433061451445,0.7309077167387112,0.7424804470288493,0.8009587420774388,0.1981248465680132,0.140633834975018,0.1780047495214872,0.229483753970661,0.5237089527040135,0.7702489909663316,0.6854660671239242,9.980628989073795,75.81527511745698,80.61851715792196,9.669667256419029,8.230953004482638,1.0163753102396245,3.232708833446795,7.579277575179351,33.323617721277785,76.23297728487069,31.39304013772144,2.5039350479263134,16.964447925358108,9.205642455749665,4.360278163449999,9.005057173435599,26.37275997399199,3.299664952777952,3.152823379915885,0.922536560225121,2.91525444562122,5.381128278466205,17.353310112063696,3.0625091338135375,0.1739851570054764,0.04079543615846263,0.06681143975800552,0.04155174286009945,1.0384036101917007,1.3700386414896466,197.51713873668575
4.779411764705882,0.30763452308163336,0.2530160296283626,0.7424661329358974,0.9530589342758709,0.4190865347260141,0.29234704097277486,0.2763411201044671,0.5724145967520773,0.26477165797026664,0.0985329638852391,0.16165182778163953,0.16519318067463895,0.7586850441023427,1.4182782103167026,0.9237574582624832,1.1958554553832947,8.853461629707702,73.13794116316046,293.7496624573007,894.0219591623525,809.2609633385727,265.5006251553644,51.47038438693664,19.419377474556896,3.3552336083046628,19.45191532994967,89.39113068158605,175.01322161923963,228.91568089018614,124.78791414408167,21.581404356976357,25.983369940639847,0.9708293782413069,1.1564824686939936,2.1539744443716513,0.8333945783979285,12.70701249419999,11.275233065028317,0.5103109327786436,0.37306599440841426,0.031849519913758874,0.053340085107563495,0.20271752560258788,0.678136563466851,31.3401395659622,131.93334428059657
4.794117647058823,1.3200664382500171,0.7086784089026288,0.5250848995753967,0.979120825728603,0.4928503819321282,0.49013744633518386,0.5217365903219426,0.7129410464444699,1.0467664654972577,1.5421765497515163,0.8856973091247748,0.9486595427534579,2.9755792609895804,0.8072173999201514,1.8131808666206075,1.330855241601778,1.994475968089964,0.7972528581838327,12.667760936505282,15.59620784292732,1075.5861763232056,4195.357998575615,2538.0245261591062,1364.9377078953485,554.2385931445018,119.17196881117124,33.47362004887681,3.7056246872738283,83.79545526593323,1077.4565516007442,1519.2013066646966,418.50594860464037,8.629060681572808,1.0745590002021694,4.656322208058716,6.73498171785693,15.941337810968406,7.667572304058435,1.1974095070025483,0.267914950572407,0.008163076110556918,0.002121750297016798,0.006226551418673039,0.07044389624945342,13.164625322853198,19.96377760603729
4.8088235294117645,0.3481981983109599,0.0507593419899345,1.3620495704654858,3.378520657082644,2.036195878339444,0.5350467901044549,0.5721760911336866,0.8411925511972731,1.582150531674077,1.6448136566396303,1.904580890235162,0.6802582012638704,0.4882922023861278,4.315825125112811,12.296626388580524,7.426547476882785,4.823323603989547,19.666713599469855,110.97397687955504,85.03361735674565,56.47615540947459,146.00563337263196,707.4829692938254,2183.163800204561,5120.975754008501,4069.8143948185025,1395.0774159353564,544.1044707820561,387.656654317003,46.640340885596025,650.8825088046647,2207.827343843872,1693.0606911511954,457.75031902564626,94.4034971420832,4.530541539439994,3.9688353760802446,22.92594975532125,7.70983609075315,0.16583931091360393,0.05366418648859991,0.010428892859726768,0.03939453654707897,0.6596790278577046,2.7631206791043836,13.174606006936632
4.8235294117647065,0.20968355928414678,2.372543043350115,3.0142519893399715,2.3313212440459847,1.906556011915614,2.3063488843791586,3.2146060271615946,7.217013288837418,11.477030075975026,24.286769854065074,8.07689705938767,5.181758033159242,4.019892544274173,4.631905291321918,4.243740200798332,16.267637381819483,55.78844231594333,55.23672814002575,27.148955575658487,16.27052402921606,5.725668087777432,24.220181274699378,60.29396838246636,95.14517232755927,105.57002548068468,699.4840587154087,1331.3955183986159,380.15289154413006,2171.7660928137284,2797.7441764840705,328.9905693764313,1503.5074678607562,1436.5748349811597,4072.3409696172585,12200.067232892561,6522.0109785989935,1079.865163192827,191.30082077449936,30.18915199412451,2.7618864458945604,0.400778640511686,0.09442189011299497,0.09861695897029066,0.14840424851714365,3.9718779084530818,48.827947766162936
4.838235294117647,1.4424797391906892,3.8488558578764405,2.0171055870666494,1.2836919969702918,0.9434000708420929,0.9482963233721979,1.706177112583656,17.928162620701087,11.83702466484477,4.685061729329568,4.274061820305385,4.091455292072474,5.020637396944555,5.074268292440458,3.0489878924119074,0.28138111481424904,3.936743214137295,6.611615920777254,10.050679925514865,5.53642961135202,11.801338589564654,22.932422746692247,14.015415827613825,10.238271950381716,33.223684628167845,58.46997912426727,108.42771900661366,258.75606479963847,225.4565601605313,148.5187418830007,890.0699293522839,8613.624809406621,2285.3569777173852,739.5284141664324,2647.464517142743,8856.700323122968,13554.53796997373,1901.4276095687503,235.80540581099768,32.99279905100409,0.8698872817956229,0.3902956381063185,0.13913213908719818,0.22908729055820315,3.3328531308456557,31.407685238432016
4.852941176470589,8.478392947663282,3.0341427713945097,0.6105124354266961,1.679322820399689,5.919489614324315,5.963841696016141,1.0583374321351477,5.418351848725344,0.9945581403702013,0.21494830669399256,0.7265317374458423,3.300498247706374,3.716500469272339,2.4395802731838385,2.0851030638147314,1.5391507608147477,1.5999619263387488,3.9928646482093173,6.6614413424164365,0.9006857622033952,2.9889469676873843,5.048434555746511,6.423858869754022,57.60161490498269,81.70562370956941,101.76856699427228,25.25136834386886,20.492980079693957,27.935494273058293,25.260682877190945,102.68375504841575,466.91953522621685,576.1103051018114,2131.8141836392297,5364.852109155883,1141.5072860880696,4270.852922516757,6170.166198914789,738.5056115419352,50.24360550892416,3.241529632903303,0.11125588460090488,0.3810968910340189,0.2180350405708984,12.479191175124917,69.4921349582968
4.867647058823529,0.3652780054533578,0.9672441446153678,3.472375840504646,3.042604916135643,0.8574651878155769,2.0238966394430262,0.9232930495288301,3.8657815787911294,1.7936553534405417,2.9988991666515696,3.48062104167872,8.015976541148149,4.002618843548309,2.703873109893366,2.0187602766939254,1.2495455488179497,7.529726623310577,6.970989079888659,3.8697125116982614,2.11566703907394,2.980910134530219,4.687430180010047,13.630360650507857,20.01431261827235,15.442495608182636,58.182388494241984,129.25479953068407,62.07954463924338,16.864743709174647,51.36243533076813,22.83946427900476,1708.427756480268,3352.0683935907236,499.4987915304921,2135.9563006507715,1273.0195606941552,1140.5696831967407,1459.58832860708,673.1937499053298,55.87067500851697,1.103137304374806,0.2568520083194991,0.06187967664013168,0.5581541909589758,2.196737642460876,30.17039300168881
4.882352941176471,0.7318101006921146,0.474825772399193,0.4403337729875121,0.887962663005034,0.7790960104017803,1.1002288253749088,0.260166268143274,2.7863156043180743,1.8171552363137193,4.007177793408208,1.8842121974491726,7.556734886313742,3.625114329986771,2.5001000244770575,3.548414913172558,4.24024749980805,3.439644689545185,2.1252364310930525,1.4501595582850961,0.7269428889024864,0.7401147877796339,5.668832922160096,24.079815568198676,6.848145124634444,3.0924747875842193,5.835626244398144,9.01986789190584,29.350890079400155,12.388020689519719,35.65203107118562,188.64812233633788,770.9360590181725,409.07518838914115,509.67797174340774,145.92643938461998,50.15825077158898,93.27887252294849,100.3379399255364,40.044270803176246,2.2395732029626423,4.726655036709858,0.08711824834752024,0.12843406503571264,0.08842284587728305,2.5790760065767144,40.587229350249714
4.897058823529411,0.43567479215314897,0.3325468469259251,0.07876927855341291,0.46089796692072205,0.1447692908807087,0.36665664033770695,0.31605008526261996,2.213772546728979,1.3116707202547204,1.8299815861693414,2.1895101137936788,3.9800764850351626,3.0281075160955715,0.6836092587410701,0.8204168342637665,1.1765276233943398,1.7715497955904973,5.215954523363797,5.415343266910572,1.7654450962030193,4.703167864527122,8.847140154047217,2.2963090605038623,7.983808814970406,7.598143655226048,15.636492777122552,8.65071707332438,24.027768140750695,33.97827918951813,124.50337546674216,563.5343542949151,1285.6614793102742,1292.3307648543966,2207.284879767946,1368.2107967121362,340.1817862113928,60.882893698575295,84.067486287803,29.486281559683384,13.075492279699988,6.7004243797260346,0.6618590172620974,0.03145716679823186,0.6043303495453345,10.599147421512853,29.483234240647768
4.911764705882353,0.4147349880509073,0.38713107442017547,0.32092569269876414,0.5558276633466399,0.09581140807833563,0.3243664947273351,0.2520494193084454,0.974058401343822,1.4453655470481594,0.8626546171872553,1.3283740614329829,2.2243427977563757,2.0609608137082134,0.8652104842741528,2.54616425139143,4.276101081618244,2.813220293081079,1.1833339910454286,0.9917808018110756,4.956802753060181,11.910327684700643,11.681929550450842,2.1957528938427955,8.619875581619414,7.385705486807181,3.0432625342863364,8.113456657949383,7.119116594724057,7.089665205380868,24.465641064459763,84.14935143048697,423.71523865631445,144.319775237706,253.43442843781293,53.46682597401118,36.234417723070294,12.390951477381106,9.711918991123309,14.62160094942056,11.101634588457967,0.30201711804772097,0.045655904170936804,0.016330487634917585,2.1124070264591266,4.66865664358587,249.76799009161053
4.9264705882352935,0.6971876425778889,0.7138831605047089,0.9701738134710377,0.24257293674021746,0.08461443294364088,0.2388980409383003,0.33976858637997304,2.458569592887032,1.0206212935153405,0.8755483414807613,2.6963431723775475,4.6512240550834,4.286681866969846,2.9656468057562333,0.9750149807032104,3.819370409218403,2.282807697041952,1.5865331234360005,2.378695153607959,0.8218087678682284,3.0831898193361695,0.540480290165689,21.935453982645868,42.507482748108515,27.02038744615305,24.995218212780074,19.124257371289122,11.87926820962028,8.609081854653706,61.186523547418396,317.03032668501965,421.1679042558275,382.1366330529267,109.560000275823,46.363374963140586,89.49139102921046,12.410880251438563,21.00997484296426,12.096706938340994,6.8395222055422344,0.2659253862764327,0.028696095725590155,0.053724043495879135,1.1789991546714573,21.399104546157265,95.99523742860332
4.9411764705882355,0.9940845975834021,0.3700399937773231,0.544928254761455,1.087189693440633,0.2042096677046487,0.3119355283863648,0.4567072955423419,0.7504256956830615,0.21489074019507773,0.5648780053816751,0.3550148978442656,0.3876941021309306,1.4699424836145034,3.7283565323241357,2.9847634882156777,4.679061044802175,1.378292021602494,0.7607496794917101,1.0744872541167352,1.5622961322896374,1.6561068559932333,2.328920517016344,2.8719136020488434,0.44052764310262527,6.80958964972684,6.5476517562830505,16.357846980078072,29.824422586999653,81.47092071179523,278.0400895213396,289.7509373843833,283.30902336818883,343.1619351877744,166.3162888603543,57.565919784087725,46.22290390673288,43.8062925350128,23.870047268226614,11.084541989006693,5.014030013528343,0.22581348229048315,0.012777668050581214,0.08822463079800487,1.067748603906118,27.675521469535443,163.68464973888823
4.955882352941176,1.2753893364793838,0.8545646877068209,0.24214960890913165,0.4933182922401885,0.26057631013002747,0.2134860848847882,0.476775700099244,2.0765726816177583,0.7799767348736454,0.3048935852160084,0.26736008252619753,2.4191168070398885,3.060253973527103,2.4574816131218604,1.02950289643467,2.8717854164067496,6.683798123315349,2.059867175775042,1.2609108679904188,1.2470462515277,2.92195749466768,9.902277307014273,4.768072599137042,0.3042908173911294,0.4157310366189528,2.91144462455164,2.88991195129251,15.307817127753967,20.810779962978465,14.577175503276091,79.55166212055065,124.47910520389993,229.57386731267866,201.07637807317613,68.44353350924156,11.397368204330256,13.110597991651506,30.483742634195444,12.390719791313767,0.7574524226906814,0.00510114454719199,0.005236640502852728,0.16918465801145793,0.5429408464967408,21.63618819349525,121.15789189792702
4.970588235294118,1.7248991599806187,1.4322467233490237,0.9751498915092529,0.44347325978559476,0.15733670007963593,0.06906095265000572,0.5262137932846747,2.5165772855940443,1.2707692090625915,0.5718874440503905,1.4700716207275495,1.3161187453377603,0.10461018243014597,3.325762528129381,5.496148170025689,1.0004097207533433,2.2793295388585384,2.6776446735401023,0.22329792036392027,0.2794099839869261,1.932042981031674,6.467126369056515,7.671030729504479,0.9803538193983802,1.3381115741496923,0.5989037569218316,0.8220640693620566,3.810532389128976,10.515776582345506,7.876951462780378,18.972086285402213,128.00202591801266,243.55047760569852,82.1876136559638,70.42727899267481,137.58109800905362,47.91704505485509,5.48122988770495,8.782412511518832,0.29796966518123735,0.029157275523654946,0.045974773034052036,0.059377029654246835,0.1078457705688906,5.078774507485085,10.355871930505508
4.985294117647058,2.0150567184018415,1.38880524340161,0.6739938148143902,0.23922214054718907,0.18499505130644056,0.3690217291236537,0.5970339250530428,1.5681711818047581,1.4782273656040008,2.3749869219232105,1.8988332227637958,2.8872235418359478,4.39483576937017,1.744367011724612,2.083942878943848,1.238320963710552,0.6677549010603253,6.086305304566634,13.649847889592222,7.6873599719451615,0.7472699751376226,1.2453333011626793,1.877983058389196,0.8488737016756627,10.937105282942909,12.166146081313764,21.658411097799082,63.308794833477066,72.43039366074193,21.11174184580085,5.222134486803788,36.45938643652515,136.41254673442165,293.0491969437122,95.34763246390713,223.26568556338995,421.1613679221874,107.84318531555512,11.418055574291607,0.33220908824995377,0.01250430705408065,0.012940146855387802,0.04481095676535865,0.5901986868242082,3.0975499801121873,70.2879896751265
5.0,2.6783429094547535,0.17353525890734123,0.4850822851236475,0.4185634809893827,0.5723958420928821,0.45605758299655047,0.6864378248075508,1.4934151318320246,1.420208906210676,3.4357898863511838,2.500250794405362,6.028831577836895,7.948132452589099,3.6480406406594756,0.5490417282016461,1.5340453581526003,1.6346406403382265,1.2004026095344618,6.416760596546553,5.5973898511012825,4.6476935429451185,4.112672258380658,2.065075262794112,2.863376153680262,2.1310126076136275,4.073821828415705,10.778476394818608,23.753460125811138,21.793513098726116,36.35258930354742,30.20757638005798,341.59185528374707,302.23571579623615,147.20641789433122,170.98295243485245,125.19939800076818,73.94543589598709,328.72988227247936,108.56523184590084,1.929070437540205,0.16351129552367782,0.009896938896689038,0.18756579879499613,0.03232557625520351,1.561226775688885,35.156621898469794
5.014705882352941,0.6712491225181194,2.1382507866407465,0.9973466193520224,0.9981186424852965,0.6443692351025929,0.28631496432527864,0.8030058170714744,5.494707532160101,1.7716521764264812,1.8119693201978797,1.7091452998588774,1.044477373342778,1.8059788257145448,6.195000106699142,6.692319237588723,5.0940878414058535,4.447124643877777,1.5383817985050836,11.972009661378124,9.986099192383284,2.1060434391869847,4.5728598747016544,2.0658994645211544,1.9548374442312388,5.427192179596206,1.2639290797118548,2.759098103356155,8.076472404768467,10.155250032482957,7.09460181233246,38.356222817848526,425.5312915068455,181.63521392472313,328.6540922662953,299.3710748136655,223.45512411689475,445.0449493401952,645.2388727568463,189.9877750476981,5.687020483746691,0.09077484098290567,0.02389272320802352,0.014606428282574859,0.4652266403447818,0.6186387723341548,20.068505900266928
5.029411764705882,0.5212182860223823,0.4175354448721641,0.5356084927353674,0.4100161255412194,0.48053259973893186,0.39914834116477904,0.3023602862159801,1.9887038163156934,2.3861387250840638,3.361551449037619,2.9150393698319927,1.455832121684834,0.7770343047358883,1.188247655322022,5.917903835873489,2.1377182633180327,5.646242953474909,11.936392117301793,3.833384079928403,2.8965994852985864,27.09094559408961,33.522929264778554,2.79854618734397,21.91098077267067,17.687636366200874,6.00333135706348,0.4448974556248088,2.5395034403698866,9.045385617655288,3.8537508262984423,12.07718793706968,112.35297944224172,149.61650836634732,401.5749841214443,454.4735443303232,197.59448895222874,35.994654464341124,9.167329980619709,16.24120861301369,0.5831873042129253,0.10977996740619768,0.021135894910362836,0.17335931499770402,0.11374967289837323,6.585958005449908,32.93660451629395
5.044117647058823,1.080734030198924,0.6139914663095289,0.4905669278679159,0.655796654911413,0.2972333481065439,0.05725956051825175,0.34889449799099403,1.2966179482100109,1.1548672882416589,0.452854705820529,0.7754980338975919,0.9327106533150517,1.3320097473092836,2.615078502114204,2.3447019082935743,1.1143431045423315,4.175357162660218,7.485704260280309,0.5560751669297594,10.787050567972107,4.377934081509506,33.684929701551354,373.84154888348735,471.2701382472518,72.6129698540685,32.47255887933869,39.34546579909527,4.073028035024766,12.821356760739823,26.136814686116338,40.482406362582836,490.6164845279852,4.1140606171988185,43.86591025259152,216.15942292618405,186.82733739651272,14.357117715851158,8.174221529296487,4.363867397652811,0.5857233837322696,0.04480616444231185,0.05845753225224432,0.0614268176267845,0.9785703188519396,4.942358485089408,30.112846689946856
5.0588235294117645,0.45004908448071496,0.6849865331486027,0.6125127540205607,0.6439578898475686,0.23768048388463542,1.2878701850065513,0.8119474933499471,0.524696618829222,0.8126872904564957,1.4924919768461484,2.4958524415428736,1.18387923596144,0.7523701766539547,1.2055180232498823,1.9027918733216822,3.02504902743859,1.980179434129529,3.2465437454637596,5.097847861450642,1.6774417631689622,5.586562989537587,14.565210188661126,21.77204624885803,67.00919572193669,593.6344777251434,2372.6977436339157,2704.464698060722,913.9225371000863,119.9064303043584,16.600119811619187,259.1507234391858,415.2012269205492,256.60476509664807,35.570472666386195,52.24595040988978,71.4006170385182,21.977679319985043,8.691207301715242,2.133830848984546,0.41493094883647125,0.005680855151258582,0.020205046616879403,0.11577840812869114,1.1976923058018836,4.385253045269481,105.75204163513985
5.073529411764706,1.2976755660591288,0.9680340321522798,0.28297999100662924,0.979569062334833,3.0150558303317414,1.6280989931045986,0.9854918268648184,2.0906769129163587,0.9750142290281896,0.2731324132354445,0.5585137251432626,2.3214924393744143,6.2827743152654225,1.7068857686973797,0.8348712894783663,1.1289432501581986,5.650150791401723,3.0509776371484087,0.39545668228030706,2.9179633025163905,10.6758057475854,18.11667231527158,6.779271298816569,1.1328297976583757,14.059354972895065,75.30261480725586,630.0710029195725,2282.5063179735744,3358.258985303931,2148.568277177335,1036.2374455653935,828.5604315634283,59.62070203373548,17.196601377833712,15.01986600803271,8.3929474014739,18.208990733236817,6.4052600439054,0.6369733825321668,0.14828434045039407,0.009010785169356212,0.016329614047783037,0.002406694147072601,0.32923657563420394,0.800617681666546,22.79787901384735
5.088235294117647,0.9724959626759552,0.41233518726446994,0.16807365252228224,0.13602996719065175,0.6146540269406396,0.2802718459684873,0.6343959328476533,1.3472196638740912,0.716464901487029,1.0101412522183773,3.2886828978133895,2.935336424195013,2.428196189019334,2.5708138588405807,5.207954885430217,2.9520431713144335,0.9692738942334712,1.7610368919278863,2.4959668077467616,3.0416518994921415,2.8516714019830856,0.4092724461266258,1.4798843799756856,13.242581906637746,14.689648277367098,8.095980056428555,26.525540680765133,65.27361677028833,90.73828187428437,210.42737802569428,676.8645643852074,4026.6471001366754,448.9115103033465,20.291262280791578,96.27680410459209,43.935422592086645,17.52724119016972,1.0782475094381672,0.14226791923976656,0.10709992500331725,0.02596008382990488,0.00485613260492933,0.02376461950678791,1.7213285564672294,11.984370644833666,2.7711611964141585
5.102941176470588,1.5791451137414227,1.9669768695681689,0.8385576774647401,0.3289938689805093,0.05471916302291886,0.3548868076181753,0.47045593484158105,0.8153257029551794,0.475253944729242,0.8532870295698813,2.7391846135702687,3.131937348710717,1.6290152776993643,1.565891042643055,2.6800855070661194,2.8434051187497276,4.3625635499668824,1.8918430063494467,1.0878601488467776,2.7469104607056716,0.9228723091821507,0.5809031971567147,2.7067153722216992,14.898708342647492,4.0610402552375495,15.985809560489342,102.78499074237791,224.62550026010058,277.4757120949168,280.18996731562527,431.69114058262414,574.3658976324887,2873.8450340339336,3962.7726397823535,1459.9705590586977,124.22334933036217,20.381505789633714,0.3388581815534812,0.6004400425432889,0.07689089974337976,0.03012576040807928,0.016201727298264253,0.07767666636980183,0.24369228733841045,11.35791449755145,69.41591344988151
5.117647058823529,0.5100269402509179,0.5890352724890868,0.4061209724567641,0.16257109454527446,0.3466980254093221,0.3765371511254759,0.45626579493339525,2.359027165775926,1.9998503090955677,1.6877592822268712,0.47582680090114515,0.23020310144775838,0.16432019312586416,0.5848121295497067,0.8486872271148262,4.304542692660597,9.110263278688727,4.306173869670097,0.7901010055234994,1.033946737500633,4.125037950221236,9.88799001848625,8.457386733988706,26.821541330983887,28.318831481264606,26.35434234883198,56.2304758361258,164.16139977284368,119.0252381569556,108.16138315852965,100.77211806190752,447.9812327749315,429.64280830911764,629.7299630711043,1700.2991545000223,864.4847830171141,77.41266301382653,15.697962857560496,3.594939996344546,1.1625449457806336,0.011352003391337604,0.011764577931159512,0.03546288089947329,1.4134621106033223,1.9069931404906442,25.28201089280696
5.13235294117647,0.3599036943230174,0.2355931140782763,0.3424268640794699,0.19146868901488023,0.565770444721069,0.38789850463532616,1.2060839637583267,1.8447431027297785,1.0897995025865743,1.1820139899945799,0.5652192978071272,1.2072143768985681,1.2756898870918265,2.0252413372832585,2.081565837056451,2.057396545397766,6.994042101740588,3.8989380624068914,2.213841448605304,1.4831366977322151,4.9662241479824685,9.13795661842654,23.95236577869231,19.67138926140239,15.478097199907424,34.52279289206277,58.37641832190469,16.220284073915142,17.222976612476366,189.84951389479255,243.70199181925653,580.3204408858353,243.9623287383409,91.48847091273022,171.9131484970664,1031.3079137297345,827.2289504646344,106.89845582574631,2.5504664609827685,0.3829391711099898,0.060763807918066653,0.012307453396222131,0.02625086910024089,0.24130599823695545,14.894636902766475,19.197003136225764
5.147058823529411,0.5305936769508707,1.2787489080568513,1.250505064967381,0.7977927752198778,0.8374248979762741,0.5987677925550392,0.3807661477104141,2.863027559512715,1.0047229670165927,1.5746625053398153,1.9720264660482223,1.6315753952095235,0.579943110767692,0.9838923018537998,1.6893538632642116,5.594366778178884,1.8241504913245188,4.1285439437603095,2.68579267593326,2.0277954506267784,6.724220343493539,8.55269520607581,7.581803273810633,12.316686241033848,10.92552750291724,1.1597698067684266,41.591348368908186,115.1356281483385,91.59664868793084,51.05942803920049,51.347539535900566,220.52773685155057,245.46348052091582,792.0390133491583,315.31680994309124,202.91370207459187,423.6178066067066,404.4823847027127,15.003796086863055,0.26424113147014533,0.07489867677920886,0.012627438098085792,0.047732318796151044,0.3243295571009375,9.205810857402497,124.98622011333416
5.161764705882352,2.8019433917903838,5.049888327361359,1.6789849681355613,0.13609945125905645,0.11392645200334445,0.8187205727062007,0.27187050301876087,1.3119991710675263,0.918542610255831,0.5518855154510834,2.091558037814738,1.2972608031295265,0.9620933946133092,0.3129176928050348,0.6112987204375993,2.2166130922326066,1.5527300359702345,4.827741863939453,0.6944198448522132,2.539065163585506,0.5162273833739042,0.5354469753974193,0.6051976896930272,1.2086318043631068,0.2316862566120805,1.2353144432973382,37.13355349714201,78.56233432222278,24.856036793628554,12.006471617927165,2.479503476833501,937.246475961292,1620.9416611283027,1864.0436392891065,1479.2303606639696,22.68033913755915,712.8202586183386,755.1602972820804,65.38556270115535,0.14341440798058577,0.3061009962900523,0.017412487007363593,0.037788654979304684,0.19958926994138634,0.5744657195447397,20.210551440608707
5.176470588235294,1.2470427703398677,0.476353977883302,1.1238476936208612,0.46647013928596065,0.409625649687562,0.5915569978497287,0.4029630326409843,2.841473989702896,0.4918116788349236,0.600733628304982,0.3012096262646897,4.6026691123997026,10.095871358341519,6.289656340193577,5.355889612662667,11.415914181576813,7.164469003746627,4.417185492665463,3.0448616569676794,1.9499707341521748,1.3799937521301393,0.5266524982407592,0.3629433743459453,4.383939973862531,14.875172736850294,12.268816951885906,41.501604972107216,66.61616255034801,30.92280828410596,44.062217118751825,11.33236820353505,53.51620383195246,171.3686710543658,539.9887356175986,628.3123180590422,447.1978522833699,552.066206600135,498.4027360272976,64.73137387284748,0.8600054164872064,0.023236467082818974,0.017989018839114614,0.024335299976050863,0.367107199280105,8.314770260240206,17.171103487068418
5.1911764705882355,0.2810269846754221,1.0244100892677115,0.9891251358920502,0.5446222256154761,0.04045922080188519,0.1608835670965016,0.20084397990453817,0.6612167347443892,0.14888959915088434,0.2752971345894527,0.8665741632748436,0.24628855178156076,0.8796710344390838,3.7675679314448214,7.2459210263512785,6.8259956013374055,3.237677634772655,4.834159183914516,2.869587363097012,0.8980833849330192,0.4552829017119848,0.392301356948226,2.352538651841083,3.3244272515032707,0.374561539446586,1.3492798109381372,10.357630538747381,12.394984556537505,2.810538102552503,42.04991533668763,106.81844438265927,219.11655260075742,89.06809381860472,161.61887902665092,128.2392196588555,203.60103676104765,134.88128076863498,18.73920154200906,8.431727877053394,1.3009816853636744,0.014431459053558006,0.04504187720405984,0.015838141268980442,0.305964655292022,4.191281799481099,47.68789825895501
5.205882352941177,1.1218447086106513,0.08080491700507522,0.4915539161379616,0.6622573687709548,0.21845930941994027,0.10217418555776571,0.30031665801077084,1.704606932975336,0.4511787149331412,0.28950684702853113,0.8348034462704162,0.8298617430008269,0.5789576094453088,0.866571199394006,4.075368074828721,2.4495899677049247,0.37108017771407753,3.395775024275349,3.821989324745921,0.17378847217351018,1.298951538441282,0.9748360475706004,0.09980359390846234,2.608268035315067,12.657758055735066,9.728918298238943,30.165013171212337,49.23180816020032,64.76746469562018,57.13784314924872,12.267112842399051,20.70307412294973,27.989376661010287,89.21097466638324,187.01225874258324,86.55928878082938,97.22557896757236,62.775383182433586,21.04797876789089,0.7269449034274735,0.022209894972003107,0.005559265384895236,0.01300174313867325,0.9307497426475321,4.861636384150316,15.62208640373358
5.220588235294118,0.43146556127346797,0.3467060692362497,0.1662422983923937,0.29026956545761745,0.08910889753806128,0.22917497151923702,0.09952854520948508,0.30090773923635095,0.3166444168396826,0.4407180422699645,0.1989123818857439,0.2898733157414036,0.9363741266132902,0.5357577907930591,5.704463852742153,2.7180695976386273,0.617564671096508,2.417065911629816,21.986380323722933,67.8747185358147,30.62717947977753,3.4364686411023326,0.8030835659701228,0.682206482266332,0.1311574006456745,5.295689596569104,13.36017188751795,8.006003612086324,20.268543592418595,13.933976345642183,25.32923335475457,20.51611275454229,34.048676286004685,44.95818067978371,23.653679669507323,26.434656505546283,21.71528419283443,21.948698676166117,16.528959672158756,0.3343495845196665,0.059395894512371206,0.014681751461116273,0.03493593992055331,0.7987894420965318,19.567945611451183,84.49087591739742
5.235294117647059,0.58281303253976,0.7898875972921009,0.6288830943030189,0.29325324976392575,0.325982762946423,0.5927130775955486,0.4495819452343153,0.336909747886003,0.27038696395970585,0.27051721893494496,0.43277002100526146,0.3893122759866836,0.28444785637411807,2.295521046780404,25.841008088395064,18.935723343006725,1.3227564104135876,0.31983055580215164,2.847263295529583,80.75938960360646,242.95156632089646,93.36124020502672,25.59736482269858,1.257376845788644,0.8489261379134424,3.1660472145792538,4.340522583646558,6.43486053830204,8.604000582668952,15.97543478732972,2.0069145850862578,117.85389299831047,32.422931347720905,16.205336221980556,25.88422260475589,9.15499970604057,16.17888005553197,24.843798939930537,4.337606951294388,0.14604940028521912,0.02548465653488871,0.03796253505904871,0.024548662388211153,0.4367576994252852,14.154806724602377,58.243386190469685
5.25,0.2683635221068449,0.5504967558151739,0.3664186358831949,0.1599383231602971,0.25190380744633223,0.307513779202904,0.4419256198899878,0.5506604503202572,0.17705052608599373,0.3626100517911292,1.137065244320312,1.4891095674286552,1.0160629078093764,10.8054607363851,112.61324450513385,75.09444225422622,2.895382731598745,0.08538276718831145,2.33093361633052,1.454101017039751,15.91952642489661,78.05295025433895,257.69034474560056,590.5436677829844,419.55962864443563,96.8593646839054,20.293493139585603,1.1524873154007378,1.5411881843032618,13.66214997106783,10.542085580919526,15.443581337501616,50.41538414655727,64.83351607871226,23.6053302659805,55.833498218408764,80.2843825568875,30.158839018768845,1.8541066248470703,0.035750201507764576,0.05384369489749847,0.051412585635132534,0.23117246738855593,4.609063058077858,41.50112817482494,145.31646837582088
5.264705882352941,0.1652602492511318,0.2950361185134458,0.25457747180121026,0.24699432992820258,0.15381539370939143,0.10998477336666948,0.07950102070395484,0.2956149727037328,0.28325657363422374,0.3369786394234471,0.05895604666268815,0.062355982962322705,2.4885680661445866,12.502073411288235,393.78632313580295,442.7581300219827,37.55435674284128,2.066925058308085,5.51857766186463,11.06933561152891,14.91669124890456,9.829620844517237,12.662584246901018,13.821350747296712,165.90284721755165,415.5524883889289,774.1271874495546,387.67277267793406,79.17729845866482,17.296117715377026,33.878362472644596,54.958787339269314,17.798592773501895,3.2820544991654286,13.850211114224917,6.849842869472032,1.4567218419562338,3.8247195914798158,0.5744725115715246,0.25668045856035326,0.02300451328333765,0.011612777884663762,0.02388002528068959,1.3284509069233947,15.89568184820451,77.32341001146304
5.279411764705882,0.9666835041196797,0.5265082301192323,0.22597974292819387,0.11157057959667023,0.3465620456221543,0.28914183633417173,0.18807870556657824,1.830575558288798,2.2222653215417134,0.7724636398461555,0.5215413673791292,0.2993294104922966,1.4573514091678073,32.04475700770095,1191.8759260116376,2067.8603274454026,293.8594683683567,1.5979800438479814,2.9846171173324825,0.3314939201959114,0.8895281358097249,5.617750695110088,1.2494146399560146,34.175051383268766,104.11642559140878,462.79579371716227,1036.1317990381297,871.5180394216844,709.472220447328,1657.4451649937118,2349.0821618863174,1965.0130323575465,56.77169334213082,64.37442673131258,29.48497232011887,24.91590564545504,4.206157985327327,8.703103184841577,0.9963799295390494,0.17222358961342613,0.026152090514770326,0.03935594903137238,0.06166232429694037,1.84929261266619,11.796188829649296,20.088600645067366
5.294117647058823,0.34047098699098294,0.16113897602324295,0.17329864150198016,0.1863735570438057,0.030912315766092914,0.032888719495109506,0.2827826749399898,0.8780963568439661,0.8099880599520546,0.9384170720567461,2.5602034936933467,0.572584141579876,0.9417219314641001,6.23848889740237,904.7538842491824,4727.984275418935,1413.9550998273617,58.15538260277882,8.821855488787222,11.857110603642012,0.8683231907606674,4.331337071738166,11.503813767417274,18.650991263325317,2.4326134793764504,23.77011239660355,11.208847976939762,12.047540893407065,89.77213700742881,287.6554407786288,289.4841963915869,9921.264732179161,8809.273418628209,3493.3016442938583,507.8680394201344,132.03739580083823,93.4165426513879,53.91258837805732,1.1637139283047873,0.0686665371139241,0.0435806791179678,0.06392454419922489,0.0034167357012949034,0.08476363432311443,2.091595722103409,16.624721310663126
5.3088235294117645,1.720693675448219,4.972011998668515,2.6427847865075873,0.3992579720512514,0.15661963962556777,0.3810914271598578,0.7210302746493937,5.143222682043221,0.815522774521629,2.603107259779744,3.487420487882335,0.8070743706037505,0.7601279244956676,15.365163169301635,211.27019606974108,4048.0533327087624,7597.080539071609,1008.484171561168,22.12803529191649,6.633667606451267,0.32107981930566354,4.424128653795659,5.604048890380309,6.962749122913527,0.20235173525767236,15.61689574488171,15.797073630205901,5.3655682605200425,5.375928022952108,77.5620416208302,448.60879663057943,666.8673739074286,686.1456373510721,2487.9596910823557,9105.23342714698,8899.935181325958,3974.9190632748378,524.6879503028972,56.04899567890796,0.9778353233908029,0.01921035666055459,0.11432414657782082,0.0679008773019865,0.46085859487549163,2.5693315560623993,25.657972449930938
5.323529411764706,1.4614617058342176,1.2208706300230387,4.683074290612988,1.4515390777353074,0.4208741497119264,0.6071352545447919,0.5171333440355842,1.5463420666679228,0.6493224665938233,2.2510406530288316,2.8421637003002234,1.1334568988576694,4.3547405604110025,12.211459062038795,65.70230463561829,16.317980940203693,1225.03843416186,8363.582030005491,14459.41623901041,9173.69958781875,3858.603080205041,1377.8850501883646,454.3520362266598,34.90191467417674,1.0852205348969983,2.734912063910902,6.950905674441271,0.7396688916329537,8.20348445001164,90.3256272266178,116.17322732765373,2179.8660147373125,1087.6004090794183,2702.9788461080725,2677.69820628281,1127.1231153241206,355.3354453295814,1529.7411675754088,320.6903857914782,4.33116805602507,0.6166635431711978,0.49686081288822315,0.33386881807597635,0.2696577165780762,7.418981776012368,20.673885826419
5.338235294117647,2.5879413999554,2.4539394318000465,2.9862383742741967,5.902437927181204,2.987245568115128,0.5834153116337644,1.4460739679583827,7.141007161677459,8.583442899710883,13.688793162391786,6.4330213647218555,7.757473097815394,14.061597884823545,24.964886457653247,15.723274159998478,24.327597629072137,58.42197169580437,1020.5558026695746,4686.7388748828,571.1843906772345,1225.3640894870944,4313.03284246306,5846.641815998884,2753.5537576537304,1490.4520584880702,746.5234639558494,279.2761312675738,22.294361107893018,18.03358217713509,75.85218525070033,373.5278861280403,773.5025017005693,117.7513070011755,26.714301140540726,62.70652393141524,206.46754879346773,263.1935573343367,22.86949933595463,70.51729575017897,46.60335861248411,1.755157121201619,0.32856762835792963,0.2616192973014837,1.3783368693103935,2.1341277756086874,16.889431284207447
5.352941176470588,4.280277736719901,2.718575692373387,3.038992791503147,1.6390901954179253,0.31196599476302983,2.609685627991467,0.5245083859078843,4.909380886817951,4.377180338336731,6.396115601894683,4.794336365131481,8.882911025894416,4.867734881898282,3.7116662884098974,4.596279528177282,6.543484007291029,3.0776669223529907,121.26685631849134,764.1671286641629,540.8825676335586,390.74990828187083,1104.572105901865,200.36187636989376,1334.2253008258376,2477.7515949453696,3461.2271663793917,8409.332169320634,6515.3704353599605,2454.63314451298,985.9811144272855,219.64612125295287,180.6098284975123,83.85524205171217,13.225197174227803,60.06219096719633,172.92209183385793,190.05564356091367,197.42328962541288,155.60472701312952,13.690137000928445,0.18166276444472113,0.04310875671490326,0.18407572460316077,1.245576703053554,9.704002437800094,36.01971382422546
5.36764705882353,1.8284978337208757,2.287650468674471,1.9430332702938446,3.7040635830349236,3.6062731239486627,4.105755954590806,2.590132636864079,12.24514908905562,1.3756919039273807,2.618344980531792,3.0246361505944144,3.300821509924567,1.3581405437405196,2.0770770634542637,7.551090260111587,16.73877761909673,11.531547771234193,19.16871942027992,19.783346174776284,29.066191566614222,62.05810655515991,38.51615111558889,300.4147467326571,355.0522769484197,1117.4265272104958,3120.636068651218,6663.0287755251775,3998.956802599497,1373.5269979563654,2170.6291849222885,2749.7493991448127,4954.342938656803,1797.5785748642322,333.92826200225943,143.29025503314824,48.26822119656912,89.83212364261166,173.47877187831352,81.74788705789257,3.7626590297167675,0.0133523395293524,0.1203687631599239,0.2378475690514931,0.4150210388610318,5.533004219878636,32.522369391865745
5.382352941176471,5.812826915965242,3.7474063591768756,12.687846575122531,13.783274016009969,14.589521067223,13.833838169178124,1.6752399152439912,14.796655589293561,10.549889587773807,11.033792572193523,21.618982906144346,29.263073466759028,27.084306528339393,17.00932130853964,6.389232190969759,13.858730940208645,14.661656755991904,15.433947473693944,2.5798274762418107,49.956646390774,60.63837981981578,16.3811372294879,70.75087705336247,14.661008370163124,146.5710526702304,356.1741268246124,231.37202943729122,476.2137716387404,1055.7422941119617,1113.7194566297653,4256.396934471228,8875.905172342622,3563.262272072853,6654.0607253027865,4682.351793056794,1203.0073651380621,143.2173655621886,18.202038290275794,5.372544334137936,3.197767835941325,0.07233839920859078,0.13486224513432005,0.6369765179667903,1.1293404821962927,8.648029830974417,54.38960550696525
5.397058823529412,7.535295439314298,3.848255627510386,6.627788298252969,10.400790386643578,13.644354405780675,6.565692811348262,8.654029810546733,23.6276352260745,27.180305071764458,14.869220638009791,3.3043754982338847,5.051389573622717,14.73221710315413,10.149809331072134,6.352310443914695,21.248422515307325,22.84369780962445,1.5266540962673365,32.375859188451315,36.58992081748291,22.127614113443524,40.74025843908803,82.27228150388464,25.9566672767455,32.68760029901012,59.356114536503625,333.6208571884881,429.5979261149792,466.7969517640589,1843.7624054818248,1385.8617909634595,2793.292573854515,2016.2828305756375,4967.648869003118,7226.283878660859,4736.308247554336,542.2332034636265,193.15200112268445,38.06295175456339,3.2422916679251372,0.9034099678315568,0.23081754454701203,0.2253984669766946,1.2951245760639503,11.503458460227273,36.06216624171832
5.411764705882353,1.7888827947879067,3.197393204679787,5.551323968550151,3.661511077497158,1.8982079032103039,1.2426705526117354,1.46837988367361,4.6565208896892525,2.118747299965491,1.6045859998051857,4.095347125812056,5.4414172332722845,6.311172234953245,2.635282033133266,2.227973582443947,2.6829305371148857,3.1314174450460417,8.194935838498344,9.10967195658719,16.983175928619907,29.217337298483084,17.31269731917172,19.24158964174702,24.88135215320948,12.563874650743657,39.93473404078944,24.27839217210985,9.505833011113866,60.141352610101784,611.1905332075492,897.6302701091546,561.4593432254769,140.99777698869508,29.13998411363621,158.24745887042639,441.72317991062806,456.6909238926444,1352.283379564572,733.3090022001873,64.89781713238659,1.2905197590446522,0.08491239265354374,0.012263309437498548,0.4027746247839754,5.970411508596754,23.912526924437614
5.426470588235294,1.1331845247335137,0.4933592498913929,0.5528349260991087,0.9794132366828074,0.8842665862728184,0.2888470583949896,0.5076243178674686,9.601261935765876,7.733034228365955,6.963211152181634,2.442136900451279,7.371382736372212,4.34249980496006,1.4903790941940518,2.815387703947176,5.367514935655439,2.867550819777254,12.79424372827241,30.89557018038286,13.940975766619623,3.852419103565139,7.048746018730798,2.161563079653367,2.342676632800961,14.759145437567504,10.056941554626434,4.648594038751179,30.952450705826468,8.05700817643408,31.866511791456816,41.17673241646638,188.13353690758476,261.1113508335368,166.6635653456534,167.61065553676906,262.3096381773531,260.2326136756751,1205.8165455927538,803.5315360358859,46.08264138499708,4.890809043607762,0.2650439317091894,0.014987312070946848,0.4956262691586919,10.58927305240474,63.273512739242776
5.4411764705882355,0.2469060609127111,0.5679421188005405,0.40521214662708305,0.6984677148622941,1.0680916696741665,0.5684532656155641,0.6150943679732835,1.0899404264681527,1.6520234132012168,3.8511312604813535,5.3936129225530705,0.7835418521790559,2.672431300033693,3.097118650265756,3.682693408255073,7.586741512224503,9.742838155943012,9.20065315657586,3.1670050780106243,9.377428146481236,1.538196237459456,1.1463278277152056,13.30624357559287,29.506996422907676,21.230352959315724,29.292109585063137,27.531665744407835,33.42329936997949,23.139300639497762,16.847925312927828,73.26055867006932,123.9560577086686,98.13588103456925,107.58482976899457,202.33798441262525,205.16498015760033,152.7032295286641,80.52024470294273,126.22655847588817,56.768080334855405,1.7542038371902406,0.02423357195633749,0.04353011025206172,0.7314216453487474,1.167291488361365,14.369848326334067
5.455882352941177,2.2872521958702947,2.0070551332801796,0.33147026337828783,0.3072079323858548,0.5498168658355714,0.2627858901252265,0.2185990564247538,0.8523210480312102,0.6295796883551873,1.5686602814370634,5.212766802891503,1.1720245900889308,3.9501107027560347,5.684205847855313,3.0070303338798956,0.1558642319952674,5.572231652726431,0.9484470440379197,3.846514805964947,9.087969741347994,25.057134199986304,13.69643174808768,5.7131616782468475,7.431976601325787,3.351485724271597,1.8370046190811982,14.098660402446733,12.020762262934067,3.85394214301541,35.41609625284784,73.8673652347729,346.2547305443925,114.07192761300257,189.1945384958359,117.56937722556957,48.73469588424021,45.329522103426996,3.5758111151223133,12.222059251062085,27.2055638239988,2.1245822890316077,0.08060628413761703,0.06938934387461512,0.07571426616869328,2.4147839666790887,32.69038406733043
5.470588235294118,0.2967314718889519,0.66181526747998,0.8105694757025705,0.40912565239641163,0.5821288957468183,0.2276961657256201,0.18030872727874103,0.42512624565006296,0.7295090523806106,0.7288859675316282,0.6476222738434503,2.3708506501512727,1.8315846349246216,1.5754406771736855,3.314737798711198,7.562077402076865,3.116250336411663,1.0390818001925755,4.228281126814094,2.2184797141999066,1.149142715908734,0.7239860860997029,7.617230490721525,6.833742502341037,5.112759595767992,3.989678339394829,0.4811164852227102,6.285943069279195,12.637359548384048,39.25346584347032,164.74681558297956,486.0975175942345,37.06579764290217,32.246000358862254,22.581550987639055,7.510450603522183,6.301107158890697,35.794212562914986,58.04005279248214,23.47299632271792,1.031256322814913,0.16184797729464234,0.0918468388080405,0.08408380744702461,9.568698022490539,84.74040849260626
5.485294117647059,0.8668559612975324,0.31821106942355604,0.20382313713679368,0.2948819702799289,0.2869903934188064,0.15335561470774162,0.08224289189804344,0.3747365878828903,0.2995680842123708,0.6995529805411261,0.7690607290053891,0.7994222658827329,1.8409931799200798,2.693258491888417,4.535469172811715,7.793362431869674,8.371674441867167,2.6307054362805586,1.6813522448865497,0.5881127955291315,0.5308333613338915,0.3488806083587365,0.7621540947269394,0.41182267941311645,0.24731628801403271,1.851483706918032,9.393930612133026,25.77870987847205,30.71731658062987,43.661839163313175,108.53974083918624,247.56585299653213,16.89393663627519,12.339522184428526,14.298294115864493,19.472180863291058,10.497480179308663,11.2037121821479,5.033274075843924,0.11691451453870977,0.29125319437224817,0.05631537868860187,0.04513824596801957,1.4180932948355267,1.8650786218175028,30.340483421562904
5.5,0.8444418564093796,0.42174366408592934,0.1502950951883134,0.2880057806824468,0.18701328701332648,0.036443665471193286,0.10493564828542778,0.48909929926825924,0.03881394200923402,0.3843857885119215,0.7831842971129543,0.5407889271072279,0.5195396781285783,0.7369317727758314,1.2515668804544868,2.46380709502452,3.1363711120963007,5.244304535308494,10.013948690837463,6.497356141572342,1.7278177359401952,2.3926913469229865,2.1473757619510634,1.339951960453116,4.339968883113032,1.3101575772288188,1.4898415498211373,1.3747281351252045,1.3798958303992972,2.0049579118251013,3.9058565698240377,10.997188899354411,4.466547092774695,7.639813246842728,15.45817335537959,5.566745922081967,3.377429681882151,9.970760263569462,3.14572473747924,0.45476731277254845,0.06794314284613796,0.005664448258386353,0.09166142540315213,2.288394077039434,34.77580922739544,60.20649280137873
5.514705882352941,0.6586674399355568,0.5659329301069586,0.6477698808264306,0.6946865247140117,0.25472801637893194,0.3990667621049652,0.30813298153832197,0.3995502386772165,0.2569421298217468,0.20782283954375952,0.25809079911180827,0.01791000862393717,0.3138887667453026,0.9454706482972985,0.9902535997529717,2.2473758366967784,1.3839854453358076,6.572025514085652,8.234086560730649,3.7047579872481977,3.2318812632744804,0.6400951897914402,1.7227558803758447,1.379175291684018,1.7971371933950409,0.7000546850205284,2.401941667108983,2.5707976504659604,1.9880022939246902,11.261629198864757,10.576352143685044,15.9323310158011,9.307762784994086,7.255862636067805,5.348131681398179,6.173197849719902,29.650285995676157,16.948880768287328,4.7679931101379935,1.3325403841113834,0.03618137157847337,0.021814720660533776,0.04355504747676254,0.5109394142917513,5.551727847301572,66.79489022301289
5.529411764705882,2.0975619719891823,0.42634231788550536,0.37403520674671453,0.71193897800064,0.46831282763128446,0.23515971266002397,0.23072999582024778,0.5566256679135482,0.06002653317969768,0.2813339039543371,0.4025986787528365,0.29679265916010045,0.24314921697444505,0.44479192596273975,0.3763604513572632,0.41581907284602426,0.8206433421145167,1.0305066972622092,14.577293437658094,11.347432525034861,0.5574422019596604,1.9072002186301125,0.3774411411970844,0.48698710050200233,0.43819225198049094,0.8357989489803094,1.7988579764569739,3.4304051420255894,26.368409519060094,39.27186308767985,32.21234477070519,14.755831464550536,1.763269566831023,4.419351330008934,1.7768603117478046,7.730254002518075,1.8506058967198382,30.06720844169743,18.3992439132772,0.7098071850223591,0.03596330371771606,0.004328202653610043,0.02978446644852919,0.5387911928194931,6.0399635553059055,9.995789121186501
5.544117647058823,0.8786222048976745,0.8534349319497693,0.24494601417828246,0.41956996048193285,1.035431755738408,0.8866287032014682,0.43260233180350144,0.49106187050398886,0.17255076968869706,0.11054931279287633,0.2745549288420183,0.48935348533473055,0.3502495286302307,0.062255673462610586,0.24970932014578462,1.1827063901282018,5.780542322600524,3.8472242436864987,7.8140595850415835,2.0232232850179543,19.15462926224177,12.00925127487443,0.186566236359386,0.6681522519569238,0.44084014482503325,0.9319714438248712,13.736800655539604,17.750158367513933,8.38484475331574,7.593901559264267,6.317934442712188,10.315954547902543,6.062218617246904,1.5958148920580757,2.1014449095303362,2.688964546931631,6.855855266770236,2.4946330727145254,3.882784877232075,0.6134167339773444,0.015399348228429015,0.029292233655148575,0.13414924779014376,0.2748526038881177,4.673386036581661,27.2431108095561
5.5588235294117645,1.4673808682523077,1.1893850586033807,0.9650176131504383,0.3966044932191618,0.24200613873872717,0.0779470233631434,0.05138632979567702,0.2839640669191231,0.08216346284529212,0.13696471696793172,0.19164718801287353,0.20486701750917724,0.21979928281071537,0.3640010081109839,0.1766862640719519,0.5897612522351503,3.9735555306685137,7.763380869289481,8.726587107927056,4.347470571660976,4.794772252720521,15.983796349981205,12.011850092817848,2.987042979134718,0.7540116654572894,5.736123309323916,0.7654989900357316,3.2903485964277044,6.2637272749949995,18.492583747980937,21.544664616415318,60.0424779656618,4.0561455872832335,1.440262154034553,2.353564490397857,0.15455502066327836,1.8637544231142191,0.6296566688259093,1.7896840338038769,0.30793171298000294,0.013676897016545755,0.026562954430552437,0.1370570652943296,1.3013099503616194,9.992583415241292,96.63177881407145
5.5735294117647065,1.549158530762307,0.749739190663814,0.13827166177124806,0.4628328439555657,0.08537630364246701,0.08387731454315875,0.0620974960053885,0.2755925755157461,0.09985904614265656,0.2760426426581901,0.3057027412973673,0.16381964203394567,0.16557159639416108,0.09232042848341178,0.17116537039768115,0.11797884772548398,0.6752237687074191,3.1921715373520163,5.81145081904039,4.128139520814979,4.188142861437699,1.626501741564999,2.5245505410201234,2.643895448202154,10.606212649830137,36.01321363484102,27.16892908113958,5.446450955878056,6.1133389386848265,6.53577071385792,4.647974199278843,15.971436767645141,5.4552882017322215,0.37632748720298415,1.6161694652668368,4.5153869796084045,3.888832476176801,3.6625417862551326,1.40825987526105,0.05698717926769375,0.007975971730240604,0.015505449736873901,0.008413250789107268,0.8181808989060931,2.1619421680892827,28.76807049677833
5.588235294117647,0.35757849733864044,1.0099865460481308,0.5790835890025741,0.3110827033743818,0.31535190942283486,0.3360404602205253,0.3685388742830864,0.29983412973551715,0.046380061674026814,0.015648445008685778,0.24274548689721176,0.21732377843270023,0.2532419921050914,0.9443336594152241,0.6095927756848458,1.7265335469896965,1.1937814899443924,8.77073300904872,8.218031917326616,4.7639184120416145,9.868894478775793,4.520625238792421,0.748033057886424,3.623715644119951,6.817467213323955,3.0722001016050937,5.6833127652401,2.1747661238107563,9.291937173285667,7.065218935371545,21.628378883060513,56.207927060562014,2.027421174872668,0.5745323492057173,0.8287493549118622,1.7980520218176317,2.754843665025503,1.630206692064998,0.8725061159249654,0.10740031036706305,0.016348200860834432,0.0319383106917252,0.03119761951351467,0.0925510730864772,2.8405536861662872,71.52121283264654
5.602941176470589,2.7044711974003777,1.2667657915323938,0.33805567621874777,0.22465271514042476,0.3167892285999993,0.45488389758563297,0.6210958399625744,0.3914227737353562,0.164088744671431,0.23220149118666722,0.08372011848614233,0.149538248617,0.25448118344675447,0.8086257087151927,1.2343194138387377,0.7484275409127201,0.12615742921815754,3.093465399081376,15.52295620268794,6.814563243570542,1.1286906697845613,1.66552127064072,4.187868884112941,19.63827719421304,10.007647242851135,16.115300723072494,24.010922262683792,3.717755016168142,12.202081796807697,18.27153129525494,6.021067703989978,50.79666469290069,1.3556733466740347,0.9214687893277838,2.607216755381251,3.0783833866804304,6.6035629451808955,6.167118545837953,1.9507196969707707,0.3144053549593996,0.11161788890386709,0.09677250042676791,0.04192604397554624,0.6787251907685867,1.6863961496488131,42.27872897824254
5.617647058823529,1.3238433567104964,0.7384458167522434,1.0968623467754455,0.9777105337607832,0.4125061289896016,0.17106360402180354,0.18009401100434244,0.13908781510056928,0.23372896846646413,0.25131135488006573,0.4497950621464408,0.7233733222703164,0.31981045585883616,0.5259146733340618,2.3868486056955245,5.765387881726664,8.323616505101874,10.214964210544439,9.961157923153259,7.395549685865628,8.685900154952988,4.886480040891842,4.147351542792344,22.595542707721936,46.167437015048876,38.55848570660102,4.460061634081928,1.1141264290943074,0.4964422497293996,3.044432170533349,1.9684125879685954,98.30288262009955,17.569546536283028,2.096365589737009,1.1946100824165167,0.8325992897288954,0.7450076858589711,0.7483742468629991,0.7708066081171984,0.2900150723778443,0.07629188769419554,0.057260007656993864,0.04569730586680407,0.5729699666586104,10.971701179264109,151.26921891557885
5.632352941176471,0.816943320282875,0.07590202124041028,0.31327591737821786,0.8730974603802946,1.0994904281977154,0.30761558416808676,0.4786956304435296,0.671841169579483,0.3478017231037954,0.09997590157499722,0.12439325723986519,0.18096342686017924,0.17583626155608834,0.31278207842524286,0.4276077819353562,1.8670967309678423,1.2532109921216221,1.0228568341569997,1.187451905015572,1.7108060932526876,2.8949009879531244,1.0066439307946278,2.286927569894147,1.0912240758748748,7.265928900596286,20.715572998101347,20.978192067291268,8.58423956378974,7.099640462433193,4.772705029599297,15.891898252873954,35.55998185630112,35.121871902041924,9.368478602225816,3.0551835986456326,3.000266492576303,11.524816815877127,15.073131741667103,11.206738359324245,1.9568256273309175,0.02814357838399198,0.054955113983349776,0.21616308188198885,0.9471174727922654,8.359179595028785,116.69857494078335
5.647058823529411,1.9810978502399388,0.9428474613124201,0.12923738394451495,0.3182887518709752,0.16263655986711387,0.07132131252233287,0.20699628170519854,0.1853806494851604,0.20443197368046473,0.4835690157840166,0.35167879147438647,0.6371659693787719,0.546194890159413,0.14812823800969185,0.1915294877411129,1.623778011990733,0.729986175595837,5.3193630373438925,3.2299786746868278,1.5415649884998,0.2037903144257833,0.4397571747142181,1.2703847564233508,3.1618422880733483,4.710318204885602,5.80983640988511,2.635985430328169,7.856332696857731,16.52876562955484,32.1720166354211,46.02001233621369,126.26991408403438,7.6465534802403425,30.142297347765687,9.656334574949147,7.795353304231,3.8137783206031584,12.246503088299269,13.515142182779165,1.4606128687034357,0.007933896530201346,0.029147770238750998,0.050922182046212974,0.4469975239462025,26.03100438137651,16.244863922464575
5.661764705882353,0.25596588027894324,0.24520996294253888,0.1958965703410497,0.7342194752410522,0.23368055342491562,0.2246340651126822,0.1881312674977128,0.28767974895617643,0.18279304599216836,0.0601498124601607,0.18332085227508163,0.5785887008991091,0.5811979194206827,0.19756930085956864,1.5192145556168082,2.605242411882029,0.4376879364182361,3.3817314743811657,0.4817387156508784,0.8460402108214672,0.5018315617761935,0.4879737024639205,0.41159932319837417,2.1061711873217073,5.601972770956493,14.161621690035512,21.28070173083127,2.104639019832674,9.127245564078727,18.099642152430597,2.8721883161327124,13.868359452223405,11.930332800757501,20.354510871018604,0.6264510286555405,2.938210075038392,2.1382169775893765,2.4356696602934287,0.9040023132802899,0.8952620204349713,0.26629484277019033,0.01701726553963186,0.023616835762688686,0.4887439879214831,17.89950441746955,65.53056828419153
5.6764705882352935,0.4826878023113305,0.4401871521280999,0.23701330792363196,0.1314922047564033,0.04817962900340892,0.2722348819642695,0.14994075144648564,0.2817314272034664,0.11279694676085873,0.12915133913150065,0.10197389904753451,0.41070523787891977,0.1237267635198982,0.45196784081572494,1.7494692196714299,2.5459704758451593,0.8368547743967095,0.2535975370124531,0.4678411006602102,0.617295743021646,1.1227825496682717,2.949913155544203,3.652327855061955,0.5059278524347485,0.8815403819488655,3.7798014484677904,1.376131052833626,6.111780285641045,15.169183590438326,57.25333325889247,40.22199659839678,97.51773044649812,52.87037969873781,11.780395591581001,30.30922691162513,17.632506720911245,15.967448001314189,7.592051484711573,0.8804383944595016,0.07482377017457628,0.019516562919494322,0.01821476540927184,0.09982817375404504,0.23020797262471376,1.9047447209398207,19.033819994491797
5.6911764705882355,0.700909080061039,0.8685197139623837,0.7856863254900415,0.19455511751045312,0.1148917721298157,0.13709241333576255,0.15287915979654979,0.22752788145860944,0.2918938083608792,0.315430479156104,0.1663840434969846,0.25553705892505496,0.611744095838976,1.1588558505069066,0.5951898321479131,1.1083816000834492,1.2863775253769592,1.7799053919466046,1.384122967028853,1.3312473042554684,0.3733654023412404,0.28638995476601825,1.1463961633238804,0.5334750293652522,0.2524240536787411,0.1527428107268474,1.6971874773766518,9.052764964761398,9.478731902110965,7.571137127213918,37.83822760628873,119.90488147290304,44.30017365555486,12.064392664230741,7.286368346994541,15.327725189794794,17.55681753377745,2.3966922501390546,0.8076944284622286,0.12649094446108322,0.05221423359495187,0.03755686983598319,0.03528664579543331,1.1788561270451927,17.522060772177795,10.842218495652737
5.705882352941176,1.4904191288060424,1.2432788145415512,0.2687620756943021,0.24987635872663794,0.09185674679576389,0.43380635215086594,0.4555555391439964,0.6102062287959671,0.10500625028233238,0.7299129795521622,0.7915224157884977,0.13688684686575037,1.426447817824405,0.9105721640350619,0.9937841192107622,0.8941376831654406,0.5689515051789601,0.9588178370443093,1.9064166046991011,1.4098858175829927,1.1850310519769238,1.09181806426785,1.714664582465472,1.5861598956670369,5.014782602929539,12.41645780555546,11.49810016530828,4.1440227687480515,2.027826819533338,4.596852749796097,33.31880554476802,199.11501435217974,22.77502128777884,61.83624632981966,70.44233434495338,23.72091843055594,32.68657024297326,6.423738405395035,2.241840213025012,0.540031885303949,0.05253432277762285,0.010292913742958952,0.017718040709850773,0.4565770161242035,1.2511554035322212,113.87848265473232
5.720588235294118,0.36024594046838937,0.6657059909551629,0.4145447335265372,0.4990746819330065,0.5687220572959535,0.9072384786601855,0.24217786897612742,0.3588834313877106,0.8163851991376804,1.6296136831021484,0.6525915762328991,1.489187884907456,3.5169020954166026,1.023965023358438,1.0398992574131711,3.635832448208454,1.6423040231702646,0.6605772128778689,1.7830147067814448,1.031597962783139,0.7331051834424197,0.5365233571584744,0.7713689335066876,0.9623991747372337,3.797150886566679,3.090374015854394,0.9132109716192256,0.889819954077421,0.5455047523315093,15.183712120378859,49.76125389078875,160.08050212268589,125.6324051249791,44.3246936405765,93.43063781581176,46.00657091132574,56.366888264974754,18.324776509210267,0.138643580360077,0.17012822034651465,0.04507583030744255,0.053611598669584995,0.1034914597271905,1.2071386407377993,0.07867367626309849,9.47518844987405
5.735294117647058,0.44063756179235086,0.4371936983123961,0.31673575945113147,0.22820517007503938,0.008576027530568617,0.17683714625940866,0.4724669975953867,1.2641675633536749,0.4459765775175571,0.5583532228932481,2.4655844869771077,2.7090644515871594,0.9019241140077146,0.492876218229323,0.3847799519627146,0.3931148449224172,2.605553984441446,2.631152645687267,1.4857439449801308,1.0414297838615845,0.564571607806057,0.22330923281665307,0.48316628870569855,0.8668724849194855,2.1241190262357197,4.746025606904928,7.16422875029656,9.134120953669118,13.295327163454893,20.924620747494245,57.812333542355354,51.35037874360902,77.69974942901564,330.4372175993313,509.16699981358886,273.8585100883077,78.62736168438177,9.442563162678091,0.11159112388667022,0.08007050903801906,0.052467687925038746,0.0216940137946497,0.004401351244514523,0.8943228878203856,2.928043918888312,7.85415290150507
5.75,0.44993701119339513,0.561630821230436,0.5856738174024457,0.7191085785731852,0.3710810511280922,0.1263970009164386,0.43535271114277174,0.2523900410768873,0.36156402049662584,0.32228553202331245,0.8317281106033054,2.3738260702876106,3.244019368766341,1.6662417774973477,1.0410947437197506,1.2058416917844275,0.30463305682660435,0.6757712431674512,1.0286325609562053,0.3862032556265974,0.26258510013904707,0.22415240619982663,0.3940848307139329,1.226525047125322,0.48131287217298324,0.4901322507150154,0.8192302173302028,2.0420164511421763,17.538196416164055,48.0295791831405,17.981391860539304,43.93155896932902,45.866416825994285,28.935048621689493,41.602204000481265,24.13479374146518,17.317798661782117,8.457866127158399,0.9183818192938155,0.060382319751580295,0.02562360710006488,0.022889707636545485,0.10066495995283498,0.5750901643322665,7.728894218336758,49.273649920565624
5.764705882352941,0.5640606264016658,0.46884372051279544,0.3756297212796653,0.13618854445547662,0.25438431141714274,0.5474860895416593,0.1749837356517805,0.8070008739150802,0.6767548735607469,0.6762094457688815,0.4642999248583331,0.8058628210251814,0.9453784535785423,0.14247699803480043,0.2166866418331294,0.7259938542039639,1.2259025394564822,1.838736506301753,2.7225158892867563,0.9662149808925371,0.2862846826881832,0.4252884916609947,0.5521992461462136,0.03645435087625683,0.696479427035957,0.13151594857716478,0.12255182441695794,0.7932367763713974,3.9696537287997313,8.195973899849069,11.784574548691058,21.394675907604555,30.590663656200007,22.029705375024115,11.566907955116598,176.17768722452283,356.752364612635,97.31971495951082,6.184002231103222,0.07338554090077505,0.027614404277944475,0.008111872772483495,0.017459257858181178,0.2571859147103149,2.053554946412187,9.458455682740638
5.779411764705882,0.04981473028508735,0.3836456167629636,0.7358195455248179,0.5341183027715697,0.3306472418061458,0.24076872646167374,0.33814463611612444,1.150826573925367,0.3980258677242304,0.4939072278583626,0.74448438475333,0.4380450277676114,1.2821296700170617,1.1097541688872226,0.2793863821427838,0.5414360149960415,0.9605909194339924,0.9214261028546352,0.33891824576069,2.5999372123618,0.6840102420863826,0.23086123394488817,0.030646639779121708,0.34725148747097767,0.34363099123568214,0.838048199312556,1.0630621312238069,0.8775261124077176,2.8375008432165325,2.078859401089427,6.860430471303046,16.719646979955378,38.403964127119735,81.12918704090566,18.453337994596904,59.495721388444856,157.86588465654017,137.02225014785608,28.02745420640035,0.7575366558730441,0.03882304605025652,0.02290430145425168,0.044737864363096125,0.5481433333901857,11.519455292947526,5.07217122759532
5.794117647058823,0.35149085195137886,0.3055611699430696,0.24468517070127702,0.27652720009768783,0.4358387067316377,0.34344451920555025,0.4350591499450168,0.31776171514699814,0.1631168358939123,0.2114466345297351,0.37690242402671836,0.6849386415843377,0.44677023262906895,0.35228811627522116,0.6311921815225843,1.0012636182099306,0.34414257569541795,0.25036023430071636,0.6837105691688299,0.6168335602955538,1.2901867377478047,1.3109961750879053,2.4681391725741415,1.3308620252295822,0.8377805012617531,0.09913237098305265,0.6258252812488241,0.6318619258796581,5.892842688268974,6.156182683586219,7.7112108289744175,50.300802077423754,4.308099230043203,57.30124009542162,25.196058481580568,21.164415525705486,33.13724055957192,33.13320214562689,8.84312372424153,1.7103318921597057,0.023165954910417445,0.008909616901042368,0.009967605106908299,0.5692637645461698,5.278033584190716,37.35203894405829
5.8088235294117645,0.4092220199381916,0.23091336789837513,0.12390585512260675,0.35269658418062777,0.26869686219895234,0.06835367807031192,0.07642956520691323,0.26205152520489283,0.1339162456887731,0.11871788025789087,0.10294424346897324,0.19846748579886264,0.31302662156294003,0.3025582601541403,0.2890609742203537,0.19314210484148053,0.8263467264686724,1.528922066182064,0.5497438069637159,0.24270525001859514,0.1417321926815839,0.20675473341519526,0.3217914594666555,4.720316012198937,12.36159027652305,5.950125378708146,2.191667891471579,0.4229528283811528,2.3008997674660874,3.638446634548632,17.41216598218737,45.94629328782877,105.95932210605729,86.81426198890455,18.177063784093207,41.84978238690522,120.6884976366524,129.9730342917623,34.71238188687851,1.6040962745496354,0.06164497029082357,0.006833275421538225,0.029257489168270708,0.28246285650262415,3.780181854784729,9.097780708118338
5.823529411764706,0.414755955345827,0.14843808889652843,0.06753856164300086,0.24443223902350192,0.2400220067866875,0.2596749902142481,0.3444575124284729,0.5088695259551985,0.7007425734802214,0.8949771636689932,0.5704754538446091,0.16774648608922121,0.05489661619148445,0.12587143019056451,0.21288360977010393,0.6207950142720937,0.7621435838025206,1.3994337705073672,1.3138821449780251,0.3198551087440882,0.2629450242914154,0.10485822129609798,0.29460054784243195,1.9825813650554518,7.3846096547311575,34.64637895915312,31.16831683085517,1.8198342445756484,7.359341357466109,6.2972260997936615,6.08556650148583,75.5295646864038,35.26443938227096,16.44673824432907,28.824031050006298,26.735474831528766,26.69257030541004,70.88233739849204,57.41737083439133,3.4945008625039335,0.032498345972507836,0.003890953751493485,0.007596951142654351,0.07264631317361986,8.983816203584384,27.115839791545625
5.838235294117647,1.0428843245470716,0.7396453564019483,0.2907484473436023,0.020182850508013103,0.18456132924593777,0.08037438805846517,0.19951447088679347,0.42707970608864637,0.5482706195883674,0.30981512524664623,0.31660059821524544,0.08213526867335233,0.11045974438328139,0.2538514165661583,0.7198041821071859,0.6583005330932551,1.0359486307354389,0.4649558187553917,0.44083641786898087,0.35045207636956266,0.4141226475307787,0.6921848193003142,2.0984596608746444,5.341833148479319,5.087439039033129,1.5374234469087595,3.9936162343455552,3.4933242334986208,17.09989534203095,26.08049023753023,14.444450921925561,7.455548370271811,2.8739358532103347,7.269236973715912,0.6604972293323609,15.559163671120508,34.18220916130103,16.591341656497242,3.257100292421611,0.42758337289975956,0.11907363343117128,0.01565410827988583,0.02130847636819538,0.08155854123579406,9.201634545785085,122.4667894319659
5.852941176470588,0.8516313457125451,0.22613834328954857,0.3048895706432037,0.2606237527701206,0.14822442156140062,0.1533039557389716,0.2297873639204589,0.9573453295499232,0.4555582766793657,0.22673459284757447,0.34887441945742803,0.5112278834446508,0.4363634855941284,0.9883785946313582,1.269034809208218,1.0613427232199364,0.07893717595420871,0.49679895285398334,1.4966375808414805,1.6706473492563356,0.6026571221114485,0.7347588806414175,1.3734669889401516,3.867275325136065,3.047415622997084,0.37143505833890533,3.654528336028825,7.830782826578936,4.359025785973535,6.928771228308011,2.3665746442326556,32.34742788519413,18.331295802936616,11.181706593317841,2.38826773973026,7.205288523397709,10.436303177952997,16.743113362434812,13.300270761131127,1.9964404540392946,0.015714971986874805,0.007321693130989856,0.03190199803428395,0.021834293906472485,4.407849176077839,19.55552683096397
5.867647058823529,0.13871465658809168,0.27474380954297606,0.4947922390544862,0.17629340996223686,0.10441105938359493,0.053952584835180596,0.06542526482050076,0.5862048978349454,0.2445702698559753,0.13135258903505145,0.41062033378705776,0.6060721368217755,0.7430951166775671,0.7921724415673133,0.1893459353834288,0.5812065775046468,0.6817179314185444,0.4111331872016407,0.9141386937155243,0.4746682962087049,0.6558995376269628,1.0660544758268133,1.1412352374946484,1.9374731070929085,1.4737284683049707,5.716246598874067,19.357329865051806,17.337186514920482,7.816843474117315,2.438802795009741,4.844365638913272,31.93020583699654,85.47577735642469,20.701386455846702,3.842177906808364,5.292611924915336,16.532930477327106,1.163103993865999,19.644935381705356,5.974490835641368,0.1418452752228509,0.019785217671754344,0.024348079550653073,0.07108430301416627,1.5393493616357652,20.68280653725482
5.88235294117647,0.4051032733316118,0.13531007790762478,0.07413682945507882,0.09692175392971981,0.17220912290809848,0.46684024367375654,0.3167333510423402,0.3772880396478111,0.32006804375292874,0.19384181692238606,0.6087999770410923,1.1750247281593715,0.7835361174143134,0.3945387194871201,0.1567398649321348,0.407877929035749,2.4450952969622666,2.742851916687587,2.8230240348862257,2.080409393845446,0.3102928813271437,0.6065532963190113,0.672910256732665,1.0964281370950915,3.8921130120067575,3.614607906460321,1.9699284599602893,3.24410429287026,1.3495416206492687,4.393517512184203,3.877848694763947,85.03247355830558,35.70040656220215,12.798813583320815,36.981214531691656,55.85048842670371,26.66164822492945,104.00965225687403,77.8690719407992,6.4972563960129275,0.09826960759309217,0.023895069762287353,0.021711222339652995,0.4354742959891819,2.158593056728232,12.825421519598384
5.897058823529411,1.0869669075634045,1.005368253529764,0.32110834507428515,0.3016052586529978,0.3368456199159,0.19277911784673846,0.020918532974755506,0.27344123389237524,0.25103481359615853,0.19857319625589018,0.47237000354682407,0.3953231646823272,0.2535692750390134,0.42528516426321494,0.6481772761512803,0.46337989928254714,0.4056821733995075,0.5851221719142885,2.3891896738437257,1.9445673773600125,1.0972556838557272,1.2496512169689873,4.149624531043181,10.215742601693568,5.632086636769648,3.623902736304392,5.7705559447542605,6.4440113590643415,4.27964148215626,1.305301723948142,11.49041954040981,138.6667158979165,93.31937630096209,92.15798057402148,17.541338190831134,72.06068258611856,50.130429237942906,41.75297660781549,33.38297465690119,1.447475360706317,0.04269769876655617,0.015594012774565942,0.005869719397879358,0.5761748455370398,1.9158927616545474,22.419310784770484
5.911764705882352,1.1044911692192647,0.4518206271344253,0.3030137789323768,0.7147432485329079,0.4344491854426398,0.06913413438246731,0.6053308186401452,1.0434014019208164,0.4134259798299441,1.2928454248562606,0.37393137504219875,0.6908697478121333,0.4194178014759489,0.3347621365874694,0.18417564823941024,0.8521551900511269,0.2734387245142596,0.08118618968955152,1.1887632699403998,2.9486868161687467,1.0031026081944425,0.33565443368447145,1.9449345490741554,0.426106026638268,5.087089227924762,1.3524978002296415,0.4612494293369625,0.5766622118853533,3.2390083945209165,14.087364271006205,21.50810380630797,41.798047414646724,6.001996792637257,79.98441843844489,124.20249312655581,80.37273630912335,27.220342306443676,14.817989560397658,10.337921710728276,0.11173120008068875,0.011905986942622782,0.003451935109902309,0.02254020299915129,0.03761332506069339,1.2305319426071533,45.18410871849744
5.9264705882352935,0.9414159485884762,0.2073229231546477,0.10892173788857748,0.7076500431395076,1.4214634514126268,0.7590723145886642,0.3150802805819173,0.6904943909160622,0.4322621763401284,0.2847205942710036,0.8877736962086843,0.42530469421108785,0.16353253931291556,0.4052809696873012,0.9270306521496381,1.1493422911041946,0.752733381144332,0.8565369128659563,1.985461117413192,2.1454700128311366,0.4545722114122339,0.08835055552386284,0.7987217791378529,0.907046599593724,2.6827961345309728,0.47755785297659176,0.5918204603080399,2.3654442892008936,3.9025337895331424,4.681503106664045,9.109743520193142,48.50000260195034,134.7187593723001,266.7301817195148,78.92815555311654,179.32621535366297,310.4936607099172,127.0887576730166,4.42359661182983,0.769408292461003,0.02025128399117588,0.013119919959221824,0.09872933220780929,0.5356811320647039,1.759926519099721,41.66163227779526
5.9411764705882355,0.2751174986469756,0.19327471161973858,0.4008824823228647,0.35884443942375477,0.19922100717564648,0.16502624503806398,0.2792883754818134,0.87471597972604,0.3992234423336275,0.14247377674542722,0.21101408956484172,0.556479173562787,0.05852927317392095,0.6202679376471385,0.9326461850017262,0.5938190784625342,0.34875685842265164,0.15604662727837706,0.20278786397115295,1.0970171382125506,0.815207004353415,0.8882149443647547,1.774487830807354,0.6698690197321404,0.3816954790558925,0.3082480179632079,0.7265179016652541,1.0256790145638943,1.959791087600562,12.033592084425695,35.81904359129598,100.45725294858983,113.37081327409771,78.32169524411867,88.90752822846298,80.6371013175947,685.5293231636441,587.9209473876625,47.90782533005836,0.45541709174047085,0.09699493370864601,0.027757266960042114,0.06350906881740569,0.7219791318280157,3.669787990271293,84.82141144525973
5.955882352941177,0.2513177693262351,0.6095390311094588,0.06736862862362457,0.5413132340294355,0.3762784633578438,0.20049060485726433,0.4250579457753388,0.7519149517798698,0.15231629949406833,0.23552113121760399,0.5535096333423808,0.8977385029192235,1.024516269530874,0.6168452949043848,0.1311767471025242,0.2044591092873098,0.41451143609373275,0.7211807103420097,0.8517557193750008,0.7487710454532133,0.5747732840595036,0.3517108298422958,0.7321589470885486,0.38856524822849214,0.561575548749457,0.18073136680478744,0.2921864249469798,0.07745918387074727,1.8378699548138928,3.4258900180524297,2.4812684343624927,60.99329273723781,122.52577389069913,209.5648244303535,302.35637489011674,230.0583992814653,3.9734575820890887,20.497806450676965,67.00343120846564,21.243744570997563,0.45279917635580547,0.0022289092213008095,0.05952991715569897,0.09707756231480055,0.5169056684587389,32.67109166348526
5.970588235294118,0.5423460720012123,0.6122204945274934,0.18971043694198056,0.4859602862550314,0.5989317740465622,0.1911449190499919,0.022519971813174805,0.6858568529327936,0.34444650240281577,0.885076770203082,0.9293239398750632,0.4917716117291175,1.479318324871188,0.7965296902626682,0.08054550780435837,0.6644378622713365,0.7492637067801543,0.8380572263502736,0.29435947322031053,0.02420160888550388,0.2601918293405749,0.3281582439888075,0.133804612177182,0.6225808218866624,0.6689620416053563,0.5688695260184673,1.509466715848868,2.959410317405088,2.590220119825947,6.310547625781255,14.585259300214826,52.94630938323773,30.18776554452622,35.93844148900668,131.20380078191104,129.08070289366816,7.692688742854099,58.5212989574827,56.43492216331806,8.23892040523949,0.14156154047171507,0.1125711461104274,0.03840045559501581,0.2118900853360615,1.2833540316288472,6.0909627591613145
5.985294117647059,0.13671785830608996,0.32801407534389215,0.5046073727080456,0.21631255782141762,0.3456438915797352,0.39047511643618393,0.2714262390419628,0.400604141089954,0.5499749632017991,0.6037181898016277,0.2798522518632225,0.26901172912004556,0.22681005051960978,0.6684908135139451,0.4491900000662501,0.19690079134599558,0.6072659702201205,0.6718232371398158,0.4081753538332354,0.2689071668750266,0.2165652908308157,0.20502377559405477,0.34390382355377164,0.12295257897649636,0.4140684287053945,0.4653587668542731,0.11945532665881327,0.6285750995579305,1.7981234245680433,2.2815521853293363,4.957958200239386,64.08168015186753,115.49788050968769,71.51512035165504,40.56418392056959,60.589703870061626,21.861027853058907,19.89019780193832,9.865589643213001,0.5120684078542612,0.018433375752761005,0.0038438262146669893,0.004040929337812698,0.1929915572805483,0.8240827446131969,28.156548464305967
6.0,0.23155301848762783,0.36663585184318187,0.40849227055762993,0.275831299186697,0.18483442947070405,0.16750517632752382,0.18982452656342705,0.4998698527644019,0.19890771828657805,0.143987995850689,0.14937628003146514,0.22181446718415757,0.22118623283949407,0.1612964360720927,0.21290224344963482,0.3340885549117681,0.34692856614974793,0.3670492716472329,0.5209721455109182,0.5852656566953438,0.6580796073817524,0.851589524897093,0.9520268925494908,1.3279490662505604,1.9322169470510802,1.6505523715800663,1.6271319342618735,4.466239926911356,8.298914960774528,9.12198996197679,12.992479504466182,43.57109000348798,15.609250377955785,15.890982288566809,24.31425416685821,21.51529101361628,5.448075198325192,2.039022629850447,7.307949254459583,5.437575923112103,2.176500927052369,1.114835422705411,0.6552955213690186,0.18188184621488848,1.901739840189145,12.115091916880914
