time,0.05,0.060000000000000005,0.07,0.08000000000000002,0.09000000000000001,0.1,0.11000000000000001,0.12000000000000001,0.13,0.14,0.15000000000000002,0.16000000000000003,0.17000000000000004,0.18000000000000005,0.19,0.2,0.21000000000000002,0.22000000000000003,0.23000000000000004,0.24000000000000005,0.25000000000000006,0.26000000000000006,0.27,0.28,0.29000000000000004,0.30000000000000004,0.31000000000000005,0.32000000000000006,0.33,0.34,0.35000000000000003,0.36000000000000004,0.37000000000000005,0.38000000000000006,0.39000000000000007,0.4000000000000001,0.4100000000000001,0.42000000000000004,0.43000000000000005,0.44000000000000006,0.45000000000000007,0.4600000000000001,0.4700000000000001,0.4800000000000001,0.49000000000000005,0.5000000000000001
0.0,0.0,0.7897660384112695,0.7214807907876113,0.6712873025251063,0.6326643662405866,0.6163313048207943,0.5838233610907259,0.628458377270634,0.7272070652727718,0.0,0.775317239427117,0.753133170952794,0.7701868527854214,0.9149840319434401,1.2251620933953238,1.7594325018254486,2.2718564324994297,1.4063522556557801,0.0,0.8008807659055909,0.6958400329316602,0.6450505229135652,1.1994240408953365,0.4844145495448504,9.343907923943043,53.344454156970144,173.34204933309573,0.0,409.8871467969759,612.818538032988,493.8482916610395,175.95283186099635,18.25024219505606,8.573986773705293,6.922340266988588,4.757304806217803,3.805040348545801,0.0,2.3372604085480955,1.7594801938490003,1.3267567399058513,2.1981937844229806,4.446152005141481,8.814189304443104,17.05290072376486,50.11387844364356
0.014705882352941176,0.0,0.0728161528242929,0.02751567524221674,0.0187960879219259,0.023524863017598218,0.006858939864877453,0.005997113437736387,0.011038505336525829,0.011185880571455137,0.0,0.010243245311762041,0.01102278870460059,0.023181111337170518,0.018978282370783382,0.028281504347403816,0.14937053632220415,0.026111596686488922,0.6438127050244515,0.0,0.5231776747925838,4.518529338256977,15.880795186050513,30.811624552148484,48.7509796182091,31.708295687109448,68.1943031593562,11.202958933955735,0.0,201.29667035792994,47.47075098989756,2080.853225152021,2176.5136839401716,260.3640935662687,7.427514401355159,3.9268695470557153,0.18494205557392376,0.6469240836675376,0.0,1.4890182525884716,3.6820996698057202,4.601307287537569,0.5369413661222824,0.027921814791344476,0.36951547177460287,8.452350281504229,30.170427820398533
0.029411764705882353,0.0,0.042058456944975495,0.039215407378358776,0.01661891546756375,0.007203035299644331,0.006540995484339141,0.013475410275045147,0.004904186877503431,0.007874602764558538,0.0,0.0052101843146598725,0.011627902810671213,0.017417016231207755,0.03591501733548673,0.033891343149129796,0.005372607789101839,0.0567031782118467,0.22255322781569986,0.0,1.553886778233918,2.7392634219381815,2.0611200179102918,4.412400445106856,13.678773790874706,17.814394851177486,2.2337758366583484,11.090060213883122,0.0,6.1825861518859355,172.64803018238376,171.54977481595466,2492.785305366767,4916.011155412663,1320.188413589438,132.04929299378404,7.979206075318998,0.6360260038501778,0.0,1.220485548551454,1.0811888504815574,1.484345578401513,0.5630706243319288,0.31720855541921134,4.050052853068461,25.984069053718237,17.771742938824875
0.044117647058823525,0.0,0.013668051692575463,0.024928867451604303,0.010785131044463677,0.0069606616711384225,0.01926368903262373,0.013629931369468995,0.037541872599983,0.07031710909654451,0.0,0.04478755896993574,0.034219756521874325,0.023962179468804808,0.011370943940994976,0.08711179023197888,0.12458792044908681,0.03897575398119698,0.08716093591421095,0.0,0.34538818608566024,1.6354490085549307,5.129580667064887,4.060674652211908,9.85717329607477,38.04494283649435,29.790151246688485,28.968566639407207,0.0,4.536587533491431,41.68784982237368,101.10882575509757,413.3686746545123,2203.097270459265,6074.421497717071,6514.141111084531,2049.0906624468885,345.92381518773715,0.0,5.052480657301898,2.4544002615847758,0.8102039399445733,0.0391671766557324,0.1583666792966793,1.851288229112964,6.83005198440351,82.82947700381672
0.058823529411764705,0.0,0.06946120067291536,0.021030103949856934,0.022931820709969145,0.029878981828473858,0.042636142144097514,0.05474355843575729,0.21493451811560446,0.453824365446873,0.0,0.5285103385821518,0.1466981573341923,0.14353015941261013,0.14907539945603024,0.08591831427939983,0.23627790769894141,0.5059357132626469,0.5596514047899248,0.0,1.191447465584407,0.8272203897428223,3.2489762418649617,2.421148539273948,3.3465776313120346,10.716203546133883,31.61262728615747,26.436005645223453,0.0,10.289379175990378,2.932944211311273,52.38114406236444,56.17016422454448,63.074551322566805,505.6974895699682,452.27233196652617,3856.3009208688636,5229.404223032476,0.0,944.4050520194842,88.76535629766357,23.134504807813297,5.152658289534611,0.14010165525530796,0.20767138606455357,4.97662816889324,96.08012892145618
0.07352941176470588,0.0,0.17355120997976814,0.027841753185035168,0.10292925042915482,0.10874335810058794,0.037212437962418236,0.0851897636554676,0.03992844180398526,0.11370636515385185,0.0,0.0634685255889034,0.10414163497030435,0.40604427913829855,0.28702912431943095,0.3354247152720743,0.17945876897351876,0.0646674843624658,0.08916192958594582,0.0,0.765385210062395,0.7747783712568352,5.673385179089114,4.924633851126141,6.960277270216428,7.3877202653824146,3.181311031897143,11.409812164575891,0.0,5.577550411550214,30.50512492312629,115.66579738222148,67.67975934595793,51.55465178409395,191.5367933437143,334.55995943245716,558.3634692878613,901.4972176876679,0.0,3669.2365169460477,3839.4085712780206,1449.0973599108945,243.16081253911653,17.569196065981412,3.080406991545279,7.2419926897693,22.510832619857602
0.08823529411764705,0.0,0.06670671031849928,0.15574667593518607,0.10160859779768042,0.14353050169683812,0.31499732946979897,0.15678709488186643,0.12613973088122965,0.04476107547324594,0.0,0.2363292988425138,0.25827697001360256,0.3339948482373917,0.24429179364574,0.4859230607810068,0.4827032399315834,0.13519092120392068,0.25824657406707663,0.0,0.1787974266946403,1.5214476585438534,14.749263034582189,18.090698026674257,2.5806269292274955,5.422353269099821,40.21695966485257,93.46862250669975,0.0,20.18120050769749,63.56196673875246,150.44388665053603,15.80880326211159,93.87870659761,268.52661652617485,306.7113934026513,305.93641038724536,120.46385106237742,0.0,148.00299648191086,1086.4328861660128,2045.337650907586,430.69536036816146,8.734566566727956,3.5580092882587255,5.066590207503973,106.57387244923589
0.10294117647058824,0.0,0.1462465520685394,0.07445545794216495,0.055310712084824076,0.017421737260693078,0.06933576658377696,0.0903390305540504,0.2343976687882544,0.43430389824986526,0.0,0.09473590763277154,0.27896406349686875,0.16667582891702692,0.06864112891988906,0.162984756870988,0.019670572539303544,0.049354722352423074,0.11816405601922814,0.0,0.9020929488494804,3.175091568104671,11.239520534879578,6.39306971336148,27.404510814799288,6.504168684307761,24.59401680968122,7.358947734658058,0.0,186.4645470695699,67.47796647893584,52.46346232280423,11.123842983494706,60.030075018647125,38.55137941537778,5.2821337652653915,14.663073034171736,85.46229411888247,0.0,350.9210778443057,714.0675417984762,235.2396317383701,4.254705847960553,0.7856703397859235,0.610817691591782,2.0295450453414112,115.75257310687918
0.11764705882352941,0.0,0.04287088957829138,0.0164318363177576,0.014623777008948253,0.0549925803464586,0.02835330220760323,0.023952993868416837,0.0831635071445073,0.1024691451815897,0.0,0.045670438781471624,0.0697763259954383,0.07367731491345274,0.12850573010839486,0.19877158714399523,0.3704598290762302,0.28598297313335536,0.5751729949515069,0.0,0.8594177262986958,0.9445824542999766,5.891843049493019,4.861229491268086,3.8275062210565522,11.425924864729692,45.20302216976778,9.63585082534474,0.0,39.89957467981071,151.67132438575777,72.66492105423607,66.96897578622232,17.02002680423648,15.268913210749146,15.822398303882075,8.502206712166714,35.1686554137348,0.0,10.81727891435964,19.46489009757401,15.193175512168068,1.5227172069919845,0.030669348283803192,0.12986044165301536,5.664050785883287,35.61162681128295
0.13235294117647056,0.0,0.07446014407396348,0.031969737389421674,0.030259229572710624,0.028910768359487738,0.0645655332399313,0.0569220977352422,0.04447433726067658,0.05731781853177435,0.0,0.06676917496806815,0.03072991370255179,0.10584607639147481,0.09635483373215831,0.06763246521750536,0.11916035092085085,0.045999566496444946,0.4407261049266637,0.0,0.8569139717592196,0.6138349450814351,1.4252916274868008,4.356032343462456,34.72726786907182,26.300228736829233,11.616411747189284,28.733127477602125,0.0,4.348594451195292,68.21999349563227,169.07692313701776,49.710571759923795,5.888787051031905,19.01813468909544,21.519517286997026,34.29468056826175,22.76310932067499,0.0,4.924996227185652,0.13195037733594264,0.20457282874138527,0.08480646134959088,0.08280588851585398,0.28428110618836644,21.63237548364372,67.84460578662001
0.14705882352941177,0.0,0.0771053844341536,0.03374140441658073,0.029697325025926098,0.06349357810664556,0.04114830807065337,0.029467677789188438,0.061814030009470514,0.056621408291611254,0.0,0.011470061625347827,0.010683675841450673,0.02996262951805661,0.0679837403687333,0.08927400685105041,0.08031924896803548,0.13339057056551645,0.8329962773460757,0.0,0.545993464161133,0.15358274317309525,0.19131498803993036,0.20453767488442148,31.931024648811942,134.3658321801339,128.09243299138507,86.5673529978306,0.0,107.52899241302974,137.38322718932824,27.266117873958898,10.349703261306448,33.34404934102525,30.902662474000515,5.692702177745308,3.5098857453241616,1.7131581849915103,0.0,1.8003987976329938,0.6168972333866217,0.007626717932495217,0.006845935031656018,0.04084572903733954,0.7488301899231637,29.982848420606274,485.0116288224094
0.16176470588235295,0.0,0.024119315423264346,0.024481828214661574,0.014353164456582065,0.01744140095736699,0.01268644596868896,0.04206623733431036,0.027945904596313027,0.026278169413574828,0.0,0.03536887017569617,0.041787688910182814,0.02555562629607302,0.02717705829798388,0.09721769654896073,0.01139166735824646,0.014910682180755586,0.2150575816423453,0.0,0.23621736883451253,0.9580151051102099,1.27201725119357,3.777399472945095,1.1363499174879337,38.81891108279149,81.46248654311981,25.89201927499372,0.0,15.164156287467959,31.682765336064215,37.32837059008371,11.823426644317765,2.923019346059486,14.357779148274851,9.523338237713293,1.9855395089683716,0.3540496202099655,0.0,0.29109649852287894,0.06991881565680086,0.034075899899528736,0.005408156612024265,0.07301047160966823,1.9145262855222467,76.91444979907126,352.6177196998027
0.1764705882352941,0.0,0.019975199082415757,0.03193811069203155,0.026382436665663818,0.02271864469649486,0.012799803545116496,0.008951111554009673,0.010276954819403156,0.020296070809415596,0.0,0.022569599567866333,0.020544511548331312,0.014392876488804711,0.02142564882915141,0.18458648193021548,0.20958278528840696,0.026896600309770896,0.13286719685057222,0.0,0.3586772863987585,0.5886669195804072,4.473669153745608,3.363632816034178,17.487385432255863,2.4415702312291656,14.188714907053775,34.346158227045,0.0,2.9793201114846495,52.424037437384186,54.46279086753114,35.40357257200925,4.226720048643656,0.3110460374520182,0.3285537213334058,0.140368602834252,0.13424895716782992,0.0,0.012908527214716612,0.004463917325852617,0.0053265440895960345,0.01276162939115203,0.09676214933490437,2.389812433837969,84.82304733409546,720.9121328356753
0.19117647058823528,0.0,0.046449786429635764,0.0246818265237732,0.009948360746442883,0.004753970886428059,0.0036956237863516633,0.004126902271038091,0.003832010915800061,0.007570932925381699,0.0,0.01324935492438912,0.00647062704384385,0.017139485248955057,0.018028584917792818,0.008723687935716389,0.012170116223702756,0.020014163240878863,0.10008189174526626,0.0,0.7281895360032398,2.3982900813471026,1.427128784025256,0.8178360916778333,11.507985210258823,26.619468195731734,35.99918719323957,21.106429057747544,0.0,100.20441974618183,119.12226315822203,57.527932864095995,43.11877268664688,22.212615023267055,4.552920736284545,0.24948330354147133,0.07470671512670593,0.0044373432270184724,0.0,0.0035419715727792924,0.0063876199896485365,0.04558454783252082,0.023065983895372982,0.4468566705627056,17.624147715561975,138.82665464061853,46.295578238090265
0.2058823529411765,0.0,0.052181613942262756,0.03904007419059257,0.007737547614355538,0.008405804485590912,0.008093150180834546,0.0050776335500012605,0.008350733938244932,0.007273942232005422,0.0,0.004479164156983148,0.0027047279371116314,0.0033912269802824735,0.018549771694666428,0.028191323954388645,0.01534623215285766,0.03338396035216789,0.12775200226262123,0.0,0.45826388279217206,0.5110361892703849,2.5381594800305765,4.768894311433123,14.418025561992117,15.96306425328249,0.5381198365344705,28.755276203279312,0.0,27.714180021229264,14.226376710752792,15.737900465764321,4.013322564387286,0.43498644697848365,0.7455780111307749,0.17907874846083838,0.0159017186518554,0.002843526134857577,0.0,0.0035305316875354617,0.006659848114375262,0.01319834194453147,0.050509167391862446,0.5550920409546174,7.642144343512603,97.38870546436989,198.99026897166556
0.22058823529411764,0.0,0.023697535736102688,0.04319423673059632,0.03217355075058015,0.030887729274248238,0.013066975559164053,0.005485402313401944,0.0038372326157492687,0.005802361318826781,0.0,0.006581060587797169,0.004136696139671646,0.004239286496865901,0.003903268687433341,0.012122937127303723,0.007137034995157199,0.06022183216380288,0.16954598948552385,0.0,0.15472891764713428,2.2910246829763254,4.533871913581362,5.0233338824313964,0.6730117678028632,12.795624210088143,14.537278122514913,25.666378774497176,0.0,12.92854337158738,12.362366560717748,8.154686959924137,1.4792740898698757,1.7401848354881022,0.36015207547637956,0.05748236459871925,0.01542871439578573,0.004048840641829263,0.0,0.00149407200305714,0.002639829231410597,0.009166321537888402,0.06672999728380374,0.3296056949575159,0.2986892986187838,26.199644719924578,72.43548226300939
0.23529411764705882,0.0,0.09414022068457745,0.05676781814857876,0.04244004522240012,0.021649699450047362,0.014232701178217568,0.009432459107637672,0.004195902057995539,0.00827128986097803,0.0,0.013446240189901343,0.006992590580607572,0.008216394757410234,0.006804925004965304,0.0038664776010009783,0.004674715950231379,0.01558814457438634,0.006126901696293501,0.0,0.39291226746988456,0.4448735467500232,1.956800754275823,3.58098310567162,6.908594367112746,2.6724462687541646,3.692421701270092,11.300326436388346,0.0,1.1098794044725577,10.205244169053396,2.803621520061494,0.2352437909541702,0.05781265435243588,0.005134772238749217,0.00343187541910156,0.004017157284089403,0.0003816345737135653,0.0,0.004604509506923951,0.006942954458740866,0.0058845913268443985,0.01756864531987948,0.22905649861670607,6.031432892185892,54.059968708104435,24.550251000637687
0.25,0.0,0.02885209901456772,0.040794863118307864,0.02956179133802983,0.02164968029618503,0.010275852453916563,0.009290270416785021,0.00978110123096827,0.006861678571072866,0.0,0.0050768114676797245,0.007885421734255642,0.010047469719353358,0.010844681429688321,0.008288362268632377,0.00929381691838099,0.013996421230411695,0.2217246219988342,0.0,0.17379498342066776,0.7310787585455357,0.1279074337920162,0.7041030796062324,5.309983925662475,9.340086614182521,1.5442056408214737,1.3337738254622455,0.0,2.574307309925408,3.8715548027829527,2.5520166617956943,0.09401418261829106,0.03986804681079147,0.002957112810843537,0.0010139151081278248,0.002895618586047778,0.005983675127718266,0.0,0.0012241875539079823,0.0036999774634844905,0.006115337670468041,0.02942287598648974,0.016931703359174082,1.052780402772084,5.093919898317341,71.64420855953428
0.2647058823529411,0.0,0.054612251703988,0.01308383402413257,0.024497222397828634,0.022768717070987966,0.0069714962939907595,0.006752139383573561,0.007921610820660634,0.005415197791003842,0.0,0.0018941763964474905,0.002632831982262076,0.002902677848491624,0.002918074760413541,0.0047976237971869545,0.005217017636519515,0.04999818828235693,0.55563485193525,0.0,1.2063244449610067,0.7710033088959951,0.7269511754121346,0.2122049350708597,3.200360395067558,35.07214851036256,34.741924918772696,2.6992976103052344,0.0,1.2641414827611905,0.42920911540176837,0.11688541461879558,0.08841026624924302,0.013177983952316216,0.002082594592098099,0.00909432950746953,0.03097400910026231,0.013076612220817872,0.0,0.0027544138140176153,0.0023377933421397904,0.0018213260082965447,0.01252378417663358,0.028520181356904224,1.1829284141004246,10.34022421427709,78.92042762350873
0.27941176470588236,0.0,0.038464401087400124,0.011308120491298557,0.007474941557671259,0.0021438383227140446,0.002373122577400284,0.005611271566262618,0.006302713615514136,0.007688954681375795,0.0,0.00537842876977519,0.013266729607021127,0.008431230871868065,0.00875213916123065,0.006724612643216991,0.0027282080011159734,0.01853950705358208,0.06007563263375584,0.0,0.46277672859055874,1.4986625938459786,9.352773376855257,9.057717660745714,1.411405988764744,4.015461594174711,48.836328614915956,57.86589912487825,0.0,16.347325088001334,3.75412825963085,0.1339215584070303,0.01225237001729398,0.010458713538784394,0.001769249976717375,0.009669104628906312,0.08254926853042158,0.05171578033405003,0.0,0.004544297703041003,0.0034841104939888957,0.0031116067555352163,0.005858091668983457,0.03294106494332624,0.206594672422632,21.1120257428707,132.55901169126975
0.29411764705882354,0.0,0.03440952091725947,0.031560058063305564,0.024802601921950617,0.007874614432221084,0.005060023115024947,0.0036265765549119986,0.003208412026619918,0.0033466235854812494,0.0,0.008776202636420346,0.0037455848227497916,0.0029272759311478897,0.0018295542118277614,0.0014702094251024713,0.0019712610875939176,0.004454902267494166,0.11639326192380953,0.0,0.13556495083488185,0.04243771808658947,0.5730378170866917,3.1337162211040703,1.336756006584374,2.4824571743834434,3.676885571016661,161.6939841407742,0.0,210.07765714938304,66.01921974022659,25.00211624868335,1.6011894978281216,0.0987553270124227,0.043681662579420924,0.17401828868220295,0.20100442347414663,0.03605054260991516,0.0,0.010842482089193577,0.0015721389119572591,0.00434379395963101,0.02108683144061206,0.07281064004794198,0.497469069816069,8.708567933476257,37.19556263098089
0.3088235294117647,0.0,0.04729723129817165,0.025670713659818566,0.005784221750222864,0.01045531226225043,0.011257821022470133,0.014772048941482815,0.007684728745563512,0.002704215809482033,0.0,0.002740363420888681,0.005128886462627455,0.004508490803350454,0.00852274810171105,0.003304224742488614,0.004102802056343423,0.0059009065327518505,0.046669052473865574,0.0,0.11933280656138111,0.27323424065077195,0.09034153618318888,0.13292771635463896,0.19182889518628043,3.0202515161674284,3.9041649681257855,35.035490503121274,0.0,205.86609874794743,446.8648964902352,45.99548970723656,103.66402429799274,21.625389274395207,1.0637913694036665,0.20722919216502572,0.09193207774192413,0.026217756939631343,0.0,0.010600306917256278,0.002888336926780863,0.0009244132997949021,0.0034846824365079437,0.003362323109771253,1.0647026461503626,14.88509069704876,29.62796323809554
0.3235294117647059,0.0,0.031721794672371635,0.014346316580659896,0.020686807104726243,0.005089684534608795,0.015405274630385083,0.008367889644771361,0.007351958993121183,0.006551727911046122,0.0,0.011027410107146798,0.015000552587340362,0.005269171584384022,0.007033553616197051,0.009450775730856559,0.02057966867258937,0.015402564576199476,0.12145358487701591,0.0,0.16417831366354452,0.1791686089547828,1.294183916106977,5.927281251618778,6.122522253215601,4.906405514663728,7.806159880563191,6.351985436813493,0.0,4.544073387091017,261.2094633970694,1465.8200430814777,1371.3054845961005,401.459611098482,54.2129076952325,6.876898803861045,0.2720243344383285,0.34598335409112513,0.0,0.009833681281052914,0.009063322975318863,0.003217139426876793,0.014312829363895378,0.18155326390486543,2.218753731581055,13.33004363727716,159.20979655702186
0.3382352941176471,0.0,0.03574417189070425,0.016747464941945893,0.009513412094244167,0.01861255161566236,0.024158355998525644,0.01849373012057533,0.02198190675311554,0.012709210306146081,0.0,0.004068832544199978,0.04032318857388188,0.03366900967054176,0.016347108894937096,0.1276506553289514,0.4099391143977582,0.5972674521893612,0.4348291524066637,0.0,0.5901547772220093,0.14642284225432964,2.531618760061008,2.4122187467530187,1.1842204515857364,0.4894524883021382,1.5727412875725064,2.9776629430927803,0.0,25.575597542552867,52.73593870666227,126.00870981786875,958.3377534455029,2338.7869817947103,2246.2454450684745,410.89664061694145,12.899293748346043,0.5039136385941964,0.0,0.13393463078002296,0.04428454295255799,0.004888388572230329,0.015855455902995096,0.022639848151592992,0.05729190734175263,26.5012891682586,168.7435573796049
0.3529411764705882,0.0,0.055742593368687254,0.026104920048256087,0.011607478927480758,0.015228017363879125,0.05261764404359821,0.05540812109258862,0.02487784291160329,0.06401899068663446,0.0,0.10691604067537941,0.1162329868138956,0.30807273787063805,0.1785762992396125,0.5233196590880156,0.34422543353098956,1.3727425479322934,3.029444606806194,0.0,1.1680627196357056,0.21362278729626388,0.7814470393727844,0.14977177968777025,5.554112543688749,11.623277230344671,3.4458201248856306,10.990795611733963,0.0,26.159603160746897,11.227191503487365,14.31310276577824,21.88537763069053,680.9796295036085,2845.1824950791556,3509.8777762729706,1696.343628285752,716.3513773704528,0.0,117.40466488863959,11.369928152632756,0.8717127661576446,0.12649548619237339,0.21483910460961045,0.7219875060672842,12.604562325657803,107.06103364791637
0.3676470588235294,0.0,0.06646813763573113,0.02344907033727061,0.044120772691573086,0.0359178960052383,0.023414824611719096,0.09855788379298018,0.1885238261370515,0.08997673551869004,0.0,0.6653461489928729,0.9635472103579008,0.4793095881137709,0.2596867831022706,0.3810872969383735,0.566047153321099,1.0004985446224117,0.8251225318724698,0.0,0.4345000392135706,2.2079222735293045,8.127524085407973,7.705147452561619,18.082635785294677,9.145649953930576,1.2720695411085758,5.6288879795977325,0.0,2.1745128652019,0.8577093956081039,13.455339787263753,4.709799655367668,59.144036965077945,110.72277318741868,277.5527553529889,3949.6303358317646,9540.958977888693,0.0,2776.3265127710692,116.06729777996406,2.010625610337514,0.05065387003936629,0.2890716944716575,0.16107649795781293,5.9137395100812356,13.702706101490268
0.38235294117647056,0.0,0.3071269696443739,0.11211851683050036,0.0705036418649168,0.03139807252894947,0.008632207087928296,0.052017030549906716,0.2184888191745589,0.25837483149198187,0.0,0.6346264156436092,0.5302124947154413,0.29784288591087177,0.33748696233084235,0.27917531489789127,0.21313574808911112,0.8225303149548572,0.15470786289338329,0.0,0.9056235774836083,1.2135420015200569,0.2326739167070539,0.8877076283587624,2.3320872839591775,0.8669277671794453,7.003973462930404,10.005844706174916,0.0,7.959331619734798,2.709512203746809,29.80946440549999,577.2143357354804,1039.4066889204435,705.368712432361,1496.328200906678,521.9990094938637,3495.494139017618,0.0,2478.7904113774593,125.296647017131,21.96124037574029,0.1451033525156728,0.11828597000433509,0.9111567337943268,11.504394553419031,30.45225811657135
0.3970588235294118,0.0,0.6114013711719396,0.3363763067302452,0.25774159501201077,0.08439482894673889,0.15972914486654166,0.1498330993577524,0.04970744029257115,0.04971701812606361,0.0,0.4018211236905361,0.4789155441094293,0.1207574708591358,0.25321402533163206,0.45156117829096115,0.6537413070351618,0.7478877624665181,0.32012951135831325,0.0,0.44584440063199615,1.3022943044172726,1.5216089826889219,1.407313719340975,2.8943043040084064,4.351766211583853,22.235454095784355,43.829314990309825,0.0,13.487294670441878,9.078747382133248,261.46355101521,324.8226511144487,38.82296871568686,242.43197526425638,36.48928965318381,596.5042444228307,126.64522830735581,0.0,484.9126754150218,275.17073111825675,4.542795936133038,0.4884606938238881,0.42163975937759557,0.621508163771413,2.481357983615985,109.51953945292232
0.411764705882353,0.0,0.03748397361669332,0.16406262215775658,0.10586309117608433,0.05084500473286746,0.12028834105188278,0.06662970194134009,0.04009163322288439,0.09753574951745307,0.0,0.28847750273787703,0.5083733398076726,0.3895680244412463,0.3052179775698881,0.25326902562417297,0.21575377124363712,0.23089774062464144,0.17938307338252057,0.0,0.1603307140951614,0.5730845348336975,1.2179867079458284,3.151775284154627,6.611233601752836,7.5092183241047525,5.933518934503859,7.095304177130076,0.0,3.0384348140795048,17.97856732941741,52.43586046422499,7.124746219366562,162.18964054370846,455.83486279352326,909.1012008496436,494.66907552233613,76.37792974211817,0.0,25.9488339833448,33.842841893240276,1.247003552388777,0.2667926047328459,0.10391804422839104,0.3362709428915337,2.3866744830049225,70.73237899611472
0.4264705882352941,0.0,0.04655901023679046,0.07479002900969468,0.048568678301562446,0.030417200752854662,0.03954327493838619,0.044390119753084115,0.03940623923560561,0.00778106902497391,0.0,0.03422782246700573,0.038378579979714375,0.04380684565091281,0.07580155416745787,0.02480069589421289,0.28239367262048787,0.30600737346868234,0.41849290469743317,0.0,0.8668576023131536,0.5478338017862592,0.8836776627099698,1.082263472643441,1.5629055492525386,13.465459298886922,22.489411381331855,4.745828097484809,0.0,0.898737047058981,9.624044861555802,3.5004461527659014,2.132303471105614,81.68803302433216,58.40985169103449,33.13931003982968,51.53689588312618,3.8207468380996077,0.0,7.046167401152632,2.5734646950462206,0.21434164810627343,0.05235335250309181,0.027984757643811618,0.20936075872337506,7.101121318734382,74.01104653044104
0.4411764705882353,0.0,0.030004881956169564,0.020951092801869912,0.02729436559769411,0.02006810759531901,0.00924294222435431,0.005499089084027093,0.0023897729236380194,0.016188446414963416,0.0,0.03878487782120342,0.03641276348535253,0.013777524368550556,0.01812169001381765,0.017331728523797607,0.024975134900880186,0.09583446047972449,0.30736621080237575,0.0,0.1532441753328535,0.009863666175124183,0.28766581622263965,10.556452748385482,25.112660907436954,1.4553260112737973,8.974515147860949,4.307210171728792,0.0,4.144555828444156,2.199046621562169,3.880708824582389,4.1014648729903005,53.639785747112754,55.04426625337844,24.6592966808948,22.236208421986333,1.6647924713891673,0.0,0.7599393453965758,0.046286718507729474,0.012963483190422927,0.01112927078678744,0.029142658332164492,1.4692791899093443,16.211361058315546,82.3258826970347
0.4558823529411764,0.0,0.03586831470018853,0.09608285919151768,0.06303787638483124,0.025439646772181447,0.005939916765592609,0.003914385793480981,0.01950469775853609,0.01171777084846324,0.0,0.008543161623301494,0.004349638691478776,0.020132571068629614,0.051876843189685586,0.04354954420059493,0.024904296239152357,0.02406743704142825,0.009994229737999795,0.0,0.07977426458374322,0.1273548850514234,0.6097547590132365,10.284482912945716,22.862875498064795,5.984681105200796,12.709546066760224,5.5099310068755845,0.0,0.39091522965935754,7.098974904665958,6.546767784696428,3.195969798096116,2.378398681455693,5.755750575912558,17.283012566341892,5.475290540066466,0.6449855282329084,0.0,0.0581028405951754,0.02263522324827585,0.003181742977230011,0.005201956382268438,0.04295071863000245,0.03906621477785381,54.52433892905749,309.99480028405804
0.47058823529411764,0.0,0.023800991930473962,0.01933278259005266,0.0255064199340923,0.0057533002824648035,0.005775370998592125,0.006895973651071032,0.0042269639953431025,0.01136173506788911,0.0,0.007880506305645347,0.00795484617315863,0.0038831763857913775,0.004490007160134117,0.005714575635027122,0.0074229086058696225,0.026855432740055418,0.07945873773451545,0.0,0.20957796680485224,0.5844601885134864,5.134861234725488,11.38375470179895,9.611337737692953,14.261358060598473,5.055349441019329,1.7266448079530399,0.0,11.859988670381686,34.032479933637845,10.922594927480016,10.915455054582726,13.938566222270092,2.9020483392419507,12.16707786315136,3.806611736884068,0.43116656955199045,0.0,0.028137332960878163,0.0063946425693768615,0.014255349415803337,0.0006278788016301089,0.062139572020529645,0.7285442730331324,32.707893985284386,68.76306644251434
0.4852941176470589,0.0,0.04711990867420339,0.010019292631196325,0.007330705176123813,0.0037448650152719473,0.004681598391705687,0.0015490976269237728,0.0012657284852219592,0.0023748586528188776,0.0,0.004358511128956176,0.008811259489936022,0.007435391927912689,0.008541797166140477,0.0098207536510098,0.01309772587883176,0.022792394654806338,0.09858602382597959,0.0,0.4022585716640417,0.3390112224548326,0.42570438853570647,1.9467857690596255,3.693028460899378,0.3132283314462688,0.5038368105547786,1.2891207361589714,0.0,10.388508392275664,9.665794238140831,3.7592905549246387,28.215368213396722,13.233072416555343,2.882434197627961,2.7516515512155646,0.18243348474761945,0.030605799384378803,0.0,0.008805208417457525,0.0021399161383924004,0.0014956486437805753,0.015115445149011583,0.09761767147908106,0.5157343674693928,1.3169368158804278,7.098557356334702
0.5,0.0,0.0586775692794681,0.016671547493218954,0.005529305743552704,0.007159173178780729,0.005576447955348768,0.0037640228917851714,0.011285326055068948,0.01262973713620963,0.0,0.00796891743317828,0.0024883155875500868,0.00413308700081062,0.0026809692798074247,0.0054666143489307,0.010963541294339567,0.0485629501804477,0.08012564006081754,0.0,0.017191217762558112,0.14056726465127295,0.3065957287524624,5.014601775186531,3.3231200441730944,7.982718462837865,4.657052442333023,0.20964391043938446,0.0,0.24386387110126762,1.5347180316114422,9.155618587598802,5.053245519088714,0.6631174582598238,0.7815153660790741,0.3043975615921723,0.029150528295464582,0.009367008423313936,0.0,0.006187667979597134,0.001568170956512475,0.002074512614446176,0.0039305158127847396,0.009655572935548187,0.3786526094173377,9.786733817862006,31.47044342555525
0.5147058823529411,0.0,0.01927644911355597,0.017606824070911072,0.02606869920397074,0.014158634397433418,0.005394195173733173,0.005304838083705488,0.0059957648962139665,0.0049814050071681805,0.0,0.0041548634694657995,0.00927487979489815,0.01915598532292582,0.017709024039976165,0.015006526896524599,0.01995836089506317,0.024169384896151565,0.024938288501416512,0.0,0.0059642880420223985,0.02988086330959533,2.0169347804091853,0.9140721252627778,8.755034085262317,13.003110681186513,0.8726319636173514,2.863203592638407,0.0,0.5915847130548536,1.8654797887147678,3.4523939903471748,0.8938747688631272,0.008948048928494223,0.03345807998691406,0.04079038678023045,0.021574314925270854,0.006761672826642897,0.0,0.001237809431103013,0.0024960014803876145,0.004061241608026521,0.011578805415144857,0.07081787313594406,0.31545830209760023,19.69853347451308,141.20630164424273
0.5294117647058822,0.0,0.03453995592970118,0.026264750717148132,0.024883663495384616,0.013633792016922629,0.011266965700314541,0.003898480803798264,0.003968377131767099,0.007279259810242904,0.0,0.003135426190361278,0.0011079848704262307,0.0022721087572645706,0.0009206727865446975,0.0017665069897289185,0.0036232408735369973,0.003243526802701652,0.032746969834370455,0.0,0.1048133591262837,0.01175854016196617,1.998059135516681,2.570213767569163,7.711459563375165,126.01275921152623,167.36037953574652,23.465174942993254,0.0,0.3132177501145411,0.591214147691405,0.16657279411798548,0.053665460801738625,0.007061954388002344,0.009569308679050646,0.0073040125398495265,0.009663086982166103,0.0029056759452371133,0.0,0.0005904546000740681,0.001219281880545468,0.0040376978321918335,0.004968831437439959,0.04798035970835178,0.8206762614884261,7.21761100035008,44.744284729542635
0.5441176470588235,0.0,0.08572058090401995,0.02671964202873243,0.012460105346628843,0.006249075720514794,0.00498271543508196,0.0014254881772679728,0.0027396316729340602,0.0027684455388596076,0.0,0.00305688940398591,0.002233505948622995,0.0008407682178757092,0.001506045753900652,0.002704193699774623,0.0031944959591150277,0.009785579042169645,0.041156567900225455,0.0,0.07017078454560816,0.3281758146259688,0.6190335268722731,9.47635777739527,10.017012469229023,24.263861618782613,425.2800260605118,1178.2105400816229,0.0,514.9516270968486,117.6204635176688,18.94922532160369,2.728129304489227,0.5319165450762704,0.07735783718935216,0.056127602983948754,0.002502761212224318,0.007865799459777015,0.0,0.0021604778946430836,0.0051675350492972425,0.0009835916610856739,0.0015331583463327333,0.03897450361917039,0.34976384441711283,7.317420904228644,80.41901699440899
0.5588235294117647,0.0,0.03093963631471962,0.019166535557880796,0.01534676797725216,0.003917544430694489,0.002648288981046006,0.005469878604713719,0.006420288595656968,0.004385295360399307,0.0,0.00469083133291549,0.005416449053503271,0.006951394961487901,0.05299042187129103,0.10254733876330507,0.029504139357080968,0.010895417712497035,0.013781095372108528,0.0,0.08955315565988783,0.734412424276975,2.0257647670693752,4.1997084067523645,2.6916380248967355,10.774579881242778,19.346506705783426,202.09699741755838,0.0,1113.215973013745,3458.9161928306507,4116.100446928824,2348.212904707332,775.8943040848073,160.63895105205967,19.56533957158397,1.46798993180629,0.3233823283676307,0.0,0.009786777060546136,0.013228716831569658,0.00579839841685847,0.0074729210805363,0.05410043808488123,0.2094530505754995,8.21615487343498,6.174932389585007
0.5735294117647058,0.0,0.022397762654953562,0.014437768032207692,0.05164154369305702,0.03911278171047295,0.010437244358730904,0.010395415190946628,0.005491858894320034,0.003783858932035651,0.0,0.012221905750591226,0.019232978587276222,0.02456663383824323,0.045867156884032693,0.2519012773641563,0.19572478586935346,0.09271248980369028,0.13256887527369582,0.0,0.37020120448338834,0.4604840971426411,0.9151366266919377,0.693808153311573,1.4335058681791346,6.220594463581257,3.0236073990076884,2.7015539725202338,0.0,16.95555619035986,4.6296552145027405,98.60930127015584,171.45076625390448,1291.9133347940397,2505.4649261591408,363.044585063205,21.577897373815453,2.777061431097275,0.0,0.7164358083486714,0.1528950807395188,0.032999538341961884,0.0212912262485231,0.08436279298688672,0.9881820866389093,22.86106889713396,52.309831281651235
0.5882352941176471,0.0,0.056445379576594804,0.007288638159022603,0.027910385994626186,0.01502717531099437,0.011049361423862692,0.005955070485481304,0.02196250348902299,0.03253486055015623,0.0,0.017364789413118753,0.006697837486382675,0.014854372800149007,0.03375493869828229,0.08129180717144535,0.280296617050084,0.1642742290493005,0.12864900329825266,0.0,0.45907468917135624,0.13188995289889,0.4207513444468517,1.9287564233369865,4.414196075614029,7.015319336272316,9.503591308043305,11.826256303535793,0.0,3.4754755203220027,25.019426034483846,28.277700827821462,116.63928409265787,798.1805265694567,4279.560595143127,4308.049793024625,889.566412304901,9.648235762761757,0.0,48.24116800835407,1.451115415947572,0.41817134806286416,0.02726954564839102,0.0343582102099006,0.8194361604194803,19.949189416699717,72.48611792066168
0.6029411764705883,0.0,0.13057535904076284,0.04943611175288257,0.011191081756866556,0.015387118346348694,0.044329802607785754,0.09433613192973919,0.11717397725719547,0.030151799844036948,0.0,0.020988879758133384,0.10512910064933109,0.38177744423205107,0.6832688390121555,1.5722135552739065,1.8397785822694486,0.6464933690039912,0.5072194745294816,0.0,0.9496668100300552,0.3410083387470376,3.6796127972374135,6.482092460322548,11.778189694512292,16.850410063729246,2.615392732644999,8.113718410562232,0.0,0.9736913172689777,14.878498763876708,10.093370545391716,134.9932652500947,672.9226564087933,265.0608951028858,2179.357240281535,4859.405630630821,2643.371183397586,0.0,477.1621730163473,34.67812563034034,7.24921532680024,0.6996271284950153,0.1228105772172059,0.23584678631431472,26.14307507488717,165.74265292401043
0.6176470588235294,0.0,0.022720332954616434,0.13686077337804886,0.26098535520351634,0.19225578764271836,0.06435119217028619,0.05503723778833134,0.11973669902565041,0.37484159907767367,0.0,0.3081850067405948,0.24375396756693246,0.16642887017472854,0.4852673218750144,1.5223757382671605,0.7284212799100513,2.707625094387903,1.2315038014745006,0.0,0.20821682630760055,9.20663080502365,27.10685852627176,30.13476695338121,16.87158071442964,2.0825149656230026,0.7707066739534957,17.082322987516907,0.0,12.40526793324875,17.520418614997833,53.190979041455606,6.239256994325504,131.11037656234782,73.45034533869327,993.270732826046,711.6880799098203,2069.9889928966154,0.0,3042.29834223306,509.9506674481428,6.659208885470157,0.4455908315573147,0.09701242089238751,1.3974120358850526,75.69748476487385,118.21746440988613
0.6323529411764706,0.0,0.04951911291035424,0.09714184105915312,0.03480900044893868,0.07910623093577795,0.09054862511555356,0.020785356442468667,0.07159506643457329,0.0810952199227655,0.0,0.1380328001445664,0.1370143919325334,0.5643669332275351,0.8001518061391821,0.9422588374253407,2.6933663204575153,0.3730809618502383,0.09329392812583853,0.0,0.2866193066093034,2.0618324952670317,20.217473978956598,7.071570142695382,4.288291522032876,13.202078297162283,4.626621704074667,9.331700353057403,0.0,7.9617504430105335,16.712880249351556,23.39053620441546,16.739136367389055,57.506118358188644,521.5907052752424,1268.9028184901504,1659.7802965627359,796.1392379929923,0.0,65.40203370847749,584.7693031669942,124.33891843911289,1.2329165381379532,0.11183969565654561,1.5120329521178966,43.386902313840906,184.88632550096924
0.6470588235294118,0.0,0.2981605795067849,0.1581494258750627,0.1640437338857284,0.07272565555649947,0.08353260040349895,0.13580650044577347,0.058467129501467166,0.2582988097516012,0.0,0.4300541447007093,0.630547108543722,0.7613656312121648,0.3714164462797505,0.9552146423896408,1.7319568893414274,1.0828290583130031,1.025887029303152,0.0,2.619096312566458,1.8574418789994371,11.449279103043143,19.736967244727982,23.308428154662955,24.23210883978431,2.0239617914341745,34.81995443336743,0.0,15.013070248501789,6.8532820812641955,7.779016302512995,7.202145184528609,31.33835029815533,13.390702225347571,58.724723306079525,147.46301901466973,103.12913044971636,0.0,98.4490536022989,158.67250043953567,24.53957062611868,0.2839641437277762,0.35489997756218816,0.14500474619940734,7.394596252745052,66.59809835561403
0.6617647058823529,0.0,0.028580156319856016,0.1017349511282851,0.08275896278176002,0.03473249900350871,0.01548944234983063,0.0815927285769743,0.08156570478906329,0.12119998214610792,0.0,0.13808645833828959,0.11544260895307215,0.44047500442742227,0.4220702683337147,0.18368448482157573,0.24942720300826643,0.2396647031522714,0.6674403092649294,0.0,2.431941241539143,3.64960734293858,1.6712482401312956,6.8986484616188815,33.990688022302066,90.82999330657766,81.83670945070489,27.056540700574065,0.0,50.63048969556496,24.445302724779204,3.2800302430407458,16.257076298153546,27.085548421336632,9.28960374311636,146.14541668165884,130.72626762544598,24.69834127639583,0.0,12.425090034322231,7.820269226806185,1.0130499758690055,0.043711102775008275,0.2971664724697633,0.8836026355981856,29.72454391150832,258.40011678900333
0.6764705882352942,0.0,0.054728354877157874,0.023979054248231116,0.0092930106349902,0.011917244926810849,0.04552926056646564,0.03881502868511977,0.020948063036953197,0.04293041297666213,0.0,0.10747929217396182,0.13846796017907154,0.10611020687578157,0.0811639638180505,0.11821306100553036,0.0857172988995685,0.05957404238469944,0.39402294102209373,0.0,1.9792389674771518,3.215054321201386,0.8582948688810776,13.76619989573754,29.86792937856091,16.465603067199794,19.209222098383556,89.76736674935336,0.0,23.956219696056657,17.46197660352703,7.470813979263294,4.254362281157098,16.734649822720407,22.737640642500015,3.944659987151738,11.01930682448263,0.9883947037538836,0.0,0.6189347763651865,0.09845960757883176,0.01452198060730445,0.014085952119346443,0.07504206779063968,0.07728739888064445,83.5831193164766,279.5012816825737
0.6911764705882353,0.0,0.03981692631143187,0.011328217559072064,0.03559553224890598,0.03294231969237124,0.047758039762937375,0.0389541039778415,0.04876694914594598,0.05195080926806475,0.0,0.03315134351150794,0.053372242187624166,0.04626197445465999,0.05594624068937706,0.10795732773731292,0.02511713334002322,0.07309773569768813,0.1845607930815592,0.0,1.630015097109653,0.9092091812917975,3.8321946058863348,11.098719566470502,1.365601108676409,44.609212940283804,36.89845543739998,9.291616104817683,0.0,20.82383143917829,7.109983664009308,1.3153906628634946,3.1040777647140083,3.050130026226626,5.689681714258571,2.81673827652616,0.9394221631331605,0.7472259129170966,0.0,0.07574990254241967,0.0062506161546465,0.008416543416205218,0.009759009228960981,0.05098016956022081,1.6986038456086603,18.359830168525896,366.04629048313905
0.7058823529411764,0.0,0.0387817911245487,0.015520610791355714,0.018472270039148843,0.0224707696078688,0.01147898956722613,0.015761268334902906,0.013798801292642849,0.007469164304693854,0.0,0.02479092659844208,0.02834809731209545,0.014707663534282073,0.006287442235903825,0.039876939902762344,0.03609166848091959,0.2779227030206067,0.12454490686042695,0.0,0.05047682667478743,0.829183867309399,0.19719048000021194,14.694857658726583,72.24352563135602,91.66949286850434,14.182332663264166,2.9532919346966353,0.0,37.476890495834276,42.38871469590635,11.263486548035871,0.4973195874378025,4.070532853003238,1.6593911578493725,0.6452291042513868,0.1787921114366905,0.0342487578435101,0.0,0.00850596759565761,0.0014967451028868022,0.00786141576558809,0.0026979995497654814,0.030097185996606005,1.1327150939770507,9.42714464649102,51.63744610825335
0.7205882352941176,0.0,0.06064161525831012,0.030024663290463258,0.007954040830963502,0.005856097569115348,0.0035090776341346274,0.004356463098051605,0.008128188627457514,0.01864017637944005,0.0,0.029717172812718164,0.029632952207554818,0.016325789182831087,0.03381034193867515,0.08927340083671675,0.17405927506345686,0.17928371235278784,0.34419556717774613,0.0,0.26510103847651256,1.848264977627697,0.2213763621641881,2.32258347364277,33.947267351646154,19.105675544584287,9.277301474933688,18.116857305327787,0.0,41.891208521755814,26.84409428535868,17.320946155579982,2.217270942653381,0.4282388701582901,0.05207623625135355,0.11878452539328105,0.018326058304171562,0.01507658562061932,0.0,0.001721062723695503,0.0013754920890535556,0.004820272449650485,0.0128646935128125,0.13823796918545833,0.5378779887649887,10.369557312634209,76.90608756413565
0.7352941176470588,0.0,0.032006797013465114,0.022412423233689492,0.01922833737487952,0.005542512056765455,0.009817358431931768,0.010251218673829568,0.007439785580344448,0.00514879703563419,0.0,0.005754685364684594,0.007774166105857483,0.0104244128836594,0.01786914461950028,0.09256624605012531,0.09876298738328362,0.04438985721113533,0.1483413647693866,0.0,1.312623865422649,1.4160086769993865,1.4206500376171682,11.297706348214753,8.3318932100613,16.32958869156674,7.42307211213312,16.162344991310828,0.0,10.185669895822148,4.389164240674041,1.1884810199784586,1.4097729719941543,0.320830882371413,0.2779053297666462,0.015508891556099332,0.003532158323264022,0.009778001333344135,0.0,0.007927072202205718,0.0009126809724565221,0.003043831323240421,0.02402585758341302,0.28011983722323236,4.6972246035320335,15.94742973219839,5.940236218008119
0.75,0.0,0.06062101743991585,0.06088157538225655,0.03861506274989446,0.01259810056142642,0.0035584266786062796,0.005450058977277128,0.0031757398881184966,0.003407125676056041,0.0,0.004093585837996844,0.01227825805957489,0.02122183844892909,0.01961396619402683,0.0569975058112058,0.08754064188782724,0.029798167534603272,0.08604372201957058,0.0,0.07625089441115546,1.8986470938856876,8.499090527283851,39.63884638434337,10.049271143447768,66.50849767422982,73.62879499501001,13.950562291910423,0.0,3.4435170154914676,0.8057170111781835,1.2765160917648453,7.283700509796082,7.427851518785383,1.1809656156801864,0.004069609808395269,0.011214880448533266,0.00502329775271038,0.0,0.003116657885114716,0.0017870876924938215,0.0026649179917857513,0.0070467103559383485,0.012578239166475656,0.1892154952183495,4.160579701301374,33.54010725917465
0.7647058823529411,0.0,0.04474705169197769,0.006493295938796205,0.013173689229826605,0.01012806910145076,0.010401964148385788,0.0026932127240196497,0.0059301368443137785,0.006223282738942634,0.0,0.0044890599212477796,0.0022034315972661467,0.00984511180458749,0.008086635951140708,0.014437288915622924,0.0358182257954636,0.0299102331101175,0.020030580328346495,0.0,0.06597657604934157,0.3034403838132802,7.248072687661653,3.9568852807907984,38.020339650546276,220.39675264308892,293.6899752392573,76.38799242512108,0.0,3.733899433481051,4.721831578970942,0.4668334849964074,0.11406849418119375,0.7429186834616445,0.5075486837413954,0.010269593358715402,0.003369126351935195,0.006638468079755967,0.0,0.007346294800221659,0.004420689784529172,0.0017201796509469685,0.021676796709374228,0.23355851346279483,2.0819715483402454,2.0235567591154417,86.08579502647945
0.7794117647058825,0.0,0.04988728344992628,0.02401196237642128,0.023339240678155758,0.019680698264049674,0.01747448890988994,0.012778519127778458,0.013091926621788189,0.009142799318785439,0.0,0.0022888943640246248,0.0015188297730100038,0.0012911597092942814,0.0019342546979704957,0.004913778306976703,0.0038705071090552336,0.004700296413205506,0.025537757722148106,0.0,0.46100774851761683,1.630354223375186,9.260889449354078,11.791155230490563,1.7322772967171303,29.649103656569736,330.2479429457345,205.2713777558697,0.0,29.462961184286193,52.77828365415044,6.242731700248977,0.6164347736351933,0.035176969550851055,0.07630350073732867,0.01199931602966464,0.00486987546823097,0.0015942889205607783,0.0,0.0013681655496416143,0.0010107642332741233,0.00602551317883815,0.03855887332338592,0.09203834743296918,1.3013107588637567,18.25282387968052,50.50211346310576
0.7941176470588236,0.0,0.028715487067047372,0.026475315570362833,0.018296022649563533,0.018745780098158308,0.01019440165581292,0.0065110064707631695,0.00463093808909763,0.017966928262528492,0.0,0.008608501869359115,0.007014126936941131,0.00673033753509065,0.004901089178980117,0.005407896833975417,0.003446329274060101,0.012583057822863267,0.004764899233587847,0.0,0.19642055383909987,0.6564117486049706,1.122699104680989,2.265354688339551,3.417037583811254,3.69949049507782,47.637371285141825,244.82486929671046,0.0,320.7449208829674,60.668672800918834,4.412626482303811,0.5872877926101521,1.6985853560935016,0.15414324561912818,0.01715746643015136,0.009572479552025615,0.0093721803464826,0.0,0.0003124383329119897,0.0074145919160472605,0.003017088119360963,0.00935083825666513,0.11454362041070143,0.24873967635848906,2.8192303749535546,10.567069078888656
0.8088235294117647,0.0,0.14646130798588894,0.05631992690467204,0.04397829237006526,0.026432116739776537,0.01280073532259865,0.00970932528107286,0.013931368243051577,0.007002055295547321,0.0,0.004998871802502682,0.001216998041456283,0.003482037470907901,0.0028743186996447664,0.002322044686550924,0.019964681223303686,0.018188944464200798,0.06166283928324666,0.0,0.41775092020328153,1.217002321733049,3.0464261398952335,6.664384144637154,10.178542915954562,8.04160246401102,16.68052246833668,26.623205246624508,0.0,83.1082323315008,28.14749312953502,146.15985651368084,15.132582502522677,9.96667557967693,0.5680418487578761,0.0947214205755385,0.007004941610317762,0.008516976434487494,0.0,0.0066100830443627575,0.003836898546051831,0.0016573990455518877,0.0022502247911429783,0.05295240674473316,3.447564455561934,96.68036043211293,380.68645557093936
0.823529411764706,0.0,0.018961565824069396,0.004199623804364035,0.01117613886976588,0.01746124684555822,0.02548487259111589,0.018383647676570962,0.005537741280688698,0.003234151801551134,0.0,0.006750999770974389,0.007065231429126148,0.0021347065842134976,0.004607500352250155,0.003848937313402703,0.009061373775754358,0.019802910182962936,0.0381425792483163,0.0,0.10099708961567466,1.1692273003479805,1.2250180413682186,0.9729229391019839,10.376398547359681,107.61454544392168,124.27298502815916,5.05936065455325,0.0,49.46384065496221,537.5120990058706,1175.4505189753734,660.1525331611383,21.80758614991855,5.3001360550267735,0.7719159867477771,0.026973699589052116,0.031541829743215614,0.0,0.0031307283068509216,0.0030833045419049517,0.0045450662937137915,0.03136676457745109,0.3819915830311257,1.2386803499684667,27.59351677647322,88.83067418151326
0.8382352941176471,0.0,0.01930158984871508,0.005024190100399062,0.009071063771586452,0.006354333304872795,0.01176913754006867,0.011497809095212558,0.007009614735547976,0.006564281987547974,0.0,0.005666295713149623,0.006410569873486748,0.008725019730006327,0.038764887799465554,0.03170229028894877,0.004718022910298249,0.028214558060495408,0.09688383939989595,0.0,0.2351468828603553,2.4571518832887183,3.187668910537927,1.3019258979488004,0.30620994759620956,39.10103685439991,240.26597804509174,611.6244431930413,0.0,147.3114913419654,346.7920354812661,826.9338467961429,883.3215059228476,551.0557358049665,85.13819343330144,6.278684901940968,0.23318620839676585,0.03222513315611812,0.0,0.01601152772359084,0.0024482448025194645,0.0025682377033742747,0.0020180141306415794,0.008973996231104649,0.7007052360040902,13.471021185830217,54.95806386438435
0.8529411764705882,0.0,0.036158120872908775,0.014951724972554916,0.004310444743925263,0.008862105386871849,0.014394092107774356,0.0025203467091481444,0.0191821895870896,0.015428925529093106,0.0,0.03730561743313419,0.010686006790138237,0.07620603322689892,0.20245935366427079,0.11914338057366303,0.13136444974797873,0.06200998128802,0.11026902422306836,0.0,0.07330978322736163,0.5151280823530142,1.7988403395047343,3.0115912844874377,5.604147695480256,3.8370311013129346,5.8458173814306225,108.10623463642227,0.0,1198.782389845267,2348.5605304654014,407.3968001023674,203.4413389038886,440.39292543112447,173.29825656767258,33.48008080575798,2.5744324113205614,0.445847200139897,0.0,0.06824647220492072,0.015549255052674139,0.015419237325979641,0.009506121416100806,0.13431106495557965,1.0209736477060327,15.460735546928635,23.68932377335336
0.8676470588235293,0.0,0.06449119291628388,0.017196590202374705,0.019157248267083767,0.0344868475193707,0.01874671179828531,0.02180566362495868,0.014387265190335884,0.12475950823228843,0.0,0.12968477282142235,0.041222420842679255,0.2847895497770594,0.321485294570278,0.1936834426573998,0.5250461986393148,1.1680101653002943,0.8131711156695343,0.0,0.3445067759839891,0.6531967177818945,3.041237434332845,4.382100883369024,3.3266558901302767,1.0163896350296426,6.8125470699220445,93.21245693909367,0.0,94.78671136289628,76.53352413647343,337.5215528923741,1878.5963131621445,673.0014686124764,615.1077970692414,531.0213300675183,90.1069096432512,38.837776140787405,0.0,7.787324431717814,0.565501990594466,0.006610811197412261,0.015402627566822532,0.05170104986190767,0.9721971874497436,5.225965283663508,35.39279372931111
0.8823529411764706,0.0,0.054921509688637356,0.032988598660588384,0.04063612091777689,0.04707288897943869,0.08263980548339239,0.1390664711235231,0.15779706675666402,0.13803792054150027,0.0,0.15732674474758912,0.06095492440604791,0.12176463298477579,0.18067875199683547,0.15625146502976162,0.17985212834645192,0.12252644859857224,0.09687713980700507,0.0,0.3499358238104344,0.2045588951677303,0.7446026418023048,1.5127099579838672,2.1931195987667245,6.0865880236745316,28.255075751393854,100.19294198556702,0.0,73.66995155843901,10.724779831274043,31.038311676227448,164.18250238788696,937.1178427302657,1238.5749166482778,573.0425506892186,1339.1705132051507,763.5626367806174,0.0,125.27349782803572,4.309498341831821,0.12285249953026181,0.019730795187608993,0.05299513606781289,0.7282820466704141,9.78744941962826,42.754671454966676
0.8970588235294117,0.0,0.1773394573216654,0.12413201926004844,0.03648203080726475,0.009651421831467126,0.05610812283536737,0.07798651740043813,0.38631455587029906,0.5180204311346622,0.0,0.10866311010333671,0.6342827606906627,0.4703043165003916,0.2654764710612747,0.4550325058475007,0.32416145447078903,0.11764009180585477,0.18008007484896862,0.0,0.4598677286158076,1.0649544684524854,3.420624098641866,13.204720489858667,21.112754917221455,10.282760745816343,34.058716936213585,62.45083709341329,0.0,38.890113412465126,141.73911838421895,247.16809486798599,247.06449558184335,172.2622011520161,1134.1287398805307,2860.640578181296,1803.8355588287304,1104.5697244210066,0.0,581.9750850717193,39.68542638995464,0.6021974650454609,0.28752606131461683,0.1586700578993136,1.5604358538728267,8.344572230110487,19.140171576379696
0.9117647058823528,0.0,0.34261608485102313,0.03480410254862479,0.17600155717653462,0.11422776563754963,0.08090089223847689,0.17182425498510306,0.14210569514246454,0.3542805424314745,0.0,0.8165076707970128,0.368791767942072,0.62374193339791,0.27555023872744383,0.17106131346611764,0.262305507064771,0.2695139647018989,0.44175314627334905,0.0,0.8242260479180892,0.20661593717286386,0.1907121848950959,0.28503765853295415,19.987119791633344,52.162739544363596,8.834682455437859,19.40022310628804,0.0,31.038732457904672,62.04583655076412,74.88468767150943,124.84950402367205,115.53057763613607,403.7349698677649,486.1311706473455,191.44184086182804,265.29181541387936,0.0,395.3910717183426,59.360732943939674,1.3404775070732509,0.07732363788258738,0.02946138397427673,2.1268967134685726,11.589987733674864,235.3184590785389
0.9264705882352942,0.0,0.2123306967646345,0.5609407667998341,0.35844864791735925,0.09521663113356069,0.04876324155053464,0.024404831059625962,0.029054804874313944,0.1278148961956929,0.0,0.252106402640185,0.2991603385347718,0.07122844725044836,0.05885792798867849,0.07971301751519129,0.0676940005057538,0.07957314063455477,0.10263500872974546,0.0,0.3142230506218544,0.4419354389734604,3.685529930582816,9.967949333716927,19.330295448004932,17.092134205400427,66.41136441423211,59.97108550855668,0.0,42.075581585018256,31.153580187309217,84.7675250167864,53.5183010675074,30.90333880132092,167.34549211721773,155.9231604176356,97.259217144608,197.69487156031556,0.0,153.15673141119146,15.204177384187673,0.1967384143660173,0.09433916448857968,0.03211803864086964,0.24326359491625615,12.86423608720082,50.68986333755602
0.9411764705882353,0.0,0.1441674928799153,0.052591147468274785,0.05780241702551546,0.0981808156169196,0.06922260498971994,0.03749985415120731,0.042282590994717165,0.053073980058724705,0.0,0.0447826301202386,0.04375755810740381,0.06098686560542592,0.017593632485448228,0.030093777666109933,0.05550967873573549,0.017198644260289702,0.21522425949235888,0.0,0.12823496653425942,0.9153474204385508,4.756794599695986,11.204365274456718,10.42190612537704,9.722036390399749,29.349119568727772,4.146090472133303,0.0,3.9147026640008393,15.503896326851443,33.05732206822077,37.12288536154975,11.974248451649213,258.4653571116322,638.5237671658749,202.62573615593539,3.506204304334018,0.0,7.540141716935398,0.17899304909761543,0.0817878005610809,0.07428594982934227,0.16394089044721288,1.7286886954180867,7.859848994733319,20.30822630854498
0.9558823529411764,0.0,0.031003593576574846,0.03349363481293647,0.016404596671228306,0.003599606753678363,0.029983362253137642,0.06696189725121525,0.04319266261190283,0.037222643201073186,0.0,0.04792140864202353,0.03735775375098868,0.03856903313777309,0.031182920445215402,0.04086769115543877,0.08368184844102813,0.10905032984970084,0.37566497726309095,0.0,0.8034266986081464,1.6838050640901647,2.298406349591085,1.8631387850615566,1.7214851912982931,6.3322825701532235,1.9984973178932428,9.95329832485569,0.0,20.708874871415098,7.8800617321032975,7.483142876870364,3.651231121969453,133.63951084751056,156.67815087043368,60.00514907786447,58.296297480374875,22.807901397372408,0.0,1.2953989788012679,0.13751266043053822,0.012066593772829525,0.015083172232265286,0.013629866333068476,0.31216715843785325,6.712722549271657,36.80426891395483
0.9705882352941178,0.0,0.04418876255419153,0.024793867135840197,0.04605703510265602,0.04379669470018585,0.041762025008747594,0.011567195053811756,0.017219028821625695,0.024386988702437034,0.0,0.015673400822306924,0.010923819576867338,0.031826459404746,0.08681650350366082,0.059951478300048,0.026369162648971666,0.034610344484955174,0.09378343304692771,0.0,0.034053231221787696,0.5607338350988096,0.9500135661602693,0.8897863497181082,4.034982735112417,20.71572371697443,26.182097407466962,8.432165313947724,0.0,101.87443230371031,74.58969597424623,6.025535374852605,13.453929892302206,7.016574997589216,1.3045357934153163,5.253430194164318,3.810595325276618,0.9929375982519724,0.0,0.15853293723828427,0.05213209003086588,0.013226364784947472,0.007381407630305131,0.021399546465337448,0.14234592379405325,7.409100873981242,8.84829881284982
0.9852941176470589,0.0,0.028992801435970654,0.027568377454968283,0.01875634852883637,0.009085516603838766,0.005122104660478886,0.012525491822686852,0.016447429988299272,0.012647777314121636,0.0,0.013930991230658418,0.011654917111044782,0.013273024912985232,0.03433801978235764,0.03773924699736932,0.008035386656274011,0.08244970988651988,0.1277524732852795,0.0,0.5736321020266798,1.730131577526917,1.065446105782362,0.9619803248889349,5.66626717630218,13.251691967962671,47.84625341920371,6.676155559297621,0.0,34.068767811049305,20.2029497607976,1.8992424385563424,2.800057693190751,22.436030552646407,19.541649122571222,2.3711546262083427,0.28409705980071664,0.008771630476595257,0.0,0.011987606117121928,0.003369948767097047,0.0006423773086073812,0.006032967881334636,0.03743639597231895,0.06185093577476801,8.418982427665771,54.271299299120756
1.0,0.0,0.031091354557654917,0.014603678036045049,0.004419605602417047,0.005804525671552054,0.01371262404529375,0.02232846953308231,0.026830678251839445,0.02755523761124087,0.0,0.024957696496222193,0.012695824317053534,0.010714601279388841,0.014038766209697186,0.01717088782813822,0.02268440395266852,0.062064945243519715,0.06068268359756003,0.0,0.18497826706804904,0.6458304876198458,1.2260243276466714,4.557120803653591,11.603265794417581,21.30093069689535,62.9228809537819,30.226243409336167,0.0,5.52984844419386,1.632947391287673,1.297781205440468,12.64236256941438,8.03981088512274,35.75954948747799,15.375455564159559,0.954144752707181,0.07569505839682716,0.0,0.011171018186687288,0.005564498988960833,0.005233666593505198,0.007438735769945701,0.04472397292542407,1.5247660096489635,7.933037175292315,8.082394374186554
1.0147058823529411,0.0,0.0363424588530302,0.02811599466275245,0.016142190954304067,0.011592075275044968,0.005807859253736949,0.005100523124719028,0.017550048004097252,0.015512821758733955,0.0,0.007228286746358194,0.011522096733217217,0.03470286352909853,0.014212044576901561,0.023787293028770227,0.03637323165846951,0.04481763995493682,0.004453725641616263,0.0,0.024789581978917938,0.5231750883529862,0.696465699930671,2.0149371981661965,8.332685794875127,5.3991287288084155,22.096473801943866,91.97347304459808,0.0,83.68228470983529,8.940820318620084,5.002906918696887,4.781611447259157,22.9095657867103,35.06901212304547,18.324519414882403,3.282389671105965,0.1160256708622038,0.0,0.008749689361446798,0.004273184670043372,0.003166008591115839,0.002226409601706808,0.06111676898775287,1.6698308254815186,18.013860615990907,54.84159637431911
1.0294117647058822,0.0,0.03146767666041764,0.00693325843823402,0.005958763310288152,0.0176021814031281,0.02130751571605984,0.012951826123569307,0.0027046670448365607,0.003588662800896443,0.0,0.007687358551401343,0.009810782110811798,0.011616914597670258,0.012889669437912726,0.009936652423902804,0.009136130644967445,0.046820727674403456,0.06913978683848163,0.0,0.11073447448817689,0.3065468480872274,1.0598063916890321,18.3267148583192,20.43408011986771,12.750020104701102,25.27635523518984,11.787657921645684,0.0,9.993592688618648,47.443984733406666,10.834537134173944,47.793747865218165,28.45582516730677,6.819227907913339,0.1760320361318722,0.1490907271118088,0.29744111181585386,0.0,0.1620927740187863,0.0036899595452496766,0.003915200069966889,0.0014323833191721633,0.020748721763495914,0.3099926483814888,9.925935047740495,72.94565918336002
1.0441176470588234,0.0,0.007184223969867538,0.01665068407134136,0.020337639671776077,0.019963862938180862,0.007522062635789186,0.00570677568704555,0.0074340757623310785,0.003485399124441225,0.0,0.000431091122043753,0.005410720251710666,0.0037626760505521588,0.007912524882075913,0.005103876920452765,0.004901611804909502,0.010854871974484311,0.013606395940139425,0.0,0.1938647561217912,0.06350400927731256,2.6467302399181545,4.626156545231801,0.8676229348400795,14.977328017502622,41.318028914410746,144.75709924981666,0.0,220.5225950589179,80.979099559007,3.193155493839306,4.189464433645229,18.239736998643366,7.866514467792788,27.84232807638026,36.87522831425732,9.023363656227273,0.0,0.06221496973795155,0.019152898219934204,0.005771479299267152,0.009408152847397542,0.05176694257766433,0.12599246032263323,8.832823064282312,22.924049432630323
1.0588235294117645,0.0,0.031094604794267657,0.00923509271455745,0.008655843106832206,0.00506368848514821,0.003964667706244528,0.0021651626088376244,0.0027558355893526317,0.005136311648476541,0.0,0.009533818197334037,0.009078845400438646,0.00901380852902322,0.008437187512811641,0.0011774622783151472,0.007306473612958497,0.008709229953396628,0.03243817844811911,0.0,0.49751270598411085,1.2189714082822423,2.483019074995336,4.75269381638971,7.759920534195989,14.449277706042398,30.941664862683957,19.60165684694573,0.0,9.571790909070684,35.01761112760332,93.08803782980671,42.57735811447948,44.58142781914641,82.47704429716796,18.791652758865155,12.864426270604444,4.713119396183318,0.0,1.2111643564561259,0.010489742530387655,0.0015981978389676753,0.00502939093351302,0.03931821619744989,0.036285840241827884,3.885896989303831,33.98885346904605
1.0735294117647058,0.0,0.07864718399629064,0.006500684057739636,0.020511130736208902,0.012330314004392518,0.02062818228365381,0.014233360380017832,0.003788155858057368,0.004048085654312038,0.0,0.005675957277986412,0.005593937953276281,0.006001004345184692,0.004806824697590611,0.0068982553256582545,0.01879679744208484,0.004459429259248923,0.03627955732536077,0.0,0.5223037044995121,0.7899483729397555,1.4594540873753208,0.5885290712442004,12.34569357592131,19.05466771864583,4.255340405447967,0.4018166081313476,0.0,22.33110684315304,25.759890403786862,9.927523311879039,12.152410818252536,45.64428257685469,6.366997226442819,91.36335913281253,47.464808323574744,1.743238265113558,0.0,0.1048023536412772,0.020243549273280724,0.001113943233768704,0.0037078325293630064,0.017721431746114673,0.9823558477650511,25.897606081914212,69.53461571555157
1.088235294117647,0.0,0.037605568509404046,0.010764700037878832,0.02060695150698503,0.016475096541463816,0.005151606729611225,0.005188614974745225,0.006586736291744317,0.013268481264056695,0.0,0.003796152184168154,0.010750980699154753,0.00861253887553114,0.010015685538281468,0.008830216139175905,0.028327188446982097,0.07323117814844143,0.23538359450612473,0.0,0.12921261348348323,0.02977329619175725,0.07465978939617121,3.619019235581895,26.010569708315504,41.71623354453595,29.96662382309183,17.46247416694136,0.0,19.769662194196258,11.940816265666028,8.412129432141107,5.590498651456922,10.266700062667793,18.169924736521814,6.941705772389348,9.511054183142504,6.197077291865243,0.0,0.3225340721846681,0.006174111098885932,0.005149122346206474,0.013989881665533464,0.02751062960535201,0.8656785866204044,4.46904561007634,80.25724399961624
1.102941176470588,0.0,0.03712835862628312,0.019042624131013847,0.01413408513181968,0.007099667927546752,0.007548902976273946,0.012004360037480854,0.010215758829372014,0.006065847583807818,0.0,0.008086119890992652,0.0038245608765929613,0.02575725022117499,0.007837626717442446,0.0025728235364211867,0.009844992866775754,0.02332720151485533,0.021703119325394864,0.0,0.04451824476412418,0.36719705010335707,1.8667858433634428,2.2663519347579792,5.749264714512033,9.786019416999956,10.453738456944095,5.679753013961706,0.0,9.275064845264662,7.160172700199154,1.7508823488665506,0.7149826035042521,1.317145715598298,1.7900211555687704,3.120843820137359,1.3350007557034052,0.5442459756186973,0.0,0.18200052806523345,0.04578315409566286,0.0013654680405451591,0.008657196537705898,0.020302586444980956,0.46312318187263957,9.451363989419718,146.5916968189565
1.1176470588235294,0.0,0.01182460388145555,0.031671007484778864,0.026905956774982698,0.001914673851718948,0.009616619567725141,0.01530785386682279,0.011387731465841993,0.004730188387810911,0.0,0.00733884682807098,0.00904656992962899,0.011846729233433306,0.010996923503162935,0.007286368889119276,0.014313794088617668,0.03503105395126998,0.0047015497266005854,0.0,0.1163988069769118,0.3500445449867396,0.8584866218361089,4.989632626187789,8.770540702627407,6.725568374988031,15.784616920690546,12.91416124119828,0.0,23.184515200321258,6.058507917653104,5.824159916571754,14.160040589705222,4.769279757980612,1.1206731028077659,1.2314383686517756,4.6645415318850905,1.063649261321587,0.0,0.16632110323522675,0.007893234847544447,0.0027482981217709064,0.0017046914875413215,0.17593506734433317,1.3284660802075279,8.686791128495424,18.902834248261968
1.1323529411764706,0.0,0.04419973956092611,0.015906698111379142,0.02450027124006036,0.017085891155845138,0.018975459089037267,0.016634939724917325,0.00918162621331173,0.015605231466038025,0.0,0.02558357505618058,0.02515847226146537,0.0033935899752949973,0.004990439639457381,0.0021576109436498387,0.0019391147931820847,0.004846459822759213,0.07143753556367094,0.0,0.21717883605387464,0.3971311083625817,1.5435377169502833,0.23807583951325484,3.912545258271469,5.481318990648656,10.177901884325067,42.08401463993205,0.0,10.05078085736309,2.8016688661054925,12.445441250809047,15.123043106390789,7.032705822631642,4.791211814223342,2.646901299197739,3.3586971035941415,0.19726664123801793,0.0,0.05843658372959941,0.013760484995600343,0.003137852016173825,0.005624046989752808,0.13151831375648332,1.633257954885929,7.442693724989063,14.043879269068636
1.1470588235294117,0.0,0.018195640332789535,0.014230911101113405,0.004880960340008761,0.003606350146856892,0.005824807720627163,0.01178581451136557,0.015447751513057197,0.02284691557814795,0.0,0.013578987088645952,0.026833868882185516,0.022573633605422118,0.016692290053718143,0.029498021503085142,0.04374638329372829,0.038528291830419344,0.018095923037599968,0.0,0.055416816715788846,0.3503859717275709,6.954529992562314,11.693894557313254,19.621857337861883,29.91912754346918,9.176676983660997,10.945435369769294,0.0,19.474329536816345,2.261141305945415,1.4130063631853673,3.40097017990813,18.957967866591265,9.228053106957269,0.7941228046597707,2.1180164049364434,0.18506506844687304,0.0,0.005610537998130188,0.004710024659419547,0.003404355964307086,0.0011165484294647814,0.023590193782852167,0.4578540361381188,18.086306404380927,99.6588432937086
1.161764705882353,0.0,0.05544978482356299,0.023049481304121818,0.012226561287534642,0.006776235193612774,0.007488900038333859,0.0072678027509301465,0.004975352318507193,0.009638119056515784,0.0,0.013991960382917935,0.02467106914820996,0.02316600378073573,0.013074386954506027,0.002443829451240318,0.010141262609032831,0.012855560518654205,0.02433599902176812,0.0,0.31188312063196394,0.3391737265736835,5.749271150069752,7.761854420144072,1.6222320772345467,10.157319042052393,7.4338099757189005,14.373610102531835,0.0,15.024281780398276,1.3655000735659817,0.16308485309434756,6.020118029221918,4.441289357350738,0.5444455239779757,0.3950420639487479,0.3738741146630759,0.03671877406258799,0.0,0.009532459911698904,0.0024317231306691476,0.006006290166510525,0.004749221489699793,0.15782283133817054,0.4574963229835248,30.687622719992884,116.01156287700499
1.1764705882352942,0.0,0.01478121882299112,0.029618952184372487,0.025142880140899132,0.016291358350459396,0.02403901242992019,0.015809570337396245,0.0033783949358413825,0.008778654052666429,0.0,0.007137165206918771,0.0057942824584440175,0.00910007560504968,0.011246794376504318,0.009165085894165372,0.0026676893745223767,0.0020163670819795367,0.034802802342409,0.0,0.5893628738765514,0.7086855218954003,0.28519709352163863,2.0641400857909042,3.2414324133063106,2.2094879536984777,8.172135288434617,3.653772067343928,0.0,1.332643114379334,1.8062265822914605,2.0634231312476596,0.5824821724423151,0.11367298596237785,0.12783789473419443,0.1514193133920585,0.04977955124897804,0.007173001339620755,0.0,0.008963501067740428,0.006315916230034392,0.007774583452991881,0.0027725287407916665,0.009194890854391007,1.205659938059179,8.43754352532955,38.254858208107535
1.1911764705882353,0.0,0.04001922767331047,0.016268717504288606,0.010797414256346088,0.0020882615003658214,0.006723934185583002,0.0037613038221888553,0.002506300363810041,0.006133298755005482,0.0,0.008160029649246713,0.005117344339143353,0.008493704517081785,0.00912895481828608,0.007685114030877571,0.017871141446337856,0.016080605944268495,0.04454786642598116,0.0,0.1940833225140463,0.01290054311403978,0.3191996005816151,0.37927553643499917,1.5699370278070712,13.273029646143142,18.678867001352646,12.695238687023078,0.0,6.582437785153637,14.36515653986752,19.561688313569615,3.2209206904959538,0.38352386921917025,0.04923530358337279,0.01799350218341495,0.007288281782550748,0.019161318504865528,0.0,0.010169318054341103,0.009279425366676072,0.003587670270247317,0.00488818318241591,0.05257477290853758,1.449025213103885,19.46207466878984,17.580740445256854
1.2058823529411766,0.0,0.03265628127241101,0.0044934581055395524,0.008306611345324257,0.011595567928894558,0.008136942846782187,0.0035585342985471327,0.006183764019063384,0.006440022487817515,0.0,0.0026388582030982817,0.0059896767026651,0.004056334296947001,0.010046902632522819,0.011476913495140477,0.019127087989645436,0.027382987495558855,0.2053585620222892,0.0,0.9505067880447129,0.5769797484226895,0.18796819077648147,0.7470133611900449,0.42311743157216214,4.160619459305819,9.808370052501576,3.3127854684611036,0.0,1.5173979290860675,31.256156573558705,132.30910277900227,55.08424854704576,0.7282035982358239,0.02388397888229011,0.03381457546993398,0.0030669331033730696,0.002527633723686663,0.0,0.003034018484048144,0.0026719041205395585,0.0016070265016088331,0.01877065131892927,0.09959665956727651,2.7218513951653227,13.097914308541965,92.92024818103417
1.2205882352941178,0.0,0.01775937301583872,0.01940129957380277,0.013256824735374172,0.004220051029524219,0.0102112104885467,0.008791461793089003,0.0019138841675690145,0.003807186954673296,0.0,0.004482551675610005,0.0033180317873998597,0.004809598581571055,0.002684282215914692,0.004280438804300454,0.006315986003526855,0.019196018200336503,0.25218864088180365,0.0,0.3236431151316727,0.05109888779489072,0.3155893860767931,1.2956857913192155,2.0593314909757066,3.368679753997794,2.551612836126516,0.3417287178351718,0.0,8.092508907949025,94.2498625582484,238.8788296312568,125.43760358367969,24.359041557788103,2.2625120338118196,0.13486374818884,0.019114943453523953,0.0017637854279918981,0.0,0.002912846643110628,0.001190374684080337,0.0007049805933821178,0.011467459861444502,0.06510557389892388,6.470216177269039,92.07126095361193,168.2981259521176
1.2352941176470589,0.0,0.008703269159426043,0.010641186144540545,0.012712129021367431,0.00863215685560631,0.008061488602110369,0.00943820298027511,0.00851516747311773,0.005462684226300908,0.0,0.005437223646702327,0.0022307466546406998,0.0008813497802133454,0.0024878688662834806,0.0015034656766586907,0.003743337173948627,0.02122066118030457,0.032973376855562515,0.0,0.125724943894725,0.09143888821171997,0.09253870969493086,0.2537292992592807,0.9013486026227013,0.7361791575225396,2.130349232653109,0.793104235239241,0.0,8.174950993487604,35.64185477900452,19.847571710172144,20.17547740858177,51.12438893435777,81.62173127319042,21.89318198769979,1.7429406501816258,0.09703192427294835,0.0,0.0048853783841818765,0.002294918930904604,0.0042777269337894675,0.011356623020832233,0.2634350896745662,0.08710615918595888,8.474816891773077,34.157710476804425
1.25,0.0,0.06469832873240206,0.039449296128036535,0.020486153115826643,0.005740608497518417,0.006327249307558121,0.007654138626164894,0.0027787870020044214,0.0010459405695562544,0.0,0.003462235789943909,0.0041046317270551184,0.00394243505758078,0.005112509115023961,0.002277267777076063,0.0032619534548097243,0.012050660838580033,0.01137956198359633,0.0,0.04571694163956106,0.11227602523654456,0.034620558022290596,0.461310484472913,2.44562643639488,7.495675288182281,5.021426778448044,23.178840868362997,0.0,82.20518430913444,87.82844786549879,21.8628538306588,75.67348771314522,126.41174628019412,105.23585857060954,16.536522392275046,10.038631858122903,1.4632599289390977,0.0,0.07564824598768555,0.00583085611960226,0.003561971928488802,0.007348434790702315,0.04128403997911044,1.7574257951849632,20.753310946882273,25.416842636735083
1.2647058823529411,0.0,0.03013310750051434,0.02466900256696262,0.0035258871636515126,0.005403116042412923,0.003319673020409161,0.010043532614747473,0.012730610048996492,0.0046899188167522955,0.0,0.009091943517274898,0.004578584344322234,0.000982870501769464,0.0016617753556575313,0.00640810859824131,0.010217799319747818,0.0065694867750837535,0.04668099772346267,0.0,0.36264881255997605,1.436480978556717,1.726043639450364,0.3617161968817569,0.255861007883215,5.047847844077797,6.218724493113496,4.357327005948902,0.0,0.9438137077331108,5.665306913238502,53.69944498035828,25.070274071570687,131.2100727830087,215.4381473189846,288.2945697943523,108.50434985637239,4.169883402834003,0.0,0.05041309104350135,0.023699625954185566,0.002383310832034157,0.012451345805069805,0.1218294164580708,0.5135395610594363,11.942304852772793,40.71448832173401
1.2794117647058822,0.0,0.05927312846880964,0.025307446496609945,0.0120895025131658,0.014944798177610366,0.004411555787015263,0.0021118188189773665,0.013618634152169818,0.022661023837384404,0.0,0.022831484649992056,0.0034255381050454087,0.003410065650332658,0.0032503307365860813,0.005499229961872486,0.006330066081303313,0.013094093486714857,0.05040131601443875,0.0,0.5446514912345543,2.1032911097693563,0.8647054531546656,6.484126501320576,7.367936218184606,0.2274715583083438,14.792375850079058,14.529056399896863,0.0,15.281595958466909,23.17363083980928,25.760147304073783,39.385443068562886,93.58202942440903,62.95455237654447,96.79868238871518,160.86816433465867,14.43767358108325,0.0,0.040011461834024875,0.02738114866057035,0.009388113405704277,0.06080400061062155,0.16925900721799247,1.9443479415814073,3.3538982006033544,7.771327317034048
1.2941176470588236,0.0,0.01285098271909084,0.01011447951476412,0.020390079097765672,0.00823700473769961,0.01248940747328252,0.01583653930199419,0.007336123332346621,0.031592703816948925,0.0,0.04364408005753361,0.01659138514975079,0.013274090236984419,0.008552412474940166,0.017984276474335502,0.019250041003487407,0.030031628233344133,0.03273619300010642,0.0,0.014476859852978629,0.06432088607982744,1.8712332267778833,0.9311693908072928,0.5256691076821453,1.1614737848063863,0.6847388678924534,8.17040113090065,0.0,19.303926907576503,13.018435539289973,31.589260671339865,59.87286052727243,53.074135212701634,27.20564268850852,51.36336135093255,37.277440391479146,2.159974768784073,0.0,1.3385204269650246,0.09942807089001265,0.012951125588857772,0.00603104638298094,0.04194736073225665,0.09668731078310062,7.922760287402999,71.41858597079157
1.3088235294117647,0.0,0.04949793753456293,0.010822735689944327,0.01689350420183519,0.0064129359237675605,0.01054637645302619,0.019287555289069346,0.046723190894225754,0.11488695819670028,0.0,0.331919583201165,0.1477799684167304,0.05522112660034247,0.1264502704614273,0.025581296462811043,0.03193629408343741,0.020311653694681197,0.033691726220682755,0.0,0.07657645353891807,0.3373024042607977,1.4421006718137526,4.3589042230244175,4.043547504204038,5.784859977786303,9.05314735185991,0.6050653019788681,0.0,6.719329949786126,2.4363564083605653,48.614766098409305,44.526363854421824,19.791738431536917,18.07234643989534,26.88449713281208,10.981334152601576,4.444502137260052,0.0,1.7129148637490172,0.18287974802902807,0.010154870622317706,0.004199993655678586,0.047549460080997696,0.5333174299124176,22.514030101762263,68.56879496797252
1.3235294117647058,0.0,0.02665028002482158,0.010032424419736887,0.01353479461713028,0.006513510758027402,0.03305485180368527,0.05349144792063615,0.08652746206529453,0.06957599993155872,0.0,0.07400313978586028,0.1026480068774619,0.04103106052528037,0.10545472817292717,0.07373882854357197,0.011368529647752049,0.00632015021772064,0.02510944181907611,0.0,0.07958407748924891,0.01755933084615212,0.8141297338901663,1.9045661229998794,11.240451367633732,7.151213455592094,1.7453574701079413,1.9308807096393565,0.0,0.21947941456372022,15.484782089262247,10.877077991598629,29.002620532012998,11.15492007240671,18.344754227230414,3.397434757298038,3.9714234209580197,3.5926944066929156,0.0,0.834322834114698,0.07123104797635396,0.0037009627043808053,0.02158414096540196,0.04058872611657165,0.1650046053544766,13.38867167193624,72.28019310563445
1.338235294117647,0.0,0.13125426051343328,0.02374105007229655,0.004958924060019798,0.020068978377184618,0.009295850441021058,0.012413946280660948,0.019526173422483424,0.006380014691856685,0.0,0.00732428765702392,0.006040175975322897,0.011377604845405653,0.020615823423130772,0.01664217463000268,0.017576511647149733,0.026821695963564162,0.06214442349120834,0.0,0.1469663425227235,0.3891324019205984,0.29131201665254747,2.7214837425955922,0.9468686589454889,2.2488445178852006,21.489840340070465,42.20163200749437,0.0,15.444671369162762,0.5277643234863928,6.395085479021499,41.48894737298164,63.162154424006665,16.803871146402585,1.7716241496263474,0.8588268729753925,0.1531492702348491,0.0,0.008021426772728091,0.013018167048206995,0.005795485183399366,0.0045963635245356085,0.14876689404755733,1.1245658400408265,14.098774804703874,16.32490784726468
1.3529411764705883,0.0,0.020066094732441125,0.01392165651169055,0.01813147313783492,0.013265669799146687,0.008648868732301055,0.011898606864352488,0.015512936091889508,0.014578706174126578,0.0,0.01528280198208734,0.006899589967750604,0.0048549295830647345,0.008368555150309306,0.01680930687589425,0.027619221608196097,0.03813106262533201,0.012115180641453165,0.0,0.053651068398063335,0.11269322137693039,0.6390364157608541,0.5767014733976779,1.6316867542456852,1.628259918558171,11.92307873981403,12.547037939199395,0.0,0.9562559991937447,14.105059878765545,13.377695405357679,3.7155676698228284,4.041411048776456,0.2645490122771834,0.3375607999547777,0.11211697440189224,0.051763449944835144,0.0,0.00983186363650891,0.0033054013858000017,0.0015236920292296704,0.020810326999406135,0.060187399692164315,0.3003902635818107,9.580024965191104,73.20007333395893
1.3676470588235294,0.0,0.020046282298108314,0.019454458375928005,0.01716994565480382,0.011118534953217175,0.020113830415534557,0.012758275244920628,0.004480730523074866,0.00827949573759409,0.0,0.010106728159570238,0.009214490064397398,0.005732478879279552,0.00286121470881858,0.007610448022410522,0.018840105725455247,0.007573935583787461,0.006464088209270621,0.0,0.011022929673588078,0.15370546826958933,0.7343339311286577,1.7441053786301215,8.730126578845343,26.32748285704709,5.23137140685666,4.786276601906948,0.0,7.171949905626488,0.5119399559714114,5.974270968147341,0.059817868597278404,2.407810956224359,0.2592356427458642,0.1455354817451339,0.020791013846628858,0.023180548194468253,0.0,0.014865203018205972,0.00547327496937912,0.001639758088731389,0.007963147696072795,0.04143111523329539,0.34815392206355555,6.842430189729914,8.215622270708627
1.3823529411764706,0.0,0.04800974811079162,0.02757865570794526,0.0057963916665228574,0.0015932706953249835,0.004312029226020731,0.0022852880675698125,0.0050537818647273785,0.005912185376158132,0.0,0.004630703673595322,0.0019260264556394669,0.007146284464361576,0.007453466151964206,0.007868575090826765,0.00736532995986832,0.013754931135431761,0.05391975797758655,0.0,0.14187608856250417,0.10859779081264186,0.23525105097007568,0.6596164052865263,1.1814146819223381,0.24076541655824835,11.080471439162764,9.612846309002025,0.0,20.80157452330785,6.399143455236141,9.684758996993988,4.649783519538633,0.9974094121635695,0.3873975370055273,0.015816340770392533,0.006384965572461952,0.0022917367621345195,0.0,0.0018470030133254088,0.0015026448731798735,0.0052368536814057015,0.011933515575455616,0.01999045563797582,0.08562454245147869,4.534982364760993,9.297768632373
1.3970588235294117,0.0,0.030953774607050843,0.03736596436271611,0.025154718663089992,0.0073662256202487505,0.0008701179236560023,0.0012085163589678535,0.0035214226152649073,0.0031108673939735086,0.0,0.0026613680183781184,0.001966556974874927,0.004406741356629053,0.002369740246623046,0.002355172476293586,0.003931293102693944,0.018733725486641553,0.03558015414891615,0.0,0.11754292380680759,0.5082712581487918,0.537297429185196,0.9286070234079037,10.069687588674869,12.792629648459542,1.3117707428841263,11.963623325200556,0.0,26.934822720850306,23.966439506702397,35.520508364550835,5.524424207856307,0.08757993720464358,0.05669464455069327,0.0036361346514743624,0.002763552918045721,0.0044993720584696455,0.0,0.0046310699349944515,0.002970480453972539,0.0031829391224101103,0.005801449734563542,0.04935522275670488,0.6930139104675239,9.753432028049126,2.4109575853218326
1.4117647058823528,0.0,0.0456520438293235,0.018924433209142978,0.008153085663599662,0.01043360170291878,0.005805298788747628,0.005500655843077245,0.0022302377938085314,0.0055120281307362495,0.0,0.0033243993602126163,0.0004164081265791958,0.00457304942277476,0.006684041785905025,0.0041052664811589805,0.0023272587542008238,0.0034009779650949258,0.010985384910652684,0.0,0.10461611044452725,0.13551582487252792,0.5694132840346398,6.163168166222057,3.538703694685686,4.490016103907556,6.165732687844791,7.005732884210714,0.0,6.709798645047885,8.322175289517181,1.8469543284850365,3.2880175408384154,0.6785582466850401,0.3464967552319312,0.4517650478546255,0.05703364468825303,0.009039785834451735,0.0,0.0014089982271513236,0.0030655413241981126,0.0035217158934221977,0.0031521119692768263,0.006845736849959228,0.15703464776779666,13.334651876818485,78.16870703528079
1.426470588235294,0.0,0.01959930167967363,0.006849195727094859,0.007118767862981396,0.010563521285724761,0.0037932687051151597,0.0021375902787864787,0.0034282969519156773,0.0006441487831066309,0.0,0.00271555009798755,0.007634563296167681,0.005297814875564126,0.001480742686390723,0.0016693143363626433,0.0062241150601640444,0.00197208969132685,0.037713569052861246,0.0,0.03902333233227858,0.15369466192558795,1.846741803493357,0.9756037778305249,1.973086801175942,4.770319271782633,5.201378707013657,2.7306909832962396,0.0,1.8103456811108254,7.019283903419694,2.163106896101944,11.668472035596585,33.884680327852465,21.17030254918868,5.948499991231531,0.5480955779204086,0.005177430087580493,0.0,0.005579371344421094,0.0010160123331952164,0.0008926697215024044,0.009645477473876151,0.043672661117531875,0.16676394087362675,6.29142935907708,24.937686832934382
1.4411764705882353,0.0,0.026657602767434334,0.007101301420213771,0.008665434080339915,0.0054963382214289844,0.001711608077419569,0.006825394561740325,0.0053776475163502474,0.0013573905839018283,0.0,0.002179378788292022,0.004722652172116506,0.004158082070470779,0.007253490215260677,0.012337722717536461,0.00619750404473424,0.008158810761990683,0.044673941686581904,0.0,0.05499991826647697,0.36538592607308396,1.0698745115798152,0.2431004841881987,5.943738777075826,10.69240487176021,5.813055572150311,4.405124974896864,0.0,2.8848765796068454,7.131400461615916,4.369426930120719,11.792902210584447,56.93005426887905,18.3899023462008,3.590124909572933,2.4432836611341875,0.3377377226166808,0.0,0.06638307582594855,0.003470685606413242,0.003149416012833016,0.004859695954213491,0.24398153608687045,1.13199320330013,6.199266242178513,62.74478317275654
1.4558823529411764,0.0,0.029842972723306622,0.007721102336607081,0.014755485214685572,0.02131562920310174,0.01567205820187096,0.01641203428212667,0.0041710806690327265,0.00744545618884536,0.0,0.01164601038199313,0.011082704917212435,0.015856916172967243,0.012864660433224132,0.003945465232670662,0.002460130158038593,0.0030411622158971587,0.002307571100716144,0.0,0.03496102952743099,0.15604275286884634,1.023499601263071,2.5347634149952616,6.445899617288735,21.512430493275936,13.483948857492043,10.161076492196974,0.0,29.91710336979243,54.14504148973102,69.80676015417167,55.17535354811703,26.431304603341573,1.8593862964413606,19.735011020096728,14.674920830249619,3.5158876200291296,0.0,0.4892832976539909,0.017583301449599416,0.0074863024146188265,0.003892514306245375,0.0490872530781553,0.6106798257031709,25.467120558761437,75.09382401982043
1.4705882352941175,0.0,0.01330853191742951,0.00820370573192947,0.009481348029271754,0.010355031225261059,0.005590540545890821,0.002820041834061363,0.014323939904189821,0.01184321386605423,0.0,0.004716987129393915,0.002076964669586326,0.001456086022989879,0.002121728357918213,0.0063906123349374445,0.00747406123795803,0.005691996785595847,0.005862326580548981,0.0,0.04473818077332589,0.2846217015759247,1.4995665133807032,0.23138701726866473,0.3181005308737459,1.933274920235239,3.029002789651556,1.3980242089023838,0.0,3.3524067988318316,1.7279052283064498,7.2531096319731585,2.642971910527579,26.115438394567303,45.0884793145499,13.479271542759921,8.251101954188385,11.00381254481346,0.0,1.9101364901527123,0.03438484273563656,0.002821546047534012,0.004380783992422362,0.020300115501007538,0.6811459619272979,22.71214836967532,90.30036881988667
1.4852941176470589,0.0,0.06233177477700556,0.028736629248790214,0.006555169120334289,0.013342896734608804,0.017241997833334886,0.009684980497100093,0.004496065196763993,0.006979514141320628,0.0,0.00481448603170023,0.005147283032688772,0.008376355628030626,0.00416278612530261,0.009680955722205327,0.012243142734997554,0.012018832051594293,0.012244398149756636,0.0,0.031853842445025315,0.13605965112418444,1.8342840017033426,8.236769338845292,4.332609667743071,0.1646864133547881,1.4669422847831235,4.297385984672103,0.0,9.534618869436152,14.424292639659686,18.73416151133354,20.613515010049063,5.575768631912524,31.682649990866175,25.259148219511456,6.33112676109109,0.8303403000749169,0.0,0.37737151430544613,0.0242626356124672,0.0031401321708250133,0.004309797726327964,0.014893197591389616,0.16076161547232834,23.420213517075275,89.02430703726617
1.5,0.0,0.06406028099433839,0.027631625902559537,0.014921563170967787,0.008285759721522559,0.005477258860997457,0.008369760226374614,0.008833750797639307,0.012662733587466474,0.0,0.013506823106965996,0.017194691135805414,0.013921805438945221,0.006362462041897671,0.0064694411494135365,0.008648137341654483,0.008727744401960245,0.0019742920569582618,0.0,0.01489310891275086,0.016415069207672765,1.5265993714043287,3.1532656088592024,8.390266889737623,17.794606065748965,19.43677543901819,6.069102082458227,0.0,1.587774039761595,1.4384625127492519,2.256743699173858,4.2337454425983365,1.6808188912107536,9.470270914745111,3.678038676978252,0.48278901482544484,0.14960471885169485,0.0,0.11793070775558437,0.008310285134874213,0.0029724228554697724,0.005564382320021876,0.04195444936367761,1.7991111796584143,20.401114017272185,19.700320432651203
1.5147058823529411,0.0,0.060675510575986843,0.028540800047703797,0.01678429980611834,0.012928756073746677,0.017100204552526605,0.006735801294538497,0.0020306950113447063,0.005157085646042691,0.0,0.00812627144374907,0.010611764010688151,0.005336596277941923,0.009296388990145833,0.01681801746864603,0.0046240902597599306,0.0055314237178867316,0.004846979980954172,0.0,0.009520341820160032,0.23589190856673542,0.5015561138148673,3.389344215651712,14.962626984035717,16.555197536881607,9.419458752205264,9.248495749105528,0.0,4.210060433015778,2.7647713199920885,6.721651968892187,9.76617442596423,10.274120196413419,1.805693408555169,0.43633615648157176,0.4141784009351921,0.2575787421004756,0.0,0.010515031606667665,0.0023406911454695507,0.0004244647305332819,0.010078236648919823,0.12027367501649883,1.526227500015781,6.308427231825837,43.21104283520698
1.5294117647058822,0.0,0.03833719949124996,0.010015889200146417,0.006896608529341833,0.012063298643671824,0.003401646177358243,0.0032098865970717127,0.004276360286884256,0.0036637940480145886,0.0,0.0031850620196847814,0.00407070717363118,0.014300517725265619,0.018587779999479487,0.004612543851520179,0.010043379682898,0.0029996518270999977,0.00915408062566024,0.0,0.05074498350092138,0.7535052763340009,1.6093917436800291,0.5840429928408432,3.5255387362863595,15.786847255661552,28.326817168306974,7.818476708707884,0.0,5.419389876354698,1.9276824123397658,5.831670610899254,5.436588629941156,1.878763294791154,0.4416817913499855,0.3281903146997357,0.09753384172345364,0.027839564421236987,0.0,0.004176572405991256,0.006673328210814797,0.003237620777564673,0.002048301615863642,0.04891937491884357,0.5449953637054517,3.2295645407883864,28.240662920944278
1.5441176470588234,0.0,0.0323228760208914,0.005429797675737234,0.008068213260637117,0.0036119667612803915,0.005019667446411979,0.007636842543304122,0.004623150489987206,0.002344973978001134,0.0,0.0018593648095570911,0.0025502256393463876,0.004587885965877552,0.008813689968221105,0.0051263332089349625,0.0028672283262312598,0.008109056398147938,0.0056451647047295744,0.0,0.03635345000257068,0.345392121318249,2.3022457136357497,2.30683677438973,0.47368161252385677,1.7651389643907163,0.41222573850523314,1.5871073740030703,0.0,1.5886787104076774,4.493858996219062,3.4195429856434325,1.5468003851417396,0.8597556252696177,0.0972242947169105,0.04083452076112007,0.03256122195868691,0.029294580728226736,0.0,0.008701794292530016,0.0023919137554676735,0.004257425874540869,0.0026675277750656187,0.08943587201200598,1.1253793185993435,1.8453067048796739,3.5085692636428534
1.558823529411765,0.0,0.008320499668779409,0.013864245061515163,0.011457470836544578,0.00896560253613203,0.00601778325403316,0.006664453653983471,0.011693574369916079,0.008207619058817704,0.0,0.005006927207567959,0.004074509510648668,0.004969310054880576,0.0036811996178638014,0.00577547209965973,0.0037590695560590524,0.005332073206724149,0.0008028724566598832,0.0,0.061231231660789844,0.29384312328202267,0.3076387040733385,0.5649974179547729,4.555215482389162,9.229322050242741,7.0147729281894495,13.45092720772263,0.0,36.365028153215064,27.210185896089122,2.7902032676858948,3.39892391213179,0.2327402794338906,0.10626268371822405,0.0133194419553109,0.006129169716317647,0.0037375849911237876,0.0,0.001936997123422725,0.00205870991200625,0.003109868382400044,0.0033680111518110192,0.14819426506247993,1.361154244821909,2.4666511654900303,33.27711945035043
1.573529411764706,0.0,0.023757765723374034,0.006069781637852073,0.005224426704391306,0.009038621912576806,0.010250403004846705,0.0046333388851492185,0.0009921794068767243,0.0013719171821336457,0.0,0.0020847813826596305,0.009503563910570409,0.00770275969565175,0.003696129985153538,0.004725031180918242,0.0026556290078140195,0.009480244581951578,0.0246956708045213,0.0,0.04843884224140223,0.8003460484231839,3.1712974127273066,6.890794864852791,7.170908351031666,0.7653612597061928,0.3289759273214776,1.9427657571902026,0.0,1.8595883548839236,9.326751203398963,28.014253726125634,5.959331354803156,1.01415363069113,0.026336776951524435,0.003267970002664129,0.0033668924946047033,0.002522960691269345,0.0,0.0033008606459470806,0.0047844260356832025,0.0024111502937572797,0.0033026900732435567,0.04585849294748018,0.21951495044025546,2.752273651404102,8.332694334949057
1.5882352941176472,0.0,0.012256225914831123,0.014928657295468117,0.009200915298521548,0.007264637983682688,0.004190949973323306,0.001864750850246036,0.002026524269394807,0.0034063288637813677,0.0,0.005815411383173616,0.006382685122378885,0.006305234737225932,0.006873013530260113,0.0042208618309545354,0.005002019660821402,0.002668915869636478,0.02094001524982314,0.0,0.06432282077433936,0.9699844954900472,0.9295933499375094,1.277598508768393,0.40699401542868574,1.4508153563979393,5.949141337667321,5.133902324052977,0.0,3.031546778127023,20.714718162133053,34.40015527218854,9.65765958633109,0.626749548615715,0.10267294797790533,0.009149117226914184,0.0006863622213503504,0.0018282383658160019,0.0,0.0028620235330225514,0.004502643561219568,0.0038007297612689455,0.013437999074746824,0.048930032743146695,0.45041992483869203,0.13704262812161896,2.2720886410878913
1.6029411764705883,0.0,0.025333044929441474,0.05515986041021255,0.037759344963758594,0.016836190510611807,0.014688914695974704,0.004859762547162509,0.002959345481854749,0.0036921078288554166,0.0,0.0013303027661040873,0.006374214573046367,0.008938244487844435,0.0019005834481330111,0.0018979631990092161,0.004479025449621393,0.0042143348778390065,0.03103304997411569,0.0,0.08784914504703673,0.3136634918746001,0.25469519873314345,0.41594531094008197,0.16951289795652844,2.6027238643753496,4.1561432033780745,8.5896770728218,0.0,44.86749519544363,29.472239287321855,15.541873794284179,11.000722187275565,5.577787385359461,1.3962721231458073,0.07995431612755427,0.014247892472081405,0.0005700878186700104,0.0,0.001506521523517387,0.0022304646433821177,0.004442467356854895,0.0018448833051957925,0.06647005229720239,0.3870425653374434,22.340802764826037,101.69449449759094
1.6176470588235294,0.0,0.02052566416341185,0.012012415451943608,0.021282057341492362,0.018254872316955318,0.007127822668718468,0.0028065696284866187,0.0032298206024505816,0.0024055440556694178,0.0,0.0029310565907517297,0.002548570073633296,0.005960695353513571,0.012303865900953014,0.010092520164477942,0.0055373183192619566,0.023617447582875616,0.039247748702552224,0.0,0.08653419310069024,0.35427557481587246,0.4146466273151054,2.425702150788894,0.2817910370098671,14.886173055899029,25.869586843810477,1.9361201719444958,0.0,14.480491285650281,8.51110052574941,6.132481529709825,6.743131522326984,4.269978542043269,0.7420111548795747,0.2888879486789691,0.10410505706932666,0.004504147658585506,0.0,0.0038549783021235235,0.0008342604610030401,0.001455290276019042,0.010114185711088568,0.022845199272008853,1.1876907406481052,11.918192306662657,93.17368851655884
1.6323529411764706,0.0,0.012076875977871262,0.04631645404662187,0.06205600770589374,0.02607563089133902,0.0028438349567424747,0.0005279273294098012,0.002886336773581791,0.0038015352454385727,0.0,0.0034668604928108295,0.0029069245141766795,0.0009455837889637087,0.005758342057707613,0.011066139162705596,0.005209102350366367,0.0069897959310713225,0.036931003359105014,0.0,0.14662232715019602,0.4888412917671333,1.036503629549589,1.1726282106472135,6.260645532361613,6.438425335918024,9.018858353148811,9.4535489434808,0.0,6.188283349131459,2.887460971021107,9.080113921786024,14.448262698876677,5.338249202228825,0.618393215978323,2.010908666482843,0.3462265335814401,0.004527970147302778,0.0,0.0015866694389648453,0.0008560290777954722,0.00242391787608248,0.029434388492376617,0.4346847783854311,3.4350211686291887,4.038385600128672,17.149281490685613
1.647058823529412,0.0,0.024284049306316002,0.011569765790537357,0.0186739759685131,0.007640809265331804,0.004241566339094162,0.010533548577807835,0.011273068078902925,0.005922227767166589,0.0,0.010561922998711903,0.009787839691575343,0.008731870223048646,0.015752913142310317,0.016114645733725168,0.00958807923470658,0.048917272355410865,0.20816850911779083,0.0,0.1618932848607344,0.028683784253785326,0.46839063320122143,1.5085089182541636,7.83725693227257,11.631378287906518,8.019051740809132,12.959688034476056,0.0,1.560273890263768,5.843147747106741,40.13301746391489,57.56230082115492,6.37306509710608,28.709366996564853,13.729691032230601,1.3061867174087722,0.2245797386528552,0.0,0.02974395492625938,0.0033807416689444086,0.005958111724952298,0.02821980037712193,0.030220073148832682,0.1369514159509997,7.37030020740547,8.198704035236275
1.661764705882353,0.0,0.12464707819401635,0.018873836137720017,0.014140354103278699,0.007086610718039909,0.004259451110979374,0.0015026313914827626,0.005729160308709568,0.008371597634887354,0.0,0.00255473179876964,0.009083910554543448,0.004371839494880932,0.006777334875879087,0.0071229961890632,0.011604235690580725,0.009440699969736847,0.006800071339243537,0.0,0.01558331637823853,0.13158825089008316,1.258674156257913,7.080907115916711,4.470622453117507,4.361827193573806,0.8029168936876024,0.9310866542036146,0.0,3.445585985225497,5.949724445541934,8.876284970690401,23.640597186221207,11.972624965154772,30.47633851439727,17.88640644777645,2.7148847805069636,0.6835468715344338,0.0,0.18709364933966777,0.04499791366761033,0.0048196222124543536,0.018971965679315014,0.04858885268813233,0.5826980939637753,14.513620197695175,22.482444636743587
1.6764705882352942,0.0,0.017481684458607503,0.019782196981416478,0.018483935863236243,0.009590387661553602,0.01355421910112475,0.013540627790791196,0.009016915236355132,0.010241415233006201,0.0,0.009145220774063677,0.02258657700758803,0.011151941712893373,0.011934975529285985,0.017041913297032037,0.015668011039903226,0.00951472106150362,0.022349220237116278,0.0,0.11724509723528526,0.5174519114922512,0.9260759565142718,1.613216361067238,8.162377341440497,6.554026896956465,3.3581623464975534,7.607091217303061,0.0,20.961766919209005,19.942392822282564,5.169584591648632,4.165786908243431,6.333501177655075,13.422770065386493,15.642487460597701,5.6142196738619905,1.771694583070397,0.0,1.0330570665573622,0.078761079689443,0.003112857970564702,0.00196628583418039,0.03436161115238687,1.1792785359773121,13.544774690180883,11.36563534346329
1.6911764705882353,0.0,0.014793807243084895,0.030690493310176217,0.018807619954519756,0.009311566703606703,0.012066774558734093,0.006942307764008851,0.012045046678323606,0.005595555561482609,0.0,0.004450934971542386,0.006414250934988233,0.007318457631407115,0.011979480579676051,0.006152861259671561,0.0035123372890007243,0.005372598758609078,0.0397612554606008,0.0,0.16293224751598467,0.25597991573490686,0.8151286761188038,0.7116323850225229,0.0766685395525577,4.313147938518581,7.209552460703087,5.840497216725128,0.0,11.940691497947018,7.956451996887436,2.628867525612904,8.598459746299582,12.885071115691908,1.389440594306708,0.9155924741337661,1.650469454376465,1.7303252392005783,0.0,0.740929433349161,0.0508798296403426,0.002620482857635517,0.0035102391954935134,0.005548413986110742,1.6053480255930554,2.537553473169645,13.194430195531279
1.7058823529411764,0.0,0.04813728331828655,0.012618048629702502,0.010986276869075128,0.0071084542172205846,0.0030254714965139992,0.009466680144216578,0.0038286743567798555,0.004412103482463575,0.0,0.006507335289978537,0.008045481871576438,0.0027006731718380718,0.00313229606483861,0.011401226823297892,0.009648014621091414,0.005446979909884419,0.009595198876368415,0.0,0.14655385758239822,0.07768144531999394,1.5208644946019634,4.029821689071436,1.1199990605766734,3.0394681480010153,1.8707979981959106,6.9617772483996,0.0,5.509463831982982,1.0731827693037435,1.0094494816988038,7.352324124465852,10.448814687838336,2.160703941620203,1.3866949920443257,0.21960648209874173,0.3701546584088408,0.0,0.11165300471495529,0.012644582645800527,0.005555557578608501,0.009373014271265842,0.06305708191157963,0.4348864064205069,3.939508728896663,27.3897454290464
1.7205882352941175,0.0,0.03315449612446631,0.03384438479831972,0.022602265638602334,0.010125671023359453,0.005354891600619372,0.0041850733892619535,0.006336860422867251,0.0037410279211656976,0.0,0.0017249738636218725,0.006683427864037949,0.007281267112172494,0.007419052058701999,0.0051715353312749915,0.0030068092316280063,0.011635009353366112,0.062442334708371294,0.0,0.1693014753293024,0.048067394575973685,0.33383773226937435,0.2991157646673983,1.057618320217202,1.6899277584640489,8.494156339844547,13.372832850555673,0.0,5.777025969178844,0.6390844029698841,0.5211187509551947,2.1338888038287083,4.295075620152456,4.7363568215735015,2.585799121958428,0.355915508163778,0.1295654300317903,0.0,0.03880956428400967,0.00456400396632553,0.0026302105293031213,0.0026302977780004993,0.03134081613202141,0.12676898529873257,7.989236858103773,9.195810052275668
1.7352941176470587,0.0,0.05042663396536637,0.018318744042195616,0.0029550728057206746,0.0036283116175523564,0.005844605719267971,0.011416770832771863,0.011616053999892179,0.0039943212167559625,0.0,0.005131551334824407,0.0035551362723301445,0.0033997318726380144,0.006972604748425062,0.005824511025346372,0.007576010210750581,0.012013891715751606,0.00494342145443169,0.0,0.048177474397209055,0.05079460145032329,0.11555983516990775,0.33647989031764514,1.091135788675988,1.086157464890716,2.7160353687155006,0.38301125855929885,0.0,5.694848870666858,7.188414051500997,5.895532012222062,6.98215471338049,4.439529955091848,1.0643246951202818,0.2567837841247322,0.07060992902641273,0.03763632892636662,0.0,0.003936542168166067,0.004190816677587245,0.0013660235028818632,0.007587438336448632,0.09279115620389147,0.7216338260461492,12.547576830637695,72.05865402959981
1.75,0.0,0.01724224387223799,0.009539057618227986,0.004534622613683044,0.001723637059750115,0.003945146878559559,0.005505347019723746,0.005850919425710894,0.00340150817473374,0.0,0.0016897978518602347,0.0022738486350589136,0.003354296486411971,0.008532559418353024,0.006784839187530821,0.003932151097742211,0.0032350033390390037,0.034442255556732596,0.0,0.004073708549163195,0.12429967654559289,0.5338061974324595,1.2723279145255675,2.1185249672488586,0.28395300649317556,0.6675387343572894,1.7638177870781662,0.0,0.18093799365678942,0.43565804646916206,0.44210902514245876,0.1645709137774461,0.6683956188079285,0.626481289945217,0.06078542353801028,0.08097332898287776,0.014396283434669525,0.0,0.0074448083180402086,0.0015198468178163065,0.0021606756515538425,0.0075949982966034175,0.007826066797190286,0.21490532599130469,9.559500781594538,31.788131330596062
1.7647058823529411,0.0,0.03704643778287819,0.03155394919701285,0.016481826447473293,0.008758621347667963,0.004550074687947768,0.006641793173956687,0.005629504089359165,0.005716487972225579,0.0,0.004777331060414562,0.0033307308456610265,0.0030716599165162887,0.006800373051043865,0.007398022466185204,0.003740035971752596,0.00919935779787114,0.03706586408159294,0.0,0.10238369777470802,0.22198351895790996,0.2751609410169747,0.5799565322543253,0.8296928089168336,5.621171226806805,3.1750101725827653,1.0338835133943125,0.0,4.460888294771506,0.13579727947366527,9.057038817841796,7.460953096358256,0.42090293407908974,0.27669292700036163,0.02933407360793294,0.015224993747803499,0.0016368169314680877,0.0,0.0018124872181192833,0.002916405257909007,0.001764166672938516,0.002145841174068465,0.02010992540139466,0.16246153091185475,8.051957113682015,81.93576781470622
1.7794117647058822,0.0,0.006887313106818114,0.022968355316882266,0.007643324963522817,0.002674556306856383,0.004062886855778567,0.006426781943480785,0.0067066448967023715,0.004802884687133729,0.0,0.003192784294041994,0.0005351583467666232,0.002684130594283544,0.0026216131373672028,0.0022798244004717068,0.004253454485338258,0.005367015853625807,0.013625167027589133,0.0,0.017974211209156567,0.15782423833037101,0.17141711918643004,3.9806725957265856,3.278197197881454,2.3852746246141185,2.8435945042677346,3.2492214829877994,0.0,4.2805952204836775,0.5415623099153521,3.3260123451426864,0.7619171461275699,0.704833758606225,0.12554019342423225,0.004572795862943244,0.01211206739618656,0.0061693909306794635,0.0,0.0021477107339748433,0.0006013925552519888,0.0014590032760946892,0.0030744890717688982,0.010236333304134058,1.356327505886189,1.2714621589754291,22.644264335284905
1.7941176470588234,0.0,0.059289211925329766,0.01703668262127249,0.017133761155923882,0.007851723155333614,0.0028884021547315006,0.005612504460986071,0.007871340357575071,0.003612525779770763,0.0,0.0049344691273597915,0.005793048986915234,0.0037310197378531747,0.0063516575632827366,0.007627613203396425,0.0012682995469251931,0.001043141168306764,0.004427310431116703,0.0,0.014058316974971084,0.025968845832647677,0.7304341452252225,1.9189647524407438,1.8600921418192657,0.5639388358864477,2.815918723360275,1.2734625724604514,0.0,0.14060369420239416,2.0890351756239447,6.638611387307978,2.1527876443305622,0.7991308744261283,0.33939213022553966,0.04584644190507416,0.006465760218437443,0.0026136908924054114,0.0,0.001169047486030922,0.001812757374502271,0.0038032333899771778,0.01752457542302207,0.011968096924176002,0.494505926517425,12.572900390931707,15.903097932682996
1.8088235294117645,0.0,0.021864753871552976,0.003045004964010459,0.011505544246011553,0.008337820063600397,0.008644651317481536,0.009574654894571544,0.010548654858652765,0.00354843620330138,0.0,0.001987038851347212,0.0018934045326306635,0.0034607565128740034,0.0031791372415581236,0.0020832023477346147,0.005503343981382804,0.004312123861264936,0.006349384823825313,0.0,0.02099879464817527,0.03982415399768241,0.14076331053808996,0.796828710878742,2.4318567417495616,5.91716141161346,5.36395845845831,3.1047290924994826,0.0,10.733886671159693,5.962401942366412,0.5783192557329997,0.2569312158164192,1.952053077119234,0.9336266527641044,0.14722570015327985,0.026383144898754197,0.00393969423092618,0.0,0.0026557147243890127,0.0018461575323112098,0.0029274643814465777,0.007121638157954158,0.008197238089744336,0.8721195811189906,6.6311173272948745,4.96615091842059
1.8235294117647056,0.0,0.030912180173904905,0.007646130335555322,0.004786751923513048,0.004119646160835258,0.005768774669616376,0.005716136925915834,0.009071661228306107,0.0037287702709732397,0.0,0.004381054465199671,0.0023546441218677437,0.006241379768020578,0.005207630621549846,0.0060897020855739566,0.007459606830759673,0.006914275332428616,0.031170713422713263,0.0,0.08419169046480654,0.009609544739878163,0.0408731055861717,1.0133907726157183,6.086664957692555,6.820526926211035,5.007150326034342,0.4963420067234402,0.0,4.070855532641346,2.015432275718784,1.321155035055222,10.745079372504414,10.223758400528087,0.34998618251439195,0.397164685484218,0.11815381752177423,0.003951849316870782,0.0,0.0030351999762493007,0.0034096940636633923,0.004417944955926169,0.0032581445839445044,0.07724330520749348,0.4412871875600395,2.3745637369171857,3.6885955522455003
1.8382352941176472,0.0,0.007548250197672525,0.0038354639667206427,0.00248676683328342,0.00477301531429391,0.009733066404376302,0.002475943330301304,0.0021200757042342177,0.003298136742184778,0.0,0.002950142152859681,0.004302673942852939,0.010263496281596835,0.020862082781437016,0.015753007687886938,0.003324797622716361,0.004088047304820802,0.024032669658396295,0.0,0.11785054870301834,0.45051971720818407,0.1816082874336931,0.86552877365732,0.6178893765300209,3.8073661171699777,2.5930962391830885,0.6975315237673245,0.0,1.2785032356670543,2.164704934730378,3.884654743647417,7.110285099942053,1.1854040753647035,1.5516535596098142,0.4240883371902316,0.01383343352960495,0.003445090214781679,0.0,0.0021794138141036055,0.004179080019023458,0.0040823319089071585,0.004093947105775983,0.023585965747872528,1.110491103595672,3.80610790315414,15.682763198091658
1.8529411764705883,0.0,0.0291806538472574,0.015597601826367664,0.007845203118478004,0.013173204789068086,0.005469714698111043,0.004916870675823486,0.012333879170621627,0.0049453521449652135,0.0,0.0015326736758646113,0.0008350647695087957,0.0014659933860429004,0.004833970876213805,0.006998763881749399,0.003144868167721695,0.003181335990122967,0.008947742492666985,0.0,0.018573683606732422,0.11225524173065825,0.02689773712022669,0.3609750469358238,0.12847281144133477,5.468057904358304,3.9872715635627984,1.4867088166950537,0.0,3.0464152955398918,0.3567882566803342,1.0680948375664292,0.639029853023201,0.08653926119032047,0.04167757940373604,0.0057247774254244035,0.0033980408780740767,0.002377325723820796,0.0,0.0020718151496933452,0.0031828908991109617,0.006580193073868882,0.00443497707373057,0.008827912085822376,0.5410995641354989,1.6063714587092812,1.7938037492026984
1.8676470588235294,0.0,0.015641589675854238,0.02428259531338091,0.016003990413961278,0.002356972197096063,0.0028160590322116124,0.0054210106021325465,0.010577214052011261,0.006197919374462738,0.0,0.0031858102673396975,0.004172792829567508,0.0024792064592123663,0.0033176089216292734,0.0022604183415630584,0.005853159694389742,0.002803038351202212,0.007241083207527933,0.0,0.035067817404816216,0.0679274383913744,0.034131777668478344,0.44455369244015847,1.3903199094882288,1.4733470826957091,0.9529282485743344,2.8169282122754566,0.0,2.401454126322443,0.2663932671370605,0.12539769076483015,0.5854732131482517,0.6254183159233286,0.08516598830395236,0.027700835724379494,0.004745947856868032,0.002558045211808943,0.0,0.003349598859586171,0.0025758033258510464,0.00116212245821372,0.00269538954634356,0.056899258973833355,0.10558647048672115,10.859458553034285,58.85835858058975
1.8823529411764706,0.0,0.04531537927315348,0.026351722515246666,0.02182486763849942,0.009951349618724742,0.005480449696794356,0.0016615214022414485,0.0069697427210913005,0.005527553557050695,0.0,0.001136503771286117,0.005663306284764298,0.013898690621826477,0.009310545792544589,0.00512768803406469,0.004255668403632732,0.016892266189454545,0.022044593742359495,0.0,0.015286070931832853,0.029280225450904935,0.004196734515014583,0.1152040389525126,0.37238529567111467,0.851375199446295,2.530102225731431,2.7158969614451403,0.0,0.5215900947904684,0.730759534753912,0.5636802092030831,0.7011681056778146,0.2913689685127389,0.011986641194259653,0.009410940041229224,0.00482188358803621,0.0016290590536878022,0.0,0.00220470845707153,0.0021171635794369537,0.0017736449126547916,0.002524112883543242,0.05148382690852873,1.9369031285654965,38.52685709245185,108.76654701851311
1.8970588235294117,0.0,0.015495198852358937,0.012472857585564278,0.008894140109715773,0.006409272695659553,0.004988716343829432,0.00941900392495241,0.010201419456872272,0.009202487660391664,0.0,0.0032646401228069092,0.0017391540575652468,0.003805990075616106,0.011779610162500096,0.009893310067470308,0.002436191998301304,0.0055795680192821905,0.016761670864561276,0.0,0.05347957539615709,0.21302678637949887,0.32839020224772714,0.44317124900509847,0.679329577548538,0.4008110089118507,0.5166700568976322,1.115253566640067,0.0,1.1780098117845959,0.9028614457358943,0.245168571827091,0.03286488281405002,0.17167319295141903,0.056093260892759886,0.00769213497758249,0.002960113792842896,0.002249519911742376,0.0,0.002309327334081671,0.0018074769440943757,0.0025808953615533204,0.006770926721035625,0.04820251882740367,0.28916222260003216,9.360781431727482,11.077949535690564
1.9117647058823528,0.0,0.029924860891920584,0.013244168452918006,0.0022566061519962884,0.012923954908681666,0.007824453026971509,0.0010362192505968882,0.0022132606100121453,0.0024677980498700423,0.0,0.004590431226568974,0.004393152534285223,0.004806087835516936,0.00616423533575069,0.005855976041049665,0.00483653134622317,0.001223796498420857,0.004392659781640247,0.0,0.02317487192156482,0.059631902239345905,0.6603460192806998,0.5631420513807783,0.3570636167182101,0.3188046835660694,0.17370980952651932,0.9890425033139951,0.0,1.2616245393796879,0.2940867267923695,0.008381364904249284,0.08752989003693033,0.09918911060354443,0.016489371920108065,0.006179825770738639,0.0011098478485419441,0.00038879624979295705,0.0,0.0007621426426119324,0.0022799821581637692,0.0002922869493319408,0.018190901907459128,0.12032028315522734,0.2529747566237155,13.941361421927803,22.523796424432604
1.926470588235294,0.0,0.021301282368512642,0.040596006672939125,0.02246723103484013,0.005144441102886091,0.017088053753495126,0.011532151934167512,0.008260381829736827,0.008545759056852831,0.0,0.009033108789872374,0.005866323957120325,0.0013177696249798655,0.0051609150545622855,0.0034649875184241657,0.0027065411696938816,0.003963787248051418,0.009071152522784343,0.0,0.01185896878744969,0.052526920555030984,0.33935363554601383,1.0290057889570052,3.4851866868301897,3.015713041685216,1.347052477618573,2.831914097503988,0.0,1.1645958740702285,0.01672445794387346,0.3832208152757256,0.6277254188423484,0.17265364167637998,0.010859995055852025,0.009915326109550728,0.001667201114160708,0.00028504991941503586,0.0,0.0011847618867126615,0.0009180842242562234,0.0021042894549951636,0.00400763676325901,0.18429142242586655,3.923887627243518,68.56370391876499,167.17565825648973
1.9411764705882355,0.0,0.054137396532473556,0.006185233779231029,0.017970497314804896,0.008780853648639488,0.008479162352524184,0.007439086296974466,0.009901430917918806,0.008319344432204992,0.0,0.007421923071967732,0.007377559911116202,0.010110394478477811,0.0063550541833513685,0.00825025137808967,0.003398159314129414,0.0028115223509413267,0.02874390649500286,0.0,0.013794997287887925,0.007396518884701834,0.28402484772694003,1.9755462658717482,3.403432755323376,2.494693262138502,0.07712611582359913,0.27252351885234294,0.0,0.09190437535416587,0.05132501190668804,0.031992131651210856,0.22503105156304973,0.11865011677382394,0.021615246092747675,0.012002286967092596,0.0010236448554583333,0.0006454418713334629,0.0,0.0017608971361507365,0.002077917794985191,0.006136181982775966,0.034088972306974684,0.006517047062628255,0.08807549302992755,25.578673386372557,205.05820225854936
1.9558823529411766,0.0,0.012516539360561376,0.01336472993985495,0.01254699452257586,0.011192381518699678,0.007067460518253117,0.004828050795414705,0.003126206149182848,0.006123870968076605,0.0,0.004550512894572516,0.0039733038388515465,0.007085976834833924,0.0008830624517256194,0.009960773937264758,0.02074185323253484,0.046865711877540156,0.11493054915031317,0.0,0.15807616863069393,0.012696167318510504,0.24946645266174716,0.034047744603227334,0.5649904288224497,1.7599228865274512,1.0355677341766725,0.1587173479761821,0.0,0.28321967995993924,0.18826153133030293,0.025243165020145952,0.019902616778241695,0.005575638514580053,0.008721110235019102,0.005233482643774758,0.0007067921160055371,0.0017606021791670165,0.0,0.0008961367505003356,0.0005697990328215062,0.0021114064624673566,0.010101917759012967,0.08845268401504551,0.19173734068587533,6.859444727774259,57.212852497089756
1.9705882352941178,0.0,0.05268214718726992,0.01811796642491672,0.014107103840000086,0.010432297945756498,0.004098938239168015,0.007241448879750647,0.006029625413333173,0.0032877999469563633,0.0,0.0043070638271390255,0.005569023319112202,0.005457532365512196,0.004067908312814046,0.002381281505599551,0.0025300831609645857,0.006215537826756098,0.015699681469116218,0.0,0.05409132489186953,0.07457355668966097,0.32972876221946223,0.363713257923148,0.3167836735290541,0.6105746076457765,1.6459513370549912,0.9765095379300395,0.0,0.29005472875359417,0.06614375324907056,0.03521605797869508,0.0038539410681799145,0.006142064737813906,0.005148556061742587,0.0019069597619564861,0.0008016566849397063,0.003247210189480488,0.0,0.004276175486414387,0.001611236279529124,0.0014870721290994667,0.011974609722382087,0.027983784469455777,1.7574805044265434,19.11456720780096,113.70644798411936
1.9852941176470589,0.0,0.036450705743274754,0.005358127573515486,0.0017158428741959055,0.002893149635672454,0.0010902982480358496,0.0025897206332623616,0.010868100610257631,0.015368432835869915,0.0,0.004110226038535145,0.0028553935909242474,0.0057607911091720025,0.002533910121920714,0.00300588166810558,0.00629670211997459,0.003665984742488176,0.014476664415647256,0.0,0.06067121046591359,0.08642009842945647,0.08708113634231521,0.1404769915868515,0.2454319182838945,0.33972629205687027,1.071075542372707,0.26804880278794085,0.0,0.12886921468626553,0.029210944241136377,0.04258074036849133,0.012287902121926188,0.0029168755402166823,0.0025416403227685276,0.0018789340273626179,0.002377148044267982,0.00343342222303452,0.0,0.003010439486017452,0.004828378971068252,0.0067917615316295124,0.0030171267766165998,0.06955685950232585,0.7923889769997957,8.564024033541248,26.964172397045015
2.0,0.0,0.04900236640291829,0.038113997473513024,0.033525997511844034,0.014744571448226534,0.010230096586601739,0.011324720836976903,0.0041449106195444495,0.0013900452602716483,0.0,0.002957007608272459,0.0016391455380278992,0.001095849078846036,0.005942841607150117,0.002212606269406138,0.001107467574529876,0.001078555112373224,0.006044062393607532,0.0,0.0037038034622597434,0.04133680697745621,0.06061896227753296,0.026710862290294686,0.054036268160183226,0.6814188326908924,0.5805931471171328,0.04503126421114848,0.0,0.2078017603446452,0.03171990532005253,0.01212122301264555,0.003926653499540269,0.003752077807448993,0.0022751424683892306,0.0016525596963426065,0.0012711746815821598,0.0028078561931533987,0.0,0.0030066648091558873,0.00493522919091853,0.0059487334459052185,0.004286550275168204,0.06492455243718724,0.42094848807778384,28.73545820708722,145.12669994580395
2.014705882352941,0.0,0.022925995974028248,0.017013669924530222,0.009268869337409174,0.011924167928905934,0.00747522322646872,0.004590480227967203,0.0059289892677755395,0.00281877964021988,0.0,0.0026117670663654636,0.003486868942629064,0.0012499957905941824,0.002636094846187666,0.0016597893501664684,0.0032840402222351303,0.0021329404193362912,0.008985519391593737,0.0,0.09844806245444573,0.16141252154037358,0.14503120227952754,0.38897290939319684,0.21829372187395252,0.6462549475371164,0.660104761713614,0.4638432157659885,0.0,0.2969812717145329,0.006889611819918592,0.0033588932154035417,0.00145303921695652,0.0036310121057161592,0.004161859396584196,0.003329428301531543,0.0025927593998707503,0.0014982343586489254,0.0,0.0004036718227827789,0.004068941863505567,0.001644319384565559,0.005573327155327803,0.4306063256367527,0.8783123346114188,31.204351802119007,34.07078897418519
2.0294117647058822,0.0,0.028512164288824263,0.016308504625642248,0.008268299936480022,0.012100168386660712,0.023804129001160915,0.007948867670260606,0.001957699249809659,0.0025885209483358738,0.0,0.004005475955636906,0.003640681972782729,0.0017710631134852041,0.002229849600163635,0.0013041816081499854,0.0019449390910963177,0.0034435934923510328,0.003274334541087188,0.0,0.012168819184317267,0.10419294435111384,0.05047359717673993,0.14317476581321392,0.4063832141602914,0.08544648438218903,0.12592076394658536,0.32384508317481586,0.0,0.051641450179746584,0.024455565034927365,0.001729135673978513,0.003584984090072376,0.002633977109142992,0.004982334121392755,0.0019828411484515865,0.0014489674921536948,0.006520920473311639,0.0,0.004939729852095374,0.0017837356296317585,0.002630537066995317,0.012481092338536427,0.03085905091518702,1.475115855365592,28.496704733331832,94.39332717166502
2.0441176470588234,0.0,0.10246683025611117,0.037203862388758606,0.009662558934733606,0.008315103291946045,0.009557468455410011,0.019501103894571128,0.008820733337524006,0.0052857334761723445,0.0,0.004233557804289237,0.0008758726239271794,0.0021148432060245203,0.003142932588236963,0.002191837489782477,0.0014572589559812882,0.0021325122089182838,0.0022027459563400656,0.0,0.03763753626261784,0.02818128093935121,0.017556351288780428,0.1504273581600869,0.30022803094559863,0.5733803868262757,0.39132867404456256,0.020081202630256884,0.0,0.12431469433722006,0.0957884072898132,0.023814048382885103,0.0028829791683945283,0.0007016698007872187,0.0009727904309783937,0.0023047042506968802,0.003267962731572076,0.0011434606146284326,0.0,0.0012528383264481268,0.002604389908238866,0.0018388604962577726,0.004960114095508999,0.15247408948504831,0.9230257155685344,16.56887065028196,59.41610138221911
2.0588235294117645,0.0,0.05392239315536535,0.03117168407540597,0.006959145697699933,0.008387214759685945,0.01593762255326323,0.011255100486660173,0.006280074469692072,0.004386645400090603,0.0,0.0012928945082573712,0.0020150147875541355,0.0033602453391705467,0.004210237927920489,0.0015588609219450956,0.0018520141794786957,0.004150578255416452,0.013493064754722228,0.0,0.008739728972411131,0.07105154357280147,0.18838625635064116,0.2874299205093226,0.7759874326964207,0.5647525331568575,0.45136537450574865,0.576204711459271,0.0,0.1306861055595921,0.017522558386300006,0.004256364456385962,0.0029952833482761176,0.0028044732708245694,0.0010226859834552354,0.0011487972320662883,0.0029472828137480367,0.0035879423491965183,0.0,0.0006535987964667753,0.0024125793444109925,0.005426568851262329,0.014940246258746178,0.02627895697370913,0.3205257924847157,0.6021291347363805,19.29210293197694
2.0735294117647056,0.0,0.020181095563858005,0.020267202118914418,0.020931308459143594,0.010777417234136825,0.00950862092278322,0.00808229821597442,0.007768580125833157,0.005185663102014909,0.0,0.0012518077616793057,0.0019022943678727688,0.00289290823289725,0.0029459339774491108,0.0039550950611872155,0.0024592436259987284,0.00275921399443435,0.004301287138621382,0.0,0.009824348307898802,0.05742195923520698,0.03682408528208404,0.5451906489790195,0.3140279767181396,0.013878181603462372,0.4369210332512239,0.16366871256514742,0.0,0.058819674965002025,0.016795962121596036,0.007859899553116044,0.010661638306160147,0.0027312870108186986,0.001316871531421401,0.0014239190965290914,0.001019061745319296,0.000842378951762869,0.0,0.0009117845063729558,0.0014026679061929172,0.002356826645902915,0.007834651781191295,0.029409430781026456,0.522310382502898,1.8156090487989673,22.945159204188137
2.0882352941176467,0.0,0.03880851540360113,0.005470727501016797,0.013424274431553867,0.011146444900126153,0.010869933555533529,0.006109145193551736,0.0011859000790430062,0.0028679979012137457,0.0,0.002612504357720338,0.004365888781030913,0.003612575509072849,0.0027583350807027737,0.002547385771447322,0.003009720064761391,0.001449747416293245,0.0028117254048258622,0.0,0.003695449732330599,0.05940501622964947,0.21333859420333426,0.053412287469354156,0.9252477691434133,2.034270189025632,1.1285477640696926,0.34239795266692963,0.0,0.09783861680435686,0.004389038308251762,0.006976704824727667,0.025766901411812274,0.05816199175112043,0.01704199532589919,0.0013980996316955029,0.0005335914255382857,0.0003884707081534923,0.0,0.0007845304675040923,0.001554551498196608,0.0004270052743460671,0.00480619116257704,0.0042408248559272005,2.0670128845293863,19.766442404838806,30.157137758412098
2.102941176470588,0.0,0.011830446102728327,0.007769196353396209,0.00890185948935163,0.004332202911176927,0.0101569392065509,0.011473618025804135,0.00573115483378807,0.01029941445476734,0.0,0.012218122287575644,0.0042820351026683625,0.0009025402484758864,0.0009128770528739361,0.0013747693019676617,0.0027671592856845853,0.0019022811422395943,0.003549128604624986,0.0,0.015128774836618803,0.08809376658218986,0.0933449440522516,0.5601330750325945,0.7366023979948398,0.28277684698736194,0.1545557839467799,0.13056815551321072,0.0,0.24147881637262547,0.033879168037074754,0.06262236186403103,0.23802868509872532,0.08409697643615954,0.015137503824203802,0.0090498994278294,0.0012080039584927572,0.00053650459619155,0.0,0.0014728308815566858,0.0017154946714653544,0.0007927331005407603,0.01223339895654822,0.0697237015877224,0.8268960631243896,3.0571110344132326,13.392691548082398
2.117647058823529,0.0,0.030246258493674044,0.004382722854452109,0.014259456448651722,0.008767093674500352,0.007209642870694111,0.006717526767335771,0.00682511291682863,0.0038506830713818108,0.0,0.005788955010463918,0.004067922267343877,0.007866149893601083,0.005546488843099681,0.0030445831534160143,0.0029195153566306344,0.0006618328068265992,0.003916342737875997,0.0,0.021601445919963595,0.011986499517355451,0.089798606370601,0.026874209571828837,0.414568903610556,0.35704508831433035,0.7095374343658831,0.05757709322233753,0.0,0.3447388694817319,0.24333667918980523,0.28756848835305315,0.942985113887923,2.217906169371597,0.607808147284763,0.08891677931019368,0.03066864176104395,0.0014242988423546655,0.0,0.0009716121217354691,0.0015711436913018466,0.005668508683394702,0.0046710385783808265,0.03703714680945528,0.4274035471016218,1.819695927493441,70.43029575234219
2.1323529411764706,0.0,0.03784134338970312,0.024319783520382013,0.02240884657947805,0.00307153410343461,0.002503356794683849,0.0014714482168162553,0.0037305200305996072,0.004668755265743758,0.0,0.002933706804842653,0.00396588090285423,0.006495509003577906,0.00483979129192586,0.003382433483185669,0.003907184684205169,0.0026315329029404683,0.003851089593420054,0.0,0.0051572155324368036,0.009429939508267591,0.11394184555406453,0.8347985457954051,0.7072291724493127,0.5324441666874629,0.4858415753887039,0.24329065287938412,0.0,0.20986209087531327,0.16721054893568765,1.6208613085526662,2.104463675520878,2.965000942205169,0.6546055055373013,0.019615563939175233,0.01997703413817547,0.004859400433727347,0.0,0.004831097693939296,0.0019395620570993083,0.00287042791616799,0.004197758863428599,0.01904401321508728,0.05111102360873519,1.703366195260576,47.779542284614834
2.1470588235294117,0.0,0.01189721981153865,0.00488555708611659,0.009851515780323184,0.003047441945178509,0.003936386939470837,0.002335643664707444,0.00562205907989417,0.00769732712482323,0.0,0.010116999530432137,0.006746124822162606,0.004653995169677886,0.0069362628494900585,0.007782070286537402,0.003251184576084227,0.002062937694358652,0.0038112587387447456,0.0,0.007424682267377026,0.00682039243216379,0.02557784675042904,0.5695189535184123,1.3685117227231232,0.947307398685123,0.6998008749622189,0.4319896115201609,0.0,0.05963448222631609,0.41211447837041737,4.132864490695084,3.7359307074515504,0.15384469151926067,0.08855156014200093,0.019285451434157524,0.006848496803079017,0.011647172097127682,0.0,0.001332671304474771,0.0019414334360888237,0.0021549561313512575,0.002012743568887642,0.013531438417832317,0.2975377419295663,0.6974480651338385,21.73890359802957
2.161764705882353,0.0,0.02562271672417816,0.006439192006239504,0.004017655836037579,0.006685277618768554,0.005718814641132077,0.0069848989241824335,0.007611459409100116,0.005650924281535694,0.0,0.0041232192592408415,0.0033859608923145885,0.0017890315644879138,0.005807887143938533,0.005128657756888174,0.005898872209021272,0.002592039845540812,0.0022014823872751987,0.0,0.0010130910812040307,0.006998871148654965,0.0889963016736526,0.07134464430797373,0.13188808224838672,1.0248558957268037,1.3876038280336425,0.507457546428665,0.0,0.3973086009997251,1.421982200550277,8.292678350070947,8.119882844248782,2.7523927420753598,0.3584959224655914,0.023556999193686756,0.03354074776114109,0.014129891628528256,0.0,0.001859573634422245,0.0035098026379393604,0.00299902961015248,0.008122786173865398,0.04104936891804337,0.17636731275466327,6.25179115802487,46.70028774744259
2.176470588235294,0.0,0.050086403353675556,0.01534833050584781,0.008378907916869913,0.010375887639698787,0.00424670177773806,0.003416752470525065,0.007468091972881271,0.010538095314344766,0.0,0.009371829256209848,0.006516345696679311,0.0028948995709447293,0.005859924883613846,0.003202530778669211,0.0004465491318264345,0.002060708421909099,0.0018207860858424256,0.0,0.005965502862915461,0.015019279693478573,0.09408612657486227,0.25572088546822,0.05639483616775715,1.5605294164442736,2.2729995508536334,0.4636418781040566,0.0,0.05705439350775307,1.5206973074139014,2.784547881827103,0.5396770281013819,0.6127560279178099,0.25548532034279325,0.011692788208577254,0.03379334268069494,0.01653547080122955,0.0,0.002291613621438205,0.003702004051969518,0.0019333901047304135,0.042472969555600724,0.03647677376388833,1.3895316635190669,36.866962185267546,111.74008557635331
2.191176470588235,0.0,0.03642135242073511,0.001686010785273571,0.013244886956141916,0.01367694942052884,0.01011417812557612,0.010875309527255813,0.007812629282584856,0.013372476063242506,0.0,0.010576309742837093,0.007079990596295744,0.00016233690260258085,0.003921329225334011,0.0050951075264313115,0.0048165912584348415,0.0023534292321283168,0.0017970499226059372,0.0,0.0039493326237870245,0.020949631910129062,0.08632317059094513,0.05152177367145021,0.472689118460564,0.4425582479932164,0.10990610050742367,0.11569785131755161,0.0,0.22425031891845992,2.562671411663408,4.0434253474789426,1.1189384688222237,0.10914597242799558,0.023853616127378203,0.03489354717523631,0.0037860141506193498,0.005598758719552828,0.0,0.002859713629020948,0.0015208975797569007,0.002844727349871474,0.002957765277660343,0.0752727047933902,4.212958544049024,7.807891627096383,7.989593840020207
2.205882352941176,0.0,0.0452139408395258,0.02534346308697615,0.011600070231466692,0.0043953100832838,0.01324100332670218,0.011830972260573325,0.003248766051991748,0.007837328635659349,0.0,0.007044931819315009,0.007531045331485392,0.011100767491560833,0.006402228765386618,0.008549903985580472,0.00951817100243431,0.003558007790765947,0.001716126859344763,0.0,0.0034359894473120177,0.0021069654885043916,0.02789097871104662,0.1991061557698272,1.0352596897994253,3.0301157844092232,3.211419570397271,1.071505712642077,0.0,0.07941896957920508,0.1907115526078468,0.4422841274268148,0.4639238978191206,0.21906360030292174,0.036936505938967974,0.01834982063923007,0.030809437397905225,0.010122039517977018,0.0,0.0004700797653723189,0.0010709581885487882,0.003225075505772137,0.012877951141139782,0.021901996212691687,0.7849447445872844,2.181058131960028,63.87621845442839
2.2205882352941178,0.0,0.03600646525249206,0.021659226869376026,0.023025919528129775,0.010993046718129345,0.00698155492576354,0.007601666873118541,0.00804033494243536,0.005901040805161231,0.0,0.002640320952923525,0.0029633109913384604,0.004468385977021422,0.003845148454384738,0.005120582116623721,0.004581756751088467,0.003472371353321693,0.0037549024016088352,0.0,0.002482881375600034,0.00494842768574507,0.03499677913033726,0.21491124605652023,0.9211828456265106,0.12375130531429954,0.35414145782602374,0.13441734785086806,0.0,0.07155513694977081,0.3987810475151218,1.2062356151685938,1.0446508863493698,0.30966265554961114,0.01058740704073053,0.012385281469778254,0.005692178442773438,0.0060255532387601144,0.0,0.006908856509937231,0.0014264656584216603,0.0002610079771027978,0.002811759925617533,0.0036145228676748927,0.2828120556605655,7.549738874356426,4.900759517188485
2.235294117647059,0.0,0.03592370100001218,0.010102137721960322,0.008238634841818422,0.011602407111936549,0.008550682608573971,0.00495589122206537,0.005737031531835588,0.00659269261059423,0.0,0.005806155512769744,0.0043316921275775525,0.002084010723600639,0.0014660732168331153,0.005846565084901702,0.007659362775775204,0.007575420719285337,0.006903580882317654,0.0,0.007104271154670026,0.03404070573067891,0.19350286698924501,0.5295557176061876,0.5216012583330978,1.9504387390084035,1.4621274012302017,0.9987628987110835,0.0,0.15109140750350786,0.521309866662991,0.1439323919517918,0.06567964350948899,0.0486860435372688,0.04961619764191762,0.007217249277844233,0.003573874554391816,0.005350884107361238,0.0,0.004560720850594997,0.005869150624973942,0.0024330343824774895,0.005211920782913991,0.005198792525799606,0.48099349296923766,1.4340714762505382,23.72885735616481
2.25,0.0,0.019603623272871972,0.04207821775223557,0.022046443188818127,0.005328734366698486,0.009027564453388995,0.008230143081542908,0.0035735192927228905,0.001672271604750612,0.0,0.005168097371659766,0.002749204560366996,0.0011057837764802644,0.0021529809891659324,0.0013281889149900563,0.0029389526238107143,0.004371705731860833,0.006259411115725487,0.0,0.003792056939128287,0.0397587961322068,0.15667035990103134,0.33394922896926726,1.1388469066579696,0.8721125252115356,0.06140966815606841,0.12202356494229609,0.0,0.2597251253623166,0.13467971521051258,0.02877791954354635,0.05071705012612476,0.02094683334580054,0.0065882373732574166,0.0026328577732247617,0.003649035370579108,0.003266095621261944,0.0,0.001497086591910921,0.0012740140239103934,0.0030710752792959158,0.006191692902665752,0.016505512772250187,0.12467450845810737,4.74593775865206,72.54098930113912
2.264705882352941,0.0,0.03691774525048713,0.04335270645339425,0.01600306284438147,0.015773755556624365,0.01148454637664708,0.00448898270244448,0.004837654251195568,0.003960117785086295,0.0,0.003817954989723215,0.005222763208867729,0.003935002325642643,0.0024830434381589122,0.0010538350309067513,0.0043083183773381896,0.009266819115654868,0.001655634845744866,0.0,0.007465071494584397,0.06310350542582084,0.16181756242380824,0.21727981017309683,0.20228144381983337,0.21943238166348727,0.9734403284838125,0.3743428097756076,0.0,0.1651462198734009,0.1855634258350457,0.15450715547749588,0.042564061554499655,0.015195823737061433,0.008622907139883538,0.0016329551379980743,0.00020697961803894905,0.00043499555263040783,0.0,0.00042878357088866454,0.002169329680143687,0.002939438779638243,0.012394226956342333,0.10495548587558959,1.0892101730673116,10.41756939048047,14.320886750136605
2.2794117647058822,0.0,0.020318258856410622,0.022230857923739803,0.007454036439288698,0.014543374995276102,0.007979833804331125,0.005187073982053201,0.0044275316600680525,0.007340114119476811,0.0,0.01012330619835936,0.006847266962316149,0.002738943148150574,0.0028798669696970865,0.00523081722450522,0.004854392690481464,0.0005565343321114227,0.0027301243488935182,0.0,0.023404435500367186,0.03373963774340358,0.158491225847823,0.35952218927854696,1.1400209581614809,3.1824949679089856,2.108969376096213,0.546666106075292,0.0,0.41234175178113436,0.4629242658162387,0.10223664648288973,0.03353111288647731,0.03114474371666933,0.015628736466800925,0.003942032155270508,0.0026427548006757815,0.0015464304509594917,0.0,0.00261640098804261,0.005086841477678447,0.001216052625839613,0.0022948844977599262,0.037982924125259075,1.1484740903858208,7.349553681889164,34.959288642167806
2.2941176470588234,0.0,0.02273478916629152,0.014653264879208662,0.012459005055916433,0.0073852950202030814,0.0072895777316090305,0.006199947961372473,0.0012008794858049364,0.0030512583647492727,0.0,0.004755000164043002,0.006892257847811738,0.005719110547492591,0.0014629175707199633,0.003016297630639862,0.0015330181871776546,0.0009102140692138193,0.0038862240155175757,0.0,0.01052358759162488,0.06335407356842598,0.09047194580014334,0.2727459364118211,1.6764310063656302,4.886534496884971,3.33395525508251,0.5142916333213656,0.0,0.03208782258749754,0.052908793690280585,0.005239232772614301,0.00422763603224148,0.002852470658326499,0.0008872808798475457,0.003410108909533244,0.0027994861271201416,0.00426870517889776,0.0,0.00325016605965448,0.0028073126975964643,0.001674946557609398,0.006931224272963899,0.06115199633919927,1.247135290584801,7.428777441434738,7.631270457612542
2.308823529411765,0.0,0.026171984623861846,0.006115575070465311,0.00720409008334871,0.009795965712011794,0.002242936291342283,0.0032831123435224886,0.0034441549438542717,0.006426875278703735,0.0,0.006120477549920052,0.004691429871502416,0.0031930572924085345,0.001176845173382541,0.0005274707773599727,0.0018754001795766076,0.002239503556844755,0.006434913818317859,0.0,0.00529025339568286,0.040322518601604365,0.01762415411703558,0.17184197049028357,0.17158913055358277,0.44160412507422797,0.030308902738995704,1.599477362319301,0.0,2.5662529754712446,0.6368642798701962,0.03948310898037488,0.00963826839908827,0.006496641232373729,0.003690417799694559,0.00047346659878070804,0.00029712053482068785,0.0013736658503690751,0.0,0.000812073407493928,0.00046939341884568505,0.0023545356986171017,0.002904686090943848,0.03382899292340359,0.056556376746909574,4.017061497302659,6.963532595481404
2.323529411764706,0.0,0.04581562233808819,0.051818216680129266,0.03421663584372358,0.014640978647807551,0.006200389308616441,0.00478448624004721,0.005241038041224774,0.006412635222518503,0.0,0.004974740173374352,0.0014952381753844137,0.002504861738526728,0.0018412428700247002,0.0009610797607082186,0.005019306904589958,0.005124981351382732,0.004713107739563646,0.0,0.021613444946131922,0.03805451874322013,0.03566357356197528,0.023783766163263307,0.029639219609250162,0.4246268844734256,1.0843959400889898,0.7246120290495428,0.0,1.2348073201131964,0.7343519251261906,0.0699304327770588,0.0019139285447190891,0.0027492640201319304,0.0024491746440858555,0.0014782924650057557,0.003107147676859069,0.002254833582858314,0.0,0.000995277723113648,0.0024978140041578842,0.006464642611189831,0.005313868286122779,0.015358675475541667,0.40777423946461755,18.90461066608153,61.648007899816925
2.338235294117647,0.0,0.067838751721802,0.022258811766659857,0.015611644682654642,0.013032080850089313,0.005894124741484175,0.003937983661960428,0.006240135109569014,0.004706400423115965,0.0,0.0056109630738838435,0.007831447000825205,0.003421460149157897,0.0011264848234696341,0.0015092593558112427,0.0018864011598988442,0.0060692878038780115,0.017064411884209554,0.0,0.02531869078755897,0.03341336197187737,0.05950941737789461,1.0026853269592486,1.148902780853095,0.5055806636432032,0.6053419578450381,0.3420706907492995,0.0,0.18910913244091204,0.03506698657496343,0.03361743192071815,0.00748748301636769,0.0018530538736378738,0.0013504583123080448,0.003266114307416549,0.004130472218005462,0.0021179450561325214,0.0,0.0017669357221161619,0.004807284134919886,0.0033787593551331246,0.0037980269877588312,0.023668169036855077,0.34661234227517407,15.085579232627591,216.50995331801295
2.3529411764705883,0.0,0.02350899628057168,0.028316488661070654,0.04191812356892213,0.03621528007108733,0.0076351646295057685,0.004769526640536424,0.0037606830827946395,0.0026048988938918273,0.0,0.002340079680413243,0.0033393002161204513,0.0012193915840257557,0.001241501475169299,0.0015055345739950978,0.0014903384680694872,0.0009877605004999532,0.0027750737030846065,0.0,0.02715421902756973,0.0186656807108313,0.02613563316547901,0.4023762691992202,0.8402182780711271,0.20476259606137812,0.30696830497211847,0.7293915563120255,0.0,0.43085125461790186,0.20744724033709944,0.1629493564112513,0.009012004675405933,0.010537746979841759,0.005833829010020553,0.0004256688758321139,0.0007196268395594958,0.002520471532788762,0.0,0.001584823637295416,0.00031091717345291253,0.001694292573854122,0.012270653950726264,0.021307506509776704,0.24831230214412314,20.125358980125053,55.63616642182089
2.3676470588235294,0.0,0.03337912454514199,0.029167269886633037,0.01670200774198162,0.006487201219237639,0.004962188082671939,0.006025781490355616,0.002896947301331749,0.0035634151607388514,0.0,0.004405046202158433,0.0032773188041227853,0.002836115798868692,0.004495862490454425,0.0021458613046963244,0.0006699847051607066,0.00319694935111765,0.004894440038128047,0.0,0.015899425005024607,0.05067504067680606,0.03984784095025248,0.09369627843148912,0.2753179883388063,0.07246877312175978,0.23156845425021522,0.06952193942146465,0.0,0.20883360091326267,0.05756769458248463,0.012373954352339296,0.18069308818530613,0.5176042241370877,0.18829189680778424,0.01873455621041869,0.0021043910637608444,0.003642971173716994,0.0,0.0019649780709462016,0.00044269257884831657,0.0020944494290483185,0.0077783795551272395,0.12178044148941647,2.3631646881148702,11.579056164583912,67.17577428601041
2.3823529411764706,0.0,0.028244997507885478,0.00972270242120035,0.0017251948333730797,0.008798943507972902,0.007568825825365418,0.0060335357996938645,0.0033855156671813,0.0038911328735355484,0.0,0.0055297542769698746,0.00807372064208146,0.005590805627230921,0.0067130820918595725,0.006037241637744345,0.0023622994668797206,0.0016492345767762419,0.005930981603533235,0.0,0.003944737452066579,0.019217009355474997,0.03362065574236669,0.36067666924119957,1.5150291439975887,0.8740155681217796,0.3725362391126566,0.36779923745796717,0.0,0.33324672112253595,0.24503606337678954,0.04623626052076411,0.0714599057243811,0.30789151646556734,0.2837095004465,0.19079045689870455,0.01443919906587508,0.005581546037631514,0.0,0.0017811851644038094,0.002698988641732466,0.005064577937272312,0.007607585937242659,0.024423059570843075,2.984932991229452,26.969882813341485,29.861100828643636
2.3970588235294117,0.0,0.019778507495504808,0.008204006857929606,0.0162134461882464,0.025109535991851263,0.013961883417779113,0.0035761227173935085,0.0018269098515011947,0.001536047958966554,0.0,0.0010371401367144446,0.00225816190072134,0.0015263627390761285,0.0027158730168584545,0.005134703152217607,0.004313600554516345,0.00237917317827712,0.0053599778319093246,0.0,0.01839811423837067,0.012698477461078288,0.1875328451834674,0.020931413553027987,1.1475802845021872,1.3365628678244548,0.7293898266046458,0.2362266514705363,0.0,0.00487640054028466,0.07640387124854009,0.002776693927130973,0.07664725163933547,0.3981569901178126,1.1368652545599847,0.8457248015563501,0.11915197809568485,0.0024053903066655513,0.0,0.0015924363768101888,0.0032459189193155,0.0039072515240863295,0.013794670671644998,0.6080030528005109,0.7862100625312729,21.414935960287316,12.303042282505796
2.4117647058823533,0.0,0.030303986717811475,0.01618390025644916,0.009033010248520846,0.006172194957706382,0.017404766397761916,0.020348565213108308,0.005951600707653729,0.0034611552639197923,0.0,0.004117269591438324,0.0066551429593329405,0.002794837244907833,0.002423528014882606,0.004384163686288063,0.003639210462517713,0.0008410910898918604,0.003942741942175074,0.0,0.045663313104924476,0.11317702039185978,0.02027679372573656,0.032041775713304334,0.2854575648788609,0.25449654633987245,0.041986732366377115,0.08669388593072697,0.0,0.32018557620619703,0.6150716664341217,0.6744644112941498,0.9916987262004191,1.0870807374397127,1.566146424911949,0.20508804824257332,0.0291366032380577,0.015274646253155066,0.0,0.0004910308223112245,0.002420024505780767,0.003606840955584046,0.015975495997096932,0.08520823644089603,0.6086605265820995,16.169127530730062,114.27051464550112
2.4264705882352944,0.0,0.06534617529006248,0.03781874169492235,0.005672399730485788,0.003928914808220309,0.003792648944202135,0.002294055805378858,0.0026053958685055435,0.004911665857346313,0.0,0.0013978379079367762,0.002317926065165304,0.00419622905616919,0.008611286187408636,0.004979885248908934,0.0030636638092201946,0.006887838991159786,0.00809777238666193,0.0,0.003723525366952342,0.021821061553829506,0.040022606229411256,0.38121777841549975,0.39259002354979755,0.07994209736847135,0.3202425242328292,0.3024061750045864,0.0,0.2758671017099697,0.3884079068120716,0.15544581238637015,2.0819285603981985,4.9759331375809115,4.2684432809720665,1.001474413595055,0.02199894244522318,0.022775065576759512,0.0,0.0020004443858281096,0.005033964532551258,0.004248071851212955,0.0058636591262481025,0.022645400610727458,0.05541926462911595,7.584481145012718,12.741522773089642
2.4411764705882355,0.0,0.06995641393790178,0.024393422022419543,0.012400390328507987,0.007665590887246173,0.004727664370132691,0.005494336186688571,0.008907732303901341,0.00933400247408847,0.0,0.002757849881406563,0.0019327515513252822,0.003212707235414781,0.005043927213343116,0.0020260541746830022,0.0013565042106357898,0.0017582182906925679,0.0021075782634886134,0.0,0.006624634799194579,0.006945066170066363,0.21851312741707074,0.8228300113268039,0.6077106515946895,0.08702261790762375,0.31735872476789273,0.10796201774755856,0.0,0.13769413079721174,0.6989957976564847,4.0685437361359,11.397625856064753,10.686083379935372,3.966341310223833,0.13173007961245742,0.35802236712472,0.016887836623618292,0.0,0.0024776337615942815,0.0024326770649374177,0.005054424734690253,0.001118849626460937,0.010556725137104992,0.3595612678458139,13.56951980154324,24.540073272705456
2.4558823529411766,0.0,0.03739477147576987,0.02334248239654576,0.02916442693955942,0.011342521011132804,0.004533161750750123,0.0016134273019635902,0.0019596685640914766,0.0025508688679425143,0.0,0.0029699199789577965,0.0015991143812491304,0.0035286159186902095,0.002299928185841616,0.002787320595311292,0.0035613054748064262,0.001997413539515217,0.003774627178617226,0.0,0.01566959894931001,0.06087597984176335,0.12170910585615077,0.10759252192399599,0.11014368845511877,0.8143825526072928,1.4166511739486207,0.931652909126959,0.0,1.0192809296633163,4.528347799167715,1.2609363462238654,13.724121307981047,29.769481679428626,20.051568233115844,4.9578157840139845,1.193062256935183,1.2544464767417147,0.0,0.3966243969849238,0.016214251741129473,0.005199466779327588,0.0037864146609269227,0.002708035761946996,0.32221282830766973,12.239133050483826,46.71563867899535
2.4705882352941178,0.0,0.036050168301044724,0.016140100671521843,0.008962954922763548,0.007942539887955923,0.010226320025667571,0.00895763218820293,0.0059525520719879155,0.001853633765665203,0.0,0.002024181853205352,0.007198568083406897,0.010152031991389044,0.005912307572800219,0.006494243717568952,0.003427530330162194,0.002578626422391783,0.0028351654829922575,0.0,0.005795738882636514,0.03027197192107653,0.06992863396860716,0.13147658121991623,1.372537670836126,3.5951470883445156,1.635292119687242,0.1884221839944234,0.0,2.917479855687665,13.902373347713855,20.168280137116334,12.874661395384177,3.681085643509812,1.5715599833741456,0.2110929464698869,1.3365750281200153,1.9361039221369238,0.0,0.27948097289704943,0.02156123094427237,0.0015808219056656068,0.0034534991579235875,0.01895178998007241,0.27878676703762956,7.007341345433992,8.445320308507991
2.485294117647059,0.0,0.03820132574779366,0.013811384972405402,0.014188448698722765,0.006022287982799877,0.0065149342115635965,0.010130351904114801,0.005090822369772719,0.005329272652633905,0.0,0.01024984058814016,0.007945519946903146,0.01085607429029806,0.004908720434892128,0.002884716931474132,0.0034301844242575607,0.00761582176761085,0.004157105893267254,0.0,0.004658174717714892,0.0034905481764082253,0.11012474250181825,0.5629205208193386,1.1628562778177538,1.724692239179177,0.04956315160988567,0.6837024406800116,0.0,0.12189357766760381,0.19802615984148353,0.2758786952040425,1.5203614378421921,7.975559250418141,16.62085729029541,10.931763221113874,2.528043321834914,0.2623618479934906,0.0,0.01080024971787033,0.010627882205711868,0.004465852111001892,0.006888724326422459,0.014123059411077273,0.5799800937340343,7.934429669613738,4.257941385943172
2.5,0.0,0.04178261619705893,0.006211187459787246,0.014973554130503131,0.006024923092236277,0.004957455388787047,0.0036756151722534,0.003201931050842779,0.002099769663896668,0.0,0.00299583676092829,0.0029989636874772634,0.0025262660414459553,0.0029829400779214496,0.002826967541908601,0.0035240783118207783,0.002483062919625941,0.0044379608683820255,0.0,0.015131529116352876,0.08410774120769252,0.43417734561561216,0.8659749740672817,0.12278180773355182,0.34347887529840837,0.188152850923651,0.11055266418690014,0.0,1.2493783161261636,2.1210703524941916,1.175818274235112,1.1525589933593574,13.325332407264419,26.54253244821369,3.006152032667301,0.4346892132639464,0.06554391021585446,0.0,0.00910866869726748,0.001818527699091126,0.003005585544085431,0.001664654012966645,0.004792661455028212,0.09381185941875816,5.121987560142991,21.784364073223372
2.514705882352941,0.0,0.012148443978009148,0.042503633570147956,0.02218616723582167,0.004996678833310368,0.005963594940845165,0.006663409001437011,0.0027246744867578648,0.002022386882988737,0.0,0.010112253272851961,0.0185950359233613,0.017037957067663242,0.009672534895301163,0.004127211302010264,0.0031717432600788433,0.002277719232677901,0.0062365569509425095,0.0,0.005450090812392665,0.033833294259998536,0.39146699599078427,1.110423221022012,0.38558951160256183,0.091939339498463,0.6130187053260504,0.14622927250337558,0.0,1.7768630131542575,1.7778892393530348,0.6493270491719891,4.491109947386763,27.85165645043805,17.39450653963489,1.1155880846617299,0.08136573368311698,0.015433563974028064,0.0,0.0013326730359732861,0.002341195974364809,0.0012067220128851987,0.005922043898685444,0.02110802871055162,0.36712704454657,17.185690416797566,124.296306837159
2.5294117647058822,0.0,0.07951720914456611,0.0391058658259957,0.023587490178598625,0.00617949566173546,0.006484526628158167,0.005495575827914103,0.008612139807192089,0.00400709827077777,0.0,0.003970197637212721,0.001770968898382633,0.008363198536113394,0.008184983071615519,0.0059498713035412605,0.0030962247171351983,0.005616582191348049,0.01429638450853122,0.0,0.01047700670227537,0.08427149278250104,0.03470767881453119,0.09102476709447915,0.16163641824897715,0.9263391296175941,2.919765656653172,6.825472114556543,0.0,3.2919023282503,1.6914117521400782,1.3606886367503108,2.021520938786251,5.805672750858193,1.0891866551202778,0.01191403422509914,0.008042053152146995,0.006088572068670872,0.0,0.0070393778637098895,0.004608835041666054,0.002014742554431258,0.007912599851184837,0.029971104944169543,0.2681535473452187,52.9388669816712,258.28282141673253
2.5441176470588234,0.0,0.03426757635178716,0.026302708841578964,0.02919504958357528,0.019626820390412265,0.01023493076211584,0.0026339481290195304,0.0036560277563117216,0.008200927358340635,0.0,0.007313124580891191,0.017129489441222688,0.01421539191266489,0.006379596110079293,0.003310054435819885,0.003080672901046885,0.005246247963863871,0.010868385823594163,0.0,0.04661117105213817,0.11043621505005104,0.3970627497897642,0.773504020060567,0.24968942742539585,0.16463296280505407,0.7356589144728143,1.7715425048124156,0.0,1.3632962917464237,2.0091432293963174,5.6588446569139235,1.5453311447374538,0.13398745427857583,0.08587491104821623,0.022924043165672085,0.0024537016172685618,0.0047238441915592256,0.0,0.002324469594736052,0.0006431652237686216,0.0009166336308108218,0.013952686458425897,0.02751396977967127,0.4275122557970118,10.07974904955034,102.51676787385227
2.5588235294117645,0.0,0.033378171223451825,0.02949942045622011,0.009423281583585914,0.01544549651731374,0.009438752782075715,0.003455357246262756,0.003830160111110364,0.000937319861017273,0.0,0.0038444991431411954,0.006768102461958424,0.003022004180253349,0.0011780381049771276,0.0013273622665490635,0.004612907800145153,0.0012232025865222395,0.009502250298695652,0.0,0.041965151918254874,0.13755928982160964,0.038586450476307876,0.13650870945056803,0.318120295013972,1.4896195812807362,0.6362353234870163,0.2895248754353612,0.0,0.8030027045457668,3.015068045405747,3.344768626177393,0.6211815488341454,0.07743967476029832,0.00977651107917013,0.0030293177639425933,0.002615151855806355,0.001029666065596331,0.0,0.0011286160986606134,0.0006510206280229626,0.0006683397825514811,0.002959114776282544,0.006329006484515155,0.24841083753823534,4.36593730485884,28.115783636178804
2.5735294117647056,0.0,0.011427810875438867,0.006667343456550854,0.008355595538427244,0.008869428414904932,0.002520933805380473,0.007196097995277323,0.006952690251832523,0.005061758914239439,0.0,0.002340276580112805,0.0018398415552797393,0.0044897806050466105,0.005397342321813078,0.0013875741654733643,0.0019120022066327841,0.006410346886646705,0.008378524085974455,0.0,0.016435800048298966,0.009626738490635589,0.04013098546628693,1.0876132673415206,5.003733567252267,3.844099736547699,2.5959401982505903,1.165883694662667,0.0,0.05167592182106608,0.3844557013897747,0.22133459399604866,0.018141874630078034,0.002098899089756072,0.004255368486741052,0.0006327412610064457,0.0015792216779228077,0.0020278548827818072,0.0,0.0020822620158364937,0.0021563613065622034,0.0012299770520654506,0.0013075887506631273,0.003832816407765994,0.6279800301270244,2.9029325785387607,13.564877384705007
2.588235294117647,0.0,0.0992752064160514,0.05240280427661932,0.021806293093274948,0.0158178015662625,0.004387257382457212,0.005899522754373533,0.004616958782198342,0.0019067699595185562,0.0,0.0006879170913042628,0.0016625599053561814,0.0011981410564472798,0.0017483652500952965,0.002604745423600039,0.004407452259062167,0.0035651003437942776,0.01223606343103225,0.0,0.08262184336481695,0.3276826063860755,1.22164943326184,1.3139350776841088,2.693241261065383,0.7850277846490517,0.6661038799297833,0.2560094844843269,0.0,0.13391780994773977,0.12493965194808038,0.10278846952798457,0.005617232567141974,0.0061464047064927144,0.00724208768230263,0.007903945314936935,0.0018256150017444573,0.0036676727622498347,0.0,0.007876596849927104,0.002856574527629595,0.0009598691214278649,0.0052339308530318495,0.008976742901158838,0.7719582438020866,11.533172857142306,15.416775729734821
2.6029411764705883,0.0,0.011649275270812253,0.018641877570569225,0.012309261291805467,0.005717547911996102,0.010766723221949628,0.006167708532504995,0.0031571314467133942,0.0033685174779447572,0.0,0.0018786021217236798,0.004746693521577392,0.005454098429983777,0.002642868772353269,0.0018950896988919536,0.003838257272882091,0.0015054354422275574,0.0066213826663308805,0.0,0.019127368392646896,0.11992201446625753,0.3956804981834853,0.3470869896358222,4.797922967119523,9.058156071211165,15.326425067703244,12.490877444654416,0.0,7.039227039095017,1.4561876055958225,0.014142883307786512,0.006408838087829025,0.0025268281263222257,0.0039391497210544656,0.0017303105646763817,0.000524382531890603,0.0020816351151905824,0.0,0.0035405104787233537,0.0007714600329945592,0.004260939760213293,0.007137253649568836,0.006099021472172288,0.039920938976594156,4.04859735349185,25.413411860943857
2.6176470588235294,0.0,0.0018506646926976645,0.024633079169210627,0.016802274319149612,0.004049266861512212,0.0038522640568877144,0.0015776657756155683,0.0037616083611360417,0.003390261568296496,0.0,0.0038184279522005407,0.004500196369917808,0.003519181162340655,0.0034596740790610613,0.0050021931148434605,0.004547855273400007,0.004195609363408291,0.001244255185478151,0.0,0.05147416951378597,0.19550893781793433,0.7317457014896837,0.6597647178601047,2.469263636958236,7.069465606194363,2.1467530580479686,0.22380671129383212,0.0,1.6219858053802199,1.3141509669526275,0.16601673042416312,0.037025111525568276,0.004506370333487606,0.004638205932853855,0.005417712107213734,0.0028572066518627722,0.0032016701332243276,0.0,0.007125977175582254,0.02901270917406199,0.017373451010852768,0.010901679524575544,0.00668036756862713,0.0299690775182034,3.8724956700136106,5.949968855636105
2.6323529411764706,0.0,0.0478555944636259,0.040323902768766566,0.015981370354013282,0.017246881971140136,0.009567698255262966,0.004864646049068084,0.00501807313226973,0.005031676013557083,0.0,0.006378576058886114,0.004360274828198993,0.007365167080988515,0.0071636914990904875,0.0031196240682471984,0.004122872194742646,0.006472293504256681,0.017094458327731113,0.0,0.04006127694348366,0.1245005645865555,0.12945642801372254,0.05790418302055922,0.6946811231551846,2.4228814776414325,1.8641059544857623,13.266476468294872,0.0,3.9436738544584147,0.5686200276753093,0.2659211457417216,0.1563337334254417,0.009578358555990835,0.0018911389460907013,0.0021990944151734433,0.002112950485388204,0.0028887417917419413,0.0,0.02145987589241039,0.002605497392416099,0.021965765038566187,0.008465259759833876,0.05758068859489236,0.6024995654436318,15.486466661515845,44.54575734879337
2.6470588235294117,0.0,0.06426077565434377,0.041917172579114925,0.01605895535188772,0.012974951125155822,0.007306195255207557,0.010840871222372091,0.009633642535829219,0.003584625574755315,0.0,0.002113536770257438,0.00333930986332091,0.0017829845351553454,0.001686370581265472,0.0023015605966009043,0.0019004509690766214,0.0032445227317777024,0.018861250332460174,0.0,0.03955697138186646,0.3860331319829854,1.328845543076394,1.4971854452312008,0.19285739322736808,0.47825286248505117,6.519943845141799,12.55900934472485,0.0,1.78903650031789,0.7600321703243276,0.09857885759429438,0.33844088961257923,0.29150889235810096,0.04833042266808468,0.0028579499174846206,0.0015577448872913157,0.010173151260453357,0.0,0.09723109960484422,0.05817252500123826,0.023001146549708626,0.016987397120517334,0.07281001427413122,0.27076859559447153,17.12495116431943,67.04334600974889
2.661764705882353,0.0,0.018002640662952905,0.019649797664794307,0.012899603493784047,0.001735479342845202,0.002864254950622,0.0051227263647365875,0.0018930876208373224,0.0005074258008976722,0.0,0.001828224511490699,0.002366232656609028,0.0027807707583011143,0.004365688080685379,0.0040530048633407876,0.0014697254030950674,0.0017425152573343299,0.012570993167450285,0.0,0.07145851919960175,0.3028817024818703,0.20845637795144376,0.2599201107771175,0.18080136667773072,1.517001346976501,8.36261203780279,12.938192925990224,0.0,3.7508174308013293,1.9461417297690273,1.316127125769948,1.5427180386352295,1.5490958629266822,0.7227871085202298,0.015513810098975227,0.005210439690535147,0.0055192373496511776,0.0,0.032355892911402985,0.16417105811885696,0.2609524722299885,0.10935212749320392,0.024378479003878052,1.1881100517793195,13.162772696782898,20.183254316580303
2.676470588235294,0.0,0.02694958604767938,0.012882757075023182,0.010160279300495217,0.01324029095502009,0.010290908405119686,0.0018015435821417064,0.001265685588263868,0.0033148889390803705,0.0,0.007037634172607433,0.009513092843159453,0.0024877560834368363,0.002074706505399515,0.005855265882258041,0.005395046298744957,0.0025211828359396203,0.010011698776063411,0.0,0.047079388842738955,0.004027767650780246,0.2913225464276744,0.3054504387461963,1.1253694210587777,4.259695655383599,7.690518401286997,17.463020413803626,0.0,16.16363247729408,2.0403545210339384,0.7300895981911234,1.2183911115276738,1.6338057970577267,6.1582086246890855,2.8061350425979255,0.43475796952445284,0.03727355939805213,0.0,0.004646266328428935,0.0020365118788305465,0.028584954633988316,0.00507166726132328,0.049011287932275424,0.12728378865402706,5.504634664031806,11.959781720569374
2.6911764705882355,0.0,0.009200008387446985,0.03236648406635864,0.027738108198564898,0.0063059966332065865,0.0053701398691048275,0.0042257851484572805,0.013869116503054751,0.01246272285343585,0.0,0.009293431963376607,0.003430654256610633,0.003021758471602181,0.005592961401205961,0.0038183143426713103,0.0023896390256422668,0.0050745655973780494,0.03086577894061909,0.0,0.026681785772644077,0.10968217437517552,0.3665211510116646,0.5098933452955078,0.348047984441628,1.904510250830259,0.9596832583174448,0.9994776957127182,0.0,6.01975778302758,5.101928705046118,0.4985991975485078,3.124847084283506,0.6571097222096753,6.05410628689415,35.5741767823813,16.281651197353018,0.39119333185827165,0.0,0.013527413891206947,0.0019649601054474437,0.007697056804507697,0.004555204790096179,0.017896800704853864,0.14418886163597894,2.9727818460814044,11.782240847710757
2.7058823529411766,0.0,0.041644937908958714,0.030203750915019215,0.021378009860320464,0.014064335455110901,0.010744104414774133,0.009597293241720567,0.004772755362620718,0.0035260174217280173,0.0,0.0050177539128825315,0.005490521957736628,0.0037611243283717168,0.000664348860368017,0.0015233878237061892,0.0006006389408238032,0.0026802844613243245,0.022930470503127506,0.0,0.06256566815685002,0.08253201006781027,0.29339857454572715,0.2136144351062636,0.27190900662579653,2.4764923644630903,9.157312876056348,5.772335620766755,0.0,7.2606808097499105,5.472445564815195,0.8491092105322922,1.180553636735603,2.2155393208958305,42.06095815200336,85.41381163367606,39.93563347057216,3.697435079188378,0.0,0.25123846214363776,0.008245402912334021,0.0014617270676001537,0.004982846899801855,0.020371309393054676,0.28944596024890873,10.342192014082684,43.277935551610376
2.7205882352941178,0.0,0.024716276023042334,0.0075389844388343815,0.00906773936407763,0.01130136735606681,0.010489205559635801,0.012751291170965438,0.00857622312845576,0.014372748639718887,0.0,0.008079889219641954,0.00466761601559069,0.0029618090173483425,0.002606669917153191,0.0013041158231079293,0.0019146648681319886,0.005643717885556355,0.015330192951458025,0.0,0.048774817334861824,0.1407730437182081,0.2991345985311886,0.19268561896692263,1.5274510175679805,2.588134059885024,2.652059305741936,4.285048091585683,0.0,0.45164547016321926,0.5100385046135298,5.942057900309674,3.208715405792525,5.141108261780275,30.105981451618618,18.085981984532815,12.959573695373976,9.003918344056185,0.0,1.073043243029408,0.01752908655926856,0.005553744827356299,0.004050804749520506,0.027824655849233212,0.39972662641188583,12.961504007844752,63.10922923811995
2.735294117647059,0.0,0.038870791509599566,0.017604077538828488,0.013795114450790734,0.008987066464221254,0.00820062138694446,0.004209264447941735,0.0024146523424545996,0.00457057403096589,0.0,0.005591994406594073,0.013333015603593238,0.011015724191997584,0.0044645671910394456,0.0008368527364694054,0.004272198840573333,0.009142559114409102,0.004753507359183111,0.0,0.03134026512402942,0.05644101457737642,0.524395830081669,1.3295309210671293,2.587522838189883,6.269888138746201,4.132993080554293,3.8425702393913816,0.0,8.979685440355523,3.853798805034205,0.872104773503531,12.058186249246525,46.96266151133604,23.27813172682746,9.480383466186016,14.86122020666524,9.590858159276532,0.0,1.7436115642748358,0.031109642401331915,0.004410458799768382,0.004059064415276102,0.0036211112743928806,0.9355824971950555,5.111190808147789,4.208247436457929
2.75,0.0,0.1350409109681928,0.06716272516305194,0.013991365232844478,0.007440165511331762,0.005112121768779713,0.006157716786002939,0.0037471936157482395,0.0020839497781458345,0.0,0.0016574092561301955,0.0017045583577534572,0.007827876807397067,0.00690200810358319,0.0038535253819743623,0.003204341755673923,0.005825842794251322,0.0041057374878908075,0.0,0.017662645595825945,0.07176317991325121,0.5312302016131911,1.712044072319193,0.0688515562984889,1.5745334590507332,3.6784472641870893,1.516833597504462,0.0,3.995236130212548,9.016658936082544,12.393515448730561,11.753267729197056,22.905244149533107,40.888051085050144,85.34554243277013,75.10947887077967,28.37975458544048,0.0,2.4622302643240985,0.014932080798760917,0.003631806552557599,0.006247312372996739,0.008247238077301263,0.2516136748741258,12.635419149351467,42.93555312577613
2.764705882352941,0.0,0.02390824341163377,0.018776693757072953,0.014612748396081468,0.0075353492060238805,0.019437362711047262,0.008658328906892441,0.012317052535429886,0.010067279104013043,0.0,0.010447475915427305,0.010220172799213166,0.004807830767108243,0.0034739874771117403,0.002527936438199981,0.0008253236431891825,0.0018021815303309696,0.018035281212492392,0.0,0.07386047870670936,0.26759109254789,1.7354726375724387,2.0536711686439966,1.1556648750121505,4.636591300402423,4.179134924015649,3.0861004730395,0.0,2.4409727378536017,0.32672839750282573,0.7683447757916948,10.678952413193436,6.928419993575054,5.767202895694938,1.7358583438924902,0.49656310807062864,0.3417791276643371,0.0,0.207059342654777,0.010163016827817745,0.0006455472975747415,0.0038113548945774576,0.005246194882484645,0.08323558415303912,4.903713443780715,22.16523089322953
2.7794117647058822,0.0,0.07048067530195187,0.009038688107276191,0.02114021904450627,0.02168179823371324,0.022720922872919054,0.011329259360123113,0.01088187086708164,0.005646152736508878,0.0,0.005528283985639249,0.009588423006512003,0.009489350673087944,0.004936443515333752,0.0030444262206530937,0.0007535304713624505,0.004578734423418876,0.005215601276023478,0.0,0.013837193829766968,0.13829578583009747,0.6316104288645614,0.8121087673150936,0.21034453121446672,0.2848503085539885,0.7946335039308933,0.46929876333134046,0.0,0.12679043049270697,4.862881843508715,22.87925516452944,10.85160918796614,9.991590443305984,1.926182385165745,3.820586407919139,1.5753500944116974,0.12764510456018652,0.0,0.05023120266969427,0.012142848474161739,0.004506054166210529,0.004827882816991773,0.010798872177901916,0.24953432432319567,0.5744627350953785,3.384816766758512
2.7941176470588234,0.0,0.017662122626347608,0.013402627340082685,0.008420554307831262,0.015033613080261918,0.015323868450154392,0.008584970200111374,0.00901828372806204,0.0044162532287180135,0.0,0.002977428299934962,0.0018665585590556789,0.003566244905326568,0.011504464851303083,0.008570043287004388,0.012708502882307106,0.01614228749275675,0.024148812123169758,0.0,0.020012441370452536,0.07825146700039814,0.37041694573363165,0.2743951228978621,0.11567313684097583,1.9545292966247012,1.469231591135813,1.4462928093141998,0.0,0.3224252734791758,1.5731470743605764,4.672641063113796,5.874338892564035,14.278431413017957,27.45996164093707,4.422911008921339,0.20790174610410128,0.05192075517682689,0.0,0.01679188477368121,0.002161274175141598,0.0012101794509239102,0.00326484985267807,0.003173989305656914,0.6992973258419575,6.48464936994579,13.597864807640033
2.8088235294117645,0.0,0.03663553330265561,0.023484903077828568,0.02824309813968897,0.021597197240346436,0.011140943559656821,0.0044489293644260006,0.0022104476687209835,0.0008519254974924287,0.0,0.003859232133949301,0.004352198825459402,0.008442854016699149,0.007462975526639231,0.0029380155345517956,0.004257693749676458,0.004611968055098837,0.006548844375885116,0.0,0.028234427624217566,0.01102212931880933,0.1978450722864996,0.03663831282647666,0.7139897985328041,0.4096265173125541,1.4375707898999286,8.372232918616632,0.0,1.9153261556582053,2.740775506552227,7.004243019234366,1.5186971084883032,10.077008301760072,9.958966039527944,1.1704623198048483,0.04364607647476912,0.015306286948027657,0.0,0.003331603856201161,0.002200485905590993,0.001656321537613801,0.0007114032055942542,0.04170051307860605,0.7512253471868113,0.6567733791476567,5.083695371968636
2.8235294117647056,0.0,0.1155297432355886,0.04587090872388677,0.022390461538140845,0.025459822004359894,0.00943392722558526,0.0040090507523252075,0.014810048593200505,0.013336280996054009,0.0,0.007144071552344698,0.004600215052301968,0.002127603712401755,0.002173181533253394,0.0024565801950575663,0.0029530181664491435,0.0036110590681434087,0.008427551150463303,0.0,0.03281117870115824,0.08083628167405943,0.01457779141654382,0.45176527399111016,1.3384259659532396,0.8266005810032802,1.2267221147155865,1.4624282208531771,0.0,1.0019145184942584,2.0525681265451254,1.6345463632370945,0.38710914477909664,2.0394519411996903,0.4932104177844072,0.0799416486803246,0.034589524100937366,0.0012687153033422891,0.0,0.0014908802744909866,0.0028863778051145352,0.0015859667747023798,0.0008737795996077753,0.0021102680928608295,0.05165900120812188,3.0123234862968244,24.508773957110332
2.8382352941176467,0.0,0.22252704046596178,0.02563376002922083,0.00999517664060081,0.002928036823755791,0.014725937448721485,0.014830930807827224,0.0036380674592645427,0.003080808983691465,0.0,0.0064991257288372194,0.004038102472876645,0.006212679370318128,0.005416607916003022,0.0027575718855695147,0.002850772347377668,0.0024353439078284023,0.016888954798645144,0.0,0.042623150973379,0.14075311169136406,0.4443888985362398,0.39849209122431584,0.4646077177153911,0.9522753364949431,5.4379168670571705,13.834400595714582,0.0,9.660463913355091,3.8457276364160107,1.253915522713509,0.07228108239028838,0.12844097257415793,0.03139015804359873,0.004881158297557521,0.002838796580059799,0.002187387034492415,0.0,0.0028834463842797413,0.002550710845158648,0.0019032649510325804,0.0007104017102713389,0.0026484853055795984,0.0779588881849082,6.012387743541256,9.39593390349743
2.852941176470588,0.0,0.03547590873969348,0.03708045341538875,0.014981125698135441,0.009447151373448277,0.006198151450253427,0.003385791067484589,0.0018888184384477063,0.0019145051258859583,0.0,0.0024206305413790527,0.003924157421332446,0.0037680498430891062,0.0016523763836941716,0.002212235782979858,0.002056100391378175,0.0009868773604170857,0.00224865899902896,0.0,0.012607419922494166,0.011348895702196523,0.15613514027600295,0.9449217115504516,2.6374750962035267,3.9537285570077314,0.7273144016584363,0.34283966429991436,0.0,3.8493506114790472,3.5381533829498095,1.5037119404498096,0.4670421825394899,0.06927449890690213,0.006839447909210959,0.0005429416526977742,0.0023640744196494297,0.0019646363293603156,0.0,0.004234733216410738,0.0037849955319704566,0.0025587933933679027,0.004494410663351843,0.010673723679432583,0.04286386477110253,4.779529451189576,30.650716097623675
2.867647058823529,0.0,0.17971968573825314,0.029544400727311668,0.002324820058426988,0.0010154209618254593,0.0013369072782893302,0.0031011642326316618,0.016400525832571525,0.015331209654205119,0.0,0.007139987925508415,0.0029251862143694204,0.002944325989695698,0.0023568776948528244,0.004239938907038254,0.004069773486693011,0.0012575097756781788,0.005174054398561349,0.0,0.004033032805534557,0.07415004586527092,0.27892463858993904,0.2960346115444272,1.1920687177155724,0.44274634233241894,0.04767364285398422,0.1189649719348792,0.0,0.7866607125957152,0.33370458546088644,0.0411255941285742,0.1653861270184826,0.13697281006909656,0.01097310716001832,0.0027281745605917088,0.0044362096342800686,0.004684832743220704,0.0,0.00400584224204051,0.004391013474511252,0.0047656686675269025,0.006679049387347132,0.01844019488490043,0.450805195763499,6.871763481681711,5.90003563712958
2.8823529411764706,0.0,0.14369643358940606,0.04262178359119506,0.009363990148283066,0.007436469107069746,0.010801784650966553,0.006593764315164204,0.010668363748749611,0.008070693428785775,0.0,0.006048591409252398,0.00401970364378414,0.002036116129052961,0.007368944249746011,0.007610349224359902,0.003155392560083331,0.0018883686773169045,0.005359715093478348,0.0,0.06959656233017916,0.04701487922977383,0.1556712611867458,1.7260653260726135,1.1598848134109143,0.0412791936967173,0.7008173725205025,0.5254686911184281,0.0,0.08287203525715059,0.2335893415258935,0.11285205779368576,0.0649561996339392,0.02916360701850357,0.005088044336321587,0.0024000509943009453,0.0025741774788932996,0.0005160698991310864,0.0,0.00020110889836462935,0.0009517153665903814,0.004726007353956324,0.005594372966896337,0.027987249405789418,0.5579322169443286,12.086980586805193,23.781286685064213
2.8970588235294117,0.0,0.058746434966204034,0.02085495544957552,0.014935339594978433,0.024444109652288167,0.019751009499941748,0.006737941504151038,0.0020634149028379454,0.00648342328350419,0.0,0.004764115689208707,0.004645036326597674,0.0034872821866734427,0.005128440304503722,0.003197036572239337,0.0029654994621413217,0.003066827039612102,0.012370106844927335,0.0,0.011102299248959753,0.16665767126115877,0.3146187583753085,0.8086554055470546,3.8779283464921734,9.83245555078662,7.896898121545801,7.448150844328931,0.0,2.23697257472932,0.4132926293226172,0.25579763880991757,0.06021748280692482,0.01118797217284857,0.0031772021652809587,0.0011565913483962318,0.0013657613569360225,0.0019353322921036543,0.0,0.003009974569343857,0.0014759827461251064,0.0029535715937185803,0.0024852752368455236,0.01815055291648752,1.9925277260526164,20.930262480839538,45.6585657926131
2.911764705882353,0.0,0.04999008784854486,0.04115383683792153,0.006534884633974088,0.004953035449630942,0.007321691482947529,0.001393572922572956,0.0038011725687644785,0.006902620435977424,0.0,0.007810928881125514,0.004411067776644399,0.0038142531351588937,0.002434267259223354,0.0023271697938650887,0.004326824329103168,0.0055963478560052266,0.007291099113087978,0.0,0.010827586642089354,0.00941361430818809,0.037374640208704825,0.391022823608761,2.475855120088922,8.795612102198632,11.11142420087472,2.501604230720445,0.0,1.2567450118894998,1.4588850676745628,0.09497739642909953,0.011651129467334766,0.005548060183620473,0.0041331955385518135,0.00452582154358717,0.0019923275415371653,0.001177604367443624,0.0,0.0028991208599971393,0.003216393487546075,0.0026960753975552258,0.005172144900631413,0.005521340901319656,0.5908235779068087,1.074366274916422,13.79426207623538
2.926470588235294,0.0,0.09149757578553269,0.01650869142957636,0.016964638530753733,0.011746172967966925,0.007093928361797038,0.00806251428682276,0.005451075778210544,0.002868810886944754,0.0,0.0011644725780653948,0.003115852767246914,0.0029798436178787116,0.0011530727787871034,0.005555040256144875,0.01134592558111399,0.00556604637522699,0.004591485717117962,0.0,0.03173762730104317,0.028391152332571983,0.11124582858626345,0.5282853258044171,1.555387137123799,0.9972257803419364,1.5140146469925422,1.3926572767226597,0.0,4.596027426859278,2.8463759293120994,0.4708320359079673,0.021083353954158106,0.0044758478537728266,0.003012665054648707,0.0007368939957888902,0.0011302937233027474,0.0018140771762251465,0.0,0.0008907905171103025,0.0012149246439185993,0.0026441665903470116,0.002225249837498226,0.01848124289187117,0.26337663125398286,8.553056525564294,45.64321707284782
2.941176470588235,0.0,0.0561324458357655,0.04238700825428112,0.01629016295013312,0.002749088753537616,0.007573630158692169,0.006314139129828842,0.002955850296209971,0.00588693212516281,0.0,0.005236657880217313,0.00041235305277776687,0.0013524152520591507,0.0013634053617600482,0.001862050574512936,0.000973301377738106,0.00343544355816507,0.022734749100732005,0.0,0.0321389717376021,0.0374673794463331,0.3255681985404889,0.8328500156926607,2.2652507811366496,1.717813031755706,0.02848765780168349,0.40783775397946265,0.0,3.382373612279466,2.787031876679764,0.8965407110407457,0.08289148969455204,0.005858586837765209,0.0030303635495190495,0.0025978111411697315,0.0017158917466147485,0.0009316971341437978,0.0,0.00041478361742357733,0.0004137295198914528,0.0021916860038792662,0.004954713859374552,0.013756158101714117,0.15613753460567725,5.08794970565072,10.59443308956956
2.955882352941176,0.0,0.15292945526973814,0.029794194888405193,0.009325985896886739,0.006881586437722099,0.004868625118061919,0.007308436503015982,0.005485796472166004,0.0066782210073982875,0.0,0.004622403898979267,0.0012886207781538917,0.004160090437771283,0.002083691943529877,0.0009139479006750012,0.002726042666573965,0.002088568898052169,0.00485882719739675,0.0,0.00741412955324185,0.023356205403573978,0.09857203175347913,0.3891062714122186,0.19337754500911353,0.5577872062083719,2.3480108662070656,2.7189561006004634,0.0,1.5022958236559747,0.6466096023647097,0.33911320349709906,0.08910749160937254,0.025663421405259127,0.0010583755371015864,0.0016018477660076622,0.0011762673126792674,0.0012487110911442749,0.0,0.001425645412296794,0.002669144811773045,0.006145984023303516,0.011027043651099213,0.015712806831502196,0.2765071118278276,8.906912918677975,18.247331375992324
2.9705882352941178,0.0,0.02685811462663048,0.01481035566797586,0.01039282287973873,0.0032097785742919854,0.003019255551175209,0.002737696241598812,0.0033399140990647896,0.009926404605308388,0.0,0.011441477908164601,0.0027810356991287387,0.001160025083214013,0.0015920474108178774,0.003981689645131842,0.001964790005245209,0.0013219175316171261,0.005360036333271625,0.0,0.018651670050193275,0.03581588232305055,0.01669580872259702,0.1056556378935605,0.354795269821052,0.2012829642602686,1.1132780826939142,2.5798408138075337,0.0,2.0402151569615223,0.724214900770838,0.16565885316123763,0.1847513580972339,0.09607605791264526,0.018322566149109838,0.004037217194951076,0.0008757700036688992,0.004043879939024112,0.0,0.005082585318597704,0.005535927872666269,0.008530352540865309,0.00364414945137783,0.009917174727216,1.0797872797436057,5.31430021538487,2.290470742374392
2.985294117647059,0.0,0.009145077300802705,0.018614649383887454,0.00522701596555687,0.002766346451147835,0.0066816826751110794,0.011628074107796581,0.0069064074188548395,0.007782884320790723,0.0,0.005224153782498216,0.0017719153338619602,0.004047612808816564,0.004807132403407244,0.0013757890384066295,0.004771192898800112,0.004698612132350299,0.004860733863116839,0.0,0.008876797214925276,0.05195309745357543,0.09678310297229557,0.24259203599931753,1.259984371267434,2.6250708537031886,1.3917182812675188,1.1535533554125625,0.0,0.3602033282988291,0.46179873094287704,0.0648958598101901,0.008777348207263596,0.04195493727262943,0.05706565590963897,0.03428448160689855,0.006567580809502706,0.0035591802194159146,0.0,0.0016702992664934973,0.00034160054870450193,0.0035391878396022966,0.0020714872554900257,0.027762355734828444,0.7085633824110833,4.216192932122789,4.040657337899444
3.0,0.0,0.014409300064541903,0.02012015849000245,0.017869299018056048,0.008558624275470609,0.003695024336843728,0.005098934630304969,0.002081751289466369,0.00869016564987923,0.0,0.006229354012112966,0.0023876380172256043,0.0034266640646007937,0.0026193244538612603,0.0021074830322474975,0.0008522544093617231,0.0014473710645644211,0.0018223231564770516,0.0,0.004266151390536919,0.036377072000445494,0.2018343556822812,0.0818495810988876,0.12904406815910285,0.5017290821781534,0.04085318101948172,1.6073640566540397,0.0,1.4294464522722934,0.21207517598176936,0.2051063709305475,0.14393363914278012,0.06994045937422169,0.07895649678348418,0.2149828816600229,0.017409341284676506,0.005826907092547425,0.0,0.0020141518143887488,0.0012913469391927425,0.0026565454634645312,0.002818850019096533,0.04635258530030667,1.9533123466532516,8.438705522669883,15.5029128119528
3.014705882352941,0.0,0.011418766311931304,0.007549374442571326,0.009541619185369311,0.0017459471272027113,0.003834704696997002,0.006294878013821979,0.006177391209038486,0.0038245110941981797,0.0,0.0008028491227319405,0.0018747717736153982,0.005585805915376044,0.006040399039694682,0.002657287123183745,0.002119298937824959,0.0023638211651762844,0.004630803381151469,0.0,0.006216110134375622,0.0028142289672595327,0.09309098725002085,0.6021164823500258,0.6244392169964352,0.617272203926438,1.7383850893209414,0.4126161291961259,0.0,0.3247951398963488,0.15376806373474844,1.3253691514475154,10.659015984608017,20.504696993812004,10.807903889279174,1.4565335974183307,0.11241862615236181,0.005119644270401321,0.0,0.002738827775132371,0.0033536958743388637,0.002043742620035842,0.00823659827835982,0.022960425619532536,0.23632650550368162,2.8609775664723323,14.89939494664646
3.0294117647058822,0.0,0.10847283306104817,0.023755432431804613,0.00958527567929534,0.007108335195258891,0.0012709233268727348,0.0071105424105292895,0.011635055889219016,0.002663348221614915,0.0,0.006384196002771932,0.005938437990911068,0.0058489875747837925,0.0026466496046292543,0.002465044518147398,0.0006312226021963534,0.007068048524097832,0.009399029820158935,0.0,0.008837225086991198,0.04556535878208081,0.20003154342212603,0.22558558884745394,0.43437924503294234,0.287680718808632,0.43016491064748713,1.0246473630181376,0.0,0.4317872240846926,0.12333343989615819,2.2727618116086967,3.065124256862001,0.5560352361257548,8.550147258351235,6.3680601639379795,1.1569572483890134,0.030077951152462194,0.0,0.008391126092318051,0.003403988161008126,0.0017069418894897536,0.001789299287654103,0.0353245938204768,0.03617767189770485,1.0796478024794107,9.541061192787371
3.0441176470588234,0.0,0.11518441321789535,0.015411237065702733,0.007313794617811473,0.007116835230415646,0.005187610565490879,0.00547392716899912,0.005192906712002841,0.0005679693799258867,0.0,0.0012672361577584052,0.001284010380810727,0.0012913012624124966,0.0012704430978235746,0.0025379596626538903,0.002266061862533379,0.0044892760181024696,0.0036298239302026093,0.0,0.007973640090138833,0.005389522373108084,0.02231176095316443,0.4059667788746565,0.632434886861728,0.14943493210777448,0.3997121722757002,0.26481616420729337,0.0,3.606573220982362,12.025866149430954,25.745463626991146,23.768087219177566,12.13808024041778,3.1806819751082673,1.6040598198395575,1.5905991865732818,0.1949512461103332,0.0,0.002619147533020398,0.004238628795103556,0.005688658548269051,0.02013684328610522,0.015347409226491155,0.5188996973895683,1.8603382237802504,2.5714756494310236
3.0588235294117645,0.0,0.05223854106379225,0.02644479676848885,0.012015070140998625,0.006955580187516951,0.0035414260856675233,0.0010416145874004093,0.0012042307121456642,0.0035720302280456894,0.0,0.0046049184433177865,0.004324067267873857,0.002856382080924628,0.001201382113263891,0.0007089076313213165,0.0017221008396781834,0.002087067342948548,0.003105484024975015,0.0,0.0008118029680198559,0.01026699231316601,0.10179855623590614,0.40517865911433915,0.8282249782025191,0.2384748510452735,0.08726281650789945,3.5925715874129107,0.0,22.21337250429761,6.443466460449702,0.5337843787883554,2.529483433503616,2.870953369423085,1.4798488370155296,2.2852163037910618,0.40374861776663606,0.0847586035699594,0.0,0.012476871885683307,0.0037440803696405147,0.003604628098206133,0.005210773913759437,0.017130403692177918,0.31454372139425324,8.21530463847565,32.53851128529502
3.0735294117647056,0.0,0.03586595118112382,0.03646030787538672,0.009884218503496736,0.010345066840443602,0.008340544864328938,0.008031802770720983,0.0037903181830533797,0.0020405937108749954,0.0,0.0016347049827989636,0.0015001726341186197,0.005491172983017456,0.006186336452108594,0.002469100537703911,0.0023548331088983445,0.0012322700038413313,0.004576605867794174,0.0,0.02305830523635377,0.018707199258085155,0.028815115709281604,0.2378165869345178,0.2736180183016911,0.2995210386947854,1.5754232377508544,7.5510767346795,0.0,2.407592264789035,19.104821117296346,11.335603033233475,18.033996446658612,11.572207440909686,11.651444775800105,12.131380936534928,2.137588174013004,0.036465787173750014,0.0,0.004934479182151772,0.005727570723507666,0.007768692179253281,0.009664096573224683,0.026284040619542967,0.3930872876187692,13.571931393560774,17.100491252399376
3.0882352941176467,0.0,0.02968424240447929,0.014603359675986534,0.007555944037012455,0.017361125061018803,0.008520883142732655,0.0015971361948647724,0.0014384928901426614,0.004781713973039005,0.0,0.009717807007502143,0.008516250621817609,0.002784984121925519,0.0032386060594191348,0.008362793077103196,0.007011221435737881,0.0010083480926520944,0.000984646779946169,0.0,0.001970420972223291,0.04363925780013001,0.21422113404863405,0.4890235371891668,0.4905763518957806,1.2805660592814487,2.5497175946091137,12.400944838615345,0.0,13.036409623831554,10.413454419646104,10.363507601454547,0.4190039177954351,7.506953840751005,5.051589240385981,0.49837756288166646,0.09855065534911253,0.017437301467644883,0.0,0.0054970538381660765,0.0013005711408747536,0.0017512649362420216,0.003998563030019444,0.007025115302498507,0.356130451250703,13.409465798512574,103.10027379393702
3.102941176470588,0.0,0.03256862861732674,0.009109554425935737,0.004471972811247506,0.00915210404349208,0.005670340162991928,0.00393149405212704,0.006628021301570777,0.0042936644611943475,0.0,0.005910278563854871,0.002593010787356726,0.005608678551908261,0.007349746731170297,0.002927964782494892,0.0024900961044599435,0.0012963572203036763,0.003991536820980442,0.0,0.004755827278354042,0.008860848950801166,0.010782203602331144,0.10646832178887533,1.043737238435226,1.5783610791674763,2.126021158069798,4.186470493334252,0.0,1.0717887259779992,26.533300358867912,25.884782118807955,2.0969285830334234,0.9668272911245572,0.5871230240081805,0.01278830172668085,0.0323007006821779,0.003970814220937461,0.0,0.0011062857335582383,0.0015368985177150296,0.002079047854719953,0.0045567867577901424,0.013545789314740417,0.6643410372202546,5.746573152770287,19.939146460177366
3.11764705882353,0.0,0.13052701272094722,0.0468190585934707,0.01459257747032116,0.005216103597050164,0.003037315873912802,0.00525791039299759,0.004265222157127468,0.0070631148846033755,0.0,0.0033579216183736503,0.0015409665588076975,0.003972409422896419,0.003439897606252792,0.003097881461928844,0.0032761867825583245,0.0016794254734730884,0.0034984309232925486,0.0,0.005917608112319866,0.03441873957405342,0.1956150975550398,0.32831157436447655,0.21394894046592805,0.15619883819824645,1.2824500305992785,6.5604566203613,0.0,2.272180234214355,1.0985213538262122,1.2393542520873728,1.6167155896352408,2.859030823793152,0.7802665597688367,0.0469685925006815,0.014433031474956455,0.0028000594329917966,0.0,0.0039007531386744208,0.005863187216587811,0.008767982741229283,0.003328917670322027,0.009673762808567228,0.1620470598482243,5.920601708788292,31.37065462457497
3.132352941176471,0.0,0.03414134112326009,0.02594343852001378,0.009498147427160283,0.005876136129683918,0.010701533065274826,0.009449750244310225,0.002712893195935003,0.0028770100317471493,0.0,0.0016237706836837009,0.006306457695853409,0.0047226758735227185,0.004738711466418473,0.003782526467964134,0.002617304473757736,0.0021702427651488065,0.007547912660178813,0.0,0.02012142183133727,0.009244209016924406,0.10338344829477171,0.3438735644323151,0.33574403494490623,1.617484320780938,1.1911225125771057,8.559707925502607,0.0,4.439110365464339,2.230668577749533,1.4523246258954061,0.12687940269330208,1.1055167439606493,0.3909858793624258,0.06358575707506721,0.002679268235582274,0.0009303745703651712,0.0,0.0012255851689864082,0.0019448012165881724,0.0009517626062395181,0.008347505748144073,0.0043042632864230814,0.17581331240570083,0.9774809792979309,27.765120893534835
3.147058823529412,0.0,0.01688846345048512,0.02149338010885708,0.02686920652123155,0.016318173994040702,0.004933273035635829,0.0025944160867760694,0.0025552406012331642,0.008763650326454916,0.0,0.0024060241986534744,0.0031418675742397304,0.004375590900000917,0.006830025241067411,0.0029771410737245356,0.0037423304371804736,0.003411736396910565,0.005641528489771961,0.0,0.019031528206075555,0.018941100552796693,0.2686261215333107,2.0791719346156494,3.0000850371667966,1.5323442562991876,0.4773812855986721,0.7388987683049144,0.0,1.2432809662033746,0.10960692201470654,0.024542721498300564,0.11067545145672708,0.028931777673127088,0.053383265327454105,0.055532228759281446,0.01399794543927503,0.0020210756981227174,0.0,0.0012577295399522547,0.0018864755987681922,0.0017534001200935297,0.0005393376918113734,0.007919534680131606,0.22279867736250697,5.911652275681185,53.745463149784044
3.1617647058823533,0.0,0.034415475978192854,0.037608955424498144,0.023477891380356226,0.004213743522118651,0.009172694699055387,0.012783221490103837,0.008479288221185486,0.001087795167840415,0.0,0.0019374810026003267,0.004062775040041687,0.0063906583768692776,0.005131072297563869,0.004871202768649317,0.00276346674606471,0.0018468400945718926,0.004032101551695073,0.0,0.017745635200506524,0.06892622305769239,0.2947569664397419,1.0382186953080783,0.8864110564793315,0.7995486593573617,0.9440066258016806,0.6572201353741696,0.0,0.36386075669162565,0.03226729974608886,0.0073103013124505845,0.015193022833891588,0.0025246493170397724,0.002599229620996961,0.008392853242146689,0.005087990786246407,0.004234713759429231,0.0,0.002801971612690841,0.005940789962485045,0.004721259357206301,0.0015673665223756251,0.04367276347474765,0.4938245659757775,2.4505968837283527,7.423201045372127
3.1764705882352944,0.0,0.02629180395184164,0.02201828722384585,0.007699662373896978,0.00705151813338888,0.006521177253166222,0.004771837555206602,0.0015480937075716445,0.0005242370988066009,0.0,0.002448034796423298,0.004492954480160304,0.005003591704728996,0.0020484602408014376,0.0017666690210419852,0.002274370580085937,0.0033449385850198446,0.007104151927088356,0.0,0.02151001018286562,0.034520884960130505,0.04107465695306415,0.12924283230757438,0.4189140886348942,0.3562601954029171,0.010314150896311703,0.12435071983486286,0.0,0.04977209767487116,0.03379421478347971,0.013565804262776135,0.004577999404562251,0.002557231540716534,0.002678989269051674,0.0028591972852142636,0.0030813385877261302,0.00040286520582759685,0.0,0.00043482015469991514,0.0007511272735029604,0.0011985501936686781,0.006266494294902989,0.04532854164073652,0.3141792874698173,0.984275348790181,2.366637318751985
3.1911764705882355,0.0,0.062459386469186494,0.024226605280804045,0.02702417226337778,0.008653277256240504,0.007138497138764369,0.010964773597490169,0.0040567238367952615,0.0036881168899414165,0.0,0.00538929508800601,0.007010661237258754,0.004929413341758686,0.004390377768410029,0.005081556229551472,0.0036237116120631124,0.006061194797221091,0.020070292527147062,0.0,0.013385314858626129,0.04623709428341998,0.01637753260072908,0.30164039403968373,0.5871781873190413,1.033956989617155,0.7722174473446177,0.2259746985111026,0.0,0.24280698418356417,0.07935756052383058,0.01868644765449988,0.0061393462056721915,0.0014747652367056554,0.0019385506967743481,0.002426664561818531,0.000745815725191987,0.0008550277071257113,0.0,0.001953629177351002,0.0027126528800886507,0.0023791860700341427,0.0005071552579477502,0.00668149086417786,0.18168555558420632,2.1232113886695787,8.135579640714674
3.2058823529411766,0.0,0.0422558127461241,0.007243937808389051,0.02188995000713426,0.016217073067789207,0.021167008360759264,0.005123841372323383,0.003869064379307071,0.002488661153125756,0.0,0.0027938617102068073,0.008607188722875777,0.0067889641165842975,0.001540642830959281,0.0004275992730833293,0.0035672274084788723,0.0030182049080536752,0.003071317733137309,0.0,0.04111074624014391,0.06716762444430607,0.0068548862690508685,0.08489168129004582,0.07824386822799705,0.1559164899374793,0.09852572023814984,0.06356576161931217,0.0,0.25703269620424707,0.12097436945931064,0.004455571862952106,0.002444756931485318,0.0013914196665316561,0.0006819625959667434,0.001981093066737525,0.0012247068736851757,0.0010030101181156329,0.0,0.0014326572012090695,0.002760140626658006,0.0021124890847114804,0.005080530622353031,0.03539903030678477,0.888496367296769,10.150980857636979,22.366677572002455
3.2205882352941178,0.0,0.031845319406156244,0.029625400026469094,0.014977856166006614,0.009677640325852638,0.0102974976636327,0.012885809191136868,0.005828596809008154,0.004130068560234212,0.0,0.0043815772959620225,0.0017348687465297682,0.0017573689652963216,0.00219477396184903,0.002786935255494956,0.004905323944308293,0.006488204348647551,0.0042174484978380385,0.0,0.005308356005719059,0.015374283434255707,0.16998402775467428,0.7406830193407891,2.3400221813029503,2.9231974255970252,1.0786326000312236,0.08934166428752663,0.0,0.05518277840076141,0.01135670420630916,0.004172298937022301,0.0029513635525056005,0.004051272231293197,0.0029634015468457007,0.0010980513335316585,0.0011357561915096652,0.003284894665704554,0.0,0.003350864540518024,0.0020571916862703707,0.0038026042059626677,0.0020337862506695017,0.012934396257372107,0.2706781169950727,10.381735189832678,10.191937705505373
3.235294117647059,0.0,0.01843532559685652,0.011903080405364233,0.03215378649338663,0.02024565016637344,0.007641526454496686,0.013187328087843432,0.007271422724529269,0.0019011437424413858,0.0,0.003340982547364817,0.0019081110007259348,0.0017257000468399815,0.002874616807732127,0.002939309471325436,0.005111332077065223,0.005396238012373113,0.004804946407109718,0.0,0.012573499217226457,0.005029552607385532,0.023358777157402533,0.06650588695740477,0.016238736724719656,0.1420775579789764,0.5997864563266941,0.3770392587222317,0.0,0.0581941272223074,0.02532385752095205,0.00791840248649334,0.005137353469714119,0.0028674985610397407,0.003577774190964534,0.003252828747666996,0.0009975144472120154,0.0014082062955858585,0.0,0.004519216189858048,0.002264939285134786,0.0005883507420965773,0.00041399845128052586,0.009818511425860845,0.2683810748408896,15.344041282731279,36.678532187915394
3.25,0.0,0.08242822637595307,0.03967958323682973,0.03878230247832044,0.027778744391896315,0.01716651473648543,0.003205032154191859,0.007148889965342342,0.0068705908886222,0.0,0.00559944733967481,0.003236524883068696,0.002627378437236266,0.0021969144089720406,0.0012495395463035903,0.0010024678055057998,0.0059251747951607325,0.006098598258828838,0.0,0.007109624853417456,0.03922607301039907,0.08044985524872766,0.17740967814594272,0.33353783549454674,0.2807412038617424,0.12724663551681392,0.22700793749946468,0.0,0.14345554461951973,0.026889346464902215,0.005035266739338156,0.005824251761953565,0.008773541005280553,0.00261373353714578,0.0020336930272486283,0.0013631417021586056,0.0018167268919287534,0.0,0.002909431582428066,0.0036488986565999418,0.0021138046798557368,0.0013919240940958738,0.013802814222881734,0.2208000217422777,7.393714358602976,69.92105060006028
3.264705882352941,0.0,0.06551627958379008,0.04788026784919551,0.023003805379999766,0.016509809094700012,0.005120463373740665,0.004011960093159758,0.006090454747476074,0.005668681199018943,0.0,0.002036508236032072,0.001735972901191345,0.0015283691899358484,0.0019153870035572926,0.0023058697327313915,0.0032357092885417892,0.002144496259640017,0.003014108145703498,0.0,0.0169040494093395,0.04668070952510488,0.12504437699479773,0.05836853066059714,0.07784271896723163,0.047617851996115276,0.2941608602919376,0.5080657140135276,0.0,0.13258095012920124,0.03163519693598216,0.012094174025480586,0.0020706550753523804,0.0014358717835998274,0.0026806441556113986,0.0009049025178363474,0.001171824985022419,0.0022167139089453733,0.0,0.0009784646176833067,0.0006490048064208609,0.0004075199263053771,0.0013391832899088236,0.013789259488390049,0.5246842615633326,6.942294463380787,14.837400121545109
3.2794117647058822,0.0,0.027181800386067247,0.031755584198067455,0.020478750303052694,0.006401340885155343,0.005809429222435985,0.0013972157175191685,0.0009614142701241588,0.002259555779558642,0.0,0.0036709808314200005,0.005891770479945888,0.0059637197656055895,0.0010209669228068274,0.0019258204894534088,0.0036809207539601763,0.0031314047575972444,0.0036938463858033985,0.0,0.0027496377353531066,0.017845093394462844,0.05497920644429802,0.32117515585800016,0.6675126836586627,0.18178114640927706,0.04536022577628487,0.07411119538449648,0.0,0.03891356755396683,0.04035594480928754,0.005766354022806527,0.0011430384293878446,0.004284654418989353,0.0018067296251314587,0.0017984109110596772,0.00254919192623766,0.0014562324076452654,0.0,0.0026806883227103884,0.001222863600229052,0.00362687593797811,0.00383807358731699,0.007276788755563478,0.2590116238093648,2.2624094205947074,11.1813395618146
3.294117647058824,0.0,0.03433372875427913,0.012795815476347856,0.011314904762671857,0.016193150006789676,0.016216113586399215,0.00962170802340535,0.008681557731017258,0.006356784416187188,0.0,0.0036512021745694384,0.0039005074682992684,0.0021485179451437514,0.002256435424817666,0.0016187979807187592,0.0025478631876603547,0.0031601191150297343,0.007297163299796682,0.0,0.013382177619491193,0.012215549107980075,0.06987895045511726,0.18658333625584725,0.12609614040947914,0.19207365536486576,0.18397795324782468,0.09657424209855198,0.0,0.07751675558847503,0.01564799135186558,0.00925235932809993,0.004567669803691448,0.0012510900766633413,0.001224933217754764,0.00160162131593125,0.0015430681170815615,0.0008940601961931157,0.0,0.00040991200565627467,0.0013629534690172839,0.002798324110724031,0.0010460933027278338,0.017800204023999924,0.18460349154982314,5.671755009419729,11.513730629726561
3.308823529411765,0.0,0.0649902487678184,0.04261030362554473,0.012242527094517843,0.010261193655265097,0.00434829027616246,0.00804437045264109,0.004333360977113577,0.0033840413388492273,0.0,0.004004157503165362,0.004314058729249736,0.004365553893888796,0.0028923562354320823,0.0009451621543092839,0.0031824977761844547,0.002257679759427777,0.0031022107257702583,0.0,0.0030097906326459747,0.03935046783348756,0.10452566169148977,0.13706924713315669,0.01906840483225656,0.36854491492796065,0.20380702276967366,0.028763024396313504,0.0,0.0008248746669782029,0.029371799820023626,0.015522485491276564,0.004766882950248095,0.0019600881868189843,0.004989008750675342,0.0020076933489087696,0.001675014999277727,0.0017905175074688561,0.0,0.0015487284198719084,0.000651611517931466,0.0008889433009170402,0.001287002195095276,0.01936005036772173,0.16953783312373127,4.5479312795358595,10.036389341666236
3.323529411764706,0.0,0.04408828991412958,0.028222595045768687,0.02174191331731491,0.0023018070344163126,0.005129939074080362,0.004113834375278255,0.001875446432701557,0.0022923129090815057,0.0,0.004350260551469472,0.0006832840292033619,0.0012152810740128834,0.0022269657011860775,0.001273534773729495,0.0015560461999531532,0.003641383001989437,0.0022084063019818445,0.0,0.003963511994406244,0.005533447496217297,0.07817635276959124,0.20834247514552723,0.031640398065198146,0.1926722688860137,0.48341699153053486,1.4715022548128516,0.0,1.0439158445821697,0.25135067985247955,0.03454348651609586,0.004223194184389575,0.003355778256478377,0.0006723056011096761,0.0010599230709992383,0.001737409798984266,0.0005502399434648543,0.0,0.0006413790547460829,0.0008711368315790346,0.0011266839688524326,0.007078040854191654,0.044732624960546724,0.3286068240120156,13.297767325793583,45.62594225643365
3.338235294117647,0.0,0.06878402765514692,0.03720630405612589,0.018746341943180013,0.012704336711520239,0.007196038551565612,0.0035910409913101405,0.005930408471765182,0.01263110489199934,0.0,0.005594750164340148,0.006336771201822313,0.006037274338563681,0.002968467315293729,0.0029461865503715755,0.002937722886687321,0.003813937417595357,0.009835389537051934,0.0,0.004378349805322496,0.0018267022742541625,0.049685985179720574,0.3061365895009672,0.7544549134131278,0.16683503699298088,0.4715002638735596,0.21367393556550368,0.0,0.17039190073587743,0.03618653147786145,0.014069481092764463,0.0049532290074079405,0.0025509896439469375,0.0035886660822515744,0.0020282714411477753,0.002276911318245928,0.002718771658247068,0.0,0.0006718847871413868,0.002340844220713307,0.006001813171201367,0.00519696041513034,0.022421497301504667,0.602239036657447,10.724209684516454,192.89239782759228
3.3529411764705883,0.0,0.046623890146392455,0.0063617976816503635,0.0067675647738756626,0.008733906696271538,0.006978228810700239,0.0017800305710714832,0.0017002484940791568,0.004539357942180518,0.0,0.0030255978164674775,0.004277266064688847,0.0052671255908065895,0.00761346949952444,0.0022769791545089063,0.001831194301254467,0.002549619367977523,0.0036106147101691148,0.0,0.005937794485432925,0.007469134990736438,0.027085987284098702,0.2197666574732124,0.6529021287587784,0.5630632041939602,0.10361298773148875,0.518437587382753,0.0,0.04193590735972298,0.03196631763286138,0.011002332259193465,0.002312456832673273,0.0013987656199719047,0.003095678514548505,0.0033215170541787027,0.0018038960907119502,0.0016945545162613076,0.0,0.0017573477998322458,0.0025487030801541128,0.001925941602732096,0.001581805808900373,0.011195505439795753,0.0769686113994636,20.259364246288026,83.17836574763508
3.3676470588235294,0.0,0.008568666629337364,0.020253788228654437,0.01887507590470669,0.014529686940903862,0.0050283410118690496,0.00447804213749683,0.008017958922938478,0.006101739563319852,0.0,0.004124550255561936,0.003311559433633901,0.0036641577677269848,0.004904685246606659,0.0021576218429964758,0.0008800520834355668,0.0012839875390872363,0.002891920031467858,0.0,0.017115022780103024,0.03519643198014301,0.12648524184785326,0.274232215690572,0.8699074471987907,1.9998465268713654,1.1057307180312832,0.3175742424628597,0.0,0.3022423833728908,0.07735360700061834,0.011016824731758055,0.0023482738805577414,0.003627892450370101,0.004824712310747659,0.002683622335170839,0.002800097708744961,0.003814280903182256,0.0,0.0011350126537069383,0.001613704173815437,0.0039059195129284656,0.009413253762896093,0.01033434259339876,0.8867246170492452,21.718795538324464,85.3107631454719
3.3823529411764706,0.0,0.1367856234516543,0.07517706460830662,0.02295023542606255,0.008712405120137339,0.004359002670527225,0.0015694975319643077,0.001340367588950047,0.0015348245617827654,0.0,0.006050984927381336,0.00690559968723376,0.0033608497713406103,0.0019513673842808971,0.0038846362550298994,0.0014930630237302068,0.0019161648909086304,0.0021245539358795773,0.0,0.007148080017925341,0.016302425768999984,0.017487836748474702,0.00830305939071697,0.44386073516819663,0.6898803931678648,0.26865810942217705,0.052182894646622735,0.0,0.03560549628717731,0.010241224752843042,0.007907774697230871,0.002754075834632901,0.0035396920494254534,0.003990013701097912,0.002611286175206294,0.0017907658752801471,0.0011788294316757598,0.0,0.0014745961208753255,0.0010832094526401588,0.00377483258482869,0.002414276380169977,0.005923264385760114,0.07934221179779437,15.249929695677015,57.07411588882894
3.3970588235294117,0.0,0.08142668934570094,0.020392924462306252,0.015218899443032737,0.0073024211274844986,0.0036070101590030485,0.0054862894150801336,0.005853128917001063,0.0005512581032737637,0.0,0.005759877165876619,0.0048049749400266165,0.0030259364825065797,0.0027236435301266028,0.0009612587756893511,0.00072268310400217,0.0017159052521681926,0.0011013395325691886,0.0,0.0011778414875452138,0.012130001583614972,0.02540278915935051,0.16148192631565178,0.33668583352524106,0.16793607865783566,0.17919295174175665,0.06267053442714714,0.0,0.011353538988999797,0.007629553003449626,0.006858490835043779,0.0064799755794338314,0.0035494238126519075,0.001372488954602786,0.00244118485257296,0.0031986080089396072,0.0021853843214450813,0.0,0.0029719125145503938,0.0023269862283767802,0.0028772812247625373,0.004752310961888946,0.04305282032972235,2.2073392082036136,62.50603556944468,146.32678192237373
3.411764705882353,0.0,0.023442082612862812,0.020400554440045144,0.010669961099768888,0.0016795551086361648,0.007600187835445934,0.01130342611118472,0.010018037210894809,0.006867769747862546,0.0,0.0018733743843855949,0.002490848533999249,0.000736868337066954,0.0011471533756316175,0.0005768269353805361,0.001759425278658045,0.002980903829869882,0.006468169899038348,0.0,0.008667383672359898,0.0026851085901919516,0.02367526453443911,0.07167433659090734,0.16497726944116942,0.17319935861219482,0.010244908990418975,0.10176981688160705,0.0,0.03515029959263993,0.005457256651889454,0.002931377067196595,0.0028562042656322486,0.0029782211121220964,0.0042828065848386655,0.0018077213126620572,0.006615638162816991,0.004539014171027399,0.0,0.0014824378960681492,0.007473596976866042,0.00309943886291123,0.01778785062493678,0.04460758713425088,5.268545223343697,103.19574529385699,487.54055555374623
3.426470588235294,0.0,0.032654505196042356,0.01770829095686403,0.017077896850075415,0.030637208791606932,0.023173808472626997,0.01317111719633859,0.0033361782550781803,0.0032596884204472557,0.0,0.005248840995276927,0.0030605126257888856,0.0029252052385434777,0.0038309395836714556,0.006709373765248085,0.004668495337212283,0.002284026205588441,0.00577426514462903,0.0,0.004516389724124193,0.014946681473770746,0.11919789107620925,0.28527183895122044,0.3355972310591363,0.34267964483388,0.17727126649682218,0.042692871667987145,0.0,0.011387998744959896,0.03420201790223898,0.03152288242794721,0.006047649705617523,0.002834048568218294,0.005048571966697734,0.0029639147777922375,0.0012383141430617898,0.002378065554712375,0.0,0.0012566409675009568,0.0018749793945524787,0.0028496801530657335,0.007269590059274873,0.009465300198664386,0.1834969921503296,6.838530883213494,49.06364727620986
3.441176470588235,0.0,0.033196810580139846,0.04418550233298135,0.018645335242135345,0.0017247686521054835,0.010821363237772495,0.006119995346195263,0.0017735951438561123,0.0023400773887146922,0.0,0.002549659385606865,0.004120519675888889,0.003045527429621957,0.006020953180300674,0.0044782300216711455,0.001701144007781344,0.002253415625024449,0.0029054774416075735,0.0,0.004560230763466212,0.010790632162581176,0.032736307629688835,0.10780788355006092,0.10038175010440337,0.04814871102779632,0.03440884340100106,0.05350043048027101,0.0,0.054767602989992725,0.008873822041693794,0.007011347562874678,0.0038096044125176523,0.002468225989159861,0.0013860523810318923,0.0032672928242293686,0.0025692882696617407,0.0020179015882352247,0.0,0.0025815226852407332,0.0011493454181194134,0.001984362130717964,0.00448847331831017,0.009964673317967014,0.47530114631518283,25.989602806828486,105.57849870211268
3.455882352941176,0.0,0.047299328214033,0.040531152455926575,0.012993060358509797,0.012275633936114572,0.016686080856059014,0.013960728294172331,0.012342031721498972,0.010228534636606501,0.0,0.004447165955351937,0.001756582427577605,0.0006535760195378796,0.0047886630882527075,0.003724695974475936,0.0015235446180968206,0.0022873444420252,0.0016860653189186051,0.0,0.001513014130389292,0.002828111763737717,0.04920455698240282,0.0678351329582158,0.02695631903227682,0.04340587903260752,0.02724420970426172,0.005277041650846723,0.0,0.008022468594057693,0.002661152291214838,0.00918624015592668,0.005103694225288634,0.0032244994580169313,0.0022160835961654852,0.0013262402810018201,0.0021079089548316104,0.0025078480717115157,0.0,0.0009028548055270971,0.0010523086163186975,0.001099957149172729,0.0024027641960896818,0.013207792431058728,0.09820873124840387,12.17348086353145,36.683272479886845
3.4705882352941173,0.0,0.035469884339492976,0.009186973603417246,0.009643127993385134,0.0036898178988162295,0.004026178778555701,0.0023526331164127347,0.005693830630091779,0.0033901754651737568,0.0,0.0028359595154812197,0.001885864304473596,0.0008878877344084996,0.0015903782750593123,0.0012296953274896563,0.001593526330995005,0.0027512246184286295,0.00469462616742907,0.0,0.006117173030901478,0.0050350838436099676,0.0034428376459382216,0.039125398692663606,0.025955306275205273,0.005087621072379748,0.008282150243594393,0.006528656079998044,0.0,0.020035686989629396,0.011132359751061605,0.002360498605049855,0.00214711723092496,0.0027724139215496396,0.0022325184966964836,0.0008824586454273229,0.0007674543460315515,0.0017841553666358362,0.0,0.0013743346889758421,0.0027723499024525124,0.002754228601689172,0.002014883552552997,0.05525841722339952,0.13566107306997405,36.0166656448591,197.5603997850677
3.485294117647059,0.0,0.021719587895232876,0.011656922481607452,0.016656201501587944,0.007283838977989488,0.004165772357559467,0.002321701958656155,0.0007619182149087856,0.0037262236945123615,0.0,0.006199619687069002,0.005048698593717951,0.003227414679979242,0.0020873458802874037,0.0011840986724671796,0.002463880207698231,0.002886144062940453,0.004398156272633118,0.0,0.007286059202099711,0.004482666870919001,0.0032362584898088485,0.01915136595194729,0.033178205838218046,0.04880256445196157,0.02193055727704455,0.011135151531259725,0.0,0.012558435834110142,0.0032562682599796677,0.002366153240099127,0.00298031829438433,0.0015261642328237787,0.0010368211540608089,0.0009311720410896996,0.0033010608589248186,0.0069245231757117725,0.0,0.004599337100056725,0.0018612341427934618,0.0010020941289178495,0.003249977092683756,0.02405010619594891,0.4072127394352918,24.263775831614048,231.3924374184744
3.5,0.0,0.06888562721014857,0.02446067866264691,0.013313924058815735,0.012640574870431435,0.011886712947032693,0.002901345341927322,0.0005813183387321249,0.0037956617685025017,0.0,0.004399572975758654,0.0028713000753811304,0.0018376033814755746,0.0019420389360350408,0.0017678630358220393,0.0006806382557691714,0.00400111008449994,0.0049898307281636065,0.0,0.0007031431648805658,0.0008423279517946919,0.0032430696298773394,0.01371019833517769,0.05121035395438361,0.07355214493967982,0.011061710453336829,0.026544238375059398,0.0,0.0231061866619851,0.003627692744239433,0.00224236234665283,0.002017951327832355,0.0021711768119436633,0.002470295375410624,0.0012173574397880446,0.0005370467202578587,0.0006883570629257693,0.0,0.0010799017590419875,0.0020241377051297515,0.003999599602016923,0.005587041951960964,0.26089310657624354,0.9687488033367406,26.435286949829454,36.06488642842841
3.514705882352941,0.0,0.06133040443234611,0.03404708950866716,0.02318020500363594,0.01348498009262237,0.005714266187733591,0.007061917099321487,0.0017911705877375569,0.00438276548938455,0.0,0.003740711339113616,0.006056269834452144,0.004269670330373682,0.0011385115903322126,0.0005800651402272321,0.0013179496566984561,0.0011835418893572363,0.0024811747630934843,0.0,0.000584980410363394,0.013032161869683107,0.034467260281466364,0.04138098289070473,0.007291321754751836,0.022625207243684196,0.006620309636064311,0.013057446740373874,0.0,0.007960670079580076,0.003782045352291816,0.0019766890897718273,0.0019334965212655679,0.001158011980512722,0.0011823920845426008,0.0013562001932866455,0.00119465136656491,0.00223776068422263,0.0,0.002352591510776152,0.002986211619759386,0.0018274249504920187,0.009377012670398512,0.07354194249444945,3.7792862304882364,22.703808843988487,72.69578458130393
3.5294117647058822,0.0,0.023047286300010364,0.014744000463577163,0.011406637303887992,0.00473773147085157,0.013492072382733953,0.009224642627786966,0.008604992435415853,0.01567622885398318,0.0,0.008767917920059624,0.003165252084304381,0.002479109854928948,0.000783689821721661,0.0014720197078169944,0.0035575843513042807,0.0028389469525457456,0.0038590833098068166,0.0,0.010867906095525742,0.007168403668895534,0.012650088290586458,0.030056596276418636,0.012794619320984453,0.022307293342810817,0.0036086874977906414,0.006348627221901854,0.0,0.01558256765858144,0.004254955999233669,0.0019372794808274593,0.004330627440401638,0.001112587450904065,0.00020855109512263846,0.0010148422696156995,0.0013488829491885574,0.0020386645446242597,0.0,0.0017110967310414208,0.0009991695043278642,0.0036412058069998183,0.002670211499155806,0.009354244526583316,0.11894245966783273,2.2772476012230056,16.841509684614344
3.5441176470588234,0.0,0.03803383377167404,0.02716709868495359,0.02652583239107953,0.012204858048804765,0.008715961791538577,0.016328111010429965,0.01175227440525739,0.008431836342134895,0.0,0.004093167469579064,0.004705045429578792,0.004788902532781923,0.0033801353795596114,0.0005960622524150462,0.0009541006468415172,0.0008241077240190278,0.002312300823290975,0.0,0.005129505238133177,0.013897303019651855,0.009974984154401189,0.023543311900807135,0.08152663554774194,0.19055842963141809,0.09931878657020739,0.00971876629351965,0.0,0.0030023622001378405,0.0024523177996094324,0.0035287748520867273,0.001352154998810274,0.0008939906547312247,0.0008095184017007518,0.00042659391865016995,0.0015916682606939346,0.0020861794933116967,0.0,0.0011249760131842369,0.001318925313044153,0.004083148444180132,0.012561589768747652,0.015684114704401685,3.478725499336245,16.280796343960915,23.806050729639736
3.5588235294117645,0.0,0.05116703334277577,0.03486432431395717,0.008165044146877243,0.006275512255648699,0.00848753610254762,0.0056677880134241975,0.004162759581514894,0.00531357899917484,0.0,0.004930082812046173,0.004890801410370364,0.0036838882876484586,0.0026085316901278068,0.0026957984115944626,0.003966239860620663,0.0023458888859656515,0.0011767474618693296,0.0,0.0040472852308193604,0.014662478343421066,0.01069345826144652,0.01824144570224224,0.0010948696629026655,0.03889503910042364,0.020423242365823262,0.014175999966865763,0.0,0.012342832263441999,0.0015409088124211123,0.0015065887874720675,0.001123916612791111,0.0006077918359089593,0.0018979288669255636,0.002551841349981211,0.002078625476655593,0.0027599454865277167,0.0,0.0015010101288471015,0.001964229667766525,0.0048772779516858935,0.008906001848171741,0.0582071131687891,0.400070961735224,40.53091687049649,278.1247304541936
3.5735294117647056,0.0,0.024200508156894063,0.05147170503760912,0.035346874133461104,0.010175114911631743,0.004286495438934439,0.004072468640423604,0.004181242846919592,0.002810268318791008,0.0,0.0024220679601783877,0.0027109677685651177,0.003162608794884461,0.003272190330489315,0.0016069368862181453,0.002518056168884966,0.0020039682673571044,0.0016864675766902005,0.0,0.00816998646499979,0.006295282998474033,0.0009295154709685332,0.0062457768670381416,0.04640118626683448,0.1482463123916562,0.08628286973720697,0.032543818695711206,0.0,0.016127070558183933,0.0065782922075035746,0.003959422971922275,0.0008668900127220228,0.0015719475980086413,0.00405551311216354,0.002285598853233196,0.001483241032545161,0.0036522623102110117,0.0,0.004534485515353745,0.0006236808903567551,0.005204319626220771,0.001188223310101421,0.06637046776552821,0.8034733022852552,14.165159760080293,47.05242117888163
3.5882352941176467,0.0,0.04641664094217301,0.026742938624278637,0.010739508192547702,0.021298202396859176,0.018255674165569828,0.0060157371189489064,0.0020158177980198347,0.005337368655653107,0.0,0.0017037216804300854,0.002672366811693485,0.006982344312473037,0.004410425102923068,0.003407740477714712,0.0012372889122151734,0.0027306001662649676,0.0029338813842267096,0.0,0.0009481230864088245,0.007832927091543257,0.01905157224473937,0.02934378702052198,0.019817204597848134,0.04491570388939685,0.012217010434209894,0.00926532559561888,0.0,0.00614759017792633,0.002982447583272026,0.0021573909923258117,0.0020226780950682267,0.002199570590218017,0.004137415609101516,0.002503724190900738,0.0012630912790515384,0.0014064316898808615,0.0,0.0012280407290180162,0.0011272993513968973,0.0008108539830603099,0.01388517753776581,0.011529534406522542,0.2548292519611464,2.5423824048964794,65.9268289240342
3.602941176470588,0.0,0.03819916346748947,0.013284981518045339,0.01358241253667473,0.010063068857982955,0.0048876947942198355,0.004377134713216083,0.0023548801650459046,0.002016859535618791,0.0,0.0032717094561014372,0.007361268954187973,0.0012220528120097363,0.001481257109725561,0.003184453340161431,0.00302349781944295,0.0010400173012778983,0.0004143832907371441,0.0,0.007974157729160079,0.0229415094739068,0.018184184097546244,0.02268341939314332,0.10484396612838008,0.20325785812672215,0.1588477899343178,0.032282259962840704,0.0,0.003443046346215661,0.002974081735256078,0.002162861239504341,0.003342363158602086,0.0020508125524923595,0.0005591375446010469,0.002018600187547909,0.0029361666272816663,0.0007262042575676003,0.0,0.0009015297134587851,0.001703239928577427,0.0028624655924284646,0.0023284362503469894,0.007060628640844949,0.5299340069130622,6.319640545311724,2.245141409657237
3.617647058823529,0.0,0.04286634542747046,0.009701255516749857,0.0037591734400664167,0.008812805219497833,0.00528248827342777,0.0011497505462629014,0.002007002767390752,0.0025510692502391775,0.0,0.0022249388094725013,0.004831349086424979,0.003269260386753566,0.0048861599946379754,0.0020323869457846474,0.0005944528988360737,0.0008376779823773055,0.0019924881137653606,0.0,0.0014594695869767163,0.03333655871390728,0.053076827357390596,0.05228871904916209,0.05923793547364734,0.013617884927023517,0.027186206142996085,0.029289625688813756,0.0,0.0032482936251617594,0.0007800429827908999,0.0021447186439935506,0.001601138550182771,0.0018744599519712377,0.0014591780081466023,0.00029954112143784314,0.0014722478268903937,0.0008202123586613363,0.0,0.0017405980091120652,0.0019024952564423113,0.0007685256953392104,0.0010680661007619356,0.001877323785383063,0.08760199546100915,3.1767278086056505,15.032962569275401
3.63235294117647,0.0,0.03428426057709703,0.010183532859197214,0.004487775174082596,0.004797243425083801,0.01439265544383245,0.017389241862872815,0.007507862508547136,0.005776684099429429,0.0,0.0028282094014436036,0.004170215588377714,0.0021846375202177726,0.0024327730530224567,0.005421972442286042,0.002304870290351137,0.0015924989726544382,0.0022766263004840625,0.0,0.0032194825562124134,0.009898743248223145,0.007804368900177443,0.019628742503064803,0.04517179788889735,0.0504160394789847,0.005688984901715629,0.017989946498283345,0.0,0.01766272821365391,0.004647786090727118,0.0014708731267827988,0.0024593524788674385,0.0010619501622146554,0.003069833691025655,0.004413030652343649,0.0017306362027483075,0.002283243248885019,0.0,0.004233846555853847,0.002426088875615559,0.002838505800184794,0.004428721150726121,0.02332507928926479,0.31802031527366253,3.539961148403867,5.663938965910114
3.6470588235294112,0.0,0.0533445195734423,0.05453754336799009,0.021083139867985427,0.012542065266118656,0.011590797175302203,0.0025557803522169025,0.007709788352683841,0.009691274574610787,0.0,0.004357466017602058,0.004565396600466233,0.003065143778655271,0.002536659655008443,0.0060673322725132385,0.009908381955613058,0.003140162162760981,0.0023969804016527024,0.0,0.001807299205204717,0.00395280369552,0.003166475034217716,0.022751501883602285,0.008133356185733786,0.022015475161721913,0.0355290064954667,0.03040102181141594,0.0,0.011990328474787135,0.00426878794939644,0.0030022641382306376,0.0021542531483851935,0.0046072796112570265,0.003446263560204494,0.00117958310962251,0.002375968912990777,0.0020765224565442034,0.0,0.0016814687611277496,0.0021896065318409473,0.0030471714327824882,0.005725258318769499,0.03438448419877761,0.25126107012972104,11.719152655440128,44.48783439679979
3.6617647058823524,0.0,0.041566075788291836,0.04903355957015411,0.016151633967369437,0.003795853073981356,0.007977535496593312,0.00869263051580288,0.012023300242621085,0.00501564425774932,0.0,0.0029573445221646112,0.004515437802657415,0.007774541898881915,0.00289003902692891,0.000866154685775159,0.0034595263370859504,0.003997762956010461,0.003979938222529332,0.0,0.01184410817826611,0.019832735710781136,0.005910394272102516,0.05260024158274887,0.05777326376304662,0.018042145385060358,0.008054298968908549,0.028135871767203714,0.0,0.021115487868250776,0.0015880647440385805,0.001435708806609428,0.0013972608978703768,0.0009631440306138859,0.0013380053498649436,0.0009636827648849947,0.00033215215104251666,0.0008666850752712659,0.0,0.0003631346236558037,0.0011522084216894549,0.0016812993323274948,0.0014672750890026612,0.0642757340721947,2.839778028676398,29.09602787810955,89.23760454160951
3.6764705882352944,0.0,0.013622037143932534,0.006981951701350252,0.006498327357581749,0.00743178968697146,0.012399457246957492,0.007897336246299822,0.00604547484878192,0.006626900221936286,0.0,0.001018228502608042,0.0028949827250990537,0.0051490691309591455,0.00275580439250091,0.0019261692425972471,0.0009754422863107164,0.0004910666422786903,0.0028162194183022965,0.0,0.0020168516902663337,0.0036837091112183274,0.0073094975082594205,0.0030770382012354214,0.05237085051088916,0.07289488272711447,0.04398242431512292,0.014291649591490268,0.0,0.015182410405881405,0.007249163626941783,0.0021216676478740056,0.001173765602705254,0.0023039952223138996,0.00222418595635329,0.0013280694756921901,0.0012942076005888203,0.0017103603545548462,0.0,0.0028056354313791484,0.005410500667391925,0.002079979500162432,0.012414632361748619,0.01803041307599016,0.47391274512424747,4.241924763236874,30.287141071013544
3.6911764705882355,0.0,0.02954479133843989,0.014671848641705136,0.00887203744438257,0.01288473536777239,0.014664243295958692,0.006930032313167505,0.003225066124642304,0.005567205515601168,0.0,0.0020187101609796016,0.0011907181165259156,0.002084186850036796,0.0016793582372660106,0.003627922574806476,0.004496373685991218,0.004060465200627152,0.0022141929831431114,0.0,0.0018491517371428325,0.0022811172576472885,0.0005266917032926584,0.02753640058426659,0.015286379351109271,0.03657266501038264,0.04935243909092952,0.01641948178213212,0.0,0.0022249106659323267,0.0035069228722904144,0.0015293759193263166,0.000538780331323086,0.0005055410707025074,0.0006879437887033448,0.0031501734377440017,0.0028295002507316737,0.0035201709707839536,0.0,0.0030792060613432037,0.00041817798907388713,0.0031971092096319716,0.0032473131431013883,0.006811808014196554,0.11226602257466531,3.754981581558235,13.908652103065096
3.7058823529411766,0.0,0.029557757168180238,0.02977864004570176,0.014652952388108483,0.001995453324640045,0.0021370581071307416,0.005812153193543495,0.005857663063276332,0.0045788951366018725,0.0,0.0032220109898679866,0.003880050533918952,0.003717525575317296,0.0037348363786416003,0.004867810750540283,0.0029920241404090336,0.00426601020832539,0.003050639805367836,0.0,0.001998491827224664,0.001801870305701247,0.008609783674815095,0.016930429648830715,0.013342367852304561,0.0896224001701395,0.0689789836083646,0.015774511297557796,0.0,0.009516031165083679,0.008419528256722776,0.006795291468971384,0.004074323028947575,0.0038542302922596437,0.0020729826419992165,0.005397968907051149,0.003922872413241766,0.0030467373935540235,0.0,0.0012838374841706093,0.0016230456165644107,0.0015296847944177177,0.007517833539604897,0.005786025441962335,0.10943198283495448,3.224775928166778,6.318429546772412
3.7205882352941178,0.0,0.01637218627007542,0.036821601320413705,0.011483228318606906,0.01585156991485946,0.01989127977905583,0.007436283695733806,0.011714963974321424,0.00501554790852315,0.0,0.0024074623274870834,0.0025769685992029236,0.0014884248524791896,0.003058467490088747,0.004285699724323731,0.002349521097968846,0.00172442908661354,0.0010756932426192166,0.0,0.0009760759239094111,0.0017031683929892765,0.003965612245819041,0.02503129757364086,0.02007411317810993,0.009606940050252994,0.002477550478674191,0.020703444767934263,0.0,0.024499265163326,0.00537601328018632,0.001756644452779373,0.004263740345595923,0.0022500099941714434,0.001285436484260416,0.0025201469891024805,0.001809856586932133,0.0038279532741214463,0.0,0.004507026971080657,0.0022992878651202442,0.002389172065344935,0.0036748149112513194,0.01726434261640402,0.26901520464701145,10.90222677648833,58.508289536957335
3.735294117647059,0.0,0.033354734918419254,0.025627930580808936,0.03205673855078123,0.02687660914642786,0.009528219396471936,0.003444652668472166,0.003404570997376506,0.007203397852094388,0.0,0.005093592104374348,0.003617916036446971,0.000663136745203322,0.0022550887413559295,0.0015010191801100143,0.001542122759498887,0.003146806867452584,0.002377570655468976,0.0,0.00939759100701323,0.009302595042909848,0.0031448391070944353,0.005377048107378647,0.002221396272543503,0.0059787415403380305,0.004413557596441386,0.03787033746938738,0.0,0.01657361446928497,0.004081602349889496,0.001974231946146337,0.0025592998873227267,0.0027874000390184493,0.0036147151443106868,0.001286583431730908,0.0011887150337216996,0.0030097527875217376,0.0,0.0020476797515146194,0.0017319882441404967,0.004167903195730927,0.008295070620527848,0.09839873448670983,0.24344778549675744,16.612063459130173,23.999124102911537
3.75,0.0,0.027431950493716085,0.01988890120485969,0.01033213065131302,0.0055293688952533625,0.010295413071507909,0.0038235389099220383,0.004765036785841151,0.0057981017822623816,0.0,0.0022507302389020594,0.002398407350475798,0.00621793284991352,0.004007885370405958,0.000850071162772774,0.002576718772924911,0.00527228729451437,0.0023998643279691673,0.0,0.0030446268640984724,0.004594950814107334,0.004985810417792213,0.0597201716875885,0.057646625031123916,0.017879094984095546,0.010885631036017519,0.03289824907792146,0.0,0.030481493203574087,0.0026664800874039,0.0014257189678878754,0.002412942598603038,0.002106003057822894,0.0006161769317710893,0.0007921682886683629,0.0009116299930007996,0.0016168216513226946,0.0,0.0017068341169302927,0.0022028308078811815,0.0010437142883189545,0.002363235907819578,0.16788532579400758,0.30784069214068643,25.337986499163378,114.43777077399332
3.764705882352941,0.0,0.019647336294871948,0.008879012221980153,0.005748536623850204,0.015349187088173689,0.011685657416299353,0.0013083323952907838,0.0022585189141255393,0.0034590190919781124,0.0,0.0027204345441971156,0.0018555303824882286,0.003604259935195495,0.0016512857636806317,0.004675592075873123,0.003978923435356036,0.001767208832619209,0.006160990948269517,0.0,0.0046034625478196,0.0022330574399983135,0.008340729973864737,0.01279756734906947,0.03598594968484085,0.03376253556972672,0.012308305053082239,0.009868621848415197,0.0,0.0034355197695966518,0.0010755902975297434,0.0003811192543774996,0.0003815047065570666,0.0013307499281478103,0.002105211611735549,0.0020224077690180983,0.0014636889926512647,0.0016116444146627785,0.0,0.0015742166162095001,0.00218524476350202,0.0021391626011722717,0.003114562051496943,0.037252145363642165,0.6560083758342856,2.194643867945065,29.20401179289897
3.7794117647058822,0.0,0.03181649904287383,0.0009929041593140062,0.006509701806982928,0.008723717470115251,0.016174567749077426,0.007883920042775416,0.009571496738709901,0.009732087139403284,0.0,0.008138828944044657,0.004746235867531653,0.0026166970903760446,0.0017451674476672882,0.0022192114960474397,0.0014835348744089596,0.0029742007300611537,0.005439489577324816,0.0,0.0036786872717308257,0.0049839998224066664,0.010174205570536474,0.009204756602626032,0.01827844558134654,0.03921394168715417,0.011377825049531134,0.0034431975027965096,0.0,0.0012100730143210388,0.00111038866211447,0.001274174956004162,0.002154929243417107,0.004688621887370159,0.002601843301225479,0.002759668356351935,0.0029995766525095133,0.0012544708372925462,0.0,0.0003215100751730813,0.0006215141821467848,0.0014967955051044804,0.0014078779278146702,0.04184623571028441,0.5399146245673526,7.680624669282694,18.323959941695815
3.7941176470588234,0.0,0.0474444065631018,0.048990875755926935,0.03104235444888463,0.027873467056738148,0.02996542260720722,0.012121993659185964,0.0025771889704460623,0.0040741920982802346,0.0,0.0056296258997797525,0.004787179669164639,0.0028130360468340775,0.0027531178280637944,0.0021897281876957094,0.0018254136848318754,0.0013779902435391113,0.0012562264036226208,0.0,0.0012978245137040248,0.008120864589840827,0.007976728677124149,0.020066034579474718,0.04737653836818459,0.019341420084363747,0.007197013462726204,0.005480662074704162,0.0,0.002892612818889542,0.0012660239684145654,0.0010275746860102803,0.0012441516091017907,0.00030197446664334397,0.001222247951879644,0.0010006556928743053,0.0005129921710364896,0.001117243585631738,0.0,0.0025490231746185706,0.0032155603700459463,0.0020243658132445426,0.0031362156349988104,0.04775196297447984,0.4592283238713885,19.612860852441063,88.27622498825227
3.8088235294117645,0.0,0.029411711919297284,0.025820428308150165,0.013282542244170503,0.0041763217043363195,0.0041632614330377165,0.004642622754191067,0.004650877023983465,0.004166732810166802,0.0,0.004924672997517046,0.0035665691221390804,0.0015954687368475696,0.0026407006606446845,0.0016446442158048196,0.0014590750442755322,0.0021902115470538467,0.001084345029239575,0.0,0.004583775626528822,0.0013313436430346555,0.012581623417385194,0.028608676784134604,0.007637609278283591,0.003975727657287781,0.0011142149912219876,0.0009848142323435288,0.0,0.0016678001748469916,0.001936102850595949,0.0024667354636654904,0.0006695892432388409,0.0005115650013978368,0.0017396303799582246,0.0016020009800575027,0.001130587811314684,0.002448167234624386,0.0,0.0038287629736770924,0.002920483540397838,0.0026873841799181855,0.004424629003971993,0.010132950725958406,1.3143617985607792,15.926711742578359,50.06400275408942
3.8235294117647056,0.0,0.023352464136231474,0.024112138945468684,0.0054168127786500845,0.009739223585930419,0.0058168713115528976,0.0026745765517484053,0.003880273293873104,0.003525977837371484,0.0,0.0053804582791344355,0.004401352364076952,0.0006188596321201198,0.0021715720622991984,0.002323533400891134,0.005174438529939251,0.0027467823897209124,0.001373388213885421,0.0,0.005367943155079972,0.006481092221121203,0.005856312773097218,0.011255096296144719,0.04449092077021072,0.017749968159122304,0.001757367927250805,0.005448451012636362,0.0,0.005084596838358153,0.002380545034227337,0.0016010540985776545,0.0006768120840990213,0.001295020818158492,0.0011300594655437896,0.0011438932939337183,0.0032597752072160875,0.004808695500517261,0.0,0.0033779846354077374,0.0015162745984188522,0.0019414045686653152,0.0019900743084678434,0.006227551989927529,0.8676804747373312,4.695449689682744,34.98383548668953
3.8382352941176467,0.0,0.04249879500087851,0.01429672996301787,0.010683366441899777,0.011089771557198716,0.005688159982345783,0.0045899989797023606,0.0025160276123616467,0.0018474709265024832,0.0,0.004096011932027813,0.0038745900931194356,0.0016403085961075566,0.0011342944885255144,0.003975114574023559,0.0032174001282294536,0.0026120591927015074,0.0023961754291637475,0.0,0.0028229711831456467,0.0016136188720720463,0.008325541693026427,0.013359693155160036,0.01044087101590588,0.06472232602735747,0.009618718522488275,0.012620161241331678,0.0,0.0081871763183506,0.004047802063960263,0.001912339276547917,0.003734851951537823,0.005708176316877935,0.004866685605569483,0.0029134631374643566,0.0036244415245758064,0.0022263831663186704,0.0,0.0031691092056268947,0.002517926677179723,0.0018826656656851957,0.012094794003510895,0.034851618699937296,0.8747793326232791,1.160742004437137,11.727177588709461
3.852941176470588,0.0,0.026677545057244595,0.03241602550980319,0.01945311165521572,0.010715029347155663,0.01742463997621798,0.0169649571628621,0.004530431623320785,0.003919166302680836,0.0,0.0026755074982477865,0.0013630260821287077,0.001392875578970888,0.0014466624111411142,0.002405589296288855,0.0011759374631196756,0.0021791965123677554,0.0031430631474690645,0.0,0.006177251593396188,0.006269925071006932,0.01033451014619964,0.014939687562418955,0.04105894424825862,0.11136414459564356,0.010665887270968476,0.012904940719317255,0.0,0.006684589484138293,0.002437395510466978,0.0003818177905915936,0.002230466948116068,0.003954988017954763,0.0014691573567212608,0.003494749685876673,0.0014900771258435567,0.0018150650793982573,0.0,0.004552689828520314,0.004822948697267261,0.0018380717881307743,0.0031625183556493715,0.03556273556277637,0.6340564123611329,30.964518370523546,65.05765692880432
3.86764705882353,0.0,0.003167364977128713,0.0030582382434419632,0.005593128365299511,0.009094740550674784,0.008985153082611658,0.004409797286911495,0.006944323600599208,0.004938803968273854,0.0,0.002357350085974693,0.004520896441280447,0.0029794578108480138,0.001960562432228158,0.002103774820639297,0.0027591077072465033,0.0026245191763385866,0.0012009425120166528,0.0,0.0015889811498257997,0.001614483052487444,0.0023229698305787016,0.010334304889762922,0.0875119308718475,0.08383547083534783,0.003664190510363922,0.02060502490337317,0.0,0.003558862789263918,0.0008998133160554775,0.0010112731205406769,0.0004595745466759504,0.0007963383328971849,0.001247955662195766,0.0019223907920900246,0.001144323504415408,0.0006744689908402703,0.0,0.001005373279290098,0.001917749612880086,0.0010820848455332928,0.0014573974837426918,0.006092359034524881,0.7235047293610453,25.66445256752509,216.82185235482922
3.882352941176471,0.0,0.03822624603358254,0.021335987861987843,0.018044289966610463,0.010136855744797812,0.010003009112314,0.012855270652179819,0.008632127654548079,0.005945736414501152,0.0,0.004931720911282449,0.0010935434574390764,0.0007133294425241286,0.0016121442565900646,0.0025631345873137453,0.00314279756816915,0.007878019988365313,0.009159284389051161,0.0,0.0038790545835809447,0.0022220005889941143,0.005496720913711539,0.058394125646874184,0.06535827407539513,0.0037605161261542635,0.01246230543485495,0.017939058552307527,0.0,0.0006244903577578576,0.001490639281047334,0.0017034283550925716,0.002224242034473666,0.002485970549673344,0.00194550866865733,0.0012933368887430938,0.003414448427599671,0.0018416155761867346,0.0,0.0005233735457442598,0.0011304694729196766,0.0016358018294577218,0.0035270928159389257,0.027391127478454527,0.23065148039864092,1.5590883687268553,26.685128614969187
3.897058823529412,0.0,0.04182192958657338,0.009138986738582953,0.007742649121644497,0.014985840214923189,0.007044827912024402,0.0028183932477917595,0.006685835925992155,0.006934185175451535,0.0,0.007519340398759473,0.0031603839432020908,0.004334184388515757,0.0016388479435452204,0.004793401458628034,0.003921182502000885,0.0023824130064517054,0.002608874982402676,0.0,0.005249840135162725,0.00545676493229753,0.0017479793500585756,0.09645074215761021,0.17021416159276084,0.074238769199855,0.017952199610294393,0.007164146057712803,0.0,0.004046011067989212,0.0013563358614284136,0.0018919120267122814,0.0010544130601239268,0.002697552301000963,0.0019415020557691878,0.0016103471189023687,0.0012480794908218233,0.0006425229562873616,0.0,0.0015574594232895477,0.0011620124002393315,0.0006244409814371511,0.0008825930154526693,0.03687384052807006,0.1406786400703424,9.153962475462134,30.945352769450384
3.9117647058823533,0.0,0.017627720098432265,0.018334075462151527,0.014469611015033676,0.009557518219608725,0.004226788493791727,0.0026953910013274678,0.005039435761814217,0.004566388208328655,0.0,0.004437685616217116,0.004030696721073746,0.003968069552952157,0.004095798694392745,0.004419766677450233,0.002651564630396782,0.0026565455807829553,0.004315654876797727,0.0,0.006414596486124911,0.0060326483706819875,0.009546011091449555,0.005633032467938232,0.02929537060792852,0.04861604781672023,0.004223175789966593,0.008818605472878433,0.0,0.001916279602634722,0.0021125527528460908,0.001524267813719152,0.0018366605698823654,0.0018364408341320733,0.002170768307146242,0.0019212255694188354,0.0012080470837020612,0.0004436939444574196,0.0,0.001065532454666107,0.002748469201798624,0.0027578234905838127,0.0038208732329662824,0.013493664792228204,0.18674689394363372,11.457041753945063,102.93126846637185
3.9264705882352944,0.0,0.012186015848530596,0.02546145983685635,0.019248997171860405,0.012022541953279153,0.010234244848989774,0.00431379387152995,0.0043607835162703485,0.002061223187589242,0.0,0.004147621808508035,0.005304223584763233,0.002674262046100569,0.0033231405021343597,0.005633137756738375,0.00500341253493533,0.0033885204874490177,0.0054462929299554244,0.0,0.007682852360401771,0.005672895625991873,0.00426883554939654,0.026512318525614705,0.06999578058367585,0.05654726021729615,0.014622846650309732,0.011226844003325138,0.0,0.0042182571748682765,0.004974859385457114,0.003986565300013586,0.0023405983279192835,0.0012376842037559197,0.0015125275433800294,0.0004788857196717644,0.0009474029949178459,0.0031171125533587495,0.0,0.0020944874001686906,0.0015134173709030866,0.00266274847131371,0.004707534113592144,0.060682365929103844,1.015741502016342,1.2679159398623925,46.06946485913842
3.9411764705882355,0.0,0.02737035594567371,0.022587319775467456,0.004754230264887565,0.0026837496428711942,0.00305197683808915,0.003785953039333158,0.010024381259209264,0.010721968839979997,0.0,0.007514206898783627,0.003315474409275573,0.0015662920806284232,0.002082684903242757,0.003547645101591839,0.0037157154437097353,0.001814622356061232,0.00523018177903748,0.0,0.004257119089574502,0.0026799653646106536,0.014646817154971334,0.01736157851851975,0.05349867978473152,0.14877669813241096,0.04403076765107462,0.0021756041904382947,0.0,0.004184878225354185,0.0014626725600840377,0.0016938761698906723,0.002695967878566715,0.001329298690928767,0.0011821034364593653,0.0018870015490173855,0.0016985586107766825,0.00039088343210710196,0.0,0.0008575168488071163,0.00025124582097961896,0.0009240148439535803,0.007539711708032561,0.015151959413500768,0.03560098833573179,8.262174374191687,182.79214815528707
3.9558823529411766,0.0,0.09262036051010744,0.026759348832141067,0.00718655705946211,0.010001289404001185,0.009418971664658366,0.006116302786162771,0.0037080308573419355,0.0025159258578153223,0.0,0.0022604356631748396,0.0020670949556797964,0.003108506920226224,0.005294608503796514,0.0030703231681427287,0.0016257907570162366,0.0007483311744437716,0.001469587631295048,0.0,0.0009610991186670382,0.005543696506441766,0.0050153585204183665,0.004141504628989421,0.00782436349553245,0.012326771091217695,0.051078775977585256,0.025891555473953894,0.0,0.014534651090463663,0.0008139690621196106,0.0021620728005383757,0.0009036189186042201,0.000827619269545139,0.001705575477146632,0.0015058344937655605,0.0020821548743044267,0.0026101750277131223,0.0,0.0025671594442129245,0.0005197908973379513,0.0009335220799666683,0.004642053594730466,0.06751143931106988,0.843311360241739,7.605891385226034,13.485423896347255
3.9705882352941178,0.0,0.02705773023125151,0.01665930396862709,0.008028519735204052,0.010671841193518296,0.01579932503765462,0.023692043261723597,0.019072803987673987,0.006655914940629186,0.0,0.0015214623407169493,0.004660221175036465,0.007887938715829131,0.002895305057895401,0.0005998067825243242,0.0009451612385174763,0.002345053503083263,0.002690195358994749,0.0,0.002696260482617102,0.005742010464008794,0.01198702405195419,0.015009926407796637,0.003515369928608735,0.02531105298510699,0.16231804668235816,0.12028539938100369,0.0,0.007880632029090118,0.0019384636219926387,0.0018063425142519495,0.0017912514050513568,0.0014017706664657828,0.0010776281275771096,0.0009482659618333936,0.0009496881421901372,0.0014244397604677448,0.0,0.0016506640189100285,0.0009400811739367497,0.0016631876998007672,0.005003712786922816,0.13405375322265914,0.44559901779393396,15.397602644488561,12.54566507237649
3.985294117647059,0.0,0.01861828808109999,0.007498618815934638,0.006183987012089777,0.009992792400888675,0.003950966903887028,0.0031418306766308104,0.0026218745852425933,0.0024916130403521367,0.0,0.0020965690768201327,0.0018654382769289371,0.003092535837289728,0.001728098080140244,0.0023815621909920232,0.0029625073949113056,0.005303067242825154,0.0062188605862757585,0.0,0.0033891586037017732,0.0012719966658004496,0.01809204739013573,0.03551816751567163,0.0009371165576619926,0.05026074183528019,0.03623954702335993,0.006059962771427715,0.0,0.0025250305713166534,0.001033917760985102,0.0011096098380988244,0.0015505742797940147,0.0008501882436258814,0.0005667926988894892,0.0009173139252260558,0.0010451715982795892,0.0016313750711775157,0.0,0.0015500972638014577,0.0008130183444060028,0.003697680938280991,0.006684074618343915,0.016297375280105438,0.6358433852033991,9.170651117587104,37.72926886934687
4.0,0.0,0.022650073989268407,0.012240123858212992,0.004050134448444308,0.006005037466463315,0.004606134992987931,0.00393121877909163,0.00676420227708092,0.005261348985800408,0.0,0.009546314803401961,0.009574967690278068,0.008795262830085354,0.005103737755785901,0.002814518438814202,0.0013338803703503064,0.0009862621497467063,0.001014208862306633,0.0,0.0023948798334046647,0.02623353524383267,0.09430048835218369,0.02471340712283489,0.15359079254051472,0.1358602761238618,0.005607922714619757,0.002988753336669591,0.0,0.006073217820143767,0.001491075068592501,0.002058717104290244,0.0016550465213481776,0.002269546096046455,0.0039523280360642425,0.0030130199664259497,0.002145417574372406,0.0022353414877279688,0.0,0.001240219419876544,0.0008786131019625647,0.004711942676568879,0.013028666894774582,0.12716012702709767,0.5388707095808497,8.226296771750741,83.9568657378287
4.014705882352941,0.0,0.04486389054726008,0.020744886523481644,0.013713907882404222,0.008854739102471164,0.002830805370299043,0.0009350887210066387,0.0018631170019103181,0.00529311811522285,0.0,0.010631996237977831,0.008096384552422014,0.007205118546924222,0.0017062699459646415,0.0006280421257919451,0.0008593857470020312,0.0017283837532754596,0.002796186466973944,0.0,0.0036182122596672937,0.011015195178129406,0.11054938473726175,0.326620515905085,0.07962967479604502,0.1293959279554709,0.040405788284841315,0.003851267592336978,0.0,0.00827129129452988,0.0021341734887047677,0.0003815994199117804,0.003264024874604744,0.0015929404002262807,0.0008939329545474696,0.003054527025426395,0.0024670807142882127,0.001088675887782927,0.0,0.0021089375646371226,0.0019056590539686996,0.0018506811650219252,0.0015526492993511091,0.028893746450455716,1.4240709066538908,19.722726206725607,20.36774402752401
4.029411764705882,0.0,0.0397154695903728,0.028243554652367314,0.013660394846440532,0.0037169998488415447,0.004072511408325588,0.007224041437389202,0.009136144646063812,0.010531422546765359,0.0,0.005275548529768922,0.002992515027950317,0.0026877373777608672,0.0039769801862922964,0.0008151964128375791,0.000754492981532619,0.0008525003228050502,0.004525017891961632,0.0,0.028304448348279478,0.03828141301183697,0.01872082953962361,0.18716438087858,0.45943704871031066,0.15292490185962043,0.014532648415684152,0.02623852649572508,0.0,0.0033045038316602783,0.0010399709871862068,0.0013418115966187126,0.0020051734542409242,0.001341328801661107,0.0015239391857320424,0.0013885403631613072,0.0012462733286250538,0.00391973254431132,0.0,0.0017950025271841706,0.0020506624505447035,0.003705158142680794,0.0010114926218755171,0.042019744841912524,0.3617161580120054,10.54002557402891,123.38601344198295
4.044117647058823,0.0,0.05124725453137202,0.020688069497377972,0.027411583853322832,0.02233392422906047,0.004642909483440889,0.005224832166049343,0.0034790284801367506,0.0008941991206407923,0.0,0.0026628285529316743,0.0019494713305715768,0.00254602731584617,0.002608492143224855,0.003050733627796506,0.0009308613730581816,0.003192216300430389,0.045990718091538284,0.0,0.06866462580328705,0.017324063155964506,0.004097906641563601,0.08142138613790433,0.11974231053823983,0.019972292541786098,0.010749256052807092,0.0044187247286146345,0.0,0.0034244360036272113,0.0019491895160864679,0.001638957292327785,0.0012261266600301834,0.0013505792190744654,0.002586507581425545,0.0016953117210198579,0.0011015535966753809,0.001946445571780101,0.0,0.0022483028839403755,0.0025071515870964695,0.0015557264268613515,0.0019926565300850156,0.03641749378343199,0.5123006982738117,11.786979006316717,46.63727989288733
4.0588235294117645,0.0,0.03954970959355279,0.017429705316590303,0.016893786384980927,0.019258798986093,0.006758337449945626,0.002582097107893161,0.0010646053668091956,0.00448668448631696,0.0,0.010082030367137063,0.005951704156274786,0.002483289537650337,0.0015108022706793007,0.002419187486031582,0.002959740547149483,0.006483638666014048,0.032610111339813196,0.0,0.02402054598690387,0.014558795087974051,0.12891737437129805,0.4970607743506438,0.28676609004005976,0.08052938202180124,0.10109357313324564,0.02922073255175775,0.0,0.006245363088898944,0.00622283226624157,0.006521346678620367,0.005478317972258348,0.003754731963635536,0.003189602663760965,0.0034003433611072983,0.0037167913473956987,0.0037940618695842115,0.0,0.002904475147598627,0.003226707425249265,0.005506177267131766,0.004541747135731701,0.12646478236702616,0.5582422172014517,9.92902936044809,79.2977272457488
4.0735294117647065,0.0,0.023062709367722537,0.007259356458772425,0.004793588557395973,0.008117460097260021,0.005133238953354811,0.004628647015489053,0.0035289002971176904,0.0021708902554641906,0.0,0.0037347970955586276,0.004399811261909907,0.0017888708639864069,0.0020522518063386896,0.0018810163960355586,0.0015918061992835299,0.0018137380041053724,0.021847236016871927,0.0,0.0332335524778184,0.011988937244562802,0.0023881820793070514,0.013200763744972862,0.1460349960885987,0.0792085177619046,0.06147794783349192,0.022827868608241396,0.0,0.0018388966317591131,0.0023705143459097607,0.0015555298980116136,0.002955890378832242,0.0016526538188578854,0.0012305248780971178,0.0017717046222565976,0.0015666888455514137,0.001024433711615172,0.0,0.0028830442645980886,0.0013240125855909655,0.0011295772589317965,0.007673664959703013,0.008285104707723211,0.10920863701054992,11.985694585993956,49.47700025736016
4.088235294117647,0.0,0.007160411896707094,0.02280997568915609,0.019906538522324265,0.004464710932635377,0.001637855013559392,0.0018975291925763635,0.005687315999365205,0.002467942261994225,0.0,0.0014479188158884346,0.0011897567481361953,0.0005482455101714709,0.0015516855302079055,0.003077872004255102,0.003698922692440307,0.0049970962601352305,0.004578081103324898,0.0,0.007180469718761177,0.03395754890030412,0.007045049764601534,0.02755788384008847,0.025199977022893096,0.1310459403682345,0.21993858041820552,0.05541390566280603,0.0,0.0012281491650351117,0.000644275587804315,0.0004570453537469677,0.0012314121869139087,0.0027738744324426567,0.004329017446617793,0.0026833022936369267,0.0014193745690218428,0.0020467763779142903,0.0,0.0012402854734356772,0.0033021330083486244,0.0013637630267669878,0.0010644291994765442,0.0069808171443938955,0.22527313559103537,7.286645501391678,29.185325566495425
4.102941176470589,0.0,0.030789012752792673,0.020913712323245563,0.024223343590343442,0.011055919946173602,0.005603673920143065,0.003430469996038963,0.008320905338691599,0.008318046981700479,0.0,0.004992477055128315,0.001190224509500667,0.001582200005067118,0.0038298869215747785,0.003242785158646291,0.005097013060577476,0.010945127399326437,0.006737286984945594,0.0,0.002067696970194161,0.00732797075254224,0.05143385028868279,0.04091088548876642,0.015305763495290472,0.05736636940932831,0.1636360924020772,0.021249853384372755,0.0,0.005394198091045551,0.002047048879376683,0.0015564212233449195,0.0015341651537275555,0.0006620522968845402,0.0018811039295419723,0.0013867449162407583,0.001568274199418682,0.0008012669236344642,0.0,0.0011424759901159508,0.0038819901470193837,0.002343856736806425,0.0015368631929287817,0.016252153035639337,0.21029024107807892,1.63814102417629,21.914554085170586
4.117647058823529,0.0,0.014914282860300013,0.021837221919815363,0.005435239853675009,0.01502946922585419,0.01732424882860037,0.01875035661688199,0.012092524322403004,0.0017767165820691145,0.0,0.0010708041216089808,0.002607230503007708,0.0014237606308543781,0.003242013117530663,0.0017806058305441532,0.002527892911769043,0.005917821891075623,0.004460487746593118,0.0,0.0035125888235122285,0.0032674720096400097,0.01357469363026995,0.08926673052811099,0.11230134162003555,0.07575424026961888,0.011741460136964624,0.015316941352504058,0.0,0.0033746526550224257,0.003817806736543435,0.004023797398808682,0.003172452564708243,0.0034823884759844696,0.001411220923404367,0.0017487760834447397,0.0011448382858030282,0.001005982156225441,0.0,0.0005542936810036972,0.0020268381219979478,0.0008954771075126444,0.004658361539877212,0.024379508459773408,0.7627065264103712,9.378400520284963,43.00723896298862
4.132352941176471,0.0,0.03936896420028314,0.02901002544908971,0.02660209733221093,0.012212703448156649,0.011117801101043033,0.003169920203652712,0.011667005215634888,0.016443038237408045,0.0,0.010952255987796403,0.008745525747220258,0.010772651264828424,0.003906967679773682,0.0027479281218691816,0.000981472577652989,0.0023509395239608116,0.002625603517837715,0.0,0.006709527625359578,0.015082956056431514,0.04262777686943402,0.04299953337187565,0.032921953762539966,0.13453188597981222,0.09800621705839846,0.015466666679002766,0.0,0.0017104333314331274,0.0017099458376512073,0.002325062850922892,0.005053154440084856,0.0054190550516444135,0.001490743368064135,0.0020027659574169744,0.002315906354268344,0.0014112229223604755,0.0,0.0037741607719465773,0.0034907332073797702,0.0043518460607487675,0.0032845286665690913,0.04079668988388552,0.2184594574958192,12.40543467309583,26.642502241612007
4.147058823529411,0.0,0.04772759331549294,0.033521676103665146,0.010044048602450537,0.0068676695832491745,0.010018182282865834,0.005942944003386021,0.01112759235633989,0.012213815385359376,0.0,0.0014547670966799271,0.006057206268811018,0.002074597245860269,0.007512812154961339,0.004263068131331881,0.0022542747612546974,0.0016539403955004295,0.0022527105249544764,0.0,0.014822729285253538,0.03368317569569461,0.009742815600753721,0.17295360540998056,0.332495306441771,0.2126428728885692,0.0465123552837798,0.005430458845590746,0.0,0.003623237002037822,0.003368083918784439,0.0031541052479371182,0.002170117860381137,0.0015573247265411828,0.003137194327523872,0.004045301431158395,0.0013814880570073378,0.0012092163246000907,0.0,0.001981857450438917,0.002715236257801446,0.0022965591002439925,0.004523993025686613,0.005340275395062133,0.6383057114068763,12.43948930565976,43.578916236938056
4.161764705882353,0.0,0.009818547948307995,0.013498652222694864,0.023279858149937972,0.009482779772925045,0.0026003035865586194,0.005122288506793622,0.008340432465998325,0.007480149771925513,0.0,0.006050479334039349,0.005486281459821722,0.006614962579467826,0.003321480082819403,0.0032333498248995627,0.0028736193047003904,0.003455170785329081,0.005970893610905994,0.0,0.006818393215667038,0.0029327618425753835,0.05881743314535538,0.06108447926440061,0.05032566381625317,0.04635550337796342,0.016075035938734526,0.0062984333104510425,0.0,0.0008496951323422029,0.0012537052968681806,0.0028667666934270434,0.0018449754915544733,0.0033453357009751907,0.0013044489029839265,0.002279803075592557,0.001137960550145869,0.001167118924091447,0.0,0.004122984230973228,0.00258990659723397,0.004514002557877475,0.003935379486543237,0.01682868283086749,1.111133559437459,6.87681145584399,8.484826359099412
4.1764705882352935,0.0,0.0425063477065664,0.01980086238635055,0.01781292055375447,0.02319267042894547,0.012753740187208592,0.008760569551763603,0.008600500051540692,0.0054851028528293076,0.0,0.003880173817711982,0.002669061273307395,0.00027884636221866746,0.0011174923895535013,0.0015110715773135604,0.0034413363979088588,0.003384730710520838,0.0027115332725346566,0.0,0.006643460758916889,0.029623335595233412,0.19325847547815747,0.08243555469218977,0.3919819828528063,0.5277999910981938,0.10567655339736579,0.010355610014927191,0.0,0.005802618229098862,0.0036206827082870003,0.0037683204679077684,0.0036681836718301035,0.0006699251129471278,0.00047656551021993523,0.0018275515906741452,0.0004222860033896792,0.0027091481712782153,0.0,0.0033503376606736092,0.0026080405271509386,0.0027328120039232327,0.0028790937645677577,0.00873831130048381,0.7000345779158277,8.126470814071798,31.680171156095007
4.1911764705882355,0.0,0.01803899157114956,0.0038683089814577944,0.006372382730413765,0.00809154514854878,0.00608427824488537,0.012458036034905216,0.014642482120267274,0.010281618450422334,0.0,0.0032150216892936952,0.004241332772990293,0.006423346857658588,0.0018504658119788495,0.00027912249516000987,0.0018248919051414392,0.005501379204421503,0.00309833612373644,0.0,0.00431672820761331,0.04410136158284658,0.09695671234251527,0.35056506145294486,0.4329810029263057,0.13720295614911504,0.1509164362615521,0.020610395850908306,0.0,0.011025291406900919,0.006756811307761204,0.0017460961072591158,0.001088305312292035,0.0005459094636135616,0.001187274149198938,0.0012617132740631058,0.000889457961524657,0.0018703398476395813,0.0,0.0015231057089463906,0.0005882064855719634,0.0008545754598625593,0.001500175291285613,0.08739727313342686,1.4440676247714874,9.14672455564747,10.621407620987071
4.205882352941176,0.0,0.019370603190434682,0.014855444409570175,0.010424039627847981,0.003530327672867407,0.004621301796716189,0.005474300370631535,0.0013961502092829465,0.0035465151709826613,0.0,0.0009883967936205088,0.0013769603660054909,0.0011869593313421853,0.0014093369728769346,0.0016376505414448846,0.004415635540521776,0.004296166032675646,0.0008600209141192671,0.0,0.008640358296670956,0.02041869030897734,0.06130465705713415,0.09686741247556979,0.08716261000900019,0.01546869918700202,0.018149907783687823,0.0020828039513269914,0.0,0.0043152113350092055,0.0026507090180137357,0.0023702651166905802,0.0036571540509417813,0.0018054294103602565,0.0014695793117661818,0.0015613446414563885,0.0022204094901103495,0.0017186931686544397,0.0,0.0007923959118798331,0.0011942039865711625,0.001822245267618617,0.006850043860023941,0.06254237744752572,0.657548877327514,1.0068597877825778,9.11300155910459
4.220588235294118,0.0,0.01455414887586698,0.0036704687090130025,0.015549320432197658,0.009518633277439806,0.0030322190817700647,0.004955904992328389,0.005133907698695296,0.0030769004414612344,0.0,0.005446166321175498,0.0029303427033702664,0.0006330824310736541,0.0017600646275375957,0.004752581852464572,0.00380571184264474,0.002440367410122953,0.003336259840408363,0.0,0.004309908879960592,0.006057284644400311,0.013761456687625245,0.031911472633723646,0.05363817693674129,0.04094618636318894,0.054322778894672706,0.03842825926334733,0.0,0.00393081127091767,0.004762067900427335,0.000875290213338707,0.0009300600319359614,0.0015463009973295954,0.004766673308365213,0.005181797254195172,0.0017833342583341366,0.0009437116467672324,0.0,0.0007638879068685763,0.0010851722011868915,0.003277484982201328,0.0036454760214764087,0.009098051450217973,0.055275372184187835,7.129465797068153,31.860341483708027
4.235294117647058,0.0,0.0651626866756235,0.017350063933641163,0.011213497088128285,0.010589386169735454,0.005321616233924978,0.004813790525928825,0.008263047411860975,0.0049532929886413075,0.0,0.003652646583315015,0.0038518593237276415,0.0025816602600043544,0.000421964486918407,0.0016662937396412108,0.002704112422654427,0.005968777931683733,0.004251053462284575,0.0,0.0035401921803948325,0.008814873686231071,0.02727846532266701,0.03569337940827011,0.04210219267983878,0.1325407224144659,0.039461795139109954,0.0164032882588608,0.0,0.004741238956757782,0.001688025640280475,0.003732416995157711,0.002288391241334983,0.0008842337171270538,0.001487013570944056,0.0021021510143280895,0.0015150581865790629,0.0005198944329790037,0.0,0.0005457171042418502,0.0014000678975159525,0.0035274457181602285,0.013377960691077195,0.00942668267804341,0.6446780947415649,9.886744520591112,2.6153100953606843
4.25,0.0,0.034328770719001374,0.006674628481842621,0.013511729558715446,0.007668167138970268,0.006919085262718181,0.008888426509656086,0.007834251186363906,0.0022085444744626374,0.0,0.0049312721390557205,0.003888764398734302,0.0006905752227355458,0.001819560051756071,0.0023877128641252615,0.006396832911750772,0.005954972057717137,0.0033104466517932894,0.0,0.006387977809679232,0.016615627242347133,0.0026899735305871827,0.0955987497121812,0.3048511540995054,0.1403180605215967,0.007975413627179724,0.007670240031624203,0.0,0.005249605657879193,0.0039010785997955115,0.0019591946244393284,0.0035263664665135227,0.0026487692248816828,0.0014208428263390294,0.0013240476209466375,0.0011247758916281391,0.0008034122273777374,0.0,0.0005393241214093752,0.00037162511493551585,0.006646833370305255,0.04570987788978208,0.22915674428499305,1.282402315599227,23.90897847037494,127.40590513433813
4.264705882352941,0.0,0.013793107604258047,0.021982353594132538,0.005801088828474646,0.009404081225462196,0.01247859555039911,0.008944487785219548,0.007203901799621904,0.005078628110191644,0.0,0.0029016390722280405,0.002800974425650747,0.00288696900207735,0.005805806728113245,0.004308601116753821,0.003399462028396509,0.0021965984599241735,0.0011747861347565006,0.0,0.008476370114994355,0.019630459639032576,0.008245325303207434,0.011510920479329612,0.04254206474007692,0.017395322806222115,0.027706355628924238,0.00675021843189643,0.0,0.002324448247035689,0.0015417868018670067,0.0026509672847276518,0.0006201724547968337,0.0008623209030911005,0.0007741969494881689,0.0018579490344091884,0.0024206071418399217,0.0037534347142969358,0.0,0.004965423453279552,0.0035715883350997996,0.0014466189327065303,0.0033065681865841346,0.01962444082962639,0.3478857733785629,8.9370806564187,4.170028445104889
4.279411764705882,0.0,0.07280775171926017,0.04365389045772754,0.021661481224281062,0.0022346848303311496,0.019756519361512362,0.02594853866253419,0.00644815043272795,0.0058845727048189855,0.0,0.002716258819191908,0.0021318142460196718,0.0009715377558163363,0.0024125246111863057,0.001894520949668491,0.0008162341877069946,0.0037775087357516182,0.007914019895345611,0.0,0.006995278614499258,0.011764907126151742,0.006296095002784702,0.032937694828053685,0.11411035564845762,0.05748320375991457,0.06276143714266957,0.028710645018600593,0.0,0.0012013287686303469,0.0022205483214269802,0.0010533297203031877,0.0009263836045926785,0.0021937602706932537,0.001842488652463909,0.0008807668057309516,0.0017829019216494427,0.0022878553636336754,0.0,0.0015274872996072707,0.0004731839863431822,0.0015311355505293776,0.005195417128217244,0.017935658834632405,1.1433274196967373,10.274350580368274,18.536476845011084
4.294117647058823,0.0,0.036435426910646,0.021991365467394032,0.015774433928289942,0.0033134776334639,0.004637816298385914,0.006488799959589715,0.003816620656649022,0.004673672969480323,0.0,0.0012452966527270659,0.0029038056303612274,0.0028539134807360205,0.002801905684947933,0.0018307747846170997,0.004146836894913905,0.0037293034518850665,0.0019314767816928484,0.0,0.00814134572852086,0.015450868332817898,0.04810120014592721,0.07029982633264469,0.02168598865248089,0.03096982878961797,0.029139178235651528,0.015505114679270678,0.0,0.0007681652279561664,0.0033812151057613584,0.004866140076075755,0.0015208056126000669,0.0007472329666440178,0.001443008468904998,0.0014423939899519164,0.001764342630654387,0.003613119814274904,0.0,0.002915366910106286,0.0007061183504900185,0.0007379900401851998,0.004213990952972964,0.024743623419320147,0.5596007502582718,10.785071990104289,44.57506164661906
4.3088235294117645,0.0,0.024609430130143297,0.015790089981962456,0.01806950128596508,0.016458897092507793,0.0041628797194951175,0.0018647147471417447,0.008800734776839434,0.009677971185541936,0.0,0.004854266517459629,0.0027572290237805027,0.0028234732276778435,0.002154672160111965,0.0021689979325426193,0.0034790782562200582,0.004411058715107541,0.010468805546563726,0.0,0.006093809005364126,0.0034169023927980483,0.006698362134519147,0.016481484127800212,0.09890431598497439,0.08597565768539057,0.018653702891642338,0.003288633253904721,0.0,0.0032773775768539216,0.002511307853663872,0.0024812796039249117,0.0019332284507313315,0.0023222358250964883,0.001665187568902258,0.00048693421074236075,0.0018652569082314241,0.0029964014755341933,0.0,0.001693059610716204,0.00035745141707107614,0.0004770154813033583,0.0017376489638648918,0.006577241868503615,0.874231969885232,5.016607818468037,4.484076857514302
4.323529411764706,0.0,0.025956332193027946,0.05442444177992223,0.022564288758496986,0.01030893832290196,0.007686533497167388,0.0031982547366184375,0.002168493246273286,0.0019440174994180643,0.0,0.0018041610382390873,0.005392731228665182,0.00525425929540648,0.00280532327551736,0.0014422041019235016,0.0012671219657732938,0.002202489789273226,0.0014404040030825114,0.0,0.0013562603521415503,0.009136499345145925,0.041317173277420516,0.018617962581213766,0.010494637774903835,0.01844074126539522,0.010268055275909356,0.025665128103100336,0.0,0.009315545136287573,0.0023371682307220987,0.00025816442016337617,0.0007761027124537187,0.00022215740030796788,0.001513582133723144,0.0032459086017029505,0.0028215123546048793,0.0010747604417601325,0.0,0.0014909083915707066,0.0025324667239819826,0.0016220037856181672,0.002144385506727787,0.027180157432111034,0.5976424043615356,3.434455330085027,1.9544550928234605
4.338235294117647,0.0,0.024242431748330826,0.01494740179613667,0.005187797320402024,0.0032003846343591096,0.0037085094715791807,0.004670482667658529,0.005810819431529288,0.003033339455095646,0.0,0.002342478089472089,0.0023953286092827,0.005880741392230322,0.0061232418209060165,0.0032269293897239084,0.006501394289360311,0.006905896949340316,0.0022056785940391026,0.0,0.0020643495360182637,0.010043438852243455,0.014376239806328054,0.1016016027472788,0.1675586222916407,0.10656493100649742,0.008731461817274945,0.004122062032590308,0.0,0.0022875306255768176,0.0044512259934402715,0.0021262172805168174,0.002669882048515185,0.00216503259232864,0.0016403188851859417,0.00023707360021290843,0.00244638678147572,0.0016278694642616388,0.0,0.0014951653485872495,0.00034842652338251917,0.0011756278196953071,0.002573755288248129,0.011133159852950651,0.3381245047959439,17.990705827920394,35.71216344049449
4.352941176470588,0.0,0.041635967436975285,0.013668117148449285,0.004653232507845249,0.009397469631524881,0.008683563538276769,0.007019171503535161,0.001218713983201746,0.003608690685923929,0.0,0.003965104885617103,0.001498764119606054,0.0018919292673541782,0.0067461648094915986,0.006700165204963951,0.005022372276568639,0.0018390425477011704,0.0032837280932434313,0.0,0.009712754297143066,0.024744865050930737,0.03688058562654149,0.1835274918754276,0.12932403531298864,0.030869751658767316,0.040628038230939925,0.0173338282412413,0.0,0.002508190117913997,0.0021765575912441365,0.00351962938948513,0.0019781735388005642,0.0016075610899494485,0.002927174093283817,0.004515844386426693,0.003015697279910758,0.0019730712179778813,0.0,0.0021978790815460557,0.00240584691772554,0.0017890344943798343,0.006273965639365324,0.01743996945308174,0.49398637553655095,3.7351610386378926,31.233769013453497
4.367647058823529,0.0,0.05043622023987386,0.020941406231091347,0.013610436806682865,0.013381485014757647,0.006720175482378507,0.0072403148535302875,0.00552692365976558,0.005680798539508959,0.0,0.008170073982918424,0.007248618828997199,0.009373170394743995,0.005348018314573594,0.002377371823686776,0.004504664344271927,0.007907550046469137,0.006500041059499941,0.0,0.004874740318936428,0.008407982144462487,0.016859642937190375,0.07196366941623945,0.12510257081502202,0.07340452874312664,0.01655040036283293,0.015215047660595643,0.0,0.00399509879875381,0.0030768740909394247,0.0027073914555567793,0.0012590555644894155,0.0017832512301816912,0.0013117793034932762,0.0008161221002016658,0.0008471348586742613,0.00020621520590169602,0.0,0.0007885694544709505,0.00042772839530701384,0.0006738974336469845,0.0013281402022305795,0.011715897488712206,0.13001538766561138,5.353026435099409,41.51002296316092
4.38235294117647,0.0,0.055616244090502504,0.053942866162875816,0.035833836954164436,0.020359973963354715,0.013166545986595939,0.0045393287067968715,0.005345795205484597,0.0037290240066055165,0.0,0.001651845046475704,0.005138584131698862,0.006990861163402474,0.006022074128287307,0.002983383849755705,0.0027256855631738585,0.0023796076871524206,0.000607770467180192,0.0,0.0019933559165429605,0.005893077737583179,0.04964769955831983,0.07068854202659816,0.03403637908810295,0.0721773868893401,0.052305622473818994,0.00575356393964378,0.0,0.007768648728433234,0.0066721694749756096,0.004393642774444188,0.0018322575773590097,0.0003799841422500303,0.00011827208980993941,0.0002793201262391729,0.0003061967483256072,0.0016395442982501246,0.0,0.0038432797714978086,0.0062079264436864755,0.006337168141609733,0.003678721356621905,0.03715527597037198,0.1686416137697715,1.2321642627033926,14.707986167200396
4.397058823529411,0.0,0.066397728528645,0.043917185671523515,0.03640106593400505,0.015272642481006704,0.006634646014294787,0.01382415157624481,0.012092460089897575,0.009447264947462418,0.0,0.006607497376151291,0.001705113923057199,0.0025112559102495,0.0020083222751518673,0.0030536322518559633,0.002830372172000789,0.0013334126896713634,0.0018288130408030852,0.0,0.0026939153318274716,0.006033936775555855,0.004381233068870838,0.007296014784589352,0.04552193925334812,0.05167293144661026,0.032937847389426136,0.009303996927072282,0.0,0.0007235229053049082,0.002200601781639139,0.0017553613533073142,0.0027083800165165206,0.002783292993990618,0.0014548699303266847,0.0010454285186777654,0.0011418530963100634,0.0009499560014936111,0.0,0.0013969855697430632,0.0011649229714185262,0.00029641665567546035,0.0026866584126450056,0.016300518199792696,0.3521901566867247,13.533600631504104,73.68180470630138
4.411764705882352,0.0,0.057658026897068324,0.010762582942856763,0.004275318569676911,0.0037232973108032997,0.004368141038370829,0.0029711108394422057,0.0038325965661991793,0.0034006168082971805,0.0,0.0012347494607746344,0.002774599397714721,0.005114216925992943,0.00312264099202928,0.004156907835651801,0.0027104788506050526,0.0021955676742957523,0.002399734315190346,0.0,0.0015699407270474447,0.005915759540620584,0.0019950565193554374,0.01116790530915926,0.026039664850999535,0.006662314653468314,0.00498143191790013,0.014775246414781486,0.0,0.003891514061844961,0.0008453603889342712,0.0018791707960898857,0.0010395858628818209,0.00046646050367424123,0.0007654653851594445,0.0017672615691239559,0.0015953388789779928,0.001265402011706068,0.0,0.001642853452048236,0.0010111228697299744,0.0031560536498776368,0.0032889737573246315,0.029998934508215273,0.40304406908096035,1.2555660803241566,13.84653643922303
4.426470588235294,0.0,0.0552889757870625,0.02091646099622002,0.022171884439266695,0.0066015039555576875,0.004779027338884725,0.006343449511225685,0.0011037588791733958,0.0032779185097546906,0.0,0.004337478484281148,0.006263362647895815,0.005650097626361322,0.0028886542985942674,0.002763280209507229,0.0034419047472698835,0.00192972397736769,0.0019468217822696645,0.0,0.006454194582307806,0.004887479943759775,0.012990291632060207,0.027815370881717143,0.05878302689950003,0.04695326871516302,0.021703261204841534,0.0035750977553691797,0.0,0.0010184153521955392,0.0010614771100093683,0.003772204714370726,0.004337875403793551,0.0019629448524570727,0.0022077386463911076,0.0021708914738022356,0.0009310943320259299,0.0009330438047292616,0.0,0.0009992277807188692,0.0005803408027950338,0.00014568083819512228,0.0020632809220871963,0.007556406352704818,0.02175216390107963,0.7975343453815494,6.433344716469102
4.4411764705882355,0.0,0.03181244131954321,0.0160980331946661,0.0024155843607697905,0.003664924240353162,0.0017896144469957765,0.002917652495483487,0.005691503430214456,0.003938246903385503,0.0,0.003370122816461936,0.003933646919471448,0.0018252660334814761,0.001314491832068837,0.0019424556962544964,0.0027115912200216174,0.0016422864685162086,0.004472765420211454,0.0,0.0032037311407883133,0.008014873367956029,0.011052301534559352,0.09218621545840788,0.1336023425629892,0.03805080605436785,0.005422516399223014,0.003863280202841374,0.0,0.00213558503117445,0.001432353454631193,0.0021468883869133794,0.0017601473019771892,0.0013315811756795964,0.0011071445117077252,0.0016779590367675956,0.0034796770672514176,0.0015197295472035401,0.0,0.004344762063005816,0.005264450378775962,0.004899628180903805,0.006935802676457596,0.0021439440596967793,0.22105278269078388,2.674417199576067,4.699070858010116
4.455882352941177,0.0,0.05060138877854928,0.015521172180887936,0.006683422423997,0.0030577275294550554,0.006230788054119727,0.005368245146065564,0.007657407064369579,0.0030077683826933346,0.0,0.0012572556669649116,0.001927462915876751,0.002445564188241262,0.002650550968802367,0.0017586027616114434,0.0017586254119498507,0.002275592349550023,0.0057983745542031385,0.0,0.00558313381859782,0.002880579004682956,0.04465275185706897,0.1295522454160392,0.05256979333350713,0.01884805271577829,0.014043763768344604,0.004766417756718914,0.0,0.002647763019269175,0.0016106108117033451,0.0009577008910909657,0.0008123979679729136,0.0008192708488182232,0.0018277824824941974,0.0010018090659378236,0.0024348554170610403,0.004279971836455732,0.0,0.0015714456855233587,0.0011927221896033185,0.002437477047892459,0.0009383700742526674,0.020727273031984662,0.35748780577352607,2.9902577870292575,6.3090368070594725
4.470588235294118,0.0,0.060621177268817356,0.010744615343232119,0.0054015875271313,0.009104609874817954,0.013351096069496962,0.006604870293136535,0.00221455309736844,0.0035135762361181997,0.0,0.0049174172972087805,0.0036403880940640426,0.0029205913655145693,0.002853899078690024,0.0013689545247451435,0.002065830168415916,0.0026530714710337154,0.0009931204040913438,0.0,0.0012190307051816647,0.005017040526316222,0.04631532914885423,0.139122195277438,0.09304891105135775,0.03108951587875826,0.012674380979190443,0.01260365976949011,0.0,0.00965611575716049,0.0022872942115544277,0.0034914736311546153,0.0012412672518286793,0.0008379827751472731,0.0014429166886827263,0.0020292042615347727,0.0038465377217165118,0.004108238804964739,0.0,0.001325914096787897,0.0027926006938458225,0.0043667575725640576,0.002901405626414306,0.005082486440667038,0.3470538051766625,8.886885982674015,21.33390932341618
4.485294117647059,0.0,0.07913050464074654,0.020515913199109274,0.01204753677659871,0.01071095243286762,0.006794761026891556,0.0047327675657353515,0.005452150678286291,0.005058875838015885,0.0,0.0030757757195141243,0.002414610044022553,0.0015012663748728218,0.0010684481866706696,0.0012171462468504076,0.001926188477409328,0.0005578021987363146,0.0018347749484500912,0.0,0.0014932763827492247,0.003657890092756691,0.023935564604812713,0.014455247043851767,0.01366523001869513,0.029548172823832618,0.024110306909780686,0.016326765053472494,0.0,0.0019529612546053362,0.0024920312254964726,0.0025765563139049726,0.001579461032058695,0.0008191209418265922,0.0013354806229699929,0.0020440448363772947,0.0021531454229723355,0.0012617408773672703,0.0,0.00210905547030149,0.0009016424476922996,0.0033797492619038636,0.006849900594450824,0.00989066963887165,0.11845086411388736,4.343305914641418,5.253995660521739
4.5,0.0,0.05247579982737528,0.031064768110251315,0.028915910260485334,0.021878233308262683,0.007548707378447535,0.0032478834825834936,0.005679533618570124,0.0006885556279495108,0.0,0.002579843968350067,0.005883980986809637,0.002868349113235919,0.0006360811831263836,0.003476025294032151,0.0048255682586731555,0.0023711284286422906,0.004369670588644501,0.0,0.0037813076003381406,0.0017101060476093482,0.0067291448606549235,0.047622578089542,0.06135187304447607,0.01899868880048338,0.00452070662253645,0.006418681198042763,0.0,0.003577857647752844,0.005216670933289649,0.0025506984305418206,0.002761736428508529,0.00027858055205510313,0.002476364714763253,0.001511097428668585,0.0022098398147691843,0.0017393332342466674,0.0,0.0020166432345394844,0.0001432952456107363,0.0014808558799926765,0.0011947909497539639,0.006694457584408254,0.13126007729982997,2.1767382108151163,6.294237321415414
4.514705882352941,0.0,0.02923766834448031,0.04292330745622695,0.012622820344866947,0.005980339495145212,0.0038613526789216994,0.0018058656813196437,0.006725747934671909,0.006415711468600207,0.0,0.0009550892905641032,0.002375745143979941,0.0027479553775445436,0.0013823305594633808,0.0011337119552540863,0.0017749860399827717,0.0026155460513999987,0.004820170179928085,0.0,0.00944891298489678,0.0009228665700196908,0.02864302227713361,0.04797701519108646,0.0792079974874718,0.08597628614245587,0.007035955727677859,0.004194746689443512,0.0,0.006299958735316715,0.0033469018297933627,0.003232789478990602,0.0012383723375885114,0.001790025926588548,0.0026691240627108787,0.003843581350376392,0.0016202992044221107,0.0013892435027397585,0.0,0.002010437572056895,0.001819437200136297,0.004702801271019564,0.0028625698960691747,0.002779624189103465,0.6566492204171337,4.608786858566485,8.801720586554808
4.529411764705882,0.0,0.01996596530666197,0.006929146827575768,0.023144297374208627,0.005549588599124535,0.005926887965343832,0.008094225072856148,0.00616337934362058,0.001988562342175183,0.0,0.0028263995982429984,0.004380176895353702,0.003926020432289021,0.00417636265250891,0.0019521771186985532,0.000752538336464498,0.0013056057016586093,0.0068398927936682485,0.0,0.0207649870083153,0.00972856861499901,0.052027176243935117,0.1894499955908147,0.06312237949527583,0.01901088672721854,0.013508251178089433,0.0028448460690128448,0.0,0.004386427339255287,0.001996368542399378,0.0037790670331635436,0.004745701591363023,0.0016267467723642668,0.003876516447258172,0.003538125853166989,0.0031228882141204504,0.0017243378372573171,0.0,0.0004948915325935239,0.001368500689073143,0.0017562160255788198,0.00336155927092802,0.022353851929479415,0.6217397970643356,16.320919411284038,41.74385142475495
4.544117647058823,0.0,0.025489263508782202,0.015218779199086523,0.020479718974460624,0.0030714829313099,0.0033367380862615974,0.0035456571091293156,0.010039458736580511,0.0068167703919418295,0.0,0.0015489843528191842,0.004273589542635286,0.0024801960041125415,0.002097519623231348,0.004085517897806167,0.004927338347056281,0.003090286580890167,0.0015618392921817716,0.0,0.0018557732452674108,0.018902751237239848,0.051376751379857644,0.20592175018225126,0.07734173447639933,0.024977331530174958,0.008876063112965852,0.004157235850030171,0.0,0.004880217516226044,0.000428788515293248,0.0005107762435679413,0.0006660362788202063,0.0035853964693426,0.005440294466997682,0.0027717214997644074,0.0014373922741246522,0.0020798787033066684,0.0,0.0020531542022988883,0.0019174097817789624,0.004452903640994647,0.0013712222985639184,0.004024124747480846,0.2007791038950964,9.120608914483256,12.482983560151126
4.5588235294117645,0.0,0.011598518703355638,0.009535058132342445,0.006733170706946115,0.006452936426588016,0.0058192472696289585,0.002564290602475453,0.0021074791177709165,0.002628329544873538,0.0,0.0031121349400959116,0.006059891486469966,0.003572778446987556,0.002062347417004831,0.0021565380791502184,0.002967510104204768,0.0016499800900228695,0.003617434232373305,0.0,0.007348860560045398,0.005246767345053492,0.05681702953603946,0.03609536650860244,0.03887560233399195,0.11617598624118884,0.0864206107293084,0.019613378495193772,0.0,0.0019154593425821584,0.0023659620385226778,0.0029014352912487655,0.0016933073847772808,0.0016063487983043764,0.001021143624961128,0.0012747963156497597,0.0014359852171479694,0.0006634876395192003,0.0,0.0015908799184887051,0.0015341555283205329,0.0012125472573876433,0.004600418672396183,0.009316395428510984,0.26143244355950945,8.172364541886552,39.60183580083236
4.573529411764706,0.0,0.023286125313193733,0.01664875555591381,0.005648571634918553,0.008092825891718784,0.0035582349413283967,0.008231040803545843,0.0083284070777006,0.004320203964365514,0.0,0.0015057147381225462,0.004307161503510564,0.002753009903184208,0.0014774797980752741,0.0022789545767308212,0.0035842803411559303,0.004469964958213873,0.0028181205236123977,0.0,0.0011496494980635667,0.01380259699703192,0.006642759920185174,0.06255565734410846,0.08823458184404555,0.02100028802885339,0.0019305817448737562,0.008061888273535673,0.0,0.0027447630403083937,0.001077709939332984,0.0014967817254624657,0.0022534871896933246,0.0016861939718343117,0.0028896606896187346,0.0016322996988439337,0.0005117519665786208,0.0014070928093148703,0.0,0.0018500502083336294,0.0007945448993191715,0.0010895157139387478,0.0019735060419715554,0.013426129655931767,0.05673509768527752,2.0848991538128407,4.538620809304115
4.588235294117647,0.0,0.05559182496939562,0.006900930187460614,0.0055378219787665765,0.007391035218628906,0.005539328603081828,0.005416984892152999,0.005505136147112002,0.011235290853761444,0.0,0.008372038196364229,0.004374156726072825,0.0029076107353071903,0.0020875962620145894,0.003252198185424023,0.002028889893112413,0.000828606691416177,0.0014233204869859703,0.0,0.002006055241859072,0.00460670330893367,0.0047986076690886455,0.07315845371389204,0.0672078362080537,0.0034717492900937373,0.0024741925010022554,0.0021718708006852393,0.0,0.0029751588646334875,0.0017565874878667986,0.0013079591716974074,0.0016838394880982538,0.002124920525093423,0.00029985132205526257,0.00039709593486974795,0.0004584205320853366,0.0005750403802224183,0.0,0.002043352364826139,0.0016837066366811053,0.0007736872457429696,0.0013836963717525784,0.018147290717877334,0.41342279743930044,6.422384780093102,23.62543093263778
4.602941176470588,0.0,0.03663180816067978,0.004105685323254952,0.014611637223465857,0.008021320251949432,0.0035193365251147465,0.00718513070855949,0.006268391886227605,0.0009594858855075684,0.0,0.0022472260290235507,0.004297935713310672,0.003439843691829648,0.003014636512504579,0.0037561235138909663,0.001625000917828853,0.0015994151235910357,0.0022957718800055847,0.0,0.002082795605906596,0.0022780971141958773,0.00349608718637366,0.004775554991878808,0.004954797884678019,0.012938316297488761,0.021995435209308082,0.013254506998992967,0.0,0.0040837158555146365,0.001806090951749871,0.0028251447590333764,0.0016243318823714102,0.0008933710752062963,0.0010024174772952275,0.0018429907103242236,0.0027780912965408066,0.002524584609207044,0.0,0.0008639050210734595,0.0017862567328092997,0.0029340442577044873,0.0012019374797942336,0.019980292087964067,0.8313805250710116,19.489309180300232,32.64593995595804
4.61764705882353,0.0,0.05361799636558367,0.023940302235918965,0.015924541315467514,0.019309865532197996,0.014589894943653935,0.010427174505285292,0.0072011826913356974,0.004343896032165527,0.0,0.007511734971669944,0.006026386627441977,0.007585434929763795,0.0024458796864224473,0.004029129676882173,0.007807051650481771,0.006392184483104573,0.003141962837048242,0.0,0.005242807349597378,0.002424259692588383,0.020228649114757503,0.054663371408872494,0.028846356725019465,0.006831936364024557,0.02795081213666961,0.015179811040439759,0.0,0.007681835977126239,0.0030744255594575575,0.0008778409851266269,0.001257491999348353,0.00365249456228424,0.004786899918998503,0.003310701438966608,0.003241181712930431,0.0024514651303196968,0.0,0.0057848907719056965,0.005292822300531329,0.0036150950190818078,0.002204041620466414,0.0035051420983833494,0.1958687455820234,14.773928171030832,67.88349070141629
4.632352941176471,0.0,0.057863580206972895,0.020705690476795234,0.015190019908457569,0.012204598187375224,0.004715523305069382,0.0017025234211319369,0.002908278907193382,0.0017711041590227632,0.0,0.006363239654462727,0.0030739005557308546,0.004203517845148193,0.002700492604926011,0.003538198638511918,0.0008239212053605858,0.0012507344589589007,0.0025109459134937825,0.0,0.0011882879379774784,0.004963204155271598,0.011678643866317694,0.06356464008983989,0.029907203805095636,0.024767879804749843,0.023141014689675214,0.0007938136675231551,0.0,0.0006087537914518661,0.0023782412774349198,0.0026658717225118093,0.001643932453907423,0.0008076500880591832,0.001297411665505382,0.004745665409704045,0.002315097547445101,0.00017935722267462123,0.0,0.0005412981309076327,0.0006391544616318928,0.0015462805356655502,0.0010278115299462009,0.005432253611267342,0.054421473043561736,11.731758273952895,14.44838719942481
4.647058823529412,0.0,0.04421923326898769,0.02397011042036607,0.015521278110475234,0.011021944564053091,0.006271601374761446,0.005282283924888506,0.0028963069577283883,0.001460902680113177,0.0,0.00275283984020011,0.004197769788613705,0.0013464151070875108,0.005154380000100702,0.0037071232430996737,0.0007255245724460135,0.003986466656788453,0.004851098927980025,0.0,0.0027837717752880395,0.0014374536325598777,0.015725414826637835,0.1011848142190267,0.22794625180989525,0.09801445641625861,0.003308190370241389,0.01990588202334601,0.0,0.0025752648669988324,0.0013295054312689896,0.0018337812144891374,0.0005093797551756324,0.0007634278221308782,0.00028809592385669095,0.0010280219749255171,0.0006781478904406913,0.001209836747552281,0.0,0.0014555530417565215,0.0021989312002990585,0.000721825697572578,0.0030977824648241764,0.0289699870126496,0.38330920538986224,14.547989241346482,53.48886023051786
4.661764705882353,0.0,0.03582370388788275,0.04571740356571205,0.016474318810876572,0.004451495226766346,0.0064685740242532794,0.009291171443562412,0.016947947121056142,0.011611661956043028,0.0,0.006195742185956251,0.005954795235526453,0.0029713346400995246,0.0016040896042985703,0.0029491877966696927,0.006400727752160464,0.00398317203251779,0.006972435153897167,0.0,0.015132043627379565,0.0441389659897556,0.09122514322226108,0.05876388353886735,0.06256098124622145,0.08357062848376481,0.007875143913378435,0.003737294355782755,0.0,0.00679304332064341,0.00239961242234121,0.0029079876932599884,0.0039653760170205304,0.0023308885076055693,0.002803803671076642,0.0014493253090189942,0.001074961195201693,0.000996017895854765,0.0,0.0016183917269721002,0.003893156415509529,0.001794590298241026,0.011644796478941127,0.032402648032554375,0.6987315315361459,15.2643603687258,32.06125547001001
4.676470588235294,0.0,0.033131800310580946,0.031409812632425683,0.007409899422221001,0.0019542009941241807,0.006854869554878934,0.007520294955943526,0.007848208555316281,0.0030011362708085294,0.0,0.003009911272040624,0.004238706132400702,0.0035454037282573077,0.0012063579497958352,0.001317439879266027,0.000905091123915415,0.0003874863746331107,0.005471711321812914,0.0,0.010718912355576208,0.041651729650626745,0.22642185666398057,0.16224922024198027,0.273856396482661,0.19632888958759975,0.031067557159788615,0.021017777944252206,0.0,0.004446740854761077,0.0026446988929630664,0.0023352106190033684,0.002007830337009206,0.0009788334778325137,0.0015231142914584194,0.0021428081096682003,0.0018600059521199936,0.0009050162033036884,0.0,0.002038823449978408,0.001151226341560992,0.0010793047863666503,0.0020248710153523784,0.02293287226345772,0.5654935695486023,18.16924067640757,55.41934289818804
4.6911764705882355,0.0,0.018334758417422117,0.028973652013781187,0.02393183611710322,0.011306143153037157,0.007868323610165335,0.0016024691929991009,0.0006526865451668366,0.0036472253525434476,0.0,0.003430419210250357,0.0010700728216854103,0.001772774077561397,0.0026241075918595706,0.001396338844307439,0.0021540824395029855,0.002458541932539421,0.004036229068250852,0.0,0.012471412432444194,0.0280212040734638,0.2348569366336253,0.929637282617843,0.9102294525460084,0.19269729324580198,0.008137612909225649,0.007555090187256945,0.0,0.008451507861903101,0.00918444020682136,0.007240612397408152,0.0029066372523626626,0.002021047207612196,0.0011678848840301482,0.0006853942427849516,0.0007731746020637139,0.0009577038454607249,0.0,0.0011738878677855053,0.0004519788006529825,0.0010068571800884883,0.0035657853336297286,0.04105506493578305,0.15231179829983024,6.449298718669122,15.693203684398116
4.705882352941177,0.0,0.03344972813321942,0.024832530131706408,0.018044065202906964,0.009336829942289706,0.009617083011645974,0.009900718988608868,0.0033927961309781437,0.0018937832636512538,0.0,0.002275938616978699,0.004489768686037629,0.0013551276196684817,0.0005825469498427385,0.002637142958273298,0.005652677822001127,0.0029175309115783117,0.00019096116452836353,0.0,0.006639391288621536,0.01765756927182261,0.01660473607145462,0.09967150027862609,0.21788680052123624,0.08922413688221753,0.048209522088376595,0.024053446340803048,0.0,0.014881088836462789,0.01853339336395366,0.01910193849383681,0.00372841546618553,0.00062970215732955,0.0015216229217370897,0.0009857204487560586,0.0010755680232118225,0.0007597091702370745,0.0,0.0013239658115403179,0.0011759510566848315,0.0023378989001085473,0.003770707976896678,0.0135992152619637,0.4847464001753444,3.5102155310294147,62.18852256833962
4.720588235294118,0.0,0.02677347673379292,0.012497905558411657,0.012423749147994058,0.009391712649038157,0.006117018413878998,0.0034930856262876528,0.004140463352318305,0.002941665910648356,0.0,0.006666316884023521,0.007413341903503807,0.004823884251849936,0.0019700612317509643,0.0012807707968565938,0.006030806808778618,0.00266754630495664,0.002105827879782706,0.0,0.005025250363418985,0.010348145970114056,0.04236515374312566,0.16916797164211636,0.21254436080219946,0.053802448573067735,0.002084382437058917,0.027190141621227747,0.0,0.014850715965419762,0.059816432997988125,0.04557409997321071,0.004459997510127104,0.013810536986340348,0.000737700874089917,0.0011325674884684993,0.0034129661463770233,0.0022637215259541294,0.0,0.0014239408356648742,0.00125412766515498,0.0009123426278281182,0.0025887813150223277,0.0050360196219980755,1.1551703147775303,6.6745060251073625,20.439929113017403
4.735294117647059,0.0,0.01727842861644292,0.02409389685856352,0.008903689107466205,0.020800809631868318,0.006010728540525819,0.006603976062879794,0.0061718544451805505,0.003973697983479504,0.0,0.0024198205577490315,0.004246598620293826,0.0032738526894562935,0.003385883395615941,0.0033963548088113823,0.001979469350102077,0.002877259815282756,0.01046038967106307,0.0,0.003480789473266365,0.030754019526279354,0.17365981216924004,0.2070204389730843,0.06746546754039348,0.2508136967047917,1.101926702068078,0.6216329570264537,0.0,0.2645044138068522,0.7271684803152538,0.7349815432715674,0.23255668926611855,0.03281547327499503,0.0033486465455682918,0.002131577886856896,0.002243228668858354,0.0016005836701231287,0.0,0.001777292199922766,0.0027015975331263534,0.0007300454711440163,0.00041235360308078395,0.055822512879579705,0.6671934492100774,23.687341172697522,56.853699675823556
4.75,0.0,0.032121412001436596,0.0197091352359742,0.024478181180760353,0.007674557218412214,0.015837438335375816,0.012133892177510828,0.005980508998849447,0.007064678219557402,0.0,0.006471219392197448,0.002569132489432368,0.002771444451935617,0.0019947140907300618,0.0010210545861122748,0.0014884200059210985,0.002690203140131509,0.001822939255876808,0.0,0.005942930222997297,0.014031313108015472,0.017302021168374305,0.04870320652759975,0.3289154004539213,0.488843751344779,0.30376399562425493,0.11400494011893464,0.0,1.1716183625914511,1.7974233578232277,0.8565911719188934,0.16289727177038743,0.019326764329378528,0.008746638180278793,0.004107396586884542,0.0007503231950820586,0.0009586053980684718,0.0,0.0002199713156110266,0.0010058293409074231,0.001688870005318694,0.002142287916857819,0.016367732031531964,0.09109972659092862,19.518330537269158,35.45517330118268
4.764705882352941,0.0,0.04078879007515872,0.050924830079686026,0.008288332232125868,0.0058498755618288595,0.004417502165010346,0.005936816044971453,0.002340899077134015,0.003810092959244631,0.0,0.0022114268877490616,0.0026948342908872857,0.0059141118950494275,0.005350124758222117,0.006638101317980696,0.008130648627651059,0.003699108672900353,0.002578616702195185,0.0,0.005426399390596463,0.005378364919648795,0.002404417143572105,0.022076398341363566,0.025040859381849877,0.07317534926973901,0.5205870176016341,0.4403533230722191,0.0,0.2683658026718129,0.30558621828727905,0.11644276617008836,0.020239435828696972,0.0037276585976098605,0.0008338458268128703,0.0021156169665308686,0.0013542648990011222,0.0027358227035537636,0.0,0.0018393497166133564,0.0012358958101442896,0.00156783320900442,0.0018455006219274426,0.023591916137361918,0.43463127786888983,19.08694123269177,52.04874877288016
4.779411764705882,0.0,0.01619494291597283,0.018313918721160265,0.018230930787189393,0.005953274974563654,0.004267137182309633,0.0018782019822896493,0.0021433748671795196,0.0043289794949555455,0.0,0.0032300903335281354,0.0018721918630334997,0.0030452423484873294,0.0020550535289946457,0.001109505933406471,0.00280143897365797,0.005940867201165764,0.006861328029246938,0.0,0.009176833888313552,0.0073535249696284055,0.0198657654872179,0.12165719264493785,0.13741849142866053,0.46672791477847153,0.5821506251916697,0.024887962260097242,0.0,0.03425283601971881,0.05665013678017229,0.04780977361269072,0.0019589297080990593,0.0034770002351116117,0.0008858929198433466,0.0015737244157069358,0.0033031260767585687,0.002261457186247835,0.0,0.0015154853447221907,0.001311327953113252,0.0006561870721927055,0.001589194324778484,0.018438900168554637,0.5954540368701484,0.7472680074757874,12.063504729999522
4.794117647058823,0.0,0.025679533640111246,0.024212573248456944,0.010388788207593015,0.010881983797693565,0.01236895403363969,0.009754139574995893,0.006569349116706188,0.006372743034029544,0.0,0.006778172647684702,0.0032350355168420534,0.003426021203824371,0.006116259885978808,0.002511512007637304,0.0012051471805313982,0.002028845536297361,0.003171297889954127,0.0,0.013087900158371961,0.04486358545837972,0.10196818215093226,0.12323869080434104,0.025450377012620068,0.31427455591831976,0.034950477688078754,0.34230697601111315,0.0,0.03446267202645857,0.02537137374028718,0.13058808316903447,0.05186923484367337,0.006051578803188411,0.0016659272248278575,0.0006539333106920121,0.0027127180162785634,0.0033266358056440164,0.0,0.004814967024669711,0.0028084061298504367,0.0012663367407187713,0.0016408982987553254,0.003708299791065274,0.3331754389687551,7.788050215014752,19.593590981182842
4.8088235294117645,0.0,0.08758543360938087,0.020352621111885388,0.008069290704874369,0.008650270277062083,0.012193325160847285,0.010359722774252456,0.008816755402049056,0.004865425196880303,0.0,0.002148204607027166,0.003999385394611131,0.0072278382262828825,0.0030265844875533784,0.0018201641412751008,0.0017933501281972074,0.004231329539602544,0.010072838392227678,0.0,0.03139414711824449,0.03385367518384576,0.08878923419779279,1.0363840427858768,2.9122290092542835,1.9896178434574496,0.6115830598185499,0.05199126823624718,0.0,0.09933116945229753,0.0034865764317797083,0.05153639257609341,0.02052987475732227,0.0016416733616459581,0.0015357132993440987,0.001456502022942008,0.0022056581777452422,0.00198611217442177,0.0,0.001355418046758075,0.0013105345781891727,0.0018208228294972475,0.0014211445050527265,0.03142461360031074,0.09262276901551292,0.8170690488226857,18.884633861970944
4.8235294117647065,0.0,0.009676563275722175,0.011676065939590691,0.017243508220749014,0.015308598684407178,0.0134857331797027,0.004139364068402407,0.003074254749858861,0.005329435288325326,0.0,0.0058252796742174935,0.0024144182939312385,0.005074938382896248,0.003526019428745565,0.001515141118622912,0.0007137801086279825,0.001750202830205565,0.01324444503564548,0.0,0.006902175513842724,0.027202589466465994,0.16101385822269185,0.3042823647336878,0.49409247694622294,0.17673330511814028,0.019927034542948675,0.029351072258147263,0.0,0.03990196257015247,0.002720005369025107,0.008009484570958118,0.0016899594326830088,0.0007683520076593622,0.00070530826544782,0.000847239244361021,0.0006210878788855214,0.0011342765160773,0.0,0.0012963933389593509,0.002055795524630731,0.0009006740969306578,0.0018375247062074294,0.0051374205087002835,0.2828923375215009,5.853388945553885,27.241984237827907
4.838235294117647,0.0,0.02850512241652073,0.017739889489100723,0.008378119616472968,0.02075155121760692,0.009923264106174425,0.00812631683312058,0.00859258300192699,0.003870878732437185,0.0,0.0016708560450863664,0.0027535582395177144,0.0020576232387534994,0.002408078132848539,0.001988482087344261,0.0021366648792571826,0.004749357028852087,0.006720262905949625,0.0,0.0036998175936724894,0.04617666892789837,0.06135581212507442,0.16879256192089598,0.6337690138607294,0.3179738280352817,0.021632433885438868,0.16984551894616207,0.0,0.08316034385788472,0.007791595743824769,0.0005609888613242064,0.0021549748671290977,0.0015817885784882558,0.0007029010562101237,0.0007266594478215518,0.0019723437559319053,0.001215663723457037,0.0,0.0013751707719182982,0.0007435879448544626,0.0007379041444952556,0.0010213573168997424,0.024451878496444774,0.18252061237980738,3.233927199576384,3.6230303170813087
4.852941176470589,0.0,0.03533116373988366,0.018964479482422237,0.010853468992979676,0.006003972510770019,0.005151993427624415,0.01039386349182129,0.005998082366911434,0.00122746540106437,0.0,0.0021186016654861834,0.0012723743411127242,0.0036910794041522467,0.0023563264646538026,0.0014650761540221673,0.0033698925805916873,0.004198762060076695,0.004126793547597229,0.0,0.006641153797110928,0.019497714227612734,0.05059846484491051,0.0895922100653316,1.0254510830904302,1.8999034837757902,0.6217811620156035,0.14343507768015115,0.0,0.23994199145813738,0.3051617626764743,0.09667964848616326,0.008349503195601066,0.0013819267883439506,0.0020281028448545855,0.0015787799365249732,0.0014266022195647985,0.0020927663101853672,0.0,0.0027122521888723644,0.0010157849980160746,0.000898300987692703,0.0008454138978540212,0.006447501595861689,0.3795860105971951,1.2281043680231993,4.228469865897548
4.867647058823529,0.0,0.07598855073082861,0.033920735929301,0.010882439823033765,0.013473568110206917,0.015118852364325126,0.009039483441681508,0.0012007809035973647,0.004173867290991759,0.0,0.004049060174002637,0.0016043321859076248,0.0037874824928141827,0.0063724697326010445,0.0019331309023644422,0.000965682128008821,0.004780993288441067,0.004837614098759596,0.0,0.007236108547998684,0.016277172564887282,0.07822754449470219,0.09673784117380299,0.8739119636160895,0.4373895380358651,0.14828100650434423,0.33441930776189077,0.0,0.40049083059786883,0.2997316728924425,0.40431166952443887,0.21183134310870091,0.021811591348615544,0.002658570114952125,0.002287461852728303,0.001213603789323483,0.0014396396634594605,0.0,0.00117580607549963,0.0014306255464197836,0.0010030931341089336,0.0032729408216168833,0.006638029898615593,1.1549167559636209,11.77744961579786,3.9621287528338227
4.882352941176471,0.0,0.03298001572462384,0.0321540392156838,0.01729878539865736,0.025374983003371973,0.008510400440005896,0.009883873854078499,0.012705979191766406,0.006583095136300756,0.0,0.004844604025658406,0.0011529076224904133,0.0016071707928700522,0.003500417643233915,0.009634405837441407,0.0069362305573347945,0.0024698480531310098,0.01975380170184114,0.0,0.05380393541311309,0.010218313360752383,0.16020228479980597,0.35467149633185263,0.39814233814102673,0.5541155561951703,0.18411268375011913,1.064368558729917,0.0,0.38180293385947206,0.4990790996837222,1.3662176388776284,0.6222873841629379,0.06591242408158283,0.006975316272135734,0.0009534782712011258,0.0028510375949941462,0.0029000500521304436,0.0,0.00256541508829282,0.0019504266593781462,0.0008048134297083683,0.002313868304807666,0.009081215879556789,1.541229746136609,18.838623236136023,22.637436123990838
4.897058823529411,0.0,0.029787349527125362,0.0058390240357410516,0.01741391662593343,0.009083105469032656,0.005661180631649554,0.003174848296169316,0.002053312127688364,0.005254157241308026,0.0,0.00888207986941793,0.002518891617494592,0.005747811133353997,0.006531394943281143,0.00916998901723665,0.0044985897935887415,0.005525511135618999,0.01913240572446452,0.0,0.021880088859999786,0.03839325796244735,0.02297455846746064,0.2383237179850733,0.6342282328053832,2.6146155448794652,1.487368311164972,0.6631533608757989,0.0,2.1433012343473536,1.6382650473564513,3.24599071338702,3.129873923515866,0.5359164404771886,0.02390207713388569,0.0013372675217241023,0.0007679277675496707,0.0020389704950001288,0.0,0.003391137599784784,0.003158885586249727,0.003297515518012745,0.0038820404123345894,0.047872475163556305,0.10193900110570338,2.5541581102486655,1.2691245579402815
4.911764705882353,0.0,0.03318391945317748,0.03364458496255917,0.033010877256791984,0.02311378154108619,0.008868406368241143,0.002407909322244955,0.0033921864739169076,0.008581230482454547,0.0,0.004910419677153831,0.0049853116863308,0.0014301083908511427,0.0010912891295391483,0.0022325920366439507,0.004509768846097221,0.005707999805215075,0.023046451800664225,0.0,0.03210101996555556,0.021779296339079393,0.2616266411919208,0.5548618327564266,2.251143374101444,2.9861824072016114,0.605139485566581,2.3306835778263038,0.0,6.005719921935899,8.55612194790157,3.720964122972692,0.26132072139507073,0.4222260005324687,0.012290656345774802,0.006476271659923969,0.002444657143830526,0.0033910506277158715,0.0,0.002391777487657707,0.004149923286988842,0.003072693877706174,0.004335418624664679,0.006154656118116318,0.5073660961576577,12.038547601691066,23.49629491221686
4.9264705882352935,0.0,0.031160522077219657,0.03061624178663509,0.02506723178666391,0.019137320422406512,0.00747356248084413,0.003452146497748225,0.007511058532380049,0.007463927725300358,0.0,0.005139838637831679,0.00639611320990796,0.01014300232656721,0.004210695641897556,0.0016342114053884008,0.0014391810091375177,0.0038606943060678026,0.0074667216971335834,0.0,0.004101827182722753,0.10567440104471984,0.8530053515130438,1.6068412622295825,0.40060057534446913,0.06501834271050759,0.2550789362282442,0.12750476991053172,0.0,0.11417592059253226,1.0741593108778085,0.1671573320461439,0.19961247830854947,0.314861338639264,0.01578839693939184,0.001305307645420176,0.003610472868126802,0.0024330737228493962,0.0,0.0009658634991108274,0.0011432375795063228,0.0018512475122787798,0.0012220749924832317,0.038421424923825824,0.13050261547861663,10.916890634619968,34.81242778784517
4.9411764705882355,0.0,0.023619811713000087,0.028935138348413384,0.029087508270136373,0.00490256013040671,0.004237628140204143,0.0008646356255677304,0.0032902570750519018,0.0016422147289724682,0.0,0.0011291855367107566,0.0011707529048225207,0.0024972327499156056,0.0068843243765394895,0.002760208703127578,0.0028350661557062238,0.0022933355639373795,0.010322108307014327,0.0,0.04788422517199258,0.06439794836956726,0.025959407408728256,0.11277176580928332,0.14624859771710635,0.5468173155574781,1.1620715228909573,1.4441161940510232,0.0,1.419882600657883,0.2692444527949619,0.5598968807717571,0.7185336645155187,0.2702831365314297,0.008504758642628757,0.002781931448684199,0.003504103939711126,0.001749754824548863,0.0,0.0009171511052548267,0.0016037003222720346,0.0014874550570708974,0.004025051374293671,0.011920508045621033,0.4965336657484872,7.188276099588651,8.001883840310773
4.955882352941176,0.0,0.031225213929009288,0.031327863750843975,0.019263658832634898,0.009121343147345532,0.0059352051211739604,0.007140690781599153,0.0022386459994584384,0.002803538339128506,0.0,0.002260563706182371,0.00031777998703761063,0.0033394580880237792,0.005020500738020118,0.0035920538248748668,0.0049555307343458815,0.004928892930004524,0.005550623455345453,0.0,0.01891255041068165,0.10743126117012453,0.4387076125176876,1.2366915397260108,1.0838067691274742,0.36539680400933533,0.2568657320875449,0.20557711939144105,0.0,0.005040778263694428,0.05776570367450354,0.4185316760171621,1.3248930391529674,0.20900577388732186,0.008855094127719768,0.0011233332569462204,0.0005254393229711571,0.0008887812931943299,0.0,0.0008053763889275604,0.0010756925300741192,0.0017938928184002387,0.0008731584289020419,0.002439775235300368,0.42892729156738485,1.1109797280016473,2.393093199426138
4.970588235294118,0.0,0.0399277029425828,0.051464660992442,0.025551926614502743,0.011048155683772003,0.006140988155901306,0.0018024116411197821,0.005614564771791853,0.0026739791526595967,0.0,0.001617771677135946,0.003267214753889016,0.0021796438131980876,0.0010999511858730024,0.0019314802744227382,0.002839909025588687,0.005485269390254213,0.019410100342099616,0.0,0.08875952392719144,0.1286917513574417,0.11752905409026856,1.1767810132319974,0.8633764983916719,2.595893685121414,2.151861607691427,0.5873971798883584,0.0,0.10337334746764917,0.06192089764488947,0.4614273166735191,1.8998488602586907,0.6746097819962207,0.008874012337166094,0.0010708103838026248,0.004373200594386253,0.003384919469215773,0.0,0.0019556073241531998,0.0032391366496354436,0.0025262331454071313,0.0021224061274280883,0.01793341043263977,0.08003490716448372,3.927108471217826,10.716772629192224
4.985294117647058,0.0,0.012496996992826779,0.01591113687870526,0.015671541959369716,0.0053437935845492045,0.002431766547706738,0.0008950123252688093,0.0032741691317374607,0.0031348681418106265,0.0,0.0043160643018749275,0.003564542950221819,0.0014435243005571714,0.0013678488364083884,0.003902902750330754,0.0036545774323533684,0.0030853875859050443,0.008033023997463029,0.0,0.03890121991166151,0.09383797823890931,0.21309844483184015,0.7104040944889083,1.3991663518534916,1.8130508073048386,1.6264565771156665,1.8048639856152198,0.0,0.22483752022601086,0.16342316745112329,0.2568638120213636,0.7862811461917246,0.40938843998112784,0.0436322981514847,0.00534563844735066,0.0046281410639002875,0.0006039406396609838,0.0,0.0008894132114092727,0.0032021189492401217,0.0023738509238592515,0.0038372588828526253,0.0033305463731087186,0.2827456766790202,4.810907529789119,20.18294940709476
5.0,0.0,0.01986899399150571,0.015000064347640028,0.012418919553833688,0.005605092002138802,0.002019854444802721,0.002555883459837657,0.002649197595486079,0.00481449512983302,0.0,0.007776198385994122,0.007466541435223859,0.004926023632500041,0.004630179736519045,0.002429786998668987,0.0029976491286050045,0.004145935607546011,0.018735518780878497,0.0,0.010400473772766556,0.02325076501547317,0.01066384453066739,0.05992357949879194,0.2203631303040235,0.5694128219176646,2.9082027122537997,4.183256505380109,0.0,0.426668262746134,1.3303085430928552,0.09828771724922769,0.33546433980105894,0.08772372622226904,0.006862820025874189,0.002262674625895013,0.0021412005809545295,0.0017808979660784523,0.0,0.0013443946055465277,0.0013968499105532935,0.0008542029848149815,0.0017585339864806498,0.004871818763803311,0.1165517982045639,6.719665523630365,29.156386443223326
5.014705882352941,0.0,0.033120767091568644,0.014610620304551411,0.02692660450667985,0.01679943669943564,0.0133467150291947,0.0027864454484733438,0.003677504947687282,0.003884642362243405,0.0,0.0030770664651778154,0.0029176927299365578,0.004474196020276304,0.004967192124898368,0.004378868164564286,0.0022535024379157446,0.0016235548148282896,0.016826454180420912,0.0,0.05788179665102047,0.04801823304964522,0.5108929772999672,1.037046730737137,2.5026809948629545,3.063463701524762,5.019813564950928,6.927870682359728,0.0,0.3335676684426012,0.50863872531974,0.4167603140598345,1.3384683302730667,0.2672114866064157,0.005470011375098472,0.0007178983973956409,0.0013051464917383886,0.0004860097291656668,0.0,0.000669920549357976,0.0011479982934686419,0.0008288605327750867,0.003818181435431128,0.004710128687271931,0.29196149385734044,6.138280595361323,18.5778659205618
5.029411764705882,0.0,0.024216578244284893,0.007780619793274818,0.011894529120365252,0.018540313060957436,0.009889951971254866,0.010284565202775495,0.013908716038612018,0.002682307231799757,0.0,0.004378709984268214,0.004055357762313225,0.003993867280924249,0.005720525553568577,0.0026050291160754197,0.002453949713752986,0.001405682606436273,0.0015807330620900022,0.0,0.010480062304041178,0.12572861498787757,0.6350798729950923,0.4607687544056786,0.9666338050209733,2.3597651956230403,3.160714905394019,8.4905986755654,0.0,8.662362222489895,2.2526012323513918,0.35556933688242165,0.3549058633337957,0.31660967526442807,0.02776683534584399,0.0021728250725884845,0.002051298887526876,0.00178486493328426,0.0,0.0006338507534201216,0.001550197230432324,0.001494384599647566,0.002791649261142543,0.003540714668078133,0.16603349286258473,0.9752113968681095,6.737893347590612
5.044117647058823,0.0,0.021777698135193188,0.021739051822502197,0.02115469947514406,0.019900545851034294,0.007436227167201364,0.0029102094042067223,0.005589545582801717,0.002182582253761712,0.0,0.001719353350987937,0.0045364796601901555,0.004754526851084425,0.0026883870594871665,0.002227366558084668,0.0026573727116372416,0.0012396766435588534,0.007744405048103631,0.0,0.04272630063289347,0.2600828294888946,0.701709300268506,0.2809715473285685,0.2987861968425114,1.42699506150208,1.559725823954972,6.412327840149837,0.0,15.833164846680596,6.626350699141964,1.1606540334705264,0.26120948762023805,0.25683832337111673,0.061539298001100425,0.0018296264413466307,0.0010271719096691721,0.0007575957833661376,0.0,0.0014316981345131612,0.002539340724417507,0.002219078391512329,0.002195779195024802,0.004032984707153803,0.06688891184294198,2.532948417148534,12.888452277806355
5.0588235294117645,0.0,0.02110675969940297,0.01582509812291652,0.016301562909723136,0.00865488138221475,0.005582486469448154,0.00688319408180664,0.009333631833017676,0.007644689690759521,0.0,0.005013672391268351,0.004130193448032052,0.003849022479373546,0.0054430670861362095,0.0019902162299870073,0.0050145504358346535,0.006977768701702655,0.01054911088865225,0.0,0.005178948931678019,0.07115093575567612,0.9724535283738905,2.4318079518213844,3.5036504975191654,3.560720507927415,1.6963255831970159,14.525392629257166,0.0,42.45639464445084,10.291874696507595,0.7824095355228142,0.771092728433665,0.32581319235603123,0.023784825736150077,0.0017891808822937004,0.0015639984846169542,0.001629782128406186,0.0,0.0026670498555743374,0.0015739609858692845,0.0008373718121123812,0.0030191171146997683,0.006556752422992005,0.3054984277547959,3.4034145707644057,8.602281278868857
5.073529411764706,0.0,0.03715090059545992,0.02238046535571564,0.021238639543148224,0.010079360263897726,0.010439290634642601,0.0037214880256372387,0.007396007343007278,0.010361380211221462,0.0,0.003499074284824353,0.005275862623322117,0.003682722304001216,0.005526384716182507,0.008124146544485593,0.00474600764325347,0.005801575259645541,0.01334355092285943,0.0,0.03297639580757972,0.013767045332466577,0.14116525513876946,0.7345676957578654,0.21044248203378885,0.06507327017477521,1.5110942422980524,13.69024450736047,0.0,24.39761420740973,8.572281810999204,0.5955735443388721,0.43841331774414194,0.08669616522613244,0.01969240049237017,0.0042943839656866874,0.001339398796732893,0.0009819817397665387,0.0,0.0014191486326888677,0.0023072584626150985,0.0004944860760758042,0.0015909239611391068,0.003981821719354338,0.43109242436059303,10.950427736199195,19.264826109250386
5.088235294117647,0.0,0.022735846975971728,0.03721861199744125,0.017477004026877446,0.00189380070545816,0.003608218823380463,0.004758284889529471,0.005569043899059577,0.0051185834397870595,0.0,0.0039002191827375073,0.001445943935510592,0.0010075839875432,0.0033337971674626946,0.0020234624428963964,0.000281663942087291,0.0030711809425103885,0.005505238327938351,0.0,0.007558141626468421,0.011272221159494368,0.1894600066228132,0.9250405267236035,0.7931443656141544,1.431968597720485,1.349083730013311,0.9198554322931545,0.0,2.2550295213697638,3.7073152946846073,3.897313274898951,0.8663533408791316,0.02865808564821343,0.02000036464233241,0.00578050740705738,0.0032900994982696516,0.0019739681229027336,0.0,0.001497970169417563,0.00204255312867693,0.0025814485647961565,0.002297666354967873,0.009025051427325386,0.18336136055673247,3.5928530646561354,11.703534828986111
5.102941176470588,0.0,0.031374963892517864,0.017286736075379137,0.010348806980625912,0.004649121944382618,0.005290943760815472,0.007090644863978415,0.003740623678281382,0.001751697126999685,0.0,0.0030566632469951026,0.0026724507873368258,0.0037659517161555307,0.002712723541764983,0.0021470329762497127,0.003892390766672513,0.006101950019779842,0.006945603979154072,0.0,0.004654942772301952,0.01923396928091344,0.15193025846931302,0.03428091566132404,2.9652990856373154,5.110118026472465,0.30747919945289615,0.41427918788324014,0.0,1.6091097517163822,5.0203161097799,1.7151282006386914,2.647780617705247,0.4588441211198703,0.08682031402047977,0.005539733754272105,0.001984053298057488,0.0004799393611255039,0.0,0.0010167490894346033,0.0019356588206011168,0.0018790636614587357,0.002007737034714488,0.006778720058960139,0.25355998980286915,2.9292360169151324,4.919012151486491
5.117647058823529,0.0,0.0736038420585809,0.05266669672101866,0.03587651517335608,0.01719876571888225,0.01056792494535709,0.006745582908861709,0.00220065080774893,0.003189598099887776,0.0,0.000930795814987396,0.0020440460922098403,0.0025230679524083648,0.002889933576772297,0.005850056902465923,0.003446908994110697,0.0018504717635580712,0.0025304635052520235,0.0,0.002828790699424846,0.18632583837092018,1.2049566655982134,0.9909896406734799,0.8315707702371904,5.129138516265854,2.6750809907237474,2.9584754518358287,0.0,5.795991334687753,0.5881352266629678,2.271527251826725,1.02525889423839,1.0104658380484357,0.2117085570196123,0.1059063855869074,0.009273140018941875,0.002403836413817735,0.0,0.0015461412679652238,0.0008777766414427122,0.000820684137787321,0.0010537976949752757,0.004280602344618433,0.4861616436329872,3.3818278028140694,2.4264911761980206
5.13235294117647,0.0,0.014898334623812445,0.01379755026985347,0.0034898916512016934,0.0015706530634942014,0.004178482394701934,0.0051908280979570415,0.002098374879797583,0.002075718378688506,0.0,0.0032668998271380457,0.003117126437450219,0.003221168569543917,0.005807859352962706,0.005030345285101231,0.00380987286851805,0.0045435953296637565,0.011844754807351657,0.0,0.01942872574202453,0.10637650464366674,0.2595116586558167,1.1218342116532873,0.43549194825071014,1.3027123346973242,11.69986438430259,15.208463176942946,0.0,4.410198167712906,9.896207904996082,1.7518335967433287,0.9535959883148525,2.661000970485743,0.3923209172681807,0.14656580585980175,0.027550398511443946,0.011956119955908541,0.0,0.0009433830277080343,0.0014917370583560855,0.0036440349244845315,0.003982791293254624,0.006363844853218612,0.04790927544529936,3.172338195860224,13.184039691043253
5.147058823529411,0.0,0.018604432007601316,0.00962022394916634,0.01684640789872536,0.011553331228390015,0.005466701509030269,0.009756278825112326,0.0074713516931839575,0.001880093854836346,0.0,0.0036729484795183227,0.002866234286606163,0.0020763329783705054,0.0008220127784269401,0.001863212928115468,0.0023853841117779974,0.003933927070498895,0.00795010555636325,0.0,0.009727926688306996,0.08441546733821301,0.14284041903910483,0.34062923913244725,1.9887380754491464,9.92437442807076,10.165232065807622,7.008935071207376,0.0,6.192290763622906,0.288051869609101,2.9905625061348817,12.056809204647694,24.562221996471752,24.096865759036355,7.437593179895293,0.5774550646700272,0.006299501964717966,0.0,0.001303754435720506,0.000876911100018812,0.0022658701633033345,0.0033178727827168557,0.004004120183120152,0.2930744311559347,5.386088062379667,28.912583769021364
5.161764705882352,0.0,0.03832143054985412,0.014941017430988766,0.008969671160792553,0.007714323533627931,0.005199646736641,0.004869460140814121,0.00110510384906579,0.006377492651330457,0.0,0.00585114821163679,0.0022506812156487975,0.0046342876872718835,0.0042729125586811745,0.004902993956516964,0.007671753039858554,0.01067224276318375,0.019608456198264828,0.0,0.013846903015482307,0.0576657367707694,0.6122734093157971,1.549829397648061,3.1551968671946797,3.7823834263674527,2.662496350921622,0.36630803087544517,0.0,5.23385090394062,3.7253682762406943,0.695614413631257,9.08119836945704,18.015198489513043,10.266066032898468,2.7342336125131377,0.262429808822402,0.012196940937143061,0.0,0.0010630896198825586,0.0020932806371267865,0.0015504855339705517,0.0035324412002891324,0.01068069435692835,0.37683870788754137,21.64400597581652,62.43388454942419
5.176470588235294,0.0,0.03022138988154515,0.022032703450403986,0.007243059919614469,0.0065074222881549675,0.005866594378459001,0.003787868374842269,0.004646812327684676,0.009127638132748434,0.0,0.005081524295668175,0.004279363011589085,0.004627881924618165,0.005817434102436412,0.007869601780963388,0.0067324891087377535,0.004876938441862844,0.011695130054545644,0.0,0.07239099122930884,0.05490167033869019,0.1430479116382303,0.42050128193676706,2.9582946127406893,3.2047066618307234,0.5139978408158904,1.1763030005196087,0.0,7.629239124635847,7.238873544044336,1.3633636952453556,34.26445782645084,47.68396434665101,18.967041169139286,3.713396358199647,0.25302111267060523,0.0030170985139643045,0.0,0.00036816032225313853,0.001911362824671449,0.0038912414115638227,0.00884498359049171,0.0200633399078687,0.0661267113111824,4.137423360671984,13.157252270789536
5.1911764705882355,0.0,0.0038596377573229834,0.008276246240440073,0.005923800100457925,0.003933234116896823,0.009891890942591873,0.013208876104297463,0.007644084783844658,0.004893104601723019,0.0,0.002483717453268687,0.0019399650960809538,0.0035369757919039143,0.0035583336315893246,0.005437640133366101,0.004452494265846671,0.0023317783925085474,0.02778865132283428,0.0,0.15016725102394568,0.7283099878666799,1.726635629781131,2.623899318576225,1.9301416769666109,1.0671030610009362,5.297133670544514,3.7081415016562786,0.0,4.6388793694574915,4.5986467194449325,14.481501073159393,18.069552801676373,4.594083226896385,0.8873739903190931,0.058950960235046965,0.006778483185496063,0.004242080453297207,0.0,0.00425167115998764,0.0008113525421143916,0.0005975125472480235,0.001626292209377715,0.016584217563021756,0.4641938145180816,3.4169128953044106,6.3057120971890726
5.205882352941177,0.0,0.08224057926039721,0.0301328199109358,0.009160476062168271,0.01065182911335186,0.003386059188478285,0.0020886561623333555,0.002062657417790612,0.004575414973089912,0.0,0.005593380648270238,0.003263144594817993,0.002223373508170869,0.005149263090840336,0.005294166275177846,0.0055342391157664015,0.0034887328600168364,0.008104945242958822,0.0,0.04149972993558615,0.23860361454282641,0.6779727484033877,1.4059168879163813,3.9985652117589763,12.154185930145353,4.677928797070162,12.35378402102147,0.0,18.605635383024243,21.048812612252785,2.1219129549189586,9.113163046572302,7.217362284966509,0.4197445319757561,0.14325182944630138,0.012808139091660854,0.002762313948185378,0.0,0.0011803801008836315,0.0016174278439603257,0.001990975016971294,0.0016184488562728983,0.007024609955253682,0.32320223456787095,1.0024403594523086,6.81951795010635
5.220588235294118,0.0,0.04154050974786344,0.0288181740129326,0.012520671697912416,0.007923061812581853,0.010756874871781343,0.0047435860816161515,0.001019846629109098,0.002026914958316479,0.0,0.001620645885157325,0.0010164754737827268,0.0014395595338111177,0.002587825042217922,0.004123301398716181,0.004614381910127428,0.01079862932495781,0.05238647427419578,0.0,0.08880302282269545,0.04004165978869819,0.13329775611486333,0.9094150396482406,1.704616126641585,10.196901665385631,30.141702435246188,13.228729374116995,0.0,3.9476142371292005,21.138796062784447,10.237334044182019,187.92176073700347,125.84943571499409,5.793661754684958,0.13815741971504963,0.002648655237225634,0.0065182248905957954,0.0,0.0023027991678229746,0.0022383539576784515,0.0034690771742084225,0.0027742682641324354,0.006602934920964229,0.2467195000678408,3.716350660839857,5.0753700373774855
5.235294117647059,0.0,0.018875528735997436,0.009627266894940622,0.009182936454868154,0.006332453988621452,0.0058211996696281324,0.006711655309186174,0.007389018746090147,0.005344137474494814,0.0,0.006409893482355804,0.002672217760613876,0.0013754424612682468,0.004733651960562555,0.01265358497477737,0.004882348268546003,0.0024251088097520614,0.009291086531331445,0.0,0.00356296748765663,0.0488691448383638,0.330679498595857,1.3584222325806539,12.886133161649838,14.935458774913716,2.108237806294334,9.298073262193514,0.0,16.86627018462978,54.30290388773973,105.23203076587062,180.48707130205818,393.3220628719033,122.08075767830758,18.352645452893483,2.0800693810913367,0.1271080502387072,0.0,0.030300747850267006,0.01416993198692294,0.013169945153718617,0.0032137113347210046,0.07456813834640737,0.7332466480891863,3.475523794033621,2.440855832043971
5.25,0.0,0.04425048289750115,0.016611736258991233,0.005717477473443251,0.0065887884808619075,0.01343567491550827,0.010679299509602337,0.005802971201986606,0.0029621542941961573,0.0,0.004712232389852675,0.0019814661531633773,0.0018210533578373804,0.001588241935417939,0.006250714787462395,0.004914792723122034,0.00524446243771624,0.021064379250219686,0.0,0.004309322295323954,0.18024066898974844,1.0251889735779371,3.3348922775195398,4.439107177826462,1.4555001572263695,8.748732270289679,11.06446044378951,0.0,16.58869956293743,45.07942010864208,41.74079997444911,60.64847187857902,69.5056646401517,817.4490235566669,756.6227952264597,163.92504898251238,15.458401354747608,0.0,0.3776640230399233,0.06964130245847888,0.01403001606043707,0.008084036485365589,0.04358617330853268,0.10191562247048941,7.996000135725888,14.482761425213647
5.264705882352941,0.0,0.11268269500387679,0.036580089699740255,0.008126207492336847,0.005521375949152108,0.012330026373018194,0.006228903539096755,0.008807887710213265,0.007832110945455922,0.0,0.004223830246427554,0.0025703762422232424,0.003037105972372412,0.0048471255290298155,0.004200582451602285,0.004218067432827861,0.0030088345482535807,0.09411747676926105,0.0,0.778339996201763,1.0348704675920386,1.1435675039764082,4.0734643739688305,8.151050731796316,8.595378807128961,12.083410023984893,10.814528020727067,0.0,35.930351235355275,58.18480196215444,73.17568085198539,303.78855924082495,408.14915211661736,205.20472557161642,521.8570236221946,848.3258338446155,363.1844283842893,0.0,10.000495112374974,0.04262586567070373,0.01942631214542811,0.00869879655721515,0.0040415902012661716,0.8341678974093469,19.131956972931007,28.854710640618208
5.279411764705882,0.0,0.04333436974047705,0.038133232005115036,0.02057864324926986,0.02944839827575013,0.02679583982869917,0.015881989252034392,0.0063000355686092194,0.0015117484396956118,0.0,0.0049384929869386975,0.007149649627109738,0.0071988728846618145,0.003153863434103583,0.004531222023134965,0.014625521928413156,0.04826364823615656,0.057638900358269685,0.0,0.03789502174649342,0.14118071213563763,0.1944497698003178,0.892769833292683,0.1472302371017396,4.694826452659681,11.428217627552229,2.2261687065874787,0.0,47.5566340261539,59.239425003607664,12.384592233263422,37.080550490910824,142.83535786851067,630.4000661239425,1649.4405782126905,495.1099685381932,112.1936308887908,0.0,28.97379448934837,0.19350776100619263,0.05797749829078154,0.0281550459065826,0.03109740340794156,0.20040201767918006,6.672659164121795,7.957384344382245
5.294117647058823,0.0,0.15678979851135397,0.058544521993917714,0.019863177146437986,0.02844222651084905,0.0066676639635516715,0.006324574689702811,0.007336080997274637,0.010916014686360883,0.0,0.002008276657018712,0.008598885921404103,0.006108233558897446,0.0021946059077691395,0.003838304377922567,0.011468822212705412,0.010852913971101037,0.004635286586706731,0.0,0.015707235779432765,0.04073285425024523,0.6918647782576541,3.3604600922154635,5.491886498323388,3.6953475339895494,55.26958005688586,150.70620843054905,0.0,17.3860603521682,40.11134772130815,47.87928595157081,48.58033938899671,18.48103867856819,110.72512183273821,326.8107897105326,132.59483137083026,3.020588701055181,0.0,3.832641891533597,0.13411571393103736,0.02398797572794929,0.02357874534808697,0.006733656249656531,0.09114705514943153,2.973629603094902,7.272832446280628
5.3088235294117645,0.0,0.07174514151370677,0.032989604007228716,0.016340438385650524,0.014248385344735734,0.0201830863792081,0.010833909730572628,0.032026218764223666,0.0026694623916653742,0.0,0.013855627446457342,0.00319412643478513,0.0031321092994728646,0.005633802599764959,0.004536697054176832,0.004991782845650163,0.02016417577785706,0.02221745273986168,0.0,0.022796958035083494,0.011121426125036,0.6052264021761885,2.151502485071073,1.6023128217218412,1.2304023428891622,105.56457978924169,311.8901465932979,0.0,87.72215509535637,8.42432007988259,19.853282019269706,64.22299434289445,20.3697262085447,1.184689587347627,5.149070772508047,19.120249850002494,12.829589808945718,0.0,1.458449468911682,0.0797442802332356,0.038469362877854234,0.007078940816277788,0.05852320560932062,0.096499281319237,3.067806321311714,20.674823409584363
5.323529411764706,0.0,0.03482051980964135,0.03495803143529483,0.02570070820051317,0.03439907175862808,0.09034628819948388,0.10106135416994225,0.04933378540609125,0.024694776502838307,0.0,0.011230694597244148,0.0033679398350262174,0.0057971297545099006,0.004731520877331854,0.005368598760209891,0.006843140999273706,0.014684666798069913,0.010105582217689193,0.0,0.02008263477018791,0.09375710456918586,0.4726267436576532,0.8898074828243455,1.4132809499735326,2.810764615243285,0.6683817550205366,71.22037846679704,0.0,102.47023580007331,19.082967756689694,5.596095723659278,12.239200764149611,12.624216834508815,2.9898653891068485,32.99546022127909,16.837106193097902,1.1851864697296488,0.0,0.2875916420107521,0.05766387335016734,0.007138557990490818,0.006129985653171784,0.043308318324405785,0.35255750855174656,4.261897341781516,8.207577265106384
5.338235294117647,0.0,0.03924858556347935,0.06625514000211857,0.07428333204675068,0.032605439119629875,0.019135990494091357,0.02992375519116312,0.01612367491224192,0.013863942686699065,0.0,0.008368182403148482,0.012892720069909665,0.009378549207610675,0.005352821607289837,0.004291763862928434,0.0029839822652650257,0.006260758208565336,0.012819853579835342,0.0,0.0140149857743335,0.08817845992083975,0.06904751919282731,0.19384136928190301,2.461953668467297,3.352018828976084,2.9386080960586387,23.282814750023952,0.0,60.419380032434916,126.03406433251877,36.80435338759299,22.286295512541944,7.647478452269171,11.783413513886394,30.188190794792888,3.495033543596752,0.553548293731323,0.0,0.24750547404110423,0.011920233069322064,0.008675002890708163,0.0014712291544129994,0.009470754562523132,0.08375300637788162,1.548591388019263,3.950508605495592
5.352941176470588,0.0,0.07525138186134518,0.0623375601452971,0.03240819524906654,0.02776941114767461,0.022452767144237978,0.0038993241775442094,0.0024319517196988924,0.006959892470773832,0.0,0.009391616811098284,0.00739535403144592,0.004660326260112486,0.002527869040421002,0.005188126042401341,0.007112943411281935,0.029420352246701593,0.14114821841916994,0.0,0.04819718276153685,0.3319819521317352,0.6571718867324137,2.2827897247603346,8.206766512055948,1.351315738158248,1.3256452650703046,0.654797954901418,0.0,25.683459619313616,317.78226715720155,161.32295423328458,7.218378993845839,2.336596184949097,16.637199433042234,12.89524824151697,3.199979679412209,0.17233829360014352,0.0,0.02268464713428121,0.010265745244291635,0.0016101412290073598,0.0005607878324850948,0.005055511602027514,0.42881802338634345,6.727900937200118,7.4440966846334815
5.36764705882353,0.0,0.04611674090779697,0.020209190625262125,0.014776125392020523,0.020851666905221063,0.014942042389428846,0.003928541837730892,0.005945922625801627,0.0030999662982407056,0.0,0.003874499026647788,0.002129177040805184,0.004827270578570054,0.005651277420123992,0.0029988421688113874,0.0037456215889728997,0.015988788284759352,0.008654533450288741,0.0,0.2021692106509329,0.2686622015695852,0.6938414472160778,0.42595930078873284,7.185297758311334,31.081539074676265,12.328898391543824,2.1452624121598682,0.0,17.960789105640032,63.47728673675479,467.2932080353734,243.08275889392326,6.3289441027805715,3.475293161858744,0.09336238746548434,0.02573653731275574,0.029117302356263423,0.0,0.00769118052637331,0.0002539891726762154,0.0008221508466654511,0.0047924725832252674,0.017018301908827194,0.047356422948827144,4.840805148944144,12.025499760297008
5.382352941176471,0.0,0.014935360396598681,0.023919252960445066,0.01190814078788594,0.005825485159360252,0.0022035412054303522,0.001137207350547479,0.0018609987741385814,0.008495260161970096,0.0,0.006352248701257982,0.004843041325300827,0.0065983109360750886,0.005987872949612426,0.0029301351759432005,0.002362569716330459,0.010742408360848287,0.063773858971922,0.0,0.15643907187442585,0.28526303137977754,0.04237566101894365,0.3539477502358871,0.41039291768421154,9.323065141370805,47.040264986692335,53.48037643926999,0.0,199.21092250770803,184.8152923243276,4.214395683684539,150.4964273752699,34.8196228545049,4.117153506857448,0.07596497149524614,0.031042943526296204,0.006640147343607994,0.0,0.004224411126818695,0.001041146003609222,0.002833220124058367,0.0006927971643274824,0.00496809804625455,0.20792994334489862,2.66616225196427,10.710274561884226
5.397058823529412,0.0,0.017575728078134772,0.02812993529553167,0.01065211038028191,0.003206430234564858,0.009177520230224402,0.0018386352861869955,0.005244177979913974,0.0016923281215721724,0.0,0.0038149990436137206,0.0020987669964577134,0.003461696894301414,0.008711735783224801,0.013921854305260536,0.009851975990691045,0.00411968584791729,0.010018556910175246,0.0,0.05362857836906898,0.3733835618662463,0.4389169203930974,2.4993677933473246,1.6220749412239996,7.760978431200231,2.432653790504273,40.8081788139251,0.0,64.88596996669698,7.951001000029654,17.340243851016872,182.4042600531488,143.70826052710044,32.28400303830592,3.5422723857900573,0.14106861631010129,0.0032404167332921907,0.0,0.0008640251561758993,0.002046403443186539,0.003706241430909875,0.0061777844471179524,0.014919710328044605,0.6399598501268422,5.357420883042966,18.060423884789003
5.411764705882353,0.0,0.023968122385896736,0.011122747003453394,0.0039806694751495595,0.014446995907059296,0.011206040163533834,0.0016591881786409963,0.003344896484302454,0.008895661901506813,0.0,0.0033996751393390863,0.0020762158134434573,0.0014031614171148923,0.004902745263040119,0.007794265060367152,0.0043038904511065856,0.015370726442709955,0.01925049417807182,0.0,0.157323733663435,1.0616689256543983,7.373093265645313,6.122871515281364,1.412785538663289,2.6114047706305943,21.02430156103302,7.700067290771598,0.0,12.383393279555943,55.25784105704899,5.068691616468255,108.82051791755934,132.90321934342137,59.54521258042081,22.830832234479733,0.34123455726449115,0.009793629274578684,0.0,0.001926645680363418,0.002388813872792301,0.0038684366406017455,0.004603972616882241,0.012117982173155992,0.3838984403680884,22.83668825359875,63.14911317731317
5.426470588235294,0.0,0.07485965616102032,0.014031637123991626,0.006240124313543096,0.003285348654535696,0.00364160711144273,0.005352428851998759,0.0031420402934561097,0.005978050346451408,0.0,0.0026312695765224143,0.0013413531924618177,0.005011564313426312,0.0012806232625382163,0.0029530005184307505,0.011920154986757355,0.0073947738319687095,0.023926965866959263,0.0,0.012820583081161775,0.8056886472293947,4.436090140823487,10.235353081271215,10.888324389518525,7.270789030890906,26.79927642196764,44.470629281737786,0.0,55.9230448004773,65.00469376395762,73.48375231889224,122.02545067120437,45.50509624052502,42.54128659825419,25.76106388872682,0.3914663732555622,0.12680427258841845,0.0,0.026272663806589287,0.005775933047550334,0.003046270815803215,0.004140473031176982,0.027761372560553187,0.0693427111280179,35.33504394750038,162.8059631091032
5.4411764705882355,0.0,0.03838053796879215,0.022631476194974735,0.024996880026762425,0.01175066677575822,0.0020469600880011042,0.006553308175733255,0.0030089522491377678,0.005065972092892419,0.0,0.01262997332937098,0.008406450566285186,0.011545453738775567,0.018944366579926805,0.004782663069718347,0.004152901097571075,0.004991118854037294,0.005253807025996354,0.0,0.041635466116207345,0.08508226563521093,0.20808632849814895,0.916631063107487,2.4566360957006705,19.458877921065238,51.67313769768478,46.7780441897916,0.0,18.346566936823024,10.759453248731882,84.2810842756689,137.7138146811821,3.6061845281250253,73.1838996263493,2.7796084280970006,8.015824204400579,0.4459025578372908,0.0,0.1765238252321843,0.007730678410596841,0.009631086871480468,0.0024481245644192417,0.006477788789033283,0.20170254262744505,16.263823364958228,73.64582616348228
5.455882352941177,0.0,0.05088535366038134,0.039098322362876595,0.021051642553955335,0.016507205334325023,0.016753058096754467,0.008486056844711315,0.006086166354921005,0.008928366005553542,0.0,0.002162055632633192,0.009944646681116592,0.03873230070529915,0.04295538135348805,0.02494581464521586,0.01397329560710898,0.009708214789027041,0.08964023807755028,0.0,0.4943772326075253,0.38149157714136206,1.3321408150841534,5.245935769321177,6.678378696668814,6.164417269704337,3.3140720077821246,21.514973616094018,0.0,16.56853187998347,13.805739000607923,64.27273213468129,16.855897977160275,105.23768706094256,2.484429028476904,263.979149686447,127.53328634519609,4.651543878259894,0.0,0.39298591348175715,0.021777887296933175,0.003839490310361161,0.006868405329176739,0.1640358687472872,1.6386879667760665,14.64282468000265,38.07354591618113
5.470588235294118,0.0,0.01976984900413675,0.024802778727168608,0.005882808728753677,0.008660969311121959,0.008255402668367735,0.01789427148384948,0.008087316254344131,0.010978423621130514,0.0,0.019390995190216063,0.00401951981298658,0.0034163734120312554,0.014790491776468077,0.014565574374477582,0.003940882178896483,0.004423704801696986,0.02357469073808174,0.0,0.142522182751252,0.03596151087447112,0.21181436725771077,2.1308817078406896,9.071580627726576,23.129543826983237,60.03668095278919,19.19797269671956,0.0,9.376667960832068,81.28710433985475,141.37372777980775,68.95527811265126,80.17195508451483,616.3753117208782,285.7494992015764,31.645145227864525,17.006652762325523,0.0,0.11576070360744664,0.05406867566235758,0.0051648575022698005,0.009201679596280168,0.13455166168650168,1.8080458823744225,7.241093288550136,5.198653867039213
5.485294117647059,0.0,0.02360128264096293,0.01152996974617091,0.031072086200365695,0.02477188902879484,0.01640407191170985,0.009250181701327199,0.007389530302884021,0.00874261216142827,0.0,0.0033745083115456665,0.020685404247627024,0.023649037875931155,0.004461123688077059,0.015607692573355031,0.019187825617164634,0.036464205116469875,0.0702468746660786,0.0,0.1777858191489431,0.19387598495854969,1.113463078250492,7.08057536846348,1.1411138004412336,12.343567581905472,48.897710499653044,37.56684420805192,0.0,6.669074616132223,17.20703253392419,16.48321412554446,224.80694347647022,764.364756746052,413.08869998234286,21.11822866567472,48.699276390401515,11.113841948853977,0.0,0.08893551504533115,0.014391338052485908,0.0033047508440760846,0.004017785409914785,0.02829534172601926,0.22954688454550506,11.176008260359552,61.43056369653016
5.5,0.0,0.00752906282503995,0.03559196731959071,0.03911196691158643,0.010307082803570707,0.03177287347148715,0.045870855087436005,0.050923973620561905,0.07232740660192548,0.0,0.14168698427842924,0.09601539522210753,0.06885756479826592,0.04264687168033313,0.012227035768156296,0.026200586688994842,0.02351617560589448,0.02662402984231964,0.0,0.014173467321116134,0.142453712971601,0.3877699544884918,4.521069047285009,29.935749384804502,14.756271038379595,14.566284537540326,13.775370024399368,0.0,9.846448602113457,5.362827347474132,61.06611292137292,288.914322149205,252.03494973064912,60.11697991525158,13.668782874025233,22.093003782862237,2.383865306716225,0.0,0.18044631715834036,0.016542507656675604,0.013806161499127969,0.008049762113793085,0.008941715887107845,0.48065727552547344,4.043690261063962,52.63096710401199
5.514705882352941,0.0,0.0075528879369336915,0.01410312858837088,0.0076996757725099636,0.014599169196345598,0.0021152406402345295,0.0020644139341993023,0.005600289380699294,0.01746139166128874,0.0,0.02454340508360966,0.005421196875522136,0.000655199755315728,0.02975720068578097,0.01842521629844565,0.006556240505383882,0.014450711759081735,0.01872519305843731,0.0,0.010089196482321048,0.10314858002466096,1.1529621689962615,1.4244541499825074,0.7429685374170192,51.61218954965678,42.753191702286614,10.067120258436379,0.0,43.405012730847474,28.820589186674848,25.507721996146014,43.60607868645948,163.6856741832613,107.06231162351173,4.48682472247493,1.1200404150081338,0.5183153934414412,0.0,0.017480682526497354,0.008348985983525441,0.004551499032536882,0.016125417741652402,0.06069010550916544,0.9880768256286392,3.958755208155175,15.258088835675482
5.529411764705882,0.0,0.02523035821741983,0.011976074737978288,0.03197515487115392,0.022533862127279477,0.007133388311158211,0.005433873920464138,0.022148454314062864,0.02665223309953795,0.0,0.020499971988500808,0.014202544410535433,0.018647493528872114,0.015210425443429102,0.013321351092932478,0.061382705634579676,0.06854765694779791,0.06641027589910585,0.0,0.07891630270123429,0.27405263236886007,1.570984229765731,1.2878685202905475,1.603134700015076,13.792202170483636,46.579397016257936,23.256593465826672,0.0,40.964425244705986,33.63776593140875,2.6851463790468024,32.101744400871134,73.50293643847323,10.323505377137362,0.34602157700909975,0.10212488256372398,0.06574200854149465,0.0,0.015127061460703622,0.0045214263614644125,0.004071543159413308,0.008396151342639964,0.0657121907399415,0.17229842360461523,4.01257100084158,38.89551352025583
5.544117647058823,0.0,0.009230679190805198,0.016678985026356796,0.03098431487976562,0.01624764415682923,0.013017597911496894,0.010629374772642575,0.003907495827090462,0.00962620886004068,0.0,0.005208330284231724,0.003930553410044155,0.0034979047193633107,0.010203558125492417,0.04047342696992058,0.021936977673315112,0.02611304030323265,0.041228337016323356,0.0,0.034388540650280824,0.26309243130265547,0.16691822314892246,1.031070193498745,0.9161688082241888,7.77254204181241,11.387053885761038,3.1195346382953995,0.0,54.435522480083364,274.60000527952684,48.12707697104677,104.97599239511788,30.0191074988297,1.3339697339147512,0.0821417008920629,0.06055213419571641,0.007774395171888703,0.0,0.0028364595740352637,0.00211990854876284,0.003508941094940361,0.012128183275695453,0.03777336525170049,3.136150865634974,27.112629755613405,70.63207999535615
5.5588235294117645,0.0,0.04664794043107457,0.04954972226462329,0.03367795221367448,0.004462716435965364,0.003961574339737501,0.0026902880761702553,0.005653825232457077,0.0023397151337595347,0.0,0.007609346454323925,0.009808319898975074,0.0009999911797358132,0.0037482596502330942,0.010119742322496931,0.03128267951983915,0.041281402323406435,0.024134073926925532,0.0,0.07545003532200359,0.3211919360677147,0.35686649504922163,6.477180647676462,8.170370057734997,1.7214553028805484,2.3046215594668125,20.506605427674565,0.0,170.16294028178908,641.1614248187237,1082.1436797401102,608.9083687120312,37.889100072356534,0.8260743959648823,0.2747224729667366,0.03349703574681497,0.019804045495330578,0.0,0.019991221801667493,0.01030660309916072,0.0016689804845105179,0.0016635317040086144,0.2603195066570734,0.7124244074597488,33.0268659203867,93.27069800680769
5.5735294117647065,0.0,0.011345217356684568,0.002981135710222865,0.01411138350122626,0.011437187706602354,0.014612355655621596,0.03481564824178497,0.020890814209335192,0.00184905167838309,0.0,0.003779626035736273,0.010677704704459222,0.007763261969578519,0.005553175205432019,0.008463317634572198,0.011714436899532665,0.03292909215598455,0.035130838815464374,0.0,0.10790100601036368,0.4477694830977237,1.03989323857835,1.384022711650209,1.0348971946268066,4.117505336397841,7.904827420587124,25.004311472955848,0.0,46.68184499928533,14.167445236524323,130.00810832253114,622.6354889995304,203.70899244681695,2.159229328938885,0.18820217525306476,0.3178083614917335,0.03443571521404465,0.0,0.010749076925862468,0.003328641365155034,0.00857518596849113,0.012327441104579034,0.07192305861448015,2.93564405368189,12.345747040265252,83.15594923960245
5.588235294117647,0.0,0.06903119894698666,0.025342925072550974,0.006015417373948262,0.012150618966133401,0.0170081615269302,0.005234064753569955,0.011726040033912723,0.007223850672097009,0.0,0.006562058651035346,0.018316377663674194,0.026378140577734948,0.028393517686912527,0.019654026903685236,0.03908166236841599,0.02519522989541921,0.017948164304810794,0.0,0.13028383667827723,0.04717780043795974,0.044746705362479856,1.5609616458458304,11.28477299666177,23.43830605358981,15.336164612684573,2.710223057131316,0.0,20.487553504570037,18.76068345042539,43.29145838027926,451.2014242260554,1143.0248350754882,329.631491564969,19.31351307779635,0.09584186611831749,0.01712192164506369,0.0,0.019817582121963738,0.0027206686260944756,0.0021423578734734846,0.006818762539626676,0.024744871210017443,3.397791320364042,106.22600178798497,256.3428490591253
5.602941176470589,0.0,0.061915409622114906,0.01786773579614978,0.012628808017221204,0.0324821827172413,0.023663844764958697,0.029618062664884044,0.024826181263852734,0.027887994201621413,0.0,0.029771637049673987,0.020549743700237207,0.009554390055542997,0.021820815121791896,0.03420711429088336,0.09505390913960268,0.11070165866176615,0.2173771125673161,0.0,0.0885602120403888,0.9225410983617519,8.491248133055725,15.62138336334107,7.774400415405276,0.21861177938805365,6.809936741177688,16.714674539894087,0.0,6.489998336998126,23.59419383121711,89.11290453110635,182.81362849386292,154.16886735604464,710.6388777902205,122.39184091053454,2.9974493419760675,0.7184142857143286,0.0,0.013115803834546552,0.0044984074311519955,0.009533133983987073,0.002922937000496803,0.11416469474968302,0.6160092320889248,14.991461809365475,57.11331459107027
5.617647058823529,0.0,0.04643539536224937,0.02653975326467469,0.009833921932343533,0.016462261693699513,0.017959467734434457,0.05032365884914368,0.027862639747711693,0.0209189350029486,0.0,0.011265954872643867,0.024014184253767112,0.025787623584581726,0.01921838088120909,0.1225076590275257,0.19568892196219825,0.13604343179994544,0.05126530467684056,0.0,0.1654123258166703,1.525877396348858,3.3546000466518864,0.3056159638962891,16.30828038859374,65.63982552094099,32.933476405180414,4.441895692802785,0.0,2.8846261705038203,60.97800049770191,39.91360484996693,44.67358276293794,15.856542229479132,426.83491665210124,777.8218717280593,106.37635345430577,1.4925416306949497,0.0,0.30618397051883117,0.04913035606885334,0.006271984381881193,0.0911524160643651,0.41637255034170073,7.595818583120648,72.69605449958638,119.4856787575666
5.632352941176471,0.0,0.02338003324814266,0.011930723835916628,0.007046813074213156,0.01198037669151322,0.010224675728282591,0.018713215800354805,0.0478329042398722,0.02443611614033091,0.0,0.021708006529441472,0.00507573809670561,0.004229833384433213,0.017299271962663218,0.03741055891692095,0.04440362018812363,0.02854866817335002,0.0724122169207296,0.0,0.7540028101906427,3.7552764585237917,6.494037511137483,4.976011821694326,0.46130070825868386,32.59494267469656,36.70044193496658,11.18921159659415,0.0,1.5443328919234784,132.78275486097527,198.54730338925603,3.4548892975562007,20.472288775559736,523.4526027545714,806.77754068188,108.01150569791471,0.11687337195489028,0.0,0.17832398254790094,0.09531737420794147,0.007482674841421242,0.009950616702684937,0.09512823750859664,0.12288706395215887,49.80863998944298,177.92833072913615
5.647058823529411,0.0,0.08172983568997123,0.03397444201518342,0.00906981719685876,0.01053308882045713,0.009521543330403287,0.02234974206521918,0.023022556896033143,0.016838700486177176,0.0,0.012039050539983396,0.011897078907790308,0.027451232451030882,0.029025990160521806,0.010758552660614871,0.005651802858543972,0.0255707886130426,0.08755233623870462,0.0,0.24426016178638388,0.19403857872410812,0.07203523674944244,2.287895083106253,8.614771347399794,51.66581178580792,28.837004568557255,10.289377855220982,0.0,65.03640522169061,194.27876535605924,127.07234594151302,25.053685322218694,200.32107310316795,74.83374807459501,31.324610067366024,37.09872275765373,16.15283368752785,0.0,0.5385945156549191,0.03890127584926598,0.016593550428857427,0.014568139095794356,0.14184470550135808,5.605106491144218,22.506385983560598,156.7442668403022
5.661764705882353,0.0,0.03473137384186544,0.014406780030147847,0.019541991953067172,0.01705892473043452,0.02309304531536737,0.040587795858852804,0.03142018723316385,0.012548327627340613,0.0,0.012869180654163129,0.02313966773159356,0.019516852374726043,0.016944872469110635,0.005656390354517947,0.017691053945479214,0.05206118292338234,0.06755268677665086,0.0,0.14160498588184361,0.40626536827237136,3.9813763250507943,18.129607137805696,24.217060156364955,5.837795888203102,35.277774933898144,40.91176275030517,0.0,7.837082059610756,3.835347168083014,16.75207696187388,37.64793160801176,9.263289813523226,325.95980943367687,315.4135778708084,46.349754322774636,6.146821393251158,0.0,0.4329174177207811,0.08950651401498705,0.04023940838573181,0.012508098702010011,0.04033256476354355,0.6694639723730365,69.0758459837268,286.68815048786223
5.6764705882352935,0.0,0.09778392130945618,0.04332575913273373,0.03804616053946134,0.04608730417120821,0.026323277910070997,0.032938846224038226,0.023818488831448343,0.04440734716259556,0.0,0.05549069364166977,0.013357941540362916,0.011594625018892659,0.01388322257468614,0.014454126687252216,0.010516626722130967,0.012679506968712319,0.06835925808239292,0.0,0.1693848536033183,0.031678157796559844,0.39298803885964695,0.7753039523584749,0.577396886658825,0.10830619264075655,3.8862202219728914,17.89761407171992,0.0,22.162283998549043,15.444874999934115,19.01206166211808,8.087986293489383,126.49365087954354,258.62885651339855,94.78622242551201,2.851298626718335,0.4868968148028283,0.0,0.1535892342518994,0.03457647647355427,0.008146177897375942,0.017126113740829552,0.051793800648489347,0.12026914029796848,43.26431575897887,235.58212224997595
5.6911764705882355,0.0,0.02740927744625677,0.055651713217666966,0.02735249344508895,0.01241229586667772,0.01776887676935844,0.02753012889632693,0.04276280100973949,0.021354211224700936,0.0,0.02298593829237696,0.010164851767272436,0.00838016159030586,0.02276447806151779,0.011706397057157987,0.008736580541488695,0.023106079171228158,0.01601822934720128,0.0,0.08937356607793817,0.06852408305316171,0.4112993001465619,3.4589775040576782,2.36375363032395,0.8697374697519882,4.628295262101324,71.60450540472291,0.0,177.15328653706172,103.66211014030196,41.02692310237145,22.50004961662893,6.488999078047303,2.824977214791021,11.018216465228736,8.219156021907672,0.24648088511817418,0.0,0.03575749526250514,0.013464244889056131,0.008869934137952442,0.010648017279366984,0.0508004498275604,0.47432818053570747,42.51615768499017,149.635486879042
5.705882352941176,0.0,0.07932511966755976,0.025173030117458917,0.005687888783477912,0.01955332313207418,0.02021188131501362,0.006499666135097821,0.012342750188939709,0.012627107791818254,0.0,0.011248949492754665,0.028023560662968842,0.010368649455942878,0.012308824311809297,0.01980466545499368,0.035523916677424786,0.014310378222234087,0.050326690413747766,0.0,0.11569479696384072,0.01587080958567697,0.15883083153423627,1.3914892336301574,1.1629956734290805,2.271459360129386,11.96554862876416,11.77781434530705,0.0,12.932339900996038,5.9610323423627545,8.592898796897373,5.623744329586054,8.204393660977068,70.87958485225982,26.64466375718313,1.9221172091358643,0.11740803635159427,0.0,0.02759695271081983,0.015879493009460486,0.007685835126769548,0.047781211815453625,0.09466051741280623,6.114505475339936,40.57140854274357,43.18864405090717
5.720588235294118,0.0,0.026287809466688326,0.019461808540026774,0.03251394371352223,0.01914922261578484,0.020073814858007334,0.006237584757960407,0.007564911125618666,0.006394218324902164,0.0,0.005340302003093584,0.010269379742484921,0.016074364331525343,0.013290010679306657,0.01763465001052506,0.01641409269523973,0.010875028570599615,0.14989293515270563,0.0,0.8084794690306198,1.0004705707367658,0.7541109197661688,3.0695711263713092,3.3887649962209503,0.6317858919105377,3.0123079515254676,8.350429061370825,0.0,41.625656459853445,14.923405427011332,25.35981197070405,0.8759628639826949,50.14321350423417,23.187191245458937,1.1119126177195762,0.08680376198719411,0.01402116577585414,0.0,0.00835048510741639,0.003083290273706154,0.0024347589740501083,0.01768321088955982,0.06069872696894585,0.6000187773957399,68.27870368841684,150.2500428261715
5.735294117647058,0.0,0.07622098888460511,0.05122261742437351,0.034897308061231466,0.02443297766532589,0.0036340654607592113,0.004910803479623062,0.006776323573270541,0.004387777297864469,0.0,0.006705572571424404,0.011360313736333824,0.04057990281833396,0.037752923474707586,0.010886517791162991,0.03399779234514735,0.011372764224491717,0.009104849924039381,0.0,0.035451451056723704,0.00724256504822503,0.5223843910603876,3.3087927952437175,12.399005903806561,9.22282719267214,4.195972875742786,29.2202967257152,0.0,145.40466025541585,68.8846100322146,21.78101069706124,34.192331607050896,5.746607676328082,2.2685524854355568,0.023085926413178456,0.035326464201549855,0.011372798697802224,0.0,0.007604024935552836,0.0020575084599684327,0.003757387983116157,0.01783486298221417,0.1962543854245366,5.965656178812667,80.74104222082565,193.2088525184172
5.75,0.0,0.04065265884928772,0.019457190806142735,0.016344182454952342,0.016348343194859446,0.019501686181225428,0.01906811001200051,0.024683754556913226,0.01738292712244957,0.0,0.008155356418807434,0.003359724315033295,0.010724574089052367,0.03128982651150977,0.01630180143315483,0.00556368830529393,0.005151815028878627,0.05238625963544172,0.0,0.17593123413918166,0.11989306852618746,0.16640293689375085,0.24394880237775346,1.9929002723825682,5.593204080826953,7.1543888639728195,20.46970438680263,0.0,56.64095328603739,260.6910749513937,109.23534772871892,3.243002211992323,9.768750998299524,0.7330986842804327,0.09269131360743119,0.004367447631009409,0.0020643421362580654,0.0,0.006675506961768963,0.002400693704951025,0.00685355699600321,0.018579152100903853,0.028783788621626612,5.057338096555341,14.501560328394167,40.809364235057004
5.764705882352941,0.0,0.024267205145176204,0.025642223222301,0.018407978094459092,0.014332714425271037,0.005995119414106001,0.0033546171284680056,0.003672642117689173,0.0029980811722319974,0.0,0.005056115543025943,0.006687750347539708,0.005920619078088807,0.010496615081699015,0.008079886605728937,0.007808279565201055,0.014309644457801448,0.04404041094918423,0.0,0.20529634537173327,0.07597513981365794,1.637362975513674,4.201055334508187,6.930304325985531,13.305693988527654,30.455182416998404,32.14425172283246,0.0,51.097879681825184,130.47041094803143,177.959346749889,71.31938961372963,0.5632976706776529,0.08161991611755084,0.06324462093521585,0.03452165280293694,0.014666954859975852,0.0,0.008537729272157079,0.007042112397740224,0.003037573112525625,0.007532131509298383,0.15016312801161708,3.73528908105457,55.575258976729714,207.46462737485183
5.779411764705882,0.0,0.08677667477328871,0.05506518441839847,0.031544074586592495,0.014919480798057893,0.0048445367693834285,0.00653951651239985,0.007341167026120047,0.0055053381860232465,0.0,0.004245753378650315,0.00240468630606617,0.004210822970104429,0.0035715051049991704,0.012304045856589896,0.015105054581228367,0.030299803917276574,0.24352866724972502,0.0,0.4008266896033437,0.07146368254485735,0.7423008982357361,0.4432453814224896,3.7624338205765895,15.842081448350015,4.77777642103697,30.39929139975434,0.0,57.10566097182604,574.5016094790454,1199.1945817591832,562.1935379642841,30.05984917145395,0.22869136429612083,0.6218909414846288,0.14443214149050682,0.0048473649573606455,0.0,0.016126805088884286,0.004338542712923129,0.004139221219996721,0.009908008721197611,0.041657862787505856,0.5955190007453844,41.52461164549777,71.02232067714235
5.794117647058823,0.0,0.024328431269005787,0.009416682066331436,0.010334880950811049,0.008251996440480323,0.003952331391456077,0.007895473136685986,0.007446095820209461,0.00799139983084968,0.0,0.010774759121824969,0.00601367913559148,0.007299041098139814,0.007406520010805672,0.027128222554999668,0.0964718000779046,0.04488099852876852,0.08702250314196194,0.0,0.2791192829115704,0.11500562078587602,1.5995981437978988,9.69174629931183,10.782539147552681,14.875732993029986,20.135214570965527,13.91541526207006,0.0,8.905926595634721,307.3110598386382,2388.587227550538,1263.0834016494462,87.59103360883043,316.92819578762015,138.59253516482772,25.059044761366074,2.7640221542020815,0.0,0.09710671557040924,0.014923184272019887,0.03069787338356618,0.037999862173056495,0.35257956820187397,3.3210773898818773,60.05434815815593,221.23247678625054
5.8088235294117645,0.0,0.024845439467630372,0.041386038520151616,0.04708348716567222,0.026854280047427848,0.011552032766716193,0.009106450248499074,0.004474088426353552,0.011030234150472225,0.0,0.0189078289642359,0.01506890269190618,0.015538917273598284,0.02631486305560752,0.040154558435391674,0.05227753330713305,0.028848726411383717,0.12026441038535512,0.0,0.06678327092752617,0.5215771277280824,1.783526691517625,4.0963033933509045,2.523367847386054,15.174688575411796,18.700921446252593,13.92878871731801,0.0,9.051800572862561,72.91757455322247,91.51065303769296,397.6467497263342,357.7350838955188,51.7709589146142,357.85548387430305,302.0799578450124,27.66337430602526,0.0,0.6769226853642385,0.0248031846233051,0.0038699306929425945,0.010682983708916086,0.06495665687594089,1.034123462967847,35.76694367967934,315.1147126679254
5.823529411764706,0.0,0.011731558178116577,0.00791385134567672,0.018066526890102047,0.02547161216631781,0.024193014473379224,0.04378082170586413,0.01411247453527554,0.01001979470602108,0.0,0.01811054861928784,0.044893195417493106,0.06565752740271155,0.05219449921659907,0.062324626333629465,0.1485372764551062,0.03553719240634972,0.07321125289489579,0.0,0.03370670193427404,0.19710354708898833,0.9618874017161518,9.181144096659889,40.123907185765134,54.21599156785837,34.24001528805975,19.25190477598386,0.0,14.903942304697576,39.9632011865459,24.961244632772324,6.080445840289275,159.4964325656564,511.36533922036904,515.917741684012,196.64126933161066,18.690060060609618,0.0,0.5352443208656525,0.13915790997519245,0.003063036365916358,0.009062809977195562,0.11677351804000544,2.5183866421501744,11.524415219199632,22.08940430855249
5.838235294117647,0.0,0.15476692094423983,0.05822216963337175,0.03807934369051575,0.04496654650373827,0.019381467647361074,0.02273066119275399,0.06597888033809161,0.1560400131895764,0.0,0.06823388879290063,0.05315489444958854,0.13975648281082542,0.13299723022754076,0.06314486565651198,0.1276777758099342,0.13849437174654508,0.02224900031427867,0.0,0.15637765554546113,0.4282659636945223,3.266347736016765,6.687819345204341,12.576804684720011,6.2461263151783815,8.302857820905627,7.836397333645316,0.0,3.259127963260933,8.0000221970768,39.81993025461068,108.5482293868206,110.37601298087712,59.4198143440352,247.436418849786,271.6887000178112,118.59870203395383,0.0,29.59512555985154,2.7814202445836855,0.17360777935736454,0.19025506713771517,0.06614825506900064,0.41023514623304635,0.5349354750455827,11.424920202035453
5.852941176470588,0.0,0.04632250311068383,0.022916423867047148,0.04136900626618882,0.03245089483151549,0.04532049330025651,0.01785127169444542,0.04560024250289951,0.15582108010697043,0.0,0.09773154819976664,0.15839391155128135,0.08890698451110864,0.10797222470557266,0.21745834920501783,0.2813710689828539,0.1403560479686636,0.14909206175370424,0.0,0.26306251629079214,1.0788360194231452,4.130567874957825,18.887954456218253,16.56886612563659,25.884050683984537,76.12860250403193,42.61761862882051,0.0,13.321894295512683,0.4789513545311276,10.083696599973244,37.658985511982515,299.6841044438213,1186.9720668545237,1505.640843342516,272.4483860011632,116.15839527992193,0.0,8.456224112651693,0.6738181299375962,0.11401207059772107,0.08377864573478702,0.1433914686235919,0.37693103269551986,6.576726358752053,77.94731971340778
5.867647058823529,0.0,0.010852339151098305,0.027461128157246238,0.025906641228896507,0.031178951247808652,0.04582705220907184,0.05279536610158639,0.06967603657546322,0.10636044872992188,0.0,0.041965674284998214,0.0812590256005229,0.12151108757367081,0.09154856345780527,0.03879144986582953,0.02760186861890424,0.0840203897354185,0.12403936769736167,0.0,1.126554178458051,4.347445442042311,3.1057314496967336,1.7169322430165097,1.7655328570227162,10.755784440286641,20.612558755942224,37.20440267385038,0.0,2.7003734888834687,10.452485343266051,52.23876735496233,145.33331939997177,66.45977315221822,458.56857250388373,707.1724220991334,432.80693025938854,137.31503476822948,0.0,10.905541251569495,0.7998301698630068,0.010936967791405267,0.019509214053108206,0.5214801886795049,1.0996216382513988,5.289812652532253,25.162293141066854
5.88235294117647,0.0,0.03792164779465422,0.062480318664096764,0.013933738005425937,0.017091498031529845,0.042497091723909364,0.07138769183712851,0.09507519380912148,0.04310856581694271,0.0,0.0472545814060195,0.026546764307819475,0.024148601202870774,0.054807449290826475,0.09762440079988574,0.051819909535197065,0.06582661678226866,0.3002551355571704,0.0,1.0330493431914345,1.431495630447856,0.7414379517543916,2.6756276968951442,5.65650688663635,104.77518590657732,263.7573009332102,154.01078184004578,0.0,17.28677277465383,10.68059533003054,9.00515611622614,29.154056676425068,526.1749389036287,503.882075517948,49.289469847083915,27.383898602882176,23.38395134100163,0.0,7.581880971934487,0.4815069855053373,0.028749875538467,0.0562135328574268,0.11039384825061414,2.4822542056152552,89.47448269684799,159.08760344041346
5.897058823529411,0.0,0.03336446139391215,0.005730841234208675,0.01627187440591657,0.029254355393698583,0.061260103995686745,0.03956976142990875,0.03730578173723186,0.012842446656043553,0.0,0.029528300784021355,0.05484687417400407,0.051385735879616486,0.03457859803507802,0.03799553655565864,0.06806866213173128,0.03890808653524859,0.04180208306129244,0.0,0.5895920760368438,1.8893682580267388,1.8784585743375262,10.148639446200605,19.42450896039085,11.762270790946609,25.680407003940108,62.107797074562356,0.0,263.1556143427928,132.56096364019248,9.32253180728486,238.70496077964475,296.3160777431682,56.279654649988444,4.9181688266597225,3.8296641161651865,4.736772061766928,0.0,0.7031772271819731,0.03322048742032192,0.01997842692125377,0.002735245062178976,0.021120115723566306,0.9608156617454111,22.87236981482836,224.39234731363402
5.911764705882352,0.0,0.03210076169625843,0.03294603861567031,0.058265226503644005,0.041839854744547315,0.03767611653757734,0.06297631798480886,0.06406839857249375,0.025002732314850302,0.0,0.02981875801578964,0.019788289116458833,0.017564825281095715,0.007041514997429232,0.014227732348656149,0.004930771136518495,0.013315321652337161,0.0857819490224159,0.0,0.29449691579257875,0.2172660711677041,0.545257607854054,1.6652469724311054,1.2368424111481455,25.416288787964497,33.13664704748435,15.854854467138852,0.0,58.27319316364127,39.865078967068115,41.93333590656158,11.496973217948902,2.21853119754841,3.4920711154263016,9.97272731719397,2.201291837850528,0.2863380720298868,0.0,0.03847715320000963,0.013553702151461317,0.004643221543147539,0.019257414912538344,0.030052206883042942,0.9326361405843812,34.403989109722914,76.92146216194402
5.9264705882352935,0.0,0.04213550492647015,0.01885880232298884,0.009549988262451403,0.008120304971936308,0.007216656880214849,0.01684329670485845,0.023880333707631936,0.028010962567940438,0.0,0.030449714731536903,0.017792320376157352,0.013170156405633982,0.012215024429889264,0.0021231915422201576,0.011335713018811276,0.09594448856115449,0.16095353998888784,0.0,0.41401888499795253,2.1356720366983617,1.827616293178226,3.8039320386455646,7.530035714824256,21.93761298909035,46.514093345846234,16.77902399256665,0.0,111.40747901017923,150.92643354996687,47.23190945240293,20.383957473811464,4.030298107688178,4.261704845818674,1.8394158394599593,0.39254091372315125,0.03238601420686457,0.0,0.008395584068848496,0.0074880833549166815,0.005691692482980878,0.002686965576548027,0.025014777303973376,0.3256013616819379,87.69762381680246,469.7450935242073
5.9411764705882355,0.0,0.03033034058280103,0.01764143360133088,0.01055461191935898,0.01348055727220893,0.012975745261625312,0.014575495054462678,0.009977244165252643,0.011374716847079816,0.0,0.005466101302756167,0.00936142365344541,0.0030407677830030975,0.014288959764230894,0.010884936562683693,0.003017137584603343,0.008871770022714198,0.19406765129945108,0.0,0.22514134421755022,0.3672947367020243,0.8655047255071373,1.2350764784200234,0.49574013153974156,7.373821708097923,17.305044681373627,7.752865656212309,0.0,83.8547114752948,154.98626810722834,96.3468668671395,55.677299035213935,12.227859026476057,0.1836182217655023,0.048891094568673896,0.03811288169896547,0.013595373715149545,0.0,0.003492297297542684,0.0038521267689407596,0.0064597469545239795,0.0029030008006078554,0.07436005130810497,0.7694840942267411,65.60996566668088,71.81203504295496
5.955882352941177,0.0,0.01829313520431375,0.03795737214460723,0.022259570842576914,0.008016337769507137,0.01064351874001036,0.006109448211233603,0.0074619511721379286,0.0066518828452273825,0.0,0.002547354659308439,0.0045639425693965886,0.010499746097611786,0.008625311892017689,0.015321735514409237,0.031998993740582696,0.028024166012494602,0.038568938321566,0.0,0.6398738118814791,2.1100479411928945,0.08513805821744179,4.310566349821144,5.603825690653809,7.127476416886843,5.374079341216543,6.213662913660134,0.0,1.6972533085926917,44.06082038719397,171.6688473479781,82.52830155324304,8.036370328143294,3.521567159991414,0.6543122684161112,0.03675381159400447,0.00433405446029728,0.0,0.005254824629790784,0.0008898731819194283,0.01206718484376188,0.050856677403766794,0.1702005628447405,1.7905771064997558,43.19515423943729,67.55860922589912
5.970588235294118,0.0,0.01997640143024211,0.014143750066767368,0.020169726319107666,0.03507622469206205,0.02440967752744751,0.012601594454952804,0.006180223676970039,0.0072364295208571395,0.0,0.005763100150039735,0.0026499138567884165,0.005481718582918827,0.008687523391356118,0.01687763230355898,0.033556453902795276,0.0221018958027224,0.011556896339319854,0.0,0.6225331525428281,5.575108631732755,6.553804015232663,1.3894727943421474,5.688165282088121,1.6010672488869444,42.46619813964786,113.57602877831033,0.0,38.26531551140366,2.328843687227372,10.515939947306673,78.32174260308011,10.605582780697805,41.60681145053153,35.88164449381036,6.705483120249938,0.7306268427178174,0.0,0.05887320891504676,0.006559885182786447,0.014673973354333979,0.016790019915992237,0.025373006822669023,0.3828576694824286,8.239462348831545,19.67664583276412
5.985294117647059,0.0,0.011309685266065373,0.008753042581007084,0.027048764240955432,0.018544690117788493,0.011256520643461705,0.0131981663477567,0.003195734544502387,0.0053941795305701805,0.0,0.00935789821094819,0.005462513973523279,0.0055405792402150504,0.004337481430551255,0.0018611068339623848,0.007772048742596463,0.02685155211816656,0.0934400669933896,0.0,0.09395431708119995,0.22615121213194617,4.340498014189466,4.41629438724799,2.3752691451436254,10.987708375459945,19.598040225691047,149.0140429661708,0.0,112.30345360220201,16.188482292136676,102.11367217449688,288.3639838964326,212.85526090042828,39.13449792213366,11.316848815246933,19.522265080459878,23.015467264277817,0.0,3.5366537240181524,0.289111484758129,0.01768342612984907,0.007502805960015788,0.0077655893051137535,0.7239626730881752,29.654265786719307,77.47691701285623
6.0,0.0,0.6664868060239875,0.5527840071455318,0.45304072610340246,0.47961213248992546,0.5258060115748855,0.6004861265478262,0.6313312873666856,0.5959093722912339,0.0,0.6031703402629476,0.7010491871546642,0.7762164491221031,0.8132531854148937,0.9012934273431108,1.0884830237597014,1.257984378595129,1.5097461149946427,0.0,2.8285364620949363,5.219591304718852,4.880448803307359,5.573568519653163,14.434114814574475,27.1797745396987,27.81360741275181,12.003845434060485,0.0,21.64989242574136,66.9743785274037,75.55600254284036,41.99035460143598,35.54498041305512,36.46502746076075,13.843946202484013,1.7247969215205505,10.65230579325939,0.0,20.027305436320532,15.569232865152044,8.279476408636482,6.217775726532608,4.9394926489813935,5.816706023402054,32.77520071021864,78.80111175265094
