time,0.05,0.060000000000000005,0.07,0.08000000000000002,0.09000000000000001,0.1,0.11000000000000001,0.12000000000000001,0.13,0.14,0.15000000000000002,0.16000000000000003,0.17000000000000004,0.18000000000000005,0.19,0.2,0.21000000000000002,0.22000000000000003,0.23000000000000004,0.24000000000000005,0.25000000000000006,0.26000000000000006,0.27,0.28,0.29000000000000004,0.30000000000000004,0.31000000000000005,0.32000000000000006,0.33,0.34,0.35000000000000003,0.36000000000000004,0.37000000000000005,0.38000000000000006,0.39000000000000007,0.4000000000000001,0.4100000000000001,0.42000000000000004,0.43000000000000005,0.44000000000000006,0.45000000000000007,0.4600000000000001,0.4700000000000001,0.4800000000000001,0.49000000000000005,0.5000000000000001
0.0,16.15955530845542,16.151460218129106,17.962506929849635,19.60372136397779,19.822283437775475,21.46391769836252,50.98248120235202,31.56531862145037,36.85330055856136,39.81904681398357,42.38887546218888,59.24436773504903,76.78144744254556,36.144146380061436,12.833251039595343,205.5146989656,551.163687377813,566.0434251641697,202.48409659283087,309.70843835298615,1149.5736706909668,3308.5504815457807,4658.894511270259,2004.9245892221381,323.02078346267166,1627.2254178340627,1402.799377726028,441.9848271132533,387.98306990666447,89.27374915659712,63.713938847623695,55.05525744760884,46.29822489310402,36.89250203038914,30.986180529354264,26.672185007184925,23.424243461835637,21.023445290589784,19.559847739104185,17.797409270728032,15.525451286721545,13.44865432189021,11.475792017265224,9.848003679824176,9.793649991581955,11.327796907562519
0.014705882352941176,0.9078230142846991,0.0721365060056902,0.318887263486637,0.2149932232831927,0.051958395089935674,0.02334421723904479,0.059287041522054995,0.021539357804041273,0.018336437441699806,0.1742821889234824,0.2687391351977312,0.13924555991123222,29.503044656365297,114.06417987082892,51.77658359678148,369.27977764321065,21.292714805931745,68.84527705049953,411.79330292840274,1539.6989350525744,922.7036603990546,462.2671026037982,5195.7732235068215,26248.46103919078,37507.858812364546,17393.122102443114,1462.452507555996,457.53601536092935,118.02937309745182,13.942502973026162,4.119664670535887,0.3003252728887997,0.2897279716584948,0.017696632342505618,0.04961314900742335,0.03346307264571008,0.009884647693467231,0.020717793013364995,0.008352368698365621,0.007563316358435243,0.0027447335974009326,0.003641270267339824,0.006815211467443405,0.02832954023668844,0.08003090789340354,0.10994758235000009
0.029411764705882353,1.034422292763184,0.3855612644076462,0.7165715721835609,0.39403124476736173,0.25864790364231716,0.34198746394233664,0.5331784825936827,0.10359195989099054,0.1607771690742359,0.3080782026122757,0.5230979723409621,0.795745058607785,8.194520924599237,8.468432365472529,135.31302624979364,266.37205783143156,36.05226200129612,103.03749019217504,349.74542345357247,1009.731282054355,292.04597671263326,1343.1543224271254,6236.148831942427,5764.140962455308,929.3110713912049,6807.0498466418185,11265.919920867313,5365.411611438867,14336.847480315968,2044.3295208016814,479.8793125098375,100.21143631839138,6.3042541388628095,0.30732596439194204,0.17969873186102267,0.7866964766439231,0.36000281302854825,0.12668862250068266,0.06356456596616761,0.16759773163819539,0.09117072411672644,0.015322239516616393,0.04995374021597794,0.06858396348349896,0.0813656292461839,0.3592322544598302
0.044117647058823525,1.3976953116673188,1.3798235513702908,0.17850669209691727,0.030009746961919687,0.21584971930476443,0.21864259888692206,0.29041590791988714,0.366159423937542,1.0690507450811189,0.875358153197053,0.4461732299677535,0.96573865838919,0.6692664809154248,2.1301244670809094,22.54306177240992,130.70547538390522,697.8942762174393,356.3168858503658,121.4535684709376,240.70706038825864,1114.8230824829307,2553.2642718521465,1992.7344785952241,1488.2017927803179,10736.64603614593,5322.318886203124,143.98777392971556,8546.802653931314,2631.5283658853473,4224.408007486283,4031.37702648944,680.3371278328395,110.7659509877096,14.61565850169595,1.4535107582598406,1.411685490390386,0.18404235936554594,0.17296168137875959,0.14599310821296935,0.11549097844081554,0.04061426289375506,0.022043591408965325,0.024474166607464033,0.05222276567782552,0.12262707852702678,0.7795632584665486
0.058823529411764705,0.6181510322199371,1.3798380225218045,0.7435833566767247,2.158945692718453,0.8948085729766074,0.1356739772382908,0.7065821228448892,0.45583409356915183,0.6301852954660656,0.2957999305480842,1.2835632407419673,3.927347217951346,2.6073286135785896,4.564394057907547,17.155615348643,128.29470475220688,320.04715786028135,60.84482281627886,36.42186122811901,33.35668830851361,77.72798204897458,235.36008173905094,178.03216220586,470.7410311150519,798.4981495155242,6149.761977753315,11118.71572388535,13922.526223235725,3869.7966304220126,1582.150544852467,1044.871314996095,720.9901343514962,46.18270961858747,14.681765573629916,0.2998454144683282,0.8073075147573128,0.5806640426214353,0.32624451363859375,0.027625583733687828,0.01202919137976724,0.002859294312609392,0.004715380763142046,0.006121628003959267,0.021411175172193125,0.09312798111408127,0.48019477270335054
0.07352941176470588,5.856847770288387,5.667359517972437,2.1348660079872284,3.7652830987922687,2.356311679059744,1.0176422829613925,1.0404465752862686,0.5710934559602973,1.1227269301828626,0.25340501934868576,0.32470793728765845,0.4677423117459337,3.460176047218272,13.804683953289047,23.91518909417782,11.179201085194082,185.04694510857584,360.4410625976756,76.62722047288649,70.02068020520215,195.56557391355767,75.3425393448713,29.281046805637132,316.36665155253166,212.21787869531767,2193.427550917034,5604.957598675066,1420.001519960075,1605.7888176056986,95.95386251611558,90.08620723728195,2743.3770199389865,2985.560006801731,697.9424267215202,36.500614421160634,3.873728642096305,0.8059392728274766,0.5939428510215795,0.28747581699364066,0.010867617862683771,0.03302588669887198,0.007789871089481869,0.02020565815176387,0.030815070772760612,0.30691124288254146,2.4059711161156194
0.08823529411764705,1.0813313708628867,0.9508472797215817,1.4878880534987948,4.040227779811088,2.4211368203326114,1.138730192387101,0.9829365316822445,0.7011819600022772,0.5648565919720727,0.4493792599790743,0.9268693310614355,1.552066997970613,1.6799754237594922,5.391495843321547,13.090831318818214,43.91674151147491,92.40468644632722,35.20895754697817,45.07487381202294,276.23533288781766,153.92035450402904,6.701584724772166,36.00528888528201,41.10086017847663,327.0597697937796,163.80693627765268,936.133277784048,443.1705847397237,1263.862534374058,698.5132992248462,1469.4440236913345,505.46818516492823,352.60650800923236,1102.1952036137857,581.3681004428119,21.23702657075718,1.4461702917520571,0.2778464855251978,0.11160791814553317,0.14394212804730472,0.06749985304095266,0.04680926789676335,0.0236112896716974,0.09565331066545477,0.23283586084613606,2.6488114722371616
0.10294117647058824,3.6338780604624565,2.8864973359310384,1.2138458450447287,0.6663863965570844,0.4714124231611652,0.14156973302743966,0.31366209345832324,0.08051049299927693,0.1876733127204724,0.5893467959091578,0.45854614897890056,0.34512379396472914,0.9857426363537083,2.0872622239753613,4.113988239105064,14.106885510638614,213.69491162319747,451.5162728476163,92.00355680829522,66.97361113363169,70.8329466928743,46.35230472439804,60.197403346286855,43.07577434454275,16.098734084658368,15.875015964752873,5.215800662834221,87.37897319646754,182.40168483284995,170.399573492156,1480.2876241466174,4513.233628543175,4054.7224259370114,1046.0736153833368,375.91326205635846,149.1989385355127,2.0096526870593405,1.9609084642039831,0.29141796906013784,0.023251439431702898,0.024696234743821297,0.011054520097349523,0.006677382173472388,0.08641287492092557,0.7439841442798838,1.2747079560182848
0.11764705882352941,1.0171250072514224,0.5481898902408631,0.4330505984991369,0.4364481369455677,0.5742427196740413,0.5455655785343113,0.8805012575808239,0.3984124696669573,0.6154710019750058,0.7794834462489489,0.6912549128057657,2.3544827207552075,6.805068251274307,0.8464791493977106,16.828578940414616,83.05584257630827,689.0322971529595,1143.0896220782342,75.84210718148842,42.78991298410833,3.8066412380159047,25.736085734437474,50.681575817887634,27.333234342023147,91.0719914795466,56.08402398672105,17.275586425904727,19.187563594137057,293.0806360259254,305.4825525080324,214.8163641654332,63.861701474370165,424.17456012548524,574.5394565711641,32.54679792599259,60.41113724584729,8.65748980466908,0.6583881304932659,0.21017232452674922,0.040497622024841855,0.0060422265775083635,0.010910528027185323,0.004980406850498533,0.03576209288624399,0.8159378638954841,1.6422699327143926
0.13235294117647056,0.18156486886647555,0.24596504848011774,0.061461821240416076,0.053730500943985925,0.09701180117406713,0.1236077312091613,0.8906937148028216,0.26067110260074483,0.1359681017054037,0.13495792574767324,0.09080332359722,0.1539512338123523,0.5056355437553663,2.555544239479011,51.607276393770434,38.85640445447841,391.02485988683827,1878.85986727013,349.8066281184666,5.080886816245622,27.798770858081376,25.614306249976117,69.77361888388003,26.351031426430286,43.97251335616127,6.914750039161026,52.293888401216094,14.09245302576833,21.33910839728766,25.60890884640679,80.70752458662878,250.6003916227699,191.17818472768707,16.44439540243593,58.311132833444304,18.872679037094677,0.870146481814501,0.3461644218075754,0.07876841252914199,0.05825143501036259,0.006395021095605455,0.009141317699875962,0.007272517666564218,0.007314922466358566,0.9425750874284402,4.230843140479995
0.14705882352941177,0.3753853217872982,0.12981473057330378,0.12787179151274689,0.23518076272140578,0.14085398336667726,0.0889110295048813,0.4167854726002521,0.4519714760993344,0.22898328943509394,0.12799751995219674,0.2362878772689605,1.3430682546930752,2.9099805667313454,1.4932346908621326,64.23179518586407,159.59535368836254,641.76737638171,5316.096438926172,5875.2749633130925,1127.927897843654,60.82568368023629,6.8693769373853755,202.66574076702585,254.36473132279264,49.82152209541324,16.50832179718448,31.214118560482216,4.427714414025108,2.911348449047822,0.4833665187554088,3.1003146823344307,20.854450896880653,13.10019738131085,14.28210677824524,21.759125741023816,14.129120343908276,2.0772530805303666,0.09094148064058591,0.17978708305784344,0.20069487097061736,0.08491198168188462,0.016294389643190847,0.01509431285532385,0.003814584808079686,0.7844999952579138,2.0887484087229926
0.16176470588235295,0.16341144077026967,0.05300661739379957,0.057396097140633866,0.04432824509423802,0.055806817132032685,0.10282677066497276,0.2865332002571275,0.17137181721799474,0.10728059343196587,0.05220885311091251,0.11707135312222225,2.801435922613247,4.64683147641917,22.341157044430158,371.8067750813984,180.5206346353126,693.2556546183719,4363.069889458664,1932.3629333059796,5477.405736501847,127.87794602548672,219.84096689058006,21.644566327555857,9.205846865191166,10.70771005836076,13.622495767629577,3.6449325744724685,2.9159365476918633,5.374064775450131,15.58500940314886,10.167850448019925,3.7667788191357428,17.343501673969474,18.217720589666897,4.201546915130798,1.576241999768404,0.4795323442588951,0.03056225826524721,0.060658169904209566,0.009072469636025593,0.01855741654289838,0.008296957486219317,0.0009602300321249759,0.014946125144253322,0.28391430197806855,2.8861675984930066
0.1764705882352941,0.08835218696510941,0.07799474242953328,0.03976729560688476,0.04156636260702044,0.05904964487174627,0.04966159857697713,0.08279188325501834,0.013643883750546893,0.2705838846545258,1.1177073482691224,4.102504245452796,9.051478025501282,22.240434311673468,44.337023781989615,162.35253647056237,982.9834652607648,6612.971128886446,10604.527839329985,14233.202164743449,62717.91848558349,65649.7550584694,27615.268116857842,8849.979220057008,2095.8511705684496,513.1535552759183,110.69738035130283,46.9734762248643,5.551462078312799,10.921102053048994,3.039770414920518,0.6333318004295476,1.5520746323021528,2.011782427797854,0.3228572870201659,0.6157079104399371,1.008330701308003,0.26035258988353027,0.07558767116744197,0.018786259705853733,0.10199441930210065,0.12230454341434208,0.06650197736904633,0.06781629502647103,0.04239778195727478,0.05045296420589561,0.17637058370409542
0.19117647058823528,0.3142473272793952,0.23312384053368101,0.12906966972940212,0.08432019978257949,0.01867626567664571,0.016600010369243946,0.09601371884218407,0.16429301473018154,0.12934212411500984,0.1373729802708151,0.5670947197243595,10.724394836623224,31.742154308367148,88.41594397503664,31.033234133654773,82.1988139895668,88.8196072486027,225.27268243996804,2386.5322038366185,2244.4157302469275,1412.2247619934162,41643.529638099295,91074.6848967309,67024.01575152876,43306.1395189499,19828.245515895498,11220.429958809813,3659.2522790192806,324.4009908866576,17.168129573148512,0.11003639229911184,2.4013671440999675,0.1963333717477937,0.4444321523167727,0.9067123477144285,0.5048221851567918,0.22494733381467763,0.053880420300599086,0.04243313393025552,0.11723744457293493,0.04630532602114855,0.055526254320152874,0.08929004914234666,1.9431007897010113,4.109719402330119,2.262772442036534
0.2058823529411765,0.6637685927589785,1.4609776136269677,0.6283298397330227,0.13416606413759213,0.3896145687956782,0.4705104405060966,0.43044281472314816,0.345339232148639,0.46086492193966844,0.3134375837434129,0.6497080666456618,5.166647718893662,9.528439635869455,0.9637367259798747,7.518119062427551,2.0736514437566553,50.44265145322553,72.33890619402953,50.7996983340865,30.6911441116005,405.65592320406506,2703.623712349007,9781.942338697361,5487.102530083012,33283.59163697036,68894.75854276615,39285.54928349148,23229.23644525325,58872.222682248146,2492.6403614423944,772.1763070099566,219.5524609606146,16.570267270413634,3.061106234979592,1.6559872677345455,1.9282084570322946,0.05991529440356749,0.03211936036522406,0.01945159987522604,0.030222701669802832,0.022907657645300193,0.016214192861449164,0.09914200753216272,0.58832124378592,0.9865051708045176,6.021094775405793
0.22058823529411764,1.1490254316803656,0.8001339993236363,0.9023045006188202,0.34999545601014004,0.41657449546880265,0.19236707999485636,0.6622037262715641,0.4543205025168611,0.2984587810063316,0.27714612642349906,0.2051217975653316,1.0887122386592154,3.8873972439226376,4.593090555469123,15.001807132983519,95.27541170744695,198.5424224694825,135.1978365750304,29.002856242047407,395.0580808214262,716.8939002711559,46.66780495718676,124.06053990246262,388.5948711948997,1473.8184552320022,6274.390862282265,6174.287984825673,11102.67055296174,36526.23064967975,12307.642010610096,716.6664342825195,1754.9621234145754,252.90005346223268,89.54065677404648,1.4236228067580858,5.7515270506409255,0.6266045092222857,0.9518383517620637,0.12106151079853314,0.017951148607992472,0.02610438421737532,0.01899371381187213,0.009662174891831535,0.047046457018042706,0.5104684599657651,3.50917789232796
0.23529411764705882,9.436135281588525,6.2235585351530665,4.732712376531034,3.1039974112691158,1.105978156513156,0.3836424573612046,0.6095943951434217,0.6046368411826073,0.37197528064232366,0.596560018616265,2.434749407097101,4.887084857209167,16.93964030724095,37.976470043752286,20.041030050525606,76.2547780093356,108.36011254260686,48.117437630486165,112.07074697219937,18.327405904525264,6.139509545034729,36.35072482784962,202.95722527218703,151.34127882656924,29.454946221105555,186.16159128033914,270.4816011396605,113.37447486817013,4650.9841665628865,1304.0414175085937,2091.356154782968,4935.285870136648,5986.144308622188,2818.409290256306,420.7113940125859,19.773915580180912,0.4048512190308791,0.3539548804730642,0.35961637445400985,0.07591347846976404,0.049127272608207116,0.018009901028902743,0.023951423347684568,0.015502349214429832,0.038842875604103225,1.4201126394922645
0.25,4.663856985098182,2.453626673455394,1.1454816117876305,0.6024109529279594,0.7384070520148589,0.26055196528851277,2.483913289905537,2.9551388648389714,2.624743005691993,3.64380847841272,1.9086177422990238,2.0107091567696234,14.13095065799631,12.890427634003391,33.75080077458995,13.83311980751019,98.57576937861577,157.53121264470076,23.16945993926029,16.535328198387962,53.59073273703372,48.319411711570524,64.47686676440547,15.660844699149013,51.80148145994879,3.3016359409116713,575.9498557041333,619.2132070076602,1291.8943161865104,136.33463369961441,191.72893075344973,278.0130567716451,794.9710869507502,349.5089252053682,56.68338733789639,24.667567492204217,1.0527093721577856,0.25552000054314217,0.3266395953791137,0.19847187356225754,0.012078498266827959,0.01429662858001417,0.004380425588147642,0.010275766107662008,0.07783514165738564,0.7415163685949617
0.2647058823529411,1.7292434913584278,0.6142194195917103,0.2512204324821502,0.3097791597798922,0.35167380213467814,0.31222838442834616,1.103293496039049,0.614815087408711,0.22133948062996067,0.11207284674894306,0.4723628828209445,0.7501638114183381,1.6082906744777299,18.654048945571965,77.33649728065947,241.10093786246114,1436.5929629247412,638.0992278734886,11.605304186631404,5.146224802683793,12.346822506481846,58.076010039612285,34.53626561631967,104.88477557625379,44.902286703699886,18.443703001170032,101.18495549298528,206.55757449205515,158.89708195188808,59.83488860647348,36.329066976248484,28.06298907117373,141.27308748702683,98.47305666020623,22.2466257168019,6.666564998591966,0.4945912918001043,0.3586664559766873,0.05236690330411552,0.02109148930943745,0.009470026578986464,0.00439448245391958,0.005186939854410297,0.0062673096081458605,0.13611594372386923,1.8575787785015843
0.27941176470588236,1.8592833481787563,1.3186827985726168,0.49331827177340776,0.5956838169830811,0.5932476220970624,0.18585579615946915,0.5872432475050041,0.9166831722501092,0.8406104459338402,0.5363599534609035,0.6805332881455759,2.2095269271235454,2.011118407131595,11.309855885838665,48.11227205621209,85.44471212967167,2957.95781003273,8393.206328095304,3832.900974050779,595.8444738153659,140.15253531174162,44.90545785626041,265.60348997163044,86.18286471369879,30.31267123716674,104.85969781479001,86.29734011179343,23.12057943872032,33.36570622332148,13.939508720359225,21.71657374061758,19.929160055988394,5.079232474013875,20.815802904914953,19.446150441202697,7.393607338023765,0.7616916593780403,0.014653679612364343,0.05994438616854271,0.004690677048947461,0.013733585812888126,0.010338549461425773,0.0054554777818243035,0.027516545746230206,0.04473377393211065,2.511939201293741
0.29411764705882354,0.35058500831641565,0.16298616242981426,0.13764884415720902,0.1960298426227475,0.26528995808986255,0.304701530695358,0.8360177016937553,0.12291268914069871,0.5594772311032354,0.5953989036233237,0.21177764013443118,0.8811354148351578,2.344465902748671,2.8198774248954437,36.12323164792029,12.220876549175152,144.6782982997072,749.8592431815453,2532.140248013321,4006.665709549664,324.57691803891953,861.8102193062016,98.88077864982887,60.46317282262842,128.78271009022853,28.937790867632692,26.1837990587683,31.918468846937103,75.69112191543513,17.084772029029253,8.556099355460931,7.287463376022153,9.31244176707291,15.097280411159126,2.133553669647596,0.7258534588885088,0.6066341302205556,0.14059490288121756,0.03458197459804539,0.056716851396660356,0.015206290109518098,0.014492658529311352,0.017854757067480118,0.018928981146981865,0.0478360172647414,0.29432547151780275
0.3088235294117647,0.4541588648032991,0.23864588546852028,0.13800722908526675,0.12188898403221304,0.17195801198858218,0.2895323204599843,0.6027912438072538,0.3164273731856355,1.2388770446721944,2.7489206912917563,2.6235069553348165,0.8762743808920781,1.9395601570514764,2.6758365715536936,17.30460328517139,22.521496834665992,268.50635597411247,1519.4705429125584,6811.787395956924,18181.131829041253,5332.671636824452,3535.2743202390757,2772.5714196937215,216.31100078292712,84.1965015937655,118.18682844455074,45.69521236197705,19.75572931228094,28.505443597356237,1.369259287289247,4.512384608750873,3.6125059545493845,6.972208584469143,6.631215106079878,1.333459770900456,1.584048936963318,0.7671842640589457,0.03877222020352725,0.021175459299986515,0.033789983199290156,0.011816619621470206,0.015419089263954504,0.01043026963055813,0.036052277273789596,0.028125598036828764,0.6008443046952605
0.3235294117647059,0.2073282633930918,0.11044013043556299,0.23700506218961254,0.07973010564177706,0.08993686994771527,0.11369030125385539,0.146179559402907,0.28302178859682725,0.08328225722050381,0.09785007724297089,0.4846016755631459,3.4789639373868315,12.965921734143592,33.389492537881935,8.48876421183321,59.18637910789736,295.14772987103635,419.1156969470928,6143.387830746326,17733.276847760033,38447.88530506792,54065.00605982669,20095.762875636487,2606.377173843852,73.81018846835343,519.1666445446372,180.15745854334824,14.303335401761071,32.76197962939755,2.5274276183357496,0.4462943056136988,0.21674020986896175,0.3651743877516094,0.8566719640048052,0.6699530342738653,0.3980600693963502,0.23635181721499882,0.3235314264852244,0.32894400514309674,0.1241818983251035,0.05272509404460891,0.04540673292824976,0.0964828973093709,0.08096324787233006,0.07151673510742279,0.5872873879072313
0.3382352941176471,1.0780923832141867,1.0774877696829777,1.0006339083163427,1.6049406303072782,2.2708980406207533,0.7782687419580157,0.28978287291542515,0.29182480269238137,0.18679452213621422,0.06356426602964324,0.3586876983448086,1.7897661240841454,8.065836921072856,16.21251783489763,79.04859433925765,92.29959172197664,20.68811630207681,22.47052001061161,950.9299746852175,3229.715134750153,427.3972813453976,2096.5646544227034,4989.938240808489,8331.303746386477,2961.577547634162,5565.043328138405,7751.428995057036,5686.494622437525,1058.2773040152974,73.25482403767117,29.779594798413886,3.888191683360916,3.729676239285721,1.0068415833449154,0.05499654888497102,0.3800925256856371,0.36955916845398573,0.1274398909102387,0.03313501224554004,0.09548958077641363,0.11051131267336337,0.08225923569297855,0.03115708179360773,0.11479293363494236,0.6997439248618209,1.0980607849634356
0.3529411764705882,4.513902897094942,4.552403005372883,4.709374375489426,2.2521734986726956,1.9643055860038772,1.664261250352091,8.056750696245768,0.9646536690832543,0.5620805366449053,0.3877955743721153,0.6768716145844431,1.1416778211636118,8.809034194860075,15.540644166765755,53.16613087771603,69.30953845109772,23.299021958186998,98.9670986639395,19.21317182615416,1279.4345324213823,4328.466065622535,777.1444329201386,88.45091932236859,3827.8172586084934,20853.562780185966,34847.209309722384,30022.949321202705,5879.055089619684,6359.979999454833,2380.4091475418936,2581.1271558825606,629.6996267004827,127.23739258137792,6.761150614996585,1.9424945256223234,3.066241395411585,1.3786211571740923,0.7751640071714027,0.24774968007641684,0.2586804430588569,0.05671213225759989,0.07019614767463142,0.03698821163709557,0.05958010049623351,0.8486440286133894,2.3769712141125616
0.3676470588235294,3.5769532536208097,3.5609388724550053,4.308234800954979,4.972537944177065,9.436355113197196,6.296993471579555,12.171589239118177,5.68376983933536,2.886604345828978,1.2531072392256624,0.8740306399609621,1.423460701437779,9.449402120367445,21.942997197437442,56.09868187985374,63.542415978562325,334.7913441968401,771.8693042822451,306.7923188901057,312.05473777718464,7390.5053456561845,20932.982377094042,12867.736665677368,8051.394360102406,2712.0544656578822,6351.57923485984,1749.2033084490722,96.17994569340772,30912.06863928322,6955.80891585506,1413.0639106482276,1225.6558093603653,2074.0267219340158,554.6116575194712,22.74568232848513,0.44889832238548233,0.14659451722282996,1.0971098682510578,0.5460599167582804,0.10673234283559337,0.06129525446486169,0.04146138870765358,0.03478082491715226,0.053151138810915016,0.3477064587107927,0.5851339688935931
0.38235294117647056,9.451447536829157,8.52286617837242,2.479547311769214,1.98120798313525,0.20048913273139346,3.515006750198274,3.392684692399298,0.5888628334727157,1.1096269773868055,1.0305443482100465,0.8288473890691366,1.9861497810088462,2.179195792093986,20.056687806968867,77.50519631151087,122.24179559265811,78.56540318564188,240.72266348551364,218.27741648315111,118.7604633989485,32.64763226463558,458.04892425782384,1016.3935041981886,4609.784288301402,7033.233885272795,5609.067552016317,1995.6407391615344,412.8734618741046,4958.180962044851,877.5854271223027,1151.422271390843,242.85239124136845,292.4984025164127,343.03043193733964,63.680872814981896,12.807594881253626,1.2648453688681536,0.04137007032401267,0.38115808135741824,0.09993645174877355,0.04086092109818855,0.031572885604903976,0.052295311666040845,0.05357629335691361,0.19598058319951966,1.829466178263949
0.3970588235294118,1.5184006369157736,2.009071757031539,1.8616711338833112,3.635163022059336,0.7651167644945654,0.5874107529515933,1.5889936146068324,1.185231666175208,0.816897600011682,0.511363535987578,0.3925717171276632,0.5788810862967733,3.6503918316378066,5.7807928900626315,2.57386955567957,39.33142510661541,49.98256927288127,81.59383263318053,451.40320397180994,285.493905761478,60.7921947300407,39.433689589920604,40.44244630686779,289.22982769313364,790.7704218478291,338.88926699566684,3153.381504205795,3796.8952235848105,1491.0911299600243,743.4446199005823,522.9076909089204,282.0188464413748,4.910396818860242,11.606689415032768,4.66615306276713,5.063481241178632,0.40553130779333424,0.23812354307555705,0.23151679260971525,0.055612114004987466,0.011968632290076229,0.024048437860415002,0.012313749629559915,0.016342008410072075,0.2386978394241538,2.1337568352221075
0.411764705882353,3.950681962000012,6.0112281342980936,1.338224556207475,2.38174878426278,2.0389193626937985,0.29833928960693756,0.23840007311907585,0.23438334361625507,0.3660903435611874,0.3342448343426404,0.22020672118270662,1.1554820820831098,13.86726544106218,20.350217490788438,8.35933518636605,36.86323167623986,19.700279090491602,39.603464889589034,394.0025593289279,602.56893162436,149.50556688287253,105.78223249116878,30.974293028286652,143.7773627328064,138.77379092375406,290.6982642122195,221.61095744604262,29.620245195476123,267.0129839007009,74.00864462436559,17.57043273408921,213.21771997160909,277.8906980820652,193.82286309988802,79.30251465543725,3.1338568519102705,1.4025989790450253,0.29398552318232496,0.027353019222387684,0.08222087356274065,0.062384795478054304,0.011905131278502314,0.030596973228392353,0.025348133708285193,0.5601218764031708,3.269287020841407
0.4264705882352941,1.1437041309879898,1.5063730433314446,0.8893281964094775,2.1730021133462256,1.3794141388222025,0.16131322131795134,0.6742626659108989,0.554638007483436,0.41377842552849164,0.719188911966751,0.4682552898426009,2.230284333784171,2.481167188772501,24.28165300045634,12.544506632211846,23.247864024124382,106.84589721842372,98.3759406209474,349.0008095179887,1018.1858123935375,268.99128587691183,199.1129253959528,450.6559205534671,122.61092199863003,170.48422707979108,254.573693613039,13.42631097466879,12.094920298935126,95.83969544902212,421.0505549472565,624.3187930321033,177.0300313771581,10.38208696492629,109.37702507556556,240.55806917484676,20.206910129364726,1.0200696128434743,0.33408614706062423,0.40454728419153807,0.07603423906230165,0.037604268294044264,0.010631776474056,0.0073207808946838815,0.020247390922930424,0.17837502826125456,1.2452102794292266
0.4411764705882353,1.3079492373958965,0.40878411286227645,0.528052138289456,0.6270514920376391,0.30414705982761275,0.195586130141703,0.6556117412572704,0.4972636109944737,0.5417727983281166,0.6896554297807657,0.5790903413773645,0.8784221703290422,4.180564854614768,4.565165325691637,1.101487308251317,3.3560276805993476,7.4695838556524485,10.859200074515652,120.64743216159708,684.0739145203049,73.8468513012708,25.365442475064764,30.906246203613172,2.683476923450253,204.51921212435707,168.68470644809835,3.949912189297864,6.9443444180313865,86.1986664822185,66.80396809782658,13.435435606021382,38.4386166923081,9.982261908529225,54.1862104991163,160.37286282879728,66.76566460644001,4.621721663514286,0.2412917296756592,0.08880102328572,0.03447050120903893,0.02323219166192626,0.01947939942395404,0.0057285571374432265,0.007366354067687899,0.3801135426078058,1.7676077246060962
0.4558823529411764,0.6682685473324179,0.7613859521348596,0.12566543571507285,0.06553701940337972,0.10874962568898472,0.13914022278667865,0.46596069537244134,0.2599493626047233,0.16420284443145594,0.5367038923290801,0.21965624510243992,0.34922380495411587,4.884642703794325,12.886533171380574,10.0044456524637,39.679322447829584,62.45069365854294,86.5438942724063,54.37220612454773,1047.7339014723386,1268.9541081390353,53.48854616160493,268.58193494848143,137.14083426755226,46.663444503087675,6.020979326035645,54.56918510776746,62.37985742079293,20.07902412080928,3.6747248274346496,8.896388075622703,4.679431127888808,10.703377380755875,9.577213022115759,3.2320963948702817,2.445301503412094,0.5564335336885958,0.25626491297045634,0.020238965306627284,0.01836288474140574,0.015850389823631524,0.006898379056378288,0.005087815179878033,0.043315862727602475,0.18638391908206273,1.1732671210293693
0.47058823529411764,1.0156830428812025,0.07163926198423175,0.06856122419171219,0.18803930646264877,0.10722954967430431,0.15110965701642898,0.22965055686756747,0.07290707483705926,0.13216994988924802,0.22525786861554553,0.8052639076560288,1.3416873237548947,4.365409703958214,1.0334817531527951,18.0166349649576,3.7373199966469643,29.39971839844126,54.61144093661485,584.0745307912417,2636.0044128430427,3397.333878780558,870.2250860308123,6.56314453767653,11.995181176239303,18.461743746094328,20.36807779369127,2.9098865239211453,2.9923672871308336,26.584994335179694,8.962279251207564,2.162408366572709,0.4390836711747611,0.3902162510939198,0.6874066652851822,0.711572952752181,0.17629516418189084,0.038601067873028416,0.03838313133289978,0.04772847417725913,0.017902732431044493,0.006101222025840788,0.0060702265545738675,0.01685498620185686,0.10065404568793233,0.07488347330089021,0.40954745573479223
0.4852941176470589,0.07370734432880247,0.31372757858271333,0.11538429164004081,0.7422669292099804,0.8248024515576367,0.26715838108978346,0.11727503275575422,0.1564903991576676,0.5259068489288635,0.406977598539291,0.24470940882045267,0.16832666605069083,1.210426612656249,17.40967826092957,19.83330936934709,63.37362954193331,187.77412235266698,417.01803187266376,497.8590596976346,80.41372104190404,2172.565122577692,5995.0384700491195,3014.0737644336623,571.7667336662403,82.35921972837403,29.809167751970616,8.857824363678649,1.626359539322846,6.546288428110707,0.7125559435762465,1.948488270212049,2.150302674119033,0.6315894633563849,0.5794918333607544,0.1304241614612815,0.062296499609902765,0.04389072328146555,0.020707689541378662,0.014029597974217073,0.010214437495908132,0.0019875487068077746,0.005435689673585787,0.007879307761030798,0.005779046541362002,0.1351837614823995,0.4532671499814458
0.5,0.09632807398105271,0.05421643824198962,0.08780023930837194,0.06847476503499587,0.05225612081889158,0.050199040813903084,0.2664637497131639,0.14209246955298974,0.2488582295486209,0.16923810202867218,0.07967362506593051,0.09872789591527281,1.304666170868841,1.4042169900854047,4.462113698019243,3.453309844093357,3.8703133890621246,33.06006933175256,1095.681721109874,3570.6685984262144,2450.0766695542707,3467.491756302515,708.0119298300947,2044.654782445224,1518.2855344814234,813.2667291618349,122.96055764242766,3.3740369763341267,16.870136814818824,0.343330845307532,1.5497047526136174,0.7216896013876347,0.17678855287291426,0.6738495020039119,0.34836431210040325,0.10014029577435962,0.146289352806804,0.20893132340760295,0.12156005899888075,0.052217150769479144,0.023757955525516277,0.03550591840304466,0.015910012938916144,0.042730065560998,0.20024341159932801,3.1636719700146827
0.5147058823529411,0.17215529013159003,0.09206965376630014,0.07704892845994886,0.03737606583338966,0.02770928070686986,0.02926198456217401,0.6195954652490098,0.3088777348556063,0.3411157308800947,0.30940533456787583,0.26669978483217494,0.09515255972987686,1.4783668759987767,3.2830039492814453,3.484557323448775,13.533911012929902,6.751731200116073,41.71485008868531,245.36174448962868,408.0556884429763,3073.528320818503,1611.3440923390149,26.643690690701302,29.977967660949382,83.26684112907117,567.498792484502,2387.4868217472467,701.1499116354246,395.02985652106406,13.733812879772865,4.215499994071617,2.0888455252802975,1.1212150983267568,0.4350786815284143,0.6418207543486035,0.1322888787067412,0.3509058163336262,0.13360061576208526,0.03770515122807082,0.02175415411556742,0.004057795926574596,0.02246967262018185,0.02605029507458089,0.03524216451199428,0.16126411207450897,3.7133327327798407
0.5294117647058822,0.35253211528760436,0.0933804586994608,0.1286913963304694,0.18189675537750621,0.08969971435092798,0.04709093177051514,0.2922979207694019,0.19960277386687933,0.27040846205397195,0.18534667092990995,0.5276259621284223,1.5556088967053805,5.862071782786537,11.093056170654688,15.569551229795945,21.592300330274504,45.22300391765961,133.01911562766185,873.5042550221231,916.7300762930769,431.8057543009015,6285.813173523982,11554.84801878882,6023.415986919392,1485.0849119510494,11.775659868384693,746.9129797021521,3962.5831269471937,13380.876082551931,1516.0561371110505,177.14543039911285,6.603654804403846,0.36841006063681747,0.2829497877535052,0.46952923641134514,0.08620956745477204,0.10984403530161373,0.059724932334329094,0.09540858430185495,0.042794060751940304,0.04493000159898556,0.010486452277102846,0.0036170935647265494,0.005788374577294572,0.3892846892938666,2.94435354967773
0.5441176470588235,0.30397167740141634,0.20208699303711714,0.1888240322284467,0.4110005348984639,0.37651544573490436,0.23480093489278586,1.4732644684579101,0.4794665861050296,0.7219996444780357,0.6398314677972878,1.6081139967347566,5.845747624811699,8.870632329498399,7.555882301868371,4.115888699482901,36.1537009489483,16.504947865256735,13.403757876906987,400.8272004816522,834.1809646555541,189.50637914997355,478.41462460657914,713.6951155363843,11238.02495889843,24711.732412242854,11060.427541213361,347.50461545108124,2782.273757251188,3565.834984081415,711.2285767312962,32.64788789597501,38.328861675155196,7.1924578033714655,5.220027338266393,1.1479612602832927,0.6286750010786099,0.5335924300593882,0.44206758818293757,0.19824521339906748,0.16153150133683553,0.1059566992698556,0.05077513389372657,0.010425161116490765,0.03673398986723858,0.08219484465529023,0.15259328872853994
0.5588235294117647,1.1298419862961149,0.7516690789906197,0.289073816927623,0.22754762010611093,0.20822660011433,0.2795057038615882,0.7083623962654391,0.17112376021455922,0.39615129301172936,0.5789875274016527,1.5100420195413922,0.8636467892146764,1.626435281975715,4.632237479692427,20.633900946130936,24.417724977651332,6.9910762915230205,99.78281794458249,460.93722076725885,102.10723834901847,139.88751069984625,92.28394229246302,241.29687526740423,81.33377568635564,739.9833632989917,5485.068756697696,18183.7692228479,21857.946594230496,8236.14659068989,180.78528631760463,66.93681814560212,104.38181569195893,16.893348115231333,1.6653820654125933,2.2573952606753136,0.062030589366749676,0.36171478438377824,0.3155260865344852,0.04085197348162811,0.037952885234836024,0.024419182315423782,0.020107607078704924,0.058919736830885514,0.02985227691942697,0.8541687549261168,3.0439135618106894
0.5735294117647058,1.061291850939751,1.0324751292894967,2.5851539587973917,0.9139180658891546,0.17647165805467008,0.18712439280411985,0.3528255161496253,0.1687836039325503,0.36850821447616017,0.7116560911949603,0.6985345640617106,2.241737360506754,1.7546352929220652,1.0065418383392761,11.788945356650585,28.549361700146868,52.32941784685552,55.88503839638177,51.441046517900844,7.470323258587142,145.31807886561344,361.1618026177048,432.6767105104197,141.4225028974031,75.84808990887109,9.11997741950681,146.82973393802013,3840.7704811114336,22638.257155091032,15168.879035038975,7270.7407207147735,1501.8577606536112,31.356424127932122,60.626094166783446,5.907177638174806,0.08095567212956636,0.3881140326805258,0.20963658903945087,0.2962784438443574,0.13638787566188357,0.04129277231694525,0.013558240882735776,0.002273651560510213,0.06167205396992833,0.2400169184299788,0.20350940931217704
0.5882352941176471,0.9240983608158734,0.979733897369476,0.7410729000278541,0.2791382505297727,0.13676795415923215,0.4676424623468377,0.9591076009767319,0.6455436829728587,0.6512351054235446,0.33107860683102597,0.7917238962871921,1.9439561805366052,6.212424927908981,4.637894523206468,1.2291851861437517,10.315824715448615,24.440263885284054,1.8239614467104022,22.744421293372408,65.6314143619574,162.85636060167016,29.865798991818316,91.58369918639987,77.50661238691134,6.70622281388681,67.93975069294655,155.7342043069978,128.55830895346188,1120.2939712930713,193.78203411772967,1630.2453875679294,4218.793786122467,1866.7331192456872,108.95102627329089,10.464601070973764,1.2800242536344029,0.5936939161643126,0.25253731797100154,0.062258008326497395,0.03109294110285888,0.02831778753706414,0.01921568546892572,0.00558213529181786,0.028196105269376506,0.20312797543530342,0.5957800513562539
0.6029411764705883,0.44866178490977626,0.6852464216411198,0.5728850035506601,0.1994308985113456,0.17691066288317414,0.05718522467535371,0.3712954145113682,0.611577001278024,0.48466331991787587,0.3965224551088662,1.0280003720657898,1.0083137770389443,0.9339403030236555,6.086242311955811,8.179494472043002,2.4880965771463117,11.745314255516547,3.424020677132246,44.02119421445762,119.9131851258278,57.99663122021647,86.1460854889705,176.51543251039027,243.72800681860286,174.47275652604745,36.36311411677784,18.24212715579072,73.38888704589172,157.19783371333125,145.68175186993818,277.4651390989926,366.43652944231985,519.2054724404608,643.4277448709337,244.16904188498313,24.99634379894843,1.1930235092640902,0.6031679091137341,0.24205978851661425,0.09381775856635169,0.011203888506694636,0.009208934220144467,0.011626724964686617,0.04088815349603443,0.10924828889225591,0.23440330653303568
0.6176470588235294,0.1210513057396487,1.0037569210312047,1.3719901745991794,0.3846502046300109,0.2929817129542186,0.31559478055527534,0.3228636483924884,0.2668518879559543,0.15372816622015884,0.20336674257487594,0.41057762903134637,0.33044504057336255,2.9024858453375293,4.397339903614624,0.9037504564087764,11.414368271011671,17.83112652706103,19.210422368970423,18.971279170484774,20.81498265814878,4.828952032811976,15.981611027118525,59.98312746677574,60.98308903022418,3.0782853073724468,7.760863044758746,17.71228285280128,47.17916343829265,192.7491834883858,68.93210846586744,50.998690837469695,38.75368225954911,55.490038316582904,243.22705496545058,151.16687923370586,12.965927198648057,0.9237328133760252,0.2259752781766598,0.05955550900944899,0.008478016657736943,0.018609080930485803,0.006857707155210903,0.0037049052931233542,0.009122639944357273,0.06986776257332891,0.3575969723284889
0.6323529411764706,0.2245649007936391,0.24461720728143665,0.19829783057617648,0.25972355063323005,0.08562595398458832,0.16510990885225282,0.45141726044162545,0.15862399521742904,0.1295749042653733,0.30069102411826065,0.15160119241841924,0.6852793248792923,8.486549795146539,7.283238370737845,5.734417980453094,24.53657893048304,48.110721952104655,56.07605232614102,100.19710096119195,78.29125398185249,32.216644762210755,18.1938589874282,5.514945551264205,12.124421029277201,8.326464698056027,6.8203430480113285,9.489722383443354,1.032548814423575,13.036851398496834,1.3656709678612875,1.8765232924126098,7.757205836671432,18.808307813363417,10.719029041686106,4.223220625597692,1.9686957792971167,0.4375590102920883,0.030685827648146244,0.06620608813927242,0.018314505222536782,0.003997321027126788,0.0018812351516813341,0.001331724687182672,0.006761697722648762,0.05208952771673629,2.0418725674857185
0.6470588235294118,0.1612443128360058,0.13150777570799108,0.20642651030744552,0.2717302245555477,0.057284329760622525,0.2066010749595946,0.7262847289162015,0.33350834628554765,0.19166175767281166,0.26455068826655537,0.4073882529662701,0.2899960944709903,0.989476309718226,5.531656193019942,3.706955521070661,0.3281419255326551,0.9577743788381481,19.462318863880405,6.394553561463544,11.029976896875372,12.04729834088442,8.399886963237991,83.73246449527997,87.73533050835341,52.72837108289731,14.511085609129971,7.765075942425904,13.734939416312617,31.34330235050857,8.010373032943258,10.453910413397328,7.996297982688867,8.440917857315478,10.146515308397454,4.68005567069937,0.46405576229369416,0.05756472767663543,0.09871083541565775,0.06841994885858009,0.03383491304454745,0.013635714837990896,0.004418007196980141,0.005436320355693973,0.013797238834996148,0.0820917426045825,0.1738403755938892
0.6617647058823529,0.07555950071700829,0.041970338083882924,0.03484606366980941,0.02673630138206111,0.05292137472523538,0.275386188038287,0.4019335316887782,0.15177003429010844,0.2811365541770252,0.1890339772906414,0.6737669228561923,1.8314007979703744,6.340589120288805,10.856447512252098,11.380908376241361,25.49882401849684,23.504548537830647,33.559226076676666,49.91317611699465,17.527159870051975,11.326994929751123,69.32280668067517,122.7047663419443,129.6981959084149,22.626035543914416,9.340872462865452,2.429837197952828,5.1313157061456,3.8021567942322543,0.9866774296678017,0.6983184828438336,0.6269837450870424,1.298617888403939,1.1878579064495098,0.7989833170471001,0.45497212698396505,0.2130598101217295,0.031011970328623066,0.011390367865438034,0.0017717232153399527,0.00730433752773588,0.005222687838004485,0.0017777274235380106,0.003129357537671844,0.13725420134051658,1.5952440886774175
0.6764705882352942,0.04072979032109915,0.025353843722093473,0.017642213146563057,0.028969382415149472,0.025844858906437056,0.03365624765934344,0.08852772644514156,0.07643349705454491,0.05056444942172435,0.4187948735883493,1.5798285010198847,1.0973180783882928,0.6798606360250323,7.4111361964572335,35.63601500996971,21.802319776409924,1.6365130940387713,5.337558986301223,12.815212186859384,9.316766831048675,23.0087135562806,16.444772421555758,6.087399549497872,11.439013686107138,3.3983572828053505,1.0676929546066218,4.62692519526999,3.0978710868455104,0.9762828187272515,0.747119941098807,0.3322055808242267,0.8803126529833891,0.5480999215358598,1.5672079117379938,0.16949178055505193,0.06281224461968042,0.012153240724686341,0.005051496357675447,0.005331382564112809,0.002757145505561852,0.0010221963009022696,0.0016774441333645327,0.0002654263332191153,0.012583729502274332,0.004849487349462556,0.29826651412586613
0.6911764705882353,0.058656673124497224,0.030155261523134514,0.016462408445079256,0.013732646841175295,0.010575206772883743,0.012044384510386452,0.055317798261380835,0.06761217217832402,0.016010778194596217,0.01749320232878441,0.42882716945470145,1.263996990631174,0.604011145021669,0.635958483491181,17.606915597384024,36.7806397849635,14.202488690578981,5.699859975075361,3.0166297449455985,1.8313962543778546,0.3111844921328542,1.580351153056574,2.0880548651612436,0.3507893683890937,1.3386525503752544,2.6329688214767457,1.329543749138673,0.1865336681117238,4.746857134370215,1.5070683316504254,0.20434959538538874,0.40788077702880765,0.8021025510660812,0.9724311825828674,0.7196627275920471,0.04894056880091064,0.0010586044598786023,0.007683963028014004,0.004184161244373047,0.002715262287024448,0.001532862251151311,0.0015323455441586383,0.0035410691602494027,0.0027665285704536,0.4041703831526632,3.451773843488739
0.7058823529411764,0.06092918388289256,0.09592553878858816,0.04624093923264657,0.018860927199148045,0.03492005594756269,0.04822689780308862,0.02084169405491461,0.011004083509634496,0.01591348280998767,0.11933313233151391,0.8699268320769231,0.5105737875892516,1.2192251393174764,10.246829002013982,5.904101166275157,5.4098152616885535,3.7171704982522993,8.920551063595875,6.961047809960107,1.7780018495107304,0.26280228274413403,0.3043281551344859,0.470029019905977,1.6303096615103536,2.3105479686364205,3.559721309586788,4.9619513359959555,1.5382026290005797,0.8547090915984855,0.5382336550300288,0.4267080225528299,0.34934736952358464,1.2641777425110554,0.6314018944152089,0.02662221979195047,0.012709130492517562,0.003199135825347756,0.003031530209709135,0.002672973598608688,0.008493243286652855,0.008548027447558504,0.008387635185224087,0.014977658880035764,0.01109443947373194,0.3097621755404968,2.8659356198159704
0.7205882352941176,0.1168516689813957,0.08441414832238196,0.01986147117592488,0.003767361652168689,0.002361491268768449,0.005930113952815918,0.006341472217798722,0.004928484704048302,0.01745687864447606,0.0336225971650709,0.2289595834565669,0.481840376183023,1.514071211963536,4.6124612834578205,8.461329946992013,13.0520670452573,19.104221301657486,41.69261502049632,30.205690537853492,5.186266618519308,1.1432161354724886,0.6903106296354296,0.4363763937444705,0.14778044942061713,0.3899949723152974,0.41127419267056026,0.09463771900216181,0.08772174792918626,0.15665878454039886,0.23133891705643927,0.9576190570526513,1.7974939030819603,0.46481801101335973,0.3251541761214497,0.18810582944090637,0.02132169427250602,0.014300622206927854,0.006873154660514509,0.001600803376859705,0.0033589487428351272,0.003289840236539251,0.004714576434123537,0.006426138754932916,0.002032294858805501,0.29335421354905183,2.8060750726575483
0.7352941176470588,0.0663048634959228,0.04181682299117835,0.024585522449207295,0.01184850816511122,0.010690295944404102,0.008143972297413513,0.02288411553128597,0.004664993484945702,0.0066520505378639926,0.023281649051533272,0.0480021090991955,0.14829194706449123,0.7956708961736643,0.8400629351389484,2.123333553827629,0.6782455183217682,5.775994872729912,35.59016057540129,5.1998147377338775,2.011891882269963,1.31442081938739,1.2035011007512089,0.9076059690986624,1.5900736677228693,1.3776196196911772,0.7102537631313288,0.20878707566630889,0.0036948702861276375,0.15511560885347928,0.41702520070769233,1.3745773408169595,0.5936352308839052,0.07554065731517828,0.04974717607946297,0.06725608918598842,0.015269458542453358,0.0014092696319104002,0.0026097255388861226,0.002086546886939947,0.00211571057067605,0.0019360150424993306,0.00157562684538771,0.001692720873813287,0.01528695854861428,0.08740361474459143,1.198258232372782
0.75,0.04312681036220224,0.0075481125895806925,0.04500711911883197,0.023360356927113635,0.007344061631179439,0.0057829159165286624,0.015607317764563342,0.01515448682115704,0.011630782698948254,0.04163241316426377,0.014858484761828817,0.3148383897548377,0.12732421768652258,0.15672563832739872,3.1281161177386,2.259523653038621,69.50531816559314,308.3767111969191,124.98630776345628,14.797460081085774,1.563519138785768,0.8115499478947517,0.5699689803260221,0.49363683081901866,1.7332001698672745,0.8043709044045764,0.11314576920094054,0.021148117813805822,0.04665898716033598,0.07123822244049796,0.09575736708448596,0.158709791050901,0.012476820942771052,0.015642219756447227,0.014869132387417786,0.0048682855250097735,0.00238984110831561,0.002461768784646239,0.003652247827457535,0.003313842477862031,0.002955122436513578,0.0036019163625902553,0.0030045138252889087,0.0037650645801455976,0.047690818102460134,0.6747671784402021
0.7647058823529411,0.10338753735422704,0.04482919119045828,0.012298545761983193,0.012231479034817347,0.015886728559300074,0.016276226032822784,0.008581244667510271,0.007568308744264845,0.008325429705996635,0.022960990328501147,0.013404192786268435,0.09167489218221815,0.7090001275796687,1.271455669790668,1.8838810171731388,9.921756927916022,26.455939526020337,631.4528487310558,874.791882878585,77.75484121861422,0.12967289526379988,0.6711521317114286,0.43658618986309883,1.829272222835971,0.45882401354944063,2.1832062602399764,0.5404420507800353,0.06471066322609856,0.07652235340618964,0.17379928270574874,0.5543694430916561,0.24443582014102933,0.01908238103518496,0.01859992472851705,0.017210625284645,0.010681630236342375,0.006755090829108579,0.0016728964390802742,0.001268244389153514,0.00519267989552297,0.004803780599641252,0.0022097837064724516,0.0037521564136064173,0.012156623260532295,0.061789706941613114,0.2813668765043314
0.7794117647058825,0.06377959550508346,0.024429953202894726,0.013970731848197505,0.015191614579878072,0.007319494490721005,0.01062209749526075,0.007909611594288622,0.004624519798645823,0.0029910022947186644,0.010235012697946607,0.03365157124897235,0.00958630908781831,0.24453155525666037,0.23072800237712185,0.5819446892775642,3.1013588000899492,0.13413520696649647,477.656149710101,1904.8064839593753,712.8096652717081,55.894344003348536,5.092940386968648,1.8503051283987872,3.00723490606474,3.1485635799926364,0.569541629016222,0.198243281779297,0.0565262010815568,0.12238304836413991,0.13361379616320357,0.04049843213380557,0.011210945899125033,0.006857194222918283,0.004909155651330179,0.005583147723191145,0.0053353257333588755,0.0029481286027450565,0.003465712060039884,0.004329823348915006,0.00208842810960527,0.010725937074778605,0.01703417615344721,0.010725648976839097,0.011544340815487004,0.03243297744981068,1.038874200377685
0.7941176470588236,0.07614471846437666,0.03415837799978404,0.01621211295367639,0.004677135088604541,0.005357683246201081,0.003140863704786767,0.008119553705643138,0.012091808786350366,0.007688060211537946,0.009116222209537828,0.016242675957483223,0.030156822161518916,0.5091042209985491,3.9977510240296703,3.6909944423611085,1.797613281501174,48.08215774568717,309.54685790907746,3019.342015653003,870.8959516225634,56.48223718300945,5.421219419163865,1.1395626240461585,3.461106337067937,1.5622112393012753,2.2632677180931813,4.035440799316122,1.8970215964674706,0.4483969612470212,0.1596631753206878,0.0529079870406087,0.0009375222344298055,0.002755761046970296,0.0030234613026959415,0.005526891200974287,0.003222315736959718,0.0003181372478274671,0.001271560365652018,0.002424415590988868,0.009717918504037866,0.07413853978931337,0.025560046585755357,0.010501462215652586,0.0034468551633857446,0.05165710944945079,0.6228427433981553
0.8088235294117647,0.04981817382635691,0.023339206476085114,0.01077207640979266,0.006186515140960655,0.0053964965918042555,0.0052640208964039245,0.005644103201372101,0.004141375199558314,0.007930190360636465,0.020781612928804698,0.06899579620751252,0.184699617433495,0.8052252423211457,0.849662489994413,4.63188709626044,22.007705812574144,45.69585190732536,525.6277849111918,4558.035033684832,12315.296172176324,9336.175015494251,2505.44088809601,525.3409916369931,75.4482781343414,9.946682967204506,3.7093314010393383,3.1164042657841375,1.1880636908931046,0.1278139754746963,0.05443043721345452,0.0015351861703113662,0.0033680152735836824,0.0029751091277226104,0.001824946772226452,0.0034217920486464353,0.0016314949182233813,0.0024242385657029736,0.004162505417814322,0.006039066970029429,0.006983352326127905,0.060454058055555746,0.06437253644635725,0.10261696445105528,0.05963310571464005,0.13686758678912708,0.7855313951953682
0.823529411764706,0.021245279658346324,0.12198601626590044,0.06809408080807257,0.019191781703286066,0.005431673181152614,0.0015364678772421493,0.003179227123144969,0.007568619409558998,0.011274386507641301,0.03544201411513642,0.053304638267688595,0.3064153339504063,0.2185151277322239,0.27093878995334586,6.788166539680974,29.994710253917454,12.181219253508694,72.91732725198311,214.14703868787524,77.9809098934178,686.3990237859708,3650.4526180417824,9934.171329864817,8639.807576353778,2761.629574227769,715.6720514968431,95.8256062657953,13.689588677712056,13.799037164521437,0.1385784715948719,0.06565477076916551,0.049920975377644165,0.013284852281853356,0.0051802583211769445,0.005235314871533985,0.002829685419547018,0.006227174319053645,0.002500568423245864,0.003687174154645213,0.0017865070596399246,0.00203083508701104,0.004447223347425949,0.033848979791332584,0.06665618097014367,0.26790646967184717,1.2153945370782813
0.8382352941176471,1.1747544343778236,0.16888317188372104,0.02286665362772769,0.027074916384654688,0.029770366749470343,0.02380052300314087,0.028116590313512317,0.045832619179363696,0.06365953476038246,0.005658607990566993,0.04335299466817664,0.043627736959584724,0.32086899759648563,1.8664809562344393,1.495947074077761,6.0483144023971285,5.162606590589834,6.839115410244622,113.56560821952533,1065.7718923752468,1588.761702943536,1465.9470319683526,3563.459500850689,2292.3737885438322,3127.1716904730083,3834.70547246163,1997.1125007485016,636.1140804663304,17.219518570421453,1.7111233331538434,1.5636082271194218,0.278915075455238,0.34406495540896415,0.9487863135312532,1.066443604242214,0.7231803856180539,0.19553018272261766,0.015110887185656991,0.02663459940297562,0.02025319946642767,0.006120574913290664,0.018699045672326567,0.028633998406674056,0.09729770670815814,1.0626900418303689,0.7319277945179353
0.8529411764705882,0.7489611542350817,0.6986016026693349,0.8278748557336008,0.537027277632494,0.34474780368615676,0.13396471737839144,0.24253330992311667,0.05905649372830254,0.07859770394176155,0.19457622223106086,0.08862104149303111,0.5498582545404751,0.9217550012660064,1.035469684388462,1.5122753045660686,1.529970944241522,2.8358720815815484,1.7296910998384307,3.2992209677514843,22.335773703132524,139.48650363525874,1242.051957362798,2929.370594060627,1638.4303712780002,4198.880946480339,9045.701279096731,10669.415842853068,6321.337300909718,2489.7852134143927,1109.5932158144783,591.7606266475801,148.96567116831312,26.00469211686188,6.034740124638957,1.5307918498977777,1.9584593920127804,0.9424247055611712,0.2014094164372435,0.16656574680312086,0.023799144594393792,0.027709306789999635,0.010157742311043919,0.009675256035780955,0.01310815951179396,1.4549716000610657,3.078094254534224
0.8676470588235293,12.048955157169972,19.449048810156466,12.242182227650416,1.315218918969873,1.1997779477814876,1.236101000315644,2.135671510538038,0.6179046684347876,2.056287266788505,2.342675235602756,1.6020638496033277,0.9040274331698221,0.36345074485907425,2.0088439788969468,3.37977533672953,4.361300146212821,2.3114720241079523,2.8964766966536324,7.045725570663141,4.2140884838341535,99.81563654648926,330.0915621297539,363.5917659922343,249.94727188374918,77.47341935805377,879.437597754672,217.01174615014128,180.7539765670541,10578.185733958255,10381.270548509703,8993.154955798076,2604.8467853185994,1282.0541810284985,189.3605967207105,54.44836630173374,9.933852600279222,1.4531306162150734,0.9158258444930785,0.3118197599765949,0.14662010779141815,0.0943577652753693,0.03790286476599347,0.020722254462306924,0.028929694482037225,0.7131863041025336,1.1022025017669086
0.8823529411764706,11.42321480594522,6.348587057638149,1.2023129621231172,0.5653486061977163,1.0447050461081224,1.3925231108995348,2.2050168027900363,1.2441269877686028,2.2452558434488723,1.8827955033151322,1.9857264990848833,0.7889383019764387,0.7239923002411772,2.635915927001635,1.7741288436669964,0.40865448127979004,0.7791414887772539,3.5673719054988027,20.58349288268822,25.820315524777754,4.473117998422941,38.35167326018951,103.64091921283443,21.15557284454684,32.30392916856453,38.92745243950659,557.9581445208378,2402.175314849117,1987.1848358560078,989.4162390079393,1028.0152407539108,2646.6761409309765,2303.8173824041205,1296.1991373199971,382.20628558472566,15.338987332400523,3.734952599614445,0.9072262975242251,0.7324231064276725,0.28607601400299265,0.09106684942893781,0.09735254099990799,0.03695600179662674,0.051875017007236054,0.07828579636559697,0.29200256081117426
0.8970588235294117,3.2509779201792073,2.8378472553495713,1.4173671793292557,0.5956552822916323,1.0278266560393274,1.1086541491266244,3.547671514891114,0.5628536106422772,0.9565054527636141,1.4331265569666611,0.479638286550716,0.5558007621825118,0.34446792335945375,1.2254466239889563,1.2990825989397337,2.739972657887843,3.3806547899089203,1.0839574211420988,1.4265143690212745,7.188115999699097,13.922908356804385,25.975877251343025,18.191237316903187,10.637608652690322,12.091628525512117,52.681440560058746,177.32583293866952,439.71968651043755,1190.3624271035387,254.06076519909755,388.9226310874218,60.68374177650925,524.4671777181998,481.5924071799182,33.7966305382305,96.0949167779854,3.004471963015245,1.1122569505881414,0.17907389747973634,0.06319042521195116,0.046220000442138566,0.05253139013483598,0.021351451967578747,0.051065055988944605,0.061924426071238325,0.4908702238237035
0.9117647058823528,2.1041840619042715,0.5931914643946953,0.8195521308053,0.33365548458708116,0.14289796886188383,0.36713191452787564,0.9222200427979806,0.38199412488642004,0.15221686657396655,0.5175599583459748,0.33815134938294394,0.622761759791746,2.4984992154392853,1.8546120479260688,0.6842591081034288,1.3562187950997227,0.8930526780309317,0.3576183361606705,2.836654558715729,6.871131639101067,1.8018331476530873,5.191166971449799,70.98381869463104,191.75232080836693,276.14303181299465,178.8722924626264,71.53867913383078,89.13653898393223,239.63204448200608,87.77749207853456,99.78234897568515,68.47744860745206,266.24355602266866,889.1780397741692,859.158350046097,119.63708160853868,4.752380718489803,2.137347457981542,0.24319799104021855,0.12334210847354958,0.05122336635476085,0.01841884660796559,0.016360459012275237,0.01879141559941119,0.2785166267831212,0.08156608390802011
0.9264705882352942,0.3579922679513281,0.3613373955183062,0.27694488030994446,0.17192477762046016,0.5342620881170987,0.7018350472461012,0.44073537733819945,0.4193823093689776,0.1554343652009179,0.3272898930265646,0.2714591245923584,0.6126939624494755,0.5083132356207472,1.0531602554138226,0.4794335661162617,0.48136374374388713,0.3346302441950932,1.0331675487285312,1.977485019498548,23.77342864065173,41.18946715371723,73.33747898998158,118.81537641458783,94.28812631265123,49.78951022049096,53.124235709234725,23.29436474689056,7.509414159404434,8.369250471125973,7.732690161724541,10.703415052891028,18.366645957216427,7.294053437584786,30.720098200337574,27.610753940671287,107.71565250830137,29.618695086067262,0.2652982205396584,0.03599180628518164,0.0021321869969619313,0.006798997189505714,0.005287543323742879,0.004437396264639134,0.03430414469663486,0.5767686733734966,1.4340231936361867
0.9411764705882353,0.5611500073584385,0.2831858347591234,0.20475241908195266,0.08512835776185995,0.07959567631731801,0.12624644989495337,0.4381875796350801,0.23428984254594437,0.21784493862748794,0.0868246157402704,0.17898374718090843,0.6571500918829462,3.003731669037209,3.3892634443819123,1.2218492717314415,1.6678256755711955,3.148665958654438,0.18336918624509851,3.7673796240779898,10.629064872546842,12.458701763974041,2.356832359896101,7.4012280978714795,2.637305364055206,5.749886686474143,1.7825842092534867,15.529301726080588,34.57151343829803,13.675717826063472,14.951272361699374,26.486814134332377,13.562962246548691,10.59528065866281,32.84575452970938,24.437332908831255,10.901812134012756,7.352977952334756,0.9011595421704942,0.03512665083078227,0.005272749750840338,0.00848290030512444,0.005750811488045749,0.006079245030451926,0.02691501063675385,0.18482395528461984,1.0817878285525588
0.9558823529411764,0.4493899350022159,0.24704371426962968,0.14162625578815993,0.0484873190926085,0.026436020227916572,0.06909292224766864,0.11668156341976604,0.2517253114606349,0.14281423990149894,0.1521860838067422,0.3124375408084106,2.0635845025126134,4.107045251473154,2.114165634491765,4.323559053119213,6.025666087336782,0.9370672995815317,0.164422675873725,0.6874932136252295,1.9166435456545838,13.935510569699455,18.64657123555164,2.4798373351775247,0.7937317225219019,7.078519482313575,9.341106414973225,8.068523409086842,6.513389475449686,16.106559284288387,10.066666952748538,3.3641388990427963,9.186351564554155,3.573495740237942,8.651522494558293,9.946031523645734,7.072122022397457,1.5730356898421394,0.029573135202177466,0.0045091334532338136,0.005197422029954735,0.004713947550273019,0.003935902996455392,0.002855947418539153,0.003352789665775475,0.1312098675429922,0.8394258109465644
0.9705882352941178,0.09716235663128132,0.0627111425022398,0.049202800687043656,0.061759814738051894,0.03296329372944519,0.03117162364553688,0.0773558713550528,0.04806125797370634,0.07475454619994398,0.058419389794779286,0.1644068090741329,0.9533667470085198,1.985380851558474,3.5525201801067454,17.592685885719547,14.161621107345763,6.543796236657967,8.028519078230271,3.462316804895473,1.220523882462977,2.9924400129537636,6.541632177095775,3.1301313317353117,0.5052389669538301,5.493692298698875,2.879997480424527,6.400400349624254,10.973296208866895,9.046518281831366,5.679817085143544,3.31676003442469,0.289181437451749,1.4338647134830007,2.1881133099561807,2.4048231330639576,1.3569113298636386,0.22437747720682882,0.10570636576407888,0.0040864601803947374,0.002595787502923941,0.0032950638882840826,0.003657487250292111,0.0021458200217579033,0.004505870560119403,0.047827554482206894,0.01173696867560212
0.9852941176470589,0.006879812264655173,0.024736810697707036,0.016142444528235402,0.01074052194004008,0.008490493877178512,0.0170493031372348,0.06538974341140504,0.0226900159458054,0.052741196730513196,0.05689108205915804,0.15557776088126188,1.0011715986323486,8.86328885432007,2.936302759353973,0.7815830708508218,2.144873749275466,1.3862477662053272,1.7899470663143484,3.1932006191875852,0.39453862557930386,15.522433604359671,24.888579535152765,8.057012315589247,2.1763777000117486,1.4443679121450699,1.812165872481083,9.640517611503707,5.905848087400818,12.244891475271487,15.810077598150617,2.369471779634549,0.1521817263240757,0.4260361931797611,0.5944593034822121,0.44614443227430217,0.11078942347819107,0.01633484391177179,0.02903429492393987,0.0050128596428031386,0.002294763011142796,0.004457640822016954,0.0037579436161897534,0.002264929974804651,0.010247110432448034,0.08304456287178257,0.27512563467174406
1.0,0.08602705576899741,0.05615887671842722,0.055795390567199676,0.0281683161918812,0.014287153195006168,0.0062563663242394185,0.02022243361632439,0.009076274330522258,0.013214377176726206,0.01461989642245914,0.04012970539371064,0.7240373123470151,4.034380350923012,8.685642274022051,7.935776505324224,2.2998410828775087,0.13941317298562694,0.5916021184903479,0.9845445861688142,0.7800071888665179,3.2660634986722625,1.8184550064815024,1.931362840292076,3.138841886735518,5.397940298733188,8.168737498285784,1.8901111249874982,1.4186585079655047,4.835702371162714,0.2968977887810985,0.6492883043054278,0.6401049879790592,0.8581845631114337,0.7564251975349009,0.26764175380392347,0.035663584302899135,0.010011815828448713,0.0028562249312091594,0.0010925847341685742,0.00090212508405085,0.0017815960621999857,0.0017939141778955487,0.0032976796361595317,0.009560706677715173,0.02852957024273644,0.040669434034473644
1.0147058823529411,0.030897754726379432,0.01688866545721765,0.015043081840126217,0.005479467615196522,0.0024985987176331117,0.006805820063918659,0.01650676629058312,0.009131745189548242,0.014097618298086341,0.017652784028074815,0.046301840551335835,0.20146189782970644,0.3773979112847885,1.0454189121156272,2.0455973261476066,1.0260513297164189,0.6381219766534911,1.070378515639134,2.19939119256449,0.9617001120515369,1.9875480553833107,1.724125290826691,0.4439612819306428,0.09922355535723501,0.7799872152409519,1.1367492201808216,0.722937774975358,2.2963834413866886,5.450858438338069,0.24588903920637478,0.10572702471905764,0.16326326228286012,0.23470122920914058,0.45421054024918567,0.3041139234037117,0.17422527504655744,0.020019051218362997,0.0035162074282496835,0.00022523391208863303,0.0027134187778433015,0.00202137987626743,0.0006481898627786893,0.0025652924152523987,0.0032386636155939726,0.08675128651401073,0.7233283385341928
1.0294117647058822,0.02305682520911899,0.04767102210761132,0.029322461399840804,0.008007467501385734,0.009270065449906224,0.015450659209016096,0.012537188624091386,0.00612966543258622,0.006449743526716732,0.013203298314175865,0.015220231706291196,0.23037729813319627,0.994085344071747,1.5256665152009217,2.5400508134520066,5.268801199540256,9.220330814489063,5.197683219920508,0.9897399364404803,2.8257053247971617,4.860702686226489,11.848135073063437,17.626949382963467,5.116764839664049,0.11326746958763073,0.25025874845864343,0.19752627335032927,2.125845200992818,1.2065173165168164,0.465642184848188,0.08920695683662522,0.05267549840613842,0.06773203380293549,0.13330595801828413,0.06086712092791065,0.011189338225773783,0.004258812727246167,0.0035813929527501545,0.002909546737597047,0.0037007151038335505,0.002743478034971756,0.002104202445289408,0.0036048015517841877,0.006136536280148201,0.10347557800228722,2.045055637652
1.0441176470588234,0.031177986023511267,0.01382745806503324,0.00909802889086574,0.004317833647517106,0.003299881970545376,0.001117946647557459,0.003628835774380333,0.008229386510042607,0.008929750499962296,0.01737202783675643,0.11949715748542303,0.4218790091256449,0.3673341913525424,1.526267443120494,1.0500206798798497,4.338113062904046,5.533235229006814,1.2700111016296254,2.994928910682849,8.780394183533723,46.15886611627626,106.20972623849305,80.99522834096453,63.97060121327817,63.55692460135437,6.636238641378928,2.468602821447634,0.4032550312386375,0.43387292925837384,0.6728129252728646,0.44562809373166634,0.09790192123943917,0.039569386722727015,0.10589650234141318,0.04093745854123503,0.010387210320236807,0.0025882194002467096,0.0008570364951612252,0.0011012023791189297,0.001453353304294968,0.0025897321116342756,0.0022278656317223406,0.002238496071866312,0.007581694502734285,0.04912695035943816,0.25573244203566636
1.0588235294117645,0.060915046529587416,0.031473138184944814,0.019577139333866758,0.0067517925733632436,0.002615884026949071,0.0039476510788514045,0.006321366964302173,0.005474364278974091,0.01418893412390586,0.026483265022565098,0.00783071203391439,0.04276058494265607,0.6289525160873521,0.70946835430637,0.44392199367409046,1.372755448914928,0.42323834803203286,1.6049231398612256,3.9208176481400745,18.565242044966848,39.58414696854007,95.88434105687132,273.21602212370686,37.31089845645175,153.2314397779031,283.5279636623617,61.449735382843556,3.8251013042474575,0.403610632316755,0.3664132384325991,0.15027105992071,0.016619536333955322,0.07188051511517154,0.19684147092584986,0.1207097449564702,0.04771759770448918,0.007651959572343211,0.0005891587348440388,0.0005716913909898767,0.000771228384787043,0.002239771604742505,0.0033300489237973767,0.001073154437740915,0.0020828824608281984,0.041508897035191915,0.9284714098730273
1.0735294117647058,0.026980401779763984,0.013645991142279134,0.0046181383562743615,0.00896440818127901,0.007102788650029206,0.01879014129927867,0.04461527064596087,0.008504261113680371,0.008024999060751095,0.01941724315718795,0.05061108554319185,0.0920735851648595,0.15295105046775775,1.432379723284487,1.1365020314555034,2.4845209736004596,4.7313139398787385,2.192441775400564,6.533822886012297,13.829699735982953,125.1539080326635,335.5630988514887,183.83825132890308,100.04951580366588,47.539566336430205,200.96206661428187,348.01356171643,95.36328157594262,9.492331717238226,0.09449073394602436,0.0813261574278533,0.03827853326988284,0.02427646768096449,0.03288832572533677,0.023515205516319977,0.022933829192117436,0.007780649263687304,0.002866579535828727,0.0014577591699993582,0.0035606012628069516,0.004070697459494187,0.0016681953097909376,0.002498908579086136,0.005092869889270353,0.05369914792028459,1.243152990690312
1.088235294117647,0.05791763807607821,0.04085551515825847,0.02559236748271691,0.016388980982715275,0.011753438588246418,0.005696415713401036,0.03251783212479513,0.013497172669963909,0.01180732163808031,0.042766085893579595,0.025202162231205603,0.02421829837880494,0.3439888467114299,0.640430915668108,0.25228797129540315,1.0090458862262366,0.34885241767751984,4.418622818206624,28.85874190387689,49.50022162616892,50.52818899480051,4.140605696251093,34.84618870642929,71.98193136162365,115.95308738387195,55.93321766391954,34.937831939750346,122.12124378555947,122.81962857175266,3.697688706988137,0.15399756951309213,0.01117038632970959,0.04239229644696901,0.03170138607146218,0.030934958721790837,0.01891160138851586,0.0014584204094953467,0.0006584062397218188,0.0018910467201017894,0.005064153355579225,0.002253405543285871,0.002408086804098805,0.003198842553518054,0.0036072612603330247,0.010340451294002946,0.7909603720057894
1.102941176470588,0.03753061169129866,0.018011307327478056,0.022078919185440436,0.007867817337253686,0.01041048201265375,0.02733600085624049,0.02656673659257583,0.0037492061807411496,0.010844204331552471,0.010463263829950118,0.006086438947032135,0.015300164417332233,0.16899649361137856,0.30014875491475473,0.15279277486450749,1.2919281414804766,2.1517286009031387,14.450037227553548,39.9781589636911,61.96839411513895,31.455284948255226,36.66841247119213,191.26936034539924,127.00488769797167,13.341306927498444,4.221648357283923,25.266142331481614,0.9451566034170189,15.266688529262018,4.899709182357478,0.38519028804455335,0.04342148495454472,0.0425687118079245,0.02431832659530169,0.011413270245878286,0.005109017369030919,0.0027859362631414654,0.002581707201063042,0.0027732664605896423,0.0030749412990689904,0.004766046578118056,0.0034876494764963495,0.0052747828367540155,0.008375803522762544,0.04053070442085361,0.5781853687168502
1.1176470588235294,0.051604248453896245,0.04718598899513252,0.02889092748110316,0.017271579636080614,0.020141818380458268,0.01723044110403929,0.020775353461294478,0.00979884055058589,0.014343973366104754,0.030231733504105476,0.01474803326146244,0.15585169594600431,0.07229655436082832,0.46907938383203124,2.680737637389993,4.1941910391109705,0.8028921239596638,3.5726044671750072,0.26955462535131863,4.656788082733897,21.00291411494674,26.723537256140435,73.22798823942722,82.75701551058005,46.56208256159936,150.66887735639355,156.78959840583343,79.81320090212402,30.078499900498315,0.3149921159571339,0.07998540118849783,0.10384206704680311,0.06936348248910049,0.03817904462297468,0.003162296804801611,0.0032883419641740823,0.004290895017958407,0.0065856893177180355,0.006552058246493957,0.008060215773263227,0.0021456305968698356,0.007384554445252208,0.0036090543413309106,0.003575315152222082,0.04227645651991756,1.4890436916894108
1.1323529411764706,0.012116616140655023,0.018911751739187223,0.03601530327817438,0.022871017718062173,0.002103179330523692,0.003672047608408739,0.03618685246094759,0.008359336546573781,0.002401967055339957,0.010848973181472193,0.033294273675535,0.21155544947657692,0.11544233805262266,0.1536391212563614,1.312348898209498,5.210676665320891,2.0566009989574945,1.6062987903361314,12.338803013484334,20.15579729843163,28.804805112185306,6.298902648394662,71.91375569864849,118.80761359900589,43.231428444368014,107.02763472121309,276.47649092751567,315.4233703613568,261.0647849928301,1.2866688720197041,0.4313109977458121,0.023885234295264048,0.19510797797313262,0.04842152275653056,0.012115391811977752,0.021178730413576378,0.006392531465326615,0.004607937422680861,0.016650017721070248,0.022003507320037564,0.007021773278553836,0.010024592745154097,0.0023388475717438305,0.010129420836717456,0.14814337228847843,0.569561281946058
1.1470588235294117,0.03757859660058221,0.01810664606415073,0.04895492224318355,0.03172973962054009,0.009635433779933079,0.005017963108637519,0.06213458557559286,0.05508650300237295,0.03789946964524162,0.04739229340517587,0.2757002651898272,0.4371636959747391,0.3698167343056718,0.26566456103206326,0.08953537722716351,0.6123249898069314,1.1933348147569762,0.7384986762570898,0.759045576427695,5.032302622146201,41.67036203007303,64.08288894895114,8.220411019164585,8.402262219101216,6.156117970311438,24.650690595892215,3.3637243337966383,37.90965617767503,341.50498081811054,95.33142653211755,7.8247872875698405,4.994926041379764,0.2898995904529731,0.08253236620455531,0.036263815852081785,0.001488162971274617,0.01906648734103348,0.006437326303219567,0.009050440976901976,0.003794971238496068,0.0017048928355230303,0.005158846332514526,0.011823306518171376,0.02671313608898568,0.024134535603437608,1.3517588801396385
1.161764705882353,0.07594336437638964,0.12234745460778648,0.024241614910925014,0.009526559581368877,0.01241398973900729,0.005806415558632655,0.06113017969837732,0.0412625316770172,0.01509923574675462,0.08670489452799537,0.4238443050256236,0.841132092801042,0.4949111488923846,2.0129419023664545,1.3790207726784849,0.48768759984707033,1.4703766646491343,1.250544872520932,0.7302118245311398,18.384978959326745,34.580265861620205,2.0684990598350312,1.8067865382313633,16.945240426240208,6.401984362630037,0.13955320221929915,15.421432309897792,10.018706526541926,111.2692181441454,57.29834768403394,18.828802465449957,35.999046578638904,8.830824886611863,1.0908639321536835,0.05659981380332241,0.023078390346251847,0.0897853467567674,0.053043385947415624,0.005329412202488023,0.0014114262335606818,0.0022792236647319252,0.0013117738152480553,0.0018601932089209751,0.02467094812224193,0.015410661441082895,2.1465118604825753
1.1764705882352942,0.0947191691032338,0.02447126010589909,0.026098012434082073,0.040349995607607964,0.020190098227951227,0.007645052460621035,0.07318024159643595,0.02163293145059055,0.033268939516822416,0.07082015133227981,0.27379423480639015,0.49178458018673665,0.7535673887256353,1.461359084199183,2.1944957683572186,0.30914486455253554,1.1047196688675802,2.953228039575821,0.6007244950003393,4.772606142492069,6.347207711746602,1.6322145577651388,1.5890372018637722,12.405029851115923,80.95915714455424,152.4663368328584,81.28627674440239,25.400070680272712,88.62518087046828,62.04018273773376,21.451123035960666,23.786548509166153,16.981959645373287,2.7022929916780054,0.06138069983874261,0.008086402931231949,0.00890601788805995,0.013066448391511332,0.008418629314904323,0.003057083828538365,0.001968511448278243,0.002772681684287526,0.003438455525477053,0.010865746910436172,0.1227139899014027,2.419507993933036
1.1911764705882353,0.05720732486089245,0.03818168992656602,0.010201218041093602,0.013084054805887152,0.01769846248220311,0.019389484047368823,0.07864258463062629,0.03824121796689626,0.043153395829260324,0.29908577712159445,0.5092685299511911,0.16732982948392952,0.5888172159081626,1.4991427552672008,0.4242018980407123,0.07946572567987706,0.9697608683797845,0.7092161736196058,0.13605117382839388,1.334953078693044,0.27096908690865684,0.7403269063282174,3.8847666864221106,34.961049089815624,60.876782025380756,11.916951903376962,9.312295828079055,20.30750141287296,53.39841059735268,16.858471317363065,31.38597111726307,8.61703202422039,0.7281850483438908,1.1421547526162472,0.35571817046575777,0.04241334658463924,0.031224470138562693,0.005399211241033108,0.007085381457503407,0.006831417893124506,0.004068057642544833,0.0010613265584169713,0.0017906749990713917,0.021044268343084184,0.5824625842023405,1.5954980757827608
1.2058823529411766,0.017614538272907532,0.05330910897455723,0.020870873681009622,0.03520673562131773,0.04958197828037057,0.020641655058209515,0.02121644746175734,0.015666918100797737,0.20038443278024268,0.3914745383770444,0.5407195001620001,0.6068161101492788,0.5718787939158874,0.47932837590147903,0.9641705280001208,0.8801442330167097,0.18335127939366166,0.4141921352822672,1.2825155840671045,1.605133214233089,1.2998872059272313,0.13991990511516167,12.632828400616924,34.27579949150259,23.813664835342966,4.606723224175398,3.867653925460842,1.1646994949530616,16.621093099942023,18.961309974637036,46.03106416927275,21.18787269594145,5.753427195031321,3.426758206610728,0.7454528640483333,0.06737178644832938,0.015643897505986656,0.0006641923539742396,0.0026525179258617367,0.0029423410344625936,0.0011879829423367203,0.000485938999573779,0.0013966826263867096,0.010407215426483504,0.01901351413242624,0.5134710284293617
1.2205882352941178,0.10943188832777646,0.06002536035852066,0.016105843347710258,0.013601542431280617,0.02410277558327456,0.01508714031967594,0.028661077906226844,0.01467978084638487,0.02124279016793556,0.16075583041076996,0.20446217013506435,0.2960893111930479,0.78325002244766,1.2164944431258415,0.3723831299636041,0.15889917324645098,0.05345681007413888,0.7193151989026949,1.5525187819928266,0.8921772110947804,0.3260878429237114,1.575686218766322,1.037098112669904,4.504878400718031,5.509867160130353,3.58784619693629,20.148527042147634,33.110458850666106,24.970913709084833,5.612240484895263,11.46633456980683,5.2092336095911485,0.5090066093917998,0.41637209682762283,0.12390341583399196,0.00939466871180832,0.017900462923278824,0.007789221444367234,0.002687932121105055,0.002645944874159308,0.002756205386867339,0.003397797542590752,0.00527274015427175,0.00848596166692431,0.07082912695178453,1.3983604215537964
1.2352941176470589,0.10944855140689003,0.12215757901465527,0.08236367387335264,0.029854070785292577,0.003923436491168903,0.006254487696729426,0.02030403955332453,0.026343941833453326,0.01965626703736871,0.051028030747383046,0.06216483329975001,0.16589501279704857,0.11411826126975802,0.279227391607464,1.061955754013146,1.8397248594591082,1.5251639670117412,0.5937816754689549,0.11703882898187062,0.016321240038519296,0.4456695411156878,2.211190138948548,3.4069952134347234,0.45656569791152124,2.009375413152736,7.345267253296413,2.9168858916199834,0.0781541620999684,3.835901789539162,4.912799395118833,1.8495157017202886,0.15358958994729338,0.2098832415726261,0.06842631810678843,0.038264344574918514,0.0060575595373382465,0.001578499212102846,0.0016581407675772815,0.003215350422113505,0.0011863460220139905,0.0015018599735589393,0.0014689363638634044,0.0032042256000796646,0.011566762827494508,0.024698362987782767,0.8903890989477177
1.25,0.04021542795921734,0.08611339351836306,0.047679689697331,0.020353561646482613,0.009689909160945916,0.003900518926574929,0.011640519706207633,0.012090169896993214,0.014856457538877148,0.025415938671265362,0.06802039872878074,0.2727769666744046,0.12768348512296604,0.5589446608835781,2.10344571218935,2.1510137310135593,1.2271569064266288,0.21957179428742973,0.19535284950246104,0.9763755641230915,0.8650845858171581,0.4615710520847063,2.201276030257689,0.7459185909809511,6.130515849068637,7.341385946945436,3.4433638131664344,0.7424342907452626,2.0080137190407,3.622666138982246,0.6308581205834145,0.14909179423805005,0.3312909885963785,0.09032264838914604,0.021807920740477913,0.007940634387909082,0.006454732590701902,0.0021275539853035782,0.004076130299650196,0.005288526205143092,0.0033120735515074634,0.0019183578241798085,0.001119724082330867,0.008300734718099721,0.09352724322847769,0.40809054577153514
1.2647058823529411,0.0506101565608917,0.053447492236400516,0.030003391367745328,0.025354715072366273,0.007052391438319536,0.0036118081678678665,0.014232171094080249,0.017506123161595038,0.018330917005269693,0.0708651162700738,0.2890530829599156,0.501632870476809,0.042992853446118695,0.6756514016478281,0.11561784457608854,0.627514173634277,0.4584119714390124,0.09691377113528139,0.21096983519547713,0.9725113699757468,9.980294675830617,13.605799962112192,3.3755055050674145,2.5758782403093656,0.2166892944041476,0.1319384840029481,0.25292477640216954,0.2268752845997603,3.2101447316331497,0.1518037007977326,0.024823626704110546,0.05501251176770521,0.1520534763107446,0.1563297214700804,0.11479275246072512,0.01995482245617456,0.0025969608679750193,0.0017609355678093151,0.0007066398747852341,0.0016033195184192218,0.0002769475907417105,0.0017399163939980093,0.002082356922203494,0.001143808558597287,0.05496916733910717,0.18116745051586303
1.2794117647058822,0.032105472162655725,0.01737164209853085,0.01521365121885229,0.011257145845375516,0.00427221182264456,0.008896721565793912,0.009003404087666788,0.010691958940343865,0.012346462978415268,0.025163732766571717,0.0183238843776243,0.019350973486917125,0.08415600153369585,0.5573082541375765,1.1682230750275102,0.7113400246517891,1.2513533039177873,0.35465719537565366,0.01378790317845058,0.01619183759171334,1.52919362507481,74.40333761376198,207.01624049718646,82.36184610038092,8.634506935706955,1.8858301997575198,1.3264924726251255,1.3038285541570171,4.410215099787332,0.1186655383985265,0.15002316475534505,0.023241498551327518,0.016151071595303428,0.02474217305449176,0.027883064772936582,0.010290037500408241,0.004127619684711089,0.0025090323390495398,0.0047416992019772555,0.002743958384546432,0.0013307513526049012,0.001233415985578505,0.0002146926077999796,0.0014560224463651935,0.09439413332950854,0.268390416536356
1.2941176470588236,0.046242093295790154,0.014975226664795404,0.0047528335801428415,0.009466961959789645,0.0038357034451978367,0.009968920860187752,0.011510146208298197,0.008850623822858157,0.002885889510040658,0.005254422736678747,0.03465268598237019,0.028349252270216698,0.07780349055559796,0.4341293666050554,0.3470682324375133,0.2460740985375862,0.17309447950534113,0.20440340505458165,0.5150250214716288,0.14863481557753955,7.553157840346093,38.31936872436118,29.930763120695342,70.28741513106058,45.23799752465254,1.207517709283744,5.088367034175127,3.9879315063373024,2.5669374495104647,0.3459221062420475,0.07802119935658809,0.033386790742845375,0.03291212643414139,0.008651437652666908,0.008557990922124104,0.004341206662247845,0.0027110358188884866,0.0007376744893992701,0.0019233898419316886,0.004274708622945426,0.00448975783939877,0.0029321337224430455,0.002546618791439067,0.011315584156718664,0.05161482268417305,1.4706783468623252
1.3088235294117647,0.08267569196564455,0.014639985588703695,0.008878213634846744,0.01251383784137703,0.0012509062156274946,0.0051142652669276065,0.01876435446096029,0.012190085629802045,0.019249988717312306,0.007214032616190337,0.02304676951842393,0.20794090148358602,0.48294504633438495,0.3798429828633933,0.4486528075783942,0.27680638432087606,0.16217597098087558,0.13615168211107176,0.48574398516824163,1.1613907469311016,1.7999096268907295,5.927906467138449,2.7710149260247467,3.1608283987795707,107.32275599507662,230.23747557247367,83.12228537088976,12.160195212788636,1.0000607718569783,0.19418555143544464,0.026001783616455706,0.0052687476523603,0.017721639049304124,0.0027245560061669232,0.028736503198846772,0.014962731556602764,0.0072968087117139015,0.001605660459810639,0.007426675649443962,0.0018426548249460824,0.00017563992741734998,0.0009054824886655707,0.0006944322535684553,0.002264431264930828,0.04519616869245584,0.06692076322764387
1.3235294117647058,0.01764918022596622,0.02515271508079619,0.006324668095604441,0.01359948121943777,0.014923803310066111,0.00598729030733958,0.010307675680701227,0.007660622475034758,0.0064963768404911765,0.006605681410964801,0.021630949910655742,0.12347014301905945,0.13099545018158743,0.3205624654423858,0.7078305408859702,0.7805119431025459,0.5660503043369092,0.09903777196454003,0.16664952832726332,0.10005136516214297,0.04902987700232298,5.279125695938841,9.713795903695608,29.996376399339873,109.41222951277427,20.563847175156248,64.04326462233755,101.96839487655147,22.130090988756837,0.08010023231602381,0.056707740028324106,0.010912503835652905,0.008127805314470632,0.09174044377679864,0.18756751171306196,0.06125800610150377,0.0068920053985382975,0.002121803339122986,0.0035713033790351206,0.002026306037731135,0.0013377898880494298,0.001251734586131932,0.0012209155142334951,0.006229066645427736,0.004128231164638551,0.06534225412792957
1.338235294117647,0.05360415812577225,0.009134230192769453,0.012618402194253484,0.016291389499451404,0.009330197672551924,0.006741790629943534,0.0121598047029098,0.006324595709745971,0.005878091979284346,0.02096393042296709,0.07325694842201978,0.16926724682364575,0.1536809551212191,0.9503153129475657,2.074551308007706,2.3273425601263837,1.2562849718180615,0.2749013088013268,0.22334763511547512,0.5994954676884212,0.11849601886611441,0.604568842340183,8.61822138991791,13.315066109472458,8.440265658849883,28.652622101159707,61.53287931260523,57.36723075179373,23.16483754972299,0.540912122875584,0.05386017228425978,0.005909632920587739,0.00312444428053187,0.004285734224313623,0.019102489993476822,0.004464735116131885,0.004920393340312494,0.001133994595932962,0.0005792701115618674,0.001116569778684429,0.0016009281739892695,0.0012638750005033138,0.0026990354097223505,0.0024640688470435714,0.04152045381972075,0.3075247079106329
1.3529411764705883,0.027003423422328546,0.009589839201629724,0.012410137463454806,0.016298251355714534,0.00654050095394871,0.005160566170558816,0.012712603729439357,0.002762339512579622,0.005673951188207494,0.01817010044582381,0.011231749423544003,0.07367529301737515,0.27991544867514906,0.20146715628968256,0.020375592522578468,0.5110735231273549,0.8618435530677061,0.3039374767728096,0.07636907018296327,0.13956142384478837,1.8495404751439972,4.820983089269863,2.9376281006295537,1.930904578301674,6.839266759334766,23.3741867652049,9.023241751713776,38.76492279381421,69.29659791208007,0.5848922537337087,0.037304248342881575,0.0013586239980153876,0.0035380512621602583,0.008332771787093907,0.013135760972373775,0.001967007828832604,0.0021874305102234535,0.0010466937809129836,0.0008718037821856543,0.0006323507811664849,0.0011825794672322759,0.0020823748375563915,0.0016498859126582147,0.0034118994597043093,0.007728380929756369,0.5931961015833587
1.3676470588235294,0.010106437614594281,0.04365592104572785,0.017502340980836646,0.001239652675912167,0.005216469432848838,0.00885331988229497,0.009078075977674464,0.006536025503373989,0.012559861527622253,0.006817793991965981,0.0036357885466900084,0.004681308551984998,0.0040957166660949215,0.04772717291229806,0.25093213586146823,0.3938313344901368,0.5649811516950805,0.31473654959821695,0.5798562677750605,0.5193598743341261,0.31036040917339225,0.09964945497549685,0.25603487773785993,1.185271597618654,2.5880500290540063,0.3622997815282408,6.811087833096532,28.107683996833387,27.813158055762575,1.160481270821859,0.3902662189172801,0.06995932721626569,0.006394494165725469,0.005172215526480285,0.01458506257532187,0.007235413379941075,0.0033562568344118436,0.002135158297148093,0.0009125353801425735,0.0021170159572482874,0.0020718138540334733,0.0019951567464645,0.0031754839982261686,0.004873326421429562,0.02658090422201255,0.5208038362850236
1.3823529411764706,0.015486330602199979,0.01717598328326445,0.016504061887489794,0.010209204573370042,0.007391308107775728,0.004535829105702517,0.004540040061996212,0.0028540189533096194,0.004062855506231856,0.008500892628033396,0.014248353721941475,0.0198781654646469,0.054203464581428634,0.18418472974248698,0.8062801673722801,0.825601098566155,0.08138439905799363,0.6301745569382653,3.952561996180451,16.69452514729308,12.637181639689835,3.897617730086266,1.4787099750906743,0.1882414696767822,0.18168150221581947,0.43461773042521423,1.9773073558791736,13.117609309229474,19.575560641291162,0.3019782162803203,0.19014056588522216,0.03157563932194672,0.003729724814133868,0.006030047829940216,0.009035751181173566,0.005215125844393407,0.0009306278460503362,0.0008484554340292438,0.0019151593343307407,0.0003974545452922581,0.0005447262717673748,0.0007870515004141757,0.0005091736795009424,0.00445898072054997,0.02777706723976625,0.2583326999733252
1.3970588235294117,0.0409137187830089,0.016466407968629082,0.016401641742949835,0.009388402176579975,0.008114865106808464,0.005442445815365324,0.0049771010108592756,0.0030177368095668853,0.0038172045357349974,0.027044192846291087,0.0881138951107617,0.317620755448,0.8434624254187297,0.8812462854813118,0.04537485423239653,0.17994931253436242,0.7621953334816975,2.6261079338868236,2.8318233867019056,1.1629265123420356,21.628635544126787,117.07946937563366,69.77086973767746,15.81089404782454,0.8326332941008535,0.24622595433899475,2.9979731319083163,3.4602486797882426,2.039613306030928,0.8145245081377406,0.051169186510890974,0.010949985813306444,0.004371115121224713,0.004233154970583335,0.0005996710855987045,0.00125658004017956,0.002642018162261175,0.0012502853604069255,0.0006345710270139333,0.000837717044956733,0.0004742404146300849,0.0007768705756601797,0.005397900747791779,0.0048435547869505515,0.04634783070537521,0.39189037284906697
1.4117647058823528,0.03614504610079731,0.013415816962249296,0.014347021305078679,0.013037336671112195,0.012789042884320952,0.013117665820278677,0.023521919288229,0.011332017524466406,0.004013753569205632,0.01124833141460614,0.0038297530073813824,0.0975102205835657,0.04318229758085954,0.5039797659906462,0.738356099437518,0.07670023362745751,0.008685336630431407,1.060656168018353,0.3624691227643291,0.8023987881883561,2.3880250320943457,38.098745645434754,416.51953754891906,439.1587054345112,89.46982454815007,11.610179866930352,4.332680605214662,0.29681451196747666,0.1886649286842722,0.33670825681314304,0.1397328435574958,0.02675780962423581,0.004939643849229988,0.009630558690448009,0.007129955679168812,0.0011745190192714514,0.0007103391683677272,0.00023993574559590336,0.0006967101969544078,0.0014219408597699191,0.0029074439856303503,0.0038841991676181477,0.0010714952840720122,0.0007301850340534073,0.00840840531041849,0.3653798250996809
1.426470588235294,0.02895523377937541,0.023508654747629407,0.010167073238480862,0.004514187899205815,0.006200603598919817,0.00458361879526413,0.007219973846192763,0.006820580272520148,0.005675833364568202,0.018187677233713076,0.07002944748882664,0.04514453350991286,0.008105316360942853,0.09219075808838273,0.1695687198340829,0.14015149693728401,0.06874106580803237,0.27157055464099966,1.2981396665592873,3.827337423616312,2.161918093235318,17.039325636607924,25.904709138626526,49.1681478525844,155.2637405688626,221.64445236711416,59.34495978653897,7.937541691543165,1.0041393643920573,0.05105136003783524,0.01704362073419526,0.02056987772762649,0.052842263958402955,0.01929107923301699,0.009911288108179784,0.0036544763521382524,0.002304447523789833,0.0014311818996040927,0.0013246118734572896,0.0016354206759826885,0.0006227073100224628,0.0015333207613980643,0.0035057638267405925,0.003469889926658222,0.01793784293602394,0.3027529314762107
1.4411764705882353,0.039916027552949526,0.021560473778906925,0.04708223504621534,0.015431224036762461,0.016749875884066127,0.014530316865798922,0.013756239201885956,0.0017311798486068675,0.009013178353055446,0.004490678034670002,0.0028173710761510927,0.017960320335118466,0.0267016236411557,0.1817831511169176,0.35383032653138746,0.6628772379193739,1.7918499474196168,3.357844549335567,0.8757085562504052,8.703850414530212,15.658110447323281,7.6894145559430624,0.9475076216238782,4.2570438171379,4.704400215821273,2.6199298426205155,1.777590788467076,1.2797560673825166,2.405940800211302,0.025386425658887282,0.023922868469314032,0.053375675947177195,0.04970640608641984,0.05495659294240485,0.036447998133141396,0.001715017125545772,0.003368166529508721,0.0026395513000628847,0.0005979840614631924,0.0005608470760178595,0.00061749825653757,0.0011144802954601006,0.0012035065634745231,0.0030949233365930736,0.12676157317997722,0.23263075885610485
1.4558823529411764,0.15494268488183868,0.05516589276567742,0.04046689858019383,0.01693815571615373,0.003898939099509001,0.0015868347546369687,0.009248296327196717,0.018777863449913768,0.00997198269868189,0.018489188606562686,0.07570564650427888,0.017291133532502296,0.04485805606299518,0.15481792151498852,0.35320880820118467,0.16413544813282888,0.10754998934047222,0.16553926998167462,4.779018554424093,23.10176228581506,22.78885732658766,10.534194168987389,30.814583578329504,26.0680852789191,3.542920621000473,11.5158414470992,34.591799467397074,25.68915018297984,12.10493982784901,1.6594959527704436,0.10891796553914351,0.07207239370332594,0.051031718792546865,0.0515554276701958,0.012345299361855884,0.003136725108561931,0.0034016990070381632,0.002969509686252454,0.0007256854985073274,0.0008732576897588562,0.0011264937478875617,0.0011328724210201602,0.0014168449633909306,0.004210456698243279,0.25674161289547454,1.1364447220195337
1.4705882352941175,0.08654365194885308,0.018987288620206356,0.011248931501005978,0.006642801919241636,0.013766965673296109,0.011879767181787508,0.007598659776499172,0.011353811045241297,0.011193679044226282,0.012757077297912284,0.010138468802465776,0.29818467617806665,0.9895449664111132,0.30371295535206466,0.34815260455323455,0.37609743980148347,0.05280702674539915,0.7714371666891788,1.4115942192980735,5.630443486304486,3.0128679393123727,18.292436124680567,38.30969365835543,16.745512756065597,8.247606601664472,7.624447675506464,6.582979293019003,4.125803968686769,8.6287681725687,24.107931932754546,11.60343096395058,0.8308113590591897,0.025831991920211114,0.0017290614984248952,0.005507619636568442,0.005138404883329641,0.0013060718731100738,0.003090570853510133,0.0034014181428165813,0.0034531548929282127,0.004088105231156257,0.0027666527742612385,0.0023424673402777214,0.01755563875258487,0.021265734478421994,0.0995483971259845
1.4852941176470589,0.02611593986746414,0.025271003969789582,0.015049736376112847,0.022771508303002043,0.009138342943096558,0.0023309415684991874,0.010207569437383997,0.002726010986277268,0.009707108976953996,0.019257418175519715,0.030152895255865828,0.009717172345194893,0.15541203145510274,0.007311084126253646,0.2511308280417255,0.33358941439007495,1.0241542169853184,0.5164751191266757,0.8818260827978384,2.242325256586316,0.3192368781372682,1.5481399998071756,2.480205511206605,1.01586252129988,10.481274410448771,3.542943441743936,8.313494693068925,3.9878423080951197,30.417154257426287,24.657319584734367,2.0324122356778913,1.5824871588497325,0.5261223292925807,0.05722024389319602,0.011428489885560124,0.003863390248686283,0.0018460605535512847,0.0012871493482763665,0.0019487307025313268,0.0027044319147708756,0.0007475642293112745,0.0018823045836246636,0.001376487840455345,0.0035840058225852164,0.00556173732852128,0.3209596431282476
1.5,0.006969873319044173,0.02021240284582426,0.03698428814619177,0.014142379329780415,0.00477683342630062,0.007275314210490779,0.009711667267543765,0.004276440195962076,0.010517166578941965,0.010524307537945417,0.024459713350047034,0.15161651307832968,0.09891145314254231,0.06677427970683922,0.13591391536762623,0.4002603299223516,0.3659385544581505,0.010804062729171244,0.2878935149276868,0.6570540654721471,0.31397967407032346,0.17781271925653183,0.47205035193543954,0.17164136605922886,7.353407066840255,26.06443807130784,7.539347925556134,0.5550455813481352,28.714774863699255,1.6784860844879301,0.3755465650627303,0.250802654245265,0.1221339615223426,0.031061457972866857,0.0097609129749894,0.003134108082336577,0.0029948747442357787,0.0016355996222233767,0.0013841058842281328,0.0022566297923825667,0.004029641042802931,0.0029204427289707745,0.00201893098878741,0.005147284370093323,0.0554715226497005,0.8944260027243234
1.5147058823529411,0.11923911585355638,0.03952875878857881,0.021378895937546605,0.012080426281733263,0.0094815219506472,0.00910830953186236,0.006949538765575827,0.005953643726969675,0.008340251864792883,0.025343270385933748,0.0282997135831476,0.08536875564131535,0.03424711915949307,0.10140703309819661,0.29517804645940515,0.3474839603606409,0.2347463240510898,0.0914868279222876,0.06494718882066715,0.32823945866482035,2.454611407914058,4.35909293003624,2.6404711696175873,0.3719409705197291,14.879447825272464,28.199171463177166,9.801833188481488,3.7731401411067838,1.682723317188872,0.4292728636298264,1.2932672322304675,0.5346260967032833,0.10077639998513294,0.030786966162161637,0.004215486865316265,0.0004950726484415286,0.0018826550223563596,0.0023164943414671233,0.002012808620570108,0.00047207491869903146,0.0005863509106207657,0.0010778403305352544,0.0021560295926157077,0.02007104278790081,0.2998440636917621,2.066324154812734
1.5294117647058822,0.03345752454018176,0.02493835495651426,0.011608703650656124,0.008920963274004528,0.009809824566512113,0.009319039059017646,0.010404707144911738,0.0059577412222735805,0.009835936708985839,0.006516304543432793,0.034643708916899524,0.07961949626717266,0.04299672761585078,0.2115179072403005,0.0721719908675693,0.02343909039414894,0.12573243319679034,0.14434946300918167,0.2177852098002639,0.3026929031389378,0.08421145792854971,0.23782474979684748,1.3040943638861036,0.06923950699280604,0.07980894292729056,4.014454866018736,1.0758362592815407,4.04486919496731,1.7914105469131587,0.44603024189078017,0.8837357998125092,0.6880632554506492,0.11329949023101997,0.029759353375159774,0.004286932259467458,0.003595010988723857,0.0015601771862803204,0.0010692079016227812,0.0017181329026377222,0.0023327880760109984,0.0014455113338575534,0.0016627613155579765,0.007271262337511271,0.034583012665998836,0.35486083929455026,1.1833177286312697
1.5441176470588234,0.012442842063135093,0.015439217307322194,0.011608817054066162,0.00733982971506288,0.004322165661095714,0.004233525413140864,0.02148284781583846,0.00859032029712075,0.012679314259138319,0.02322876942422372,0.05000162432032508,0.08392752792743186,0.19142968649761827,0.1908819365653105,1.1752598694253553,1.0179467303034122,0.4516490336122219,0.26972769486101017,0.11154697760636637,1.6868742497587772,3.088441020382077,2.3805094215233087,2.3117421001988445,1.2151973131229028,4.418299158387342,29.77515055560041,22.173831743975647,3.4270978979779434,2.7939120714614156,0.3565523117694026,0.041165757141932484,0.029337478831291595,0.05988857313945517,0.05579427729944697,0.010505911713228622,0.0018468466723401454,0.0011490263928550012,0.0007146079166442036,0.0011775420787453197,0.0017206322020812308,0.001788836889078361,0.0008581955163342444,0.004131777714178186,0.004755278577720021,0.28230571311659997,2.8484504106466724
1.558823529411765,0.04938286441240012,0.017207587069031915,0.02314747904628999,0.018438647433958497,0.0054576650034899015,0.003972244984852073,0.02132937780956192,0.00997216183037086,0.0071761414893858275,0.0034590101037648324,0.035577520280461905,0.2682278343935781,0.3173700308039027,0.11705950927771978,1.5392303243316285,1.5658632928805254,0.1000032694646014,0.08208361546233402,0.6437312485926934,0.6440829380675178,0.2501608930496175,0.5812007259510458,1.774320015956759,5.942937483204842,10.46410089875184,4.705500326093574,0.22233076884533576,0.24946548244306344,0.8219340094218235,0.445900183877626,0.9039370266637576,0.19719135752212624,0.061383371485728686,0.021403856020229074,0.0031706135937485257,0.0015372139474651289,0.0006121680968257232,0.0035159079898286405,0.002170704910657144,0.0005448864262899225,0.0012096282128639833,0.0008235856902706353,0.0021616311421247723,0.01940875601189611,0.14229889753212938,0.3349302105852982
1.573529411764706,0.01765795512756615,0.03149990726942323,0.01102226818954772,0.005671971477109671,0.003230389428811999,0.006993142127247762,0.011196365543038458,0.006096308015931742,0.014582585800322671,0.02489520485698013,0.031657206658244064,0.07056603971698468,0.06666389400163013,0.5958371732124527,3.8191670899626113,7.114956523930019,2.2029764419012694,0.07322999929746103,0.033111312071892704,0.031634165270899926,0.12310186660180472,0.18221217243258683,0.1688129729543231,0.48324769629415315,0.5552190379799948,0.18091226864565274,0.07958690995494463,0.12971219097672942,2.4005252474691043,1.41157045727204,0.03817937577998742,0.1394516808848804,0.02816763623461297,0.0031929297265261333,0.004740714264093823,0.0072405136435835255,0.004043277591527977,0.0024292857862454687,0.0010642074836476976,0.0022316876834262383,0.0020596017965031363,0.0006853183129011831,0.0014032642247236772,0.015467809262467954,0.015485536257283463,0.08348224983144192
1.5882352941176472,0.07082111624302352,0.03169062138325895,0.015613870489469753,0.021032741123984067,0.020695207498648886,0.003384747718143744,0.007239004001987935,0.004579944621989703,0.004479534529870236,0.00323063815200108,0.06618379332024976,0.24099401402018744,0.06668422973928859,0.0669901288943621,0.19577680959967736,0.4754613481119901,1.8600728399484763,0.12711549275571749,0.13660349828203922,0.14390122103287967,0.2002576806372418,0.10742786433700185,0.6726038489084402,0.729223415868963,0.1938085401158951,0.03858691149394543,0.038251690274270056,0.14637380451533882,1.3400050631838538,0.11471598308520367,0.11991094870993174,0.06879948312006386,0.018704026984003714,0.0140807765049903,0.004450599202181743,0.0010394180231524947,0.002699165062059249,0.0008077796104859785,0.000600625635766437,0.00045439819997724967,0.0021916122116702875,0.0047485202228468824,0.003992315825603898,0.004051756455893956,0.08466549507007484,1.5764841397959746
1.6029411764705883,0.027036625002521433,0.017552308079527863,0.005764901976337252,0.016527172648104525,0.005398704369562732,0.004954951258508253,0.013270514824451603,0.0040234346192072005,0.006498172145031875,0.022716912778772975,0.024656321844573125,0.1557447738759704,1.496497455644323,1.4710084147466262,0.08813211975035407,0.5392248217704818,1.287652337942255,1.050613061371625,0.6743497420089419,0.7562388053822131,0.3632361339104757,0.5536648881613987,0.7600429872260341,0.04864019082971531,0.23054672045240043,0.13467669894015444,0.03526436839450806,0.01822236473507814,0.24360232144690444,0.20653808657886924,0.1197917797264104,0.015792980926350092,0.007305261368360944,0.00325455619792524,0.003760840203921969,0.005992972222002575,0.003899589710823691,0.0032739228699578612,0.001815732062040823,0.0012679138815465338,0.0024338190427920384,0.005620825086890329,0.004701123622478588,0.010220141685742415,0.031881208136703164,0.6334637889748445
1.6176470588235294,0.013013389834681673,0.007841053068986645,0.009916841909256152,0.006591981252350563,0.0035473417619453513,0.004538790721599199,0.010112318949450952,0.008566080847586005,0.009443876309039543,0.014565031634751665,0.016953566346000502,0.27022207821503436,0.8193216762725968,0.3229201461130823,0.140076009180226,0.17758283151932067,0.41192322606617815,0.4325520192475793,0.05824679137677373,0.5162299696643031,0.45475135955050244,0.16790719620863165,0.24886988085292372,0.04742207654509202,0.0316324358328458,0.24320591433787497,0.07674923214814255,0.04972270821338854,0.023525507584154733,0.009279602851863168,0.12871351622672406,0.23760591852729845,0.047627722063289066,0.0019046704634780118,0.00608293548556758,0.010326877413780597,0.003429611710426087,0.0006585272359941295,0.0009969443960965863,0.0010147962219171354,0.0027095615492461218,0.004697802755423613,0.0023536297860244923,0.0034330803878822235,0.2350181675997781,2.12719503605838
1.6323529411764706,0.04902856638598917,0.02478744026520628,0.017067156612838925,0.009110403763208697,0.006445936849004593,0.00978946277884801,0.006549055900660425,0.0025762417469643827,0.005291802058229259,0.004781769152800585,0.0030140465330113627,0.15322221787725462,0.13714784431630372,0.20424622467616446,0.5682008952519413,0.5136707363861226,0.37121006152334635,0.1797978811483194,0.28907021737462524,2.4414963367445814,1.6348227549213359,0.12996194553563511,0.1499455138698616,0.06284368613524964,0.049241700753410375,0.5522586410031611,1.3207976445719753,0.3048868119101522,0.09029560711879413,0.5615332770030169,0.982994419088871,0.16351063958531245,0.009013266658004448,0.009058171631306634,0.008459473960983734,0.0016695849580554598,0.0022577327149883794,0.0025855520680963797,0.0008178489502603371,0.0014895677323719858,0.0005500862351900597,0.0026277126089881892,0.0031925716243318032,0.0247702344096956,0.027499599034664726,2.0311341409648134
1.647058823529412,0.05764215907427871,0.02563673674951383,0.015347011655843401,0.005787417713640336,0.0010368355687234703,0.00547798370751927,0.015914770225965564,0.010195555985679929,0.020764423193938085,0.008459174612675287,0.032471394073954156,0.046164377318392964,0.11902195076254747,0.2730644074580254,0.27347635526796077,0.28345524526713717,0.28092986351282734,0.03094404853231704,0.11488430520823956,5.156351048235057,11.863578763072773,1.8163561071186611,0.10090370726092117,0.019844651136313205,0.21218687242584314,0.17819334600319897,1.5772909378710702,2.253395300526063,0.8248631202796646,0.35831799673483045,0.1412296758573775,0.0057769818442608145,0.007722272082393232,0.005302367560003833,0.004752409556313843,0.00033547072934043027,0.0013470512832505616,0.0011567251199822348,0.0007544664641076577,0.0006162644982183274,0.001390342654009079,0.004805462256813015,0.0030030702897950543,0.010056789678582399,0.054444904340827056,0.538966577252008
1.661764705882353,0.008904575787237792,0.02462765979824289,0.03667368329104024,0.020521895968533987,0.007185107411962917,0.002196961026661662,0.006050159889969048,0.010444853645981389,0.012613484686878527,0.02018092213759732,0.02344592936784496,0.07091567212405733,0.07813418795089772,0.04246866245647971,0.02067070258077034,0.1198139100402179,0.05722935731230003,0.23321979161142004,0.41273178516798725,0.7728754473566483,15.038663407300689,26.043074212386564,3.834354607885879,0.2587805460821669,0.3190439330317525,0.06206479164155774,0.0788104399045004,0.4786712727789052,1.293772807129281,0.02010791799887135,0.005327781103350808,0.006741642268233675,0.0021750824092833364,0.006061725062497886,0.006282902270883057,0.0021490492456785193,0.0014173177469480503,0.0017860422037521365,0.0017199992545576743,0.0012728420173682537,0.002477042809200067,0.0019376618184272667,0.0013805129553452306,0.0042210662543854405,0.024981108277869517,0.19773716471444758
1.6764705882352942,0.029868567245975586,0.00960138056192761,0.012909587762726563,0.0083241297644467,0.010151651319357259,0.01069662841755913,0.010727011161687464,0.00652551000847547,0.0054162556984433015,0.005635620699332642,0.009043108839297695,0.0272594673095306,0.03363305069374446,0.06540967604277868,0.07311282421050322,0.44754507755133255,0.3706256361429118,0.1550768134560768,1.1110724071000966,0.5271555276464306,2.3207938053744686,7.47894399484157,5.663178172402306,1.0509585215054367,0.0919903208323137,0.10493940467026512,0.5527276251076845,0.8795270828134713,0.5926723047092707,0.015572741805617626,0.00048607446887635275,0.0008287619627316309,0.0018988301876214735,0.0010180413409144426,0.0020115278244123187,0.000642554390272823,0.0005845623206828794,0.0006994382754434864,0.002016240583019146,0.0016022605792800904,0.002138239198680404,0.002715383706973924,0.002519957670197668,0.009318277223885545,0.017938702629432524,0.3209189213419176
1.6911764705882353,0.07903503627621772,0.032790294841299694,0.012359120408575786,0.010178499532078531,0.007716951838564096,0.009761330574675875,0.006822876433389094,0.004091471402479364,0.005777848798532187,0.017595875258375367,0.02782833527600997,0.016978460597350153,0.03540417258426876,0.0810578409972221,0.16043556377055296,0.4054288088405346,0.14920504694788733,0.21128104935098102,0.07041880134995762,0.4369428489440854,1.0973468487795093,0.4338968845859732,0.21813608014622002,0.7715013034725484,0.792543678940735,2.605280988309094,1.0922172336503015,0.12680896767634142,0.021946769273466487,0.00693319016314084,0.004919495266451445,0.0014712238698970062,0.001706259997035261,0.0025860197043930276,0.0038134847645984403,0.0031484161875076377,0.002598124142127597,0.002029866674893421,0.0045200981153806045,0.0019254040265606251,0.003593426929040096,0.005194588211274718,0.0061881075168283214,0.011318497390684214,0.0967251988368748,1.0373703671264707
1.7058823529411764,0.035280198270297755,0.02467504789662738,0.02161811223810517,0.01905900067684953,0.006402688007866385,0.006726918368022831,0.015382519267487328,0.00873193242008891,0.006553026951684287,0.005110628899342995,0.035191753426347464,0.0866369877903296,0.2518237600152217,0.3973956748765834,0.19634574802565707,0.10846392001671737,0.49263239452990215,0.2613448375413891,0.10444891264297368,0.12663417205829458,0.24259888298065896,0.03458932598597838,0.2599917353223653,0.13374575729364507,1.5222939890843843,5.570602438286428,5.169411672120801,1.0307439000463692,0.025159342009290098,0.0030249942779781856,0.0050631564088048165,0.0025107776421338895,0.0027960923872240003,0.0006923578020364333,0.0010175561379301187,0.002470635870122004,0.002276694907158032,0.0017138692159561534,0.0006513379878456124,0.0029995464615166535,0.002585822730460683,0.0006609956204385069,0.0059435765447147645,0.010013908995882217,0.06557152610594487,0.2628599680980349
1.7205882352941175,0.10271901307620128,0.026464450861207214,0.013774374005018688,0.009013173249145124,0.011127357253631972,0.007319083639065226,0.012592488064299108,0.0035552385779869795,0.0019871395115997332,0.027492762772952054,0.08093848459444053,0.05306926221646321,0.007565493858844132,0.10644359350272259,0.20210257294597717,0.37225147476127,1.072853232370421,1.6424137650034631,1.2918873702516875,0.5187378741611304,0.5261074857255741,0.024442022070919903,0.05881651976051816,0.0295213594390129,0.018871387071811116,0.040355692975206074,0.015296052356854318,0.05981120763085669,0.3270223787570728,0.02868197147865119,0.005516912139305301,0.0018613317919968285,0.001960633993406994,0.003757399228335176,0.0012860176790943176,0.001698657678582488,0.002563460398671744,0.002772540619157784,0.0027516719905437276,0.0011811153378164761,0.0018174498392160756,0.00301265573821256,0.005633910368060921,0.0004302469439945351,0.12533151592600122,0.3765177155404487
1.7352941176470587,0.009272593553709737,0.005075743703125894,0.013388341289007372,0.012453092581153903,0.007870085973546721,0.008781584849466718,0.003256803895367105,0.005543975193324567,0.006185937740727956,0.006964285014394313,0.00869094432999886,0.0017542473051168747,0.027168769691965418,0.06802587169236801,0.5537927752144607,1.1220350509766193,0.2999110512220522,0.3987603714321393,0.8739794902676017,3.7793088223862754,10.875584417562283,6.262373541728669,0.5835451413815008,0.4012275085427527,0.2465457515966761,0.30618904440198047,0.3977096916636836,0.08616302256012282,2.5653510829469957,0.4262264233155119,0.07591094614862948,0.009491665472784001,0.005500926792356957,0.0027343700148340327,0.001079886260661347,0.0027959132776137724,0.0014654858584395333,0.00116154243569833,0.0004703373589289073,0.0007948490930393788,0.0006691396841813542,0.0009626452295443911,0.0026257886105547886,0.0011304657148506912,0.09566040015010863,1.2347148445230034
1.75,0.013643916863621444,0.00535035691547089,0.0024364528634303485,0.005637426611753451,0.01513298837552199,0.006673367331413733,0.002022455436021073,0.0028012149292417007,0.005093844305943752,0.010951688062703909,0.00795900125108388,0.017026374368550153,0.08192551185441506,0.18448680995196196,0.10468073315731644,0.21700456556423628,0.1766926961387908,0.13519571621310109,0.13921483474282745,1.4750630794867843,3.629281553826529,4.286207398243723,20.049266204288752,16.23305030259938,4.436089658866154,1.1421848745885346,0.04427321569965606,1.327750181950239,0.44837654396465076,0.4344640332063713,0.24583133689003606,0.02219440050842769,0.0023499364371786383,0.002287752033556378,0.0031207443210213934,0.0034364375211649346,0.0010656214921660042,0.0009159067645386239,0.0011894482877397247,0.0009237017315530178,0.000888234862085749,0.0018291444339253182,0.0022937603125785092,0.018568276963593405,0.25338874091853086,0.42085615805978793
1.7647058823529411,0.014555524310253955,0.02811790657655658,0.017321525786170078,0.014947016179444135,0.011943739211606044,0.004117201372138463,0.008123561496837775,0.002514676039071893,0.0024309246452604606,0.0038447695274146255,0.010935004853874669,0.013575379442631503,0.09175694342201912,0.32096189630995403,0.2265545971911317,0.04859567193542656,0.09213795564363954,0.06281718520416668,0.26214669660071266,0.7815876328237512,0.7799995830452333,1.2098932202529717,1.6810276926454932,0.9349915366943456,0.5756261698125612,0.11788550482238547,0.8792464221449612,0.6871529765478368,0.39357853906141216,0.035256928895872924,0.0009070716468212855,0.0074658193491214855,0.004733276325996384,0.005717255140503835,0.005500805782162431,0.0056079636570466225,0.0035666055447877267,0.000798823064251614,0.00047731169425288945,0.0013954177474695263,0.000713050279798898,0.002707073682637455,0.002922520084010385,0.004850123350145107,0.09859227753516617,0.878321660425033
1.7794117647058822,0.07525372642013059,0.036662145067986096,0.01157047978555822,0.008042375377053632,0.0011983991687871069,0.007593779647572935,0.025973256652757792,0.007132810048243229,0.00780618286624093,0.017322249780225243,0.015002319090660361,0.023318925525220822,0.019844931682816844,0.03344295917851545,0.04063649405039168,0.12221685780215458,0.35993621463600883,0.0954800749310403,0.10647351926840967,0.3235471799667735,1.3840527601146064,1.277685104623783,0.2737117723894227,0.14744060613298954,0.053268396389143526,0.3504154937635628,0.957017958734304,0.6339320625976987,1.3682447084793885,0.1464592694181261,0.046405072564542155,0.004537942658215334,0.0006927076304178261,0.0017702039197846733,0.002489282297735884,0.001881954997916456,0.0017497958463413145,0.0008020557433655533,0.0005329124177327762,0.001062875966745436,0.0022647522250252585,0.005373674450923073,0.0027544597715996495,0.007029835924072671,0.10238600213052264,0.5702570296633791
1.7941176470588234,0.026668291283781564,0.00818364660552797,0.017864911240392526,0.005606072705307776,0.005240058307037615,0.00843869967254513,0.014704916900043951,0.00602796888585274,0.004642879484402645,0.0017137332567268926,0.024453701412389867,0.040741131989581465,0.024423980808927062,0.06312366483233231,0.17103091691354336,0.4635271127496031,0.26520723128648116,0.09669902754968468,0.30033403528046393,0.48556381580253555,0.12829350103847328,0.24374746665592675,0.6462439001643554,0.10390191303097374,0.21441507156095016,0.442092094433009,1.787170445793431,2.5795122920984337,1.7936506908986,0.5690383132645566,0.08259245742153831,0.0020912627480663515,0.0007786893815411602,0.0035096490824898237,0.005879771941887216,0.0022031832869195754,0.0016346606423421493,0.0012781461173632831,0.001730185087156575,0.0010329251236515864,0.0019393692464276897,0.002369265543393721,0.001030249184463966,0.009594151577611166,0.44049194256966034,2.7218353090425813
1.8088235294117645,0.05577636732903661,0.015452884266510657,0.016921284800939324,0.019657281920820044,0.017128454168607643,0.006396634599944757,0.007072578511774631,0.003791406578886136,0.004085933880790571,0.010080934527360797,0.010208172561634147,0.02257106193568554,0.044429159998940045,0.15690720616755485,0.5709301446695729,0.9524792219812788,0.47606129946789466,0.2948154948463815,0.5039744040912786,0.10663855168287609,0.16543315999701644,0.7233173676498517,1.1173024504777755,0.20961582427495562,0.08641651346767684,1.0898279928738699,2.3091487218524946,0.7085548582588317,1.7035302679397635,0.3317145835115969,0.011268123212806057,0.003903553162669603,0.001439378475361655,0.0027481316491408574,0.00169377345828622,0.0016372515224250149,0.0013207050851107792,0.0009926130338616316,0.0018442345837231654,0.002893327567800085,0.0014730921852981573,0.0002730245004022363,0.0006891603327468293,0.0021936273973741124,0.08715450572266566,0.3924168752644649
1.8235294117647056,0.03713538883237257,0.01252919587501241,0.028359025754243306,0.019082128794490654,0.009726866696092525,0.0036613721252354943,0.010196299107413681,0.0030342554513391002,0.008236040122392608,0.0023635427885713295,0.016460356556503405,0.011642238086260578,0.09253462407412903,0.1531979662126276,0.23913827732322324,0.14842759269575784,0.7156332681274868,0.2501293889125485,0.029567548252114106,0.23418543236571004,0.053900927486451436,0.07764055567307715,0.28766377678281807,0.539070684034511,0.38022601665061706,0.11248103962987191,0.6989053720872291,1.6237091017220384,1.0631024978913979,0.16144739194626836,0.006427985067065686,0.005964727763849496,0.0020287069955198444,0.002728273163781049,0.003303444424326277,0.003710478109040043,0.0013726041701173247,0.0020504977228292935,0.001445650691100654,0.0018582507472032933,0.002305737698469332,0.003282700273099082,0.0007247254665863109,0.013969566667870985,0.06306029213108265,0.046968205244621225
1.8382352941176472,0.030743835671624486,0.018915951795541258,0.006279765128981589,0.008056403214308108,0.005585825337102257,0.005711174154689776,0.023042102239964602,0.008846573085399316,0.010547119139306425,0.005256004228145066,0.02100345674250925,0.015501137989753966,0.12192234373705373,0.08405141152492776,0.26277398488123127,0.4908294393921023,0.14913649885505226,0.4585922076979453,0.10664410810218816,0.1453311829592186,0.3619779059174192,0.15473748341329996,0.13480561925267387,0.9800410486325128,0.5150904347243568,0.27491424777160495,1.1549413064600338,0.8967225351348833,1.1982933174938175,0.004733392556084596,0.0014733820225872863,0.010246717548124461,0.004770187385641041,0.001971861028266985,0.0008560438338057768,0.0010877832342459258,0.0011025172223643272,0.0006539623641632232,0.0018447077958157797,0.0024622074405848526,0.002196239882907772,0.0030321641933390552,0.0023198172439871656,0.015187873552100616,0.10720330141745534,0.21812229392755927
1.8529411764705883,0.01593761246289441,0.010791097514724148,0.003716710640933878,0.008843417661200517,0.013940971747446972,0.010135723691087024,0.004606121225042288,0.004489824769979854,0.004871974797501639,0.0063875960667778816,0.010086656766065306,0.0715879814037089,0.15624684714516032,0.1868011238934596,0.12084139549418713,0.6052566843518363,0.9596127202078086,0.1182512304884485,0.1733786155766859,0.23604990036285467,0.7015425592473434,0.5415258908417369,1.1583367021474378,3.1258322134170218,2.0665894317368636,0.779610171198516,0.5841757174418266,0.777740199378542,0.19283119574458393,0.015041633708082675,0.0073282924598200095,0.003031465380351695,0.001756202822304266,0.001199929985605976,0.0005313035521958421,0.0004378685468573501,0.0007735239217235917,0.0018660919306301084,0.0016607599996002306,0.001775985301126732,0.0005972081233268108,0.001396491714744228,0.0034657696079134987,0.005342247658666188,0.16914316402480184,2.2706975868866275
1.8676470588235294,0.019680303733319714,0.024227509942941216,0.021180235163560795,0.006171074469179325,0.01083756335549075,0.016726142358475516,0.008110721371468926,0.005775298479788368,0.006766405098551429,0.007242425467768244,0.005888085530269634,0.04927308472216191,0.13282555557478487,0.11157298647277501,0.23630588384988427,0.06446900321182351,0.9516833194163123,0.4951951355611221,0.19815355882657168,0.11441603393208319,0.10082744966771445,0.4827994694681371,0.5007353864179143,0.09473312082124197,0.11615825361532463,0.8940272740326423,1.514446466645062,0.35482400416299953,0.015222792795275318,0.008354044866474678,0.015986341089366116,0.005261613270187702,0.0028940295154840897,0.0006939890338483752,0.003320733803562681,0.002957418000610233,0.002529512116451745,0.003340756768232406,0.002247009760759763,0.0016722478264669912,0.0008574483609664531,0.0010683196185240704,0.001800616153611833,0.011750067421085673,0.04012517730502674,0.6706284522734711
1.8823529411764706,0.09548128993363908,0.022687832793478503,0.016079403924786555,0.03266667929996228,0.016528478828303918,0.00720643598617447,0.027571396918375436,0.007762295557662414,0.005134629531032827,0.0036014620742014047,0.010235535101095844,0.006657375370240284,0.03031598924563618,0.013754613369429774,0.1451731081788499,0.7962273902810799,1.0290980897858002,0.3720618771115452,0.31383521797513647,0.3079014819233509,0.37380671044532104,0.1864151539989053,0.13728608587662727,0.05152357362362383,0.5255861129743862,0.9241061299201379,1.794129862315115,1.1342708764069305,0.07848879138428126,0.00342329114208508,0.00852821620665189,0.0029761273804504314,0.0028019643393339014,0.001295010251949545,0.00118224163101223,0.0023302110134193286,0.0009490379134537277,0.0014683556565763868,0.0023407285138762218,0.0009420675194077014,0.0009974598752123544,0.0021458452548405076,0.005909369875919337,0.029931678607238953,0.05080910595761176,0.537673537400763
1.8970588235294117,0.015379183648032835,0.01191172086238766,0.02136819693034918,0.008369345097025981,0.005526079024744922,0.0020875375253017075,0.010208622953573627,0.00296496061977962,0.004544102048134304,0.0042033023063260825,0.004310754633483555,0.02463256466308497,0.006426169460816391,0.08138985379819769,0.14706305636078126,0.04968986486112773,0.06962567981472324,0.20611118904799802,0.16387802660305395,0.2082060383480847,0.9606704306070155,0.2845090959560994,0.13072938752959093,0.06317223229504279,0.18341842062833497,0.12776953336968688,0.9746237016256438,0.2638176696618737,0.03813510132396702,0.010226255009406859,0.0010932402425884707,0.003503338920351028,0.0026317617064737257,0.0016065449457573914,0.0007917097314628877,0.0008620194869153478,0.0010860490834833658,0.002998924495784,0.002793262231091688,0.001868245104007523,0.001584948617537918,0.0016408693747914493,0.0021376968485321618,0.00421383564640781,0.30464564584286125,1.5039172194862314
1.9117647058823528,0.016186738622543675,0.011358005945349574,0.0109514353220227,0.016097208075546852,0.018352116474140236,0.006941016114860048,0.010565736719087112,0.0026013273290242025,0.003428009648297052,0.007764957181381505,0.0058166307717119736,0.007666311612015987,0.06178880303628606,0.42272530814381754,0.5591716606467925,0.0777462190162154,0.06377590772825999,0.013708512972632632,0.003749481084304094,0.2539977387728741,1.0317541466986353,0.7790016436090128,0.09281850367587752,0.6778440588235902,0.12263306298629797,0.5568971202398418,0.5080658473163604,0.06265321051023666,0.03440026934899551,0.0046292657855987115,0.007246798915843269,0.003905096808358206,0.0024723166204293524,0.0030441731059349265,0.0024163953211295353,0.0006200530970891986,0.0012335530992211446,0.0014744552381608194,0.0007614118432336349,0.0012351194003097556,0.002485216142334713,0.0018390206556441948,0.003618561066580403,0.02747059686490238,0.0765773657516412,0.1290091406913795
1.926470588235294,0.08895869927781389,0.01710779484869192,0.018904210639420556,0.016575250403389873,0.006815538554903584,0.009987687275202875,0.020506936871102072,0.00926424133487527,0.005802192141792973,0.04023422685705598,0.11897803001221599,1.1948743551883823,6.556431486196278,4.943756092706146,1.7224689014717312,0.7508529577103241,0.15433033497828114,0.36316373988846856,0.28637652739207714,0.029729960929779885,0.42523848358455224,2.3169916758040126,0.7127430054050548,0.3928430552322456,0.0996927359328689,0.20235772692705523,0.08866256443904925,0.02537905838838851,0.0440605854044697,0.030024451271882757,0.011931147731633186,0.010444366339078852,0.004103095147456978,0.001333490407835381,0.0031975172825291173,0.001909827451080834,0.0007801806283679107,0.00153066086103066,0.0017110238263700625,0.0038759873881392616,0.003414787843915045,0.0038363960910836646,0.0020698673213342404,0.005811957898432569,0.008454209509531654,0.11094006946611296
1.9411764705882355,0.038423408511793614,0.016217287371331445,0.011375028345650209,0.0029950710432366263,0.005253893038213015,0.007960382611762734,0.008477877591159581,0.0018837671773398227,0.03149920657991387,0.28984090046767985,0.5280593895546345,0.41061526052734443,11.050507247506086,71.54099344269906,42.883876868681526,7.876896857677123,1.8395294940122964,0.15197771419124612,0.16959795775859393,0.10354607997663914,0.562276061700107,1.5648311125144188,0.07536462434649902,0.4000746135054255,0.8970439284704195,0.6181833630050215,0.16284475518368763,0.016538955287931378,0.014995492285720408,0.009397888935327814,0.001591652584657282,0.0061582169313456735,0.002999934005724957,0.0016563603988003352,0.0017075579412541876,0.0012200172521412893,0.0005014764622850165,0.001973341631627348,0.0029741612625308633,0.0021233861183970046,0.0015825999319644068,0.003666976302387986,0.0033947870613354673,0.012707720925976926,0.2604880602189667,0.7441114386732901
1.9558823529411766,0.04001674091524412,0.029036027024233173,0.014056046417473454,0.013416917365057103,0.009836693322714201,0.0076402271757285145,0.003127188121524439,0.0092805551004797,0.026656013330071525,0.08110204134515592,0.14321596721088814,0.3026427729600205,7.5459667360655835,9.921769524506884,10.096347323988347,49.623362670882,139.53859369315484,99.73193145169337,28.127780146830005,1.042696185846077,4.079611618835594,0.9014395182843493,0.28159134531164187,0.1002957651463828,0.09486338666637079,0.07662455936929718,0.004615104189592581,0.030112849187111282,0.10952184544037234,0.010216464152139379,0.006701045931195725,0.006742831193943253,0.003309261748374508,0.0029376900809874825,0.0017775939669475444,0.0008764755133536203,0.0010013988022536929,0.002138772626395068,0.0020007193507653306,0.002412540923348371,0.0016340846482550053,0.0017756104237974697,0.0016390064878010816,0.0037307056857014183,0.1788490216166363,0.801902444867965
1.9705882352941178,0.019010838122405647,0.008204139132006487,0.020133747002207384,0.01680478573635874,0.019515163944222688,0.005462315924573068,0.006671863502034611,0.004664245953123022,0.017002502975564743,0.05007744236379165,0.02188116504570544,0.01654853328394946,0.33395012342395924,0.9783058749131427,4.026545082318426,8.67925827687025,8.120677785118664,118.4971646564801,294.0557639190599,339.0171118716888,178.43966211448702,75.7786641430961,33.5343318652048,5.4087487105750185,1.033887261978152,0.13316561965328325,0.04797317245095001,0.04202061477362885,0.15132762468892247,0.0403193811155067,0.0024875776306286634,0.007089063429012797,0.00996731388540512,0.005547195800805063,0.00700075331612706,0.002710592183018748,0.0018455622753435585,0.0018836532393810774,0.0021331974376942505,0.002294963967285873,0.0012662588067255186,0.0010962994473676475,0.00110827704939948,0.004126118383094714,0.20068374270789008,1.337901464809831
1.9852941176470589,0.03280440374960578,0.02490538632132033,0.02041884180319843,0.009210849246392244,0.01512581527131093,0.006995915268782333,0.007146544184314166,0.001589833813872224,0.0035456447904426065,0.014377746165574117,0.14993902441229215,0.6287361680938222,0.9180335495823803,1.163893544737749,2.974381982679801,1.47391209577799,0.30766009492631413,0.23430582664187466,0.3926519157388058,3.8411571134252194,15.853510111359121,114.04572766528354,298.94212845835295,139.76638225835868,17.42354946460634,15.57383847315803,5.365706912503347,0.8127660924706475,0.08672724117435221,0.0038293819889271925,0.004104131335988637,0.011695904111782961,0.0075435859635984825,0.0034273686979028476,0.0031581061524235655,0.0037185945577592784,0.0019034840945969479,0.0013140717322381481,0.0014525937926639382,0.001845915299517518,0.001556362031487661,0.0031996835842716255,0.0032934655048522405,0.006209050311362978,0.04541741795428935,0.11258480716834997
2.0,0.01672348490999329,0.009615546189905169,0.014551902996933725,0.010399320858807386,0.0009840644391320725,0.009524914494979584,0.019359686643094134,0.004127597612405926,0.0015608144519990222,0.020788751124666247,0.200191849440911,0.57586029397269,2.21253878204065,7.698889470810855,9.129003951532438,2.029228087897818,0.8337063161686978,0.8561518783089995,0.7918895726811485,0.5215041080809766,0.13491371643961392,0.9070452814859453,0.8920225537186197,39.13837844173787,293.801015803743,292.17306957642666,35.6274381456213,2.895528906804591,0.307621717615028,0.001333071009226671,0.004703965291697591,0.005421582296128005,0.004636317891976748,0.00673572014990109,0.002832221076172387,0.0005004999929021344,0.00034958275700191035,0.0011771867808520204,0.0006556549889183598,0.0004094269854451056,0.0007131378354615753,0.003232126022525535,0.00594982434050105,0.003833654973462693,0.06297445815694394,0.17882787603622965
2.014705882352941,0.013315648981312267,0.011337925899610055,0.015424965377481585,0.008133943076435732,0.005824027022921474,0.007775652947905779,0.02172783657834733,0.0029358369438996796,0.005745213233270658,0.03523485512381581,0.15180957508081294,1.0824970059541918,2.205906045995917,7.902022413748989,20.270512937808462,5.776281642019393,1.1923818955990129,2.950360745396349,0.39613658336354596,1.0043991359119318,1.0661521569289545,5.294899429240706,8.838136335805117,4.24758963660539,8.168702805545715,140.67228343162287,385.4141948523666,130.7805092588449,23.13690187717311,0.010093718972557012,0.03506863500180052,0.007140186058243064,0.0016335400147941713,0.0024282884326796766,0.004591823895211505,0.0022998001455594593,0.002155620206342459,0.002919811784704734,0.0035703260624231226,0.0016335042440225747,0.0019537141949491077,0.0013857163857970277,0.0013823590902537581,0.0033227266037020387,0.08987499604580744,1.1038200057784637
2.0294117647058822,0.044592987143881484,0.020114709784470584,0.009735103145691391,0.01777265838874512,0.01296198794974408,0.005328183906976679,0.005819719223167486,0.002563705533999716,0.007063194571851951,0.015016930444447418,0.03540832863381964,0.6937009101397341,9.882515954151922,9.349334576346138,1.4101185552059126,1.615678213489879,0.6664183285631959,2.2096181481308292,3.6471724508095233,0.7658851653791439,1.236919766677772,4.516423721957685,0.6150934374454379,21.98207834929217,18.683971544329232,40.21790440746554,77.52804650171737,361.5308078280179,332.0425391316906,8.245629142812994,0.570533448918701,0.016197049709498527,0.0033620731366526173,0.004394956132165383,0.012096358004590076,0.008022467937469836,0.004016665485442558,0.003248305889682999,0.0013174430855025492,0.0007266910193822603,0.002884754469210133,0.004107797506987855,0.002696855636975941,0.010587558098181429,0.04015632283066109,0.3120995467855536
2.0441176470588234,0.028649173745550625,0.03794729298340463,0.00595938117311442,0.0034014996465947293,0.0042907417583009835,0.004858357431660424,0.01092430146246237,0.005001099941189946,0.001297855307756186,0.006491015300651788,0.0010478622134382676,1.2689937180772906,9.40392828114669,5.170721403342615,0.07243571220289409,0.14353348203697525,2.076305866341115,4.139699210591001,4.861893925022544,4.881299266458525,9.610240758464968,35.99454300335664,74.0523961403905,23.193466345275468,4.289336319977453,14.361196172561808,93.5727852424206,95.79726501608013,51.9609735963063,3.164063683115303,2.350615993579198,0.34481432271524337,0.023266941157473256,0.005024658868448294,0.001634600091567744,0.0005058320847572948,0.0021789826404459136,0.0025189917795841368,0.002549280714897839,0.0022309399972835673,0.002184717732084588,0.0028733672473903195,0.0022502144735976532,0.02809603509636485,0.46041419999407357,1.205843538787142
2.0588235294117645,0.0806095082629266,0.00978299080544566,0.014671774847265458,0.011846075611164854,0.010787606315854039,0.004096816064119847,0.016822044566214257,0.00883085818596301,0.003917223142263852,0.007891643334547574,0.06593239598042723,1.7983298829151537,2.9151341620091955,0.059925611034753,1.1814035293933505,0.16254001086376474,0.3770122641135191,0.34016668378574055,1.9376067411010554,2.300014824193876,11.085576051020634,26.387425262088826,23.514462766852667,6.367524618065335,6.955439907228363,2.045553034122811,34.65662905972112,13.573560900897302,3.1900790123166995,6.1455505520812554,3.657303625862254,0.4037462007736892,0.02373680926931399,0.002689175036962639,0.0013788191480509928,0.0027756795196186637,0.002067511906221335,0.0010444639135512707,0.0027104576375267097,0.0006805605992416099,0.0011544055329971881,0.0038879149124209744,0.0011765281116143794,0.0011327021500926366,0.05875346019937458,0.1991030275512427
2.0735294117647056,0.017625973530351384,0.0777853909929438,0.035422133019606505,0.009790308815916391,0.011299950686520305,0.013620029423818247,0.004913646519718114,0.0018458216248690774,0.0024576321145669414,0.04260001986895748,0.06124137701472788,0.9166694062626659,0.5890901837660174,0.3374109749999987,0.37773770091593506,0.09878576283713622,0.30468196976524503,0.14152505946276928,0.11257588404308609,1.0497422883626089,5.480125801795699,7.6952216563000455,6.1022485168302385,3.5445045081012214,7.667528620149213,64.3493234509193,59.629839899091735,11.879625451602248,7.589141727219471,3.2788473716148134,0.8419707981459323,0.3496853167884118,0.026393457153585598,0.0030045961087239188,0.002428696204903854,0.0013403486836014674,0.003019483408673201,0.002962716083032901,0.0012661583777839967,0.0019432151281254123,0.002742036286610334,0.00178140918022985,0.0011794678111442048,0.002776995232518735,0.004636415230408522,0.02222622030958997
2.0882352941176467,0.008108960279255173,0.014309693169409651,0.012592155416412478,0.002998982225199761,0.009093945753419475,0.01840134553202198,0.015042439830870133,0.015713697937551913,0.03137001049412841,0.0411761393083374,0.1771341303096585,0.0342012154876769,0.7792899855677511,2.0838847779356735,1.6980482201854286,3.409751842293055,0.9827685448759516,0.02335138756882128,0.4167962200557993,2.089372007182811,0.2370678137145686,2.287556954517731,2.124962538382124,3.7397422764584762,14.548623808517977,6.581383750790346,1.1758575783183634,0.046730769834305255,6.6085502484304515,2.1307337703056004,0.3787312917402794,0.3117209358533339,0.08694643893898825,0.07769034819207345,0.03159837066692509,0.0027732654471255163,0.0015744968313829773,0.0016263594374627908,0.0034472086956134217,0.0016554347673996502,0.0005141242965430669,0.0013771686399534292,0.0017924695627445197,0.0032492452607116628,0.08168655222908519,0.5605278374895788
2.102941176470588,0.023435134811057468,0.022848457829235353,0.005314131676570253,0.011832032698363698,0.01138108486282454,0.009323750043949213,0.012644095138418068,0.009452742942541302,0.06062114456395546,0.16141679528359065,0.13760878703062895,0.6298414921513701,6.362378276285588,6.8206973838427265,0.1107397006990987,5.450067070258205,7.603474507031327,5.1186390665128005,2.3895317906268287,8.463114556810536,5.7027138543156815,1.4257976175688092,0.1261920975124063,3.009380717660151,1.9884249472211488,1.7592839890158136,0.21444404128757028,0.9635137842948087,0.940266731000119,0.2648637314166073,0.04541171914293392,0.0272497876463818,0.0033213646677047585,0.013626067193600667,0.029226420697607988,0.01787810639311801,0.0015645601322335592,0.0028294799100555003,0.005200858752967962,0.0023081242748123373,0.0009336456611995167,0.0027525220480790298,0.001038678741371869,0.021921958817251605,0.11651267868817448,0.2816428868057194
2.117647058823529,0.0895084030958001,0.012826716535044035,0.013351478697485313,0.01709068161148493,0.007732690398450161,0.003142329479210465,0.019427691508497304,0.005685513172521395,0.005432697521799431,0.0052227185912874724,0.4020605324012291,3.3522693358225957,4.255258243714557,2.098065277219731,8.530524601923721,2.304395315402102,5.4466095904404455,2.4265647507461123,1.1879419763903267,11.981697817453718,5.2878793365318195,0.1371830203885333,0.9273438983411904,2.2128062545453338,0.35596800864733746,0.5004684997835664,0.6261441532200058,0.2658670201597927,0.6266604375741615,0.21771500943820882,0.04465179210945419,0.014846216728311337,0.014233352426681936,0.05025532093221653,0.059252637928705804,0.022192222701159767,0.0010165514424797144,0.0017047970685417071,0.0026301755409941126,0.0012488241980812076,0.0013630851741927956,0.00048688705337753175,0.0011522957162228636,0.04205763963165407,0.5630497999308479,1.4333221822605764
2.1323529411764706,0.02364661021758251,0.017097743058344005,0.022394491939969584,0.007449955982780903,0.007136014394602361,0.01006652657900305,0.013254186711156364,0.0049462598075503215,0.00417085993260419,0.09560284834846626,0.056699802349509346,0.05437845394767401,0.5916663815471164,2.580207349588601,6.053099625717329,14.235548509881678,19.105142096979293,1.8201919197429084,3.1047955649087466,0.7973462251053844,9.862524683954963,7.265822680179558,0.3196448740420338,0.20203003908354963,0.03987546222137997,0.003931046098582251,0.23200228765379746,0.05146102708452388,0.20494910348579237,0.026970743493922,0.00732918035373553,0.036283158632864486,0.09474728654386612,0.06823251559409027,0.029677270223380382,0.00838139234737859,0.003661828231205676,0.0007118171937208416,0.0009548287900606313,0.0013352586788573679,0.002499756389622327,0.0026195002742042924,0.0021291806715791764,0.010663140085701666,0.03572830640225264,0.32076689732691777
2.1470588235294117,0.022291919542114333,0.007959716395163702,0.01593459478113364,0.007215294144420891,0.012731297118737432,0.011722272232757172,0.007557258516658859,0.006107312623509133,0.014038430505917118,0.005867464507110778,0.2988789156472046,1.869855363128423,3.110972025578068,7.470468018074532,1.3481348321700954,6.565416230322622,17.424328103935974,8.026267039981157,3.0528950588123926,1.3289364621849449,0.8692587236192162,1.231418844832926,0.2004079448730119,0.08090864633716471,0.1280720291202883,0.014036118341477853,0.034720231067534135,0.11653606104819983,0.1218282915113637,0.005628751450185016,0.001000977857571402,0.0112660455636041,0.02225273324976547,0.017706466730276683,0.010594088808101691,0.003525879443735699,0.001983798222682426,0.003116392952054727,0.0018301424014073864,0.0020284234632485395,0.0019698851754905867,0.0009194318674243539,0.001291946126483601,0.002069602597651983,0.012201805909934145,0.10767859746699668
2.161764705882353,0.024153742921483336,0.018528251437752045,0.005461466927339617,0.009627726901436975,0.012679511585576602,0.01075237395535657,0.010553398351297752,0.004729409562873687,0.010441260600992142,0.033909834299315864,0.24316792107007607,0.7956052596756853,2.0382821367829718,1.1386295902713457,1.4410313418310732,0.303030289595862,0.3395769304585782,0.7234351695096675,1.2381582953410133,0.907875847996916,0.010185114359614118,0.3659487830711158,0.16097378967352774,0.08258922298612824,0.1714765517581896,0.10118448784788356,0.1706839927825607,0.17681959360307675,0.1972714950282572,0.042965202143604796,0.010420413036853298,0.004946416684750387,0.009869836786754255,0.011367818379042001,0.009198211089820317,0.00461107464803013,0.0030073521749713144,0.0019633151411665947,0.0028849152624111033,0.0018977861318023796,0.0006555417590337384,0.002394028773889269,0.0009586333629594337,0.0027753810084028318,0.04289998323591791,0.03630061292123922
2.176470588235294,0.03440992544836255,0.031044364288763636,0.005746024181170051,0.018229421800210508,0.021259487928478486,0.013364452361402582,0.005991307185009072,0.0008298771833457775,0.012212759321263884,0.021653820864199324,0.045909205597437046,0.16012351215344048,0.03351261371187013,1.5123096450990379,2.211813352064901,0.5842786137721984,0.18458970255482093,0.24465578033261545,0.11546038281803317,0.09530249922187584,0.03210680368395825,0.024847924955575938,0.29675343870451526,0.019665835187598193,0.21092182349938465,0.3337455384379171,0.31982675491503176,0.01164806570453608,0.2829615423976155,0.008345711720718622,0.005890284805378434,0.007842098923781102,0.027780599564391592,0.0013296272767322381,0.028157178653274342,0.011901412378241157,0.0034726017477062898,0.001650762544241631,0.0018886630453158438,0.0018327325381185602,0.0004661117908007663,0.0023485055351423235,0.001979541531270682,0.0018292186707841247,0.0010553810435132305,0.09952883372038848
2.191176470588235,0.02238264741010145,0.044562917524044975,0.015764122570935558,0.007351914683716866,0.004713963954190293,0.002528019602223178,0.008868986231940709,0.004079924524033549,0.007227229645648801,0.007681768630597281,0.03382224795635488,0.29193630465027576,0.4185468672243412,0.8924341507668657,3.3973770530279674,2.8524426248786767,0.9831506494370938,0.32264491255121885,0.4694353102017811,0.056630539234960996,0.7546545087843005,1.157664561729061,0.030655087455211092,2.165269387088074,1.3628663931626983,0.33832793703333575,0.0409099601511613,0.09018005720040301,0.37521475311201824,0.005065324529455801,0.0064653069324968745,0.009143414603285546,0.007542214757950496,0.04312357758847273,0.025338838039073122,0.006055909406807639,0.0022330050454925023,0.0002855597174485424,0.0018725076673415972,0.0015166811791051727,0.00031535813144001475,0.0006454636020933395,0.00032322732797494173,0.006146275674433325,0.012660958698265994,0.03472777232338774
2.205882352941176,0.03282178319059398,0.019634960425138168,0.0021122846260732634,0.004135191695867979,0.0046832057252751014,0.006679939433452156,0.0065619035978768106,0.0018825506054691884,0.006504221390689843,0.010399459820537967,0.024035794804711054,0.19546897207533612,1.8394578491017906,4.0900992925315425,5.183955472065991,2.318979857472014,0.8452086603530767,1.3720835821334716,0.9429588880832547,0.19268102032220413,0.17891068352743428,0.20185881492673388,0.5181744400329105,8.821330725268535,9.468203854012541,1.1937978947328198,0.027630530109323027,0.06770119729852768,0.07494917212403121,0.015594253966660603,0.006384569229158301,0.003423955409768584,0.007277049711481743,0.009936584012567046,0.014593681807918573,0.008442608891044517,0.0023761952395920088,0.0010143335471362335,0.000761809358201011,0.00012566131936726143,0.0014361683049988658,0.0019349924804016754,0.0030132903485433704,0.001543163705592233,0.03790994871825606,0.15345893025165347
2.2205882352941178,0.08419645127157704,0.02485902847955791,0.007675669882082637,0.0043372392868548555,0.004297129135236366,0.0015616657651899102,0.013308496871951018,0.003122058033797302,0.006577376123554356,0.014957577301203935,0.023355447959621682,0.02954380091045032,0.06983754291355788,8.991502273217387,22.43535445722936,4.4250402086537175,1.3386762643445724,1.826550701893316,0.4332300887287608,0.14397961603583687,0.27621449144887933,0.5283909614908735,0.8844627312223634,0.43505557755168067,4.182985432934176,2.533632763846693,0.3103577267616937,0.023398117473898212,0.011957317373972879,0.0036227266249663696,0.002166863410756597,0.004224530930405869,0.012079318500867619,0.02267630756290942,0.014443673044304897,0.004252573969984708,0.0034783117525299563,0.0018383294973219229,0.0028656704578743845,0.003062427676733481,0.0024555106584846294,0.0016036336654963227,0.0005241874864556286,0.002765632760987117,0.017500026641423794,0.20570585995440052
2.235294117647059,0.04553646842676598,0.01498304004050655,0.033537118860660714,0.02619536035955483,0.009546844890137983,0.006188696577497414,0.011521256660776368,0.00357281726667645,0.005284622167224565,0.019510532798710258,0.020045535604084126,0.2684317677505991,0.01919944866548551,6.995022149504328,22.64852221104543,5.034127876085887,2.4991834158143353,3.7676202807032424,2.9367079195846015,14.534389942316013,9.560392963655314,2.159067503904976,0.48434734397446866,0.4232177459686144,0.34186872037185334,0.04759655273228483,0.06089634003429603,0.011687121646130245,0.018855038635782986,0.002233032905780038,0.01666192563066722,0.01343666087515026,0.015774630369670778,0.01389306127625939,0.004534668216007674,0.003163264232142423,0.002003474184383638,0.0012509559638866081,0.0016414021577919155,0.0012247009456338278,0.0011157497623433715,0.0013700124093966326,0.0016054606078119691,0.01500850371087399,0.1668279753148545,0.19879921367099285
2.25,0.028884028302116234,0.02349165257161937,0.023891439669403547,0.018057930772710715,0.008708103437780583,0.007458064376799753,0.009719015120752723,0.01313130424325916,0.014997958728209752,0.0022252235583007708,0.010190579327481818,0.023364105638877954,1.3335221106359305,0.5994006288238043,3.2452740985742983,24.555341448734925,8.012870509237858,0.3379720168682736,0.04509016062826162,0.5748034580098715,8.873725488553989,28.409296390646368,29.688652391555127,10.440348576003414,1.3409911453946077,0.27812057732974016,0.058330181141925064,0.011936581527568378,0.0215496348851329,0.015829336348733226,0.011927679646543819,0.0022586406188963262,0.0024161177183994026,0.0014791407734736205,0.0027755584992113056,0.0015579309270774078,0.0012253555121233873,0.001052026124667338,0.001628320561741314,0.0015115698361850888,0.0002111696402689136,0.0016899394160673172,0.0027195856138193582,0.010568129601939591,0.1602934606092699,1.3895032198034585
2.264705882352941,0.031177074232998873,0.007113361134900041,0.015830383690110847,0.006754585449353276,0.007996258917886363,0.0039078432772305825,0.006368598995676506,0.0030839614584929637,0.0053609822814452285,0.017784702208450333,0.023205802299763684,0.19020366939974495,0.1130413473564447,2.755389842187885,10.823267532408602,47.664007253328215,175.7490133890708,82.37416463698511,9.034140523014717,2.1623068036686437,3.1084852536622307,1.1772790385085745,2.0562634209243202,5.595379789547759,8.005706151038929,3.841396138393068,1.0974438308697367,0.21846234033654943,0.015425217740524216,0.006750449297263509,0.003031420416900698,0.0020832146674336057,0.001385327782666144,0.0016247679790236825,0.005739339899036835,0.0046043706740516,0.0017994186972887824,0.003434791499473535,0.0015048642357148622,0.0010625418629555176,0.0018966463125834041,0.001546295146341265,0.001780980486141088,0.0029194209305137206,0.14997387352075198,0.9796283859756112
2.2794117647058822,0.03542132144250728,0.004000952584594658,0.022300674585458077,0.010543781212899863,0.007671960724278559,0.006897057653049397,0.014439630306248495,0.004544867032496325,0.0024938250826709784,0.009183052530467178,0.016210242828910273,0.05841418551844061,0.34505241802376896,1.163523141045562,16.193252720221484,89.07822997341985,1159.1309093538553,549.4008556489816,23.13404510291055,9.377383371808614,9.020308032422145,2.6120871768333984,0.6530577532355262,0.12946498787594918,0.0413615490661775,0.3422482476288483,0.18172034717056518,0.0699762329222326,0.14686897267925292,0.0028749317844960383,0.0036388885202045607,0.0006906409007083995,0.0008786432884894976,0.0012765181743255906,0.0023457552115970478,0.0037800911125772715,0.015341204470422386,0.004072134736308904,0.003960258840418916,0.003998999300549384,0.0029456256574429554,0.0013361151309213815,0.0030533431524633688,0.003977761708527463,0.06407545137901642,0.04112872659373935
2.2941176470588234,0.05709852203227544,0.03331193509421105,0.018431792747300613,0.016029193314598747,0.012434601958464618,0.013596746209073753,0.009675455843572383,0.006082781131728898,0.017804177696896527,0.030798621085209615,0.07793831365878345,0.5242363125771584,1.827494881579507,22.538412273316748,161.02467921001175,464.8589099449405,1327.9154679242988,3490.7430546535306,5125.731970022285,5403.687256052167,4988.214390054451,2806.583096266467,1142.6348627972152,349.89484500588935,103.05700995556322,22.879339771221815,4.908978685605701,1.0828393543161459,0.18619846315047636,0.0241443290079355,0.010612872473398396,0.0024277720944035756,0.0014542785992603517,0.003503548643474524,0.002212058448663362,0.010113309301482958,0.05983596439117916,0.23449287417478476,0.3219068326379646,0.07551970632508549,0.03293826288587483,0.05187736737282383,0.030537633177189032,0.011300493639153395,0.041472285394226274,0.33312947009796556
2.308823529411765,0.0977119439018287,0.031051429949268395,0.007624282290017921,0.016947631028084408,0.008339867418652776,0.01608780807663226,0.014106867017136378,0.003241645479610114,0.00429625121300024,0.024918712898136006,0.037441814434570286,0.9582830941722115,25.111609507723905,61.810082728225424,73.51533543015162,25.37568736094348,6.860834430491713,12.923380436220917,2.7828304352731785,13.084868891760365,375.2050116825681,912.8986261492666,3287.749922409728,3632.5216364908374,4568.282237149682,4093.2884815963266,1344.5656000392578,257.5966290979057,47.8873130145486,0.6211858895709248,0.23119149646778486,0.06717593730790536,0.0036513383083579464,0.005274115082004786,0.003176600929296243,0.0021754256656174456,0.001895208187671611,0.008401862641040557,0.0630180156693804,0.05405504265151119,0.002394888947288752,0.005172928714781262,0.003117679930714244,0.002733771384917763,0.13192922585270322,1.1110281875315506
2.323529411764706,0.02812428574653495,0.02452218121358473,0.014476214744071259,0.0030484941953185223,0.006931210368493567,0.0074054057140339365,0.01072135365703553,0.0034287811448399947,0.014717845414728179,0.025782686090805265,0.19459387236405615,2.4077730734543374,13.711466718997187,67.77762935950194,64.74742367412207,11.397408257532186,1.5402446629482922,5.331078414890482,18.672689102319367,24.960244255207407,4.125290925388036,8.53365025294945,219.13106465243925,457.90581780576736,309.06815307548607,824.8339864233262,281.48613150053575,1103.6892844148729,92.52409840504599,0.2174744039959624,0.08742977248473371,0.020287488687269067,0.007414209128688851,0.0404083346647866,0.007016048855213904,0.0017496611768461987,0.0036120130681283674,0.0033275735370260854,0.004550797630915915,0.005197244256631113,0.004621106251490023,0.001630265275819115,0.0022757568093225407,0.008276764867950367,0.07098773352049385,0.1966629482217234
2.338235294117647,0.043566565589726144,0.043012649157402966,0.02678904182706003,0.016187963014228243,0.010270135869488065,0.006072470664936306,0.013549157518033927,0.005595153744621263,0.010625878774702197,0.09873839682430396,0.178671296155483,0.3369442849205342,1.817843012090345,10.980447974646673,26.699463383307464,1.060415332826872,3.8317984425188323,5.159542953761261,7.998871059711049,7.897413891845049,16.10001355262068,53.56756037611862,28.943948677342345,29.088971866244535,202.83934061300545,483.33839127843567,1328.6338955612555,2114.092425764439,1521.8354687051988,55.99635319384757,2.4087374827958903,0.2537911655706333,0.19328441115517941,0.013083743660028582,0.02672217101426795,0.026555442256868237,0.0214716818443242,0.029031269294209478,0.01948160752949822,0.006557403674676232,0.0037445045585493665,0.0022245715280885823,0.0028011568264114527,0.005697438319286115,0.025373767255085014,0.3533466671951756
2.3529411764705883,0.08315622126918329,0.07262465941227632,0.03540548953093617,0.011712312356027052,0.011607888709793825,0.011695907661879317,0.049788209211375195,0.053550656232783586,0.15447463980413234,0.3770984422295053,0.7373435867993865,0.9649895186354784,0.7034120325425168,16.18356952845322,24.167684132100263,3.0001521166188168,2.6980979838403547,2.256760695407125,8.202297332657775,0.46574837923253515,1.9149821437064114,4.564221310844848,28.189425391125898,26.1140144860087,26.29681481719569,89.05124969410353,62.7421166490042,265.93396661393797,738.069340330887,101.07756111986566,99.52987019286772,16.161144999608084,0.5686261981882843,0.1499519249237363,0.231945692361413,0.06882164454304324,0.08137034764992412,0.0362602397729318,0.004035717690261797,0.002292499358365039,0.0035177887085495706,0.0013968305009893992,0.003280243957113416,0.008793505807170041,0.31480373224560226,2.200397866954404
2.3676470588235294,0.12178359841751851,0.04291951030470763,0.02797779252211111,0.04014082349295272,0.02449933770680028,0.017396603799441242,0.09755480248837625,0.02133737686602844,0.07771278255562625,0.06591279469025539,0.11680054576345242,0.2574816099366463,0.78847813496531,8.65865350437798,10.541043805014525,3.3171934426167735,10.303879321018904,9.229871367724765,6.183577211399587,2.2029213379884216,1.0704819801430099,8.955083376440118,7.347609839302312,15.74063512290006,20.43052590628627,36.21963613455925,6.524171162990348,56.1129517585013,109.45339680572084,38.90165023348602,48.30205569133422,9.958569272770546,5.949386362306967,0.3667700495617211,0.015073958199178486,0.016274694213676978,0.006291226487777821,0.006290946512888899,0.009689458568132943,0.006788929321632762,0.004459189555954885,0.003148427233750099,0.002385433719690037,0.010389659745139885,0.27627205090001383,0.46123504339936783
2.3823529411764706,0.14384857457681435,0.0309163792697799,0.01530761084807919,0.024693561253957823,0.017391037527643434,0.04404762748410254,0.26503318623693667,0.027255446027190666,0.02315538906818877,0.04625706542903493,0.198125692425419,0.8842359221238845,1.1675606236490812,7.587444284166147,9.163684680870276,1.8786185075437634,1.9094502127916764,0.6633491006025236,0.10317035889471984,5.168104148832191,4.089563220441687,6.499287960184114,23.42062650805938,16.727804926850446,1.9205992131302403,24.44587747574018,22.341432464164086,13.297856292351568,46.91964737669602,1.4110487909976261,12.647658671148523,11.579029226098527,0.9415478480808405,1.6623461029858886,0.20756354032546492,0.013747406592756774,0.00497689855086606,0.0017237878374501228,0.001837168348793136,0.002470472410526944,0.0023256849310017425,0.0026625196154604625,0.003065517129245929,0.007592911823548323,0.01189461413412413,0.26639870766991364
2.3970588235294117,0.07169765186836421,0.08047804897261666,0.004536339351743949,0.007910167911760782,0.005356947007317938,0.01034310506707509,0.019451588319318015,0.006656218725668062,0.007174375802114781,0.015594359327739367,0.08831582791430434,0.17201465432419558,0.10031140301459626,1.6129948438224395,7.552054105216125,3.5506198878068957,0.3856192632389141,1.091105114916535,0.3005674058158193,0.9793150701749731,2.6014123101705136,4.302033806382524,6.904455849789674,4.223649047358108,0.6927335343993548,4.636799429769265,2.7325691439369217,42.85005362909324,38.03715102380805,2.9329070334253773,4.408086393320671,7.132534462401237,1.399097932602795,0.07997281567754527,0.15172083000951214,0.025829682020815842,0.004958033624312332,0.001065217288147334,0.002693161688900959,0.001771718620016888,0.0013036626006256412,0.0013896889336938258,0.00627436179161195,0.02359381037015474,0.07705538828285152,0.08008682541437258
2.4117647058823533,0.2144773819103134,0.12146402786971405,0.06839735744655663,0.06876055171171452,0.025196437867717848,0.0033203236862480905,0.022823437750376728,0.008845604003047335,0.02524342191789925,0.035938090431947525,0.0925550468792323,0.23971697718027393,0.522155214722728,0.04319908168791797,2.336668445759736,4.293137624855746,10.67092720823142,10.726774814104395,9.846992399358989,6.285257980906903,1.797748411399903,7.323285824035906,23.366513012175858,12.726300197073453,1.5309858367913187,5.436825653184197,7.223380412893482,2.258748100973525,3.6567549547887834,0.40478618438826613,1.6733443700783144,0.45761932356030066,0.20210611918378438,0.08212070909579958,0.02168905089985511,0.004765150344339091,0.005001135760103322,0.0026889670341335463,0.0024358524148363142,0.00270544980706007,0.0036208348986283808,0.0034896112706473137,0.003851695179386713,0.004642943866464144,0.06792511321294448,0.4075023078061917
2.4264705882352944,0.035125886617061564,0.021018605763469568,0.009909374235094283,0.00936341913358769,0.013179553445726397,0.0031380057209084017,0.012364224393554266,0.006744321556979699,0.04915144917647887,0.33325144336880275,0.22607138809494537,0.09457073365540507,10.152992274901727,53.370465344862055,54.56429404884608,20.640580283061617,0.9802294623903661,16.98779583724932,1.8232020139356924,0.40917468728924156,0.35171299717192667,6.455170229260187,17.064066261129177,9.023736826898215,0.8771099466425268,0.1975521831309308,0.6925228546400469,1.752163092392813,3.0432547638001557,0.10111514449110576,0.1359079456713703,0.1507384920600047,0.03447905049187153,0.0017591986281419853,0.003094847662935895,0.005159491123862461,0.002318457224379941,0.004015828242921094,0.003730396748122595,0.0023434121912574266,0.0013185135977241908,0.0019485981368638052,0.002368172818564148,0.0021469278948915323,0.1067739025674233,0.14534863696269337
2.4411764705882355,0.03951745197589873,0.023733184786811894,0.016231515286624865,0.005990210454366219,0.0009933108070206533,0.015265331771213999,0.02971588061676493,0.019971754008554964,0.11509403142911269,0.17478807243188166,1.0691782933746636,6.6966900617139,9.455072232258146,14.19015099987699,14.848257515071111,37.92306584328326,20.07264228334735,3.1680677121987055,11.19305832142598,6.030851657261635,0.6890265174574751,0.20034008442406148,0.7442417961667206,0.5258447378293544,0.08562556350143836,0.34618166571855213,1.0650610778041785,0.6496375452499299,0.7091667275444624,0.07240256619234817,0.042850137991930236,0.027071233272385795,0.03440256742617157,0.030745219293754025,0.003339013045212321,0.001988254523983361,0.002511143091152976,0.0011702582040929426,0.0022356390982495354,0.0020299926787133984,0.001679215718192001,0.0019295552639729578,0.0021288174566899197,0.002327242246697947,0.11402653649794478,0.05437094826241182
2.4558823529411766,0.014685473877534503,0.023494364270287837,0.016271822334065506,0.012038668356362777,0.006430897762240687,0.010256001502102555,0.0398538734682298,0.0018210786480060246,0.015055666589990219,0.003882603474741961,0.8707882283478399,1.3776780850256396,14.190142297963508,43.641875984437945,22.77215591802588,1.3633363071777436,5.896604382002412,0.4667005374629334,51.50183123032417,75.07873992416945,6.489529461414245,0.7920059963631461,0.3780096794409251,0.7408461427325864,0.30104856808731717,0.18317095386701004,0.01061660263200185,0.026121790509211137,0.06216173364850789,0.033533277152426585,0.07070668169899248,0.01732388440597154,0.010896570534492236,0.00039418681467112205,0.005271532946704445,0.00294782585599031,0.0012165284560501906,0.0019093819639867697,0.0016765498665823166,0.0013037973493095103,0.0017400602800533482,0.0005653449877966476,0.002710562470249381,0.004609804117394243,0.04786508815342477,1.1749300865817027
2.4705882352941178,0.036144582540627995,0.035331821376033745,0.021154084864880383,0.026849708180465615,0.026229543637401126,0.0036170620059058356,0.012444579281376687,0.012280099479829245,0.025227290923959936,0.15216595281697448,1.448503932566843,14.742970115887097,15.021702521591845,5.110812953525922,5.366239081015941,0.5813985535989286,3.2624610869538744,0.7366873276843179,13.08950836244156,6.661342824189189,50.54044711574264,29.316832891438935,5.763633351093656,0.7039783521339122,0.13874722997681407,0.01794448920631221,0.16669823840930775,0.37145749566328035,1.084360021831123,0.5574838236778641,0.0952356554591447,0.0053253115978835405,0.001993200092144691,0.0019251003102926786,0.0016663984763225985,0.0013375091803696343,0.0013038215065854226,0.003071647110643373,0.004645983122029343,0.0008367104430642626,0.001265028572306808,0.002366295243004196,0.0030786742190224933,0.007066313414821515,0.12193490788294563,0.03327582169974697
2.485294117647059,0.036639484726100784,0.018573376345358338,0.009427565520001246,0.013216542929258434,0.0031520969422120745,0.005257830394684333,0.010009687996859872,0.0018336529479281221,0.03661337271120582,0.17627841753183512,0.16763538879547918,0.11408996474416544,1.6651966588230325,2.9614969806978833,30.640784277407448,33.44664504792625,13.685842034680192,36.471075861894064,227.0087277116862,300.3766551064125,165.82051544204222,34.72411573167349,27.13464973377042,8.038616486262548,0.7719394025849375,0.31715107547817206,0.43710896435055957,0.3629215851625899,0.8757976309743616,0.05807822005926694,0.004629661060765794,0.000977518253318949,0.0021171706836816875,0.0046041359442604585,0.004492786052397868,0.004197829310675098,0.0026909803324492217,0.0022007060297231994,0.0019344257961183544,0.0016410162692516482,0.0016217012016260198,0.0009445651986680608,0.0006069437567560213,0.007088719478298835,0.04275318231054195,0.16224761890932288
2.5,0.028124058529133085,0.013554498894575827,0.013031828520906199,0.026247706987455655,0.012810295128652272,0.00646950253204588,0.00979396365135161,0.010707136669840779,0.024136729324059136,0.07665626500322942,0.1510504663397848,0.7297597846393806,9.948489471411827,41.27018262351025,17.80995037757809,6.25035243460659,15.112536481801168,9.063772287949206,126.09231548000956,171.28273691823642,546.1271202881164,1326.0003999376413,1057.491938633313,660.9217501469875,261.9767307338691,64.28340266172134,7.812134209537124,1.5475446022717358,0.3973807360702698,0.0098991573664737,0.0014606517527301433,0.0008006988361804596,0.002600564008583089,0.0010906437413606995,0.0011523243031453711,0.000837396870303834,0.0006412834822398644,0.0012495254706723549,0.0032706903967576677,0.004026337069238599,0.0017350551829437822,0.0012755581587176549,0.0014503477601160739,0.003968628270041378,0.029765447365593133,0.05420104397431558
2.514705882352941,0.02564519764774265,0.023471667095992008,0.009723344698037529,0.010320501937500802,0.018880659639196554,0.0037447876744117264,0.008307994745516047,0.005804089120619692,0.0012007111737064719,0.010776367037115517,0.1287106152418095,0.5186482309319931,7.038456152759851,25.638051476909467,10.324184750436107,12.65274147921912,54.23668077727164,78.0615593891815,94.38967291674348,100.17132691152541,72.73889503033774,66.21223698218944,126.55191809187505,53.995817567124774,47.149440473655204,177.2432277924368,182.50115443862632,17.72625741475671,1.0560599445490346,0.017742564723145005,0.009043775955648252,0.004239366363544705,0.00151489542169401,0.0011267298550734813,0.001232797415433698,0.0010878726674867175,0.001220988329953997,0.0012955569022371114,0.00039662298453693723,0.0019578241704219473,0.0031901775260221384,0.0024444290691508813,0.002759781044560949,0.0032567252838740634,0.1964335285583021,0.7396603879646885
2.5294117647058822,0.033481550499234104,0.01839152110947925,0.019589016693344355,0.004471967474051104,0.011171733546822521,0.008722068620391146,0.04059885883619319,0.0035924441515235326,0.007101488767264338,0.0096946790499703,0.016984108301617833,0.8542887834841085,7.007099303449093,4.839426138054396,8.001737838592128,52.05073794271297,35.83627800234202,14.917659809852303,17.687553528698526,2.10847662083834,49.93312755489029,164.3692857999614,105.22939947201903,27.219722177444865,47.79023943362367,159.76084979852806,238.4417593631232,72.09306979009705,11.397586908539386,0.12930706479697715,0.021881782922737947,0.0006727112667856414,0.002691873870748568,0.0023771530754171945,0.0018486338861392626,0.00047083545376061845,0.0005023327479663122,0.0011144173214875184,0.0010398886450900292,0.0010685107610232643,0.002973434095501536,0.004364757290038855,0.006317723244162583,0.005605049760630548,0.1994680107454081,1.0638307226314943
2.5441176470588234,0.022151765830469336,0.04402038670211378,0.0432893582889239,0.03591212581786582,0.008055488397672833,0.004337827786965162,0.04266425502010598,0.022097896627661304,0.049174693212305366,0.03557979332301281,0.02818751987406734,1.2345604081080643,1.4996666860418257,0.7796636959946687,8.55992731628501,44.596352634371215,41.65341660428732,13.41691442643439,14.080434950822875,37.70973334295202,133.6079084346706,42.92022542550802,11.312995828925008,24.928242408222307,32.96556705059034,15.725516264592954,48.563530492848486,133.15188004793646,162.36571981614924,9.75315877197205,1.018307922780014,0.058065200401055776,0.003797463748021994,0.005319259331349958,0.004763231773908402,0.0020638871977889574,0.001840636035665659,0.0014457637381223706,0.0018834585862680126,0.001558981752913759,0.0020898497324552475,0.001080651348531444,0.0011498767040784875,0.0038818965234960552,0.030667709885049552,0.06589467441252769
2.5588235294117645,0.019946019868688,0.011541225839192518,0.005184348187761945,0.014191014239201508,0.01038851603282418,0.00634843143521829,0.013932291075710932,0.007727032829464915,0.002966782816687821,0.01797287454797788,0.08414442559357038,1.197828454899536,1.8711967169210824,1.781707651602229,0.7628504302927064,4.635654483822971,8.954317957657073,6.449569298224496,0.9988751786625534,18.3313646408826,52.84179377034671,8.477432722090757,1.3046113906672778,4.573464988531926,5.356154461892057,3.377623121375597,7.74873832419501,33.2503937044344,64.21930995506189,2.3479464703678965,1.7230293851944514,0.02640082028557521,0.006731957077154327,0.0038430579061277943,0.0026372457129718147,0.0016859486365006597,0.0005896473611594026,0.000605682323601354,0.0007071168609341375,0.0017649060754740098,0.002041938515529431,0.0008217470192882566,0.0026020397129731367,0.024174786478873077,0.18086011795404133,0.26200413213520124
2.5735294117647056,0.05223134909048743,0.012250757256073067,0.022397045799172337,0.020647639041187296,0.01142244011688107,0.007770038555602776,0.01982541890843939,0.006033472723581294,0.01902011216065723,0.023775197182645952,0.025301830983090905,0.19799516959758376,0.21195277955269562,0.7743611860760724,4.057881442080667,36.19712285873224,52.38849833993679,41.04904976982371,22.928271249352882,1.3774194661922339,26.128595050140905,27.165796753516332,2.1523166442591277,2.0344894814828094,12.626019909330466,6.760019249769871,17.201223003409922,44.75329657797714,37.49591370777948,8.590015238919246,0.3175832853123121,0.02938004660086487,0.013688744036350823,0.0017935275186780992,0.0013140165074103575,0.004223861771967877,0.0021703863619473725,0.0007449799963987235,0.0010647124648468687,0.0008752286268277075,0.0023536273525490603,0.002522672206094656,0.0031202806360754384,0.01957272120660073,0.09162522050528413,0.07966070935706093
2.588235294117647,0.05424074631308881,0.051570348525865194,0.02855321001051689,0.009540158011522835,0.008878946715026736,0.004526262583497903,0.009876803054354014,0.010899408826744082,0.01564953102540548,0.029982763759432984,0.05324071689707834,0.018205172991085615,0.17222005631189452,2.3296307773216736,4.045996484065398,4.578313644561344,2.5765641563462536,0.6053693353315429,4.079174629148266,7.00734311269351,40.058262009690424,18.430623316162382,1.5080350972429954,13.702072934811962,72.40743096408426,37.7739290275372,5.119474450113708,8.372484938140575,0.68736240449326,0.15089392980018823,0.23172268901586907,0.5432000726328603,0.21439998673918934,0.017252332018563476,0.002598269469101103,0.0006106345144832008,0.0006368150983502717,0.000618674508160299,0.0008184471351024569,0.0009469380361625434,0.0013168225696111838,0.00041430492974846127,0.0028197908213167633,0.0012255562037338354,0.003995613800332214,0.02409880235610609
2.6029411764705883,0.06565556210053042,0.030864561941922657,0.007074287425680474,0.011968617627184753,0.014029193558589888,0.009840202695823023,0.022881847534932158,0.012913708973630422,0.004726215729277401,0.032197116693269065,0.14321630278062383,0.368184292704841,1.0090921164669653,0.8163531337190828,4.0486500134427255,14.562861821417556,6.601480574447269,2.847952057479601,8.350576115544108,9.564730818608224,1.9992571326547257,10.129972596259407,47.15176870558558,43.48796142720326,1.9020836562856676,5.450526751395389,1.6465005032670543,0.2806093305911121,3.8408139615471812,0.7824174536922579,1.1565402816281667,0.18657204611906097,0.08105122299738672,0.007980760526649656,0.005668169968223835,0.003558032827993768,0.0005927172276195161,0.0013167648429795974,0.001875845176314873,0.0015815337407793163,0.0009369064673841262,0.0006637305482409977,0.0008047231978241086,0.0030883620960028176,0.01206310783459351,0.03664229242961358
2.6176470588235294,0.013450251279408163,0.02117687444580479,0.026649925425754624,0.01304438170774815,0.009453000459633184,0.0013844738601470731,0.007487582604989412,0.005930010799823593,0.013020208634086051,0.0255894476937525,0.07706296725720492,0.07862133762814501,0.20228516436047367,1.3317169339698913,7.063873259550462,19.911535369307686,1.6004700429170176,6.396306952629317,8.253127698866102,1.4416528401563478,4.91361594327393,16.775874183591704,7.44703368796714,6.040058818827395,19.561663016415807,10.433889440405089,2.4579626103499095,1.3505478783194504,5.554303512874553,2.6807279890555233,0.2272645798250948,0.019284712811946353,0.025520697528940903,0.005040499297666467,0.0016321992439315973,0.0007649451772107045,0.000366166644101405,0.0009303844360922227,0.0017058918208585124,0.0008884819278962462,0.00010006500606072215,0.00024131822055797986,0.0016121994625330396,0.0028313227750369047,0.004430623896406003,0.2654411171853349
2.6323529411764706,0.018589630608744686,0.023315965734940124,0.025971122712540998,0.009901499388055257,0.013684688362726082,0.0028625727132913217,0.0074272013118745215,0.016337432061658618,0.01603248059912274,0.023823890763436148,0.03833407300291147,0.09610190510870209,0.2949552484205791,1.3864672532185778,14.782756942955778,10.04568117169201,4.423025544681993,9.004688582508745,26.90406080456308,11.803263954548392,3.1013068390439904,0.28670290509143403,1.9879796222187325,3.693377614322665,0.21598525421964243,0.5459175784788004,0.46717148439553946,1.411289322986829,1.1496504934354692,0.15070752272227453,0.011244754422838418,0.004011567803040177,0.0020346906470418594,0.0009393363241422708,0.0012669104765604495,0.00259234542460673,0.002538990356825469,0.0018100611494528947,0.002562096669886736,0.005360419421654921,0.0028188941843752214,0.0013013924160441774,0.0009094255627634794,0.0016454967230796892,0.049297240862762964,0.10085908778731528
2.6470588235294117,0.005213629135584291,0.011637494350059256,0.0015788415078991805,0.002224464753194418,0.0024622891289225878,0.005351564021573867,0.019463949609124447,0.01070708626157451,0.009257677207995245,0.021502548310169844,0.19973049758798567,0.35743536420556526,0.24884769522238348,1.0748560439730708,16.210532320514893,35.93766472132693,19.094114516836278,2.0694131116333745,14.004687244504643,8.768157229248882,6.042690729236924,5.960549949994876,1.4782972229240343,0.3231714962820118,0.10000563773558063,0.17033819006444118,0.7118490433978985,1.2102091227911447,1.9867390028668117,0.05385729208367362,0.010869128934180346,0.003781202524039927,0.0010020123144260957,0.0018502204883837057,0.0006521837386360839,0.0017479383762895174,0.004192001608581299,0.0027009655636263613,0.000625711969917275,0.00285436215762734,0.0025371373268420015,0.0014064046893453278,0.001578858409010845,0.0034488370187187854,0.009121053666055624,0.060060791517274816
2.661764705882353,0.05085712321239112,0.029401799893041113,0.006399768110855929,0.006471029689013731,0.006811624251437577,0.005206613023942233,0.014663930036700936,0.012572535400806101,0.010037438094573251,0.0016750063943573581,0.07016929918748221,0.27903909770262114,0.6461161606734374,2.7374591741652115,12.778045277391604,4.559863945222604,9.110174918222448,43.61850807865547,276.7863198399784,470.24458863323366,137.09300458184967,6.424845045927056,1.6563793623755294,1.4313786576015617,0.17951051029759663,0.235940459441088,0.17237873799929015,0.18536602021797896,0.07024017457815288,0.014301734299049636,0.005554273445774609,0.005681900636316638,0.0026007482118731336,0.0035233250140420114,0.0031754633426913335,0.004169671291692052,0.0029122599332668778,0.003837714291643561,0.0030888656840863202,0.0021467320871593103,0.0010650165551197562,0.0008375166581617601,0.0012175193535671812,0.01461725697595213,0.10526822929378118,0.15728462773107008
2.676470588235294,0.02497813996927016,0.015567091503319669,0.0178442684517268,0.014250014086445975,0.006850713746052679,0.002707246798914189,0.004978404237809311,0.006997639276688279,0.027018712741461136,0.18158806357526577,0.24841277472114126,0.6841365449144047,2.491019128937163,5.04933222315676,45.05753280062228,34.39305735343065,38.58826084955257,59.7355160525353,24.292693648405887,259.47440476763325,536.3781659859995,823.2793317311077,592.5665873201974,177.75613321203008,20.34025415423238,1.9834268776479835,0.3364047377497914,0.05649069508512448,0.12259136858317841,0.0031335002425766914,0.004162515980278896,0.0007977911897473903,0.0016367052553006047,0.0013643189115156158,0.0004890780771521067,0.001427849316455688,0.0040971663042554925,0.003783800876698021,0.0009570889969882061,0.0007132333251518554,0.001069113493504053,0.0031078820645735767,0.004568715813500766,0.005536803029057154,0.0034573902198518055,0.011045174678244545
2.6911764705882355,0.05775241847707389,0.043560636741435746,0.03876884964302846,0.02149875814281898,0.013144495228701227,0.014880771238542142,0.01159827636154992,0.0037029847183140097,0.015819121138612578,0.005333927509237176,0.3395505822996513,0.4792601041913781,0.3872799671776098,12.798283155476225,124.54850157709978,88.5141966525824,12.27106513762126,4.908124560032277,3.7386686017732744,0.159892393885201,2.694615758547263,20.269191718012543,149.60491787671566,1582.5849869978074,1565.7558177732685,261.00663472841075,25.64459025336373,2.2464621392683943,0.32407404795732025,0.005818361653008768,0.004914497644744657,0.005270974152765137,0.008302245645282182,0.0007979625544832871,0.0010447365005282257,0.0005892753554256212,0.0013831459114786917,0.0024035681133886396,0.002191675663077227,0.002122154755071733,0.0020072531084749717,0.0006222662576249474,0.0017547924703240874,0.0018657159645663465,0.02717156671741478,0.10110029246388824
2.7058823529411766,0.09003098929502505,0.045814772125842125,0.016879986196846924,0.002807585299573838,0.0042999951694424,0.004764850191792651,0.007150364146173536,0.007613927124777608,0.020080367772625046,0.049620383016121844,0.0752619792042197,0.20457530693291034,1.005701018266381,5.677138014583733,166.50549699334442,156.25627947696404,0.9319712113800787,7.1471204073719825,3.3198755906756587,0.4921840422229308,4.004629901823818,12.642507742574727,19.936450688893643,52.32867077023569,563.7544797336739,1085.8998382512136,1228.9008309190162,329.87566659303866,54.81772713297087,1.1303312225906863,0.08641641625704932,0.011353521256148956,0.026869081590253502,0.007754037477792361,0.011551352494750908,0.007875409836708725,0.0026276974508824564,0.0013590504363668273,0.0012773940839488915,0.0009182137323891601,0.0016726200804186584,0.0020562987425062833,0.0009843413704538294,0.007379924972984788,0.023933939432262775,0.41749054983101586
2.7205882352941178,0.033754953338276224,0.006499045444419855,0.0017544273942272275,0.003548855323426154,0.01425885450908566,0.00924973370729417,0.03792590874068816,0.05075541640008213,0.04784055635910487,0.02152216708424807,0.08327992071804094,0.050102604191394694,3.4152285043690465,40.60735502891756,445.8338321748989,745.1454569221415,145.56945489683193,15.866837135975615,3.213230325742093,2.006358501048886,2.895634962476616,5.202552630458802,1.4997917414614725,5.622396646460367,5.343669638064696,26.6887030212483,493.3259559000803,916.5590847904714,1008.2542164195031,18.709068571515566,0.5587897129311283,0.05876258372165304,0.013884428223250173,0.014374646995480496,0.0021506227989052983,0.0015506476690109248,0.0016913844299746691,0.0014844468064276841,0.006810450734648473,0.004578701183027544,0.003276788074950443,0.0014823409446471135,0.00023380518677407636,0.005843745864512599,0.02783191209212084,0.4646219399795585
2.735294117647059,0.03328423194375518,0.018494995394079103,0.007994948680265877,0.01640374460165256,0.019739943084183968,0.006811186775288388,0.01775253056052539,0.009617936301324861,0.018761097782961495,0.04577921347184085,0.018431388645070736,1.0373672080412244,0.4715169908716288,5.280081164321093,153.27065621793366,1341.2797902936954,1108.1583539365165,107.27793105973717,34.59059302757791,3.6039624897944416,2.6806913043932914,1.600910841777287,10.122882885074123,13.562699949401495,8.76206824690707,17.710875642098912,19.837595762841943,15.53585677775381,158.8806176714696,0.13045259970843093,0.3347477217089258,0.07086416343258736,0.006894121981390392,0.000822360689890562,0.0013173980530273102,0.004234152902856235,0.001836851431182584,0.0013906594823291417,0.003269087837489141,0.004143929777773685,0.0012826216632639985,0.0004516658095763021,0.001356108733980488,0.0027095438007026973,0.01564442183110655,0.16190971799404663
2.75,0.02612429418853287,0.015170394078996136,0.011824242361407045,0.004369654729169757,0.0014949041930600504,0.0015057229669892137,0.017745096718740187,0.03733687150045814,0.07168423410348658,0.019090026873366063,0.06588241432969391,0.3259148352496091,9.151278972286557,14.218008392213665,22.10378019147818,1021.4221299568444,2762.4496589803293,1142.7773080109441,639.9479915484587,37.63273699454005,18.33230347804161,1.3346541555534857,2.643549915264925,7.629006865248117,9.787365940690364,5.4650131786262754,2.048769035882665,2.904660095346747,59.550000361845704,2.2911790037027164,0.21116368558449458,0.006441616854887021,0.001956441858690417,0.0004232527809332953,0.0006360830681301907,0.0021523242461294356,0.0045863571031954445,0.00629193501677447,0.002891944733246023,0.00253189401534972,0.0030836277709626013,0.004133792536183992,0.0018012666966836525,0.003251214417190855,0.009092294994724647,0.06613564918157774
2.764705882352941,0.06443805062151786,0.016349001308728642,0.022380669892970315,0.005539217194690161,0.004540649461041852,0.0033512845884188097,0.026040334931644565,0.005859287610456558,0.016668208886896525,0.03169494067934296,0.2634883362333526,1.0943178617915659,6.902406395397438,59.30885108535149,72.80856341908611,24.55859193235454,553.7227339119177,2118.0677383315624,7028.647584764394,4684.491641549643,798.485147141942,74.81301744118393,12.24519298977172,6.380984066089086,16.38910490112756,9.028429450486447,2.3786161866629865,0.6755869704144737,3.1818374405859986,0.13925901213442862,0.23481221656399068,0.04780284754667398,0.017812111309208224,0.009341324270678186,0.0016763650124765913,0.0023101958264978967,0.002330199546335554,0.0016555902280816948,0.002003211377553957,0.012520635886382662,0.033597199980254774,0.022563432676639288,0.015178773606464803,0.01617170731808084,0.030291485008828965,0.17810978504671843
2.7794117647058822,0.03676048104444542,0.09980465660656263,0.10845149868267297,0.03950188461628243,0.027519093427159212,0.025544874258545944,0.031132214516447175,0.006158801960231495,0.009445455282015743,0.03643825084228129,0.05710650327936212,0.030979476125387293,12.082687358324272,27.480950673356723,6.088457314696057,0.9853510942495594,65.0774001777157,61.05577329597084,871.554287845761,1541.8280126241866,2621.458082548628,2408.1225170475236,1379.8466896228426,303.71170724087125,54.053051070982214,29.78274493596081,3.3991182949448584,1.256613416890618,0.26380796698585585,0.18455563818567589,0.07570116527658485,0.053183198889188175,0.01696979342377914,0.005506843201777594,0.0017848038745025892,0.005378042538389463,0.009449547942149084,0.008154686971674435,0.017289319796731817,0.006466355544026256,0.0005386658015623391,0.0046890532006291724,0.023518475889132924,0.05175239599532276,0.19008159116183693,0.5140813903784416
2.7941176470588234,0.2755994464060579,0.15520208462186735,0.09096972248951521,0.135363045665705,0.05219593718967204,0.03865808151878712,0.0877410533206596,0.02672340227475137,0.023408013974206388,0.009035589915756854,0.04232355082091242,0.585234606727035,5.243430889031345,1.7112501760153311,89.32436238672089,257.17991356782886,361.44443801942134,174.0116963885278,863.5700500092066,1603.189047661691,1640.4961275292917,6378.679451392312,7168.7477624244175,212.93392259354556,5541.038438158518,4086.9866504327897,658.7642094629862,59.65253956587303,3.651230478891583,0.32297743079386865,0.29426350261621836,0.19016507639362806,0.005627708033064185,0.006857352862504465,0.006222100940820545,0.003890468204409144,0.002295596986206666,0.01034977270847801,0.007031188563222639,0.006411192021704863,0.005665962531375161,0.007594667215430039,0.014919654456267098,0.024321864970130128,0.01587582789632641,0.19659543834570026
2.8088235294117645,0.598359796392842,0.24764913990231466,0.059172045800964655,0.056790222128723984,0.026844137848832304,0.015528413335597853,0.15575865751757464,0.06092420693491626,0.010495929631084576,0.08851801103456419,0.08969993807854884,0.083971926886878,1.2748340311171509,15.821289101600863,44.64770074891622,8.621494587687467,3.796673558289635,9.003853990708157,1.5540137819001978,101.47175715976252,49.599991858785486,14.118249747062332,584.8978211837309,533.5939222023862,1196.2694565046063,3407.644285801801,1365.9937764738029,96.45569934155553,83.15809188891211,10.421274330163378,0.732657965194057,0.05251406402825202,0.021543431713507217,0.026501099771211303,0.010954585918446887,0.0032389375173432523,0.007961138999430234,0.020076805077291062,0.02224081887393607,0.002669929100723626,0.0013811984050163622,0.0027024436839719786,0.01745186288151186,0.008648552056805777,0.22705712104855308,0.3364514035167295
2.8235294117647056,0.4403962637649514,0.1812680340529179,0.13204496613176903,0.16231588767733549,0.17378193642662326,0.20908470733487275,0.19572303346094372,0.14061954697408108,0.050508960575136014,0.030892981494537664,0.13824246985809002,0.3317102993283144,2.5913641301012853,7.910643399905382,16.62762579666736,38.826244242673624,41.918382407485986,8.260813981822848,17.09549354635294,75.74335480507503,20.161559801112183,24.057537815678785,101.7267739969471,297.7910896913783,388.07903441333735,1685.3109925831998,3100.459815096802,1311.688070400146,175.7946449705451,56.04719311641036,18.95474448045568,3.4429614116845215,0.533109716613455,0.637556870107755,0.25828517478822965,0.1459770577233672,0.07049534906748148,0.01929200350339191,0.009333412487943397,0.011017466714282897,0.004881135467617001,0.001758180594042284,0.0028273107175995228,0.07203588501814759,0.18544781289623463,0.2878588855105328
2.8382352941176467,0.5405412998440077,0.2434137587708556,0.10523518254693598,0.13447816563103093,0.037946923319140013,0.14370076708914178,0.11736093322943805,0.19737484260652324,0.4152795738585841,0.25927548201291584,0.3604773108078298,0.14225375646724908,0.49379616128323506,0.8697648993539644,1.609119223453569,7.972742160203268,7.665073862313523,11.159660674890208,36.86700702019189,83.41403761890219,73.63112649139654,145.71380712000143,162.90050462909085,85.55078624050054,173.3538500669117,556.3157321456299,64.48399311734765,187.6129485347234,47.6833051240833,12.337020727498318,11.641326918721496,10.354330821179524,1.538926460594148,2.376048873632985,0.5816560284902995,0.43866001064892735,0.06258009815769101,0.020695067769176737,0.01958440048336877,0.007288199515582416,0.009081635744232958,0.006048592440695701,0.0006904641800849855,0.0123495931656077,0.1283366330048153,0.4224157075193838
2.852941176470588,0.5769130140066917,0.13862078230906738,0.35620085824525893,0.08425983377175594,0.05493023802247641,0.09858117096634866,0.29310996059422434,0.4168140583151973,0.17161238092476963,0.12043993394009513,0.15797059235094452,1.096969359868346,3.7207660371182354,3.436460953763267,2.9826115413448298,4.499484029670162,9.174769374209584,6.8968683537491025,12.372191565944036,9.11859482914853,19.56263163597412,16.763897748303478,11.18732564972185,87.10076876424961,94.99692155552154,61.492454267569514,8.557610140894663,141.4474883611574,68.94224109435075,15.130654249937601,1.6500070597417043,4.441708397412288,2.980010379149155,5.627003090443531,1.6369871566111336,0.05301346601393147,0.025825239294186647,0.006041535315057027,0.006256412724874047,0.005570709663942931,0.005522355608458151,0.0011647444882360294,0.0014913795357812997,0.015716668147581714,0.00797617430167566,0.1621008336377307
2.867647058823529,0.46868508068871206,0.49488164172466365,0.3391380150567074,0.10681232705047082,0.07955752036868194,0.18937659447820773,0.26805009148922065,0.11020283371156542,0.1325702931828129,0.03699214595462033,0.1709580865682893,0.4912942394201071,6.202504832655352,3.354567228429384,8.603089580613062,26.786032284821538,42.480374830260814,20.37994957044247,3.991237425551322,18.80364293421929,17.582834762252027,12.755661829764474,21.58860638115629,40.98403726620958,8.915174869510022,10.985575816312593,95.70416064024299,181.41562955666234,72.47956332857808,5.840309571127683,2.8310807182878963,1.4605690252478414,4.753413873375901,2.795094955483175,1.106290107256318,0.41848144649481267,0.022611783612833773,0.01223367526939582,0.013064500354657733,0.00436867557613186,0.001669573588018512,0.0038565788755124484,0.0029801623859670875,0.007905919463238719,0.044468989941614356,0.16797874178992328
2.8823529411764706,0.31356663340071433,0.2895072638634447,0.13743569282552606,0.038475425898369525,0.07031340098192104,0.07853566940687073,0.061886307739887465,0.021025547159916336,0.025090741110444535,0.019941774890629545,0.11614270193557794,0.33097579969313506,0.5465373317373958,0.8880498607280827,1.6559760149118161,24.247206772385347,53.26269700067775,13.55085634189428,3.686349696864208,8.85770559936664,72.10593260636915,111.79512541234348,3.5119904921543066,21.363330611110783,18.266112822825757,14.602422984632764,32.13223181153299,22.924055298238002,8.167010473050356,2.801175859204972,4.915671667952618,3.160196412847402,4.839916890850395,1.379600740745317,1.3357505361746482,0.04846836944171999,0.019913854932193838,0.0023807982865869408,0.0045424975146830665,0.002912554287067085,0.0011232971934257666,0.00137857248972504,0.002396101275144497,0.0025569429723476932,0.035282232403794606,0.19806063250184783
2.8970588235294117,0.14623826795342454,0.051960787146997214,0.021384001802283725,0.04445588951322036,0.015547117938721638,0.04209166595466128,0.052373608536119734,0.12275481305200302,0.09044072749639857,0.029528660670948066,0.18829054961801467,0.938103708341198,0.6764581821348886,1.0101316853156526,0.7318650161194877,36.30652915328655,102.69766165304993,134.43570765578067,13.260186565877826,39.54792420153853,98.31391360707465,48.23526908904047,29.470880384956487,16.371333848061134,29.24642657086224,6.373114721920631,7.308593781135009,2.159864378217242,1.891230951981525,0.8002923324188962,3.9516236890457286,4.894427600725944,6.354950921099245,3.9749622232636996,0.5073671092203879,0.08135935295007163,0.007826797986883006,0.005090906821346265,0.0014740887079921995,0.005339580290355548,0.004141830517270111,0.0013223848143482154,0.002546536245240955,0.004501971677573901,0.012909376467660941,0.1667910165598617
2.911764705882353,0.15392500167565792,0.09530827175005425,0.04071505138168491,0.018408603964285473,0.02530160841163518,0.023142827746819528,0.03763409212927499,0.009764761398765861,0.10802328832570844,0.140369655444667,0.04033177976834382,0.24451097053514925,0.3837822093646229,3.113441994968657,5.107207332565871,0.502607866266123,124.09151439552696,126.14849806028423,31.518090373800348,66.8353902189182,21.07723915149399,22.748977307271353,15.345493662113917,33.21245283711295,20.67059307120298,8.982812583145176,4.052733935606684,0.2838116600229388,0.6321697177629693,1.4069234707484828,0.7327532215385316,0.23064750403547457,0.690765266334763,0.730785521752665,0.24174927325760243,0.008918046187631876,0.0031313322132942045,0.0030655287987531457,0.002176800996656645,0.001882511246898522,0.0007921275093437899,0.0008946376509623575,0.001487545024560309,0.00774565479906919,0.12317384454428108,0.25557220980661594
2.926470588235294,0.06661237814305095,0.062225570523957247,0.06136676040908219,0.052929338933837285,0.039553686412213074,0.010956651690023574,0.02843297273922246,0.00866485662198776,0.03173971612841194,0.17908160841028362,0.24897984319063854,0.18312060850081693,0.9961517337509693,5.274309171119878,5.072067814078887,17.494042448938384,87.83804891939064,64.44674452369249,10.325234696106108,37.12434987416193,90.13491888334067,129.6728053021128,41.39062490025205,17.6810468751517,15.218749718373335,1.555339019135972,7.476861980210053,3.8794185115651767,1.2218192823225666,1.0367147531543683,0.15301665394174613,0.04341040957860093,0.04858611331767389,0.13766607926064955,0.1562437374411408,0.050051530261667934,0.001453482879843106,0.0014076442999747076,0.0019233446553974724,0.0020918908986456235,0.000738047741753603,0.0004002030634762683,0.000548071190621735,0.004024367053089864,0.05273609587069143,0.15006226408707513
2.941176470588235,0.04089136668982235,0.031943220137192065,0.015010061869802964,0.008788098122038363,0.010880884410675149,0.013423983697360064,0.01741758098288136,0.010331245291992124,0.0374293833483764,0.3864934876221917,0.9800556370297924,1.6660230639449352,1.488634223788596,1.143052353551345,5.238715528821843,10.691846840256023,9.214931242079167,28.645736121045218,14.698838052977408,14.512121792441615,46.334385545165645,18.068767945891388,51.745224181428966,85.79246365739814,6.644860120570028,4.203487876807747,0.9428467377131122,0.10282759287298979,0.4863306809378162,0.02937317426397983,0.03722764047035449,0.03779806343605363,0.030167463254922713,0.1023914766424402,0.12116969193354218,0.005930338900369678,0.000956253259229717,0.001153070512230435,0.0019150309249397464,0.002095033784800426,0.0010587353930634218,0.000457421148405283,0.0007772437342682983,0.0022302254578415405,0.002775785617330097,0.004181611852501571
2.955882352941176,0.0572339492462096,0.007386523411014799,0.013195078790001986,0.02592401805638348,0.024655038342532458,0.014804893896954396,0.014807151929427635,0.006702438278416909,0.030649720968194336,0.05675387938471961,0.8329172125989085,2.725670277181655,1.9895690917434825,2.962328035192235,41.74528167827077,66.24718663204999,20.437355371639153,13.550256734962083,67.03799178453687,50.395992020393344,58.81607197062994,62.287296025384094,42.629256917277495,5.450202018661296,14.043815658448361,12.131395459085669,0.2435425444923499,0.4010166946621885,0.05181512461680783,0.0417475306078381,0.02140040156150734,0.057171328326584926,0.0647868491926384,0.09736217509809711,0.06163355954481947,0.0015547410182397334,0.001738875092811948,0.0015497745278524244,0.0005526645680914157,0.0009184411624697088,0.0028125166346003928,0.003609991153734087,0.0009343718771227855,0.001581167464548134,0.02071062322536872,0.055463601335150166
2.9705882352941178,0.0704069682410975,0.012465396420365727,0.0033422409047352704,0.00639363823385951,0.010005043485547812,0.008684813375217548,0.017934882319468465,0.00950379970645215,0.007071513226689567,0.042055967731493935,0.338090534412967,0.761378896072717,9.262180977244718,9.541623772341657,15.962675411089815,9.32148822171865,70.82280833056208,30.20047664827967,5.732461799355233,29.24366099287098,27.994963697346474,0.9736596332566319,8.902569294774002,2.8824666559588,0.33337615086794514,3.7619172345093324,3.0834700002956774,0.3226443245309616,0.12882413242996968,0.005943926495902162,0.017550619887638622,0.026603878116575892,0.010558853909270423,0.014700763696320344,0.019800004815196285,0.0034430816516643394,0.001743028323608172,0.0007689668244781601,0.000550641770922897,0.0009258226717811543,0.002446798092254761,0.0010611658963659665,0.0004889188181397832,0.0013140386824015335,0.03426899321800103,0.11173131005909506
2.985294117647059,0.040004498233141825,0.025395872431982783,0.01585250471019191,0.014791326663950746,0.01107662859366286,0.003757193836678805,0.011646698765775884,0.008806931720416302,0.004402200585753639,0.010387154333518884,0.23148704570445933,2.1624883659719307,8.45750833060309,6.233387036049102,14.087519729769534,19.832946967165604,5.855130420535037,1.546533252263027,1.6943739052401137,1.3366278134136942,4.50818265942194,6.963871745484958,13.537575576532781,16.329953126831644,1.9016852117802294,0.09509034034866441,0.25709090126174705,0.08129970570893727,0.9866805542891138,0.08697671582382949,0.010616841147793247,0.007759619565262034,0.008885868902732047,0.01066050473413339,0.008237248845133554,0.006192466059884386,0.003941161471287472,0.0006618750640639687,0.0014809833408926166,0.0006726729294748556,0.0011910042374449373,0.0012608315169796395,0.0020522697915088635,0.0016454547100299617,0.006216970825483172,0.02495157592190212
3.0,0.040071389820314475,0.004191412325350727,0.00921579204579382,0.023214806899152573,0.010452800897946635,0.004788822136340502,0.0178606730541857,0.01136247046233708,0.015871121610972143,0.13499722113843238,0.06734455516178971,0.014131724051448045,0.10417639141996013,2.319703397337938,13.37708722765909,12.381220792156283,6.735728536557273,2.6109220680092875,3.418040845390548,4.017593387387447,2.2758236555912834,1.8057317332099037,3.9942115719811184,9.72508851067057,2.8287616407417335,0.06555060469566121,0.03584113149195975,0.04534508881757892,2.423744037883786,1.3649617752191012,0.1047127616988837,0.003267550333113455,0.0051883887539765335,0.0008690141846933089,0.0014321484009393085,0.0017023661607082814,0.0012832470791246226,0.000743197682492261,0.0007032714850486834,0.0017015205700139828,0.0016313771408932335,0.003556829381816526,0.002055090462038654,0.0015685248369400277,0.025477050874477304,0.0714938235100271
3.014705882352941,0.05758979013702749,0.029119380007571152,0.023325689962156875,0.008487706689397195,0.003115042313112851,0.004142682169230924,0.004553858999067341,0.0009173145333787477,0.0181895266349102,0.005874126605024804,0.017519216330109944,0.6653712694437777,2.3394614488048893,1.525247669165409,9.31994980533839,8.388933091622619,0.7504789278959159,1.5543398855130952,9.259847857532545,4.776522543285022,0.8426038147223502,0.09596150084358382,0.5085781095514406,4.323418538935769,1.5405222350663421,0.7709620079646315,0.877577851937039,0.42573395613625775,2.087765056358867,0.28207174445292693,0.016898981922939968,0.06556370157513411,0.02085807545873765,0.008167966636448214,0.004086947111569025,0.004056260439471073,0.002868293167943454,0.0016379097289433554,0.0002655303288923727,0.0007821724294007043,0.0013720568488569435,0.0007707751935232101,0.0009494048008464397,0.004401771004403175,0.008470891126907305,0.028315221446889086
3.0294117647058822,0.03344445828128231,0.0292255798724189,0.016373437520522813,0.00341831588770508,0.005381686272799095,0.0057365523734101784,0.016227388307712347,0.007901896138099895,0.003987043741010892,0.0023488593987944935,0.008692280207007998,0.32536868961726373,0.69454633403059,0.7303320180323578,3.9900102223593024,11.045172934828916,5.004438462238546,6.872859950528248,48.721062490164464,80.98687772256204,17.811743737823516,0.5892392764299064,1.5826330485217426,2.010997933818505,17.539842101636992,3.127537068004999,0.42376480186768917,0.25137461109234666,0.37440525369072186,0.2516496815387798,0.15539424502937466,0.04472427285477282,0.014941333504463881,0.004422894090053477,0.003603721981838018,0.002309067668163493,0.002589101646457079,0.0009444495676940051,0.0008901487673229089,0.0020468677061172844,0.0036281962501958018,0.001341309102452168,0.0020596785947956282,0.006974591073416881,0.08177091350004097,0.4827542066442669
3.0441176470588234,0.06268433851763505,0.042403099659940977,0.026965683506341143,0.00738082766458552,0.004848155624377594,0.005181976485198222,0.008164930594667445,0.003852732832864244,0.005842473219107714,0.024168929999950448,0.026771875084378217,0.5124048785018064,0.5792395391479563,0.09410717437173552,2.453842753250263,6.8845797342330854,19.312341477697125,1.1563850728102412,29.378178625825065,22.602402054531403,11.702422312352702,18.772422953307178,2.8929528889893437,88.46695452016323,147.4208035685744,27.71030199660565,4.079516969518895,0.12660024457630825,1.1254834413695516,0.10231290025531023,0.09608875310090653,0.07108456540875839,0.0006228271754422499,0.0010040303809531127,0.002683874259604538,0.003685968742374534,0.0016441506872894294,0.001272431572379824,0.00167335897110847,0.0015180483678575306,0.002846552026360359,0.004430151062531533,0.0176301710618816,0.014397818777868016,0.008851409443724938,0.2771338527120502
3.0588235294117645,0.026648879189770533,0.01577185110649395,0.02657891985651866,0.015967615793579127,0.014906447782345551,0.005604556107732145,0.018557598521553156,0.01203299755804214,0.028501059879509832,0.00640616723218182,0.3855162540198599,1.032977987741479,0.7866492794316116,0.305399812425108,0.35606610718073095,5.420283907789624,69.21028209898937,90.2247715872782,3.0730595226149218,12.35840811480062,44.50511301905955,50.300881042303594,10.584503216615143,7.265655439399369,63.452918935204465,287.99623028793235,105.22628789265173,36.780412614781085,4.5213360251411245,0.07619393073249874,0.15098967482289888,0.08242131677285051,0.004963934741824984,0.001943851527269081,0.0032198096041704803,0.0012679512010155157,0.002446322142305835,0.0015560659169897633,0.0010060035509913549,0.0011773265299955117,0.0011106117335509167,0.005785006469905621,0.00793208422523925,0.020977259334661366,0.006784912296041676,0.11951491548384854
3.0735294117647056,0.034368789299114466,0.023117988653762023,0.03300507014836735,0.038546484245130304,0.024769513402353244,0.01572786874231185,0.020328262152496963,0.015433997006245774,0.021828230354682843,0.03601982062684404,0.028448573186565948,0.2585076058823136,0.7033253720496782,1.659438702168893,14.623266215395926,54.47343451448363,207.76608233567822,377.88587271839543,87.47256829763839,31.69295663147682,100.97671490783173,149.5592088550938,28.911934495593343,4.504083099789978,14.771002348027228,104.41018774246672,775.4534163420059,523.2179490354306,38.937225750240344,0.5883631070748886,0.07740781451586896,0.014468152520124164,0.0015784493657668144,0.001819264653620756,0.0036251570919903324,0.004375065608303011,0.001837325165865239,0.00112640011608845,0.0013341682817674028,0.0013683366415399168,0.0027931920851454292,0.0018637574788577156,0.00190787778532988,0.002416014909361523,0.013515788399287774,0.07412755461584716
3.0882352941176467,0.13410961464574964,0.05697997316282018,0.017666756279471302,0.06690808850610086,0.0587420342161413,0.024096010438725085,0.022754173654691998,0.012318045869961413,0.06942292264670763,0.19182478838513833,0.04055642668420598,0.8128170602583328,1.3953733798800843,2.8138874665032247,1.0768386213171377,2.3001191006046775,6.779807509202044,45.8065268916295,102.2391459689077,14.751301611357647,89.05143417906328,45.812410749209846,274.35453685513085,40.25942990499902,2.0230598286950836,175.81427605509865,129.222071235354,8.69032131973368,101.76124588004564,11.568818720788364,0.512585413652131,0.005097223602387258,0.003937394788574321,0.010360590624608392,0.010296985483517084,0.006635820049824855,0.0034759833212749535,0.0023421794049504133,0.004680554845269072,0.0025623091822274636,0.0009897465451752148,0.0020593822695114112,0.0028575373447838753,0.012350752019549749,0.0156882846407489,0.023656648826666866
3.102941176470588,0.0280280270399857,0.03083078624353728,0.045379966274874964,0.048970533845488495,0.014145981814507429,0.02942919101229584,0.18512355678446837,0.0913693194716509,0.08773643735908582,0.09504650244113949,0.07727176299408091,0.6563571455870768,0.43343584195218277,0.8133123040827606,2.577268574535962,11.853900016263136,1.4544600231234432,47.07302085323487,47.33180645417517,36.47947151530686,0.5024451556293841,242.15042968954128,57.928680646234554,147.91665483400504,204.68999793502175,81.79682982109631,3.2324244189334665,8.507986457848425,16.382048486171325,22.007586763937052,8.320693016774852,0.9312743631531413,0.41973919327542225,0.13539266974013447,0.009827470224760508,0.015222944655886772,0.025142626954487265,0.03758096493056148,0.0178852903014036,0.007918110791793638,0.0010124145571011264,0.0021729943449021656,0.0010914496146164534,0.020827144016510583,0.10290866497844005,0.08471866713567903
3.11764705882353,0.09728641995026233,0.04198192222591826,0.025867660233349982,0.03506353370843959,0.046408427254058686,0.01733519980735579,0.017873145127106672,0.005501273318631902,0.018490828802669498,0.020167337628459278,0.22438873497288125,0.21673796835300255,2.741411041055936,20.90095863247047,46.121289731003024,13.803192980173012,13.992865550601687,22.020982065258256,76.25144727391068,474.0764795781864,718.1963425299078,161.943635386873,98.51377266805326,42.6858378837088,54.247342120878216,12.841493389576215,4.441792118995567,32.44910909458543,12.076800909572485,0.6184092536825123,5.211757151531335,7.492430491254384,0.6126713415258509,0.5581627993116963,0.19210730259879696,0.11077652897977257,0.024546695101565597,0.045695670400702576,0.016224510098371957,0.0026164275350748414,0.004503591114694394,0.004286123417505956,0.0018077724006494902,0.0031906319824770222,0.07652563415261954,0.24021508672145045
3.132352941176471,0.09800842885175819,0.05740682124838966,0.04464281676748413,0.1333704482974724,0.10590903145395222,0.06251500823251126,0.07950107231578217,0.04524707207209161,0.028941204742968983,0.10596723245537852,0.13143825956572086,0.05387250188599911,1.9977408237912964,5.4777602140461195,1.6752912280152343,22.939358894856518,27.60117461682647,46.206201038620144,12.538546906023576,17.633949365448156,58.665055055326874,420.3758198955226,723.6785581190145,126.25781500987968,40.56075495654834,29.58365429362025,8.834840684915067,5.4319488520507635,17.761659413942553,4.565389373579888,4.227911132253631,12.791841713491522,6.713464305500894,0.7921342978292294,0.8137007454679224,0.10407932186552085,0.026915643680722325,0.005790032559489266,0.006285484928164744,0.005622198296494131,0.00455368944176966,0.002180201832533704,0.0015198840111367738,0.0029325143105243734,0.08662722605777909,0.5497656069053598
3.147058823529412,0.2949395229570847,0.3317631886696374,0.2171778439684382,0.13880298726415297,0.12171293318661125,0.09858832498395731,0.1598296753034424,0.20836515758179353,0.38536683660765186,0.36348492701087187,0.35085496750225337,0.31088724145586655,1.467085421756897,0.948603852953114,3.3112632729930622,10.95234819973122,21.333095673850735,42.65580523068486,6.561721610696461,12.711361937264664,24.129179854277293,43.519271517702535,310.28789441856793,786.9027293286938,122.42923319507187,78.40220096693474,8.415040120847157,1.6005702125684402,8.146572779708087,1.0589524790262206,1.5147214107209295,4.312504682206971,1.704637606681933,9.846930388057864,3.58626892504739,0.3181130801704376,0.04719722593974323,0.01620195651936368,0.011429582177435104,0.003974916322892467,0.006285770261009649,0.005611047137452004,0.003025320791084943,0.004768562441656852,0.044015397997213476,0.4284341591648426
3.1617647058823533,0.07437808503840161,0.07117101720503514,0.17998619903419275,0.1289126343878556,0.02320251111377118,0.08632765665448952,0.2672947971150672,0.11475780767226453,0.04182439052014077,0.19019150986578465,0.4740584637989429,0.23776168027991243,0.9647200472423063,1.312994671187872,0.35182991839068134,2.5649540334229917,2.3660017282488015,17.52762249481586,42.45790351666129,4.500697576958652,2.9780880033140638,16.602109935443703,107.84478843889764,203.71763882168042,43.39266873131958,485.09460885938586,148.8458280267261,18.959524761946323,8.566154376615431,2.5106515443298876,0.9019854316455467,2.092806770441512,1.8244557456831405,0.5564877383634648,0.64224403764,0.04073161559896489,0.011035091358464378,0.004121864143203805,0.0033015739967843342,0.005998204768718266,0.001953575285495341,0.0031503721855648714,0.0024633609996715,0.007312946833412999,0.026894577745610732,0.09725080619227947
3.1764705882352944,0.10916252736060522,0.03731717328047573,0.03381350538335953,0.045276805382288884,0.16832047981546255,0.48445586732319357,0.7691461739430276,0.07680132190742664,0.07844789401650203,0.08837099880195023,0.03036154489339841,0.17473652860780275,0.13457497482754266,4.0625419698002,18.17781857829469,30.853200166751147,21.15808569070196,2.1939335087300185,6.011775722105546,20.711234894057945,12.342799179795488,30.85690115509683,68.01641774119713,240.18448310903648,388.18149626301056,405.4251273296967,119.88701095318883,18.344541588384665,28.060542256903773,0.3391598016280956,1.4620771024730592,1.4669330261275606,0.5142744762556477,0.14146697436896982,0.5320240607066067,0.29094514866146043,0.02541387577829145,0.021307058257628877,0.010122009560518331,0.00189570716391136,0.0017686491380184532,0.004208021007685873,0.0035347940667362692,0.022273045801650494,0.16321275553273779,0.3553481361841234
3.1911764705882355,0.05087886560968352,0.07502544996778038,0.14923172244032823,0.23222192914468934,0.14131948947044212,0.10837210044935505,0.09563825152892805,0.023438088161059994,0.022032438453146147,0.028933271790343704,0.09272017062668014,0.11979838998868561,0.9990436007845184,1.128789884387323,0.8075681174370872,1.6144335404887522,5.715136586021018,0.6286633409239051,25.08666403984047,68.20462847013378,18.355150801209025,18.509101091699193,40.24973601350706,11.086932803974625,33.076841279504244,93.2978392470387,56.807745821634576,23.7693957763139,186.0788209805392,26.45329006799725,6.925671712956818,2.4965345811190085,1.1209277266304265,0.35789206831144615,1.0014458439767624,0.9214527920131734,0.04221875161434913,0.017174922922852894,0.0094356320107131,0.004038478097964197,0.0016210384452680616,0.0014001699002523888,0.002404567414929698,0.017004828867435453,0.07780480183518551,0.04940894905108885
3.2058823529411766,0.3814908366511221,0.10907313700081991,0.020862871388229655,0.02219433895762723,0.022120719814019987,0.02792930823898715,0.10708506524729275,0.04890673007436003,0.017180163069059774,0.07120664025493054,0.10953500873023739,0.016492641228171123,0.4078018882454585,0.43458482679888233,0.39416759563112613,5.149957694003662,2.251838712238387,8.117942427636523,35.23468335664117,21.98119685971502,7.62023229379432,7.827034045559134,17.377038342100136,21.447910628937926,25.268470155286806,46.009506804633794,21.342004616943818,14.866012082101864,48.05300459734026,34.31057928690926,27.352626218627037,1.534387165437776,1.2115326839274134,1.7424668105153711,0.8228231877312873,0.7780176043725006,0.055961735334603795,0.020712040940804376,0.0022807615231379046,0.0047700854305279105,0.008790841791587912,0.0031327068166040273,0.003529619835364272,0.02882757748625383,0.03163096940416914,0.11897765718748843
3.2205882352941178,0.20807949222412284,0.20426459903808677,0.08283621506437866,0.04541591851637574,0.058258960224596236,0.08204922991003763,0.15267793177452454,0.04989610696698986,0.15925753851464713,0.1214012850922335,0.1461113627219494,0.10085488361062823,0.4286414557477033,3.489018706797639,7.211938591126227,14.676818587602458,11.388146138922167,25.686830720897305,20.668911895408307,3.7449843295572416,36.84975885387708,14.417550894639113,1.2099581164810584,8.71932270421512,13.789366279423115,3.3379328283741474,7.767055497214524,27.852770457491992,177.47630931853413,40.68937616719664,4.122133289331174,14.1720405061244,3.960212317683407,2.0921853740289422,0.24421528504840156,0.01635850298587464,0.012167182994166286,0.00843266997648731,0.006168547472054499,0.0033644248848662987,0.0005848708948186158,0.0033446459180711727,0.0023710688352790955,0.005268700605820084,0.15838134913731328,0.9628647958279286
3.235294117647059,0.30216650513244236,0.11794587841224258,0.04733786207239892,0.03346671377628188,0.002450226768467818,0.019476378190957204,0.05013193524270616,0.057359109076965634,0.21642348731967653,0.21444538106891992,0.04377042147689954,0.3540903869798145,0.3521018470368049,1.675469310001039,4.420231561215534,14.120724306582808,120.9183014717228,522.8442278919417,709.8039061206537,246.8307294632721,10.82675536111972,4.4489928070746565,17.254209209859702,6.696624006329202,6.133851201829605,8.598932113457582,2.0459608481714917,46.573158236517045,371.4864893726811,11.997419943062248,5.567980354041305,3.245795941913594,0.31136798644966157,0.37516953024590854,0.07063196341569593,0.042046376389557306,0.003375864372142336,0.005615795925159622,0.0018871204498915224,0.0019993457692518233,0.0033804136410012244,0.0014625815748530926,0.0006844187781280632,0.0030356312487899327,0.07989204804847982,0.37607326265553587
3.25,0.093801762897358,0.03702467047266017,0.03308177367156645,0.008612617378293554,0.0019702903795893643,0.006787748166230302,0.07610936861729017,0.013352506044931838,0.058360819004987574,0.12118170046086986,0.22012062268673263,0.5848707897108488,2.793114957297105,5.672610426718566,8.650792809377158,9.068502212962542,27.529557380952053,18.477841242621054,23.014935852228398,18.378310259354212,36.11316898829216,51.07355297879057,31.979715956079332,7.168572062509339,4.084247200760105,7.719283365329232,3.9144488412235026,60.04786322385321,79.22190556889036,8.736537776093902,2.8962503333989424,0.19451216830353657,0.8219517051717599,0.7650935302122467,0.11812711322472697,0.04952029710580335,0.01845876796054587,0.00139045325566147,0.0008234549239926444,0.002204951042612876,0.002646474639526783,0.0042519495085412,0.003259350169792007,0.003555010197285474,0.00544515482144673,0.018416161182384656
3.264705882352941,0.07651224198889824,0.07665846376288657,0.0720311075054205,0.022084307013297732,0.024313168251734213,0.014920417098200094,0.031086914303967303,0.026727027069590733,0.08297741518337752,0.04876230912367403,0.6582459322453644,0.5577242551226957,2.326964853376387,4.185120188521098,2.317116020064916,1.647157098585669,12.309015752465946,8.641274564479271,1.1932795113956383,0.5387001702356325,18.81046062904451,58.79046114207857,31.868740651717808,1.6114876598808858,0.9055657931291982,0.5380944313798506,5.211264924114552,18.80023409137227,52.51990879858991,18.588751967375234,1.8318025669934135,0.04545633970671667,0.271191716582374,0.2638303873091892,0.07598767427389397,0.006280198359331239,0.006665380679749362,0.0014170785299114626,0.0011709519409613014,0.002263041304700027,0.0012970784157800186,0.0006520665319003178,0.0027253475102519253,0.0015653204804241185,0.023916835171588973,0.16964648528889797
3.2794117647058822,0.08217805909827602,0.024365744588450006,0.03161520203383529,0.030729261151864647,0.0036943726532112143,0.013574793121470273,0.02786537666423409,0.006721486076664865,0.06805765055876561,1.2845115373057645,7.629193896795011,8.12390496765714,0.06899641607366692,5.527409513303799,10.521345785726249,18.240969672021283,5.451082013779084,4.937191093534603,1.9047868199828584,24.54709783583388,34.64256334992078,28.612112709837326,13.884290245070979,0.3198563302383941,1.6740621890886989,2.6492965457385713,2.3268295027051935,3.8445181984878,12.197542048070797,0.16772235057505933,0.03417854440683391,0.11632204112865205,0.11523484277547313,0.19014807714893617,0.0946127421040481,0.01260638762542327,0.0032690344760869386,0.006392210593276544,0.005855251887626596,0.004250332949494203,0.0033507302899889093,0.002469191909896723,0.003323926556104863,0.0015516859009614822,0.025902117324086454,0.14672247304296487
3.294117647058824,0.02674321427937202,0.038232848344660134,0.02141657227888802,0.01827859007968155,0.0061278132983410396,0.003181583976515715,0.01598393840539157,0.010300994501490305,0.09583494566104588,0.26985609900263086,0.21033516696758836,1.083810820698624,19.900050633320255,43.89768046217824,58.74813176389961,124.52318123630306,114.12631505446666,26.05106088059498,8.055582488537208,59.17972914239411,15.15454054711208,101.74391279007492,83.51398348021351,31.048882013365173,3.4810859438367707,6.073406771397829,8.89713472022387,6.038017324821614,2.7861986258068288,0.15187316510991272,0.010237413022803772,0.023930805757821725,0.07415024954660686,0.0704606847687461,0.03566923831267592,0.0020710331386827956,0.0027519451732620844,0.0022024534134609934,0.0017433182626189834,0.0018658723041228582,0.002037667813544998,0.0018897073254118613,0.0011089381641597898,0.0014495814557833786,0.1367436583413404,0.42709696176657946
3.308823529411765,0.045235299534996956,0.02366586228115117,0.015559142934292416,0.0026140906259376753,0.005489919004572437,0.005732713489204923,0.011969156210991844,0.008030466057869475,0.011968197014579946,0.2630762354692968,1.5473747183205655,2.5658823907910473,12.946503667532385,40.91410035637787,52.17073467933464,9.765570240753956,3.910914693068915,0.9885242170269826,4.854661865657065,3.1074107859593703,110.77170713218467,119.57530910699305,83.90214028574866,184.4700362880078,41.43916057317573,0.16117862379663073,1.7894975158942241,0.18751427744612037,0.08455714092069122,0.09272203882305818,0.0531229223588944,0.02316164892446813,0.011182582484889868,0.005987922688248679,0.0037078004987971206,0.0034146433522061048,0.0007265499689551543,0.0010252549113009368,0.0004537944784326854,0.0011709984545424982,0.0004248155327159469,0.0012027922273535729,0.0006146002975316208,0.0031801274031215835,0.03275008293234305,0.19948519732643533
3.323529411764706,0.032283442645817534,0.009502803921824048,0.0110050622976746,0.00900980243112955,0.004453482842516838,0.00494969564493066,0.011479334153690856,0.01735670748598831,0.005715230335644207,0.25127334894432485,0.4804844971873231,3.2146198818838982,8.120360975666799,14.219719758304667,19.942282257244905,12.927587063293364,53.994354573935496,14.019508655805538,15.920512295122839,43.86181168728287,6.637998221476379,29.607475738992957,10.732173649580758,29.170848353510024,133.69219166487343,78.21899424128935,11.529248552495748,0.8045787761630914,0.2659819054622724,0.02252837911652691,0.0029747524680853324,0.0012827111258877759,0.003325644148423179,0.0026190285925588473,0.0007235249815026,0.004347810104579411,0.004047967386543765,0.0010194503053820338,0.001397878080060476,0.0011386175769999036,0.001087875240334251,0.0008315149169859828,0.0006606956787777128,0.003120344407242062,0.042576120954746846,0.04170714486689282
3.338235294117647,0.05211697046778457,0.01868653425253786,0.00686766418236207,0.0067567968688559184,0.00472610981238489,0.002616176221258897,0.00934362808467399,0.008812424771436213,0.021980466023425356,0.1519585046614209,1.2764839521015912,6.639475722237032,10.968667460678079,17.014481265336464,35.52399912336236,141.0502885274841,80.34014700378334,10.27352911939131,14.212429636472535,0.7813338383067852,8.969454308906464,0.3527604969608519,11.73125112170659,8.431921039134036,19.216853385794902,63.51734543080039,212.42951857952733,128.0898433064036,27.138637378960212,0.09646582606804444,0.0031289171702331047,0.010105610502643294,0.002665921828378691,0.0013096766373918373,0.0011989035960153363,0.001723340738618173,0.0023971685305628205,0.0012975003799522093,0.00046045196746772265,0.0007107241206986817,0.0007848478943630523,0.0006364594126394539,0.000583288041949318,0.010082865773932703,0.015359007562451073,0.2824877293884235
3.3529411764705883,0.045661506980916935,0.03017695857140275,0.010908950033416843,0.004868066767248514,0.007567909815481328,0.006374592495100812,0.01736595459152749,0.0041627328882822634,0.00420664383460737,0.028243382002193396,0.014576816801751016,0.9879580254238787,4.683441187174894,8.02865110845508,29.75813462241944,114.23870933693799,54.375090898429114,20.198895075823636,10.179802648200834,0.6289439287194218,2.6364385624038764,2.855350959922498,0.7590909305527813,0.8880838793866201,5.3153840913955825,27.580952983491244,33.95304726293638,43.898660064806975,185.78414016098782,2.7697744148094476,0.03590949402535892,0.01290151773186491,0.002463375246685386,0.003623167206660557,0.002038555745518008,0.0006749597493560398,0.0023017908630453697,0.0003225296686373534,0.0009538501349899946,0.002304768684700652,0.0008805723863210592,0.0004595401232058512,0.0007619819264776254,0.006217675928325573,0.07000019270277974,0.5709059766874194
3.3676470588235294,0.019822398519256698,0.015678606913290434,0.013649714415502646,0.013363159087071173,0.012452287717401787,0.008065540821990815,0.006381685323214633,0.006506665890107355,0.005313210627880445,0.1003648558039188,0.5090529760494893,1.4567342089574364,4.391124497223409,7.434784975188878,19.044528426691738,35.804371866687276,21.544665428838602,20.363994173367956,7.128469573789612,0.6099724906459416,0.3635222600836298,0.9072569896720298,3.3679569918069934,3.5434138934694586,3.956219095367785,2.0382587999171773,14.009877882268324,24.57717968556704,4.168404962918815,16.07254313424504,2.3783108732590454,0.12392993042061437,0.009080099093789103,0.002620309208693817,0.0011620308292990707,0.0010365466763142743,0.0011566061701947347,0.0008052902790684334,0.0012305897072774478,0.0007598443852202604,0.0003996426485943697,0.0012541122033499494,0.001688498770034691,0.003257117637425486,0.1044322897673752,0.9245852369915359
3.3823529411764706,0.02868449262222625,0.04007143570144242,0.033509620807658805,0.025751347105331814,0.023572131041317695,0.004452936912070077,0.013578900346392218,0.005230731722981288,0.02449018523397402,0.03876712249721679,0.11527810235284627,0.31574695161574123,3.618132624574038,8.486362663018095,5.171385316380475,3.7956686174623933,2.8113454434022844,2.7161547538800823,0.640633763055162,1.1995337859225645,0.428389824780001,1.9978609844741935,2.307556489020406,2.504926513881765,10.87024211104929,19.695436518535118,6.641117673716157,0.9683615226761149,30.302746817595164,4.505413017625743,0.7122932635930714,1.5076163934469176,0.07924069742381304,0.004766716935962091,0.0023549214612416237,0.0009724803687927936,0.0011574422699166028,0.0020786878783136302,0.0027434514315153695,0.0011326800634882722,0.00019512077133617415,0.000749791535017069,0.0008912445214901939,0.0006742777521084832,0.038332895790300706,0.12031185626902596
3.3970588235294117,0.05611019748463644,0.026325870725093577,0.00756711686486595,0.015509924383224688,0.009590419709364903,0.01027902073179522,0.031184504546503178,0.012726843674396728,0.007446801730279195,0.05889633382696384,0.1604339694233324,0.4956498487062222,0.8701438689294344,0.8554934941961362,0.612616692823144,0.4202534742907982,0.041950483324368563,0.048563045018216275,1.4206141864940356,16.979500246360153,25.714641603258713,5.984554312067598,0.2572131852952668,0.8272981054768569,1.2243322755725248,1.083866756670711,2.5764094547234118,1.6286177822791594,3.065498458377867,2.309774791601746,2.045648936963361,0.18864274110346851,0.3051775417689128,0.07020397870410545,0.008517409936432314,0.00041917378581830393,0.0005356009862930375,0.0030825116377919065,0.006002108901241473,0.0029819230779997256,0.000949335723818218,0.0017714891564177267,0.0027812986650747745,0.003499573262392433,0.014133299307160497,0.12956373921683906
3.411764705882353,0.12706674786344668,0.04549281542161737,0.034067135398666314,0.07146268915729598,0.02064865860671714,0.0060208952482643015,0.013120153432932782,0.002248108453954112,0.016280938655676758,0.11973976961454652,0.33769524480832963,0.4525334819690432,0.1450598314570993,0.09342518966697758,0.29111065557312077,0.2544921393054279,0.007020398924248776,0.14647443047571437,0.17305919720052582,12.116675111959326,24.07736745824014,15.903294922250398,15.740370187648923,0.6264421759509273,1.4466625100955652,0.5867893753134201,1.1449196990602943,4.788570889535711,6.566434229698254,0.5031360053425376,0.17075182614538942,0.26890013046359373,0.10240336503923539,0.007352038993340752,0.004937473676565414,0.0013388636907836308,0.0015318166540061978,0.0018020402920202044,0.0008932351216622593,0.0009709195716873128,0.00048685340035013074,0.0007320325866937753,0.001050491748724062,0.002227837174220154,0.0036959012559525796,0.09962520741680958
3.426470588235294,0.055171653912245745,0.016959058768986394,0.033877898888434246,0.039744600322500226,0.016198576328377866,0.011389329505102509,0.010394504960044319,0.004037459042475069,0.013687819943872769,0.043127177751298165,0.08879909968894023,0.33039777271134774,0.24749858754744428,0.49813267467068617,3.5829191759325933,1.3811762369907377,0.8376996988159603,1.6160195881062218,0.36026461502942586,6.075955486062159,100.24719191344181,395.44004754101286,402.44553149534715,109.65644482219668,8.530750994383961,0.2284852068748454,1.3085499779070524,0.835065307969972,4.298451552235828,0.3054878937237677,0.24449830942436113,0.008620439746424947,0.03337873716751397,0.004952382176243284,0.0024621848972721204,0.0014715352473188537,0.0009687354608211463,0.00028730110675274077,0.0013697708898191586,0.0019976216387330185,0.0013680800759339974,0.0022519811980037654,0.0030981286818479023,0.002351977410978757,0.030353616341993947,0.2997394394961783
3.441176470588235,0.025555985876676877,0.012055635778544543,0.01630894853147011,0.010813921243712846,0.009300638583227017,0.005045794367444113,0.018450894279828878,0.01456672041807012,0.025685587452285413,0.021461562428123263,0.02028366017038575,0.14527731224415324,0.40052952903167727,3.7499942878124,23.83565526839914,25.26623003183058,6.070240758439505,0.7396647219227,0.3163608422068531,0.2968323795081492,5.397599625299707,30.273094473987612,26.254943378985438,26.73831227588863,2.2025194037369076,2.5870378655712987,8.041145217270588,3.685979954266984,1.1547702638418151,0.12205206700149195,0.01669219107506813,0.018381432566953626,0.021790649319575518,0.004616903650867409,0.0043232196964808536,0.003999270997829027,0.0022674326958567683,0.0009474977088650228,0.0013243938065188455,0.001276382105084859,0.0009939601609628482,0.0028634388406364062,0.0042695154426897735,0.0029489760839977266,0.017077239538716697,0.23685444471754757
3.455882352941176,0.030852448181766166,0.022984261336430983,0.012863385041226805,0.016225368673164896,0.015689485342902886,0.00732853568438611,0.007939767401011034,0.0027209704635706654,0.009334140842744483,0.03328197970307576,0.14866600644300845,0.5492144569177596,0.800298037950201,0.5157689693083635,11.241928849317196,10.932121908882573,2.358381832534655,0.04951827996637222,3.539534015194759,5.279232556601933,1.0063481452182534,3.027794807393075,4.842268708313193,3.0119985801826763,0.3879848922791568,0.48173563986743134,6.634035971787188,8.961369124372183,5.986654895348859,0.05588038873936904,0.016505011364945435,0.008312806532599547,0.00839685350334428,0.0021636176554750463,0.003757545666652528,0.0015515955755201673,0.0016469873341953772,0.0005002914038661913,0.0012476854825642812,0.003691722688864402,0.002930849668047802,0.0023453671829933645,0.0021440454914876013,0.0037096493210622334,0.018410670809817616,0.0220936087115191
3.4705882352941173,0.03079100494582396,0.024393542322687863,0.013284647963193662,0.013130323761831009,0.011793456130053262,0.0026780152946917542,0.005549231849373948,0.004388952779969545,0.0017124497682673722,0.0343780645414485,0.12042115665519607,0.21847155344149238,0.33889880786571175,0.9826401425156539,4.127368231143711,6.776277218755924,7.705746101528876,0.5763914581003768,3.5656384711074445,6.18555746610267,3.236450780686515,0.9401535774300585,0.4903059365090535,4.106173695529997,5.446891473273618,6.1595413103743155,1.7362202871697603,0.10408023466145958,2.473507738489198,0.2799557472286361,0.03393632966763554,0.003348122649054042,0.0051774007645620165,0.0055926434410081705,0.001238674822872562,0.0008626303626440191,0.0013892187948661055,0.0009445463831055407,0.0016803069617416413,0.0020798161641844303,0.0024223530986724256,0.0023340501678344155,0.0018876828033157025,0.002925250501098719,0.008400956666912877,0.12896483847708015
3.485294117647059,0.03240072235862941,0.019007191989410675,0.011550101174130679,0.011443358958022183,0.0149995520233078,0.01734715301223533,0.024866598599085,0.009585262071289779,0.005817090346147644,0.016807502475274873,0.06588189701083963,0.3540354346560231,0.8462270696308835,2.456381459246222,5.193961261814422,6.229934076559392,5.511819737737906,0.2051795699224008,1.3598760294304257,1.9613295303180769,0.4842694637055178,0.43161777662678036,0.9237103834761532,3.818529995268295,1.7390966438879052,0.20066140425969653,0.15558113569947785,0.1521435326757239,0.8845187860216097,0.17400302108926247,0.012484219104998265,0.00611921530089659,0.01072621323768157,0.005417217985977096,0.0031843301522725804,0.0033038588206901727,0.0025479388664638573,0.002277760192424011,0.00242994581762893,0.0013338269783447162,0.0016030360383775463,0.0019547030908111055,0.0019829928087842182,0.0019006612783167996,0.013830710674727893,0.12397844004548966
3.5,0.0621109577540422,0.012381621910422368,0.01162197600958272,0.015852736903071474,0.006429992896999591,0.0037859266146837885,0.008010727052548615,0.005759569528402244,0.0022857817755089715,0.04282284630518013,0.17060266889122816,0.44663655637378974,2.1142781266797765,5.135962834247228,3.303001441454957,2.6036376643285974,2.668399309324177,1.6044033101041868,0.23467605716270828,0.13579830807605914,1.0773712174003836,0.5357263977623925,0.5652688285179983,0.9705034412990476,1.3862252527895453,0.19254345284229796,0.01275579424551768,0.08138488451647602,0.2511779403702635,0.09095366268716051,0.019995303544432394,0.004634661443260951,0.0028427952030098697,0.00837789525884432,0.00888006135340435,0.0018767425533748915,0.0012262592635300966,0.0009580316494980243,0.0005755827823586405,0.0007903284030913142,0.0008863600283410917,0.0017479323379377158,0.0011579551761777705,0.003550159528485291,0.02107410414883601,0.21915574676803556
3.514705882352941,0.02047783875650248,0.011256833979837854,0.002197675520310745,0.006747955277274011,0.012256856567882363,0.013718866200075253,0.010307371507980742,0.015240152950935566,0.0032249622099459925,0.008526326767977536,0.061215050068404206,0.3137721553160006,0.25191332792295185,4.115076177720434,4.861814156488517,0.9845597693352229,0.2980338665301495,0.15053837080396465,0.33260879924269304,1.0939147268445057,1.029768310659834,0.04950007301784713,0.14474885360407427,0.14516479647963743,1.5234353451356495,0.9573279871556151,0.21737268583527913,0.3077831390388878,0.5822091295506779,0.010207475946441218,0.06118010452226495,0.010147911638911485,0.012577909138899383,0.012704910857827835,0.0030211430221022575,0.002006263430538518,0.00177688189223997,0.001463825913198777,0.002192472844918019,0.0016486614237938059,0.0028219093311471497,0.0020877802607512453,0.0028331802547958214,0.00444968385827702,0.0073467223361415365,0.04390360979102215
3.5294117647058822,0.02728104540400171,0.005164605856096817,0.010690587836956394,0.016057386597921358,0.013406646599088488,0.010619226519116265,0.013800935375867834,0.0023360317622284623,0.008935494296095548,0.0908437876349238,0.06307906825680443,0.050215485976693675,0.3553309666970535,1.7873670426845842,2.596751195645723,0.2708199928001215,0.61275439414383,0.4322748524159231,0.030230587961802325,0.036500277741960525,0.3372308269165571,0.03896311010126318,1.6735479228496615,3.1397760245145974,0.8003489383061284,0.04110801679825527,0.12525065869693555,0.13767421456040146,0.0851150062225996,0.03916541295657388,0.02302945849978478,0.009664974369886772,0.01303302483980037,0.003908014015045176,0.008575745493332863,0.0029170928975594352,0.000740012614460904,0.0014784816445958067,0.001873765125564351,0.0030623688009067513,0.0029524240345178586,0.002349946996221168,0.0011494176453640534,0.0017821356660188195,0.013569027820078596,0.05001668120162983
3.5441176470588234,0.05566829222030534,0.04689189833112223,0.009456013448575945,0.003584124438449799,0.007323171882333458,0.0044005875645209795,0.022514801401048376,0.0027507529992549518,0.009277319379065393,0.03298160108507324,0.18627289017493603,0.019882175695755316,0.45952213188618096,1.0225040699982957,0.5878374996862062,0.18974484821785925,1.1289563702046173,0.9378907471659447,0.09844428631449857,0.10494039103657044,0.06439562102592926,0.19104010050542664,0.152471804520391,0.3757707427611836,0.22642775098639573,0.2511133708244544,0.08962263753836094,0.06594302203301848,0.3986625209407371,0.02875366029114306,0.008109480112303825,0.010646741790275454,0.012684273184644681,0.01322631297193435,0.005107517203747429,0.004317380325674869,0.00247044294158024,0.0013359585231035313,0.001153331505061268,0.0009743624097863285,0.0031232667312082623,0.0008016255447925587,0.0007221281655164809,0.000977302380167368,0.004924073177005188,0.0207468354132766
3.5588235294117645,0.015373328139728644,0.00847593514548834,0.01465729088484158,0.025289013304339514,0.020709864795120624,0.006846617286274014,0.004973534016183247,0.010575198101780068,0.021172271914568087,0.06631092275822459,0.4082981411157071,0.7142305457019956,1.8445434202820434,4.269712935281209,3.941136247733339,2.3475934183371248,0.9471140224776957,0.15803543759826014,0.11685597934890979,0.2575772751642627,0.5224842663323656,0.3147986620489423,0.019601393927013683,0.11274108786422324,0.05812195881671703,0.10675207540226175,0.10835346729169071,0.042915779016667197,0.19852815517635453,0.00976961889154299,0.005928011497870831,0.008811352752399979,0.018035096251917234,0.006625293015216219,0.0010040061338073085,0.0006667040407004512,0.0008587992545484107,0.0021166458124344954,0.0035565886520701646,0.0023546473407934842,0.0009858573930498187,0.002015904890281724,0.002630392178200332,0.002768560052448864,0.014649567308261304,0.14052333708105388
3.5735294117647056,0.0135242540688578,0.028855643986678312,0.010906021019819433,0.0016097850561699518,0.00446384284623649,0.007794528037232496,0.015107355706214047,0.006211320156150675,0.014555936549777205,0.09270664729277407,0.24699474972680244,0.14324119690642198,1.6711842225711202,5.4231173919311395,3.6146387387587433,2.5143537303249306,3.3835164537589844,1.2436862330380196,0.06711968691760531,0.29614468241558844,0.6482334352809637,0.7726802811410036,0.285143481004001,0.1970790043579035,0.1452668472310142,0.04609097946474437,0.02538539150006032,0.017022982859566358,0.14172788626755972,0.016732507518095678,0.005743533915068522,0.006214514593256798,0.0063988850738675145,0.006291629402681529,0.008254268012604269,0.0008614427502083321,0.00020595582538272085,0.0016553194331817768,0.002230237598248257,0.0021352494839596953,0.0023866105109020463,0.0015311242676733523,0.001977943252671327,0.004096720442816127,0.04863127712333082,0.06742388991386616
3.5882352941176467,0.042229313752021255,0.026498919792735297,0.02537685846479807,0.01578631899253552,0.0035328863944073126,0.0019901189801103344,0.012638342534769621,0.007743863198131338,0.002537875464376544,0.045801017590814286,0.16038053040956607,0.35090312460160955,0.3034084058726648,0.4521805066133175,0.5484847275689853,1.7095073298637224,12.478535489664795,41.064506161349996,20.18941425914459,4.181424624496609,0.2038815781918334,0.2337444761548671,0.007983655958295784,0.07693116441545711,0.047752563390540445,0.01723016060307572,0.01095184893305972,0.03075620362406653,0.03848707226949505,0.012573555729077299,0.0025965282629673986,0.0037988895970773417,0.002124115132878847,0.0028993399195131895,0.0032237896858642637,0.0013384037619135342,0.002611342019495701,0.0018540341072511746,0.0037396647224128424,0.0018913826622060873,0.0008835973996342552,0.0011002573356009814,0.000980665701871978,0.0021929264974944337,0.010673311739324478,0.16058954450131085
3.602941176470588,0.05436061013865369,0.03145970585871543,0.01934937225656293,0.003913401370787821,0.007855914020313833,0.00982618063589005,0.012387999655003389,0.005660187356701533,0.017195636712087868,0.03884734968553242,0.15100680443379172,0.3793568438503865,0.4730756229130964,0.8652095266374522,0.43494334943652435,2.505582085935421,3.9379664118950886,10.765035714017184,92.73072707771941,184.80051633713651,75.47907858476026,10.800465028226704,1.8073318656719526,0.050431110077147734,0.03859675289079138,0.014732499505625735,0.008213567074186343,0.02751625920818849,0.16148390375824656,0.024373834692167855,0.00398509508370891,0.003232519696720108,0.0028492422664414584,0.006234861044857265,0.006631575141144919,0.0022714108410472793,0.0009969979974757885,0.00046560119088389577,0.002403144952622542,0.0028247978119991003,0.000712633707569121,0.0005512148176837242,0.0007987351690831536,0.0018787275752426662,0.016759543503412605,0.016499548841795986
3.617647058823529,0.03387521039762402,0.00994371244472902,0.0058234911357883815,0.008547258675190315,0.006981807193878344,0.003930653397885844,0.011326372739289419,0.0024853292948153645,0.012595969093391522,0.06883384495154117,0.18904717679117095,0.0339754619142756,0.23886810775843426,0.8645491125298288,0.30292004622245355,4.599107704888496,1.557931671877081,1.0737884357300893,1.834571249068885,9.278886496409427,49.65378861820564,146.79350324855415,109.01125916095603,19.01769669498724,1.1383483266468106,0.21920199842908109,0.09228242801751797,0.006229033928009543,0.10092052363563789,0.027612900706491972,0.003334273595330921,0.0027718689437019237,0.002724816240949959,0.00038272365562707863,0.0005307603110434618,0.0009910804642262055,0.0012553318623264357,0.00032843247624993936,0.0010598338240842596,0.0033540653429028422,0.004074352810794242,0.0013620622912417666,0.00025164841376811877,0.000965525164176721,0.019085888337097026,0.04760428626590157
3.63235294117647,0.03951180440924138,0.009001217286542691,0.013867206687852306,0.01618701221985306,0.010852545282664997,0.007634181532101566,0.019429520161197776,0.002691621085533732,0.0061945496570603165,0.015833588426268405,0.045256103966371204,0.16674779415873633,0.29345462040663794,0.03379686479125133,1.3591093549175604,1.4333624420427915,0.18339204637251327,1.5936477458065332,2.1033834923530508,6.731485426059496,4.18231534481027,27.16886832724191,498.68823097582805,1237.9186754292568,730.4343614348685,204.4943344087107,34.37786402409472,2.730143046347243,0.16213556266415546,0.005105815944038901,0.008275252313456997,0.003969805528790062,0.00025610123675490724,0.004332404120330795,0.007631775678846481,0.003730328430299001,0.0020153609711684103,0.0014968510060035278,0.0006483528531694882,0.0012524228898539462,0.002308610344369119,0.000591390606953775,0.00042326075634754987,0.002871933959954835,0.008535301305434454,0.05609742156890239
3.6470588235294112,0.030043715569556425,0.005311853426992294,0.013534717722150704,0.018048082050477858,0.0033261822390135637,0.0027348685956466523,0.016350286725065288,0.005691553554360195,0.001533716724816539,0.0670998970328798,0.2675515299044263,0.4228027225399448,0.6626156425851173,0.10414331981750757,0.9938495192382075,0.8642348496238609,3.1056162508529215,1.654485463451672,0.5756790681508797,3.3176121684733584,25.612600697319404,88.77527577464477,37.22916229681225,224.75936806800797,6.37271771903138,35.46030159280586,432.5144423409196,150.52378166876014,16.1960792429596,0.013311681581411184,0.03473506741182075,0.002093206394326555,0.004258141496383412,0.005062999800048757,0.004321715856787812,0.003614540572944433,0.0021751884359662204,0.0025113456477938046,0.0019428045915057862,0.0020558545405143917,0.003973126710492313,0.003656139314661958,0.0026353225614410784,0.002195304098571959,0.004353950203338876,0.03333594194568058
3.6617647058823524,0.012524308400000714,0.012798075039971255,0.015297405894310665,0.020575519549051617,0.01740199111605032,0.014916604823986483,0.03653579869236204,0.017073679483174353,0.020046551022361025,0.02646465257676467,0.19269871069051692,0.46046900459967516,0.3950262860108125,0.13746612802054659,2.7359234574330307,6.442711755635091,8.591591667835655,7.9812399466124875,8.164093992654951,20.878022007102214,43.667455762458715,64.95720945808613,83.30692999985132,212.02044043221736,560.8010090421989,236.8186098199689,30.714971840421157,104.3865476855319,149.9506885477155,2.903581595045307,0.15240127268721965,0.0268833847901481,0.042209298638735404,0.010748307186890344,0.0016938537344623654,0.004053075634358034,0.003429563623207672,0.0018814953728486716,0.0010313382281706385,0.0020422791611995794,0.0011748627760203496,0.00041293083400250003,0.0007818070948648469,0.0014860617911531678,0.021333817865176276,0.14517150432509396
3.6764705882352944,0.03112050789110799,0.019403092097705358,0.007144395046531521,0.004723837747993547,0.005166503286344241,0.0024324088361783354,0.01227215616723723,0.004517668905679622,0.007569929099496954,0.00695671719561863,0.11368830886692358,0.11730332803190058,0.7893897005699729,1.815289459229267,4.197337057123384,5.642999999887962,1.3758034425460888,1.9963273189543154,1.166615102061052,4.9114461233627775,28.056067395946187,50.38646773434316,113.26051285354976,216.9296630061537,99.54967654229954,5.104975692373202,33.888017552614016,173.63739220501202,219.49734558523053,15.420035629146867,0.11496093233315915,0.7595743384436888,0.054212438822107946,0.009273084559878138,0.003543148432856656,0.004210155172317963,0.0010677094164286667,0.0033833885574751058,0.004094832595646911,0.0012606973026182727,0.0010602152456266238,0.001953551825778933,0.0013479976280642155,0.003278318020453509,0.006609958169065927,0.057387104376630645
3.6911764705882355,0.0315152300938388,0.031666133812906394,0.01002960053270829,0.015103042236337308,0.007360716747843299,0.0056885147393340675,0.00811618553648422,0.0031505734741651,0.029644769954320836,0.061686778297934945,0.04990543336786858,0.5409660336171203,1.1929005929334262,0.3330868932539415,0.4102866620221922,2.836281255984686,0.15599067025197655,1.3664086700886697,0.7270806104140402,3.8404655951266804,11.379896730392176,4.691906265759094,8.071172842341273,15.034533659173139,26.556909307203384,29.240150098674086,173.01386184740034,247.78117447819199,116.48901124956672,26.21917513329833,30.114931463420078,2.4502893808282753,0.03444675007024866,0.010089566937017812,0.003730718941330975,0.004707511307099425,0.002385520246198185,0.0026659030045489917,0.001308804450852413,0.002175306985693289,0.003094783894917368,0.00093379686334302,0.0008047853014489326,0.007335939155185859,0.07586401295663785,0.09167315483515225
3.7058823529411766,0.0511408072799067,0.05613466185208025,0.01844094622689709,0.013505053971110702,0.0066786100680165114,0.004207125623885074,0.01918152684380486,0.0137872953881857,0.019443552074232647,0.015578832264208267,0.032932424153039735,0.02905309840305407,0.021957788180769273,1.265802505284928,3.0737042911944474,0.8969921441569892,1.330544757530634,0.7151671718967654,1.7672389975348486,18.57119422226152,32.698926523029385,9.762819795332723,2.8387817812618414,4.721026044018116,11.257386749324574,130.54414232135736,117.81203436652218,8.852272697418146,28.886508942039537,25.856906004009772,7.517982768412684,0.349818956221609,0.19876971984240213,0.017532261665147163,0.004855298208068673,0.0036471786885033854,0.0010638001308502377,0.002517541733524513,0.0022266912305422965,0.0033466213747936372,0.0011174253703335518,0.0011866188883921601,0.0003194652721730034,0.009406486165981479,0.025666084697493825,0.05775447200333067
3.7205882352941178,0.030880184947099355,0.023097891017030022,0.030197250910374826,0.026855280781811285,0.011902817067609966,0.0072159304310417255,0.009415740597715772,0.002513144906624504,0.008140070907465493,0.051545663218093125,0.018248032556336714,0.11814181567657786,0.025042369240560736,1.8981557629733836,5.5811303504723995,2.2811540216074295,0.19274736297422568,0.6365824542280416,7.7055730980036214,4.255367105934158,0.4887483842783138,0.43531377779421526,9.078265534158058,29.621294537389716,26.723163092445354,4.055801270354861,9.50443531328062,84.29531232611862,66.04445989280437,0.17931929384680934,0.24948864001129306,0.1313227424503644,0.2249270237560165,0.09464248822686165,0.003998292373972942,0.003024666888418952,0.0022776303555035074,0.00038935268787912663,0.0017025885435515895,0.0004776014626123894,0.0007540981265902148,0.002800923667052122,0.002593581364336402,0.001959338430619103,0.012153980363739176,0.0578400498123921
3.735294117647059,0.0999685781690072,0.0821002988269495,0.023164734816314068,0.008850312695838289,0.006173011797752176,0.0076411880730510515,0.025989308752749758,0.013186345308908966,0.04779185111091807,0.1995639375671315,0.4998668670684562,1.09164012321321,1.8191824686402525,0.5554471336073001,0.6432401690013039,0.17292845616410152,0.06830262897457923,1.8058930173531804,10.62681372874275,17.96972800626431,15.483323714883579,10.797037427676138,0.9490500995911462,3.6790692896288912,0.27270421642346027,13.363065887697147,38.92548154674146,10.890809120105047,3.2371613771761445,4.033780868273579,0.4264262227760688,0.2109429533664457,0.14954192067787064,0.03711421681034595,0.009659042443180115,0.0003700846240497647,0.001462554260092425,0.0012871775962805501,0.00017424948392785581,0.0011021699803230017,0.0013539989381058282,0.0009093757595753975,0.0011657333546411116,0.0034216726348223203,0.04518780613022712,0.4798993049423522
3.75,0.11414942841488408,0.023397870463637976,0.008468244431874269,0.014779789039164748,0.001936819905037432,0.005039828201682552,0.023138369951032838,0.010276637497332184,0.03255319465475832,0.49834657922948544,1.9808005294805953,1.8742329930176294,0.06989565429202593,2.183447662690024,3.133530159842866,10.440051501484604,17.05410528325134,5.661804641105001,1.1743600437372312,5.882965591550098,0.20887385961222144,6.7097582217944804,9.116670021089872,1.51465009898398,18.418094737981264,32.164818670467625,5.858970683514391,0.24079990454568073,4.345055694124975,2.1083489901717374,2.1324882057412107,0.5970708309782276,0.058698942588057294,0.017800745339910058,0.00814724496073127,0.0029292392968381558,0.003569786856624949,0.001146112743488135,0.0008528856536014776,0.001038720820972321,0.0006361898639242042,0.0010996586051937218,0.0014730659802348074,0.004460244304487486,0.012280325935418602,0.07930341393162679
3.764705882352941,0.06875964203847515,0.023802954974068084,0.002623193554187303,0.002278860619145101,0.0064878233118100676,0.01181000910025025,0.009309201913655134,0.0066146871657873215,0.08389408774029702,0.3956642881009147,0.1325017760121063,3.4002864688297754,18.83474448621268,10.144127440152548,8.708814340760025,2.092312307552661,1.5645293052070537,0.43313167983593304,1.2977603195803673,8.591698779684302,2.8358132109571375,2.8951614659241347,11.074988299970583,12.639285305094514,7.0418658560955,2.797791169290903,0.2273552750520047,0.40423137326118963,4.5249604839501005,4.7996035699958375,0.8568487012828239,0.036662188946102924,0.02159165739624777,0.008914894354495224,0.0030089261661195273,0.0010241879993203484,0.0009535634443987094,0.0012928866822709904,0.0014316497476210706,0.0025349559310525577,0.0024605217893565227,0.0008295131499845085,0.0006200758385532284,0.010511477735811667,0.11538790563386261,0.1381053316581076
3.7794117647058822,0.037813716037639444,0.009121803945660546,0.00221113392398107,0.005845251864116115,0.012786578548666265,0.008049523544246043,0.015597143075485782,0.018664418898450403,0.10496516665989808,0.5978458208585912,0.6632034107979012,2.89087406575665,11.810309677752043,4.7655997479894125,6.460097979977311,7.387530218450591,0.28644210580073426,1.1214695564469273,4.953263968445128,12.301605508006528,5.930399121744155,2.123532539462363,3.4928028866507903,0.9627004456221331,0.4483298419296308,0.2640047401628261,0.02692119874217642,1.2379647737921076,8.91957318421046,0.8322966452063825,0.05817249880350831,0.13594010186775063,0.025059672072346342,0.006557547141949779,0.0031670460889851914,0.001850838447984651,0.0007060821983361507,0.0017899284139624304,0.0009649306886206433,0.0015963599916576931,0.0008452601005334572,0.00020905031677739182,0.0006973438200101691,0.007099216062283878,0.0803571494995557,0.12293151115920854
3.7941176470588234,0.01641783032186777,0.012217402741414377,0.011510432032647417,0.008052452633081561,0.013361065488618547,0.0052528854352297885,0.013362517276145153,0.0027541046411204985,0.04547922402537674,0.23368195092169522,0.4125964141467923,0.3371727563905633,0.9392221230470745,2.2858832860878104,0.49275547132822384,2.3406568001039476,2.291351155717529,3.3822687382168826,1.377505092094093,2.2945972293537533,3.058759987276691,0.06117409098687991,0.161864204402073,0.1978200785982637,0.3363356820242967,0.4049499571980376,0.3347223791777112,0.2143195217462,0.5080589452693187,0.06096785247883381,0.3363460832706843,0.42634783459784453,0.06694835259885411,0.0025717265462596203,0.0018187674334065964,0.0028264370777795703,0.0026061305994218922,0.002836695128801413,0.0014570700519489607,0.0023291996143464965,0.0009174546679674155,0.0010914454159971065,0.001401322339717993,0.0007689874412877335,0.014904284834286345,0.04123997434363954
3.8088235294117645,0.007684156270531993,0.013137778380750132,0.0165131964625469,0.009461137333822459,0.004371018428842128,0.005685494048082166,0.006909283610273011,0.004016887992774621,0.006017365964897996,0.052506168497591064,0.39848634910171526,1.2517373300260015,1.279106656564592,0.6715698232418349,0.59305539714681,3.5551161938756053,2.684268670600792,0.08559307883681197,0.9971590404301907,2.139194850638857,3.103566047346959,1.5043350632838748,0.45063470339105893,0.5167822959197653,0.1125886228135799,0.0013593666253486345,0.0887823742679863,0.09028432478812694,0.1543994261497433,0.15163018141894208,0.5239849198390722,0.1333591927370611,0.0114796199101348,0.0015589704284852744,0.0009275515494986905,0.0006617036583086278,0.0008183364267339895,0.003328881750735301,0.002287838296762876,0.0009711070426709205,0.0010986892888104512,0.0025486378032597884,0.0038502101379295616,0.0027610775868239165,0.004943830167107485,0.032914226331249984
3.8235294117647056,0.011550383419768686,0.00504839572166597,0.006642072861499517,0.004045915241475433,0.002523099110780752,0.003017137731745481,0.0184075277129081,0.009088565584505954,0.01944796716622957,0.021724833529428025,0.08036326338803912,0.047563927123724634,0.5527545712450246,1.0024639685336223,7.185942472170011,9.937316284439062,3.549604021277871,0.2217328183293189,0.007836018062196632,0.13216788407177854,0.06436148760044758,0.21152299499689836,0.07234982079768135,0.5735679198582849,0.39180118497106897,0.030813596296837616,0.07856563437908134,0.0466701980515527,0.1362734907676153,0.31229051119690165,0.17110695118994698,0.033413755048871195,0.019925436833720923,0.004146178374955698,0.0058382444121787055,0.0032713359990086963,0.0008528169657332267,0.000472674963367456,0.0020258124230656434,0.00154666102109904,0.0008962217179938521,0.0007580318816031975,0.0006546026048884553,0.0022155592030626767,0.008909288494955273,0.07261743206779364
3.8382352941176467,0.08322487737828126,0.026417821874444178,0.005197642866100667,0.007191461716640772,0.007022911377508044,0.0045112895545329264,0.016320859822641087,0.005395368883010221,0.011740018809153756,0.021696323333898995,0.1261670878022943,0.2123366207778386,0.4371696462585175,2.7525792125497404,1.0316897140378438,1.9093592830503077,0.6822011633058789,0.37454721590231677,0.44548296860333014,1.1931953979408054,0.682389179594769,0.591095958018784,0.027420286784391325,0.847200381476898,0.4752404211718597,0.4032643216295377,0.1729621454803969,0.14088741276116165,0.13408465832894104,0.010953672543709849,0.06486827522785962,0.025209291087183033,0.003028423940137263,0.0030952177244953647,0.001686019148862792,0.0007806200865113268,0.0014085188847586208,0.0009067997962606718,0.0024107132185907285,0.002951764448323407,0.0017137894069581636,0.0009753895829897408,0.0016518368921531127,0.0015228404259944987,0.008444770905306735,0.06210345018978407
3.852941176470588,0.021697809805934262,0.019601997698395025,0.02637070493061408,0.01228538826008928,0.00398634993071293,0.01734208102679586,0.017096426244794495,0.00322096772043037,0.0043350533130275684,0.03799033533246411,0.18786343395376828,0.3225557556282658,0.13644211805446524,1.5859059500489223,5.2504386035172335,2.3175582233993257,0.39106851213588334,0.36937836767644083,0.043004282556910786,0.2986240375437913,0.3656516122989273,1.5082316772650972,1.1301917922140936,0.272644470792084,1.1924852641978387,0.4684644358995215,0.019836395379402464,0.023644120656744892,0.4003391232120541,0.04981934181464302,0.010580782609091614,0.009407745298765998,0.009152606394470655,0.018387902390307583,0.0045127012625522525,0.0005267246376007231,0.0006675882252243552,0.0006970409303338809,0.000242508616637447,0.001363795602630517,0.0008876018469248552,0.0006263691359342799,0.0011975541063037381,0.004220297235563331,0.0049664424683893505,0.030679661854141997
3.86764705882353,0.04090601070830925,0.017868606803643442,0.004987949701654034,0.006155166741897369,0.006380882250605842,0.0029310386749817636,0.016123285906187824,0.0042122637716315225,0.00638102828352791,0.020413845523232617,0.01313156669944205,0.027716624139487007,1.1784873524964345,0.6869338222448014,1.550604895112745,1.7682099276539882,0.3927190351995188,0.18854710692670062,0.07331272240814136,0.2370805818244391,0.3500378760778632,0.3370854936590721,0.28520044019848356,1.256926970050178,0.43221033593072034,0.2918367924661507,0.1491028287773935,0.005778073291126769,0.01232373635459676,0.00520450918833828,0.003524893392746557,0.0017169804812256087,0.010320425092004381,0.011414094595384467,0.0023247625046711887,0.0008645788102413793,0.00047804470831822835,0.001543532647525448,0.0034417678151145545,0.0008553951120638822,0.0002861849153564996,0.0010685470670493335,0.0024876740890341833,0.003415248119267994,0.012990659940220407,0.03656060768201999
3.882352941176471,0.0363587768989302,0.03316005755544164,0.020626676846614633,0.01640430735150272,0.004307267003124516,0.004630958396214334,0.01769264463271788,0.01045364775098754,0.01712673254883327,0.012923006054025578,0.14271545591740997,0.07974873598104035,0.6012323484131259,1.3789561107769281,1.565078669423087,0.8465440235669351,0.03069209457703014,0.3079878966870966,0.41453815913506836,0.1231413037367596,0.418555597531732,0.4919197155402464,0.3930052841296411,0.5698469802291275,0.14658451213498203,0.06007143383488552,0.20736678363010427,0.22549997479156908,0.10808183483220327,0.010956279166323009,0.004328097537528813,0.0008260221681961045,0.001952116248533373,0.008416289730713818,0.008732502086087722,0.002171188417735742,0.0016124592914004315,0.0021551344128917177,0.0018766040951669557,0.00204647039728783,0.0007770658054519625,0.0014152627133434004,0.0033355059093628184,0.004115784291863078,0.05129490683039972,0.3783047838930187
3.897058823529412,0.009694890173453707,0.019786887584943857,0.006481503667884945,0.007808632246311113,0.003225904182948095,0.001395295548648468,0.013235066796505969,0.017398121471415083,0.009794812597175392,0.013885615655766004,0.015864549870939926,0.11019697131791571,0.5796002469576212,2.317144710332751,3.0958339444547938,3.562519413802653,5.81286867611386,1.5033080864548662,1.2149363497337318,1.4588348157889897,0.7489234079504503,0.06246139582267939,0.06975200826807407,0.3825042880742835,0.4577046250437537,0.11087752176191684,0.3293048303274562,0.24244066678337997,0.05712465747361206,0.014923271719905193,0.008469531490635557,0.0030005192651300647,0.0015575879274208428,0.004065151825338967,0.001374398681284765,0.0012447400464844919,0.0008278145820169062,0.0019261033241692598,0.0019744026367439767,0.0014470593940739125,0.0022359223205961477,0.00101276413844515,0.0003768575420181933,0.0027057593896454885,0.016503053880957106,0.17230549180338436
3.9117647058823533,0.018893583975380004,0.03395235766328383,0.020407181334282293,0.015022475373662563,0.009813018320323868,0.005844244515531178,0.012843704859857205,0.006956347115406318,0.007508106953278981,0.009562425068120693,0.030294987879012324,0.24132347579576424,0.4368869698327764,1.2874749031285817,7.231127487675077,27.361101194960916,17.635755428079925,1.4337130146526995,0.6098503690524409,0.5549497262032479,0.3534827100340363,0.20574860176379794,0.4742568650620765,0.7371975369085014,0.14339317655928802,0.28265904852262635,0.494566636241524,1.1176564873960233,1.9068473075264523,0.010714414031272147,0.0016964297094924012,0.002586938040507432,0.002377825915782567,0.0017921269483623672,0.002070491230516388,0.0007983750303142277,0.0014804214957678942,0.0016191776092214312,0.0023232597694162246,0.002002661832311771,0.0003337667402974849,0.0009408781973156109,0.001378734810666045,0.0010004817636520354,0.003062127793804569,0.047379317750681674
3.9264705882352944,0.07883339609391807,0.021616986726275884,0.025808855919513467,0.009983856839665795,0.009362487634279671,0.008670344647289992,0.007330998283316643,0.006329078283856652,0.0032229627598629215,0.04598458506254177,0.12030394024299043,0.034250532089319836,0.09399095335879512,0.12137389374003041,0.09707564279035866,5.838174329013867,7.647606884726039,0.20980265370328993,0.10458243962711114,0.36553586608380717,0.4449699962512887,0.2034758073312654,0.2622873999708766,0.021104701600453933,0.16603486257195052,0.1272828486710112,0.03808622698612328,0.07125944714835585,2.571623982054402,0.12070824034439079,0.010611310853200526,0.0019401244547761556,0.0016575952746103414,0.004189337410537928,0.002960419598590859,0.002423671827062103,0.001281708831259583,0.0024581675860330375,0.0018319418506718736,0.0010011885766082831,0.0005650412162473803,0.0008708336707199808,0.000683768511859096,0.004764031335556651,0.05712537350780743,0.09215373922507979
3.9411764705882355,0.03283152260709921,0.017934100918036013,0.009920616733475402,0.008309380358188775,0.003907175438863717,0.010487640270600262,0.007123366677843701,0.007817048668404724,0.005665214513276181,0.017998587130137925,0.07034557270188892,0.04926183427435282,0.13329791202049082,0.04842149981026742,0.14339205856518913,3.8467695851703687,6.4424924900754705,0.6389796087188943,0.06900809720065859,0.13053029183638695,0.31257804256199556,1.0621366386332283,1.2776527624495362,0.47600118348163584,0.0556566716668809,0.22010349171507387,0.058010427667539874,0.14703157970873165,1.3114502485833728,0.17523988636679322,0.010928769433710796,0.0004423845777580059,0.0012632394368874336,0.002743617070619473,0.0008088463135442793,0.0017235782967354467,0.0014118745014817143,0.0016682103348243356,0.0011891656522342114,0.0005189449724537461,0.0008648614902448881,0.0004046388354747265,0.00028973913947954126,0.0031892110264450948,0.00862971818751636,0.13247599750147476
3.9558823529411766,0.06669541145754021,0.021474917225641793,0.0025309968423942535,0.002201198153043491,0.0053961342475279395,0.008266609419054043,0.014587606494978835,0.01676759594478347,0.008022811515985894,0.043692756088973855,0.11191300833196131,0.03822075907879932,0.50583207247508,0.683905219670826,0.302384162478769,2.199604363495284,2.312093352119612,0.1105163753352041,0.14775391540734556,0.007899756656219082,0.11910391601250075,0.699076609039416,0.6169759391536895,0.7944366433985373,2.079715468077457,1.1012379316413756,0.19130264959352772,0.11355026788853528,0.22243227416633726,0.008051300972718481,0.002654146027681546,0.005760843769842528,0.0064281354778850264,0.0024093082992497146,0.0024849347879535235,0.0037559199366869324,0.0020610343415757965,0.0015497081786282562,0.0011457394024566143,0.001136393715472662,0.0015269318370016737,0.0016269786298226084,0.0013084388408728849,0.0008560051535436196,0.043316855826115476,0.34203397849043843
3.9705882352941178,0.02031386649287346,0.009345368912692949,0.007514701458759606,0.004052225434815721,0.0061666288713174994,0.0007041847498379442,0.013593204780995596,0.00580305271342181,0.007113402504484937,0.022741185406242967,0.05892876266213658,0.14335191884062748,0.3364859600142377,1.005878718104751,1.4604259698076243,1.4118609835320517,2.589461450549001,0.45602102975783343,1.4244026020925542,0.8125258311744874,0.08993435023013462,0.1509966230265739,1.1925031973201423,2.800276434127446,1.7945696337191286,0.4189805059713515,0.8822856921066118,0.5926547268624442,0.20467748102575856,0.16640829653873002,0.04937091777635101,0.0061789316601368344,0.0032023548802636664,0.0028500277844049167,0.0017407382150093965,0.0022783232450854186,0.0023639611887829037,0.0011967362346561768,0.0020483017327552534,0.0005507545060693608,0.0006420796733315624,0.0012818055750326946,0.0008667065010539872,0.0014575517646632187,0.021992741068564005,0.22399700031550804
3.985294117647059,0.04200078755685846,0.010833498635435045,0.017517476489906234,0.015597736318855039,0.005711507420523945,0.0022837549763478375,0.009892278869509843,0.0067492095086185405,0.01261862235169861,0.005543823831319621,0.050042637651636995,0.3486944650529057,0.4591525259546517,0.30431414266004486,0.4462648385642418,0.9591384147599029,0.3678142742205558,0.36923877890803525,2.6378914537295146,9.312577943986277,6.185965841756477,2.2455203234088073,0.47566280221123036,0.15887609870822106,1.0556011865038026,0.2070526260198521,0.8374931886270094,0.4564436030197633,0.9307928629288168,0.908156406700672,0.10047061516928785,0.004352563352918252,0.001101774098468876,0.0003486039044670639,0.000514922119425007,0.0009096740859145965,0.0015775225621636707,0.0023052956566340897,0.0011326512595723713,0.00061838518293823,0.0014876061065216125,0.0005232340627498484,0.0025513721143559064,0.008991407289554068,0.004280330867025876,0.0365868077820138
4.0,0.07815060040907529,0.020600569075274494,0.014818377582748801,0.02146992114638666,0.01822701690412582,0.008987518084814001,0.01986247279469836,0.011790228861015075,0.005006188852716308,0.17970114760498346,0.6195649018763101,0.8119922780950073,1.0081291112285022,0.6975454192521573,0.02824753006528879,0.5098218192413173,0.11706185870302932,1.1474247134923052,0.8736326729728978,0.01870349775017165,0.525062204583767,3.360553803208674,2.84535086349058,0.6138314624370825,0.3055025270741405,0.14823288918012084,0.24652468869616168,0.20999695947812386,2.3910483187506757,0.152361815888215,0.005500168980058694,0.005323039018333635,0.002197602584847728,0.0012214938191524101,0.0009470091945354225,0.0009949300543124898,0.00039424919372153924,0.0018790331736140361,0.0015013698958296266,0.0011415774244075685,0.0011112200124371412,0.0007092011933336794,0.002490708465170914,0.0063709303912834955,0.013155825883737843,0.019062815306203965
4.014705882352941,0.08171122681459039,0.0394046751969157,0.015570928572153659,0.01300330703420727,0.005358627455445814,0.001817240851724291,0.01358224622398721,0.005085427639284525,0.007646477825585717,0.041448402013445254,0.16077631266078102,0.41794776779847453,0.31130703059214004,0.23702771451153365,0.43717672701773524,0.7132628940500287,0.481334062785708,0.36263299325868326,0.08175558742114218,0.18768792503429743,0.7186646963823071,1.733509409430586,0.9980667609438856,1.9387706187129614,0.7289518997864849,0.1356843168650344,0.04341275814973059,0.39351273939577314,1.083735632976687,0.2033321870118998,0.028780359163285838,0.008510555346250778,0.002263825786724345,0.0007502186753778989,0.0012968003336406562,0.0007216302838000896,0.0018623977534206982,0.0035481707831060195,0.004506880044703957,0.001870377581268668,0.0013928681452489281,0.0009705086087773874,0.0020940146620701547,0.005350308068192487,0.007278165148620795,0.019371862010270406
4.029411764705882,0.029902533244196255,0.027949460705821976,0.027845785281785974,0.019967278108608672,0.009120108981580062,0.00314534718321744,0.005244577105019311,0.0025315694334361654,0.001999731010125149,0.01244446171336038,0.010043734503482355,0.296468907871999,1.0766861064834088,0.44053951429603644,0.7663012032688286,1.033818884659238,2.105597775286153,1.8447021786369835,0.6061500286405477,0.7095136184197084,3.2097437953044197,10.844760187991762,4.523845799274062,0.25030347548262666,0.2836722941994719,0.8131225055668552,1.4974811969010373,0.3612267641464186,0.6881632552338205,0.08548688108942948,0.042927512117111793,0.004402317463365266,0.002065245424062431,0.0031334887937569268,0.0008440808442861177,0.001379849668351695,0.0019391973261454192,0.003474782539549009,0.00141066565191604,0.0012597157372176444,0.0029964230454337104,0.002302518546043644,0.001092023943918045,0.0016746643840431983,0.014361401586108907,0.03225884410521195
4.044117647058823,0.02447523089548592,0.010827717674232674,0.007654965520826159,0.0014209214713791496,0.007899229045534853,0.004385028809804091,0.012878270682366178,0.002887892952408807,0.002159181462607798,0.019067721832158928,0.013869853315620836,0.1366651969995591,0.21251364559416147,0.3417934797190437,1.758341454117378,2.2106809286118825,3.4873370349012403,1.5570142930672868,0.36058579670247104,2.847634857330969,9.268159973828404,9.699804953609778,1.7837241434803235,11.45904411954206,23.086009090948593,7.440915101751994,0.12320244219136986,1.6961176492147794,3.7096837688495055,0.03792714444445512,0.037730245283932665,0.0021540473160945074,0.002787377482399086,0.003483153663131389,0.001624395324119014,0.0031621693323070563,0.00162813529421473,0.0013662688886596865,0.0019767678962820927,0.0012274383529314878,0.0012093169233089772,0.001731167038328171,0.002085446677270493,0.0019578109811237442,0.009021802592275531,0.08654389473691808
4.0588235294117645,0.03302135812632158,0.0272737287654008,0.01483924326696024,0.013435844127599184,0.009770029765623873,0.005810146833810203,0.009409043628755517,0.007176205684701406,0.005807151191987159,0.004150355264388644,0.04963301409045982,0.493983860844574,3.214092894832336,6.064657123654241,2.1654772086023533,0.28576698410479934,2.523644368436787,0.4606864052543603,0.42044331087251574,0.09808362784516875,1.277385605288167,2.3117498685049647,2.2822365724050586,1.173995533422775,4.4494687218401205,3.7605246810529476,0.2743305791163301,1.3018520761284043,1.0280422015541972,0.051065883479420066,0.05840021887002536,0.010123937082049814,0.0006102438274533126,0.0010638589052182732,0.0011633901483066322,0.0032848483653526075,0.003550796024546456,0.0020001795825176317,0.0009682993850214072,0.00048786811447528133,0.0013679115911285852,0.0009018089606454597,0.002396676237810363,0.000936366514607439,0.01535825654636718,0.06442767494161891
4.0735294117647065,0.03935974977426911,0.014779899316541174,0.011449367589994871,0.021183370195175598,0.016115883429882235,0.0037305862982567953,0.01939294743477203,0.0021504389625517763,0.0015836693879753684,0.07688081571119035,0.15153016332728952,0.12844397382920636,0.8009107612620496,0.5347148158708711,0.1801745662726793,2.4666554367330535,0.4848018125648882,2.1409859645261275,0.9904711357064202,1.8898447033433912,0.35132076562334724,0.9983276392125464,0.5632778304245832,0.7415969038026771,0.29466899498962096,1.036884229322994,5.179573484128204,4.838948615966318,0.23481269139676988,0.00473877725345181,0.005852032041843827,0.005656684229704429,0.002822951156387222,0.001363833009740559,0.0010367162603070984,0.0011049907174797162,0.0010544277730945896,0.001659820776363959,0.002751559544247853,0.0033404414093502546,0.000976660738758121,0.0007070125384193124,0.00141359986165896,0.0025589962283601372,0.005947517321289132,0.04972283598781452
4.088235294117647,0.038015231956619114,0.01608575356711863,0.006375705847120446,0.0041106542804486826,0.005875695244057572,0.0012158022195002908,0.005062459576976556,0.005855690128669508,0.0077598996083231035,0.04464198223943954,0.5297756580591974,1.8893008503085706,2.69034471263815,0.5735386649553094,0.774373136230162,0.634987399901175,9.71000105962823,23.021074540653643,6.315658067401515,4.046517723005285,13.8908725110966,13.089363535323177,5.610589233119107,1.8134448467788076,2.3257637900254733,10.445840333007789,6.4016048376920125,0.3717445015937626,1.0202643331235135,0.02559830523730585,0.017381087892666968,0.011125388874574527,0.005049366173131505,0.0012587101537562674,0.0033195961067948973,0.000911121158555708,0.0024384754927215526,0.001928809171936694,0.0016030228432788118,0.0019295095552649825,0.0007564407100772864,0.0012083704465630316,0.0006113045894189924,0.0007884895173536585,0.008171150570894228,0.00721740840043897
4.102941176470589,0.008466538010760416,0.017552019827950887,0.02585620838594753,0.009747822182905983,0.005617631376344725,0.006175427019909209,0.009250542020177421,0.006718346626931982,0.028493194355959112,0.030289938307005587,0.05534628646172993,0.1637450268440589,0.5619171080825056,0.5455249583566273,0.6079208793916839,0.21617691573739273,5.602711216285511,57.940990168864445,34.11253131478849,8.372224134078865,0.460090903888374,0.1636502451901453,1.137845932156355,5.250701583327757,13.401626093135025,6.93137971733207,2.168907877681877,0.49926119607864716,1.3529980732994586,0.010720686520228045,0.009055474630342054,0.04909545755617309,0.05384052277023507,0.005832448687167072,0.0007891577551046984,0.004284960516793367,0.0021018607496095026,0.0012605773195835716,0.0007523356288284279,0.0010537526210567434,0.0006588508618484533,0.00023583316808745229,0.000780595100970752,0.0012507511620244618,0.0009509738778664303,0.048854053598073204
4.117647058823529,0.04426358133535975,0.045021570246807474,0.017208682476816832,0.0198350795298275,0.024342383682656253,0.020610267901556383,0.01209227903861193,0.009282929263832208,0.012568740498362613,0.04156705383258025,0.05776803621157618,0.057714676796909406,0.1368987456125892,0.31540725802343694,0.5829400832215937,1.2062999359421709,5.109088689701714,21.601224913321495,109.21494699815614,54.35951668715763,2.3355891843781764,3.8336266951951785,3.406990091552406,7.026205572976581,3.1240750527694585,0.5594344530498776,0.8168846044148037,0.11765843339055893,0.19889882600969325,0.013913236774256049,0.0035494782680875877,0.0322315302574084,0.06688795313458315,0.01733320877773412,0.0009711685806099582,0.0019810422065186482,0.002901676822588758,0.0035346865619244154,0.002188545052427949,0.0010152750313068997,0.0018664260762800019,0.0015743312776576367,0.0014934110422154651,0.0025099323782715923,0.04955805066803562,0.23823312878864444
4.132352941176471,0.04351532788027956,0.018114727970785227,0.0063721154215785674,0.010780639260967357,0.01840834978574367,0.011627607160557694,0.024725539765782966,0.009325409887777485,0.04110063289245482,0.02639048276601383,0.03286265615056167,0.6302775525287607,1.0511799633211079,1.2934078757727203,3.9505990470261154,0.342883182168913,1.585669745392903,8.6378265224692,61.78269031633765,364.0035958836581,181.73116755492654,22.380773710229697,0.4524999889040631,0.18696389685098283,0.3394620787283095,0.07049538023268248,0.14113166478183403,0.0411132860498917,0.039033418946388,0.00919606953774775,0.003819503292295564,0.00927093509447099,0.0046428311753296285,0.002484740177316643,0.002041410883870023,0.0009995451318406008,0.002870398345676723,0.00156752761452386,0.0017090341913459251,0.0025486913402093282,0.002116067602301836,0.0014975974773865125,0.0015168171650544234,0.0026121047025326424,0.011497890884625342,0.061674300524052816
4.147058823529411,0.04312177449921489,0.023610292751370554,0.026316453842089235,0.009897418157435943,0.008565745983342105,0.013619306492902238,0.009202784364259656,0.015825341429516804,0.15087052238329313,0.69379519510628,0.9284493929280515,0.9670853956034393,0.7414922246126925,0.527834860005864,0.17203767247411436,5.351086626214618,29.160802142961387,127.02812036940037,645.7851085448417,1563.9551855481338,438.0733695654583,544.129149770384,291.75650534351456,25.5684399581934,1.6485168714858822,0.16402095751099863,0.32834375603268173,0.18558346049078445,0.07464617993935879,0.007290404059615514,0.007142716351359901,0.0010157923321621864,0.001595979197267534,0.005259117963123922,0.007123857857344225,0.0023755758764755,0.0013049504643564925,0.000900326333937004,0.0008704734042487809,0.0019169410742443747,0.0013233473493283333,0.000457896767578178,0.0017553027363151584,0.006955451229083646,0.020158153915871592,0.11391547537867311
4.161764705882353,0.01768373000845694,0.023267744299326522,0.0214778271561437,0.01619686658097395,0.016036379128306185,0.010859528338581413,0.032416838210851916,0.0152526138563314,0.007859743852505346,0.018412828601297948,0.14838662294809524,1.090884873654576,2.61163614233235,5.676579236063574,3.944072090856813,0.6105317513470907,3.4117480809942404,7.258601407225431,48.371587098204316,105.43364737348449,386.0502092503532,1289.2244372296368,1873.0558855689048,277.2762506624857,15.82334410391086,4.112478056432888,1.053314498969636,0.2084097346493779,0.003998278158570107,0.005545649583006694,0.0021162950393510196,0.002889239521014382,0.0030928385662558405,0.0025867720266552242,0.0014614658238459887,0.001441852359574881,0.0009492096123857875,0.0018387043194626042,0.000835802258475575,0.0006137039525434094,0.0017003044998520351,0.002012850538034855,0.002235177120392083,0.001069784771848319,0.008538980900495565,0.04072971133855148
4.1764705882352935,0.038333903916297915,0.0038860596833214557,0.005656631200396542,0.013372231835307348,0.02542137635713631,0.016824331172806004,0.02603424208295208,0.018040837763282577,0.010847478609294586,0.0673602696442778,0.23110095716328766,0.023879027879406246,0.7521956258933622,1.2849124035339932,0.2188693538990089,5.300117104912584,3.696157768580222,3.361821503102586,33.425430855462906,79.70900719221268,32.287814733709276,1082.772139283943,3826.700244946576,2632.9088345956825,1150.6582114735952,259.42912615992293,85.58378822725601,20.429863646708675,2.840402931986637,0.0872309057112983,0.06987552804904963,0.031011168116224303,0.012630114287339324,0.010023528330280735,0.00560553352125827,0.0022882591496313585,0.0007527605823809248,0.00025962704123356833,0.0017507874883572324,0.002299109455376065,0.0014760161352310982,6.071559028742589e-05,0.0013217762117936028,0.01544221185267086,0.040277010004895204,0.029683526236075612
4.1911764705882355,0.13141300792798147,0.08200510447470598,0.01820902336767358,0.016910428272437435,0.006113065854613869,0.0016551861261032206,0.03683342156004288,0.08269210474639073,0.11370180991321135,0.03782826256553392,0.01428217112549965,0.19324426800516556,2.120926880272884,4.232630757256073,4.464083682123318,7.50043190702279,11.725675544262678,3.2413936827821273,3.301975667982857,35.9125057094584,27.367222660514074,268.21487714900945,423.86668815407273,192.57039504103096,173.36056426458816,650.3861254584178,834.220929080815,651.8316965152892,408.88945142054473,15.310067936315921,7.213940237755983,0.26457914903167495,0.056731410657768266,0.062144385324008844,0.005646971267251802,0.006260806385995774,0.003932413034101528,0.008422371789355987,0.008050562585115828,0.001902342351004431,0.0019521395083414404,0.0014516967758501022,0.0021078637195265275,0.019590971579354296,0.05369283611574942,0.13739581773080733
4.205882352941176,0.08242087379780819,0.034464469279517934,0.008490943317435804,0.016379443223895222,0.007743843500802706,0.004825569978810177,0.019320920422376705,0.002540987741275479,0.049736123642418376,0.2603250621101394,0.08230063699934513,0.29971437680687596,2.170072580368692,1.8590253286719087,0.3556047393583225,0.9406986536614724,0.5642034115598376,2.0489691592129358,3.746286209965157,10.125935864270676,70.68467290651358,16.628623527053485,8.973210168348047,7.29824695900379,4.058313698734457,10.391916468488755,4.081140326485242,12.438546291870853,614.3493624299433,944.7763763400878,227.0757111149528,9.73074945571173,0.022693842785884585,0.006735687675532755,0.0028493386685820737,0.0035380373558777448,0.0038536395655285375,0.002133582435283525,0.006019921288883601,0.001977515962495015,0.0027034589658699705,0.004821285900215886,0.005451109894336621,0.0021363294287396794,0.0026591233590892204,0.06405844733550298
4.220588235294118,0.02281455200650502,0.04350501829383523,0.02109767311662063,0.013801795334550223,0.013781900065729774,0.01756023013075627,0.018428770309768736,0.012359430900047973,0.023290198459887203,0.011416671696058159,0.085320486578993,0.3777219288299584,0.6025256253963318,1.6280150708496866,4.898787049733739,5.390362667167256,3.1787581283375115,3.9457949905621406,5.6651731960762035,10.190955088817457,4.93400112753047,9.491594437350646,24.193561363746376,25.572347015076858,10.602113267332832,9.172000850435335,13.459287599458733,14.550795279772771,143.2433096918271,61.96287026074425,77.19289065034206,10.079721201565423,0.20783567728293723,0.02691807500509684,0.007776979617262652,0.005168886838406342,0.003535881491247545,0.003820968757603038,0.0027845891164068807,0.005341725638265442,0.003912172135884324,0.002854234946557166,0.004396650268540663,0.0031822997118962316,0.009044407362250791,0.11984013177393159
4.235294117647058,0.2464344518527227,0.10176431261291616,0.05630103361162341,0.03233607277871054,0.0078108512999567545,0.025118184338944055,0.027273544239991527,0.007447391941981349,0.025431158016413005,0.05289444150924309,0.06652012699802562,0.8568699939024256,1.5757850451602742,0.44641148473383174,2.6323405751309648,9.884024326115552,19.031034746237246,13.952032007693955,4.047865413048721,2.8936449789551855,4.573477120750521,2.7418704088849335,1.551653669832115,1.6829248768216367,1.9528580928333614,3.8667376730536143,11.422361152953489,3.764901098662633,22.66434226134314,33.42154583214787,14.748949391160036,3.8005390864779587,0.20798568267174738,0.02272069545465709,0.01814185502003575,0.006827701198634395,0.001767293565801705,0.0009943958063981686,0.001967235019524697,0.002019253802651861,0.001568530524264977,0.0017561323924986001,0.001970295979328778,0.009534063549998854,0.038617657915658486,0.03223410490483298
4.25,0.29798359037848093,0.28902411470559364,0.06974569502291135,0.007406465096441503,0.006241775100360559,0.010016432511157325,0.037330632773554556,0.011187969712210446,0.020739873836952208,0.08765727663779883,0.07279831558487125,0.1364059857969954,0.11686274831900416,0.48891109700990953,0.4519002483509541,1.0482008481260012,19.20295745160834,95.9164852868177,50.29473572685954,2.538660759702764,1.3153173459748144,2.9525803507634727,5.4694369161923015,16.617471482997416,23.657565743134274,8.440545139470046,0.17565198860985642,3.085295557927566,32.45635144220061,4.122135987927798,3.109567538624769,1.146109834413596,0.04501113063081011,0.017272663474531533,0.010520673764800639,0.000797046770218857,0.0013241668291549354,0.0011833013921908667,0.0014820662332503186,0.002375019268704364,0.0007257815214941881,0.001792632350341789,0.0027413082654011134,0.002823128371443494,0.004150268409867758,0.19889667779708387
4.264705882352941,0.1790513504698056,0.09923126930390261,0.03299372900385765,0.00825536999273541,0.0027181248195459686,0.008356873213533393,0.02527810427777876,0.0016539911829733026,0.002614313489747143,0.032588751687362846,0.017360756970959332,0.2223679146485007,0.9029030116333272,3.2577337650245832,1.7508234857909126,0.771609528882482,6.305737505651196,55.17523931346891,182.77315508629053,158.65445532735217,28.376922180719195,0.21560575554407851,2.704431233637047,0.25082398564425645,3.367345620775281,9.102782019595779,4.181264266233598,5.551579275763035,96.64674226597552,13.418690718655839,0.05207973442671217,0.24431779195986214,0.05032672402661025,0.01192637085817181,0.007580945982012343,0.00114399506679169,0.0018731066142275892,0.0005658122763638295,0.0005961814278404151,0.0028938820443310653,0.003506645345624064,0.0034350527925732666,0.002264244067971865,0.0027326585148364497,0.03357899965104278,0.3080169976553252
4.279411764705882,0.012247048669672467,0.051014163360852016,0.02756323265180349,0.0014473258291296147,0.011029814865380932,0.011986032786993863,0.013440458871855583,0.006423104704995981,0.0020759248132907475,0.031645152734319934,0.11327738188512093,0.09043658168617442,0.7248490361272408,0.05677614595361057,0.37818679470972605,0.4694164674619878,1.9506279015318535,2.750556206481977,1.0834291230070574,20.79531300065183,204.78967278212582,81.51272318007491,8.097741182114829,1.038619395212402,0.23957131781416202,0.2734951167928127,6.156472245567457,38.13461259707141,34.89859087173887,0.281048130842219,0.014336036218738427,0.17337971170277744,0.0490113824031672,0.0643895002381085,0.0865837998862673,0.010411578489682029,0.0013688964970623148,0.0007883855553905126,0.000295539276978874,0.0012293209304137334,0.0017525718043982367,0.0031546902314546496,0.003652259774873378,0.001230096862129945,0.00820284124063381,0.01792936128813749
4.294117647058823,0.020828897576035253,0.010827452850597144,0.015485932224980485,0.019087186397621584,0.01144740621282167,0.011720233357536608,0.018815825447003262,0.003660693617532894,0.008948611369489625,0.0165913162712991,0.26413250837106633,0.6155364916911146,0.03984488575969353,0.6231789285861212,0.5267707203032554,3.2810227856636387,5.513912405919898,6.293152560548225,4.019193534011834,67.38376562132774,327.555621023263,521.9899238899241,722.6401911981015,427.62846758096384,94.350028307329,27.28903250783884,3.396036827013985,10.261309775421081,0.911437903237792,0.09476405109028271,0.05038496528307422,0.009340928540223531,0.04940566672020184,0.12281099145820393,0.020488262613138318,0.009044017638078716,0.0028178317246302584,0.001215263436891852,0.002177685063049883,0.0012875949298289404,0.0013400576810934063,0.000514077293902362,0.001645743216580096,0.0019026381449118567,0.009475309541811748,0.04545328136400916
4.3088235294117645,0.03946315910179425,0.04510715318452098,0.018292015484727704,0.00663911709044923,0.0029236811255396638,0.010158892161734044,0.014329361201852471,0.0025666825246535244,0.011970032845229378,0.007123091293200916,0.023086540041993682,0.29266093687295003,0.034303146704354866,2.880869143440546,4.67636627067003,1.240036903477046,4.085197507626823,5.547467812300315,19.641759124672724,28.318130632031572,36.91023559777637,174.9335185271425,120.65232751224943,135.3545249597929,219.14462858296142,655.7235535127562,335.4971700426066,24.565931522230784,4.150575000488576,0.640736213433857,0.01806960472566334,0.05517234868505429,0.07711775394052117,0.11203676869067843,0.01889485986444595,0.004178860842952253,0.0017716898861693479,0.0003584024128377617,0.0009101730480277069,0.0016137997947390705,0.0014749129191068463,0.001105769750412113,0.0005015809658105068,0.001980704090372005,0.006619312130886096,0.047719551213787084
4.323529411764706,0.0592159632532338,0.015537493645331477,0.014414280184407872,0.005999583744346844,0.005184122041130262,0.0037918773814997874,0.005709408025337665,0.00612416966570961,0.013725212953206339,0.14015106526852195,0.8523941362949464,1.4871872972368916,0.6651833235038842,1.698877142192128,6.9067011321848355,2.133533901001605,1.197081762199072,2.872495576477605,14.474278543083685,14.801570153780375,32.60449758487237,22.265029213912072,6.979060798327939,27.299156141518544,102.23922751414966,44.57411496808632,62.306460747759914,252.90944945768786,65.4076306229023,4.023225966216931,0.19706073357401516,0.04531738244381591,0.1424076463922898,0.1938097502361631,0.03833575033723198,0.00149873726076204,0.0027227336895672602,0.0019838430451051443,0.0016092497567354648,0.0005192612310513148,0.0007464519626027384,0.0011867501390520722,0.0024242400986021727,0.003260926127957697,0.01607953798412842,0.043615335884242545
4.338235294117647,0.007507198223767564,0.022285876074829992,0.01987087968342608,0.009629936824194045,0.00630680526864029,0.0018993918513354954,0.0028630063173063713,0.004754771073058321,0.012002705302447455,0.054095955831762466,0.054701302375215345,0.1803092611046787,0.506750250928674,1.4253770208404295,0.3079536418673203,1.2314508025264153,0.26306138917981714,2.02605121417003,8.590105112725071,89.3038756037351,32.54357347486584,5.015983219562672,27.344854154533678,21.850435933645993,1.8605149695435836,13.157085689749971,12.444977190686753,85.5102261896628,240.73213726055855,30.119683576008512,0.26313365954806067,0.40852014847686025,0.02622210605381613,0.010073031005879817,0.014314968899646636,0.00937660094232889,0.0024891935546337935,0.002287800611338303,0.0009979889968377712,0.001211311610371369,0.003085769353262965,0.003879671185948861,0.003399487053626052,0.005450160736338375,0.042950338572063124,0.15959812503834592
4.352941176470588,0.05409869705852012,0.02097384577879229,0.0077683501073260676,0.007923566047898968,0.010566307689489591,0.00759011517627046,0.01206116241057467,0.014182764834489478,0.02502656185723256,0.02623126178026599,0.03503963368486923,0.09409323544894685,0.2506483870217171,0.12877829543786398,0.8291743453989686,2.196766789305337,0.7026837587277589,5.5615341376239655,35.48511585246591,240.35627822121603,413.2568494220759,113.15525825166274,20.925925154272022,14.24108402247368,50.321879828578176,54.82446025692776,36.423430184092794,119.34474825828451,82.16965271592903,8.640360278707604,8.630105753646639,1.1161690669613593,0.08752806534403221,0.02113455858694125,0.010770828299028222,0.002145563733301396,0.004646542311712597,0.0038040594195316553,0.0027749577968362205,0.0035180837850028457,0.004282135669215718,0.002083982693852769,0.001585007511914406,0.002678185430977033,0.025797871210168404,0.16891440227080223
4.367647058823529,0.03624903907432492,0.033210280309393526,0.032447511192154534,0.03017954595307817,0.025351540077239422,0.011314418904486742,0.014740142621542746,0.010005046300199534,0.009526746780310517,0.011183473370387728,0.20682223126149457,0.11705174872384,0.4030216699629908,1.4227681470084992,1.528372912707331,1.8427562682639227,1.9322057568853168,9.891721020220754,31.958408745952692,35.03591055181434,64.38547863406689,796.3049957773226,436.76666790571505,12.627129858524903,33.14592584773386,34.84582419259529,14.76683864438745,2.667442298861248,4.044392242521294,0.2187519759297014,0.7602537351867161,0.1767999364987616,0.06126894208472336,0.006151650361213085,0.015012594001227678,0.0031589827445527682,0.0014491001439172677,0.0009672539461610722,0.002593498230103922,0.0023690343650562182,0.0016525900389084127,0.0008015522295687645,0.0014212195386499936,0.0014526569588445193,0.016624036198385192,0.033421519427691324
4.38235294117647,0.0554281469820765,0.04147695524405031,0.016986128436391246,0.0063843731991877,0.00517752904238848,0.008480601875227874,0.030962157738365356,0.022414385016865882,0.02061678363632559,0.017212862959472594,0.11324756938262541,0.46379781724414293,0.2690679379757217,0.8024711250981059,0.1982342371209919,0.4092832650865048,0.26440943559810465,1.9229237287167567,5.644141872515127,2.742730022589019,15.77335298208056,266.1669167480734,1340.6467448833096,1773.3870205155924,718.0061027903771,74.56917991080661,33.99040901503473,20.785497375532273,6.425396952901775,0.04888085573819665,0.22837051095616862,0.2081842881964298,0.042960706047106695,0.002818936358279861,0.006381316591918884,0.0049418860139271775,0.0038984968852151976,0.0023493152315625294,0.00151932841478043,0.00217108882243831,0.002807204766425958,0.0027712906344732353,0.004982146078846303,0.006322153108633803,0.02647616697931602,0.10269181522822424
4.397058823529411,0.0714550480149033,0.06608098327442136,0.039426979129035096,0.02592443218179749,0.005094079960316111,0.008027766825191653,0.013122947214993193,0.015530350958378097,0.043887261221963174,0.1254577856551076,0.03708218752745665,0.33156175781909547,0.220446742366449,1.3216219496226844,1.9198515051682126,1.2790078418066746,2.5383098752875295,0.5065113354811501,2.2643468952718857,3.4771186084014865,6.212357704728492,13.903535651074067,5.306412875119747,15.898639321303285,220.433224025765,1608.533864544333,855.8738296616948,72.35657356586727,4.294939984697727,0.33358946701558373,0.017565285928952633,0.022642593738711615,0.006440636859931937,0.008901890754215283,0.0027580906854973854,0.0032999500903791758,0.001373664710058734,0.00035574814614870037,0.0006204430806185661,0.0014144109851636864,0.0012243147354345197,0.0027259970860820095,0.0018689080360614011,0.005730068419978327,0.019738342102542633,0.07636180339888562
4.411764705882352,0.016932358081188967,0.009661103723059592,0.008545702363328377,0.02653254627072693,0.02740092537484177,0.02543391952121066,0.025355329801856587,0.017557124621538845,0.06579623990432468,0.3320772967596209,1.475451425854362,6.457537701943799,8.533102448302836,3.125365619214372,2.7621699332830065,2.783885773830484,1.639149700559524,2.591847411349324,3.7094341661420724,0.31917318475126855,0.27450784413506635,6.164586671328972,26.701288266733748,84.16426561223051,226.85137658229598,181.49695281746088,135.67247909994768,26.866737868809118,231.81435911071182,19.96309108804605,1.3631825678169855,0.03454345159529928,0.002597169811791522,0.005845243467526017,0.0022452237023144277,0.0033279583232230458,0.0036966353847213327,0.0022865454900514275,0.0027178386655820506,0.003412597052433258,0.001960912336797512,0.001729156886978015,0.0016745590499441364,0.013696149327994893,0.040276366813412796,0.1354695057441639
4.426470588235294,0.06236916599043382,0.021977853116582267,0.0075895593919430284,0.011101439500483208,0.004843186044077169,0.0024528054418883035,0.03327332823377993,0.03145991258023957,0.03951074148851659,0.06411353399783053,0.32190365816210265,4.688983433974358,10.09785445472546,3.1172072179916763,0.6598884343386937,3.032982643146946,7.01673069881315,2.5931836364813208,0.25075828354766244,0.25286796719600224,0.2022979259795573,2.9397323317361543,0.976335780920845,4.300687119393798,2.5888020790561885,7.7063602196976095,26.506930450027994,131.55026946110593,541.8176891657928,36.95372574760138,0.3879365713912186,0.15773328088568278,0.039997222438279086,0.010093366026117608,0.00708728926780582,0.002764521337797185,0.0015889309865796467,0.0024633034452776303,0.002681227868320868,0.0021555631637409224,0.0022179333841048287,0.003694315665070439,0.0016976027472348732,0.013139499297058176,0.2587317984939359,1.9987617596254181
4.4411764705882355,0.0182604661444635,0.012239478682477508,0.008678991840283779,0.005842374744406744,0.00785709521250758,0.013075373157645953,0.017163102579025178,0.01396023005751099,0.062263294779162384,0.053106986730467695,0.6052044565316588,0.918089795006729,0.2798466925851488,0.7414797477167158,5.674663269290523,2.4465915644148755,2.994482670794058,0.9213461834376291,0.2512007529958177,0.41811109786665324,0.6325561452584499,4.796544712926298,1.5223505905657686,0.5281358630384859,1.4551211631079617,41.942190970721114,216.70694041489395,125.51889727994225,35.98197610083058,81.42993983786474,58.24577968016885,3.947743212278805,0.05646404372948635,0.019455042871162107,0.0025931305284506824,0.0018877629074561405,0.0025835546415910156,0.0025911359836794743,0.0017496929948074282,0.0015778909878132069,0.0007368897162131885,0.0005604830083420193,0.0017809937292070786,0.013402375185822851,0.07579758816097121,1.04353971685043
4.455882352941177,0.06243327146697179,0.0414862508781645,0.026838624527022317,0.012622748495526073,0.007377635398146884,0.01552857224863728,0.02155523038436062,0.011844252194956006,0.006844292901339168,0.022691549037537808,0.47293117659263273,0.9053359726135859,0.6712599658720984,4.166384337304724,11.594826427339944,8.769826212158812,1.2742184889601096,0.04980479258620727,1.0950735225684234,0.3236196672209576,1.2740819567191064,0.7712308773750098,2.659303008609905,3.465436161327697,23.491770335185677,122.08513711841829,98.37965286205082,15.224453541910435,40.114728981618526,77.2251254575134,38.52725247825083,3.332016405802678,0.21544084068305225,0.07421120225609755,0.0013263034194298871,0.004495339715268865,0.004571365254793098,0.0014919880501713938,0.0016014295766697626,0.00264953052029501,0.0006495893186699095,0.00043875212168720045,0.0010835598527828753,0.0006041968599154016,0.07638199312683458,0.9912992217877199
4.470588235294118,0.12742821751938194,0.1635959662325475,0.08679613199247324,0.021000227851305807,0.004931922846053736,0.01694504900141984,0.015177296223652341,0.01210785489847881,0.020371406293989598,0.045606652912919286,0.16965749233681604,0.17551629784376999,2.2264136697408787,2.0709351389355604,0.09238012309469237,1.7878679031963831,3.2419590028207317,0.3469694750247156,0.13030362645064983,0.06289380817615559,0.47498639273257276,0.12703125490070388,2.137311944823063,7.452362465400973,5.316184353547811,3.697764595063962,1.5318242147728605,2.0648476850776625,26.638887551437254,3.4726790119899924,1.1726911494452286,0.07685405325361092,0.18789755419712192,0.056262923673711426,0.00512380804511039,0.0022618773626684003,0.0008015300665631036,0.0007779558234458252,0.0004166621886954397,0.0008565505591832008,0.0028660982265691043,0.0019883572929743675,0.001004663938588982,0.0038363893744961337,0.019776582603640007,0.2608740700875618
4.485294117647059,0.0966820303481285,0.021213702205550314,0.06257595369292904,0.046445359513143554,0.02062201681473729,0.0065979645437290475,0.02470453610702894,0.008688974519795264,0.005058199884537022,0.04680395636852043,0.06649246534956595,0.14931201736605557,0.2805756487512354,0.8586855881596432,0.795043519174633,2.392352629614142,0.4293199265209737,0.014843010196073425,0.029939609773465513,0.18647016839862673,0.37834141446850644,0.23646512456985658,0.37288230480540474,0.447872992951058,1.0607173284350115,1.061125574210967,1.6253437350114928,4.1235581357156015,1.8493707832761177,0.5596476764902647,0.6190872524235271,0.3135202993960563,0.18920935065470135,0.031646174028583725,0.043026097468488754,0.007901284631874776,0.002590157435844291,0.0023392155888077608,0.0019887552564469848,0.0012275618095136474,0.0013079536973762316,0.0010854528501797937,0.0007451202346978716,0.0031941070854387115,0.009958051913400979,0.04989616382670234
4.5,0.016367755547852973,0.015618238799345029,0.026311324668090094,0.007123541146352756,0.0008000893762646324,0.0062716303335390595,0.012123462141630835,0.0027977518488796196,0.02304573126645089,0.13181135704935817,0.13214728837007736,0.13011331203285448,0.06094960079226003,1.8299151855530313,5.158075133791046,1.1290493048979016,0.24123541558750816,0.6325716514827078,1.145957396242839,4.056268764682107,5.450985249240851,2.0840147227729826,0.2611014196657651,0.16532143346694414,0.1638294404617925,2.229988953243055,2.497736689295281,0.742064507907751,1.2466635873501648,0.6828967957687202,0.6607438722074573,0.2659325751994551,0.10572566754405598,0.05205556705673547,0.00774695378797377,0.002286313532376957,0.004186779540494309,0.0033203752787442304,0.002555192671550305,0.00177784198273682,0.0014767304653253177,0.0018553485379376247,0.0016734278827548919,0.0006163982777485408,0.005126836316320815,0.08839255926469788
4.514705882352941,0.08996904816250101,0.02800225305034121,0.021679299253348806,0.00566365757894476,0.00571053233111548,0.004245433901617852,0.004099090964744777,0.004270546115300152,0.005650531039514136,0.020715990115255233,0.06805361683400013,0.2714862007124421,2.037436386017672,2.5792393450165303,0.4966958145804514,0.6105237417943137,0.8698187140027717,0.6689114518283252,0.3625695372195237,0.7185507330553799,2.5884223628443292,5.147410296589672,2.3075797544434957,0.06585337573047612,0.1722975125080164,0.8745771845360807,0.9668820929803166,0.6411793982184153,0.510032803197532,0.05734272305209027,0.028566451066532918,0.03876163429056129,0.05484318359126429,0.06636603860435658,0.0184884211621468,0.001897662655032899,0.003066239122152774,0.0020714605680854895,0.001483334823272327,0.00045791192416735953,0.002378590757807387,0.002716798754088098,0.0014081179938524398,0.0005353508280151475,0.018193671235659903,0.08672998092168173
4.529411764705882,0.02424329139960552,0.021180747648081276,0.015750713673082593,0.014404533494462295,0.009536542047226267,0.008959822997720865,0.00935999774051916,0.004530075452350525,0.004883116386018495,0.036554075068772104,0.012777978082801603,0.31152652964148014,0.756750517243691,1.040979117015441,1.362104869175468,0.41158056265820064,0.1364295640419927,0.40267757257393344,0.29437403486372576,0.01637033058362327,0.2735509529477941,0.285069531518867,0.5249072366842132,0.23188594394571477,0.22940995027919092,0.5404503706800046,1.871119383906807,2.4296662437116714,0.5634387374194614,0.0037514293129984194,0.02893910952017848,0.03919119947002455,0.005620734059633812,0.013323802321815785,0.01706344548012215,0.002204333122466171,0.0009792591489331086,0.0012160284520649932,0.001970801145458483,0.0017123627506897634,0.0017823358728255643,0.001442075375067597,0.001686699661263657,0.004238271311849873,0.005401155403807927,0.05548568252180198
4.544117647058823,0.056591699225526766,0.018859065053979874,0.029754815128609887,0.021446915874190987,0.003723971517193768,0.0011301278538521332,0.013554452306501576,0.012577505501391298,0.020852257607524696,0.05952646237809868,0.04551560033214688,0.01949012420634559,0.07406062420657386,1.5186103814462784,1.6333653445254979,0.31440752160732166,1.2022002210214107,0.4279135783300976,0.44732596252831175,0.9613908204734266,1.8781027735121048,0.9394832152012753,0.14339546334225745,0.11749952847763412,0.1714963932473866,0.0726109959917946,0.26564072754086004,0.544545923574243,0.27506692122632564,0.08563090641215146,0.03156548380435023,0.0056589968715290845,0.007868325456278408,0.013993933616504015,0.005035414176010632,0.0022116706780852587,0.0030240148065637457,0.0008715670725290654,0.0008035591472255132,0.0009712064863313748,0.0006824726138305754,0.002426921717766085,0.0027757388452244046,0.0007913220106953449,0.011499565979056275,0.011671067818437186
4.5588235294117645,0.026703994428802235,0.00605493325452312,0.0162215291024609,0.013587790636926347,0.007231907727432914,0.006409179583128466,0.00736922831080839,0.012139774728939002,0.018207830534037323,0.008887519015171335,0.025315260314345677,0.0499386288120174,0.7192323010880897,0.684054192479717,0.2253702043710949,0.25093816125102053,0.7679784143533573,1.2608922062995034,0.26938125335728,1.4573959465309794,5.114017755343313,3.522637355672603,0.7309017022684148,0.055741063230055427,0.2914322061060388,0.16717647052795684,0.19348452766525154,0.04210348283259847,0.031459003355940554,0.08047936803432423,0.035181417781498,0.029060946956705715,0.014602739279368154,0.007190072459791388,0.005760020426420116,0.0029231288281988863,0.004850516175063513,0.003286110227764102,0.001453804604897509,0.00375999510632197,0.0028769163044522848,0.0008925755002837048,0.001180529477676787,0.002666042401004198,0.01296878864905975,0.03498275478178973
4.573529411764706,0.046900812730956844,0.017278930718244954,0.01949412793126295,0.007901978261083072,0.0035768998275654863,0.005585775576768411,0.00811467955199288,0.004110519903013557,0.009407095663177007,0.037981177225145976,0.07970101184223052,1.2341285339272974,1.1767531955183292,0.13723262538070527,0.16064141615691407,0.46808340192240827,0.22659107513172455,0.01714247447997303,0.07119402449725584,0.8994687369761603,3.367751005756362,3.0622603015716683,4.088184733351411,0.2888122149058432,0.03937955144863933,0.0914260632683035,0.02817833645415217,0.021931671813600954,0.703726076550448,0.2466453048264386,0.025789060540808286,0.007448178016396457,0.0059145090280795015,0.007050672667152194,0.005280378495471596,0.0022838557333439958,0.0016227373673693378,0.0013085603646392247,0.0004451563183549866,0.0005411781906740345,0.0005012006519896458,0.00046726917783792757,0.0014952726614041556,0.002311952507398861,0.008635013094557512,0.0974580480457443
4.588235294117647,0.021722113531088966,0.009519266353333,0.014753470657749563,0.014335215187803778,0.006638645172427009,0.005941947507257596,0.006333978419994455,0.002185738225588909,0.002601535324790822,0.017124691638415592,0.1852500479723705,0.18776666764348354,0.9078562199102815,0.6120899886951403,0.23355440622201407,0.781434420304923,1.1309486158885405,0.6832323905320021,0.9642203614368843,0.5362755718289256,3.9911334536694154,0.357194453155098,4.348558572054992,2.121847469020655,0.08321069433589415,0.0240903133091364,0.01039089726533965,0.03580937179096305,0.3384098332329984,0.22247220333789808,0.21103639731106788,0.03831450662445486,0.01905072982443685,0.008492212869616595,0.0012501880040587823,0.0027705466460717196,0.003277809092016272,0.001608511460841199,0.0015786308311734054,0.0012122725773473526,0.001476458031861535,0.001769436178275913,0.0034955232274521296,0.0029033067763118876,0.004831299021435306,0.007786650222144207
4.602941176470588,0.062345664312560944,0.021418219102478535,0.014367908302933583,0.0052229603505680134,0.0030713476705439176,0.006840418148346621,0.013568431093693236,0.003712963733506037,0.011342659003212345,0.024191338524556884,0.005889703197012706,0.061577787394687944,0.02402173787928895,1.17309052037864,1.6960319310261147,0.185185042110156,0.40735217766050524,0.18178789995691846,0.07615032903250597,0.5260431140880852,14.834408433044281,38.380197238260926,7.016575711693881,2.723826624385592,1.3048323272973605,0.009643913706608838,0.05523560041498219,0.035866454648023925,2.144995420823709,2.220188785554244,0.116169478470653,0.01859519539139902,0.010869360989380268,0.022088683977229774,0.013959609933062056,0.0013170059040909724,0.0016169635784975076,0.002512402781050958,0.0021231204903051624,0.0024750362070302704,0.0012638600579294322,0.0021780341243070865,0.0013518285720223533,0.0006741454283459424,0.006021672476928106,0.052791967586315505
4.61764705882353,0.04972537840853308,0.019769193933499088,0.0037881719465397987,0.0018024620960294232,0.0067084607194662985,0.004903910364940414,0.0071680938061636675,0.018241792045016164,0.006652678975125036,0.016334557596366102,0.16254988574390272,0.5288509191223815,0.36715440094716323,0.05374366162849868,0.37448519685404913,1.1135002459086611,0.873585406903379,0.32638363251440716,0.14019978168355976,0.549213312927552,3.0385314991994665,1.3217138988886272,47.30200241375564,44.01674234961696,3.214091660480216,0.054877302821581916,0.017725435062120983,0.05496851575331975,3.1647397975497857,0.3898751468070419,0.08263315594713604,0.01783922989784604,0.009839230391649509,0.014008924552393033,0.00677792995584505,0.001946951138724974,0.0017297088896397893,0.001246120012048706,0.0023558029677983945,0.002236943130257497,0.0008825836568814142,0.0019398631247236602,0.0008671055151593569,0.0024560057234775546,0.01253266185589658,0.0285453221222232
4.632352941176471,0.03513869237665135,0.021338574381647872,0.013817466613244872,0.009006676764913324,0.006974858101976599,0.004705896123648215,0.015594423160807449,0.0294358818505267,0.01736258551483356,0.031028188020809706,0.11434970906004827,0.09678412205049948,0.14037268923582186,0.19152410569678335,1.1621491684352514,2.4275768539030897,1.2118149262225684,0.07757894371090887,0.5148491311295962,1.3483204892751761,0.483802783193785,2.5506566913661564,12.062181523088032,79.43945978118056,78.08747866223877,17.332990533828028,2.8352917469827834,0.3384890236916591,0.17285724396867003,0.025783792917082757,0.013804031152313642,0.005480664068539716,0.009534260873707075,0.009082072227563284,0.0019835652020945256,0.0018892073278409167,0.0015336031193883986,0.0031191491730659686,0.0014737877486498297,0.0017821377249281614,0.0018442475121776762,0.002004346627054722,0.0023101541991088015,0.002367548350501842,0.01611245159884149,0.01894933040601758
4.647058823529412,0.025652134925587097,0.01796205521970461,0.014733630083701467,0.009022372393801706,0.008246627346004563,0.006527464356142893,0.01112531348458404,0.005696177027294473,0.010398687291628374,0.026091486768117546,0.1397848860846193,0.14130090901000375,0.47828718737979137,0.6003293626490088,0.05800134281709188,0.29338334460256366,0.23860773118998296,0.3865382944258393,1.0396007320275347,0.2761311473964273,0.4417352104629804,3.2807640569082457,1.2431019523982334,0.0359917823946915,14.47388003769689,253.56958930460573,298.0689632878036,53.190349198734346,2.9117034404646636,0.05917453399060987,0.0038347495989652577,0.004775008019126699,0.004326829244163162,0.0076687262948199435,0.0006675216553899438,0.0035729770201106976,0.002292322855010503,0.002967397951525305,0.0007719941890486407,0.0003961068588641834,0.0013338112878839865,0.0012851790934656033,0.00044401852378566893,0.00105050524875048,0.014614098816976055,0.07278205563000639
4.661764705882353,0.041310466121423466,0.02092325809108603,0.016818886444624516,0.007820704858447164,0.0050633429559698686,0.002804959732132885,0.007023741148111977,0.007727517442190983,0.006102857651166499,0.038305007914278544,0.14128430978724676,0.12370867971858822,0.4039366194203469,0.8878369877998789,0.3808747920478302,0.32250207781829116,0.5483995574470532,0.08066832333024913,0.026479453877758644,0.23478456357187094,0.2239859697921656,0.6117519160013063,0.491622824343649,0.502058389647285,3.156659065710423,70.78911516182332,116.58140356402352,246.25297828265826,94.6869456324202,0.36050618240335547,0.026495221357080864,0.009671500102682251,0.01888735840688372,0.006636049818810754,0.005870777245138275,0.0012440474701029185,0.0005080346024299117,0.0020215290435398707,0.0019177010168469665,0.0008318064567516831,0.0012732830895584644,0.0005061904691115882,0.0004115288057396847,0.00152250818159822,0.00426095789755289,0.00934149581672597
4.676470588235294,0.05625330139569471,0.04692886147575301,0.012359637953457289,0.0029793827006466584,0.00491693570483652,0.009468700911919783,0.013166537407377086,0.00726889232966914,0.005551041469695094,0.0421243765775584,0.05126453828285458,0.28216725415618193,0.44906909710191945,0.2999843636379693,0.11408950443614746,0.5684314249235101,1.0728952207556988,0.8130343460486411,0.11311369557688239,0.13500955744365833,0.11112900638503048,0.11109219859386882,0.4711745054534826,0.65011910138895,1.0480495130654846,6.521336954026772,22.55971941966356,87.94393420902915,44.42662034588679,24.3953731352945,5.648111364059451,0.5503362829884741,0.042445382763074385,0.01639488987230703,0.0032172443653975197,0.004808059325425017,0.002292722290017127,0.000825526665409061,0.0012750812325738876,0.0017362989484915091,0.002432077853467202,0.0028717548788206922,0.0021997429616342993,0.008318818995695393,0.021688221066454398,0.03652633639834737
4.6911764705882355,0.03659021586836259,0.024306752168560576,0.015444875489509874,0.0016732260082862535,0.003140752631367868,0.0049926764622192175,0.005177870154122182,0.005951020655663999,0.010925010745021136,0.03478452351559921,0.06256579389722229,0.07343053487545664,0.04028618645157214,0.25124586833815676,0.48978363047304885,0.5098816258830283,0.6068735456714207,0.31632654681989336,0.18486208409543153,0.2936389862357448,0.09476126202503315,0.01946053311746414,0.04941727235610939,1.2548623284458595,3.9310530454827823,7.536887338998898,20.101417791884483,50.04209091541752,468.65027479358525,480.2581564425918,75.04133622625132,1.041961221084335,0.08415073589651849,0.016773487155686287,0.00825930685477078,0.0052942130124700865,0.0030698612152084345,0.0021956761332240647,0.0020249567312639175,0.0020703800274110636,0.0013108373810562096,0.0010334242942633214,0.001831166812430863,0.0031080248871681567,0.07185381228063438,0.12626784372452401
4.705882352941177,0.020669234241165575,0.026531322140243473,0.052043945020215705,0.004599203327201062,0.007877228135282419,0.005058912254673029,0.01239122130984937,0.0025592600972198032,0.012280587208981926,0.030109323415784872,0.03284146088544622,0.12002605944950098,0.1769686900443779,0.034850724389492285,0.8096782674578333,0.9464116551778816,0.2662004148898592,0.03479662191972115,0.05818405457560083,0.01906449389808674,0.06251877422389114,0.2089886348327799,0.5463322297807707,3.8268426776406743,4.0189563386995255,1.2846427279313941,11.020440642979445,84.7611633966314,406.74027531166087,33.23799854582535,6.116531676375487,3.968897426537949,0.7341447346855162,0.38804820157880215,0.10887801154512657,0.006378622406926417,0.002060903117062523,0.0008295650747206864,0.0024493924416762987,0.005420907985661587,0.002113822741699818,0.0017662744212978386,0.0015177764420370406,0.009131528071896449,0.030998019596845797,0.07470176831869321
4.720588235294118,0.18495361719672102,0.21406009175637467,0.10337418782179084,0.044188811134438004,0.019117515434440034,0.013454252046886259,0.017044806184500768,0.00888467511065658,0.03511733767070648,0.055545361140420905,0.028586598216022885,0.11513553246012104,0.016517268765001557,0.5529121885008679,1.3247157590470895,0.6448924361362223,0.11177908747992804,0.019006819452749388,0.22821509826113506,0.5628154433375723,0.5217339445268899,1.0036276656975014,0.48898926436314527,1.9792901842242028,2.793161828710302,10.010489737600672,38.89932845924079,25.247030044936402,14.497286538176347,0.8002191852496405,1.0140748000925155,0.9023032613436738,0.5506768988148735,1.375318003279968,0.9538388372525274,0.07680726312088498,0.0020454153269164393,0.00262485912584338,0.0008928321550147159,0.0016483273750694163,0.0036568873456960375,0.0019664379936072166,0.0006875315593393577,0.005155769843973048,0.13621218478219382,0.2624273500950882
4.735294117647059,0.3855805929348628,0.1365556843408774,0.14067536044057968,0.0639316134608363,0.025805493436165786,0.015424574756394034,0.026496036713584158,0.006775555311097097,0.03535483485621018,0.04381267202024934,0.16119944638122988,0.10870371394759003,0.4688732543070112,0.44062195549816585,0.18038693239632397,0.06973319762823067,0.8745788144903908,0.7684116209279711,0.2739532076562824,0.06815279474400593,0.033419856642733864,0.06543043923773945,0.6586421776486784,0.5852457287972238,2.0557070328559224,2.463413272036595,3.065622984554527,7.589775037030033,4.08495397098842,5.744469046390028,5.71734998044892,1.3697325325639182,1.188793592943557,1.1219476666066166,0.14034684871086053,0.2600210861415733,0.002342298364369107,0.002436566003575236,0.0019251595952627782,0.001826135661173318,0.0013468259445884086,0.0009014497490637719,0.0034459255372212617,0.01837045264815185,0.05400037203521206,0.09205902472685376
4.75,0.04617441316834575,0.0579456488224002,0.03750759696054917,0.014532320831176386,0.008913172440648987,0.006266377439727108,0.006098894885030334,0.0054398470505977025,0.018810264931939977,0.11195545654978928,0.061456308650127994,0.18411497685052772,0.10092251804169403,0.06382826135731373,0.12543173206447827,0.10052596806695517,0.7654189570251683,0.49444498981387575,0.031307935961063786,0.009826117572724048,0.025391271462230358,0.016724858685358904,0.2501922749550212,0.8400129876135882,0.7190136433829202,0.8581234779223328,0.1809717109682148,0.11607876107462792,5.633484759636971,4.726049795568473,0.685286195753311,0.29755384900448273,2.617270637503586,4.916854253830571,4.142531637604996,0.676453063906746,0.010636892524923865,0.004307067755723427,0.0016493930474406676,0.0005876491452966102,0.0006636232695140423,0.0032088014984758308,0.0027112649243479425,0.008307761960775557,0.028697172605049788,0.20839571700848594
4.764705882352941,0.04071509441462182,0.04703027262502136,0.018343514917339966,0.0011840575556091655,0.010877269743831406,0.011794098941327122,0.019713270844702313,0.02090628918743162,0.014666972186715567,0.04963819202190763,0.053614952106348285,0.048335910383421894,0.15270909265903096,0.2663927839258635,0.41098583051635107,1.8796179048879997,0.754710127867634,0.6450745791398719,1.009344336090969,0.14641206594161466,0.05563599754436963,0.08296657924551032,0.12744453603222777,0.0665524421808217,0.19766582033079388,0.4362969372474397,1.280460308843679,3.624306802675886,16.185322810886337,0.030598022165313002,0.3736896326148572,0.10921463843734995,0.15285268337027597,0.22500716904503074,0.43659837919414246,0.38007029541402815,0.03595087977078957,0.0012910828767271872,0.0026504350474506537,0.0016347402609159134,0.0009488855300528805,0.002462070956539708,0.004296150597610888,0.010357938805593821,0.14583817504815724,0.5079624548623258
4.779411764705882,0.03141470904146866,0.004552072345976142,0.006849280200493411,0.004028656472448605,0.004974137736318609,0.005447257053293301,0.013823157915879257,0.006275566949941183,0.005642158589125866,0.021694641566432585,0.07279364527561168,0.44069631967644285,0.5686990661258943,1.2391006089384127,3.2713068974896182,3.383448654544751,0.9509128705879891,0.08846779754954373,0.4498765915045777,0.34200746355186273,0.049988447807380515,0.056306956562598695,0.15472822028515143,0.3316737797505577,0.36044953430838,0.17592325168785367,7.306133042933704,31.344171482550024,15.080064057929413,0.11084498468889992,0.11500565090658049,0.2398000784686285,0.33745153867913846,0.2851641115577277,0.34101175405775663,0.1574951994252263,0.012964648288569924,0.001844160333198345,0.0009780545764130877,0.001117388661043623,0.0025525344175704495,0.0008666673362420724,0.0004516523255002549,0.003383793591572013,0.0066447696146061655,0.04267826542868672
4.794117647058823,0.057518814246017985,0.024110655566542342,0.011963027708031128,0.008900694541652947,0.008858243065493276,0.0010301459006883036,0.006922843525115578,0.0051498520828163336,0.0028858640141148414,0.02590908223981529,0.026517813980150032,0.28056748187850816,0.9282832589829286,1.4773292599246575,2.3844625962860486,0.48194136406636234,0.03315422676390546,0.014577283318221113,0.21172925569972811,0.25203986680051366,0.06511313165189775,0.06937645602356628,0.1142921183805581,0.16496148999659765,1.136009012868837,5.995942502235415,11.05056482599492,3.628787513642097,0.6620662354422019,0.047201872658337626,0.07505077780571622,0.0446835749818144,0.024935608582038936,0.03572743368135616,0.06939278839112335,0.021053252068191954,0.0015223534349178601,0.002356561989420246,0.001073084957314699,0.0008735648755855915,0.0012521214385079037,0.0030219736671538945,0.0019499681119557815,0.0027577905193756497,0.008434006518733703,0.03676989464767889
4.8088235294117645,0.06605925254401568,0.04806407594169438,0.03669656420439819,0.014211108368929026,0.004228931143756548,0.015329063273653604,0.00998280625798173,0.012402870208110248,0.008522141170275664,0.012450688869904124,0.010112996850023197,0.14403730630657405,0.01914395113614937,0.6999745132529216,1.3489614784520811,0.6883439123508259,0.2002298379906417,0.5885644107982391,1.148696968053022,0.531002958138532,0.2925620646647904,0.18854709495779304,0.14209138895474538,0.027043759283595384,1.0685042679733874,0.7705070531949992,0.017219961738909946,0.10480058680244031,0.08621362599063881,0.07594944439935258,0.046206328120037776,0.04142596002983147,0.02018857723792972,0.01723382360727963,0.0077160292410672,0.005468541532161043,0.0013834130552759876,0.0004799108122992617,0.0006213905924085242,0.001013720341500991,0.0015133659282246048,0.00039839423671452016,8.304694288450164e-05,0.00245655117176216,0.00613316123845722,0.04508585628968787
4.8235294117647065,0.07053441496699026,0.02870435254260238,0.007814813002829305,0.012295210592116728,0.009761065276326707,0.009716287347547365,0.007143633796793673,0.009327268298872846,0.02044143796340117,0.048674384445489424,0.21151848914807647,0.2855117624147982,0.22510788827000588,0.1744120534602155,0.034727084390211674,0.2534390197264571,0.4235696017293251,0.017789243413089045,0.3220271451918641,0.344974040981738,0.016391996051772037,0.2504245654122274,0.13024000125055374,0.33423887313022826,0.12819013663209905,0.019119907400196364,0.015635084943554145,0.04675576302414748,0.08503195321539958,0.01727554265578401,0.004468998392062265,0.0016790074098251145,0.008823343997236133,0.0186825925026612,0.009970492726985084,0.0040386355177278385,0.0019146034075526951,0.001990530054343358,0.0006401961452171094,0.0006030626491616417,0.0010158349374450523,0.0005039023954407452,0.0007695575150951355,0.001119666845904067,0.002773573372474182,0.00887680492653304
4.838235294117647,0.0069884125003957884,0.005630818372925905,0.012906421976386613,0.010602996569043987,0.0038168679320094686,0.007113636474678553,0.008399894247047103,0.012059395154741453,0.0152175731356248,0.051262151002020875,0.2899443546045043,0.6543186001708259,0.3508390693807474,0.9843550478836696,0.41661132438713566,0.4973960769016528,0.0044224775669549025,0.5525888327412813,0.42363764646449764,0.18751841700962457,0.142571974119379,0.17793431638298118,0.6225722497243824,0.18602433405371394,0.012736190647239727,0.027210415108963923,0.022734092375128637,0.006487737536644484,0.005194669533364931,0.002533963240205479,0.0013647333412216333,0.007355231752418311,0.00681897356402458,0.004615529680187706,0.002461990161817626,0.0024964058237895827,0.0011326636018892753,0.0019343693968151402,0.002455626911342315,0.001221076749754593,0.0005186746195996771,0.0004519025176330801,0.0007061902099281457,0.0030709224557835396,0.01123271550863372,0.07202141399144427
4.852941176470589,0.045733313443281624,0.05659803535709078,0.015183241625356511,0.019427909172967155,0.011610704587302954,0.004009801877620371,0.005510071271788876,0.00252026019478756,0.01744485167128342,0.038802607917333795,0.17613038172687193,0.09587483934799909,0.31189417395270025,0.9428391418050815,1.4044340543275515,0.593400904537466,0.6182530848460883,0.5509816412618562,0.15100003521206182,0.02056297825252652,0.10695418615247307,0.1235398743136334,0.02350428389862593,0.012101635792902542,0.005315561922635843,0.0010570001164566978,0.008868443521354321,0.006060655726204144,0.014572327685045627,0.001476860536756758,0.0024905678804750192,0.0021785599422053763,0.007582207898393579,0.002444184987893888,0.001818884822591895,0.00346111817348501,0.0013542134630413149,0.0007334496954530008,0.00037172450957761224,0.0007853459940347475,0.0009948581783746175,0.001317753631608411,0.0021853703123362826,0.003027732301377721,0.005950265132562433,0.01615362980366933
4.867647058823529,0.04792532794275235,0.019916392395909838,0.02428790018147586,0.0073303087584843316,0.004622763321251832,0.004227462401822776,0.004806172368635517,0.005418821804447963,0.021157037128610844,0.03945069220727914,0.0584406624537062,0.005070653744771642,0.04160244126857447,1.1140123960612367,2.912082929823292,1.2359666421951483,0.24126832519130748,0.19984342225347268,0.10009743303746799,0.1401781715274468,0.18950841526473428,0.02132876215775336,0.06801399332925942,0.04641574125426544,0.014833672711736466,0.022811329483616753,0.03145968602834831,0.018036694701146223,0.003001311066456457,0.0022538042323722116,0.0009080844324654699,0.002914722971063888,0.0020892196925446685,0.0012245370487220359,0.001844085581557533,0.0013767399537937199,0.0008919348518846676,0.0009694987287123625,0.0012403116871513476,0.0010845972611357338,0.0021905551655376707,0.002159670619025246,0.0019082049765089494,0.0032367071537077506,0.011485150044731926,0.11320911098472897
4.882352941176471,0.03414857938014916,0.00948374057321194,0.042597580023146106,0.01660053538034959,0.005465659748874764,0.004036356524136238,0.0035851761312554117,0.0034134393092763947,0.006309780682947637,0.00898058062498452,0.09832012130248302,0.5560721545642764,2.5278503369237333,2.732796234973592,0.009210856338633144,1.645178018148688,0.9204772680300846,0.0937855343186526,0.06044015190133042,0.022032624472372052,0.026804538462430996,0.042556658522206345,0.021968289316551717,0.025879688077252893,0.012072757081267217,0.007996774475886575,0.0037957699619789245,0.0010921652253493535,0.007120109304982284,0.001483779658820964,0.00126071117703648,0.0009155579550941715,0.002231944209764554,0.002743539916291278,0.0006835741208518005,0.000922156577938212,0.0014022145981284532,0.0010411920503312798,0.0009738234842869224,0.001125461622609492,0.002128984104784685,0.0017406256062203632,0.0025385851870706913,0.0035839291718856173,0.02477639558310616,0.16844241139542385
4.897058823529411,0.02025483466432088,0.014159736136040655,0.016002078588703828,0.013975454995993036,0.005218434509123255,0.00502064911335758,0.01709411893742929,0.008855172932244807,0.009237251692155677,0.007503168623724583,0.017626120545050458,0.0906032252313862,0.023884501716470122,0.3278542715067912,1.261687240460329,0.6114160757434508,0.6842588618175556,0.5634109245400464,0.17848185494866123,0.011989636093675832,0.18573045853551484,0.12273026382411753,0.003383039707519661,0.00624803016477682,0.002310479213207165,0.0010389273710630902,0.0020197189863901174,0.0025357029694193416,0.00195852814611016,0.001292161797105439,0.0009762454858153681,0.0016467916303535878,0.0015957310648238659,0.0019664808860130212,0.0006119023213710263,0.0019069982719178511,0.0014962187153197098,0.0006441950407241221,0.0012551817848257367,0.0011720782148396866,0.0008471607507155707,0.001031774149100814,0.0007686308311887501,0.002070873217239489,0.0023836319734048274,0.0491014336347472
4.911764705882353,0.0012044660699752508,0.007977366925539926,0.0073302255274495295,0.005402035703713712,0.002740571730082549,0.0041471887700884336,0.016238602636243393,0.0030279254643754265,0.012982031009969775,0.053868985914965896,0.062006438646749595,0.0447724507942783,0.14868180491955824,0.6006114282992803,0.26089857429437485,0.2767795056024642,0.2965910935591598,0.12870899440515993,0.3954802656278608,0.05521801612851027,0.007774629227363474,0.09407813325491535,0.06876370609636587,0.01216731396581746,0.003135460737240087,0.0010866046455082134,0.0018726788234199906,0.003227529429886862,0.003885141497729921,0.0004913399434624793,0.00048691551079235035,0.0007349254967732397,0.0021054072056697713,0.001958427068065178,0.0024821005318662248,0.0019399232112190328,0.001324016386510414,0.0008396531686998166,0.0005329197706968188,0.0012667486441223855,0.002157661239225302,0.0019208803144835432,0.002095532512651693,0.0025616858848668688,0.010752742649432247,0.07661450894215238
4.9264705882352935,0.0784303518457575,0.032173120756159745,0.0039760533132041885,0.004037273753102948,0.007778242867024847,0.0037609993504658795,0.0054030713779483555,0.003938106833340065,0.00805912355360417,0.07841658546264091,0.14099850582654946,0.23036575245144292,0.062460757995620286,1.3344663474354763,0.9875947759903324,0.4772502733639624,0.45846439847269904,0.021988970252290935,0.3283472109291235,0.20540992580101142,0.052416352046965015,0.011952499541157173,0.035151278220588694,0.014224072949874322,0.009028732136516691,0.004036568679955176,0.0018466670532925,0.00044969627448536627,0.002394593084730304,0.0012823309064070622,0.0006557121593413151,0.0008125685138312124,0.001213928472012825,0.0012074657767281497,0.0024319286738543086,0.0020954402173022036,0.0012570452226270746,0.001610362568284339,0.002374702319793733,0.0038980706860901665,0.0030878988474022854,0.0019412958818476947,0.0031840175538036634,0.007656871996715247,0.029573690438017275,0.15663463609148803
4.9411764705882355,0.04941344452315221,0.013244924438491268,0.007160075079212435,0.009536519305213518,0.006915748297560818,0.006369397357179921,0.016778590228370603,0.003575303025013842,0.0012813901249892074,0.007918221098029542,0.010541704027701212,0.1395882139333673,0.9520828000400101,1.7212098885773588,3.4292835166254454,2.2645422316382153,1.007337377762515,0.6728908951075643,0.1547875028900637,0.004014395469460753,0.00838328695009874,0.011655204492932525,0.00923390527193994,0.006350482418531967,0.0028179574841501747,0.0015292500765364129,0.002505881175285155,0.0012890632506131054,0.005624671282721445,0.002788844577495682,0.003965088817675978,0.0025349638343537583,0.0015438834049425333,0.0013816920410260392,0.0031821205024559836,0.0018067055834577682,0.0002869415899614952,0.0015133841209170136,0.00163307231769298,0.0019390877188832406,0.003333158906066488,0.002080839649955354,0.0006566599318497677,0.0044910624323647765,0.022448632547594834,0.10003724351431337
4.955882352941176,0.07181233586608476,0.032219072485405884,0.016281874920868734,0.00465124739497031,0.008453347158147755,0.004471506605983853,0.0061941000996849765,0.0012844076821697742,0.0030874685231268486,0.012926598507444126,0.11707694340111542,0.8422129473488436,1.2420942114355862,0.10839940675848411,0.4147828052560059,0.5800470469654515,0.6520957093472084,0.2781333663225816,0.08970650679573479,0.016802407970656068,0.009692118057594581,0.0024658187396891214,0.015289750597650413,0.008146300408228727,0.002741743644216982,0.0006841434622862087,0.0010779499272379352,0.004678107626155168,0.005313172443444194,0.0016254820060202452,0.0027342169172489975,0.0031899756734970024,0.0012490786642487433,0.002839330067010137,0.0039142171011794106,0.002304860595952292,0.0017068404565374804,0.0016432162976809657,0.0024850965879626326,0.0015206294411405565,0.0030520477499476877,0.00240877559389885,0.00045499547355083497,0.0019399781954729627,0.025789168929299756,0.1477151912190026
4.970588235294118,0.026104658482994522,0.011270486288949628,0.009215837649945132,0.003075929650848812,0.004090211642469448,0.006568320009944562,0.008928794104122232,0.005754945931932747,0.0032317780026695307,0.023065940150424236,0.025329433954573863,0.033835003467075506,1.1992545579830973,1.803390928019133,2.2309643522446443,2.099519182335558,0.4611782183288992,0.4574987053445261,0.28562300624102277,0.14441317818270785,0.06939303350108397,0.004380425882501264,0.009191106138782452,0.012686950792355569,0.006618970673410122,0.005214932112357087,0.005190519105716468,0.00372198634666341,0.005665283131668283,0.0031697592018063623,0.001592139116674943,0.0019416042487748423,0.0019837434554339324,0.0023797981097026196,0.0028366759957023317,0.001598744438216543,0.0006525025765738923,0.0004016167859141971,0.0010425629834580111,0.0019335639929900666,0.0006117203146266367,0.001245889182519369,0.0019891538569328272,0.002197679819762034,0.017723479489408604,0.026661837838572643
4.985294117647058,0.10672895787572545,0.0367535133477479,0.005149840318655235,0.007596268461121235,0.005462488455949856,0.008006809517142159,0.003286438053867499,0.001959007955451408,0.004968803330770535,0.013514921441245695,0.03931776192548613,0.3260327753670998,3.2164556314114554,1.703304662893414,0.008315675859499244,0.3653795456631098,0.326477110020431,0.09794800112854844,0.24180100972013613,0.30003730876137924,0.040181647559676376,0.0028127890983069073,0.0034893775977032394,0.0007951514435549947,0.001093648341680458,0.002028470567382803,0.0007238640699288631,0.0009673177154234124,0.004114228398478537,0.0027168011638333393,0.0006881680022705884,0.001057580512320557,0.001432408399084495,0.0015510879673381486,0.0033065339777640238,0.001912458088953943,0.001033506948540388,0.0020108305116530696,0.0015455328180698465,0.002394834385940046,0.0015041867759035886,0.0022979484319622747,0.0018069309784905453,0.003365783547450581,0.02545108800989687,0.06738433462966245
5.0,0.07834272151468641,0.04651456068105275,0.007288945308384501,0.007302103536771918,0.018192052886130038,0.0034233888232075224,0.009606079239443534,0.004619212791416625,0.011871286663407749,0.02294765063063775,0.015781281889928264,0.0809274920111287,0.6103323169711755,1.6003674182607557,0.2728750404514417,2.3785341236878743,1.91241265050665,0.10871526552187069,0.41466411789985247,0.2591296043655784,0.03145419754130076,0.005881271356830344,0.002122553196183927,0.001402708368431694,0.0018498362636241669,0.003369341121173732,0.005385326787187243,0.004263244229280539,0.0040752861776370344,0.001331633936991579,0.00036911844929845395,0.001136793157214696,0.0019055087710439758,0.0013456365023368725,0.0021559203007176266,0.001508282236790036,0.0005100854374649108,0.00276449863256389,0.0049592124488372635,0.0034480632610021304,0.003288701676268762,0.0017265016339447006,0.0029924411373875564,0.0013046748444337172,0.035129038377769053,0.23512281001511265
5.014705882352941,0.030099446400096007,0.01006818557518859,0.018772642451540682,0.006124460044233579,0.019804705313718064,0.016147838371361342,0.009568878482552577,0.005917507323002439,0.00836391217808232,0.028362253515726556,0.3208651401890851,0.595642501681092,0.491158388664076,0.5813740061367476,0.6324515345565418,1.0958205055291437,0.46310973089540486,0.5794088307845913,0.4937523428347933,0.12135572489941848,0.14663491955312796,0.04860565610710674,0.004229714862801352,0.0027356352040062127,0.0018900230502397679,0.001240073615759959,0.0003517596815594356,0.0025870673653768696,0.005521771068733937,0.0013344141137284402,0.0015925276794144351,0.0009807411724348108,0.002371484349691813,0.003495754302157634,0.0025453480687876043,0.0018448084264501153,0.0012420684849375227,0.0008436518446293828,0.0032908060656817637,0.00264775158055593,0.0043051932935868585,0.0037350480892800364,0.0010514553200904587,0.003388121440181765,0.07956105876854636,0.4933229326655555
5.029411764705882,0.08300978714884075,0.01953578465200667,0.013860992080223566,0.004082731507067032,0.000984625173834447,0.0010974198588612303,0.006866871575523381,0.006800369013322617,0.02048320399499609,0.05247261330675626,0.2310503731485749,1.1590656835232798,1.7178036881681331,1.382279790002653,0.8661626506862643,0.2384359610858543,0.3834590217971883,0.19801272384877855,0.5334521690776387,0.2648457160265749,0.0611147074720153,0.002830048296599827,0.0012567481817720493,0.0028932627108528303,0.0019098922211273576,0.002007756602040416,0.004118794527634468,0.006060382231108086,0.009600944479452528,0.0028276228471677345,0.0010512649146389636,0.0008967480576475455,0.0021981940123186636,0.0020212527059345863,0.0014009134221413498,0.0008433543024744723,0.0006313790774727864,0.0021545660579374735,0.003051257404910371,0.0033922343184283935,0.0028034302518133063,0.0018341340673527912,0.0007247368631168595,0.004353302781277452,0.06464681702395472,0.149603063806907
5.044117647058823,0.01858942296096121,0.029417521337790596,0.01036351999300986,0.006080074511973508,0.010848006737270677,0.01470494882998713,0.011245799007974795,0.0013679932078005958,0.006705929165251584,0.03701647843484264,0.12016472454011756,0.8961592648559131,0.7686407052668223,2.051933622891244,0.47390877948211874,0.24289894376621263,0.2180192709351217,0.09475063729794264,0.3599583304133383,0.2279003754519996,0.020635963526897387,0.0033243277570601244,0.0019672478195863147,0.002069781929583322,0.0029998970577932373,0.0017799897481673185,0.00043651281567010883,0.00029057233961988496,0.0026032217653402787,0.0022769574482616427,0.0029760308092464617,0.0017672584990735972,0.0015313052849918927,0.004120699339289966,0.005932742276319258,0.004836967267526174,0.0015040620431497078,0.0007698660597564701,0.0008552156066555204,0.0005707774291758218,0.00037257407108738254,0.0012634608013432644,0.0021008503712947203,0.0015701575589942732,0.011081623192587715,0.007694708588428951
5.0588235294117645,0.03103504572077328,0.020488658535508575,0.002766977806565334,0.00936143989954813,0.0023583459264379532,0.003991967612002092,0.006646897005920617,0.006287631951256953,0.00835883227855671,0.03866647353687184,0.20412252330026875,0.8094853838895866,0.8440934290233889,1.0876618083550116,0.5600016345289853,0.40664789841771803,0.8121747465079824,0.32602463649931823,0.01344011200109893,0.1710728064964838,0.10460867167763777,0.03397351188217667,0.04994240819310879,0.04258920459504204,0.0034824078165043614,0.011868479202216323,0.005437260692348507,0.0021291198712023863,0.005733675648876006,0.00392834831211482,0.0038214918972758532,0.0031100118929860776,0.0012457775223920153,0.0013200666763413204,0.0008986996517432123,0.0010683967852182135,0.0008410899882733823,0.0006494237716942457,0.0020009586252196588,0.0019605268169606113,0.0015995040185672487,0.0018367161164118736,0.0011234335238642442,0.0009891998080167033,0.03462599586328373,0.15882149768959475
5.073529411764706,0.020384857527151728,0.02047933489394131,0.022491807414531263,0.012473832539434338,0.014976997585411038,0.0198062901487839,0.012619472835720708,0.004836884801187219,0.010852294395100735,0.02700894927806361,0.09682989855039242,0.5035365743523281,1.3886816093474352,1.5459633569866347,0.34895415312875283,0.19388284314380497,1.3657143826537923,1.081647768739784,0.2830069180390413,0.21469832415147594,0.08662760015588566,0.015539191969227739,0.07877114691013253,0.3647146597782192,0.20924731845649536,0.009440352462321857,0.003927826865998917,0.004128798262355506,0.003444182481162416,0.0026262019943700697,0.003539123917661994,0.0022871862851533446,0.0050232184440349055,0.0009901437186412686,0.0008197771275301189,0.0011830654849492176,0.00046676195298352456,0.001386177373451824,0.0017088941760469263,0.003666657954280795,0.0030789582145672985,0.0017357760722511656,0.0016669868202839528,0.0036311170799087278,0.04761440033740037,0.04017771383638814
5.088235294117647,0.022708187377621224,0.020698920115233502,0.012725939417589264,0.008176477504966,0.00973946141285473,0.0038379812229210014,0.008572986239550707,0.0024981499689498837,0.016937587424297577,0.023775464427684585,0.11452198151680407,0.6892840628354793,1.1603614837023049,1.1424987001160771,0.18246123651310428,0.06579026451762769,0.6643742113954328,0.8520187765152971,0.12294807364088921,0.0019456768707352102,0.0031331520824837084,0.03963039709351746,0.40823046669056073,0.8178423340126946,0.2256747731325426,0.0024523014528803197,0.004204305755448518,0.002160847653445259,0.004408370448344677,0.0028958289872990477,0.0021622995293878165,0.0019082632599923995,0.004944936504208793,0.0016198846988115406,0.0007367642677940393,0.0004325328084801943,0.0012171351710511115,0.0009917756445356537,0.001436109948396599,0.0022124321137047716,0.0006133964472766332,0.0006198438033223161,0.0011987317310269748,0.008634959208465973,0.07684233751207245,0.08340571255177054
5.102941176470588,0.053109564088672505,0.012292004106844553,0.009998822078670819,0.01319688469782631,0.008215635988560182,0.004349128732596821,0.007879034513361128,0.006279950479528189,0.006583532739429947,0.013824916082099077,0.09331592967614803,0.6944934440463155,0.35805407073589857,0.29660902691768687,0.027067469828635886,0.30183646942497033,0.7750241846239112,0.9496450997684567,0.2544596909378074,0.048464881258579846,0.041398885875806785,0.1412666836303792,0.3318347890896795,0.08753694589018732,0.007368208300995038,0.0028985358447060554,0.0020912952895985283,0.004088452350643223,0.004303352510014254,0.0011875524015379547,0.001166112699095249,0.004958320671488327,0.005940239787157044,0.0034444572475303085,0.00256384575983019,0.00273569959267541,0.0007239039542896793,0.0014912119997064223,0.0014081857304988716,0.0014732552050082041,0.0040454694703981236,0.003325098970312374,0.0010702136101636644,0.002994217774422988,0.018694580665552362,0.004560794712511584
5.117647058823529,0.09166963741483651,0.033078534944359646,0.008303664259341087,0.010853531798266848,0.012727357267551385,0.014283463820206885,0.010163574797247802,0.0038746886150231113,0.013126958574279205,0.05915547312825835,0.016404339286574705,0.14607597216428642,0.5055715676580113,1.515949516297915,0.4039788081395199,0.13867123854602545,0.24153054689802456,0.04294529116820581,0.011784722701483404,0.005875849291633345,0.0012261215318663402,0.0009573262969809077,0.01873379801808254,0.054010412884362195,0.034005564591659515,0.025152374050457164,0.01809230206484763,0.010875940130554082,0.005621078641554084,0.002600047399603618,0.0012904380488531718,0.0008006090509812135,0.0011850410200469799,0.0015234394265494701,0.0012359167617964854,0.0016024972476469017,0.0037434819478059543,0.0016699396667228898,0.0016960443198616349,0.0032060498863644214,0.0025678655291298006,0.0014577465587980627,0.002933491876772447,0.005060343331954834,0.010195058528753971,0.004839499792839668
5.13235294117647,0.004399258113321584,0.018974458633017742,0.023934010919006824,0.0140929520169943,0.005798040436605703,0.002771556066726494,0.006520980609338464,0.006848462031537378,0.009008268981533112,0.009072985473930456,0.1550168541053217,0.48455155945442235,1.1774937688010696,1.2247395713014324,0.73413330005989,1.8431235227705007,2.058232754888805,0.7640115790162273,0.0251234081347143,0.10442847037623143,0.1307368803626049,0.086014308816667,0.0188212888900103,0.030143482045839057,0.023838996285736484,0.005127611458751891,0.004867374544615608,0.004103438384717792,0.0021897668239231178,0.0002811661219373591,0.0013087692509066119,0.0017335187846363532,0.0030906735973022944,0.0036687747508901405,0.0020532350035817656,0.002786482537306375,0.002150223075272315,0.0024948044457402323,0.001539313394535708,0.002064304111219209,0.0024248716197705048,0.0014045428433600324,0.0004166402374995141,0.0017060507734160224,0.020630782232759493,0.13051179840916188
5.147058823529411,0.023049382844418403,0.007197057322360622,0.01533164318679931,0.015536347097032967,0.007841986901877339,0.005207904860521037,0.009682248651424297,0.002770486391051067,0.0021593933313962073,0.02052416490781772,0.23772822911017902,0.23224491928854002,0.3267162231404578,1.34963923754916,1.0447583567572913,0.22767437056581302,0.18880221635318137,0.21645739030136635,0.37457943460522614,0.07701351397442807,0.02531305376673467,0.013362325738250315,0.0499391504829321,0.0767837432090186,0.09071628187912564,0.008772254350783281,0.0006887991825095972,0.0022473417957267205,0.006223590146408822,0.0018962205613632162,0.0019147595394901067,0.0016094436750951832,0.0024770670096729355,0.00168848222343028,0.0007703266706672908,0.0014748624391828966,0.0015358479178545566,0.001597408121782413,0.0021911128795201536,0.0015921615319897178,0.0011471481249078611,0.002004594704165925,0.002666913411795686,0.001346928059226364,0.009812016806893555,0.10225684146920389
5.161764705882352,0.020218855448256145,0.01596425589416858,0.00059691351031352,0.01055023595611247,0.003389926160914799,0.00982273805588475,0.027705105043385633,0.007106437741976401,0.00303688453758337,0.021940607296190344,0.005673881946038078,0.2985125697464186,0.6312376468964846,1.8130336349007017,3.926684355444932,2.8784404617574646,0.6605161374292058,0.4083365912663653,0.4724114781874789,0.15933886961964708,0.1446038918239694,0.07908501259009407,0.03288032864848185,0.06314037909320164,0.04080345375504823,0.005593303957534872,0.0011090033289145867,0.0016402898233220165,0.00431358558727217,0.00423107867085603,0.002851489410935406,0.0012393070051800858,0.004307334418527483,0.004718196457611106,0.0032311270316475356,0.002838873228034713,0.0013974179731155768,0.0012613400365455766,0.0013985268965461626,0.001870366264655924,0.003114927734024742,0.0014434962290981565,0.0008181180580361328,0.0025066907824062763,0.004337571960593305,0.006036388752546719
5.176470588235294,0.008519197692797213,0.017208698604535465,0.017802189248921674,0.01096099078176652,0.012158279808650075,0.010465535848770212,0.00699533794263289,0.004972426348261403,0.002949117955947481,0.0514709662276016,0.3664247900446755,0.4412255295110763,0.06952221166704739,2.3772682991847427,3.220342525851808,1.1224440308945869,0.15599108364285558,0.2411545110117952,0.15130528049522723,0.02953237426614044,0.015194988546921893,0.004891459764196932,0.00797376212212733,0.0009237793160394736,0.000615503611774499,0.0021597861146228116,0.0034715440566600872,0.008703656477948511,0.006527584798299095,0.0015330037416119505,0.0007798500747752134,0.0005970999039129326,0.0008260025314946884,0.0011230590002852107,0.0022964237365266913,0.0009239330090174355,0.0002525175428943135,0.0008912398739207919,0.0012699426682824411,0.00048425886634792325,0.0026183824082558465,0.0010068943978858238,0.0016349892524917097,0.002845000489409729,0.022717504383613436,0.09306679790418589
5.1911764705882355,0.040879961418823496,0.022414197018179954,0.019802392176250808,0.006076207986884799,0.006170220559031236,0.002158832545728428,0.019159634661081927,0.0076767957022032055,0.006870889813509744,0.011342390203682004,0.18632953612216413,0.08703738336840344,0.7303849364758115,0.2974881785777093,0.6944151624413512,0.41836465929617994,0.125039787481487,0.0718771371070036,0.14169677432940264,0.05872669687215917,0.01669658000011972,0.008689595361089568,0.0057641311906422585,0.008854685300796639,0.008419668996042394,0.012120044881349625,0.02771425904238737,0.013541968223238377,0.006919463908873654,0.005294724266510278,0.001292555903355384,0.0009035334786381649,0.001474166573803248,0.001670631357258439,0.002343880865471592,0.0040787039903124305,0.004390824589117329,0.0035080434137622204,0.0021380312843798897,0.0004232913231547418,0.0019108250070859385,0.0017932827067536068,0.0010530296746617757,0.0014281246325702811,0.017294270106940797,0.05948007111779741
5.205882352941177,0.04350127915653975,0.016255267131240324,0.010447204427699796,0.004556870171432945,0.0020832073076513125,0.006426993653773449,0.003546433002460358,0.005995215582412923,0.03273499595553248,0.0037339411434511626,0.012560586806937772,0.00960467076615711,0.6058050653714677,1.4590343346516548,1.0476203249033817,0.6962091307856152,0.1509887748733925,0.12732428121714157,0.22326543713124375,0.20239914178770993,0.040030244192798235,0.00875558221825481,0.006642246938350943,0.003814912364043175,0.002983821556157657,0.002704861542010299,0.0017961578074442942,0.002900594907745111,0.0012989197033885422,0.001320052157108452,0.001705956103124271,0.0020972025144463686,0.0007813204270691685,0.0023608826034711263,0.0006391352850106219,0.000698637524741341,0.0008573387739672909,0.0005512122793451789,0.0012956284161274943,0.0015964916912389639,0.0010620793349819585,0.0018126690464753696,0.0029364600959047075,0.004773373399225655,0.02375455426530145,0.057979892019976866
5.220588235294118,0.03491413979061015,0.015145281442725575,0.008847263844441507,0.008895625361630643,0.011315475422995012,0.0088817714354994,0.01023025267129329,0.0045607979836861535,0.023952949815409085,0.07015878613180504,0.06394566747755104,0.3784066993784922,1.771702295316231,2.1823937305075525,0.6650384373632084,0.5416809598226893,1.4769865157219582,0.7015166928949343,0.022847899341397356,0.046553910608487015,0.0790829132754416,0.07792456798202825,0.010746317904804667,0.007339778059592403,0.005116873883293998,0.0023865484774274054,0.0028065445275828695,0.003589628719856378,0.003951476268562702,0.0019590402251182986,0.00360576003626678,0.0029597533858324674,0.0028793362973461457,0.0027448695668815183,0.0026538350934060704,0.00314472056036629,0.005236082900924977,0.0030317199864864433,0.0018729315068694002,0.0012157729608692192,0.0005366303094537309,0.0018787050386673467,0.0009447098641256939,0.0020812271758841984,0.020499257745907953,0.11821786485184878
5.235294117647059,0.008905068049112771,0.00473139699203891,0.00473959445537894,0.010399356213960854,0.012888058566977983,0.006280983533616213,0.011075553258068973,0.009490441163181302,0.03522178364882681,0.07704206373629796,0.2080824770621807,0.5335221934740417,0.4237845570565592,1.275411473098535,1.6517289152743246,2.2796003537930494,0.8461231224432373,0.09973116965893913,0.159124231853498,0.011396680781315463,0.016080318061028036,0.009653235365908576,0.017779239891415933,0.004617822626571973,0.0014588567953422176,0.0012080840541518157,0.0020317456579820115,0.0031097211837800842,0.005670333416028303,0.002791402206086654,0.0024326059001984106,0.0008151922809465403,0.0014665254144642422,0.002651547894955772,0.002296971768885425,0.0016882297607398334,0.0012237620545113208,0.0006756147571986568,0.00019664162197081638,0.002210311393561307,0.005880121722380722,0.004173261695982609,0.0023816598601410117,0.006584153762959856,0.022514336045085043,0.08393853018793693
5.25,0.015581547164035248,0.022530707456846336,0.022769102301855918,0.004851654482914451,0.004002112833266071,0.004317531220996195,0.015475417925315885,0.0034243195524744003,0.004209907764132894,0.03531217871445308,0.18071695133805044,0.24964091530130914,0.012675560162467741,0.47767951608808934,0.48806067240834083,0.27455079796849224,0.9957873870649456,0.11590407367433544,0.039280158253064856,0.0527766371236394,0.012720424139036905,0.011477645282648562,0.0041321777501662086,0.003424869894248069,0.0020864668494982174,0.002090512617664309,0.0014707151971350032,0.0005147597335756637,0.0006647527996426678,0.0018830632952224978,0.002302924285098512,0.00198940622393981,0.0005756378805864042,0.00014217972765453443,0.0011307160581122406,0.00217333686960357,0.0017693944314788384,0.001532498818606183,0.002710210660423354,0.004149338934913666,0.001628061817223421,0.001838899435773697,0.002006933421564666,0.003318963394073837,0.008773177838484424,0.052396622872377244
5.264705882352941,0.02616986318229906,0.020667469997332308,0.011105544128610062,0.009153926726335337,0.00814841140003826,0.0050409802924831285,0.010309429707566039,0.007326046166226894,0.040794335222161776,0.09180135684000826,0.10121710978585091,0.33237627778428613,0.45833245471956024,1.1585287430697473,6.545148146025966,7.3273260653160595,0.9475146373682546,0.12071644937960321,0.010554177384916819,0.006375026760266837,0.0027890464443234343,0.010294432641294352,0.013461102897509382,0.014580405666597508,0.00908143856418812,0.004965756680609789,0.00193741200966456,0.0008395008955656403,0.0036767087354837636,0.0013775474414257965,0.0006413344793445642,0.00035294514241206653,0.0014802828111709014,0.0012732855473480671,0.0026202999053672586,0.002000912617140305,0.0015638833268341616,0.00048790433860192736,0.0003121243595361096,0.000480053418625013,0.000617951850065495,0.002337462774850919,0.0022949285882836214,0.002549923802827753,0.008050801612145699,0.02302489849145217
5.279411764705882,0.08229228849956649,0.021866079733482837,0.004766370267346691,0.01397925552667429,0.009664083185729748,0.011387605879261029,0.01129706728602818,0.0036898530054258125,0.017877484811304252,0.02900039655201389,0.05114080148059347,0.10847796248483757,0.32834856951936203,0.9556362921971431,1.087581557155393,2.930982922650633,0.5980339492965865,0.10345008490072113,0.05118285654071472,0.012871307519799192,0.028097478331046137,0.03662351080903122,0.014766938449622386,0.004827981605012153,0.01338792564037645,0.0049525385498781745,0.003907969952081475,0.010330638854839987,0.005021173985926417,0.0032601906828764794,0.002613618955173064,0.0019414475881931433,0.0010768335666780768,0.0012695159434224978,0.0026983668298303253,0.0029281552919747434,0.0011945854579082052,0.0017066254262032715,0.0022837375373302524,0.0015853194339697613,0.0013578810196847985,0.002267788593321961,0.00232263941457962,0.002272716754439046,0.01328158574365555,0.047057863524109705
5.294117647058823,0.021959662780097217,0.01525374673785697,0.022776454412492382,0.01545176874073613,0.012139056000924084,0.0181979092210851,0.012292983473574706,0.005190092437205511,0.003997164345239008,0.041978952009725255,0.09175092465709822,0.8413736376664667,2.9637650159393676,2.308372591951445,0.24891273861969423,0.4455838912793155,0.0503559341924113,0.2869810273434122,0.07808560384184163,0.014956123550238835,0.013560556154474115,0.04032382282094146,0.05473482374986999,0.019687276181075204,0.013938067675686634,0.0030405360819137778,0.008312575247051347,0.007671355917273724,0.0018618523780923055,0.005401842294752161,0.004492160105620807,0.0008125382711279448,0.0009201207686448812,0.0020380207085997242,0.0012069041496627676,0.0005854751837883654,0.0008715336043955261,0.002065480922470261,0.0006294532318716431,0.0014148990604480275,0.0004945344874377304,0.0011816442246321442,0.0034268627710874926,0.001988558122180026,0.023983267434043373,0.10195213308237092
5.3088235294117645,0.04398581549710444,0.008215167329983104,0.008297247390813457,0.006587275481138499,0.010907934319667287,0.007080791992873745,0.006023184086107213,0.012059643670056252,0.04046306446949813,0.021166718895977574,0.011553096385775155,0.3286269438441435,0.7658429039426508,0.9472724308551519,1.1124288239436986,0.026767240183293406,0.267862673051855,0.28050513557611134,0.5975507766474126,0.244371344115082,0.006778771479024368,0.007129557108093219,0.024664726216295764,0.0068408184397060106,0.003226605806606801,0.001779210078890509,0.0029440071091104253,0.003027767265149757,0.004395358080216271,0.0015146933860638795,0.0006141724514586136,0.0010669162905144877,0.0012832628646250262,0.0020285065026714017,0.0008022639411573423,0.00046835821719624514,0.0005143910118439945,0.0014536380730559735,0.001926582304173933,0.0018308999119145462,0.002361473278992234,0.0011366923072288777,0.002657088911658876,0.0016349288238572588,0.01401279785208832,0.22627876793960794
5.323529411764706,0.011744933477609798,0.01580950163694482,0.011442962880799424,0.010050057149975486,0.003616383786580371,0.004397132643808026,0.006510644198228363,0.006975690911133441,0.018733777961710437,0.09122142381806767,0.19945800554627846,0.2092795463324344,0.1666847360723565,1.354045367461027,0.15199953824125179,0.6254637433696517,0.5745675272165964,0.09042584086745398,0.10653191929141578,0.30026713746854594,0.08280781358119696,0.004398816353563635,0.002227703011825716,0.002060403835004285,0.0033282775958929636,0.0035776910583860786,0.016911227951536646,0.00931052610378013,0.003150910555039927,0.0016608132625212085,0.00210457649642881,0.002107936317691252,0.004110234056575051,0.0028285522800536155,0.0012179154211022552,0.001178002722807319,0.0012449574283736188,0.0006488449379359348,0.0008235315627321305,0.0007173536002923406,0.0010732695713111693,0.0009323059307547876,0.0006352267420284219,0.0020560778926824066,0.02141106683696313,0.1335511842756729
5.338235294117647,0.025672121515027308,0.02968971414068609,0.032220193277156244,0.014897608967797136,0.00464490135712447,0.009642279452354775,0.012228685851567063,0.01231173186606096,0.01944085777025966,0.0893731699663955,0.13681276331010717,1.3264729618453188,2.8465397187815062,0.25192874058943826,3.813451927486657,2.900445011995486,0.4396519328865451,0.34018810915455444,0.10512583104176322,0.022212145694418275,0.08418937309652391,0.0023614390286974905,0.011384751668056432,0.0126831870399311,0.006737357273561223,0.007423449073539416,0.009934112055394998,0.002038316825214274,0.004864823243707542,0.003047376893037538,0.0034331027501345824,0.0032117098350597775,0.0012984105907110034,0.0010504009026404506,0.0013809603311326236,0.0010744085338279352,0.0009801062124931187,0.0015517935381037724,0.001495642717406984,0.001241422797866549,0.0012143361434388822,0.002411724673197663,0.002437984680934696,0.006873098593110832,0.025272755940376087,0.06179280677467644
5.352941176470588,0.027199370716245116,0.014376208586327382,0.010189743526956035,0.012233996400959502,0.008394699931548103,0.0106401622228912,0.008160599583948821,0.008254774428581253,0.022971869964908305,0.05833219771408172,0.0325284694507769,0.8852770933277249,1.474351814879191,1.1952558767432966,4.725093908040005,3.6728522047933785,1.025108552099565,0.38648331844444694,0.7123202212484596,0.23443880638193834,0.014540195611825298,0.017493987652492653,0.005685152885192967,0.005138041218530322,0.007893544107553876,0.006135447146840349,0.0018146681964423704,0.001420363844791633,0.005564429700024293,0.0037457047328477554,0.002927154210474083,0.001297443907012585,0.0011180087434994293,0.0009582807529202876,0.001698640292192973,0.003241661817565666,0.0023766343759913577,0.0018395330415800634,0.0009964241156025675,0.001005448347267887,0.0027421338699423806,0.0038768622392341143,0.0016368835966094437,0.0046621282845261194,0.04393409966696132,0.05167011766714204
5.36764705882353,0.04111804767958158,0.02590615423103996,0.01496468322717275,0.01447883932250199,0.006284720188655833,0.01130377441648396,0.020475306910446064,0.005515356917755287,0.007367762046891471,0.0032574141839772355,0.3720431940904231,1.523133044162874,1.644339789553504,3.029301758295955,1.0734186042164982,0.13904946005927737,0.2488979994475174,0.4896646071467706,0.15507136188351028,0.06405283297131648,0.03192788481704287,0.004148336016082317,0.005152217679655791,0.003617253018872744,0.0026176187781827825,0.001514481696417552,0.0031339902508876814,0.004053994582866559,0.0014907072260170761,0.002460563490107898,0.002361564137631822,0.0007066001844850881,0.001266564258327542,0.002867127977661458,0.005667277666891366,0.0022342077789730803,0.0008114068829350023,0.0008900371358264464,0.0008855259237015439,0.0009528955818385232,0.0011234147974899696,0.001201658339805415,0.0006539382084934759,0.001325547175310603,0.004437836962445521,0.25583043938844596
5.382352941176471,0.03304809268036998,0.01716946067520098,0.009787523546157627,0.0028102975250806077,0.005927796369765537,0.010923971701534172,0.015428783493005648,0.003058032429162782,0.0046548235677362285,0.02235577973447791,0.06831002740269865,0.26204853032270287,1.9385376539972463,1.177686953813068,1.2776504178184969,1.1085908634057584,0.7211388602580064,0.45904455717084575,0.25485270448514585,0.10750106660026171,0.04074807234517466,0.014994890654088135,0.004512629496336025,0.0031195621894163253,0.0013630142996560578,0.003052269842284223,0.0015474768264812332,0.0028153308063613054,0.002956650228263851,0.0008860888194683032,0.0014959632379338934,0.0019788554078696763,0.002691993010195331,0.001495841072074198,0.0014649505026131666,0.002625969568084214,0.0014345327937358096,0.0031344478983290082,0.003953279310302737,0.0020485270405502343,0.0009152538053508,0.0013998516802174676,0.0006337900420098876,0.0014459263023028847,0.00596584955942686,0.14660082997981566
5.397058823529412,0.02226694811197316,0.023299344305666214,0.01946525148641187,0.007847070550410697,0.00470835871640649,0.004274512826628076,0.005082453156243093,0.002435444579694394,0.010278480132963843,0.0077392951182824864,0.015364242562571444,0.03363791919942401,0.03194105490249237,0.45666402390519234,0.4018223796101843,0.7303471189005626,0.5935995178312878,0.2288138119548057,0.57893033196659,0.2536655616714054,0.0848301770886464,0.004331175370172724,0.006937051366480609,0.00227938520518255,0.0002645333844731375,0.0008173564264185665,0.0010154064664722859,0.001986716410878557,0.003904172818701016,0.00026207719143057646,0.0011459291024991261,0.0019918682817880585,0.00234457497975732,0.0030428584105317274,0.0023564048776677756,0.001484231847584884,0.0008079099332482107,0.0011649343365198227,0.0019198063822870144,0.0013385595461703765,0.001823978581476463,0.005095788986663044,0.002598375443236625,0.0004919799105743714,0.017489671737082713,0.13931393430740754
5.411764705882353,0.04657440156250445,0.018027577070119205,0.0022196343957730314,0.009961247727274216,0.008534950727843113,0.002680025186277186,0.017339583176764588,0.009116393669628436,0.010275591282581169,0.0504222736181333,0.15010247399520033,0.12404083010783229,0.5652397015253641,0.28594781014703463,0.43961221420504093,0.4443015557095024,0.0826039999564192,0.4199260578963976,0.4348677542531801,0.23051122171068267,0.03486683891784245,0.0017933488104191215,0.0009047795370301738,0.0015348281641057845,0.002280721673680111,0.0015382648438286824,0.0016321900881817366,0.0011786244462136017,0.004573528681639611,0.0056958540595329924,0.002896747292171509,0.0018478506250011063,0.0013586613578964704,0.003295476487572062,0.004768684760940266,0.004235768292234295,0.0019808521602178207,0.0019086313005790064,0.0025157008232036715,0.002435449255898728,0.0016562518500068556,0.0010201088870608543,0.002708967404976788,0.004389971472265792,0.02359199391085442,0.29709084107954997
5.426470588235294,0.04205578039905708,0.0021078857174646366,0.01869729740555433,0.006318011793818592,0.0037699462795972105,0.00993904509219686,0.030812377968046402,0.007946223869793732,0.01982187822002166,0.020115859469914944,0.19476409456707156,0.4341040127742097,0.601976680917753,1.8652848782736462,1.3145776475526292,0.5863452422298998,0.04115572409703262,0.09376161233623492,0.14344073017079206,0.0888001360667158,0.019974616606010513,0.004641889178009254,0.001544511319758064,0.0034228725311710763,0.0024075100131405918,0.0005703336454730148,0.0029953505289499584,0.004005303037567569,0.005697369457543712,0.0014559636406339845,0.0032752660237885265,0.0015891824803255586,0.0013440902796544444,0.002263692613339122,0.0015019425727681012,0.0016996475976057861,0.0009428979812445332,0.0008741095221725449,0.0012847618787280417,0.00158557792717501,0.0010230237575454123,0.0024863353710182505,0.0036062740274662316,0.005130171308801596,0.14167047729200657,0.15204792673673914
5.4411764705882355,0.051182439392561604,0.02824788771496547,0.009269928042679615,0.014749282429246741,0.006046413796115934,0.0035211225373549112,0.007585337840852976,0.005990048576340438,0.02274331640201714,0.09887488267056418,0.1766999991805376,2.1506292977479835,2.1434391689297225,1.4151226882173815,0.8021376684905577,0.29841697657151245,0.5729023192606004,0.31942711625067555,0.1247945905502571,0.054394779201996396,0.0007027771354719913,0.001156628945275511,0.0016955628143066805,0.001272735958161283,0.0009600392579569879,0.0036476187272347915,0.004647840855591272,0.0006503742555740148,0.003664864313491444,0.001220989374556676,0.0006481202944401418,0.0006750220723420962,0.0018576213624539415,0.003027387888669621,0.0021923774527665856,0.004263680598286902,0.003177376813625803,0.0005728482566139918,0.0013734660083921486,0.002512026811023732,0.0010460884981394836,0.00024540209660193216,0.0014327306329037527,0.005104338829757185,0.11210300954517777,0.13049293874241272
5.455882352941177,0.028546431467212512,0.020581135107115792,0.011173596832424904,0.010177506955737194,0.011436780361744111,0.007487597620283625,0.009988749422731202,0.0028922077360316874,0.007987179880183286,0.0065247617826353485,0.31392402690848986,1.3482080114295762,1.2040307330264128,0.06538608946379994,0.2678102100783378,0.4117685822892173,0.7976012532365993,0.40004500336207716,0.0047625229118763435,0.07213790791060887,0.05136196500792076,0.009674106704435036,0.005065279311772396,0.0012892804971089869,0.0019396522015500855,0.0034857419419642684,0.0015385290702361774,0.00553342534512236,0.004070673942831246,0.0016939151581400308,0.003609062122543167,0.0037476191487100467,0.0016871036651935664,0.0008821953956661226,0.0004201010988200194,0.0005432119505341765,0.00025486334479609047,0.0010190603501598892,0.0008143133832587226,0.000651483478304813,0.0011681265826204777,0.0011559092639347034,0.0018241272363185073,0.0043650477007317265,0.012315738168766912,0.11048063135212317
5.470588235294118,0.03995574514680881,0.019723368661621294,0.010635175307293599,0.016659936430756354,0.0065912626763285605,0.0041071027161805026,0.0065224596092683185,0.001967857850280574,0.008873842708812784,0.009001438692567813,0.014456731293993393,0.058601612204373474,0.42096042567995534,1.4811544249272814,1.3078745975910229,1.2279273044689867,0.35089769503306373,0.1273971043674881,0.028236102172928434,0.022437425080250255,0.012093191048371523,0.011578983319322497,0.001924159867517771,0.0016499268416726093,0.0018799727832472539,0.00395264151609335,0.0044763594522336525,0.0012851993765733232,0.0018875383446459418,0.0015970760909970341,0.0008314287058181619,0.002685008585912242,0.002171976398782267,0.0009584679647129965,0.0010212656565555492,0.0016593085010503594,0.0025114574734242043,0.0025265265061027117,0.0019002932074968074,0.0027002750310123973,0.0042077397649189965,0.0036295506623341234,0.0028104034589668636,0.007342130704345854,0.017962423359330862,0.1669514855733713
5.485294117647059,0.027783580593332215,0.02370271284890467,0.027988070682041535,0.012038506693421241,0.0026421294005473323,0.003076304801756897,0.009313337131045707,0.0034399972505236194,0.003475378688210344,0.015391493242816644,0.16761125072918848,0.28595149153887967,1.2955810042594325,1.746737362213238,0.38501168669057445,1.4355344513616413,0.5961011609725695,0.03625958455443741,0.13348735428743097,0.04934965508025253,0.052177680274119446,0.012318245513353381,0.0037089592022037238,0.003524546395463748,0.0014597660634742603,0.0028970758388772223,0.0018781095718447393,0.0015263436449829372,0.004105941789829196,0.002998159561210034,0.002859157396943355,0.003082675090677291,0.0026338851446574083,0.0016869606045484908,0.0013104044128718446,0.0020232964695472704,0.0003247422592156954,0.001737213985213236,0.001219243379444178,0.0005192544334679543,0.0009683042352190904,0.002122125356157344,0.0009719483626937417,0.004047716023050184,0.05051637569732187,0.07419375147478183
5.5,0.03208776772507246,0.00423119514213116,0.028993696773896033,0.011393311658294488,0.0038470666136432236,0.00505012954017723,0.005435771115896198,0.0013292433993314459,0.002559797725760432,0.0051997953718710774,0.02334702072439552,0.43005601599112125,1.406156263387719,0.47077648385208837,0.2966127816002896,1.2434624586271439,0.42025723630908485,0.23278734743524174,0.03694603040238412,0.022430689192343662,0.0022952824714945574,0.005386364482672413,0.001993994290982158,0.0006176632441201103,0.0028111151068565803,0.005785557865412034,0.0024399429798141756,0.0006239637661166562,0.002075666031749919,0.002716709031800614,0.004182886480155959,0.002707554630553655,0.0032158622258739175,0.0026495156813909405,0.001746330583343309,0.0004138716870481601,0.002054363399200246,0.003383187164886273,0.002529501585937897,0.0027308014542342415,0.0014373017733281604,0.0016892241300684684,0.0011076188742157804,0.000913737030972897,0.024082710401984987,0.04816041867682619
5.514705882352941,0.11871964384177819,0.03428841719690792,0.01630156983257632,0.014236240875959169,0.00802402207682065,0.0012208163534093955,0.01043127860812468,0.0017577660979400396,0.002423862932376428,0.018149999505836276,0.10071539631099143,0.6450829699362223,2.1391849265174727,1.038092483167935,0.9516729504366574,0.23062375526976459,2.0466143781901467,0.2192783712706704,0.10267934660179658,0.08322025345235778,0.02975614454721404,0.012464940963342774,0.0014388491150659928,0.0014825003604079141,0.0006227780013240749,0.00256775445813762,0.004437019647474192,0.0011246274270440273,0.0029032286910475958,0.002764382762430917,0.0014188404999666286,0.0015833551625401708,0.004025487133852578,0.002164928357079587,0.00032016537453570044,0.0018482090931373225,0.001349490216947681,0.001542886987270443,0.000597203417754912,0.0009209556666843728,0.0007491261881740372,0.001653576320242875,0.002300434595671182,0.0017300254316770269,0.009655589175710771,0.18365558195910237
5.529411764705882,0.008150629774735864,0.03745837643916571,0.04218715266431125,0.027216775513943962,0.013118307518874339,0.0024257371110533756,0.002650229311524605,0.004183575174857961,0.006917257893835815,0.051246230777113815,0.12730794878959212,0.05650104463044184,0.05542501059120193,0.15111570410100073,1.9184923201239825,3.0361585837711735,0.8251919100666315,0.07427326854667823,0.2039035773234409,0.005600944275503639,0.007181893231515856,0.006522156761244598,0.0029770081668207757,0.006237026518248345,0.007388026207674146,0.005358408548257594,0.0035903044449068547,0.001240177688634511,0.00346801111020093,0.004179410636312427,0.0031135556142350093,0.0011146059758941713,0.0018240127732398576,0.0010479369934543897,0.0007409489242366067,0.0037528594921250116,0.0009937611259820415,0.00024518441056653933,0.000925974413243797,0.0035532316360047415,0.004787122366266678,0.0021451470591124676,0.002293803412493371,0.0013587631929636588,0.031232840104366014,0.06884319410636557
5.544117647058823,0.06327063706890723,0.03229500472101839,0.014612513923596325,0.006776543481244464,0.004210696353981608,0.003502241638950714,0.006570010263365002,0.002901452607440713,0.0078010780023314,0.11531802758553314,0.2563505056837474,0.4144183979650945,1.068216835342356,1.2591517277844708,0.7091860898941376,0.23270334365839607,0.070560402614459,0.22656990942387062,0.04004053235023268,0.07123344410035437,0.012602284691295844,0.002826016539313283,0.011920232062426242,0.005724441649496505,0.00116915842702393,0.0022347363912799748,0.0025625374375071916,0.0030219055940307014,0.006917174886954977,0.004301505126840809,0.0024284563867705234,0.002514968884235679,0.002062272316864655,0.0014718766522995386,0.0014448139518117584,0.0008063307317336407,0.0013124048007978036,0.00148907897644335,0.0010094806103917709,0.001299403375035661,0.0016482812834831577,0.0004419662938141021,0.00216764267556545,0.004874445877784475,0.023311851997805465,0.09914872417424088
5.5588235294117645,0.06379462949175096,0.026696592069557976,0.015201546743184522,0.026423513880794412,0.010746109985074494,0.00653325757081638,0.017169610007671518,0.0075061012319552495,0.02592078241820126,0.09201369389002373,0.2076531167274994,0.5608414857170865,1.300167164553057,0.5152123282510609,0.26541897400879644,0.10902521660175571,0.16803978990895294,0.2703176486443976,0.16071149061626291,0.05735745548852713,0.021046003489890157,0.013074317522266959,0.004689107453239904,0.00701948200316059,0.0035200148062423018,0.0015647310497665006,0.0017889501362862341,0.0015796187673792809,0.002248528517790398,0.000743687074116431,0.0014077292143113854,0.0016429614338611682,0.0006918826831011399,0.0007509229747282722,0.0035925546074814215,0.0038093287050200856,0.0016464436298754006,0.0018191361173057227,0.0009586423125119805,0.000495003682852766,0.0003505742107558618,0.00025566186816553774,0.0012594885913052485,0.0017642243080541378,0.008340928679338345,0.06159693745761523
5.5735294117647065,0.01863043027926819,0.010547516026503504,0.00820311430824251,0.009905573797993233,0.002629287172902728,0.007932417968052134,0.019479017672483903,0.004098469439183685,0.017921999927564044,0.041244916579729285,0.014051049327934193,0.38633999717731254,0.4683258884881648,0.7663952380736008,1.4458629930226312,0.4362692943842139,0.5053250125416942,0.047321187925673636,0.008205866804709219,0.06849653115576283,0.023784897002127568,0.0021271784684545264,0.001206426653312995,0.002116211971350244,0.0009518746754811878,0.0024592698910887133,0.001120986675068078,0.0006721219148716523,0.0017074584440606925,0.0026955513454679707,0.0025352216365839573,0.0006200667945872939,0.0006264948772189888,0.0017213502687487183,0.0019976685286255524,0.0014611408822383096,0.0028106613618522776,0.002376505739468864,0.0014178488804881544,0.0016923849228113698,0.0017081180401007949,0.001498605976956373,0.0006088116474515059,0.0007825536830152997,0.030846991311637255,0.03526986722479563
5.588235294117647,0.04265608455031081,0.02460624150801342,0.013064800492109537,0.005448887006231564,0.0038891550350170657,0.007190100768825256,0.008324822708895369,0.012695456879972098,0.014912828096963964,0.028083365303959416,0.11798414004883293,0.08877482408568549,1.140566038282362,1.064190558940938,0.6811283800172321,0.43323074037925596,0.27982076360407687,0.13056657526200227,0.11198438565799251,0.019834418505030958,0.007988637405293233,0.0033450122668629814,0.0028405882934444734,0.0016668758839254903,0.002664152420616631,0.0029620164474626494,0.002973631181652845,0.004518998210600181,0.0033061455331703186,0.0009655693279999613,0.002291066411296926,0.00036585654006431143,0.001025973081695643,0.0032923799653764053,0.0019581627417471882,0.0017203953442705504,0.0019480054349685085,0.00041082307155960063,0.0016184915982039498,0.0012839171749231524,0.0014392448716857803,0.0024155114113019504,0.00331849411569966,0.006546194831321517,0.005377302503014209,0.06596769194621549
5.602941176470589,0.09713032413915451,0.021165747251445953,0.023931870234688974,0.024085421692288996,0.007697149963476835,0.005745425266691465,0.00632618019817338,0.004907387282903796,0.005462467776805421,0.06056963888023778,0.2671008477788409,1.6936569365139515,5.356445656297055,3.5897580941530274,2.166937628096078,1.0980652108785285,1.7932537153836634,1.0102668090742615,0.1497557764108391,0.05493850578676143,0.01099962590079369,0.0014503562772566628,0.0003529513470762809,0.0022217818808793646,0.006399815925244666,0.0049974918616808904,0.002033735430680972,0.0022473723063614133,0.0067441021768369245,0.005540238845257205,0.0035102820407021504,0.004848130982341631,0.008021358404632717,0.0050488107866572835,0.0015082753264954972,0.0009936327298947258,0.0009993841002266517,0.001684208499783154,0.001856900384853787,0.001472249169798697,0.00179522769955424,0.0021230476756978565,0.0011819364170439558,0.00290593476610768,0.009583081044553604,0.02371576029826815
5.617647058823529,0.0174864142160985,0.024072157504471618,0.005183770590428164,0.004537873456547797,0.01184122841045723,0.00472074933340259,0.009800940004565037,0.005286095529193327,0.003156019256894808,0.009335157988193876,0.05487729829223401,0.7887086766122617,1.4825510760664493,1.6946031602084175,1.8200668226823828,3.4499953901261904,1.8088343432953446,0.19524912249352885,0.02817267627114874,0.010406102371521116,0.014082398193100405,0.0050867657651237725,0.001363101989890557,0.0024779384860443266,0.003713929580850498,0.0026569697643843205,0.0023523413343399372,0.0003963783439965499,0.0014183755350134627,0.0013839661575806754,0.0036577985531745577,0.003244944103763365,0.0006366456151235192,0.0010278799642793087,0.0015104142010292445,0.001329205401391044,0.0008200986046092513,0.002834070197047681,0.002385313446915452,0.0013865446046360138,0.0017213244075857926,0.0011822801837855377,0.001520481349563307,0.004731785562732608,0.003045183629754405,0.02338699960938996
5.632352941176471,0.06842312622990637,0.041319027746360634,0.031298062847849584,0.015758988588383288,0.0066665833903746755,0.0015185737942552129,0.005627122610951087,0.0026791678816008753,0.01272420402751362,0.08328881877492741,0.18395606183733865,0.1251502745476753,0.6473157681916896,2.7926288900725966,4.507940019692912,1.548944004300747,0.13717051636232458,0.2730207621897359,0.15834003024153048,0.002879440814541628,0.010747719413537355,0.003407323303149008,0.0028341953670311133,0.0031761234456372666,0.0016781849073934864,0.0022675592088416577,0.0024831173605246015,0.0021980002663164354,0.003623396654925698,0.0006588012967131354,0.0006839934589289491,0.0002639737626789795,0.0007227723349427846,0.0009394460770025116,0.000594833215116415,0.0010906071501301583,0.0013081008408189247,0.00075336729883225,0.0014197644936847177,0.0018796463849626382,0.002671726754402997,0.0009001497270717659,0.0015001777768531063,0.0021876855182750986,0.006706761037982897,0.051671536021370465
5.647058823529411,0.0273626445972367,0.015347038050805666,0.010266722780785395,0.012161370411099295,0.00838173058606179,0.012654468295559029,0.01098897049370089,0.0066015330205140684,0.008226503170699319,0.01720650063175559,0.04024712176138317,0.1254929570010034,0.3796488584669427,1.3324141227494068,0.067640635716938,0.37121542103871263,0.09700895692300265,0.4552110737083285,0.07661454997985562,0.04853326330813318,0.014773864721714594,0.006763708445627129,0.0029141509500839108,0.0006333443416334298,0.002941953960899578,0.002318558641941796,0.0008856217629981712,0.0012636883508203604,0.00372117556774926,0.0034538501785339203,0.001103051637921514,0.001568593929736448,0.0022399426133157766,0.0013939554341744936,0.00027587256607806537,0.0005502340967171669,0.001256644227693064,0.0024010023720235367,0.0033160511340130264,0.0014131194487460184,0.0004392752481422402,0.0005301838725967592,0.00038663643578517356,0.0012196438245791797,0.02107209878485479,0.04515877439161435
5.661764705882353,0.0334603638146029,0.01736288044769635,0.02281433052252002,0.021390006220520782,0.014448540068606653,0.004632146227938236,0.006214096509241403,0.005891430401599456,0.00629825030376043,0.024062095257182607,0.10770972975141319,1.0364737873638368,3.0287314930487197,1.7814152576594706,1.750633228567552,3.1715783755060487,1.6111485846980713,0.12367622891592871,0.014120380113435574,0.03860411610262464,0.02464982853820349,0.013356905429724363,0.0018320329982157843,0.001474108194712105,0.0018149939642974544,0.0022468651822627377,0.002827278254369489,0.003065446343799938,0.00626564941964143,0.0012234429724525674,0.0004263485631710635,0.0011495252193225146,0.0028487117859841106,0.004138311797817992,0.0023551596499969724,0.0029027796346507515,0.0036131161295041496,0.002636265445849435,0.0015424105011940799,0.001375575827990245,0.0015555575038764308,0.0006062657514064234,0.0005986450939023176,0.005099071660776268,0.02470124205996537,0.15578659284279098
5.6764705882352935,0.01685719578653645,0.006646650165741858,0.00747015295368691,0.006675680286069784,0.004807617912171048,0.001869362334404452,0.005890825671266276,0.0016936646575969312,0.00513512158848737,0.003907275337227744,0.09010601830086223,0.02925682556393784,1.983771751722906,1.5684480372294534,0.42017571353297545,1.1838910769136572,0.8818858786559179,0.16485534451729056,0.2724068223079491,0.07723425805153532,0.0036543907500336216,0.0013548800509750167,0.0017003496942314725,0.002427943700540721,0.002442796910295782,0.002441786898252303,0.003955469895702692,0.0011736691804945134,0.005210879097216696,0.0020476028039384947,0.0008845995175463873,0.0010474170935025266,0.0018706934410001668,0.0012115672600841126,0.0012756689039197281,0.0007532031956147806,0.0006034586759190598,0.0006665329038717393,0.0008825825741205543,0.0013006468782695128,0.0008843948260039026,0.0013848888211299018,0.0010696747715207623,0.0011997653253060425,0.0012770864626185467,0.10267957909761097
5.6911764705882355,0.07460847735993219,0.02292447814379838,0.0016891018011831573,0.00872834516174346,0.003087598211585216,0.007308876977752254,0.019747474863832833,0.007749780586059796,0.021666388781315833,0.0017391807836912689,0.1516904179500883,0.7714074021183279,0.548462792995276,0.09851557734099088,0.32406003235896574,0.38711770198087075,2.384819440826594,1.3453248822869779,0.2560973416332798,0.06143185134207549,0.012440083734019579,0.0037957638024430666,0.003543846680246,0.0029056695749881374,0.0015018595008322174,0.0012451795880550989,0.001280742442109553,0.0021090633207264888,0.0019008213439545899,0.0007349116593695917,0.00019723001196901132,0.0004944771026026401,0.000307670623409252,0.0008275046418864498,0.003225548121348169,0.004066487633882713,0.0026231252926699625,0.0011391563011661776,0.0008699911403820576,0.00164454800807889,0.0012732182996684864,0.00039831314622437497,0.0006420712862858409,0.004509876344268421,0.02738501862832457,0.28658378589137745
5.705882352941176,0.07594380356891017,0.05275042489072969,0.030886120639180403,0.0015482697954337667,0.0022642724311470455,0.005925865031746817,0.01029827705479746,0.008078818948102773,0.01103555901913111,0.13032756102796136,0.2959815079269079,0.5224937621528699,0.9343502531028121,0.6694741473884913,5.552463886945427,2.918144974554785,0.26727279875142895,0.07263625248307408,0.02470103762399279,0.03878058900371017,0.02546586059819801,0.0041264656240615405,0.001573196821759118,0.0028788574926853915,0.002296483715987451,0.002263137380277984,0.0033161888467706504,0.002307169811220193,0.002715437832492117,0.0009410466632415277,0.0011734099934116219,0.0012943155026260663,0.0018762748176930286,0.0008849047372465088,0.0006160929433377941,0.0014345006185556507,0.0030859722768949134,0.000499298848784466,0.0023499082707601634,0.00202558318786726,0.0016065609782732761,0.0047858786114824735,0.0035799791255734232,0.002297979609749746,0.010871086333621105,0.17792536259248223
5.720588235294118,0.04902144803571147,0.028455863641212577,0.006982850859642939,0.00250973626040233,0.007784317200788084,0.008887160142651227,0.020083041202879705,0.009588352610001545,0.011044689439018738,0.13133925469477242,0.13467486554430197,0.0048274597223769665,0.4192460640613447,0.48357610841393855,7.150885226528803,5.18364059751002,1.7642082520764295,0.9152798992167102,0.28954218148796335,0.06854395916425521,0.040303412223935325,0.005350615191475305,0.002544216681448953,0.004286921578650051,0.004567154192955429,0.0025895564293702874,0.001542317798860826,0.00046858272057524454,0.0019955503413914104,0.001704638026955356,0.0012031758316980693,0.0014316364536157689,0.002450099278178465,0.0015838813939820686,0.0008986418688208115,0.00032353982044106054,0.0014906453021923936,0.001056697816752371,0.0008224910861307056,0.0014715077301079606,0.0035974739628773953,0.0014733384296382844,0.0008710199219244802,0.0017435346625431676,0.04755579565624016,0.26517424377354987
5.735294117647058,0.008316217289830403,0.01428867013649966,0.007040945450456593,0.014600971833271364,0.022805415172743836,0.01104171729849776,0.011510946569185951,0.00474178061130125,0.009358079805677898,0.1387253945892609,0.0765187410055522,0.21556663643840873,0.15637683798538082,1.7960867186902802,3.948117649567865,0.5939651167201485,0.23631018947766258,0.03026884060109207,0.12432700376423919,0.01927214445932702,0.007226091567265977,0.001477649655856908,0.0020428504185182684,0.005734720479366554,0.004124697407467016,0.0035422137273468735,0.003445791408925254,0.0006033187873849111,0.0027597182228813345,0.0012028360859562056,0.0006056798462815603,0.0012343864209188138,0.0032994429450312673,0.0023485616182361804,0.0019771308760496596,0.001266802220884949,6.215644424986811e-05,0.0005396890361414055,0.0009199541342275784,0.0018132961981104346,0.0007188782565170727,0.00074463372909997,0.0008907219895011286,0.0014063113413543657,0.014407706986207261,0.08534967276698385
5.75,0.02504771593904517,0.01383846944678166,0.012952372258069134,0.022982932826545177,0.009865892382191675,0.0019253860270600325,0.02558799083373151,0.010615897263039246,0.005436148392563615,0.013136455622819794,0.054285602234818056,0.7430230985177464,0.48613796727064207,1.4240611146249251,2.731694668209779,1.3532056246571589,1.2993616073981875,0.9153296207951018,0.19501242288983628,0.01210093795515647,0.0031640972103449488,0.005778868327871311,0.012193006854833153,0.012909659081474513,0.009454723739253693,0.005618169482501181,0.001998686661325435,0.0009587272203352363,0.0023057930195922215,0.0007578376896696773,0.0011925831851077994,0.0014328314828009597,0.0011368885362772593,0.0011695294081703214,0.002636142245199322,0.002303535163280039,0.0025891050398423945,0.002403792104805084,0.0018413566065565924,0.002409559241406187,0.0022785014240104475,0.00268379361030307,0.00243554801059388,0.0013704767453048728,0.008083095944274565,0.02924505635952089
5.764705882352941,0.037467883200569305,0.03543573403108972,0.004454985401525881,0.00943918722496675,0.01334085584248557,0.005743908185242376,0.016283592991928275,0.0038339616497890245,0.013731020208291563,0.052413984052829606,0.055916936897550534,0.5620464045106478,0.7488878426102394,1.6222842175593817,0.8443266945353524,0.26545025648204956,0.6796660954915132,0.573675226875541,0.08151149629916585,0.011601930754683097,0.009617155308050865,0.0018187854444333316,0.0010406948315219685,0.0022418429346961815,0.0026564260902472215,0.0033424570009874216,0.0021311237896384067,0.0011749764917387906,0.000814218170715746,0.0008578507751534742,0.00043287566398978437,0.0009570455101673531,0.0015911705015047271,0.0025711499108706775,0.001953499399967622,0.0008575631284204612,0.0007014953002734509,0.0007175133626951887,0.0003706812945532065,0.001238111587607727,0.0033287378267852154,0.00145818496231429,0.0026953707880494238,0.007032566741846227,0.040324747255807106,0.07240877822904002
5.779411764705882,0.030537356956585354,0.029637781704822067,0.01624644144842207,0.005577824034758228,0.004784464191542294,0.007851425274671746,0.012537950321379696,0.0022303345762398315,0.010201510381399773,0.05568893509091842,0.09402365523129094,0.24726763705411786,0.07182160297310544,1.4033759898883655,1.6966317863502547,1.8542106748416416,0.9977789835445827,0.3346943544173576,0.21343050577390837,0.03007530407037745,0.005140550280094468,0.009576471634015548,0.005308506880872605,0.0027077473662292044,0.004528440244350194,0.0025172440200500372,0.0019046368806130993,0.0014837114885060936,0.002459870381762635,0.0016858051227339635,0.0005957268084657969,0.0010339055352165077,0.001402336104851654,0.0011370415058509762,0.0012692085827944188,0.002940370751186314,0.0013882557095266142,0.0013545581608698063,0.0012488908875932748,0.0009533954912471609,0.0018958035042111665,0.0014973521390189385,0.0018766291203792527,0.006915784693381499,0.11742155096326792,0.2935363448969911
5.794117647058823,0.06329007693513991,0.036419571719960284,0.010092522301039183,0.007169073514561042,0.007709051635365422,0.003634261424646976,0.024602601395793434,0.007041914149105715,0.01575831281336236,0.03827281289287189,0.09480805113834742,0.6907652093041381,1.5208498989673216,2.166245469246614,0.8231693358706387,0.4888636604399297,0.650292046219743,0.44556125423339327,0.014476777760921551,0.09318614352286542,0.00808530601816764,6.598353086242038e-05,0.0024244227324162664,0.0022863425690819697,0.0006174804369556144,0.000657979030063246,0.0024025243708221357,0.0032670583122976554,0.0034062650110688758,0.0009206914370734404,0.0016987487976062067,0.0008924839807693199,0.0010769968935768611,0.0013582636590248214,0.0015333587406079073,0.0033329698512138237,0.001576796824547786,0.0011543437295460893,0.0018138875426999047,0.0010478904166702253,0.0004066488132183526,0.0008410100800589687,0.0014851989919653708,0.0007977737610578269,0.08808038588710299,0.1344491639519417
5.8088235294117645,0.011851230049051614,0.009428910186105859,0.005497692082178019,0.011302460771321236,0.012450170353822627,0.0050202970273043246,0.013346579641859365,0.005459677254671857,0.005953997999332065,0.009338433827129658,0.18954009143991277,0.16855995398150847,0.22122116163339522,1.192565216848774,2.7258830496445143,1.4126001319233308,0.15071334356165494,0.05041118666089024,0.06866317930621163,0.002248539549781524,0.013327685389651778,0.001134893857487688,0.004667547854267091,0.0020374429761208994,0.00103301068240537,0.0011813157997087546,0.0007760608661637381,0.0013240079964768037,0.002909708423704195,0.0026457655220129077,0.0017854119535539062,0.000832680585258202,0.0005720504613586465,0.0012749332304738243,0.0015919518437511595,0.0015702830160811134,0.0015101500007292964,0.0017390243895922823,0.0015208454019443483,0.0007560555879599256,0.00310477582653035,0.0024899714938440994,0.0021501230037938596,0.0023213862142778463,0.10448418603187015,0.1883125570594147
5.823529411764706,0.060136725988088904,0.026103310011287087,0.004321705970627329,0.002171225275972904,0.005691046987352194,0.004174900910462949,0.011748946141375564,0.004348595744772998,0.005611413232333758,0.020084389592134332,0.11360612820811905,0.5056363237640727,1.8217830374006407,0.9566915277381327,1.3601253273264233,3.552436792211032,0.6485325784344693,0.6622950900565406,0.23944547955753193,0.020496055308651756,0.03520267634060331,0.008191142469680404,0.0022973935972671984,0.0022318560784139367,0.0019572006158992644,0.001300866094535518,0.0011083872122558366,0.001063566291606754,0.002721859204051576,0.0004625573539742895,0.0013324735433751349,0.0026831542712839386,0.0007342982205518901,0.000801596400030689,0.0014794527763208867,0.001504741841342235,0.0008957551191232175,0.0002442015174482313,0.002389676206307384,0.0024714640648852123,0.0003469627492425777,0.0009317994961443236,0.00040590284458548193,0.0021850855172133956,0.022148550715987904,0.1130507847737253
5.838235294117647,0.062265672548584255,0.03551311230342152,0.0038054668033403556,0.010379564491015552,0.0018612529167620034,0.003734293627221162,0.007021429608722145,0.004595824300447511,0.005472550224450019,0.013314090334438283,0.03269788314321989,0.1695658274869346,0.6077954798132205,2.3165393683803366,0.9510177887871722,0.6066137538103633,0.035401965779387576,0.3610680235520274,0.2945196404026074,0.07878778372460188,0.002975942544146759,0.0035750100199603194,0.0035833413435864252,0.004022954060981802,0.0009096016965323978,0.00021814248625006457,0.0015278827712967057,0.0021820265232426164,0.0015449018658111793,0.002174020448517957,0.0029745075156014196,0.0009402391943431793,0.0013186183739661598,0.002149797293321127,0.0017912030009348773,0.00020277934605638948,0.0009553573789832261,0.0016540254898040614,0.0005978729672905555,0.00034108173393137447,0.0004241225401134111,0.0015814010148704522,0.0015001656447384327,0.0031055998235503804,0.011362396518753832,0.01784228658125869
5.852941176470588,0.03135029559972774,0.03684960865329917,0.012464682879214909,0.007111579139525068,0.005472290505755253,0.001380477209095571,0.008752765542637502,0.007323918495303463,0.012356754298058565,0.008349078847988585,0.10194015766404599,1.1437358028510278,1.957966275226497,1.1732865583428609,5.236614063908538,3.269060664209621,1.2251085050642525,0.24894541366409506,0.04274021565884317,0.12001217492984423,0.006412710901512859,0.00553432498417315,0.0044433468337236725,0.0032070069370410234,0.0031000040966444858,0.0024291019873081557,0.0007771521722133743,0.0014816694487967525,0.005850111175990333,0.0022402415306111566,0.000833844771524363,0.0013409113893628577,0.0015655162103777357,0.0014022448061334434,0.0015844524057892753,0.002831314007929459,0.0009963692239182546,0.0014093816649182983,0.0013372620685242573,0.0009730880399855954,0.0015398014938977661,0.0014626997101353243,0.0013128794909290273,0.003041444959593409,0.010500847606652312,0.028805834424216928
5.867647058823529,0.021811472638937582,0.023365185792178306,0.026553595476522866,0.011588495205642107,0.0018586089108139428,0.003371464453375169,0.01241430507006494,0.0016370125825399713,0.013548368110631712,0.033142043355290196,0.13159620553827742,0.40215448941453114,2.4274083343571125,1.5358495981506723,0.7756051354043723,1.8072049727748483,1.5439206770369078,0.6018461659513431,0.11826067601976868,0.23133911051869077,0.04076954468055269,0.00518276597685469,0.005432839858040427,0.0019117231318901578,0.0012468167830679776,0.0016762461505763898,0.0006670726518989496,0.001101671402808959,0.002307186400640308,0.0013405940399544149,0.0005690162657697947,0.0011899219483096153,0.0026801387386215176,0.002384017854230683,0.0004721454922423084,0.001297522586289441,0.001319781308595573,0.0014229330713461073,0.0018502654808882505,0.0022303104692011537,0.0014167194662079293,0.0007216577530848333,0.0004761498367969001,0.0015618841052056072,0.003622989420773576,0.04988304897656617
5.88235294117647,0.019233178037845376,0.012339434828962497,0.005979001419182482,0.01124862543652047,0.0104915668154807,0.007397406545654163,0.0050524492742558295,0.0074457479207996405,0.01617609316054594,0.05148964278701953,0.028175488068902826,0.5616964710813861,1.210068194686654,0.3364219029178972,1.6327874806837732,1.152106040557273,0.4108475388185393,0.35089312593380206,0.19127642096060565,0.09327228855967028,0.023319261078632775,0.014075563610325727,0.0019884556567362787,0.0012461581845884578,0.0007606632625556525,0.0026563569579780935,0.005127927314162163,0.0018837162379181653,0.002806946171951778,0.0007448630226142891,0.0014016944235685337,0.0015748126875899167,0.0011549069170667594,0.0015375341348248073,0.0017149101428772665,0.002755355054224632,0.0018410199339547542,0.002250638768640974,0.0010113810286927019,0.001294945294181355,0.000925839204454864,0.0019344667188622103,0.0019297080433786655,0.0005962419654809456,0.0038352893677654327,0.01551749121744092
5.897058823529411,0.025069468185797524,0.015643839745505882,0.008195024151850538,0.002010670246240592,0.0026588191045574024,0.002257725342993626,0.012382169342354999,0.004599587188418537,0.0042525866587910955,0.013924395997711489,0.3835071169006715,1.7230355935607744,0.46396211177360136,2.903832476218066,9.919558567080882,3.00288040001666,0.18073088621607808,0.2122356202686766,0.14194479760454348,0.13072144681142675,0.011993462085103008,0.0051986484332700545,0.0027393303198436827,0.0011742872193754217,0.0035426635689485555,0.003926362340008398,0.0015688028478869254,0.0014303305420444177,0.0023502459323872776,0.0018773611312800091,0.0024906476010113955,0.0006366991543755477,0.0006994112266606972,0.0007536540318226683,0.0018279153829163664,0.0013640383027189204,0.0018264487951448341,0.0022105784497149427,0.001789304545342212,0.00031055242198134295,0.0023026496979918192,0.002501437927625945,0.0012331100196317473,0.0017009131298523184,0.029482316835178247,0.07346229034135685
5.911764705882352,0.013935065815261431,0.010803051764283079,0.01122238491965998,0.015257535604081933,0.004346391757447595,0.004713935796468927,0.005667528214012906,0.004644242901238203,0.00518713937396872,0.07602589254616623,0.1245848386074096,1.1488817672113132,4.520981236633402,6.9607537257599095,1.4238920506553432,0.020415345174277774,0.8013764182507921,0.5140029185995405,0.14687038299998642,0.0711789586492562,0.007083897487901795,0.0010620668789809709,0.0021219008863121755,0.002412173109921938,0.0034576191797764224,0.003421224751923478,0.003014838542771834,0.003407220455229193,0.002528082108053756,0.0015830251211141097,0.0016765169401887605,0.001138801312382049,0.0011240442094617342,0.0019502630681017406,0.001097783911856655,0.0010403854694481071,0.0015398723126593074,0.0021133876687224494,0.0030508680203269484,0.003906458853240006,0.004170347252228736,0.005655956788989983,0.0033051280630705007,0.001125472620346378,0.018248036445028225,0.013475108936479008
5.9264705882352935,0.039114605112111595,0.0427983012975755,0.01856544174114672,0.009264960136194076,0.01659986461795651,0.015684085085833157,0.005381263280837777,0.0015711286714938494,0.008634308218883151,0.056334632905012824,0.23980360729299274,0.26421957999312984,3.9989495510128936,14.774846466615111,7.583990148868114,2.984110395892361,1.2961440275422242,0.22880729268084343,0.01413819049684259,0.002454073779456071,0.02569553555684296,0.006814726653781137,0.005264620923406069,0.0029939567146712665,0.0012815231732496895,0.0019122883425498802,0.0008965560499367572,0.0006200690655868058,0.0012316868985011004,0.0027655542658225375,0.0019137248693474672,0.0011774479344062027,0.0010844222116100082,0.0007380651212422953,0.0010066706123711836,0.0012764731304541498,0.00022233689853252145,0.0008182194425892186,0.003154452948081198,0.0021575832377847453,0.001366520936747041,0.0009342569526283869,0.0015635891408321873,0.0032219295353226865,0.013354712498998535,0.004177369412016035
5.9411764705882355,0.11609740682291292,0.014753513589050908,0.005631078217345126,0.006842842709247965,0.01453535083372407,0.010636910408174861,0.010621078621556073,0.00719753127437844,0.009355568921765563,0.0654080386110239,0.3800467973706845,0.7950011460703716,0.041345223891083416,5.5954371949707635,7.373705409543161,3.137614263925538,2.074327546631431,0.32409810366491326,0.023511098577791982,0.06549951184583597,0.007091827836028403,0.006387606589908745,0.002110117170030059,0.0019529821272483844,0.001722586649033138,0.0016120944593872638,0.0011062583959079604,0.0021282361939646338,0.0059779063212348355,0.007103486978714253,0.0032539658826817304,0.0005849792049897848,0.0015522454738765119,0.0023126530492703365,0.0008021870480307827,0.002417100867806424,0.0007123885200049002,0.0031898001793409098,0.004230980777358323,0.0024162328420366803,0.00044255830551299534,0.000825739781125783,0.0015391663504726641,0.0018475673085380556,0.0021921687845461555,0.02107003668552071
5.955882352941177,0.03891173443509286,0.020830741994071655,0.010571635866459345,0.007984572260022655,0.00432223362831073,0.007029297552514869,0.015379590033528198,0.0011295397523213386,0.003764329855379181,0.06791784501109276,0.2604130345901321,0.6371762289124958,0.36539620543249784,4.626659891702527,6.8462605057331,3.2378266854143107,2.6287220048151196,0.7791933658419041,0.11526742547052096,0.006230321589281069,0.009025355082100511,0.005737770659131938,0.001543442539257153,0.00036778733316554583,0.0007452985008003376,0.002388118110137001,0.0024915757055162828,0.00123575236792242,0.0025498679760335634,0.0009033429467641141,0.0013502706835648377,0.002730995199915734,0.0013581010358436583,0.0012004617464454242,0.000707228977082357,0.00028944622634906173,0.00028971873603688466,0.0024675576349780562,0.002828939449995226,0.0013528608809821193,0.0003964322216171027,0.0022154277664441216,0.0050144520946622945,0.00762085852643711,0.009008956267603316,0.011007451889378
5.970588235294118,0.03368922374353904,0.00845317803713361,0.013205117732731107,0.017703791254464227,0.008377678947162504,0.004061906229454789,0.005722511472980234,0.003616890468251364,0.0024120122035047194,0.10109362406643627,0.20668829138906972,0.18841860362748064,0.5146151411563799,0.7363776559144338,4.549122627693409,4.495195324938681,0.7465810446284167,0.3814330873576648,0.22050100417693874,0.02694798696701343,0.019686884837547623,0.007680132147478369,0.004074428336871986,0.000765805627775944,0.0012050091579975592,0.001885159473674644,0.0018344020060444648,0.001590314410595502,0.002442318502442321,0.0029861062056451065,0.002726913626875749,0.0020849779405243663,0.0005504053617602254,0.0004083314256097933,0.0015597904969732194,0.0018495224998253126,0.0007553723395701711,0.0014551865039979434,0.0013349626680880433,0.0009843453153727513,0.0004093656849207437,0.0011027074182699468,0.0010785667088144487,0.0024883785182940013,0.009949091166382882,0.09197767135120291
5.985294117647059,0.017462935621507643,0.018567167524561168,0.016028320597119342,0.007162695571326923,0.007171265068440559,0.006382180451302925,0.008267168764082606,0.008775278613335203,0.007793046762418061,0.10034326218581183,0.13454260924160655,0.47578234663663055,2.069689477757363,1.8238433632302444,0.42672722617030007,0.6781319469405539,0.121374241233978,0.48488302757106344,0.21345673969747062,0.014701363785491792,0.009816392294325262,0.003246923627209848,0.002841330000506883,0.0027347849414078172,0.0038509387372429498,0.004662357629197174,0.0028510307614999036,0.0012079320931102015,0.005272218015410548,0.0006605633460643987,0.0014162813524700498,0.0013747061955062014,0.0008424759182257484,0.0018006370219178988,0.002432879000908687,0.0023449942653885397,0.0021337888682574475,0.0007791106712818317,0.0013905152597292565,0.001598187239295422,0.003634799504623124,0.002927137375156627,0.0016207620856826673,0.0034565180866248883,0.011281258434755637,0.07811860828432401
6.0,0.08817033879355066,0.05229267515294412,0.04766931828131051,0.05296092521982575,0.047025560797328184,0.03147774312817451,0.063899879205123,0.02459633492325939,0.04788008112870637,0.12817479617740563,0.09666024797325098,0.20246333656870832,0.6540167605811769,0.7396896768699579,0.3985263184756286,0.327821350517426,0.4041807139152217,0.26425731495604254,0.06723909139811186,0.0020353050781176953,0.007711216880714156,0.00905511610095948,0.0051810105276858314,0.0035986090284092103,0.0027635585539210277,0.0019048517934652982,0.0020516831863167774,0.0017325879855324578,0.002723388828511532,0.0015039121175704836,0.0016005989472927867,0.0010811478504253577,0.001067969872514177,0.001721748152922409,0.0021133597435196625,0.002484236279614733,0.0027725008491309806,0.002457737145617056,0.0015330289170583705,0.0009516599355155827,0.0007283883755427012,0.000533659036962491,0.0010016950238228533,0.0012647382842925802,0.0035031883164071487,0.009033518615575525
