time,0.05,0.060000000000000005,0.07,0.08000000000000002,0.09000000000000001,0.1,0.11000000000000001,0.12000000000000001,0.13,0.14,0.15000000000000002,0.16000000000000003,0.17000000000000004,0.18000000000000005,0.19,0.2,0.21000000000000002,0.22000000000000003,0.23000000000000004,0.24000000000000005,0.25000000000000006,0.26000000000000006,0.27,0.28,0.29000000000000004,0.30000000000000004,0.31000000000000005,0.32000000000000006,0.33,0.34,0.35000000000000003,0.36000000000000004,0.37000000000000005,0.38000000000000006,0.39000000000000007,0.4000000000000001,0.4100000000000001,0.42000000000000004,0.43000000000000005,0.44000000000000006,0.45000000000000007,0.4600000000000001,0.4700000000000001,0.4800000000000001,0.49000000000000005,0.5000000000000001
0.0,0.0,0.44577705276117574,0.4515935057516157,0.48116256207423025,0.4497550190248023,0.44012041211860664,0.5130809681434454,0.6221317130824541,0.5476834280477977,0.0,0.4424574547333118,0.46064913816104325,0.510114366876914,0.6243312302261477,0.7320493622786297,0.7693997347394326,0.5393271775939019,0.630442116329942,0.0,1.3722837526067206,1.8029500620392382,4.452835766608411,8.337513832134988,8.995307125045105,12.648234236640793,17.845764939980278,9.80016643689956,0.0,1.4547414033308816,10.235037549153876,32.86576283580242,198.5929159321201,519.2811729142079,563.0096362880605,243.03819449470274,23.744288297804026,4.714091697057414,0.0,6.240057303061114,2.152926885223345,1.7392764500574533,0.8003633418371003,0.5219744934311072,0.687044511076405,2.2829490487479527,4.846500167158001
0.014705882352941176,0.0,0.03162300505300638,0.02127295452799488,0.008336244551800986,0.005597276109515861,0.017468428516112834,0.052091846202663425,0.024717039375077354,0.029232567256128952,0.0,0.026891695272629943,0.018215531136812402,0.014182151306669612,0.046697555210252914,0.06683786207372726,0.08764713750566268,0.09997143911077372,0.3289988272197848,0.0,0.5188920613353274,11.038245297462625,15.781939525935666,1.1444040650083696,20.53541177996027,27.734687140394055,4.271268875220018,21.357113300778536,0.0,29.813370966780674,27.09130600877028,2.1142271383321805,319.22801880265854,689.1230975778283,412.5590375198518,2118.0046398497934,735.623963846585,30.48644423806047,0.0,3.2963036785383197,0.7696423663142029,0.17396788876588595,0.010600818871100906,0.03208234187946411,0.1047236634319133,1.7019271237368458,13.5449723772585
0.029411764705882353,0.0,0.08500222279440463,0.06638398271101695,0.02414474222904724,0.015840711656211662,0.01578552714833531,0.03871396118439184,0.049215156510053475,0.040576469034566846,0.0,0.03653070459213728,0.05445977545583844,0.07459004915440053,0.11830323121945252,0.05454367934821399,0.03922323119363748,0.06334236526482412,0.05372171082814017,0.0,0.47647566286855636,3.3827100061268993,19.861744852293107,74.71196682001856,102.0411969622152,5.084514494177784,18.0076789785072,16.953715831179004,0.0,25.182566193441808,24.949885006656253,19.62999180777406,74.712731391236,33.14387299606211,83.64146545490783,375.74726213376414,2855.065531707981,1751.7087299854775,0.0,145.12877940694852,4.284666532092612,1.5192306110027298,0.26470763316227297,0.02380391869470236,0.05703462567835812,4.043804770028151,66.30525831618803
0.044117647058823525,0.0,0.04890380834344086,0.07445103102179762,0.030096127726091382,0.01969740616210255,0.026659168189511178,0.07890500307169135,0.07511879691140005,0.0589714243164384,0.0,0.08229181629967827,0.10060721095452856,0.055419199022225446,0.04847351559233605,0.05458981820293677,0.0038782095514510928,0.03484315487874426,0.08010938210735633,0.0,0.2845356668445209,3.424566860378892,16.893847538618488,19.76945071632358,13.158989968973358,25.02878067128652,35.772342796632515,7.375064667367777,0.0,5.5377478816755445,8.879201029345744,25.174647608264166,41.93433834592507,113.42806849685834,342.4765107331774,54.59398977144782,82.94585833463788,714.9585740200707,0.0,937.6366907984697,45.88758279327274,0.5958880065685077,0.006511506823469793,0.045157167170823395,0.1049324008461674,1.0670820463230335,14.558142345818885
0.058823529411764705,0.0,0.04897896473398407,0.00831879814405216,0.014276651204601259,0.02121586652610653,0.03913685396332488,0.05622144971266673,0.06499950238166143,0.1176968160093253,0.0,0.11403220977868368,0.08722376043652605,0.07625986641156454,0.02205833278838086,0.02542097084214716,0.024065761219363914,0.00880388258451665,0.20438288090437837,0.0,1.333422637817414,6.237092524205883,9.348455157489163,2.927667209621621,22.597060333670875,126.88237116880163,233.58390101719795,239.90923116545542,0.0,215.18353015863664,109.1687928790135,13.827194360512514,2.5890354942422986,16.8705680959132,150.03992338169957,76.09209993303153,247.4963061243862,489.3533022717752,0.0,177.0440011897041,39.68274899773296,0.31386155462398024,0.029283685610581575,0.03530078926444122,0.07464910671432884,2.83018380782892,14.597601140962926
0.07352941176470588,0.0,0.1605820564819081,0.08358589244882661,0.03193053477262722,0.055256836705343315,0.04986805628202838,0.04562278966629308,0.018863736022888565,0.04572293510600613,0.0,0.14247223559048466,0.13092092177186618,0.1651868890314367,0.4103374579366155,0.4937067519920707,0.1395988366892693,0.03035595014013292,0.06798157222853903,0.0,0.6080397025780453,3.685366770140826,14.25793382985769,32.626985323512834,62.32029079092441,59.32468679333884,28.45278223472488,37.25510456709516,0.0,117.95370535951085,429.98967123757825,207.55188122551505,28.218341351610462,37.03114788483996,18.406418858120308,4.508717370428691,101.86969328121017,229.6557764322132,0.0,127.86736447291676,19.968497490601735,0.09296058440747601,0.018435900238814938,0.013152747068176237,0.555906780430127,3.2288855264405165,45.16520390552789
0.08823529411764705,0.0,0.03412006267082866,0.023814339635518884,0.05900435104748209,0.08708026198001455,0.14621661597727165,0.07357729845361594,0.028623389958634535,0.08550932000793246,0.0,0.06951807193585022,0.02118030645763476,0.0872920969823556,0.24367360224215703,0.15793554660872494,0.18633454210661277,0.5247817864103093,0.3728599820310635,0.0,1.2435499913911015,3.607868322408093,8.756333932171218,9.676422892437397,12.563211635095922,37.412041057523915,43.70478128759984,27.659644493559043,0.0,26.531527951736358,108.64791099618628,1449.840659349518,1650.0744716605432,199.13659897433132,2.66560273082405,12.28303552685436,35.23905397574011,39.40261273308168,0.0,32.191975376484265,8.142179729931183,0.11491868007511465,0.009889297997630218,0.006158617901718121,0.29077902560333585,1.156321133988298,14.088661110031513
0.10294117647058824,0.0,0.19069664823605928,0.08412256484645984,0.026959092173891003,0.007403867644453163,0.023718230269732663,0.04180979963474315,0.0601134556409747,0.05105633882782571,0.0,0.07892719634165532,0.13249499705671203,0.06955734985039892,0.025626981675867074,0.14368719461146126,0.48138154454045745,0.4268614421132307,0.4708039647418194,0.0,0.9112040502263234,2.12390013115471,1.3170062738826824,4.779356636148952,44.327111493521336,41.36242301789971,20.517629811893386,13.303075440217969,0.0,13.122283281464327,101.82720598714918,94.52169027429863,595.2427942057678,2928.6616297483133,1634.2888905220811,392.24776700518134,52.242312969768726,8.957850092731,0.0,2.753846523231652,2.9454492047586616,0.03730890417369491,0.0036172283325954803,0.005869276463767422,0.1335331610520762,4.217032148273234,43.76299501568215
0.11764705882352941,0.0,0.03314688697267713,0.03320760594879865,0.051806081792253,0.04044936734245704,0.035411512715558,0.030224363154292888,0.053889086007992554,0.065966427912794,0.0,0.16552710018572714,0.08406414664152084,0.01571454718008967,0.019876602895587493,0.04415205653832436,0.1571566495471513,0.14357610493012646,0.20637154823922071,0.0,0.3513311046940196,0.341089892921361,0.29637321786126136,6.667917716231591,37.658231621700125,21.984577439477622,6.343048967533117,37.48132738824792,0.0,31.818934424400588,11.254417128666242,155.17766660254688,572.1974128727504,94.19948079645076,904.1926363669918,3781.4048759896805,1390.1459028610088,170.69456831322503,0.0,0.39134931536587886,2.587004557005204,0.051489075519651664,0.009110238300587494,0.01914895101253665,0.21577350605404713,7.127432009769533,8.787576775952584
0.13235294117647056,0.0,0.12988511904464686,0.06821120192657742,0.02364345775180916,0.017382282241287284,0.02957279227788859,0.036610659131737014,0.023479230507395678,0.007756809334284624,0.0,0.036233907882881444,0.15222314527351735,0.13134026390288311,0.04898282204231927,0.03392379364117892,0.11052665169225181,0.03935070014230803,0.3618155985542265,0.0,0.43250321688906757,0.4528890358275379,2.3648861541487975,0.807898261096041,2.8204493061208664,8.143820555129329,26.005324742703802,8.772325650039694,0.0,6.789343050487294,23.426584820641846,76.74569226462191,88.44412845064049,8.441909786660469,459.6318201011186,2378.702979318302,1831.282057179838,744.0461370672183,0.0,224.50410280763975,25.714554809021767,2.047755789777557,0.116104091119897,0.017617860230059082,0.3013519700574737,5.851296119438175,10.592487199916482
0.14705882352941177,0.0,0.2411857175893577,0.057032811937944794,0.02574125757067119,0.056652698290512365,0.04041963373158429,0.11642556297895525,0.19593488348349414,0.1784816926302335,0.0,0.2256232541517197,0.242790560402012,0.2881642249028122,0.12050502401649651,0.09857905623354574,0.07844216830028622,0.02591165125154356,0.03610990430686532,0.0,0.872054274404977,1.8239962412882307,0.47053870222787164,3.8733405778755916,22.168264392181797,19.132245927348688,23.81057424050098,29.968286080802375,0.0,3.7994887572010008,5.117139072492992,23.927588109471394,60.532618956960285,344.88238047520514,78.48204610441903,540.3006175471221,2439.4708939061916,3847.2786807060584,0.0,997.1500505758997,88.80036279474285,5.097109095749446,0.2559155800239628,0.13198517290824735,0.6013617133385927,5.339029696601143,41.430171074014126
0.16176470588235295,0.0,0.1057500955502941,0.24626080386105223,0.24359056473553534,0.07315308142250947,0.028731413713671706,0.04746856722617516,0.17857152385139996,0.09392413397510868,0.0,0.18669867173345917,0.049496039056385804,0.3674643113557934,0.1990165342066776,0.04282839909087503,0.12268264279077994,0.15822691759526572,0.04748930343452591,0.0,0.26440992654541595,1.5022023212551505,10.449476153790547,22.78721615062846,15.178363749876258,5.048777027886417,13.36926652641026,9.504179827752608,0.0,8.448064890094132,4.664318283759558,0.8261044710531323,6.960297271256956,202.0284715380834,1884.556413306243,2853.4237033140735,1822.9777199043176,602.7667086976612,0.0,538.1206994168848,148.0096861538148,14.142416506355838,0.18540028492677119,0.11960493372713918,2.288431233584195,5.064915823509191,37.77871808927825
0.1764705882352941,0.0,0.221023651918214,0.29272286698312355,0.12206986936837017,0.03666663464350045,0.02803950571027199,0.036719904860175824,0.18240979907444507,0.4251319199977345,0.0,0.4920114687384722,0.09428737890643997,0.32566083474017615,0.15800629812954906,0.2600021648857068,0.15782623696601256,0.0779681401943486,0.8352700761943755,0.0,4.753496052096287,7.315393478822965,1.175493161825156,8.397278804350153,69.3753047392724,105.85817388168223,101.05776561915712,45.26971592739143,0.0,8.552259689481907,1.6475072866298421,10.21082856166281,4.127096619878911,93.36912675837347,203.9148699672654,17.553042255317674,371.4304403138125,466.5663817313598,0.0,52.34213775960532,34.54946303020275,3.6053152616322763,0.3691625721613735,0.21778345951349876,0.8146083479227783,6.719557860939135,79.4694392142376
0.19117647058823528,0.0,0.034766434507675394,0.010475431086969429,0.02615600819734443,0.011358107918723402,0.05222685829785222,0.1068342009335417,0.09705007690098996,0.06961465746880499,0.0,0.08991643717481143,0.21059443658824506,0.26939494025428135,0.0906600767147129,0.028709584449411678,0.11130831664794763,0.14938323810551246,0.18699233564208848,0.0,1.1754511936414023,3.7212385532371552,4.014635464681761,6.71026255898908,79.66442928965844,114.52153237962379,40.55057570446188,4.215375566982167,0.0,6.690626865830577,4.223746495728605,4.230159366315911,2.706852581678679,13.702483600154803,22.61041200674601,5.969036612827682,65.53845271155137,168.25946820002397,0.0,66.79682719434885,3.4463927674785806,0.5543709160377148,0.150243382341495,0.025436553272024813,0.27844751730079237,11.08580390848066,24.562183865247654
0.2058823529411765,0.0,0.065861990925384,0.03754018280857144,0.012877953629797281,0.016974480573172336,0.008546966146905793,0.0036046474020272135,0.02172087278438524,0.05794911965357259,0.0,0.02809698186368123,0.050141036534093804,0.01823350044247829,0.041309722573858045,0.10062580225155394,0.05840570287215191,0.09488701365782087,0.07664632619271622,0.0,1.0301260156615413,3.3649190947598218,11.429654441305718,17.82777943249752,108.01859784022196,89.6385742398918,30.229053746242773,84.19971004376225,0.0,34.147318607456725,5.347058325652602,0.7482173653726659,4.637609109846661,7.512725365726574,4.77044156796631,64.08340706039832,63.42487797035167,11.287643703122399,0.0,4.405088095388532,1.8124443575504676,0.09406108858801729,0.013921214574833285,0.01624500391463828,0.2453560174923483,3.03825514355695,31.637157911945664
0.22058823529411764,0.0,0.026056804716425262,0.009955992761591708,0.019680947881949944,0.014492121575997581,0.002918510256961276,0.02104735657905134,0.0212096418491639,0.04488567082353237,0.0,0.09879260286891306,0.03341865199673972,0.028982650004130188,0.016604856403126964,0.0421470555610388,0.07864796048377964,0.08995882012491485,0.0740491947209435,0.0,0.05609254572622334,3.341115669628766,8.127154691065467,33.8039835079308,64.41222149362915,32.0894327119417,76.3306839923901,136.83875122972074,0.0,21.757362860912178,3.766898557707031,22.88931805293044,34.67192837371266,11.285398705872172,38.233037978592726,45.538566921898884,9.446660333031373,5.6680110856653405,0.0,1.1214858868882414,0.06527076962029926,0.018902303832309158,0.0003457672860648247,0.007026813326137894,0.044152080864853366,8.680488453440354,143.27039429053755
0.23529411764705882,0.0,0.02092106633551221,0.012432606641572549,0.05041458123960271,0.02641836117996421,0.0036518711795505963,0.0156139272810465,0.021728787861804766,0.014437064546436763,0.0,0.014045368653533539,0.09926429517518603,0.11646871260246927,0.07648203119107477,0.04201751272004646,0.019441921729729333,0.12417263459000694,0.852389920846361,0.0,0.07988980707974977,3.1435521790610164,5.009065039491874,6.927163132751442,5.210481063213532,34.17783908522247,222.4506463154955,376.29767719288225,0.0,125.50921046720654,62.05212320488488,10.00304321079399,0.9907558915575585,4.658236581829092,8.051555297315858,3.2690443851439674,1.238914362839961,0.795364666559377,0.0,0.17535634912162854,0.037472658125038326,0.0016415770772271884,0.0025300013829208886,0.009352991455685885,0.0809717731495453,5.592149382237847,105.23172941327257
0.25,0.0,0.019067393436361713,0.019610328469171268,0.014053688379147604,0.007721124320740775,0.030473636505397805,0.033568962925897096,0.01265929819131882,0.005354246986636824,0.0,0.005143819649659051,0.027837340269037614,0.01983113401327068,0.01800662943173152,0.043808742849633,0.05109399492272604,0.03348006200191897,0.08443891529462519,0.0,1.7966836647857134,6.69870403908819,5.758742062530819,1.910759725399899,17.53281484725686,83.63742457764327,116.87582342986937,398.56663239697093,0.0,658.0298472353902,901.7843103093711,710.286808499113,203.09951983766123,26.891828546818118,10.971277900893863,0.4262813128863717,0.5418793822583354,0.5924082794707733,0.0,0.05190813001390766,0.009675076628674395,0.00046944068821040615,0.0099656815406637,0.004219868155371054,0.22124830632563258,4.7073973178632595,74.32371229972205
0.2647058823529411,0.0,0.06472894176867716,0.04995156584249125,0.022216453804266116,0.019992184008254615,0.01496995154217092,0.007464650735636772,0.016486138819229883,0.01102269060395544,0.0,0.004415860580400617,0.027068554314474837,0.04359653905038579,0.050429731416263106,0.1270095378010545,0.22380358641702452,0.11316771424140118,0.24644849882257433,0.0,1.3662330883351586,4.934183152575436,6.008513442444105,2.938019868526548,6.4933258999012065,3.422483506282688,9.58646398090854,124.92010034502636,0.0,285.7332398538073,288.72029988977954,549.7506267049412,2686.9630198838195,3998.54825905466,1436.9340605731463,172.69109547127914,14.237106550462888,2.7868356494795643,0.0,0.30966686400393917,0.1730482016749234,0.02408799607106811,0.01529542515095292,0.08335701885692445,1.401517722958178,5.263379701113475,22.96137194602138
0.27941176470588236,0.0,0.0649002072921589,0.03273579753834577,0.014398827554853994,0.029684287228357573,0.03613930503552445,0.015593710677189537,0.013379573939212762,0.07206118116877204,0.0,0.14729328423939259,0.10324063882481943,0.04743736961363769,0.09477986144242835,0.18669842222861144,0.31188909370344037,0.08394727391730675,0.22157856417658392,0.0,0.3213897109067663,0.10905356866291166,0.5545657534453026,2.951004714247051,19.577007023026567,85.10761847602583,110.76109581764295,30.53530761341172,0.0,29.812915736412208,29.816527257492158,32.07838970132491,261.0692688605191,1738.106357371867,3717.9966306531323,5948.718679553458,3067.012404878644,576.4779413473084,0.0,40.24072481972492,2.1591167296495932,0.19519508318487466,0.036946003046926794,0.019786738268320267,0.1911099718805623,11.085792864836046,107.94436217519102
0.29411764705882354,0.0,0.06796407440662318,0.16084231153334672,0.1392048089730067,0.040305479564589006,0.02960156297535397,0.045244862403765865,0.030663269010590147,0.024181274703123326,0.0,0.09982098238501462,0.057848282010729786,0.302239062112501,0.46961850688241547,0.3331719324522301,0.15382347420342085,0.18587363167077375,0.6028114396527164,0.0,1.172020016373843,3.2445441600142004,7.633456221873817,19.34586546884958,25.510367132112858,2.9357936784732157,22.504175548730505,19.68378046320814,0.0,11.336363350349748,252.49336876725263,230.90859751663413,9.01650369854998,25.350715925618154,41.42509863926771,174.05291896279363,2153.0933327911443,1992.9819947890355,0.0,63.25974494123288,8.256210788068488,3.668443098826353,0.31584777431522426,0.040620108215957254,0.7698552671871742,0.1302587742340983,18.15422880459697
0.3088235294117647,0.0,0.15467006776652628,0.1394582882085536,0.023189490858117744,0.005601135385110813,0.04322751245496996,0.08619622379289779,0.06501846210817316,0.06522240272184635,0.0,0.2917756494678747,0.33246510205994456,0.057210612112478854,0.2435652494537847,0.01644003902357469,0.009224405773120722,0.11997011336677463,0.11429733128867423,0.0,0.11866056357026389,0.5243522324058938,1.0485363363011142,2.657203116508751,1.1308041926533492,14.403903305110605,16.40693315837427,6.082661687958312,0.0,16.861025182316684,30.062455294920554,94.11361075141338,81.82405744536459,114.13101127928557,447.32149627908694,795.1101376110005,288.4851818560172,777.9160920642537,0.0,1064.5605475671102,192.9516097723158,17.164710648212825,0.18731279535859663,0.058229248971296804,0.07943985707065052,2.096220480610596,3.247873854104915
0.3235294117647059,0.0,0.2929286555160438,0.16411675932426512,0.08840577721554997,0.1265259779179851,0.14689806882408177,0.18705997850839912,0.11299604945971582,0.15389548818413767,0.0,0.10115345463674331,0.11182251567625293,0.1676717369617759,0.41742008144828463,0.06032580653437933,0.07470149615888393,0.09126139743116107,0.15506167233360701,0.0,0.6611155512256077,2.1568307591535447,2.443991745888323,2.596811572495029,3.1412202177859814,11.25109305482583,30.784326299836884,36.170881617308325,0.0,9.091095732444801,8.101718314654493,40.178361363867964,174.5490509771788,80.52511283065188,116.04279974619286,658.0536023100019,327.0695950440496,482.31223445974274,0.0,560.3530897327655,94.75698679363433,14.15500745457326,0.09773684831832338,0.06334598183571623,0.5825799241615206,5.566996589031151,19.223808895840747
0.3382352941176471,0.0,0.09269501454205242,0.10025391438739377,0.10038251559107776,0.2447561973586736,0.19339730602612804,0.07627784239585829,0.12782335357877958,0.16579715900884984,0.0,0.2518227567295777,0.3879068494984727,0.18520757665717225,0.6358989630865437,0.18938637109097273,0.15421796280655153,0.08146189656607886,0.1620155389067602,0.0,0.05627016370863449,0.430375644635844,0.5626429147348483,4.108088969204644,0.8777794629076814,51.90455939446697,213.33980780445845,177.1970868294369,0.0,131.2494406603692,76.97530167287317,1.7769612959121,37.21336598714177,116.2954404242839,82.4435369490338,39.70409221232662,256.2391072972532,110.39129202109078,0.0,90.31821223792585,2.8838213311030403,4.848603473134275,0.08642659772833398,0.030748273869679245,0.4522414402306652,7.1856536034485385,15.303487745568365
0.3529411764705882,0.0,0.08187070737464164,0.039037770595640606,0.11012944900826674,0.12669239191678017,0.10581620843749678,0.13629812307974684,0.04487457609112639,0.020461225379272373,0.0,0.009812820881660515,0.06514725522275228,0.15328291796373691,1.0100812236408543,0.9762023483168117,0.15051772564990326,0.04809877628380678,0.08512553036019826,0.0,0.1046068263599152,0.11940943525972289,1.7484899528200044,3.339997905894545,17.32492091639588,79.94921384657258,56.23435318270144,92.25918616703288,0.0,31.204292929902614,66.13597791401227,21.41126113642801,2.0724865474710503,9.898443047433712,59.08297494844145,48.60488298382004,35.158183810963344,75.88230938791585,0.0,62.73333906706715,21.9565037616644,0.768618112840973,0.044300289203159766,0.11381202256623539,0.4775056044107524,3.1721401781695784,31.236821475281594
0.3676470588235294,0.0,0.04922227884625685,0.03384364633839987,0.07860764012764236,0.08679219961982669,0.030145627260609636,0.029471418474425914,0.02037268953174364,0.011481513564046461,0.0,0.00954473822419263,0.028601486692863706,0.12533999296264592,0.048466384748048,0.060077719573901955,0.007676591369617502,0.031926997951900474,0.08100352489555931,0.0,0.6396758658736097,1.4560543546340972,0.6769260926341656,1.3287529533812619,13.521210929594357,57.74318835933633,87.50267047073194,31.54316040891427,0.0,44.95420312696839,35.389252433762195,48.573918350394266,18.124845978920476,37.97573590220178,22.595966807787192,50.56780034945869,24.085509320963958,34.956905348752464,0.0,12.6675359107067,0.7911109426374848,0.1461355571889886,0.04188970153821293,0.04719441596583838,0.20974081933917357,4.4880654590127245,11.559975551783337
0.38235294117647056,0.0,0.08787443220361785,0.0831004813387797,0.036219712143255575,0.0288365189358063,0.04885939575793876,0.011292324795934556,0.013672947787619195,0.020662375236203352,0.0,0.04658612210458615,0.04105165032453141,0.04445750117885669,0.033764143279376574,0.015383434741398295,0.056614588143048636,0.07704813688074033,0.10857445209092967,0.0,0.15417367624418118,1.394587759356603,8.385901337221568,16.684668365156043,21.935806004542012,23.000175075102497,8.389859815932763,94.21564630137013,0.0,276.69543495722564,81.55723289637766,14.93539018557254,156.92322681212022,156.8172659896504,25.408127386736652,32.0176276274392,123.36237878356079,43.20509724798433,0.0,3.2258983401040577,0.02349690979779417,0.008485890574945688,0.0031674398342170108,0.027440186806930576,0.3510042610542693,2.289004779169843,28.969045382185115
0.3970588235294118,0.0,0.03829257170799573,0.008325484088279805,0.01617592535292195,0.03224065160525978,0.0493090173176039,0.04273740353307427,0.00995331628787603,0.01705409253162448,0.0,0.01297404382158255,0.01473989669569321,0.04065852308254646,0.07945152994257196,0.0325227394967109,0.048536457554742854,0.1764494751660184,0.40527901241533354,0.0,0.06141522965908069,4.058776791730105,3.8154545956505945,5.028835602552905,12.809051869450556,7.92300626726886,28.527516204111404,120.86357200210327,0.0,30.532419283079225,13.730697245536682,26.72574082004556,82.85659091872199,24.095465896765106,26.52008127522582,135.87915100978296,66.3124452602122,6.029840410547109,0.0,0.9991266700540605,0.03980875569481268,0.004447357519894917,0.003434038792639217,0.045650739803793694,0.36796702053948516,7.169352896288739,3.1136387139286716
0.411764705882353,0.0,0.018795145302305007,0.025647704609085505,0.018684164223094206,0.003550085850878059,0.0007949500671420578,0.008222911579273125,0.0130744895712521,0.01986843592287784,0.0,0.01004373892827486,0.018606553927082638,0.04167471551131986,0.01659901501064769,0.048860417547035004,0.05287930394027676,0.029295621347988816,0.2154940383124296,0.0,3.041909896331228,5.974636414181651,0.37742035866625934,5.4253140947715615,3.6473758116682173,22.758276970040225,23.570625403996782,20.539005988225384,0.0,40.510048515249615,3.2156703241820086,35.30102873545411,13.353915913724428,38.46032042619632,263.2916291560171,152.84135810148075,2.312533768884645,1.0037998310974163,0.0,0.11475092122346339,0.01155345038342107,0.00943877961201204,0.0016938816462837138,0.02928758480388293,0.18676371353821042,5.453975659138722,150.54631943758565
0.4264705882352941,0.0,0.05976785828796542,0.028030257128678925,0.03430277243122091,0.040483549549636864,0.034226800662046364,0.017553036834167705,0.00530962773642909,0.003481485380480291,0.0,0.010622646207195992,0.00611029418681517,0.03106782971015999,0.03026968259600267,0.02094186689549299,0.020920486592651614,0.014967698862220965,0.4632142623229941,0.0,0.7872045174051565,1.1196197481407766,0.5509356079898573,8.596431563811805,11.161451830920013,5.520465941098253,46.94376981262515,193.2221522697559,0.0,36.40663004162063,53.31137106917452,39.35879736586515,32.4693640708671,227.78457724432715,124.60134883247486,26.793127330107964,4.3628026198901715,0.30550341791145735,0.0,0.006857627981377472,0.011755148327988785,0.004542667597543194,0.002275815406256753,0.013323902083554402,0.10304272811821623,11.944193017496186,112.79107069082497
0.4411764705882353,0.0,0.04095639366070343,0.008842592733750298,0.007836676264035574,0.004142427953118324,0.0036442872809428904,0.005467712963716926,0.009747442355585617,0.004017803000392902,0.0,0.004504497930277535,0.01031135497441618,0.007283693928279282,0.017659824172493215,0.03144579419021754,0.00916491995081514,0.03528509770675779,0.11434444635166507,0.0,0.7126729787511149,2.9441780400847968,7.206826798345006,7.945037146404607,10.57482062584689,12.945441435729501,26.44691177103944,2.332858655533693,0.0,38.38074714144716,104.3874765958493,37.36816503955377,35.53926881829099,80.53221969766159,11.653107330793182,0.8267490140032502,0.34289598005089095,0.08756485981359655,0.0,0.01481809472312443,0.02304559877173852,0.006300350452010195,0.0023899810046998714,0.021635533654610184,0.10227838536066572,1.1294287137020123,76.13810021006773
0.4558823529411764,0.0,0.027761152903171403,0.02302305436823517,0.027200433861833476,0.01635141159237689,0.00334895674785195,0.0047429151434615485,0.0061585639050391605,0.007587489842360498,0.0,0.014375674495580585,0.02158906605145703,0.011351134445343802,0.0028306945169535875,0.002302383565313773,0.017293325967851835,0.057793233833329266,0.3288047540571888,0.0,0.39447310789912676,0.4396074340992633,2.870596507667611,4.933254828459647,23.09735164415456,28.656949962133503,6.996810758219101,1.966196205508589,0.0,9.299947785234476,4.148517344655089,2.634627353739358,10.137586977585785,3.3899599132218285,1.7211375790396028,0.27240251097631885,0.12404023455121786,0.09811746968992982,0.0,0.019760031290000837,0.0010469295642572555,0.0023808609271749716,0.0014555803742020978,0.0017339149207127274,0.06875614216839863,7.446410518108451,173.0388627765294
0.47058823529411764,0.0,0.052614117031123966,0.0416799694284426,0.018624612532261435,0.006038138479771234,0.0034950825900267627,0.0047089705586954534,0.007883947578840936,0.005072640841555655,0.0,0.007759008794955321,0.004146979763556203,0.004707945866500043,0.003427329585769562,0.004525606961310475,0.004102483596556443,0.01659810731764968,0.2642588259295142,0.0,0.635329575029047,0.4540824367190024,3.1829783320137857,25.556179906688083,57.60050181837872,29.43642605303846,22.53051563306072,17.262373338681343,0.0,1.6952232578529964,3.0591198044920587,7.190974070183573,3.2830238909005693,1.2730102908492567,0.15227151736460243,0.1700853251501272,0.05121946090342479,0.020410509211442156,0.0,0.004139171528090516,0.001262044070098454,0.0010499318242536975,0.003343133363550549,0.011005168888390865,0.6868718776061431,1.9793900118783032,45.65002411828959
0.4852941176470589,0.0,0.03604273599962148,0.011554967518723896,0.007783933559075916,0.01898780053283411,0.008814639598409913,0.00643274696139157,0.004067241157267849,0.008322652294395782,0.0,0.004617157597355527,0.005535280246599727,0.011447361650112606,0.014376304789753276,0.02123641311693116,0.010204064804112522,0.015313204277903905,0.18386463307781264,0.0,0.08835993861068187,1.3468441225401946,1.274640030389517,13.217713160755302,10.075431955282752,17.96706398732846,41.26541152130073,8.46745959083502,0.0,7.954452848053732,11.982957255139015,0.20269383703291297,1.4523710872236575,1.759045168620848,0.9702018546332682,0.1506305697472096,0.008101051867352306,0.018986885979048934,0.0,0.0010951586234683132,0.0020025468764702467,0.003942120955814703,0.000887790337862771,0.009598417332988357,0.7169794306560093,0.6995807757749433,50.979954502256405
0.5,0.0,0.06500454446509017,0.03175418067230458,0.012507842859472727,0.016370115041982485,0.01127090461533121,0.0052668222811491396,0.002213834133968906,0.0020413147284943835,0.0,0.004169532522097956,0.00939459614872253,0.00502442504243167,0.007603251214317882,0.00757264384474419,0.010499219674658392,0.007836209223444732,0.003987829917654081,0.0,0.4834132154016868,2.567094765822184,18.49889349023622,17.02877964902462,28.573062435997933,35.86674158743748,21.707687985813727,29.940702597148942,0.0,7.685527267027563,29.967019727676977,8.965045151120268,0.17229926948085544,0.25118906778784,0.8914197255298468,0.4669473444452034,0.10945718246452878,0.016908877479625925,0.0,0.010099347664335862,0.003402278306916087,0.003261200284659013,0.013416334385922261,0.010475950973502967,0.07786144786832438,5.379204328190543,30.178119777382314
0.5147058823529411,0.0,0.008704946919910415,0.022117197641914235,0.015350070643218102,0.018659167338900585,0.006878794016142466,0.0021781772504802527,0.003328855856510129,0.005924875433445373,0.0,0.010604987933451129,0.007927605763740382,0.005033835943440129,0.004440595664398748,0.0031645169032162045,0.00455795542236297,0.020619645703322705,0.5543744991399515,0.0,2.595212147325535,3.045763961031846,1.486542045554344,32.60432532891828,23.319225981695325,0.42150527572260593,17.08733289892365,36.366732841430135,0.0,0.5019132541300722,17.97744340211973,5.041458139941021,0.24017551483261018,0.993155273939902,0.47586392544990525,0.09018809864897953,0.05718740374382432,0.01158506393053994,0.0,0.0005526705677227383,0.001297087093083996,0.0014856048570812052,0.004729517173131113,0.015674131604998906,0.19483872483260117,0.7964215166877445,6.907603516493065
0.5294117647058822,0.0,0.03249802136874141,0.018040514830216542,0.0053195747797399415,0.0065680582003049045,0.013825786249639184,0.013015077970762385,0.010322918732113478,0.005876144334459381,0.0,0.00562756364654647,0.0023529021318691285,0.005184007229787624,0.0031784117935812974,0.005919044913991625,0.01683398161498223,0.0110786029137461,0.0939426785962463,0.0,0.2625133344694576,1.7277453462153152,1.2740679955642427,0.9842001558720781,44.53740951963772,93.79411332109187,33.668763025488545,26.043265175369406,0.0,5.521664181342464,0.26837391889488676,1.1205303838017717,0.2562441130708119,0.02204270100918615,0.06706978975307405,0.00798725310495615,0.009497423133770593,0.0018896149974167928,0.0,0.000649651282587688,0.0018649045797749619,0.002694925735354854,0.0011873133944729803,0.01038182477077533,0.12189832078093418,1.6404115883585155,34.63203616367525
0.5441176470588235,0.0,0.08337500769259829,0.036596603470809515,0.0161455334927159,0.004616734264213378,0.0033748567828407582,0.0011689079938299633,0.00593064817950105,0.005053541961038284,0.0,0.005876810602815755,0.004208582302990166,0.0023600253811681105,0.0026762412542878783,0.005122666152668599,0.02014560833489134,0.024134450012585497,0.04805702034661008,0.0,0.8239315945245718,1.2531911920634418,0.7376625692090701,14.630404501731245,17.995060468548385,36.30196878355774,16.334722060302777,15.202042075575552,0.0,4.469731048695907,0.559343562628001,0.18109956336492278,0.023211390059990324,0.040661348183282965,0.011520262932968798,0.015417591813135189,0.0021961656273232727,0.0010406457828092642,0.0,0.001656444276997063,0.0017072974145601752,0.0032084846584638435,0.004158612518081058,0.004588970191264615,0.04017664211105208,3.076005935259569,45.74739202473595
0.5588235294117647,0.0,0.012926714959419484,0.001369429072156098,0.005629045399110989,0.00628607236552785,0.01151775246354124,0.014401090915717472,0.007466604749322238,0.002144745780181691,0.0,0.0011464434961087973,0.002849226604277429,0.0008794556335820782,0.001311035406409681,0.0028437880471925223,0.005207745928419652,0.013996766430705755,0.05797021821882631,0.0,0.12327694346078667,0.11494382985376611,1.0903284633805719,6.318046002635972,5.284923466258682,26.55070564551382,13.212976099866784,0.5345226443986146,0.0,1.3974725755674968,0.5261300435605694,0.3027520098487595,0.1013576938160218,0.08562098067156126,0.024549288036405135,0.020514426067872404,0.006757236934519776,0.005192280406768401,0.0,0.004016667436567232,0.0012165789007644004,0.0018077353837943706,0.009858775522290184,0.047981053356167425,0.4335371213870164,1.1135954625907027,8.336425076672077
0.5735294117647058,0.0,0.047350370644198045,0.05465355922097312,0.019841872338956595,0.011298694636180308,0.003219363219105535,0.004484591474340476,0.0040754647682772465,0.0019765094323595067,0.0,0.0027121985120397065,0.0036493283304142267,0.003113409636392812,0.00039463939075828853,0.0026968394059845528,0.005415899409757729,0.004020634710465531,0.09896703021114223,0.0,0.43869794623035724,1.339768002155831,6.4975401913229796,1.7290885421352433,13.971282617458852,45.436116789841776,16.852776266817465,1.7091904315478632,0.0,1.0132366958085444,0.01117741138476004,0.02946824411088573,0.040913845155573364,0.0039052456663581023,0.007755970577530276,0.00922142580812536,0.0021825203011238974,0.003950985965812038,0.0,0.0013254008528647116,0.0006633742153216159,0.0055996932112591605,0.008058063279758942,0.006824962006036293,0.200195471644557,0.6691377039178292,3.7856590129849286
0.5882352941176471,0.0,0.03765755441248554,0.01486106100645424,0.015194659765812907,0.023341193217955667,0.01411034158272711,0.005016251753577912,0.0037001785073993406,0.009243627014243277,0.0,0.01287228809057251,0.00575721662538322,0.0015085230769888384,0.0022905159392819265,0.004547077643162128,0.008233362229413142,0.01226263406744666,0.2038691160862136,0.0,1.3242417145657135,3.260220773467469,1.649375688571662,1.4589204360917205,2.1973593078023277,10.865829946841641,18.778854825985892,9.767994759448595,0.0,7.870778770927156,0.462635845257659,0.023551562288134535,0.0034750074330738238,0.002727841369284104,0.00811948864327788,0.009732813893049776,0.0030758695287438852,0.0036299561228124127,0.0,0.00648881110633345,0.0034936503441428454,0.002664506670381488,0.0008266150349286769,0.001302307544194082,0.07152910578913717,0.9722013595892967,35.64172870657792
0.6029411764705883,0.0,0.04773764794630674,0.01786788305842074,0.00998194237185979,0.01694799923749112,0.007476994033988056,0.004637631770870481,0.0032518206362788485,0.0012627501899571433,0.0,0.0017976385085712151,0.005143046404971607,0.00319876764151993,0.0017318927834494425,0.0010232840463430637,0.004631255205395946,0.004664766575961413,0.011619604389992974,0.0,0.3133134121686618,0.6578705637546034,0.5829752753833657,4.1787036119691745,9.166433734036179,10.901795250535226,3.7549043224935597,40.693680080941334,0.0,8.305389134321906,0.9574017231843232,0.04293130968660407,0.002378592279584822,0.0032142097618896213,0.009098988373808277,0.004178174998008016,0.0020074841349087486,0.0008898920162293999,0.0,0.0004372205815928089,0.002558538414826544,0.002366789169902484,0.003206338084113687,0.017896620041692388,0.10843819897640317,6.494228149407315,33.02843748789263
0.6176470588235294,0.0,0.036306673541416985,0.011390403965925198,0.02365961738700046,0.021242595450922983,0.00787396410089336,0.004494707706138506,0.001321956951187113,0.001994628181707402,0.0,0.0012974804581073755,0.0006407685258784637,0.001075652098636553,0.00035203159982619744,0.002095024165688548,0.0027173262951576756,0.005212173022051236,0.007520519075768449,0.0,0.3298904452721513,0.8354245036319169,0.17649581948489973,0.8183326436164078,10.495657498645516,5.009691129604877,4.232589728832477,120.6563962419649,0.0,250.7949168790795,66.30821561508219,5.86562187082689,0.5582445135326486,0.05767848994571761,0.006439599248670437,0.00463425869355996,0.002479603881123164,0.0024187996675170695,0.0,0.003376033698298011,0.001014257701453065,0.0005624891405330636,0.001383452468706717,0.0055992717417115,0.13783666768407404,0.6885220406293409,23.43925684522796
0.6323529411764706,0.0,0.008269575972427052,0.027352365221498996,0.01973070604871961,0.017243937904705676,0.018399459901513197,0.009742483772273835,0.005037703123115411,0.002712058835667115,0.0,0.004384478132860325,0.001490225189782523,0.00034625476475680963,0.0016301189104611328,0.005487508782212727,0.005997080215316926,0.01364990878615098,0.01623628148308961,0.0,0.28756256316040124,1.4838775867947436,1.3275645960558393,1.2424940134036606,4.860304066610854,2.5729465640664198,1.2940365620971892,6.298570320547227,0.0,102.5828695148457,712.5932146331425,601.8940328599622,100.03015977925895,10.079996447745131,0.9886529737216874,0.08796442922163819,0.020725638445122485,0.010737352311200536,0.0,0.003956666516950135,0.0017347998735826014,0.00119359295725054,0.005577699428014097,0.04515706823989003,0.49625104283429433,1.753871480380614,42.74129064286747
0.6470588235294118,0.0,0.05105590803283766,0.017204152113164586,0.009394183853060935,0.0022351712690533506,0.011253479718209404,0.007966633388219537,0.009498608326380711,0.006322761620448769,0.0,0.0013947675234856306,0.005212576544842845,0.01203122439514305,0.009943540041459325,0.004808525168092636,0.006927409608551071,0.005325205794734028,0.05372252773301679,0.0,0.3428095605334641,2.083575223957835,7.117855603415011,13.48925927395643,14.3365981921614,9.981506680847712,5.85198474693016,1.3103180042879312,0.0,5.093773989862505,38.33851396654674,463.5705197107997,2018.1540065786053,1022.3260045260545,108.47613183209586,6.001930931922509,0.564041292954153,0.1034955875503838,0.0,0.01092835767363393,0.008601784965945408,0.005880387108769638,0.001980266749453763,0.005134154033964373,0.22145061434669575,2.2932656238907043,9.627871541021012
0.6617647058823529,0.0,0.047098708070654374,0.01526031773896951,0.006660801629476419,0.006365823714162666,0.016389617692391067,0.018038309862811124,0.00891599532454263,0.01077124218505644,0.0,0.016005308442812255,0.02345321762254741,0.09660698104717724,0.06820984932032258,0.0063120765608607465,0.019518253151454373,0.09733337216711901,0.20187775693255983,0.0,0.1285731376606744,0.05064997612914785,0.15114193058430778,0.6431109428658813,2.422034232902651,1.8517633044641777,6.316138924649879,8.219458981199327,0.0,2.8235291684230246,0.09695441022673754,12.238780522319793,217.1538310847647,2716.23369316872,3905.4436910894597,779.8978256736202,70.85239313604902,3.96417545881783,0.0,0.2948133118408389,0.12191035916865668,0.009965885733708633,0.0034682359496491033,0.010072616598265857,0.26003016602591467,3.10452912238343,15.092917934070078
0.6764705882352942,0.0,0.07686029214219416,0.05185524149899518,0.012321022447314365,0.012521762548619662,0.03133202908694254,0.02900387196821364,0.023951521834131104,0.017688076087096414,0.0,0.03826545009911149,0.13531674750256242,0.1960877597522248,0.11528394166687443,0.08158780303415993,0.11619467807051839,0.1341729418646164,0.08109917681118767,0.0,0.15826435229914626,0.5439901145694858,1.0604665889032059,2.6986147153230466,5.080328329788117,3.1372288338620073,0.4570241935208986,0.8178837373396952,0.0,0.3973852717085941,1.3874982193246375,0.5885430456998482,13.035558747741359,75.1380574937314,1306.7162266472988,4205.188759966932,2258.0848743948127,238.24070584376614,0.0,35.194322345050224,4.291016069727246,0.39647901138677316,0.08213941980469247,0.07263415865690573,0.3295793433254761,2.5417100851138716,4.432306554679663
0.6911764705882353,0.0,0.021113365868361877,0.02141622919431939,0.007226180607871497,0.01091101050996383,0.04796726378374444,0.06121825583657436,0.06548192508839139,0.043236482266242944,0.0,0.08007944949862925,0.030071676890909116,0.028524748066891557,0.03108537962329993,0.0315838007035782,0.046280316641618774,0.10172972323872698,0.061356556333918816,0.0,0.004448611395790542,0.10319347693770589,0.3116366563796482,0.05046241750010689,1.4467903917301608,2.758901163357759,2.2475998217790867,1.7995107840378919,0.0,0.7086975338160412,0.7664462611884277,4.286401118903653,18.465316023143146,149.16432752910157,335.1102054110547,794.976261628758,1270.637531023544,1809.0528285569317,0.0,774.0056920598327,65.12339809196962,1.4370045948297177,0.4850626548997221,0.011421071400976649,0.07818156889537357,0.8970066134512111,7.7156790314683095
0.7058823529411764,0.0,0.10751715213311983,0.011592090348011307,0.024705606193569672,0.02526293834724267,0.03254815066928671,0.005126808888043935,0.033575543632577545,0.06164624260346965,0.0,0.02488418955063603,0.048198382641768484,0.015284678750068656,0.040744938974789126,0.11364430188791388,0.04333454037019904,0.012413709648830611,0.08421411605394735,0.0,0.46316853652596734,0.5344669075263011,1.9377908868911986,1.2668443848892208,1.4193804933561105,0.5265060965470199,0.2212622843518927,2.6217446354950744,0.0,4.097810419499616,5.53578697819005,16.203356848461183,15.348673444278106,20.999965952498762,42.58538558146445,124.76717462267644,371.5959140727108,958.0153902600332,0.0,436.5788404513414,172.9196914406728,6.3280028450361545,0.27656075451776096,0.019260364136335854,0.642450938390746,3.3140980690765343,18.060287636590136
0.7205882352941176,0.0,0.11133900063335109,0.18338912539020766,0.08364207606878664,0.020385674819062106,0.011118198359711066,0.032464813902382934,0.04376481506514488,0.05434365398973388,0.0,0.06047744472682728,0.09037111735253339,0.08900675157953403,0.1178983535353865,0.09675647153977826,0.03127120427624688,0.018226949950515398,0.24318624861291216,0.0,0.3323364728297174,0.9380123430652988,2.3301462109210718,0.32413112430666025,3.992182022942529,2.1360183788946054,3.1099744953375126,0.9144480035075186,0.0,1.3352136056954076,15.60060155297526,33.19069178417839,8.119290815595885,5.294957513770998,27.945796131978796,24.74347473316918,5.556225772953413,509.04762659731153,0.0,1223.926238769136,171.00645163304225,0.79244537793897,0.026351478909328138,0.09810345298608979,0.15045550150934428,2.3909040855883252,19.352251848379854
0.7352941176470588,0.0,0.06286019988702694,0.04554377231392298,0.016456058652040684,0.02680105096252125,0.008010180163920503,0.023128945942474458,0.025601724824932823,0.05001248859803586,0.0,0.057063760375982236,0.045167218681695084,0.03667271491558616,0.027106010886083977,0.029779941794498478,0.025923341622141813,0.07069618356916713,0.04579107884201297,0.0,0.026387670826530103,0.04712335675713722,0.12914668647612698,5.72818211266531,17.80445942326852,16.052108381605926,8.71696324731337,1.0203912834493423,0.0,4.941752708479797,28.034314290303325,8.951536459390708,13.442600541357178,19.533712499338982,5.0939617278392175,9.981448378935452,132.70400763115867,558.6011067698932,0.0,282.5700676476442,33.61527407299661,1.2459816733502724,0.06280151880565399,0.06969093356220464,0.09235261994810272,4.433500664517223,29.558428871946788
0.75,0.0,0.05033862742827321,0.040264261377835196,0.0460564200636335,0.0526526184217268,0.018461421702368412,0.010014352971631146,0.008363748672239112,0.054002164970398274,0.0,0.06737411021235866,0.03825536748355568,0.024365849065584123,0.015865631338499636,0.009379278263664241,0.026709122750323264,0.0215188668889707,0.009751780372917835,0.0,0.05166056069047273,0.7539356524712482,1.1075672679381525,0.13525538501526305,0.5183450756697249,0.9050820273684237,1.7524090818370892,2.9099444986160456,0.0,7.091185680868941,0.25448961876975795,5.991445334433931,20.38851847461171,31.057262517519547,48.232408548955746,153.88686830461685,179.16449120590173,90.30168025752434,0.0,9.021120317147858,2.061939188015183,0.2910485118508704,0.00881211756389782,0.01736171338079426,0.06222639610494798,0.4240527456004283,23.41806130687629
0.7647058823529411,0.0,0.17248499879566187,0.04331122010730926,0.01606171304679055,0.02478061088864293,0.018117649352706815,0.019462135503863658,0.008074744610931408,0.02333317430150813,0.0,0.04429212512012869,0.042189878012945034,0.014732528002351673,0.019092980252800967,0.003589578177534489,0.02021927644812551,0.039027803075719125,0.059140805121193754,0.0,0.32968922504999465,0.40148352133223353,0.1620017202712881,0.19925983723766602,1.4594667289754937,1.2866033976726865,0.6503816051934899,4.716023790107779,0.0,1.7569976324001655,1.1411964086495985,0.5988068108633772,4.149618364690056,19.639358483129513,19.496631867762574,6.504673327330848,75.24006190027086,42.5488229439473,0.0,3.775217341092942,0.3697159599368496,0.011576783323178005,0.007590564166487507,0.01764244592093973,0.031073951049183424,0.8716827493476698,27.519361514000167
0.7794117647058825,0.0,0.040022995564308696,0.014603282014520822,0.018231208012584734,0.0067483371644164935,0.003070055697628627,0.009504113440983179,0.017429862789921785,0.021639249964081765,0.0,0.016510252890987648,0.021430271344686926,0.031774516155300705,0.024509009898452887,0.011540088914372262,0.02405491319426208,0.03592651368295228,0.08006142386864273,0.0,0.07892696030427768,0.2770843375480859,1.1455309662578317,2.1047543076578177,3.228121202472605,3.495054196947737,3.953851071671178,3.5661408279271,0.0,0.5809243616641528,0.20097206200696532,0.6648974812164034,1.5133205164535455,2.1255732303117467,17.036420007446694,53.388794303294034,52.81946969404348,10.626413544915447,0.0,0.2997685697457557,0.04581334539807981,0.003357924946090127,0.00307579943445622,0.008342117079767042,0.12262582960578142,0.08223954164031316,16.28639621188676
0.7941176470588236,0.0,0.027365829565258307,0.013436222077143442,0.009637174959702191,0.007886694646899551,0.00886918424923209,0.010094269986474103,0.01119463846630813,0.007761568960865906,0.0,0.015216509462665444,0.011667409453890484,0.007346805681417333,0.016557104953464297,0.023759863883412273,0.025366622014433675,0.02009495353467533,0.023161998691968225,0.0,0.027374352413828858,0.41602077642279356,0.4792980201278737,0.20331561544640447,1.0668842754743886,0.9917618458689081,1.1327644915509323,0.6765452013708096,0.0,0.1406339433170979,0.25624384966266006,0.8129702851682661,1.9103621940816953,2.6943529208703776,3.3623884780245055,8.196451885096238,7.146094473369347,1.1395437509660706,0.0,0.19343537167616334,0.029741024742765923,0.0029624900146809413,0.004009980053572845,0.02278002276167828,0.12017909336460171,1.0890978916116352,9.064676251204922
0.8088235294117647,0.0,0.055995772645549294,0.03891955067034668,0.015509915716920297,0.007273741050667262,0.0066653733680311555,0.002024162894327921,0.007356200198096079,0.009454690419000001,0.0,0.0025085858881170467,0.006213541184531558,0.013633907282413385,0.018261749985869748,0.027734520171296174,0.01705236947854797,0.016530983480868545,0.016100101003107374,0.0,0.037678468163387435,0.1352432969615356,0.8719022057572225,0.3845310867335928,0.761976033424672,1.1670888646665443,1.1151326278635842,2.6667513078244323,0.0,1.109144017825808,0.3224029597451227,0.850998330209297,1.9248193473151263,2.1169387871626255,2.6783660922590227,4.288612727405811,2.493687288597392,1.295616863194659,0.0,0.224047413396538,0.0176348111791723,0.0023520450922932517,0.0033813040352314834,0.0029284321765901283,0.035097329736122854,6.9797821036141725,100.59386640508176
0.823529411764706,0.0,0.025527734639481266,0.03809020313869435,0.00908436931171094,0.010059755228295268,0.013745807450288956,0.010044115726462289,0.00946938380846266,0.004264082386704796,0.0,0.0022022551262838785,0.0008409584512926731,0.006176468614518119,0.006256602871582929,0.001151394870963042,0.007413488806960715,0.00431739682672344,0.014509957064525018,0.0,0.014478852366553944,0.048906306152354216,0.41089120774468213,0.288985113548827,3.151320391290108,5.200570227423528,0.9078140148938328,0.08952336209789954,0.0,0.2166076797945537,0.10169468061718501,0.9795750935271037,1.1830651832112895,0.1901401029299473,1.6776612268838065,0.6353584024214821,0.19120861429708783,0.10305616378026937,0.0,0.009176758314144443,0.006519205244101532,0.007504637929765008,0.002954130306537702,0.0024673420977365545,0.09205207064143768,5.573175178464991,42.374797589812175
0.8382352941176471,0.0,0.034585393169278764,0.021965668933260615,0.01805848556769922,0.011135595070634486,0.007041328511983543,0.0042915613415577146,0.0003051868992311229,0.004310497158952268,0.0,0.008371698584397552,0.005115397983382988,0.0011888230830673688,0.0035151598019693754,0.005182311991498878,0.003694963143353781,0.006725874450328884,0.027713410338266808,0.0,0.1298933536839445,0.3636626593707784,0.5540555308243647,1.4390047151053884,1.4223850866784749,2.542318639567992,0.8620012863354644,0.38297930711030326,0.0,0.041078207855244235,0.1503954450541975,0.14006889261939093,0.07762458414700094,0.25279581609010987,0.6023769624145392,0.8493674079887684,0.36891723635740714,0.062337982584983395,0.0,0.01282213513488845,0.0018631762808644999,0.002272500216653443,0.002264417996905831,0.002371127122951836,0.12037704122671511,1.0753234036782537,1.5595753125899896
0.8529411764705882,0.0,0.10747342304759545,0.028950754830974038,0.0035971805411949683,0.005647550634729771,0.01166844752641142,0.009405838318720518,0.006933449157014987,0.008283971721191396,0.0,0.004907827977071821,0.0043311247079363775,0.005370214145311081,0.010216813272607065,0.004804503001640877,0.007110716062462703,0.0068283778162397165,0.011447272691654397,0.0,0.010133829595667295,0.019828870779623826,0.19422297543290312,0.45467392216575875,2.12331412094626,8.642294333699873,4.626924248262771,1.0768275968417407,0.0,0.5859919096399089,0.22341990926531918,0.11175141029620955,0.06519581178376352,0.02726392554548468,0.018731861950437946,0.05146061244439169,0.06162272213676409,0.004608659777144147,0.0,0.0006869106986351753,0.00201409381858502,0.0036759300793234168,0.002335374378699542,0.004197586290638982,0.09433155954383582,2.3929450168230755,22.85097494333216
0.8676470588235293,0.0,0.01167466224385409,0.01864771456346289,0.013710857580783043,0.012221184437557731,0.009139223565024484,0.010347065286076993,0.008026298177241382,0.005743400851233858,0.0,0.004363978985446149,0.005193266407560987,0.003729585896234607,0.004965501136096784,0.003708910247356107,0.005502275251122203,0.00680178451411453,0.027400913787836458,0.0,0.23766547431637236,1.1662543989931837,1.9596657648571634,1.7041899981727164,1.234158592713695,2.832206822515629,0.6766081123163292,0.6556567348843576,0.0,0.7311477737181138,0.023370441971555172,0.02966403489188226,0.01238120011094716,0.023137796805393067,0.017618957612604815,0.01761269821077797,0.011120720151803624,0.027998856830267826,0.0,0.008576510327148333,0.000545013152306866,0.001710324480495261,0.008652186218291068,0.018487833578189197,0.06776429221826112,2.9753923376983575,2.4635805360983523
0.8823529411764706,0.0,0.07654437626946621,0.03020852012205037,0.0047710088892549615,0.006534947734404962,0.01777519207449848,0.01758537360936011,0.010505273396536167,0.007129295142425246,0.0,0.004827686825379315,0.0019191763114640922,0.0016100188493311544,0.0026864463177676467,0.003980598600898722,0.0027818799923679323,0.0012464693817828918,0.004927202560483215,0.0,0.0020099719786694486,0.22959771819583571,0.4713353451229676,0.8656624312464727,3.4893620052981307,0.9418077924100048,0.7729332581351602,0.1779102248135069,0.0,0.5244451848893817,0.26921564605342985,0.013195776188401512,0.016985798116862582,0.007631989265185664,0.0043916480050284,0.002482781430207943,0.0024888599692789873,0.0026011219355232184,0.0,0.003499774929457371,0.001580991730845168,0.0016069635123046617,0.003526963213221841,0.004823003059073587,0.11865175764723888,1.0627396364891548,16.153286042021982
0.8970588235294117,0.0,0.029600592296182896,0.044708409000397575,0.03876155007585581,0.014626426730619653,0.002733164718588291,0.004774498646354387,0.007860407932565516,0.007638962647222784,0.0,0.0019326022121162066,0.0013763699529345094,0.0050793779354090345,0.005259666725951732,0.0015350889410653125,0.0012150473450513225,0.005365143352650338,0.04294692375762672,0.0,0.03781087510938039,0.7713262916026993,1.9155551489077935,3.5407078607850533,2.1620204768222884,0.7391743137824122,2.3101456217248835,0.893866018517488,0.0,0.11059942016172905,0.1422466527960092,0.07968904523038352,0.009132451470211266,0.005591744201182032,0.00388895239850988,0.0022591211282035183,0.0009038096226409869,0.0011728844657514603,0.0,0.0010485581575212248,0.0025020165827799676,0.0033653778442796255,0.004697299710889933,0.04268189324120218,0.09824137910026898,2.243322543501582,34.53143049281984
0.9117647058823528,0.0,0.013397806120749485,0.014762599325080943,0.01761135425253682,0.011756393932093875,0.005868018609818038,0.0015426548792466994,0.0013531462743946586,0.0049893257429275435,0.0,0.006655280402199544,0.005846540845651697,0.003014873605453804,0.0025651683277530877,0.003289618174235494,0.0035961111578857946,0.006009910934042305,0.010079053799600717,0.0,0.13522703111184822,0.1860690683020524,0.3344625197721868,0.7971119963262553,0.8335438992035527,0.4391291851669821,0.2085297470987328,0.2946026145695794,0.0,0.0752270880731621,0.11207069597007573,0.01939647982802942,0.005148873614747958,0.0023120507403191774,0.0015011707552792558,0.003134685920852128,0.0016470994243485849,0.001998312224927542,0.0,0.001740356794171279,0.00041293623347105133,0.0026326637939212277,0.0019302500238002496,0.01251667790202483,0.06648550766318302,3.256333796846942,47.11291746228235
0.9264705882352942,0.0,0.034701226309862394,0.005452789933722196,0.02273716653658664,0.012100782055329226,0.005054753380123687,0.00862413781245501,0.009236300822928808,0.0015318943746064698,0.0,0.0025411208665563536,0.007017281017141534,0.0062683223946451115,0.00497844223094503,0.0014950188072639155,0.0015247132474041393,0.00426442090906283,0.020887692270582847,0.0,0.15236500199822856,0.25228033376851067,0.2958141468148545,0.18231226396602654,0.8558951842123673,4.919902266753066,2.468943565203235,0.7012233334009828,0.0,0.2525639106213405,0.008935132210029062,0.007815417538094118,0.0024876714484613183,0.0016255937039457305,0.0010318005149333128,0.0015327795660674596,0.0034181252769535427,0.0015741248519944486,0.0,0.003518837011253686,0.0037173914905579315,0.004309254821136742,0.0028119451358450376,0.01459518487033082,0.0391191677291189,6.1989395227463975,55.55999328851545
0.9411764705882353,0.0,0.019957835554684493,0.013181618685270704,0.029317741057044704,0.023798893215995164,0.010409393877050753,0.006209475892925156,0.0028043376700923137,0.004899235911945265,0.0,0.00597292381172777,0.0017620000457910887,0.002565852329833572,0.002030706976398485,0.0029178124741011456,0.0034690107497202163,0.0012045592031671554,0.016263735294412388,0.0,0.14199952057359255,0.237092926773709,0.11462122836130892,0.6889153299305771,0.6911650434335844,0.22569250217932563,1.809481145818506,1.8018863097736604,0.0,0.32519967674185396,0.013561784537425086,0.009009917057422722,0.004771732258162795,0.004865338604999431,0.005664953494795663,0.002970814852375818,0.001301387791833233,0.00060153468246991,0.0,0.001977696676966914,0.0016318133111541504,0.001111718778750384,0.0026572991823321126,0.019772163584636817,0.13438796668033143,2.1555233356586525,88.20961270382426
0.9558823529411764,0.0,0.05697716711509451,0.02571016546321336,0.006539359848965701,0.005111088302523911,0.004352525944927476,0.009804609752277205,0.00854290042823583,0.003664791270433871,0.0,0.0019120091137935138,0.002009072861580815,0.0011796889628253883,0.0013874420761168923,0.002868768200366032,0.003232873892324701,0.0049349269185208905,0.0004934794749341612,0.0,0.024744294542315498,0.11542587298461532,0.0834931098019351,0.929876683302922,1.4991672742914246,1.8635341750513081,0.9448778752196263,0.18335457989958995,0.0,0.20126101572421654,0.014041450094869578,0.00914755853672426,0.012544064663270784,0.005045907607020594,0.0012899293489460446,0.001670441762195498,0.0023221223183836535,0.0005258379899879286,0.0,0.0016812023015016831,0.0024713402109535158,0.005648666937311007,0.008372392885169997,0.00447192549022648,0.180536793085876,6.016905197160668,10.007073369884486
0.9705882352941178,0.0,0.08026598950161261,0.027177167896232795,0.00848637140131104,0.004841676976730259,0.0025813454907773316,0.002819370011229157,0.0029315779176079565,0.0013913094334281372,0.0,0.002904195152066682,0.002201889751221947,0.001687281934257347,0.0020911281302536566,0.003133527538360001,0.0041884013665485845,0.003194379914657595,0.008421341784969442,0.0,0.11198876265290716,0.38746186932739024,0.11505404441765442,0.04542901055515275,0.17218295955936777,0.12799876949403557,0.3980858233413525,1.0103824393068381,0.0,0.24370381163578772,0.11062904676007088,0.024376332709009796,0.001937868654393709,0.0009033090047790874,0.0028224102317123446,0.0030278800155858305,0.0015714435489602558,0.0021317558285281323,0.0,0.0022811197025369087,0.0026149345452315077,0.002988859555384788,0.0031391884138295386,0.0067082867241332785,0.21174324386562351,2.0270749565928794,21.820042349614535
0.9852941176470589,0.0,0.06772538448116348,0.050283030448896364,0.01856253030215509,0.0178991191408572,0.013257531842532668,0.007697254085254231,0.004573357611789811,0.0030046377958651634,0.0,0.006777486684573807,0.004565059685310908,0.0015388761601759049,0.001844189406327676,0.0035491779461201698,0.00105229862112815,0.0011488796559634652,0.004540761906126033,0.0,0.03656328522284592,0.13086080426207936,0.08309868300068776,0.27963955245713756,0.5934329912173586,0.13728665514760366,0.41653110134810306,1.860871730040691,0.0,1.0254906251730012,0.0845846844603933,0.0025388661553613504,0.00670623387677835,0.0035211141782250143,0.0024621838657572035,0.0012220249942908156,0.0005594087212722062,0.0015890636572412774,0.0,0.0006907859166686893,0.0005778807982889472,0.0021139744953280605,0.004054230987517645,0.039283063641596755,0.04888679873616691,2.2475615980174672,35.16028310899361
1.0,0.0,0.018655415372954752,0.02375604104908798,0.004750949079835612,0.012710860439223065,0.009699560089444012,0.0027760749467134957,0.0099946778845097,0.009184690782195902,0.0,0.0027115075409032594,0.002560273779518192,0.00405372618193656,0.0009463588336890353,0.0036121557522825337,0.00334391349937827,0.0014711894670880708,0.004389300761697047,0.0,0.0182367625346422,0.10218488894227959,0.1776497170974755,0.15535024670172964,0.33578328900340026,0.14963764488076137,1.043627802827431,0.7057572790020342,0.0,0.1769952794130912,0.012220663792730846,0.009171550782334661,0.008893516291963098,0.003138679845877559,0.0017074766092662677,0.002354425477902268,0.0015634616747227982,0.0019386732568259337,0.0,0.00132734069225919,0.0022778367169712524,0.0020038577637542954,0.0013901911113671085,0.014601884954152385,0.037700616129787555,1.1078172834222917,4.848377413484937
1.0147058823529411,0.0,0.023152528228208572,0.027952689107852636,0.02595338196261308,0.008173805189883704,0.011165605259544317,0.012707523607288869,0.011439501415197709,0.004563432373096684,0.0,0.0028786191757916328,0.005331391858708798,0.002194983408115183,0.002263390439631325,0.0032442141354083642,0.002771856462211528,0.0011256158610528783,0.001904887802704693,0.0,0.0075853860228769195,0.030709315257031022,0.10856048946945218,0.38859510883220866,0.7517305489243093,0.6471796710176323,0.23057224842258295,0.04926874375645281,0.0,0.050060435390244615,0.016023224691554688,0.0009855786794310528,0.0015156125638360832,0.002234300458072336,0.003569485049679866,0.0024925586184758263,0.0026436625093987426,0.0018570874650787807,0.0,0.0004034131460633117,0.0018542269610865652,0.0027603116752148962,0.0026311912479442083,0.004100794188057777,0.15285143180392183,0.3522453983997478,3.766500751034684
1.0294117647058822,0.0,0.004073451430297654,0.03287642393855799,0.0167848107850273,0.0199349025551473,0.0133589584670662,0.007170669728786427,0.010787512236099576,0.0073850128455995616,0.0,0.005470645569063802,0.0032461440883507836,0.0013311908911970308,0.0012349281846065132,0.003417537343006696,0.0015296428501755768,0.0013070280569288135,0.0040665107398647924,0.0,0.018313108190962966,0.10600204316485767,0.07589907520086826,0.03399567484007152,0.4794051064226652,0.476137388969655,0.15110341163618887,0.03788329926299892,0.0,0.036759303002381075,0.02292785231239993,0.0009918505143308792,0.004730650016950389,0.003725407410394209,0.002769358607315079,0.0015425734340053757,0.0012990672870568983,0.0018473298590828983,0.0,0.002501566533307954,0.0020764852257584656,0.001850289354681046,0.002975265198487586,0.00829059585593531,0.3953820688117323,2.0681058202075184,1.442594162117963
1.0441176470588234,0.0,0.01866220555094461,0.015023876544182703,0.028355178658653564,0.014706344014331761,0.004443705914752134,0.0025079184189883237,0.001345483677281782,0.00456453905304068,0.0,0.0019540652894135036,0.005553063119827907,0.005997314092839838,0.001320946060083419,0.00164852163386292,0.001993162624914808,0.004054312817485719,0.01034522040033931,0.0,0.008623978526609354,0.02574220937313728,0.020968673731109406,0.18882121302494834,0.9757619779092951,0.955216739738233,0.1558748728008017,0.0836819762762437,0.0,0.036629697524663433,0.010548355723518185,0.006084237362882779,0.0038623293632156783,0.002431579053973406,0.0013322190056493332,0.0030757499220663755,0.001348325664851198,0.0017442101705857755,0.0,0.0029014936674014264,0.00032728624716151574,0.0023618472836023606,0.0005499157966346141,0.006647943482136672,0.05226712571624153,1.1870893013644532,8.099153782392811
1.0588235294117645,0.0,0.058979273060858844,0.0415799670465282,0.008467183749465554,0.00959514499713021,0.010037150371390887,0.010516858180642285,0.0025738604431331685,0.003740758190021583,0.0,0.005814298968444094,0.0032434940164915707,0.0031574897378380184,0.0028062727416569254,0.0012779471194251891,0.00044647111057247754,0.0018450793591783165,0.006023735220052126,0.0,0.014951251393502438,0.04364680299371357,0.4464529956971983,0.5968078165287796,0.6863227014749961,0.7549783339415395,0.10623634735318796,0.03906998768916554,0.0,0.01838939448347439,0.0030820827312607523,0.0010497910185872593,0.0013045150347577635,0.0014645321984829236,0.0008187889183918758,0.0008176305520552308,0.001185583751603633,0.0010285505008300405,0.0,0.0014266717310207106,0.0008415864884585245,0.0009494468793541874,0.005451584198152245,0.0038012580136524256,0.0433395442649728,1.1640038359550942,3.4647819618822395
1.0735294117647058,0.0,0.030991961927398087,0.028139862118304555,0.012940940971690434,0.011248662656731526,0.005380772889487941,0.007534705107654704,0.011391688075124666,0.007795369001669817,0.0,0.0020824980035604552,0.001992774534388306,0.004168350775249711,0.0027302786442258815,0.002358194685337171,0.0031338835335137302,0.0018272912728641887,0.00250232943039113,0.0,0.006540667417258713,0.0067221537608077395,0.009727651814803905,0.18115391238469114,0.7117045964645481,0.5148858206051189,0.1362129419423147,0.17298140572303158,0.0,0.05026725992148637,0.007453990864641824,0.001390252069700043,0.00173396112789502,0.0020580946028111325,0.0020682269222134825,0.0010531302103927173,0.0022722624071427125,0.0025627319793005074,0.0,0.00039220333718032157,0.000862597373453343,0.0017021594639510538,0.0013061665532594084,0.005629395847838479,0.08990574826466373,0.4211221193324661,6.08480801713698
1.088235294117647,0.0,0.06591219017940123,0.05161168397619086,0.022704544415880927,0.01452084655077909,0.005167761714500981,0.003097790355731852,0.004054238934785052,0.003666901170061256,0.0,0.005437646423782587,0.0028419749810586325,0.00481591437812072,0.0022625529678442276,0.0016553922215398235,0.0026399636967549657,0.0024985843481890994,0.0020637805290853535,0.0,0.012909313827008977,0.14485329074846454,0.3975422607663317,0.4157981434219068,0.27600925209963406,0.11372890691654736,0.07486420600996818,0.015623059803390352,0.0,0.004872752069327899,0.0042225080055003136,0.004545273037417841,0.0022816947206695786,0.002785456122531996,0.0022718235423555117,0.0019892351434590005,0.0017493936040809512,0.0012189870885246732,0.0,0.0014440785001843626,0.0023138403379854835,0.002532930901829364,0.0024336082958337046,0.0019262271764345306,0.022099358112129097,1.4289019036658563,5.1104006274207565
1.102941176470588,0.0,0.0538118765730356,0.02121874128967865,0.009800519204360241,0.005892288295640211,0.010842475627062625,0.008857475389656984,0.006471880517357133,0.0022698996947966067,0.0,0.00548902503655992,0.003359098464370278,0.003938002350915406,0.0029930830303413645,0.000883131360322275,0.0009227728373542724,0.003588009464048823,0.008880828362032817,0.0,0.043804445536314615,0.013745425768934541,0.1101564892451928,0.318420508971921,0.13754282309402105,0.021420323185491683,0.075599841621738,0.014028076397333156,0.0,0.008715943625594795,0.006018740223865865,0.0016067677851357809,0.0005365987024233644,0.0011409038872555845,0.0026760020518791436,0.00069379338803759,0.0015463666408368929,0.0016968415848240626,0.0,0.00380214859526459,0.005209485885295331,0.0029252635405313124,0.0030886602159398866,0.008413249783895354,0.040345921827987546,0.7497466255302654,24.816385762687062
1.1176470588235294,0.0,0.039034565408463985,0.03441713674237388,0.01226203038404427,0.004429776692724216,0.005847504464262931,0.007497022996018074,0.003360268237258265,0.00212676121422235,0.0,0.0019116091609222817,0.0009309383177994447,0.002584282570157454,0.002194933515236528,0.0007490580595787053,0.0019098789439512226,0.0035205315047363846,0.006634354367832215,0.0,0.017403424337444996,0.04232018141996448,0.0737479903689894,0.15947244949291395,0.4559354071119751,0.07991983793855459,0.030800080932644393,0.009311300697452594,0.0,0.03287601315426526,0.011978443619750187,0.001305565550102545,0.0013565842743159572,0.0011683570686075368,0.001340795350024964,0.0011034249287388946,0.0011007282084044988,0.0019518008949588033,0.0,0.001720752846161654,0.0014675889593556675,0.0012705050448613673,0.0008076202180764975,0.0055411775908757325,0.05744909831698354,1.0416878368071096,48.20159993867054
1.1323529411764706,0.0,0.04162034319996562,0.01168152392353051,0.010989548936851473,0.007058447807652441,0.0056233678800668915,0.0060216759466604035,0.00412700298117227,0.005230390350776856,0.0,0.004115901065351892,0.0036371700095909794,0.0035458640380746087,0.0030743611324995307,0.0014855575223175115,0.0015683009570217927,0.002396093377617952,0.004405674530715329,0.0,0.04202648284709455,0.11779679666162263,0.05316138549297637,0.17329944766302502,0.11956102140566376,0.07951301033253158,0.0835479550171275,0.005023466992579301,0.0,0.006579654467922212,0.008245213539839695,0.003243887464458659,0.0021948220677047723,0.0016425641722235035,0.001896036244563908,0.0012487032867073344,0.0031103279584063673,0.0023159554426586083,0.0,0.0013220777217368995,0.0031694159757674222,0.0018362906813342923,0.0014955286323831782,0.005356610429329366,0.052036626979710045,1.1023829021226492,18.50593686985313
1.1470588235294117,0.0,0.011176016506033568,0.012724060047043576,0.010583708808083781,0.020703785417952904,0.01276629112918335,0.010976123560494254,0.0033618561249894223,0.0051797599224705825,0.0,0.003292827593873651,0.0016768266063780467,0.00270481204681067,0.0012089546221521975,0.0014610821016918245,0.00258130027794787,0.0010527606394523546,0.005864425249782872,0.0,0.013512799597486278,0.06615820853319108,0.06698610120136823,0.21447265946934113,0.5576718179469717,0.2612205819850895,0.007794493897951121,0.04430178200645755,0.0,0.017969030750030562,0.005263927037278836,0.0015211448280173896,0.0013242294691073757,0.0045622553978020754,0.005086802662905886,0.0013969540420599236,0.0013675331823480904,0.0006280878874810295,0.0,0.0009809929062856411,0.0004438538730319615,0.0032082331766532827,0.0022432669777643563,0.0044006156006050085,0.008819150052574453,1.0247913711235719,13.609020787520446
1.161764705882353,0.0,0.014858552350644125,0.008691261203799329,0.01795022307372664,0.017343987035450283,0.01967459869751996,0.013679847416916522,0.004681829215891111,0.0012751712646888098,0.0,0.004876449415317561,0.005544504774084374,0.006102873947311739,0.0055654525826263285,0.0022627665742065866,0.0022515962976474456,0.0016448672894313386,0.004230659772007413,0.0,0.004963328209397074,0.08775694682448815,0.15430721837905276,0.03978498388002119,0.05677021916909157,0.14685756096617192,0.07809141364441771,0.004819316895757839,0.0,0.004221895862785581,0.001398670942519587,0.0027882054102329225,0.0025216884469671545,0.0007107085741788835,0.0015945481897158245,0.0011438865306551956,0.003430988764882843,0.003497674300863976,0.0,0.004670497698741805,0.002323836140805611,0.0009753421903438134,0.0011698371026802501,0.0033083323073263286,0.00993066116316297,1.196851706451738,52.28140665727173
1.1764705882352942,0.0,0.004954140936433316,0.018595435370343326,0.024538642818384235,0.008796721317556015,0.00681354762935117,0.005653745525364498,0.008452206204759108,0.010116887378956878,0.0,0.0034635626728823496,0.0018398499508744982,0.003638311679812243,0.0023900325781466315,0.0016396453854318417,0.0017864377481709136,0.0006188862061894807,0.005123691407537462,0.0,0.012233857468607133,0.013525207346804879,0.20818306932559427,0.12465283570520369,0.02265029192965337,0.012576858794584575,0.03380498471568416,0.0224849597327743,0.0,0.001063832246597285,0.0013268930104676703,0.0005592377096788632,0.0003970021203140065,0.002185126320929057,0.004519371605407904,0.00217211929228205,0.0031341873662529187,0.003564455103469982,0.0,0.002161754577788502,0.0016231073721783157,0.0005899961215620621,0.0037808245890620356,0.0015146263669331167,0.05420683352376402,0.6911614710691939,12.70843903114437
1.1911764705882353,0.0,0.009709271569093517,0.010475918631238635,0.011285635159566682,0.003287651593717151,0.006078226957009637,0.007788192920459267,0.008147653639872039,0.003999962882203504,0.0,0.003974064542808713,0.0050647931290687485,0.00430173034537255,0.0026366310935879303,0.002532907811037224,0.003661906954980264,0.0025207569454615796,0.0010522943289759102,0.0,0.0028968150065741575,0.07714538890108968,0.20547266551156318,0.1275644253426256,0.3062898065831124,0.04954258886339303,0.025062921338886063,0.00977834101168643,0.0,0.0010486888816725144,0.0021296862338669523,0.0006417860805843832,0.0006890869820737962,0.0010964955392408424,0.003660057535732574,0.0023638895238187073,0.0009541895398214328,0.003097839508326295,0.0,0.00215468658577195,0.0010814413898965535,0.001872876943039711,0.003200369845525609,0.001881846058213148,0.05180140381596117,0.31452581673738944,9.864644534503018
1.2058823529411766,0.0,0.03276806364242581,0.014242005335090768,0.008522904750968367,0.008226281085583187,0.010144300466823969,0.010784886073884831,0.005515171720241107,0.00920392002165463,0.0,0.008443059679543003,0.005410192677450246,0.002857248260327858,0.002214528014186802,0.005343093952576061,0.002104512652330147,0.0027030803444515463,0.0032563745918295414,0.0,0.0011665793759669002,0.014293690711384578,0.01652479732961705,0.27522033648703487,0.05861491217548602,0.0369964460066191,0.037953258114641675,0.010136628847549654,0.0,0.0028646416518225736,0.0060359503968662066,0.003018974606510297,0.0020050167141316953,0.0031416225987824517,0.0029658946984989997,0.0007708562194650625,0.00033491484160024654,0.0007234328977053196,0.0,0.00037528693990156376,0.00160039299402068,0.0008524930753839753,0.003662598271258811,0.0031868926399699787,0.08908326352318255,1.8230094762777291,32.967212778569035
1.2205882352941178,0.0,0.053112480212065286,0.02584469709631424,0.018720096679351046,0.004630712418183635,0.0016248472644644033,0.0021304300697711316,0.008314234321014476,0.006971196228542694,0.0,0.0031125859047291433,0.0020999452443588975,0.0018068886931587925,0.0029844974406205045,0.0019554597035027575,0.0014717142116208084,0.00464211660748709,0.014486953814228699,0.0,0.021351844190500298,0.06626344439679512,0.2929762182809912,0.42257840985601053,0.12434234225306476,0.057844451857860024,0.06649722592524301,0.024026667677152676,0.0,0.0058710016138287975,0.003516439000474809,0.0013941565529225679,0.003725264723353264,0.0051668209115413605,0.0063138377346531275,0.005278136806151263,0.001229489304418911,0.0003789116106678425,0.0,0.0016905943883355192,0.002226016817256426,0.00044449575836105174,0.003316188588222022,0.004288860778758175,0.30321554129815953,3.089792527340256,19.55654030744668
1.2352941176470589,0.0,0.029586921342490958,0.026301244668548125,0.01357278085920886,0.013525911624434235,0.010006826251406158,0.0017111250905247324,0.005525644271849203,0.0058976726598380345,0.0,0.00340806753695553,0.0019971932706106554,0.003037453446458226,0.0025292142276862753,0.0010372524715791028,0.004097458514936965,0.002199441114059945,0.003880345682986286,0.0,0.0014765411525226313,0.0025559461172733103,0.019665180977087953,0.03383930114958876,0.2149751842055101,0.06973002493123404,0.057526768599347536,0.08320522445249677,0.0,0.007629157106476093,0.006228180273705862,0.005491503847351425,0.0023959176933823195,0.0007905458362698123,0.0013478869114199265,0.0017622428198463714,0.001135899860966918,0.0012858832848479786,0.0,0.0008162478220298222,0.0013398618503592376,0.0020539648553308636,0.002718378581860908,0.000866873105169313,0.11946323517452258,1.0996105901466415,5.56909303843157
1.25,0.0,0.017171424919306445,0.011784576258934159,0.012614110623994111,0.0237108029922725,0.019883773716006612,0.004949988633056281,0.002879396481291029,0.003952437007995036,0.0,0.006587487983951381,0.0052048078945623865,0.006491362508576478,0.0021401404729582164,0.0035226125860848994,0.0021415480437652996,0.0016865801683991228,0.004391946644987353,0.0,0.006136957862901092,0.02046972720901036,0.10389238307088908,0.08806701413629314,0.01688237647029238,0.0841567669306858,0.22889575909225585,0.08083536587438589,0.0,0.0010648317467367207,0.0029214043403748657,0.002804298142979106,0.001286748865154563,0.0024865193655286494,0.0034806623771811967,0.002680186071803664,0.0010087716954112476,0.0012131383703610273,0.0,0.0005057333146048477,0.0021947354076963374,0.002246977037890393,0.0024220969354008795,0.007737165985084518,0.09231666740594717,0.6563962441449324,17.401439274588288
1.2647058823529411,0.0,0.06727250288932426,0.025177708537318464,0.015870041753760753,0.008965203121767266,0.007733230086808105,0.00417229327308596,0.0022704761178456894,0.0038015659397165084,0.0,0.0034857345985318654,0.0033577780617953905,0.008338260943920445,0.0034410934035600835,0.0010202153901001994,0.0020902520718449236,0.0018701176001100213,0.0022321700423925117,0.0,0.004167627819696018,0.004868077619531946,0.008158957875883709,0.08868934409959359,0.0854876465014261,0.011513557422589594,0.1185992181631638,0.04895035677707295,0.0,0.002292622349656211,0.0006820631656979804,0.0019415481711010435,0.0010285861654000656,0.0016392208676320392,0.001314793103795568,0.0014711368858650149,0.0007733056697192943,0.0003719398743013706,0.0,0.0007584742944910999,0.0021482511161380483,0.0019717627542995774,0.005125926292032385,0.014152054860431824,0.05843772290286891,0.9148341468330585,41.33935205777718
1.2794117647058822,0.0,0.026648880290415327,0.00845045014616819,0.004816073435817921,0.013920601626596203,0.028163912621708313,0.014768594957641924,0.010933691389295251,0.012078669057450303,0.0,0.006568528808675823,0.0032644155656158707,0.0016286807294148523,0.0032698969520189164,0.0037662061336967596,0.0030031597034230586,0.00375265730232792,0.006706848172728065,0.0,0.02714682485071866,0.04147150663407998,0.09818248051589121,0.21891303920397726,0.07894525006359908,0.02521457337946178,0.04420272435767573,0.013485033769359226,0.0,0.004452477972457266,0.003230140911853629,0.0006625427872031249,0.0013590701904627254,0.002144453578632789,0.0021112421900042243,0.002177616277555745,0.00202365126947183,0.001819536975405222,0.0,0.0011553468494340466,0.0020114719538175305,0.0008767404169173721,0.0016020180876499866,0.009839042959041443,0.33013014868707213,4.701964954336553,23.18126739618782
1.2941176470588236,0.0,0.031219286585970563,0.01653310899835561,0.039808061528742056,0.03415357362235097,0.009599392028778252,0.007277528519432804,0.01150140691595184,0.008604202438834693,0.0,0.0065135989111842095,0.007769068546577605,0.0030993643948759365,0.00040604733544503507,0.0015507437916577357,0.0019626301913306093,0.006664116745745906,0.0012565980542431094,0.0,0.00905513065879258,0.006773192740611199,0.01786411480557052,0.19509896855442158,0.18368020483059977,0.05983426009793143,0.026093067044299742,0.013315834603026978,0.0,0.003761657079803752,0.0009439481439915018,0.0017352841902303444,0.002259538771363188,0.0021080285293587912,0.0021697746546963893,0.002023819137653157,0.001527069706439474,0.0012426900595105862,0.0,0.0006618718870284668,0.0009826383017799566,0.0009092713107219558,0.006703553927327386,0.005421439718091934,0.26904102423398324,2.3165283870280176,12.479317293885806
1.3088235294117647,0.0,0.05259757094650544,0.03229908080361071,0.012983263123582157,0.011078905369878007,0.0017397612027235882,0.0037633457830682808,0.005725986707046538,0.0037374283638482247,0.0,0.0025368311158430177,0.006668784747935443,0.00435186726166201,0.003232511578689004,0.0022103588559405423,0.0017381724767907504,0.003145858772396326,0.008528302273649828,0.0,0.03193624315390671,0.031288131308408657,0.03916210479674871,0.18638354344314584,0.3072876945412939,0.13969998477193477,0.059108063398899825,0.017605764206766853,0.0,0.003153043090970822,0.0003384480785377869,0.0004442792717293257,0.002231448642087896,0.002444890225567871,0.00113562591190162,0.0014984329607017526,0.0022762002751799885,0.001056336764616232,0.0,0.0024679642488554775,0.002636837903754334,0.0009560993508496449,0.0017725203641961126,0.017103364369807847,0.2846825195507293,2.7058698199944256,11.702499907063373
1.3235294117647058,0.0,0.06400537396388696,0.06640240039019696,0.04093111502444398,0.017318383465618804,0.011710663124702474,0.004768052192981238,0.006241505843667488,0.00317100495321288,0.0,0.005324280840383408,0.005711873813762656,0.0022007249662054406,0.002112631528905203,0.00567517337293572,0.007703497128849981,0.004682593210094715,0.007807528177093825,0.0,0.033708597472080715,0.011858732608258525,0.03782718679350973,0.01616745810633656,0.06610237651629357,0.16549231191972041,0.06425447791109079,0.016671185121835533,0.0,0.003951531899013277,0.0025577174508664125,0.0031213028944418442,0.00190652841288719,0.0029505560077057783,0.003393880495103259,0.00322234573992919,0.0005943127151801209,0.0013476495101246901,0.0,0.0022071288939487692,0.004756627852354188,0.0007979642878826374,0.0021795346916311928,0.011606478180181599,0.03763829262287092,0.8218625755842078,14.82763459919883
1.338235294117647,0.0,0.04816128249280446,0.026390947672953736,0.010813498555683747,0.0061323298500597315,0.013030752381754638,0.009386870250843473,0.002336284601726161,0.0039932210454483134,0.0,0.00845794310801947,0.0038061851842807774,0.0003366617054498521,0.0017987300291760471,0.0025713966509809897,0.0024615998829442625,0.003485669122017546,0.008632179003820925,0.0,0.0031297667626577486,0.07812256005365092,0.11472383735382523,0.027459555390624855,0.011395762018750533,0.1371185569224664,0.061274646078263224,0.013118941035849083,0.0,0.00461812562109452,0.0051185124610156,0.004664562420018045,0.004337187240462669,0.0019730741419872705,0.001070093424992681,0.0019526348582382602,0.004749525268818146,0.003846093033150497,0.0,0.00047776572822282905,0.0009644882954841212,0.0032670183850334934,0.014797007290840746,0.029035384770094323,0.08525842630910814,0.9981554823737253,40.50828530957055
1.3529411764705883,0.0,0.07382832049241345,0.023680856970023794,0.020865060653536736,0.0028752253902457866,0.002326745174080729,0.001256822590814779,0.0024902255039008763,0.004153266894011522,0.0,0.0024133238246255547,0.001966626260989246,0.0010666137446015442,0.0018088633095565986,0.005316870431887834,0.00526631135629288,0.0009454734955557981,0.011570321659947569,0.0,0.06019084470970579,0.14684436413845836,0.09041832022236673,0.18343674286082085,0.10019764585018914,0.099807383900443,0.06714601677013071,0.010302411319992912,0.0,0.005348804002277751,0.0021948403070023792,0.005118294625508408,0.004663128247830833,0.0033675019729830346,0.0024177580578405335,0.0015444937683684943,0.001015017949536239,0.0015962914143783848,0.0,0.0007089558695209353,0.0014773341370663115,0.002861097553557524,0.007425207576809862,0.021602110081905476,0.27140850671122396,1.8731951159748212,51.552663971127714
1.3676470588235294,0.0,0.11657812788636568,0.055122334767909405,0.021711686504922834,0.009640768163646623,0.0024927163074124833,0.004178364972877549,0.005092667976966819,0.002120771908274113,0.0,0.0007923448484353066,0.001137651376846576,0.00285770662523813,0.003595382236316716,0.0026763981137341297,0.003124805351240114,0.0031954433614289836,0.014940018478309853,0.0,0.0023670769986071415,0.12757055035102152,0.3830526331636688,0.4565054695652414,0.14977297495920816,0.0759903884565437,0.008333415048254692,0.009178860716577721,0.0,0.0035659508049758187,0.0007591723619526202,0.00032872434129606283,0.0007002249516685309,0.0021441839332340565,0.002513290498667411,0.003384629755339745,0.0038978703337665486,0.0040392465520724796,0.0,0.001927757919543751,0.0029678561666818416,0.001506238416805112,0.004095531910552958,0.011337393032275012,0.017482465315479288,0.18329976311223453,7.62897864761339
1.3823529411764706,0.0,0.03822521653058025,0.0374975218873387,0.030036235766552948,0.012360465322011537,0.005889894812068822,0.01148492264759315,0.0018376870318601796,0.0026307476091016087,0.0,0.002028461549313568,0.0058304263466783576,0.008607412961468724,0.0024507882451246894,0.001485007846203451,0.004283926528783562,0.006652095150864939,0.029495803431916934,0.0,0.06953808099045587,0.046720942303993596,0.019878759442444858,0.08428586488200036,0.24504632701182305,0.14170542169564732,0.03475398060427728,0.026547770400359553,0.0,0.0043179703206359206,0.0004092847268451627,0.00018057662302259865,0.0007750739270914039,0.0017904231184113404,0.0012161699529186897,0.0008841375069160791,0.001108977769436215,0.0012392834333618725,0.0,0.0016948243230500307,0.0009680418239168551,0.001996528205910956,0.002161728678011591,0.0025014206054796407,0.038212004503101485,1.5195856978737226,15.810358426890328
1.3970588235294117,0.0,0.03173739421409105,0.011885111525407418,0.0034208652512496816,0.00494677340225746,0.011029244981342959,0.012420206818501357,0.006308444799113815,0.005399177470617382,0.0,0.0037945823255783693,0.0023796721011724534,0.003218160984707419,0.0026532070583802757,0.0019558581638859543,0.0013325919874240593,0.001719692546773623,0.002512951999850508,0.0,0.001257474030933835,0.014739827099750108,0.05079654526189073,0.08434274216577088,0.1341114198924203,0.3323558412875026,0.26804538664978483,0.04659099871433407,0.0,0.006837076978699015,0.0021581276247591747,0.0009587508571123949,0.0025329412942886017,0.002638251823815695,0.0036614631433433257,0.0018094551084596837,0.001213534765760383,0.0018385707657268243,0.0,0.0023836280083500074,0.0023554764152354437,0.0014024657634254816,0.0013863790901098424,0.005441906971750539,0.15293939593414185,6.210805803354071,72.65745016128562
1.4117647058823528,0.0,0.03747514365596003,0.019307174706211974,0.014701729552293147,0.0057140129611005395,0.0011433171215467365,0.0013335736210370243,0.0027482368732363004,0.008248528841265989,0.0,0.0034525627125369693,0.0021504142800128617,0.006025000548139268,0.004332624682215031,0.0016084440863163734,0.003493470589243698,0.00455341999540748,0.004017126675759255,0.0,0.007172755344192953,0.011087028107375952,0.041605435769244054,0.4234920868004187,0.3158023710457671,0.08906179094694329,0.06156132886440723,0.024038214502286423,0.0,0.003972906818891559,0.0009668883680607225,0.00250256500901283,0.0035563482844832017,0.005017805777285494,0.0033394890781973776,0.003925000434433902,0.0033318781044859042,0.0010300410903933527,0.0,0.0016800027991482605,0.002734464066047461,0.002233154119383398,0.0013121642098331706,0.00474130384150682,0.1562947001933471,0.9374901534961433,75.20112635244674
1.426470588235294,0.0,0.01675673887428557,0.016673164646001562,0.029122441721478317,0.01822748650008665,0.00457894014719832,0.0042258355387690275,0.0059228514533286696,0.0035090719104919543,0.0,0.002437891412806063,0.005137150226882328,0.0023451898179816244,0.002555569320638305,0.004405180996090624,0.0026444826292255355,0.0006595879339689985,0.002947166289391048,0.0,0.027475737697699027,0.07802382448727135,0.18801080355134991,0.3748169546407576,0.16932505702161724,0.004704529763674315,0.01155934817423182,0.004231993497950998,0.0,0.004799499341678008,0.002160461460359887,0.003314021814371477,0.002137170993325731,0.001028914329041014,0.0013523644171844053,0.0011523254336752208,0.0008159510934733797,0.0008865317079362416,0.0,0.0008253985554050381,0.0018272681736101707,0.002368624962229311,0.004267540660968522,0.01315747720196998,0.10339952107366997,3.3216794886162484,18.313628027453124
1.4411764705882353,0.0,0.005145522170973337,0.01106181968516112,0.006726078523279397,0.013343781237556427,0.010423136299030055,0.00988600195465529,0.002929681549693068,0.0025987590547566085,0.0,0.002749251427036052,0.0013041385142216772,0.0026560406698993796,0.003564383267539689,0.0033410883483447435,0.002859849031534873,0.0028865894001239636,0.008750807607011647,0.0,0.013464275786102379,0.007139384281149028,0.009197885458256916,0.028993060982882027,0.003101911193835135,0.0141623530471395,0.001925487373387991,0.0054820282717325825,0.0,0.02194917694007522,0.007882014818831645,0.0022120048832849743,0.002547193172069765,0.0013318517639227196,0.0006161782342942921,0.0014800498950418568,0.0033341505064718477,0.002834250406496223,0.0,0.0012786745264731485,0.002319022055998349,0.0024984286857098873,0.0014073095756844847,0.002653913946128589,0.26906214291834196,0.559289914650665,10.196568448572105
1.4558823529411764,0.0,0.017802977132067244,0.010268415019678198,0.02391173314484178,0.018594494849300022,0.017335608414367914,0.006854390125325799,0.0012698149237316701,0.0023489998193080334,0.0,0.0030227418902051993,0.0020319188555441778,0.0014108958012392378,0.0009582156220632437,0.0014642445377331835,0.004382969852994624,0.004452604862133261,0.005936641834857349,0.0,0.023568847624626917,0.057298142496570025,0.0836818676882626,0.13524295573290906,0.06033829510284404,0.020088363435766737,0.024477323413377307,0.035215863464386134,0.0,0.008154431485982888,0.00035673676314296556,0.0017620568534557944,0.0042535693668274786,0.004450271903615666,0.0019828616210437406,0.0005331758531379629,0.0035477685956402613,0.004616529388154675,0.0,0.0020911853521224408,0.0011232699502842516,0.002261210564237691,0.004337577568552967,0.007980531037989796,0.2645579955795816,5.425403271593524,49.96141691130436
1.4705882352941175,0.0,0.03170324571895746,0.004345158252941935,0.002681944771672125,0.0024274231567158596,0.006533195052092141,0.00910275949637062,0.01074072160545484,0.006624385468362534,0.0,0.002887794871487465,0.0011343063223204948,0.004723324701298865,0.004004598829578497,0.0009792646016384238,0.0007245541293541911,0.002653658258345356,0.006908923975991088,0.0,0.05928952530968222,0.06961504796096651,0.06580275740002807,0.23933480349368458,0.11386867926334966,0.037892526430369396,0.07897771655224067,0.011120153818005789,0.0,0.0010624786095733306,0.0022668608145417334,0.0016024537594202346,0.002010560717620463,0.004184905982363337,0.005091627831030241,0.0023054128658890594,0.0009168738508057838,0.0019415450694095287,0.0,0.0014368059710063502,0.0022661696280076283,0.001537989486669434,0.003357197570967341,0.003093363539952635,0.09269428800772742,1.167854074304619,18.619696818508316
1.4852941176470589,0.0,0.021970081713522244,0.02106688879764544,0.011286845918411784,0.0094092436807926,0.008361838620997484,0.018154699856627668,0.012797995393052146,0.004137793578841077,0.0,0.015216616217899253,0.011524740401910274,0.0035541818120492664,0.00178612268195763,0.004715302499580526,0.008102162277595044,0.004648934239200665,0.004140146609716644,0.0,0.015082672498012544,0.026609692542084257,0.049580338532281894,0.06165834003634427,0.15985077462367947,0.045115280500139424,0.01844749697175873,0.027461068172471678,0.0,0.0085688317460032,0.005183196715756603,0.002772169621296972,0.000931940827240831,0.002201817150146273,0.0022905805515738373,0.000967952044694221,0.0011595342810085786,0.0005114372236051024,0.0,0.0007685272262336135,0.0021090177704701576,0.0017569448594148803,0.0038414365199865145,0.008134680905612854,0.17258592421606994,0.5473418353758737,4.433370675051908
1.5,0.0,0.014564787686639472,0.015017202417464827,0.022193412581331534,0.007251523918348657,0.004896943716020949,0.011357248461697368,0.01672567919955322,0.0062347080501430506,0.0,0.003025414116714567,0.0046671644033784805,0.002788343414311251,0.002884336615892973,0.004916892136825936,0.0026510156212472846,0.0034059758137160827,0.002567804135795703,0.0,0.009404071075949151,0.007461071261948448,0.03434583656197228,0.18572990211326215,0.0996947892568705,0.01748881664773235,0.011994704887715486,0.0008937941709241894,0.0,0.002150434485698176,0.001229688501819498,0.0034117813725566574,0.0032478745512493977,0.0007163658687206431,0.00107752817578735,0.0019394109537531398,0.0017682177260627896,0.0012741752453017381,0.0,0.0025142136878173096,0.0034581718474842463,0.002095623464732424,0.0035182125057716153,0.007273373422622075,0.11795276947725881,1.5632798466110476,30.71005327940656
1.5147058823529411,0.0,0.047004962305228715,0.02754808631193678,0.019504448899453602,0.012967093401557587,0.007825253891891646,0.003222084087457142,0.004941936137437041,0.01193556160514424,0.0,0.012786808527364808,0.003250288602216512,0.001301708965112202,0.0018021561001582195,0.002156455061251472,0.0037985719464662428,0.0026178193057479174,0.005425601138176915,0.0,0.013200449260907828,0.02998831404180723,0.1580544283067475,0.5510670543544083,0.40045310091546404,0.04250841497706906,0.056526098126860436,0.004345652010865821,0.0,0.002627192759242434,0.0036315569319690672,0.001997406066572621,0.001347152572489735,0.002620545130017689,0.0028801212398883998,0.0037087892587657476,0.0029592797255810783,0.0015332025171991975,0.0,0.002540054104646405,0.001844856884542041,0.0021932743994506967,0.0007843850667640588,0.0036308346598139776,0.05601747531232945,0.04660223417209058,23.731532817987382
1.5294117647058822,0.0,0.04645149621419942,0.020202330244468675,0.010775076271229637,0.0008312093584228901,0.007424275764342965,0.005068384212898131,0.0020709758212748806,0.0018625809360937851,0.0,0.0014517899756465167,0.0014393893621114469,0.0027889824919102094,0.004401956514193844,0.0017251806516684724,0.0015958183061510903,0.0024479527576285955,0.003826168011226082,0.0,0.014948977731169844,0.0010169272163327938,0.029940443049946863,0.12894008709765603,0.28374992387087666,0.20292381213027308,0.04412173860694107,0.007380943855338521,0.0,0.0057498772589259384,0.0027067314238781283,0.002727818724145092,0.001385933256494888,0.0003009330578614137,0.0021409214631885726,0.001761963326553392,0.0005749593818647801,0.0004441696422058217,0.0,0.0013203414912581124,0.001555057745988801,0.0031627645472278054,0.0029607547605941323,0.005729717893123964,0.04917138939707325,0.8332414437729703,28.212371256567707
1.5441176470588234,0.0,0.021361952090620445,0.014499651040535477,0.00627501793975275,0.0039115395988699115,0.01172616548528484,0.008679521794418959,0.006103867569286036,0.005377511344100179,0.0,0.0033336413691710132,0.0010078673426817766,0.002476242011193382,0.001798508180420085,0.0041901251522433675,0.0018562523707352462,0.005160590737827854,0.00754893211948467,0.0,0.06506439009719656,0.1849664835685003,0.09030988533839979,0.23153113502373524,0.23599605355464384,0.07098076065463495,0.044065771576005136,0.04875712002246412,0.0,0.010694697950234224,0.002416465156871132,0.0028762772595503482,0.003352795478397657,0.002700781428989656,0.0014028574234771344,0.0026353811315304706,0.0023652158249868977,0.0003293246531877674,0.0,0.0006563022902415786,0.001266817904956256,0.0007817546299586514,0.0010625305689594188,0.005127357601691296,0.03110140517928956,1.1596642330693292,32.22137738821333
1.558823529411765,0.0,0.037658223966961,0.0074354228290117435,0.015230636454265006,0.010680613447390595,0.00509189925238681,0.002460239631333763,0.0008022051684492,0.0025367427961686074,0.0,0.001489006636771565,0.0009364596252553644,0.0011915727530905618,0.0011390072966814139,0.004374833368638014,0.0021559817500771566,0.0007313336397882976,0.005485935747312935,0.0,0.005170459163199646,0.10566392966241724,0.00964460443379825,0.3327549449984357,0.09932705866075926,0.10267903360224045,0.02013274510149097,0.01666734581031438,0.0,0.0025952614100640927,0.0025305801791511012,0.0012702119325648622,0.001198100721591858,0.0005456727045584675,0.00154581307214507,0.001692601197592476,0.001202688416034353,0.0012060889370684637,0.0,0.0005391580582192879,0.0006237995973722079,0.0013858678900562679,0.000825217301660652,0.003975502848418192,0.03237997484514193,2.921869819225639,1.233659749482757
1.573529411764706,0.0,0.028430533529421178,0.02714883371607345,0.03224971889557805,0.01218918858182518,0.00898199851310896,0.002591091729422482,0.004288538784525112,0.005628020377554788,0.0,0.0021581131678268554,0.001149447712616602,0.006887949993712002,0.00488309203538514,0.0014909825534311157,0.0026445204782765083,0.0051562054697156506,0.01539482726125598,0.0,0.027413840488357676,0.039133127299921584,0.0030350661687566696,0.2343840047481169,0.1390921416584688,0.1822007266363277,0.20715802080660523,0.09733554011848103,0.0,0.024423352872722327,0.003910217939443629,0.0026872891144971906,0.0020938964788088095,0.0009116097113514106,0.0022771795453722567,0.0019761854122165136,0.0005516948781550915,0.001100219684144519,0.0,0.00014993382108106597,0.002481940334511862,0.002493813040527595,0.0015681657022969839,0.040146969375315686,0.6499474649299104,2.2118136813052605,9.665324703721973
1.5882352941176472,0.0,0.056447369681795465,0.020275922044811476,0.005373962722768217,0.00981511454633617,0.006605169022232163,0.005516050421042789,0.007866917024286681,0.005076397495970625,0.0,0.0018606289971420025,0.0016418387194262328,0.0008412810331332279,0.0012194875023619496,0.0009183101776985267,0.002245766866301359,0.0017774978160036733,0.003330913208413723,0.0,0.0005626994164996757,0.04553234908342495,0.12346947682485587,0.5098097457063837,0.8112050724084776,0.2486328528483659,0.05805940714921326,0.1313258777477396,0.0,0.09770590091648959,0.02494699043651735,0.004350515642182707,0.0018439414011416776,0.0015684070437864826,0.000909982314521989,0.0005903301187025841,0.00044414047203108424,0.0010120372539187661,0.0,0.0017723254653491298,0.001313252201303794,0.004674868423225261,0.004131418711974048,0.0077657911470429795,0.09287335045398529,1.3605365497910504,3.166121638571094
1.6029411764705883,0.0,0.042536867425460916,0.02114468587473363,0.005883994871162477,0.005491106716754056,0.006220288955301273,0.012490466182385033,0.0116800430280151,0.0028383307918489753,0.0,0.0018014478067578765,0.0026241651970673303,0.0019750040547044617,0.0024239606564219317,0.0025594097981993117,0.0011538802135808875,0.0020595112499669395,0.005778189832292218,0.0,0.06441679879650108,0.053036482752436026,0.03148021560721936,0.08848266932215107,0.19572098542438832,0.6266472155638394,0.4769724849856266,0.04300795135106353,0.0,0.010571613853068014,0.004917033628733181,0.0013261547096840376,0.002050223768487743,0.002345779379804013,0.0016783633965756824,0.0018954607648070533,0.0017419349232125952,0.0041490299433761795,0.0,0.002300815741278328,0.0032624920235411695,0.006615541495105888,0.0019224133318839292,0.005463341738884685,0.07062688053291684,1.1611721659362968,44.22333638349493
1.6176470588235294,0.0,0.032050530704908514,0.01204877600017573,0.004781411135406521,0.009411987647776556,0.008077212626956516,0.0027163945602003917,0.008000464918066481,0.009393992400169852,0.0,0.0047197199191422266,0.0025929459827066107,0.001026648534789988,0.002701938828513592,0.004423775668181419,0.002341488769173506,0.0009471266433030619,0.023420756857930852,0.0,0.08781868068584076,0.023116793401210034,0.12358663409454698,0.11196174787179805,0.8802608519093678,0.5011087843678107,0.4458572252340066,0.09651801131092891,0.0,0.013458895606976428,0.005522302399391051,0.0035689739326958967,0.00250347108390133,0.0009984949783893732,0.0015582483686384378,0.003607883561705147,0.0062211868293050275,0.0035262968313189563,0.0,0.002186289122765265,0.002052928509406542,0.0018811728340591915,0.0005801346449618568,0.005288160178342636,0.12381341837843346,0.9395436343275756,12.853027316736487
1.6323529411764706,0.0,0.05950786179372223,0.02109645279796723,0.02659459457375083,0.023734882822609753,0.019739577300812723,0.006899837404888616,0.006291355755175459,0.003844485628392735,0.0,0.0007846562112023633,0.001448481718501315,0.0016907006945715067,0.0024785167124464617,0.00328316039423504,0.004553202005076656,0.004649711615597801,0.014914481196496864,0.0,0.13222848726765532,0.8931006798203271,1.1890132347896778,0.19627994149991612,0.03287583599696983,0.057606647815093504,0.1551310139182744,0.00852522985365035,0.0,0.060494081815952935,0.002216030327143162,0.003812350230623999,0.0016280379700590508,0.0013540445626882382,0.0008983735976268303,0.001459073556452415,0.002857408486828138,0.0019166051625497016,0.0,0.0013472108343924366,0.0007541802792939273,0.0003200477553498018,0.0011031909420629812,0.0054046245761000655,0.03565905455059869,1.1285486578019193,37.09791682684543
1.647058823529412,0.0,0.03760113365407994,0.019098764531492503,0.002174766496453187,0.015022658408907937,0.012698797171491433,0.002716616065340939,0.007129352440704069,0.0047759948249964865,0.0,0.0024608899758691884,0.0032004059661182257,0.0013141636074540642,0.001745828884760514,0.00121393426447101,0.0031512484035159313,0.0054511938252932435,0.001606678001951544,0.0,0.007065012902975884,0.17182941808487195,0.06211834640709092,0.6685895070427554,0.842197558670899,0.5606734141089009,0.8971895731914485,0.43264622395800095,0.0,0.027994407110523603,0.004793934675635634,0.0009228002097705584,0.0007755855150013197,0.0014995396149710923,0.0012570295197604033,0.0017434107922663319,0.0007389551418695733,0.0032412898216148157,0.0,0.0030525625057579438,0.0015652555445485215,0.001967070764889305,0.003980709606880826,0.009341542146600745,0.042445009248622476,0.888576142422898,61.48466411960607
1.661764705882353,0.0,0.06049639556419946,0.022565578321143656,0.009590556539614055,0.010699492922824853,0.009276091957030138,0.005494157009718609,0.002546065886690125,0.00454847222023727,0.0,0.005348656788361869,0.004122750143807689,0.007159197283639836,0.006742972701816222,0.003847830723170777,0.003446960039864386,0.0014983302612367206,0.007966063326307643,0.0,0.0962733211335628,0.37213045766536523,0.46572785941333034,0.05461334812369596,0.16105651624295847,0.437282208367252,0.13834578917858437,0.08756905840649433,0.0,0.03623926667028708,0.0026292559930965282,0.0019049787935358422,0.0025830865761839366,0.00029488424973912384,0.0009191420857457427,0.0022543883830968433,0.0008203931942208462,0.0006035975317477461,0.0,0.0013269374449695628,0.001960259052571803,0.002378470637478253,0.0025656500266258812,0.018065031438305068,0.21047024191276897,1.6919662523345185,73.09781118479106
1.6764705882352942,0.0,0.030267209407755607,0.014709193176267937,0.006638203906722751,0.0095542235847455,0.007600001951753036,0.005445317050438211,0.006226078057179523,0.0051126594123090795,0.0,0.0018142049411687335,0.0023401624326575155,0.00187947386885819,0.002762306745244242,0.004941110905996374,0.005828732407737099,0.0036108088398576128,0.009941617770972546,0.0,0.004781649708308714,0.013253848054081474,0.13384580066935065,0.12011503480127297,0.0019703684148992748,0.12027265753940748,0.19437914698665185,0.27768504339770894,0.0,0.09461533455708243,0.003827858704806221,0.0008209328482215193,0.0025730565696535606,0.0014135514424975747,0.003420628794891264,0.0034106367455470398,0.0007957474743319991,0.0015631713208753494,0.0,0.0016722878382388437,0.0015823919975612053,0.001711898418466499,0.00248681792809715,0.00987379204971744,0.12056082606239232,3.9140108152348776,45.694737186112484
1.6911764705882353,0.0,0.04597353410788124,0.03994114995983706,0.033749482705392526,0.010459652751362378,0.00569328823621564,0.005564280963869895,0.003435438190331792,0.004147628102445898,0.0,0.0028530191080977383,0.003511074609550806,0.003294640543713826,0.0033161874213039457,0.005041474006964209,0.0026372887180879786,0.0010841718825972339,0.00570283858055678,0.0,0.013136743009023864,0.1159865546328817,0.1281560575944965,0.009722656648611072,0.1693379063822874,0.13610897841977793,0.05224543248897413,0.07011454996919861,0.0,0.030460782447019434,0.010535449328610658,0.0016388897512095585,0.0010078732278636414,0.0014354173862484048,0.0036809569140741428,0.004118640109268686,0.0037123310845907104,0.002027714151795612,0.0,0.0022161809552790823,0.0016814647032460323,0.0003887597002437584,0.006131424054129948,0.018354687269659782,0.2527322857891937,5.828919803961218,49.36858026235498
1.7058823529411764,0.0,0.0462388609577805,0.018879031114389738,0.036115701227446194,0.025650061125833068,0.006257081774923932,0.005591890863881564,0.0009206585085577378,0.004335344684120306,0.0,0.0067105724892523545,0.004819442433785398,0.002310709845729857,0.003936686530888069,0.00538808444947655,0.0018813598312301864,0.0015998058180947813,0.024704102697025485,0.0,0.08440131468987982,0.27914102485065034,0.5498618086808625,0.38379347204176306,0.21912028957740987,0.5891719413421755,0.5520550204352399,0.132257546028199,0.0,0.015991229907296237,0.0013594926814048073,0.0016167020055443627,0.0019872785771040467,0.0009706832749500144,0.0016049044964459003,0.0012712770938758727,0.001443171175240337,0.0018264315214359687,0.0,0.003741746806810423,0.00515710210910063,0.0033121849499379115,0.003128087102844908,0.0014511175513496576,0.5325846484427008,8.17804054479737,18.85308436220704
1.7205882352941175,0.0,0.049739920687306295,0.013384441046361939,0.0021526578696748665,0.008076454542559218,0.011962828101595269,0.01045039139943317,0.001719385448480802,0.004660149194013419,0.0,0.0030250419771587185,0.0011282622902056472,0.0014065181911562486,0.002614660498235552,0.002440592595123652,0.002162830299202615,0.007160149375463427,0.0021996130118669055,0.0,0.10728895993623276,0.6645943405020915,0.31698403109776974,0.597295301509806,1.7274541912353047,0.6487641778514238,0.0048168038402867765,0.015133967498615897,0.0,0.0050125844575717275,0.00444108840483767,0.004717055638831074,0.0025872852388652994,0.0014155958479282237,0.003043681454046776,0.00376451744130306,0.0018434342476326205,0.0036371066523546956,0.0,0.0018392997435128274,0.0025112105704908827,0.0015417997231250368,0.0024244364553491974,0.026734216090611274,0.2447479003997146,2.110983739022368,33.50349417886676
1.7352941176470587,0.0,0.04317025188311828,0.012275762077396756,0.016002371904547175,0.0025160497735147976,0.012650058899809635,0.016963621875365424,0.009376676446480745,0.006598454578580429,0.0,0.006367622246458184,0.003106368525099502,0.0027876796549870532,0.004534761601047808,0.002634581767279786,0.0013179869320746696,0.001702109680644428,0.030219656980042114,0.0,0.28751952337793707,0.38890435089999575,0.012204717880873944,0.28219971613028055,0.08461867904621975,0.24119255070933696,0.2722853375983901,0.3406835708294592,0.0,0.08867968601837999,0.005319733097534019,0.0037996621813510155,0.002052293756925311,0.0019578005947251684,0.001959029160381724,0.001168742076768041,0.00142179571470484,0.0024640725506738107,0.0,0.0020590159354175338,0.0015493995352038811,0.0022294232496070476,0.001210496901554199,0.01152836669814986,0.036147033722838014,0.7482432077301548,19.43847338917336
1.75,0.0,0.06625020955108483,0.0355698108321379,0.00812579668680147,0.0027133391581783757,0.004720979057442126,0.008819139177773196,0.006286844471058201,0.004469733097168601,0.0,0.0022406022333035687,0.0017441421539085371,0.0010599482493196288,0.0016044195138155309,0.0037471789981442403,0.005215626427018416,0.0036806294447561142,0.004583799122492948,0.0,0.02437767457350246,0.021055391626265053,0.20445450821443895,0.5519224625962483,0.8861234292969165,1.4438884950482023,0.5251448700859102,0.269780671918734,0.0,0.0557050086339111,0.0010778424071303599,0.0013759857632054486,0.002523554528547852,0.0014396003388956668,0.0008201638036724535,0.0024776261817114273,0.0013800208631529563,0.0006287683628252705,0.0,0.0029631372745494836,0.0008476265158176213,0.0016859246299629135,0.0017843104406862985,0.013419964851714533,0.09386981973357611,1.1276786695763266,16.882837317109008
1.7647058823529411,0.0,0.031625936082692,0.005463145192525868,0.015945531621301114,0.010058852666264058,0.008446992322848807,0.007449698872509585,0.010874789612029059,0.005361229340446536,0.0,0.0024314118121087475,0.005533654508223006,0.006213153543308344,0.004704793688761219,0.0013249202953287916,0.002029335424812851,0.002745177149996599,0.006470816413080635,0.0,0.04324606101427335,0.2471748699530773,0.1823787607865212,0.035240331258773835,0.3776731682514892,0.6981573234792224,0.39474583149317366,0.10800639401091383,0.0,0.012242230463715031,0.003127322629878016,0.0010840284086593795,0.0005981159976947576,0.002329165679780036,0.001486102502012183,0.00110158895423201,0.0010478218608422683,0.0030689530162588425,0.0,0.0037157389510991236,0.002176868003437177,0.0008782711631016543,0.0018568391981842445,0.007626607840826326,0.185764809099085,0.9947071457860661,10.103504443325882
1.7794117647058822,0.0,0.1072246034012267,0.03185502507922423,0.01887779096032368,0.009645302365365201,0.008868783143369963,0.006323999026360856,0.005342396082659346,0.0022896534185632045,0.0,0.0011303774518680693,0.0017123445262613147,0.0013654338234451503,0.004897494735947576,0.004989255031873168,0.00229467700064867,0.0034486282791184658,0.007846915887556696,0.0,0.07893780647305318,0.28545856284707655,0.16585961971410337,0.24520622708655107,0.44733638600822523,0.09572773709591113,0.01804903230464811,0.016187835534810024,0.0,0.012877422910471614,0.004955243644825903,0.002194585927546707,0.0023422990601572966,0.0010896081389339901,0.0013337938525937562,0.0010651675928314208,0.0013590089654472123,0.0030846278205724775,0.0,0.005688333363154506,0.000708693228232267,0.001217243425429876,0.0010384299228373092,0.009346221878017594,0.005645280434302211,0.31636508941186225,21.304457129568217
1.7941176470588234,0.0,0.05538468328862351,0.017827776055155113,0.005221224586856876,0.00407988298159997,0.003263181494660931,0.00314406655213076,0.004896305395430607,0.005088604620683202,0.0,0.0049693903499530906,0.002841827535953339,0.0020170027416412913,0.001939078528852144,0.0022611995425140686,0.0026218469779849016,0.0032714636623916104,0.0031059675171543548,0.0,0.03373733687172091,0.05857353577742378,0.44686575502812165,0.6985588883604793,0.10833115559454323,0.09163166452204285,0.05359002982556432,0.05410805643763036,0.0,0.00882380143549161,0.007057108309701768,0.0018938450103285498,0.0019256627699070611,0.0030443586062415197,0.0025967167181783365,0.001900740527581102,0.0018795175611949167,0.0022097558617663305,0.0,0.003331365144866565,0.0021598849732021915,0.001370701860532043,0.0010988902314581972,0.005420964816230435,0.03719582025335496,0.09586546464904447,22.442026073929156
1.8088235294117645,0.0,0.04417470654389401,0.03769058124798475,0.010693059556472418,0.00965993652401857,0.009522299234800543,0.005468420228055982,0.005818412104526773,0.005110456849223492,0.0,0.0028768627397895066,0.001151805251940696,0.00029461669938657853,0.0002904351173051461,0.0017364512555608053,0.001862449537170842,0.00241728974234673,0.0015527436665365123,0.0,0.1326823820224462,0.19597798972869257,0.06244387971100896,0.052578409033549364,0.08731325872413254,0.74962157393505,0.2837442948843275,0.027133244176413548,0.0,0.057971339106606644,0.005861625716115754,0.0007181835622891892,0.0017527595076761546,0.001482615241059014,0.002583119901723098,0.001540391948848936,0.001261377529204859,0.0005364851527407056,0.0,0.002923732402511949,0.0017150045344446752,0.002263890781537302,0.0012818486670149749,0.0029125098890028693,0.025904004794304176,0.3104372167328559,31.12419603313849
1.8235294117647056,0.0,0.056544384200870414,0.03921705254588763,0.023386538868167404,0.01154602571521693,0.006983597019557201,0.004463666664451978,0.004513456911538496,0.005329551078144711,0.0,0.003431136814407113,0.004768909205253595,0.0038134466766881116,0.002666018921706552,0.004174625350233815,0.0012165003476556175,0.00031481034298551694,0.00738518796388574,0.0,0.02501090602632791,0.21804503674625086,0.27815635497388497,0.0895666726124563,0.034454226344440446,0.43504549198232045,0.3594379690179334,0.16634888564139882,0.0,0.07905116429307568,0.0029090894265978123,0.0007550889596902204,0.002191505078074602,0.004023734442744041,0.002552808371114818,0.0013035311925995623,0.001972927707825391,0.0030129920003589676,0.0,0.0022574131196651283,0.0025599615618174293,0.0016644141513298951,0.003293044759806542,0.0015399041098738664,0.007470323509449385,0.5646391458509397,19.707366457188417
1.8382352941176472,0.0,0.03213567961578712,0.03887946480100578,0.017140081560673218,0.02219006352449119,0.0065344674882639505,0.004090106304001587,0.0048135434666689205,0.0012508805147483737,0.0,0.0019146735417111174,0.002427664442363839,0.002273737927560003,0.0011010283767037016,0.0006841074194278596,0.0017175965444303416,0.003068136560250092,0.009909146712169286,0.0,0.006184876262962021,0.033387329286447304,0.011301990412725728,0.07368868724993533,0.21004033746293935,0.4597288055044224,0.32769988398269945,0.03767550175941469,0.0,0.00646637461885567,0.00551184158758721,0.00047585621173358155,0.0006624774748248048,0.000810365878459566,0.0017406521952846757,0.0009038207094367066,0.001745458417814351,0.0015094105246439113,0.0,0.00150434679767708,0.0007045133405655913,0.0008635165160596791,0.0028642364569196788,0.01800891678786299,0.09450528806375383,0.5384869596011911,13.714643371427156
1.8529411764705883,0.0,0.020868533421246553,0.024732057768576864,0.00209519805790827,0.019864979033875824,0.01138620720800635,0.006579813044181439,0.008015717959354417,0.010546224662839781,0.0,0.00720221381276779,0.002674279804265398,0.0035231018306623564,0.0028557141023890543,0.003302860068529178,0.0015733556189568756,0.002563182151080854,0.009703223362649335,0.0,0.04613800080621735,0.030308492562932887,0.0706187976379172,0.2799893409386779,0.31995202210759804,0.1603272036311654,0.03443821598844811,0.008212207214200731,0.0,0.008653555653069241,0.00140377871467539,0.0016069871350509347,0.002114838906325781,0.0004753424194495799,0.00029381779419488307,0.001710144333497839,0.0009678452032764185,0.00036565543638643696,0.0,0.000361809309309959,0.0011659177358299322,0.0022908141250933853,0.002452492697458423,0.014452108140745722,0.14485813156262545,6.348419613907371,47.583166736016295
1.8676470588235294,0.0,0.018322371762598474,0.0038860579529835767,0.012583260706396692,0.012117807916629876,0.005903944949724493,0.0037942625057296496,0.003015111049577348,0.003737397558728553,0.0,0.003694222163174738,0.00280492567767453,0.002859063842722838,0.0035488977550635755,0.0028017698065773916,0.005252425203841827,0.004087842356987645,0.004084046289949154,0.0,0.04724367014844528,0.0943759443398808,0.3556824117293952,0.49142252047313995,0.13743203710728635,0.07738427723418484,0.0336073129360756,0.006972399371665148,0.0,0.005517230191519806,0.0023104725533525674,0.0025548994526752833,0.002632702556954428,0.002235368069784416,0.0038306447312245837,0.0018958650234583642,0.0008064713939494907,0.0030444670608065793,0.0,0.0028931615890758476,0.0032367663873801252,0.004344723863893274,0.003747090899350977,0.009295404219816358,0.04817584623594143,3.627969058263363,12.934777688298158
1.8823529411764706,0.0,0.03439513476076835,0.009744570322668004,0.009657168013828227,0.006253867676409798,0.006440874274664301,0.0030917900849686667,0.004110434464735606,0.00180958112255692,0.0,0.004227461385911783,0.004436368067183656,0.002696109739077953,0.002517734891027823,0.0020444771889413247,0.0020977166926002045,0.002406736291045943,0.0005615698487821654,0.0,0.007013178626485237,0.0062855229854810735,0.011117498612508592,0.16424036123765676,0.09536496867800989,0.05323863413288862,0.04781640817891431,0.029078357792639207,0.0,0.008895337691058243,0.002218776144314711,0.00039536181003768666,0.00021938719995708754,0.0009369482555984271,0.0009177701652461974,0.0010877030763668722,0.0017121413144847815,0.001159301410281284,0.0,0.002278089789940382,0.0020658361578892214,0.0011114239923638617,0.0007402944016043575,0.006657411735917057,0.3119913999801091,4.4681438794154085,35.69443004041155
1.8970588235294117,0.0,0.049252213399363795,0.018407498051975297,0.008130403176380637,0.008720344021330819,0.00953206748825176,0.005376998368098811,0.0045497374769751225,0.005726326065346262,0.0,0.007448509958884634,0.00105686384601702,0.0009673715293349596,0.003581945977304235,0.0027855095790996604,0.002445064782546057,0.0015126736643962814,0.0018966448437278296,0.0,0.047068351577339636,0.13152197020829454,0.02218448869322511,0.2625770171574375,0.2699870831659744,0.014356959699728389,0.0950663914940273,0.0071698307999433705,0.0,0.010944394157771131,0.0006575030129817919,0.0016019634390600586,0.0021101031817762532,0.003656426539976784,0.0026359129057017504,0.0019363320716073362,0.0024033404169790033,0.0021304129763660834,0.0,0.0027719559252450776,0.0009820939070443614,0.0005059185479069679,0.001583718535987342,0.013411396171836273,0.07317872519559063,1.1142134326580313,17.555289787782364
1.9117647058823528,0.0,0.038461015749467684,0.015112200034618838,0.003985539415220197,0.008952129959440183,0.012999146702868856,0.008748712944193953,0.008801180300762835,0.011113477862048492,0.0,0.008465882956232691,0.0026303696378618536,0.002045584867345781,0.0022043459924860394,0.000858693136201928,0.002371141646231276,0.0025161613815050748,0.0055040043509102105,0.0,0.02265190742015551,0.14604507564662794,0.05356775428331079,0.20154796216673782,0.2390462588184985,0.3462052967237284,0.23077274122921326,0.0069014854334291924,0.0,0.0389383230187174,0.004220302559413689,0.0024028436556104153,0.0030285483398099734,0.002358017064892278,0.0007591631707755959,0.0005720110401926878,0.0003761788141247985,0.00045175497384759996,0.0,0.0016303568601950447,0.002527103239981122,0.0037570480259426532,0.0028554348462548024,0.0026164520756526604,0.22735637397456743,0.2642953838132986,33.97914347793209
1.926470588235294,0.0,0.017299534174502192,0.03375838691486611,0.02153116190084401,0.019063029892255834,0.010001803009392005,0.009957269704945983,0.007896113378327109,0.005213281384000686,0.0,0.007219886489007104,0.004353805601214319,0.0027777263533851977,0.0023458049856321687,0.0029678239391470085,0.004689473296320568,0.002462397494853069,0.006266470763835715,0.0,0.014990686203322355,0.04101653671404798,0.21431524407884228,0.06045892116277997,0.0034022478552745384,0.14459382987015787,0.16373869894348758,0.10157761427007578,0.0,0.004670944597295281,0.007661163358807908,0.0010995200331266237,0.0014529143006719405,0.002012959843294785,0.0011075561347136532,0.0020985197239553675,0.0011304897199365832,0.0013385050399021237,0.0,0.001667765022086805,0.003136855446724349,0.0008714749652226131,0.0022067603102678074,0.019564524444226586,0.2691533343542778,3.615120784690728,31.456874371534504
1.9411764705882355,0.0,0.016804635380564065,0.0487656734673048,0.025653493260572625,0.007242931957045426,0.002569273973935095,0.0018020928131599156,0.008833009213206264,0.009968887001433873,0.0,0.008016819032279212,0.00456382982982656,0.005031689923677247,0.006619989901688514,0.0035282939394991543,0.0035611253468521577,0.0033530366804623677,0.010375455119156229,0.0,0.12815960556892123,0.2015122425256412,0.029756591193224893,0.06192304433660703,0.10341270384831201,0.2444657024009603,0.35560336077312515,0.1217433689743315,0.0,0.018232220922527527,0.00640664018608653,0.0021037365775669575,0.0010265168811849797,0.004167216326705436,0.00436459456198147,0.0036280203781160238,0.0030565555978403595,0.002221871270354831,0.0,0.0016960323098916593,0.003146099317989519,0.002878790104213728,0.0021256809637459576,0.004119943624738584,0.1412916765954705,1.7832616580985667,67.01787447384342
1.9558823529411766,0.0,0.032021464536998306,0.030177563517803638,0.006164538586933169,0.008887371976590787,0.0090651730288733,0.0031417580773509136,0.0021750672496449294,0.003698079974442366,0.0,0.004941897201506403,0.004495501202421953,0.0027252174025570565,0.0030815630982624215,0.0023081784620234006,0.002417081832400107,0.0014006436100440969,0.005353306588771903,0.0,0.03200201766097004,0.3700751181725834,0.2481596134911551,0.07659604619630384,0.25901123782386115,0.10788720128271223,0.09240363164367618,0.026521871175287468,0.0,0.0068420854102202045,0.0023314939801849,0.001435350617160043,0.0032073916681649344,0.0037120660787302025,0.0027329063052084494,0.0013361755179651913,0.0010831268365592644,0.002602335208948359,0.0,0.0026742680218252895,0.001201905886579581,0.0018635865249976027,0.002855506148263175,0.013647122772476837,0.08288200081487587,3.1749702455547153,2.6330924411874337
1.9705882352941178,0.0,0.01871791272983173,0.012686276866228014,0.015777682559863837,0.015614738362854928,0.009863427552617644,0.00992624318851079,0.004996321111023459,0.004504570797063624,0.0,0.0037686407083914178,0.006052184286341701,0.005226315088809548,0.0015932097538792372,0.002520381013602439,0.005789569804077762,0.014869752651077438,0.015283274785362963,0.0,0.02041454981774334,0.2325571017951602,0.6045797102313044,0.4992748372654984,0.4175136610485378,0.3213117062161769,0.3523815725643453,0.1483223321982167,0.0,0.015622232637648186,0.0019207957216417753,0.0007340917549258413,0.0008512033959491965,0.0009221848782944771,0.00045241240665950925,0.0013261156395564012,0.002005158587743787,0.0038089261322989997,0.0,0.003109599528304631,0.001378841585703448,0.0035807779080838683,0.0027860199174460512,0.023032053421511395,0.03765539508545607,2.1749478540027196,15.132348485830107
1.9852941176470589,0.0,0.0319711257823017,0.012470877231705528,0.01944364519708823,0.006831681802349173,0.007187118584014468,0.004385437981511325,0.0012627934969583372,0.0012308942369697938,0.0,0.0031095800586666573,0.004476358818552441,0.0052252766072026025,0.002080815806910166,0.0047606297939753175,0.007910806978390278,0.0033926312587034234,0.0019990695919666662,0.0,0.03043317521243074,0.1603581681924927,0.1442387882891867,0.04385136885275038,0.035379812696993015,0.05783234854972406,0.2159524197724204,0.040468075493256525,0.0,0.02001321392929792,0.004968806590180288,0.0006364980447294664,0.0008486829611109483,0.000517020445414974,0.001052692520071273,0.0016800559310077897,0.002555016946617683,0.0025741517605578955,0.0,0.0020203033127691086,0.002096046964679445,0.004576262385290238,0.006165938129104599,0.015961011423807535,0.11299915873391175,11.7163246210668,109.72252778729461
2.0,0.0,0.007744241099912673,0.01137095809332535,0.007290770336175026,0.003690787332226279,0.003868369697217605,0.005647744914181917,0.005247354489069169,0.005741716022139911,0.0,0.004821826213721079,0.008251612379150775,0.007139545478765009,0.004415982759386131,0.004128506930857225,0.00844070365504498,0.0030523562056245044,0.00993114578314842,0.0,0.00837197359506071,0.020034228977884254,0.08979555680242307,0.28020562872340005,0.5338033951513557,0.14702462704189495,0.022682443796377502,0.015370749861066884,0.0,0.053624778729809,0.013533852199878968,0.00235607807329649,0.0009691405106905613,0.000960724976827877,0.00029316077897142463,0.0014673716473604752,0.0015355799706759637,0.0008733036691062369,0.0,0.0010225115322006239,0.0006166889344465756,0.001287839417475562,0.0022638889900677937,0.008142979465329403,0.28020510917684,0.453639226867243,8.508505833619667
2.014705882352941,0.0,0.04677008632406798,0.01858424657020691,0.009473448825748626,0.007977022388956487,0.007986912039657642,0.008582234480167334,0.005117504748350566,0.0019080801557731539,0.0,0.006156125064584353,0.00765169999673877,0.003033286754446326,0.002946580359564459,0.0018995138061556709,0.0018847290732831182,0.003156624014300731,0.010426425575388766,0.0,0.06159520042698037,0.22181866745524614,0.28536453807343026,0.21588867618469493,0.8130226893158923,0.8169457729554817,0.20536181393795383,0.03194328361199322,0.0,0.041230527596771725,0.025451583986182785,0.0021498182713062556,0.0010343304192280047,0.0009963328805421355,0.0005691248743716815,0.0013302625355552612,0.0015979343754985013,0.0016358592617490876,0.0,0.0022086930008300264,0.0024270536265685277,0.0008950667067787111,0.0017797101931687413,0.007075410949248006,0.24783066037745344,6.9522910494884815,50.71116452534531
2.0294117647058822,0.0,0.03577803722524105,0.025870331730233266,0.007704795172674587,0.0031254108050739796,0.0062368557247191505,0.004974324108390359,0.006241574629462552,0.005374196994934166,0.0,0.0013498474345187282,0.0021606117692067168,0.00375450021226289,0.003545231713454261,0.0017809911349978306,0.0021895681214233686,0.00766596035743548,0.014851772250003005,0.0,0.049668279517534886,0.07436731145170397,0.04766213236089405,0.2644838079519661,0.6946278653347815,0.2742039364302139,0.22671072499128891,0.041214331742242004,0.0,0.06871173359474049,0.006529213638668457,0.00359709334500942,0.001415430155655408,0.00205453129379245,0.002476328656962553,0.0015071617513384042,0.00026852538951263594,0.0005692588172646728,0.0,0.0019054959454366418,0.0014033062326532714,0.0007292858706372815,6.0121953014878584e-05,0.017189389921228586,0.2152846355110974,1.049239021809134,64.52095445662016
2.0441176470588234,0.0,0.023594102617809934,0.010150269345240309,0.004124485492958272,0.008892768016029106,0.0025509851264023434,0.0007520581516412311,0.0016913897425585634,0.005641091712730143,0.0,0.0021992418420874217,0.0021624871473022254,0.004235241527330387,0.00321138447100445,0.002525452560264415,0.0033291733501378687,0.003121069181150589,0.003415586158168976,0.0,0.02459138177956901,0.08733652004076606,0.2745549331346924,0.2443171252113845,0.38227832005963847,0.6606001750352188,0.3057943435361326,0.191161933456223,0.0,0.017472845985006258,0.018667455917076692,0.0007529255498670369,0.000717112881511396,0.0011548036960300086,0.0008981772612101772,0.0012677381954610146,0.002724838690988886,0.0015063894033800753,0.0,0.0005650476836769297,0.0014100609423076118,0.00491937735671601,0.002355785032804622,0.0045778538794212665,0.08733158928970136,0.8372749701131728,25.779419459731873
2.0588235294117645,0.0,0.06401993930084497,0.01176645024153627,0.005507334809147747,0.0022456011709568666,0.0040556260374253,0.006629055113404853,0.004828445799482559,0.003082047764682843,0.0,0.005379654690939982,0.003711716399834128,0.004028393575381802,0.005991121809673936,0.003873744893518794,0.0018236579920523355,0.002437976727679361,0.00808490040413993,0.0,0.03714097685407122,0.03481069139333985,0.05307092587887689,0.07519491879958429,0.4316501742905766,0.8869016045033038,0.3146913732517086,0.03953245449763215,0.0,0.07677908936353084,0.013814074072604222,0.006000727186670173,0.004376852107927864,0.0017035463068335221,0.0010089474898832408,0.002312770395863721,0.002113016311762373,0.002092832548954127,0.0,0.002412767275984598,0.0008930503226247016,0.0005880750350335349,0.0008388089576900474,0.0026268071201123533,0.06366687408563729,0.8246202946840305,1.9343411765356384
2.0735294117647056,0.0,0.027192891268327475,0.031082326633345807,0.017606404786304188,0.013096141282518702,0.009920408984158307,0.004431465090047128,0.007540262200124027,0.005682148629092618,0.0,0.005292411977930886,0.003328898192316105,0.0008541967269088849,0.003524662472566208,0.007229256870497455,0.008157420076792403,0.003104643019766717,0.008334647281204336,0.0,0.017952950734748188,0.027410076873070302,0.06445047116866207,0.40377427125616455,0.743595060407944,0.5226037007383845,0.01756283089859092,0.11244799993910551,0.0,0.0457925893192878,0.00720461843739879,0.0009441619049899749,0.0013530358906984085,0.0013070556183760315,0.0015664534860110881,0.0007041254725476626,0.0028606204136937315,0.0053202964659798445,0.0,0.0030391423047633212,0.002323360651303775,0.0012044140598278185,0.002756664206431364,0.00822736631252884,0.0836511608861548,1.6566927402021732,5.608448182158238
2.0882352941176467,0.0,0.04025784302024084,0.0050263899166301685,0.006513126931493292,0.003117253819343858,0.002729996334230687,0.0034306465613048536,0.006242731387323111,0.0034461658079617463,0.0,0.004222983256900333,0.003703805891246985,0.004826162088798338,0.0036668065651438266,0.003330356865478881,0.0029250729544206943,0.0018207555141285885,0.0006927479450640975,0.0,0.003179199774747334,0.005773560614521592,0.1712520524719232,0.5556122170371112,0.06397030065114913,0.057938091021971824,0.12244040467947451,0.027294394221857816,0.0,0.02952583628590119,0.020151538847272173,0.0028525861098166617,0.002877177029931895,0.0018723903857993747,0.0027930297860077756,0.0029139835488930397,0.0021103251524241585,0.0014736797810784314,0.0,0.004355160297751501,0.0033197102008196977,0.002012543231975206,0.0036960230607076356,0.006097935643220836,0.09523135339503727,0.6286956216080493,2.268098271018504
2.102941176470588,0.0,0.028879665064003194,0.01223660814240438,0.017556618315858204,0.015883913141040935,0.011524634362818411,0.004844065709953917,0.008256571746115646,0.006480019491915797,0.0,0.00392876831556572,0.005681675867337195,0.010216406930224336,0.009238400023390847,0.004412490835058768,0.0036434047468379607,0.004754777289139605,0.010630388202975623,0.0,0.03399698325403351,0.04983355563328688,0.4042756494826193,0.7399515726525767,0.1645380280886523,1.302438438383669,1.2717551846883677,0.3699457143850727,0.0,0.018061180659906154,0.00253211012929266,0.0004135650912960921,0.0010910637121347227,0.0047540901637964945,0.0034852819730313237,0.0005921324835588239,0.0007044926399174811,0.002144471504851213,0.0,0.0017409330577149197,0.004949675310383875,0.0038279073288077312,0.00428316186784254,0.004835539757006881,0.08370952604295193,2.27714851042049,7.592964440244611
2.117647058823529,0.0,0.018141471665302007,0.022425549618315912,0.013768362569954229,0.012152150784343544,0.009420155347920093,0.008590933497532413,0.003908372186719885,0.007543835895005969,0.0,0.002597683120393469,0.0028449963391093715,0.002862173277691944,0.001966965993842233,0.0027378456226640775,0.0030155320087095084,0.0019943014591889256,0.015590996220298185,0.0,0.022394331792639603,0.08951746497491765,0.17446768975811472,0.07090473184270107,0.4318162038115714,0.11564668409978715,0.03612249296280233,0.00962688502658802,0.0,0.03840118025287575,0.011713583944230624,0.002473523660939875,0.0016957307787730746,0.0014348429999742063,0.001939329106070429,0.0015518491393716096,0.0014363437090216323,0.0007897446909202423,0.0,0.0015318619245625947,0.0024551339306063897,0.0012594419941434319,0.006537935928104193,0.02191574680118446,0.22134480443869053,1.134483737896813,11.71192323796322
2.1323529411764706,0.0,0.037298134508019304,0.018351180764900575,0.015911590558924903,0.025270122661712913,0.03277957973786865,0.017667964245942108,0.007103867483414143,0.00198483328806989,0.0,0.002969173429755886,0.0032205783998404255,0.0008023303034623431,0.003943000256016465,0.0027779201020422554,0.0017853909387154378,0.0029200442881763384,0.002870960447203496,0.0,0.02963634542108408,0.0277123797923818,0.07275269163280426,0.058611662236632125,0.08715662812235986,0.01451728115117469,0.09216946728804669,0.0851499626705667,0.0,0.05337539228494283,0.0088864360737454,0.0098014776331524,0.008412541838779975,0.004678207442949402,0.002552848899540168,0.001082494714979996,0.004981420663496092,0.004422031288071657,0.0,0.0026827142141457334,0.0023879989952945843,0.0023079129162648536,0.0030856827987454133,0.005625007472825889,0.09923163173362723,1.6840820425006664,2.6490363711810074
2.1470588235294117,0.0,0.014028970727890196,0.0035666565907048224,0.008427091902187012,0.009894598215385249,0.006251029843011619,0.004937530852205534,0.004334103665346424,0.01314998446483159,0.0,0.009787307799721656,0.005436354164371942,0.006427046419287933,0.0032813413052090678,0.0024130437012257894,0.00883657628279913,0.007120904677176337,0.002427705489918024,0.0,0.007989089469424076,0.008773172129451511,0.24138523528778522,1.079293949199346,0.9746116420318534,0.31621176041806376,0.18962300173317717,0.07928781276029902,0.0,0.014512924724564492,0.009841242170088197,0.01911373180607228,0.0050295742765864675,0.002987620974154966,0.003018756316925597,0.0018703130325455764,0.0014450590619908008,0.001964260810344739,0.0,0.0029397754069724127,0.0039880423739000505,0.000669697742457457,0.0024768291389923843,0.022802774416314557,0.5430111386552536,4.435414592554133,36.832017864605945
2.161764705882353,0.0,0.054815359771604275,0.027630339020289725,0.013270488317700684,0.008070335795079736,0.004150153360961665,0.002507296025852249,0.00643631277458299,0.006738747410804324,0.0,0.006218875288730169,0.002928618983934665,0.0053923050411450665,0.009685522037864257,0.0012346667623766433,0.0016512995863574053,0.001812148788166051,0.0004108458308453142,0.0,0.00937593069998885,0.29172536757597045,0.44393522686098535,0.5502255159948145,1.520567344950597,0.9354434677549256,0.2771325318306247,0.05845269067028572,0.0,0.07226959316795024,0.043332842979213526,0.0096556363210114,0.008748515937184178,0.006173951451635098,0.0015848519654956417,0.001559555676417688,0.0030986104987393718,0.0017426984042067358,0.0,0.0008431453912897794,0.0026581788163017174,0.004195601996596458,0.0022376712186348343,0.0036702785528625777,0.09656207273215582,2.5546053520618197,11.895767954901299
2.176470588235294,0.0,0.055136532946901295,0.024911942922389217,0.010750484545117955,0.006898213809517771,0.0126797671022487,0.011100796066530198,0.0041949473854878145,0.0025238601051163264,0.0,0.005631699770095075,0.004538544362116987,0.0007216927390244544,0.004582613464293544,0.0037620046635016835,0.002745049331547239,0.003731002009798598,0.00518994418532659,0.0,0.06083387558361403,0.5904532331727341,0.6026974540156447,0.24606129907764943,0.4495780578979287,0.29146446263104225,0.20613757897903184,0.11961041976078242,0.0,0.08706721767304959,0.04350399578959514,0.015274843446968483,0.0035947142162144115,0.0015409259651513487,0.0025800321996945507,0.0019448210150517836,0.0009457121991062413,0.0015806036502500054,0.0,0.001042105495601328,0.0017348627326645044,0.001569352466096057,0.0021955706894579295,0.006310138998337803,0.26377859781425267,0.2899580315964218,25.294352555162163
2.191176470588235,0.0,0.1802768659863532,0.04411413123402322,0.004295953045540105,0.006647519542472857,0.0034128073449430007,0.0025760899208393936,0.005214608961776454,0.008416705532741693,0.0,0.009177805051797721,0.001388498486347253,0.002568518337269308,0.0021755820202656417,0.0018606355080461308,0.002170217433854624,0.0025836129579593667,0.003497859409062882,0.0,0.06463398753559937,0.3937093505169772,0.19139433250801274,0.9657213298960181,1.9326025690592041,0.2643494819452886,2.999284929978094,2.165376949228391,0.0,0.14960651276577594,0.009145091621362553,0.00809622489297972,0.0037289577883350784,0.0025178029146719822,0.0019227015268456517,0.0018485779574110258,0.0007131691452260115,0.0007860742974884099,0.0,0.0026302689635871257,0.0015790343188119694,0.0023920146223540004,0.003171458254834444,0.0038707827758957696,0.07067421106686256,3.3785717859005384,35.08044395629174
2.205882352941176,0.0,0.022128267944305103,0.013076491273164868,0.01058679521781811,0.006390543671382274,0.01241817405750315,0.005086346115636792,0.0025816594850080177,0.002936170756117092,0.0,0.0015722470628026332,0.00473185749640967,0.005895844769523954,0.0014020722281787388,0.0011432418853290437,0.001956608118751109,0.003049034387549019,0.04201901538580392,0.0,0.4558503469294434,0.2511680507596156,0.016135656098179615,0.09052281056772717,0.9490439995086657,0.527358597016194,4.667659962773305,0.9374011433591395,0.0,0.007106180724532295,0.036370459585111786,0.012935689559991404,0.020927234188040454,0.01321244831051777,0.001756699633726638,0.00481234266245061,0.001988225863880194,0.0026245831693736017,0.0,0.0032351042146310212,0.002723334433508796,0.0015358864074195124,0.0006221799878940151,0.0028541019246334873,0.16423072732470734,1.2270551561559397,20.581265295276584
2.2205882352941178,0.0,0.07391868609381745,0.036487187998214855,0.014423528143283279,0.01656341454742447,0.012090684003833766,0.0032542824772508576,0.0017998486476087333,0.0014350588855419728,0.0,0.0013066186356332854,0.0026344742290824556,0.0010130692358035881,0.003044896185569834,0.0055922981323522705,0.00357975236905089,0.0010293894175648851,0.07308254021456051,0.0,0.6512156116567908,0.9026089033095216,1.3290300005904614,3.2393300143123374,5.349229544283384,6.7582317894225525,3.3034301560192993,0.337922557649064,0.0,0.2689276907765525,0.2177973945088238,0.057785850879693304,0.014691865694179195,0.025331497519564754,0.03330702197296234,0.04758258943990949,0.0053308687344903625,0.002231430160339115,0.0,0.002486444191067149,0.0014772858332136912,0.0016842334880207185,0.001834087205073986,0.009109635419877382,0.35238286909942085,0.062331254078306725,37.427580823777696
2.235294117647059,0.0,0.02921141655604189,0.01664762033213147,0.008824042411641794,0.02228034978058812,0.018638416523834828,0.0036114327914441393,0.008452237361325839,0.013226670436618923,0.0,0.00940826839484877,0.007874623970853941,0.00245717272841845,0.00259617081705786,0.0022664115811798554,0.002254246861572971,0.0036991161239100564,0.010081800796492298,0.0,0.17366362799432516,0.19485278184724172,0.6957857009865038,4.117697179554754,3.9884713837044945,1.1624971493869651,0.341938557003983,0.3541974942399584,0.0,0.21214341113082633,0.038838727640001874,0.3384906349185809,0.15696186521421918,0.01172032610320457,0.06884023345422666,0.12354373846583754,0.03135091361476637,0.002670756895560815,0.0,0.0008249508350319737,0.002470844253344646,0.003362499286504321,0.0075413291141748755,0.044187324722527815,0.05632923209842204,2.534603192684582,36.749409872884485
2.25,0.0,0.03397173468366753,0.003810622626560379,0.004735480925209328,0.0016973024905340456,0.005576676002066005,0.014482272625984817,0.019194703176204232,0.006063291086791114,0.0,0.002117328559717037,0.003924298684526547,0.003386479601174432,0.007744948924030219,0.00660712116735652,0.002810402927372842,0.003958108778187225,0.019707071096173437,0.0,0.05452471556323857,0.30020921456682653,2.4368125596121244,0.7825220965866215,0.2623542292016673,0.6188136524853296,2.591920171369305,1.5239058418212772,0.0,0.8079020112672733,1.1181575025991974,0.551767202739484,0.327646497308893,0.11015674200064557,0.07681920106822508,0.036715854083272687,0.007669270585950537,0.008102596878722149,0.0,0.0057840936740294,0.0025271871922523835,0.0015053258498566664,0.0024162096556352925,0.026661935962775843,0.17866184396342555,1.89863921685913,25.950983348194896
2.264705882352941,0.0,0.03331974219272313,0.01294233561243869,0.025788259120210946,0.011364809726635,0.009704303110294306,0.014810074523858938,0.009739872535862814,0.007783587927521301,0.0,0.0036027750178196987,0.0017011080516935975,0.004030724984429265,0.00784098269928725,0.0020699760903555965,0.005628715480041178,0.006882019432570637,0.01374653197612986,0.0,0.1483855655013831,0.3777837448186081,1.3707548614412093,2.717568381767873,1.163304074770958,0.18335371137473894,0.5772897129892183,2.616037991339807,0.0,2.9232634146221237,2.259412267793906,1.339589676283759,0.7852465692632715,0.3347732594960695,0.09915032194986206,0.0423879019229322,0.009581740018539306,0.007040109433264743,0.0,0.0028057271410388868,0.002753084231142604,0.002473309220062475,0.0046524307698642174,0.01069563473915915,0.2250252123160949,3.030984557207522,99.13471631925907
2.2794117647058822,0.0,0.03951161469699099,0.02640639173518675,0.03155322647099167,0.0343982813762369,0.02393603968283135,0.005700541337499669,0.0025900961746515364,0.00795953906456906,0.0,0.008108800009906363,0.0038006093478933855,0.00574566652407665,0.008611087592013563,0.0033995502168987393,0.00098331971414516,0.00782399290499355,0.06631099891622148,0.0,0.2810886733675446,0.04356200029254827,0.9792875862474633,0.6826417478468413,0.42289299074382813,1.5905739366979943,4.373298303417867,0.7411920085749799,0.0,1.5654721604197135,1.412014390098597,0.5744323241154028,0.027380612641580617,0.08949944080193077,0.07532121010520253,0.012323422293702747,0.004012134442313735,0.004092625387056916,0.0,0.0019821777390969953,0.005390206630202671,0.002108193819242172,0.0037889527241666424,0.022783860587270693,0.36064991739380015,1.4833047013626552,25.210492199086577
2.2941176470588234,0.0,0.0446899081467721,0.020442005006352414,0.009783706519199586,0.011140259264198763,0.022548883992107513,0.0164991486736199,0.0041985478047314685,0.003990228608091499,0.0,0.008059106438733773,0.005705051320785276,0.0010350367209026657,0.002250291246876075,0.0045322342973981855,0.004795332564833799,0.007141113736032233,0.009007654357411965,0.0,0.07457502761933095,1.1173002656793278,1.9746815050844053,0.4382968832303749,1.277433690110883,3.2032486446724846,2.676004890770078,0.7750154444858383,0.0,1.211744453896297,0.7580433759066121,0.34152259427011133,1.884546714510023,0.6065333309631776,0.003874634545270675,0.015781721279807898,0.008028545080726816,0.01636950160141778,0.0,0.009373908545943093,0.002014363158796583,0.0014780279205926232,0.0063373617999131415,0.024429600059459995,0.3675531156074259,0.5136796865119109,39.231243286623624
2.308823529411765,0.0,0.03996587470120665,0.015447046319605223,0.018773470123893243,0.009956285864872978,0.0025444463252932066,0.011726811145284061,0.009159894684159588,0.0024481418799910835,0.0,0.0028527314476474684,0.0014694761677901274,0.0015711288985634205,0.002299889042098992,0.0016000856371428205,0.006153180147678458,0.006848240709612339,0.004574472276554369,0.0,0.05578547584277223,0.36968472232295085,0.3266210257858971,0.4663866688198933,1.915017414574728,5.78280807542654,6.2520723912013345,1.5235925304965252,0.0,0.3529214648681193,0.05332583972687569,0.4749028315276917,1.1657772715199073,0.46786622943197487,0.01435090573235427,0.010133726715089744,0.0018518815855183262,0.00219100830414701,0.0,0.0020336978889949828,0.0018330399419663078,0.0014040017433399243,0.002104841538599636,0.006821982734854457,0.04621675479680521,2.000459926604379,13.534040334204583
2.323529411764706,0.0,0.04745838470092813,0.01481184080957754,0.00849989340701739,0.021627966811662763,0.0150340643352482,0.0026765624121045687,0.005574877853419231,0.013040650457072438,0.0,0.011027975505515994,0.002571126306747497,0.0016992199791804445,0.0018060636884134917,0.0016244373991740934,0.002528986888309729,0.0019708472547468442,0.03784065919240618,0.0,0.5201831320307305,1.749024614908627,2.227291080155226,3.540931192207214,6.597694685878018,11.864904880350561,5.61027150407868,0.5239601167637233,0.0,2.718067312663265,2.2681902123110333,0.6769171244723611,0.25050285258439203,0.07223181915799343,0.00828532724730387,0.003302738376853132,0.00046532332195299315,0.0026750826940351463,0.0,0.0016022935954903722,0.0011865139483522177,0.0014220068959622894,0.0014725439802778504,0.009690129699929374,0.13717332759913625,1.3427109801566424,12.158295181254898
2.338235294117647,0.0,0.013261600967362976,0.008516509882747898,0.009625243991356705,0.017254535180771684,0.0021743093738867576,0.0033250100430383,0.004732846196016747,0.005807486816490035,0.0,0.014784404676469968,0.005372196946075195,0.0011621393824749154,0.0011895138659870224,0.0005976881452285636,0.0010064333680554374,0.0016967999195735524,0.015585042096154722,0.0,0.2149864047614548,0.5132219161274574,0.2778709297186938,0.8128408616653209,1.115085096412824,0.545946213084092,2.6907105109584695,1.4013734602564374,0.0,1.4894054901120435,1.1469020628562354,0.18320707390402213,0.04829059207662629,0.017918724239670385,0.007882770402218565,0.004607797932778898,0.0019460063600236156,0.0022006953485502103,0.0,0.0026203512610591235,0.001395974760646701,0.001497282997314947,0.0021633966243398113,0.001444441759008605,0.16219496550658352,3.478730348754345,20.62550372833333
2.3529411764705883,0.0,0.029885387943872056,0.03352535124371077,0.019868510287337826,0.01735702869692981,0.020286375805340706,0.01647140516298696,0.0023111460097017126,0.008621734351508962,0.0,0.007452413976407248,0.0012120293324555625,0.004179333307180361,0.0041731328246585805,0.006010364361838393,0.006072605683675876,0.005129861633174954,0.029360473566803002,0.0,0.2796560202197077,0.5454180854103741,0.4475985649354281,1.0541784152509672,0.8165193509696727,0.7076953787443105,4.023250729710431,1.7849664894893325,0.0,0.5871084834279983,0.24110033562877017,0.010116993724994229,0.00969981677902247,0.002873351369364544,0.001439604845010119,0.004557495612247244,0.007167956245680982,0.0017965454391142017,0.0,0.002908386000446797,0.002839979120160917,0.0020791806894453146,0.002793444057069181,0.005486643138094966,0.39550896172243977,2.8454854762932884,79.1214241189481
2.3676470588235294,0.0,0.029789653406716972,0.02169974093947801,0.019319915371536548,0.013495739962459428,0.0017809675822794855,0.0061773269180116965,0.012573601076961524,0.00819966654805167,0.0,0.003470575655275614,0.0020987429929033487,0.0012708125010929315,0.002708039863415727,0.0030794660872731847,0.003320091706719604,0.00346184491219609,0.014957037519348994,0.0,0.07652659042074737,0.19557359242028094,0.3632323964054113,1.0406233244292777,2.0708085344819716,0.0757439162559047,4.874257748282858,2.7636164635506084,0.0,0.9642235961638104,0.8419914199570697,0.05325791289908998,0.02554015771897917,0.025893480064663812,0.003604510945775302,0.0021193800933158296,0.0013907781847618658,0.0010019605441108723,0.0,0.00046461492451324696,0.001251392022119486,0.0021053712304637527,0.012933877526473,0.013977352391891443,0.39241739087285044,2.073166151970322,76.07549312340277
2.3823529411764706,0.0,0.047620905824033555,0.050659568608915906,0.01356864382007117,0.016887557198180483,0.002874477091920135,0.007510434944188989,0.00471904590495069,0.004083294095488712,0.0,0.0031677576143257086,0.004781594280396324,0.0029076530746505406,0.004639574797098724,0.0034532985015569067,0.0010322108662863098,0.003470525486268251,0.005068535531811127,0.0,0.02559676145737868,0.22968340438291301,0.8431052170803914,0.7370123509069625,0.2376171344686855,1.0513341806971495,5.219217749952858,4.524978085036277,0.0,0.25331728865084885,0.3468196404318652,0.12064398902613396,0.033813952142162026,0.019317057031988667,0.002738628316946992,0.0021038781437599883,0.0010454437768252786,0.0011768948266189655,0.0,0.003979731956873319,0.004718623746946551,0.0032483236269838425,0.0027017777147881517,0.015837846819934585,0.17271205108775944,0.6932764740853852,25.164977335896516
2.3970588235294117,0.0,0.015587294183144867,0.030335907664084852,0.02814061319736852,0.017962213167617525,0.0034480551941720055,0.008641653007735601,0.009854949507277378,0.004302263804682,0.0,0.002415522905231534,0.0026506889475716292,0.005080326973935961,0.002236787320414459,0.0012708825102909149,0.0026518330645058036,0.008105350616042648,0.009322616610339157,0.0,0.07039636748765277,0.06521411328714044,0.10860526059021752,0.1182810585866347,1.0863392955645732,3.9387406383420567,5.630937979123525,2.215599048574217,0.0,1.007735584037572,0.23216427538488937,0.09600218755239372,0.10389527636653194,0.03769227016119241,0.0008081913778662951,0.004253532770712486,0.004598779833749874,0.0013908736373888723,0.0,0.001830508106960315,0.0008622225891064287,0.002374506176836035,0.0027937596878299803,0.006994659618421535,0.1390485189563616,2.044412706407496,67.83500030927071
2.4117647058823533,0.0,0.057875331599608476,0.017154092931665872,0.009340783008602594,0.0017720357487264525,0.004992712545757403,0.010182808192001496,0.004621854374222465,0.006402672778289447,0.0,0.004291181390844058,0.002329934316231565,0.0023608954433254857,0.0014251035116100077,0.000944551476739884,0.0009771345877117401,0.0036853683419881267,0.004349620074695456,0.0,0.009688133927873857,0.028167454297180598,0.06446110222612768,0.5686817057852578,0.13653293372389713,0.05419404519263872,2.148875562499976,3.2342471383639317,0.0,0.8073871324906486,0.18761567470180185,0.045758776328810424,0.307522590699562,0.21889833342262255,0.023192904811997806,0.001426830588083929,0.0034277881683611316,0.002090458874750842,0.0,0.0008312252659737166,0.0018237488886901738,0.0006201332062262906,0.0029609043022361015,0.008078565441113074,0.016874041704787048,0.6911834916907975,23.65039007224684
2.4264705882352944,0.0,0.025286796161544035,0.025576786447047875,0.012588004957439565,0.00819691229131904,0.005657464250144208,0.008886142425741898,0.0071338142535529725,0.0020611846682130784,0.0,0.0011955624971223646,0.0032233886392583617,0.0020139618864136485,0.006551707176325821,0.005244071262378482,0.0008165631809728545,0.0009765975494543243,0.01406715028906265,0.0,0.04687014059329611,0.04877907836035522,0.3796440968452083,2.8589981646511244,2.5522310963413797,0.6508647579296829,1.5214351821069547,0.6091699216593939,0.0,1.23388251403113,0.11688009289278051,0.3431196703347797,0.09571563861025689,0.02420321579498694,0.03106212449891702,0.011920844048951985,0.002775499663485643,0.002841416515749253,0.0,0.003130514209710209,0.0010169557533523117,0.0020299816229988315,0.001553707466860717,0.00882777094838824,0.1671915997304153,0.6251106954922013,9.88715552130507
2.4411764705882355,0.0,0.05629098545613927,0.018743467886912592,0.01747144787038737,0.024884730225067105,0.016564235396503372,0.00739977674449964,0.00630425626478481,0.005652744737975771,0.0,0.0037168706672524136,0.002619101492794233,0.0011289119719318287,0.0026423920836903367,0.0038134316831938435,0.003171590400805465,0.003090718999883799,0.01439919348114918,0.0,0.07042310342684313,0.7316753142408234,0.4905283356236226,0.4657651565210351,3.839453446854707,6.79077565378216,1.8243083996602236,0.9345525244588582,0.0,0.09159180610612558,0.14498524351605946,1.0947396312381228,0.30264634887260133,0.15165635365629532,0.033154705234390076,0.043143365700808275,0.01569051211176658,0.000708878202360445,0.0,0.0008636005288733554,0.0026739522242304114,0.0027689046072673965,0.004010330002926296,0.014290021357944181,0.016812795382088873,0.9305075376468722,3.1885820519758634
2.4558823529411766,0.0,0.06787306171526292,0.03160342808090208,0.027048642233582935,0.016929929295203712,0.005591240729109236,0.003678727455091445,0.00512035639766969,0.004562071116137315,0.0,0.004288540849135967,0.004673202223961479,0.0006844956922473508,0.0016833738451077114,0.0012405759737495257,0.00393429031702208,0.0067057857223594,0.02897908402785151,0.0,0.18787044146131793,0.30375047098010555,0.012800558293261296,0.6621505368424072,0.43218300561722245,0.27065103272862046,0.8682391541555361,0.05100082128512429,0.0,3.3514028989393756,7.385159115254867,4.1672842524806795,5.375129661911073,3.491966983191718,1.7836403832677568,0.3671935250780951,0.0043688072552528845,0.005234701173115696,0.0,0.00305365921368829,0.0001545596365202434,0.0018894881974718335,0.0008422304839814819,0.01827500416097442,0.13698475199408436,1.2238726056134608,9.307717396120607
2.4705882352941178,0.0,0.02585297904541661,0.020870691678874936,0.01876290052314123,0.0060591880578777174,0.009113582112034651,0.009080170874137566,0.0026859229987466803,0.0066167902478570404,0.0,0.003860434143864871,0.00518628557491348,0.005491980431255878,0.0014106854963514893,0.0026556218862574072,0.005262671037742868,0.008543642216871646,0.008164752665847297,0.0,0.04525985670047855,0.07088214437605454,0.0693242112551485,0.48059874757828613,1.563994065389989,1.4005029228725816,1.3340572227496286,2.149053814565666,0.0,1.0240585473736115,3.8591626654171054,2.03701307449622,8.090034640248025,3.532992240543324,2.0965067721951245,0.043877923096018595,0.07713509968623042,0.0006185110511675851,0.0,0.0007332293615561493,0.0005026060237302012,0.0007754753868762982,0.015096063680797075,0.0771063041255217,0.08881716729770664,7.207658114622129,108.35856357069025
2.485294117647059,0.0,0.022039420224377805,0.006055523299012435,0.009636121147257468,0.011036982378121124,0.008128419034713705,0.011426663027242826,0.002720702985391969,0.002029175417519402,0.0,0.003628006302288659,0.003253734902288679,0.0023491412841972555,0.00213669648604432,0.0017581302971503105,0.0028716789680719255,0.004387158271033703,0.003950881677026384,0.0,0.013592409430454347,0.1314631355979748,0.6274845483762495,0.8511847587618613,1.288684725860172,2.9494940526658944,1.7635122096022042,2.3059125847743513,0.0,5.291686719426753,1.162566411829531,1.8500842069838885,0.9588355153077746,7.7261435574477035,10.015473622337845,2.750541226395211,0.14195547072649373,0.01686022748035386,0.0,0.004803278238508964,0.0026135091195771155,0.0011277950468312333,0.0036715259843015245,0.007978775004106228,0.06599884618510161,0.4385336779255866,64.48788657787117
2.5,0.0,0.035839895564728635,0.02014488697428218,0.02368904008751,0.013852175167607263,0.007686701336806543,0.004810730164338661,0.004974835914505573,0.0020345701999817177,0.0,0.000544300926728794,0.0027527698696907885,0.004028265646730139,0.0023172750736517094,0.007901452615985934,0.012187888197677688,0.011224698311235903,0.009079491881199372,0.0,0.05220603736373472,0.1670890430358634,0.27372203408077944,0.012599725145896218,0.6660470869284912,2.3931522846997826,4.018426642521742,4.327908793944804,0.0,1.9085280792536958,0.6462835654482151,0.614838056632855,0.5601418427836169,0.9989390676278235,1.4105481666595607,0.3175972420673745,0.12159022741192707,0.007827921802557427,0.0,0.002242926083730311,0.0013714689087965754,0.000813701291882095,0.001849978263221188,0.028538481081389164,0.17822765431109297,2.3273086803162024,2.782260659094935
2.514705882352941,0.0,0.029123169294237257,0.04833409633606263,0.03739436589962031,0.016126778783620763,0.00582580962628798,0.002229687686882863,0.009207471475355292,0.0036565680652845844,0.0,0.0018678867802304035,0.0013726398236150671,0.004967414864377065,0.007508738963629661,0.002151450074024573,0.002825854595580971,0.001498777980974037,0.009745748097740304,0.0,0.027262233021167863,0.07708202807462264,0.20774221809941734,1.4230787144497663,2.8824581930550837,5.021155606646163,7.67862108974988,4.893430033596118,0.0,0.96628797631655,3.215457657437117,10.426049821747196,6.26648913877229,0.18386090387578002,1.06188936115825,0.6959531431504815,0.0617570347697657,0.007693970353591728,0.0,0.0017776182944155984,0.003239366185745398,0.003763158380137175,0.0024383803702783145,0.022448385880377012,0.020780069212691085,1.2809864948610241,20.387859698544702
2.5294117647058822,0.0,0.05275180148092967,0.032627452361846,0.01689390002180161,0.012803014444954417,0.008399816669843648,0.009701713274186487,0.0072485835409784195,0.005785222411534055,0.0,0.003316265375364111,0.0011347051332594841,0.009353199398061176,0.0064468930436254865,0.0021403833802201484,0.004313281797080194,0.0039754400250831545,0.00784927471243926,0.0,0.035566806479718896,0.21373349013393933,0.7884876632523979,0.14180358148467467,0.5708540437662536,0.16352376300478108,1.6761014103308418,1.0082850359170492,0.0,0.7203980079839356,1.820334166342359,1.335578034076868,2.946806706470619,5.5289571869371175,2.6491476929783326,0.6534349627883014,0.005287606177178002,0.010454493266039033,0.0,0.00330455915309851,0.0022984397580009613,0.002526311958087641,0.0018596595050059449,0.004283287532921551,0.18704733375546947,6.023381069430889,26.20610637696027
2.5441176470588234,0.0,0.027170167589957113,0.027061617752512215,0.025999395402566326,0.013535668940110181,0.010200168697245392,0.01025180669522366,0.003059922502027498,0.006081756273567428,0.0,0.0033669004556096094,0.002952882284688648,0.009731403728786997,0.003912965029930762,0.0046340466969452595,0.0016140792054988688,0.0019658673765564536,0.013190434980280108,0.0,0.042755718954000384,0.15274672031539197,0.720282031635885,0.7809291208024298,0.3760895432943788,2.822725608172801,0.583393747484921,3.032378598557522,0.0,1.2214311647756526,2.691024839328845,2.120178744356343,2.0726431655568325,0.7255307551897243,0.34561401893679683,0.17041656751175033,0.05376732492197931,0.0024742540807464815,0.0,0.0015314837915005259,0.0007275815232459996,0.0020336314105187363,0.0012327633348550337,0.014716762397923822,0.2962129956506381,1.9387679539394536,53.01771947439242
2.5588235294117645,0.0,0.010423356351076982,0.010370626603015236,0.013491433339752723,0.005384981939352236,0.005618414974055113,0.01215230303777526,0.008483678000235176,0.0019248998008520289,0.0,0.0030657683413441326,0.0066996059181449385,0.010984052897447336,0.01709756011358082,0.003124020674404721,0.006096623606557614,0.007104548651606575,0.0179553085308471,0.0,0.09572494460178535,0.09677111801737374,0.20032640774283056,0.8130645626780697,1.1094196484978212,1.7256534186266062,0.8377524838699577,16.878280129577863,0.0,31.146229340123522,10.721629548563978,2.8023372500644586,6.085037880877405,1.663869923857383,0.07920911761887714,0.06393615036218905,0.006920526675121034,0.00727705340526546,0.0,0.0040467743736029085,0.003410979040317433,0.0019067114852303656,0.009638053077372529,0.03078792796444559,0.16509229375986384,6.857316763553377,62.30516202057902
2.5735294117647056,0.0,0.02342138445400852,0.03073982064955831,0.018820415785794922,0.008476382492637467,0.013849039783837435,0.01082673193908875,0.00578270485008039,0.0017393865940332322,0.0,0.0026883875706613033,0.012584393144951963,0.012230951000306477,0.0009821592557699905,0.005955593290100257,0.004310085130992736,0.005718149080732753,0.007649449067748162,0.0,0.08482063976860277,0.0837625100757347,1.671512273687115,5.128868658908205,0.9673820129146157,0.49472192869072895,3.0948291018402783,6.835275132891754,0.0,1.6924400713546448,0.7920854046104943,2.458629261257327,7.510465308013923,1.2721715987038413,0.0995598291263389,0.015062818917627514,0.011299664241736448,0.010420813123235478,0.0,0.004946947985962938,0.0028604965414937324,0.002981825273778013,0.0021097248124930306,0.021104130077605185,0.5375280891382281,0.5915205280608911,7.038001451886832
2.588235294117647,0.0,0.11127781910452336,0.057018651638282236,0.0170699783925398,0.008781984854942386,0.009388825356724282,0.00577502187128292,0.0048983206463908135,0.005377533130905486,0.0,0.0028158933660484145,0.002117298259879442,0.008241111959265784,0.00819895804307243,0.009821969888818087,0.003431666596711959,0.0008259321269308245,0.020230051248413025,0.0,0.21040963769130155,0.18512017621744087,1.0473525667721857,3.641274547783402,0.5334437224022203,0.40109710848704705,4.394543216046583,11.460448645645453,0.0,13.04344783611064,13.531660234794725,7.457389677364398,7.2921983190171105,4.357633950637284,1.1215600772796561,0.09023625484417945,0.0035616814948921842,0.0032549936539171074,0.0,0.0022275781811219395,0.0028102391449853167,0.0008705050742667047,0.004569271330958774,0.005815513936672915,0.13184600244546132,2.4508511009235754,59.597716518613765
2.6029411764705883,0.0,0.04716921830223847,0.048951228758743345,0.011820793855267278,0.008231102371127282,0.013136464190400134,0.007574994570214213,0.006803118790203675,0.0011375323206248402,0.0,0.0006336431876591507,0.0035621356609702205,0.002750133314483682,0.0013939378469070513,0.0028004373897472195,0.0012530314810475394,0.004829999258503356,0.012234310962363059,0.0,0.06095702587100925,0.017545293416238415,0.9642484956567761,1.7851577811547297,2.0194433051214,2.0246899537367065,0.9285885540849027,15.859463477983201,0.0,11.604165943089459,5.565608726807193,0.2903373358703146,4.230266033733416,33.88484812307641,21.597311363035658,1.05331150356485,0.011961111519585808,0.003757980646893444,0.0,0.0008658848244063128,0.00201538208388631,0.0013643345479535053,0.0024810983130463156,0.009997323216005466,0.05568940251553972,2.4579998363338946,29.726835999502676
2.6176470588235294,0.0,0.03904634985736552,0.06743135543107004,0.03315019871417472,0.013547639586853392,0.005296611541784606,0.005410924037875995,0.004146813145294043,0.005566201210345519,0.0,0.009901107659596835,0.008213021642943281,0.0027120456665377154,0.009401177076090223,0.015571571416774472,0.016233186350401704,0.006102664660348915,0.017234584498389414,0.0,0.20860153221677746,0.8565876447281299,0.8845054490463973,0.471822180286263,3.6178361193925372,6.31078288426513,0.8163200056371053,22.265229358673242,0.0,22.44719964167416,3.3906501898520305,15.031248851650092,30.059627578243557,12.591740320539817,19.081835140020985,12.090288778509855,0.8016064780746748,0.06949886022518238,0.0,0.011395872089403907,0.009033403233048033,0.007521807928445684,0.0022628497621248913,0.012020219680297648,0.08687781697329805,7.00141391299441,26.231717202988214
2.6323529411764706,0.0,0.04655033302681124,0.021875328234463975,0.00969401533616957,0.0053191553135159214,0.02633575481436392,0.023751797610682766,0.0069750484514366235,0.006561333580547433,0.0,0.007272207636939774,0.003871177283897979,0.005635496364938618,0.004577987005423385,0.0028283163855567527,0.006516825032976565,0.002582786988454619,0.04286158049689398,0.0,0.13664096572242873,0.09703984569462082,0.924415169101338,2.892685887233938,0.4672658577955313,0.16961069557089845,1.1073801798913172,12.057299042103693,0.0,2.416036911323519,2.892597697000042,41.46128271828498,113.90718417157467,124.32254988815576,25.69760138216933,22.681307010193684,6.140880431453611,0.09870019330722712,0.0,0.0019588099710082943,0.00366804412761893,0.0025683224194940966,0.004211848580943208,0.0021294068649239497,0.13593719561670695,5.837254868719775,62.08106568912452
2.6470588235294117,0.0,0.04438180914409453,0.03133400167838624,0.01079736721890825,0.012278868680792334,0.011104555637606308,0.011250470834710478,0.00750639961443742,0.004174011918752914,0.0,0.004312479598126935,0.013737241322063387,0.012319665057621993,0.01044707793404414,0.006506235032517173,0.005185444651104369,0.010018012894350628,0.016406101582138292,0.0,0.11721493136392552,0.7009101608923392,5.3345472243587695,6.844974650671052,0.16661237329695822,11.009362983037956,11.841256510526978,6.480848228768421,0.0,17.351891033549016,7.715045129119101,4.894011724954638,17.6000043982041,25.01821050526977,51.466959119172046,31.79878750481101,2.182493839686433,0.36005955665207423,0.0,0.08133666470038349,0.009807133679215626,0.003975194093584348,0.006611347473815914,0.04502722573775259,0.7024959112672482,1.4264803389021177,52.98929558198025
2.661764705882353,0.0,0.03778669761637335,0.03000536582381679,0.008108142529864366,0.009157195477166636,0.016011912763794822,0.010691497614080907,0.009490366459307776,0.008222623651001935,0.0,0.003150051421208509,0.010009054249270252,0.014444774141952927,0.011897727082750206,0.008890301867692872,0.01191985308937878,0.016163523082317954,0.027681797290571304,0.0,0.12594803656877168,0.052904561847667134,0.047586371048962996,2.749792039265624,2.576695258099962,3.03643232917581,2.8474981492102973,10.77490687953706,0.0,16.00696527203164,0.5268614365841677,37.55972190329038,46.880646386064825,2.805818261502689,5.707103454175661,4.850093905602523,0.19536655532485372,0.15716236376022513,0.0,0.13332327822714599,0.010109404392318349,0.01234377962302008,0.010355818991896863,0.05121479699443559,0.9289761509216742,3.180175898355051,88.06529432820042
2.676470588235294,0.0,0.07860364946578742,0.03064685901156508,0.023690458804803294,0.008395450852371693,0.0010907826757607013,0.0038467150363112237,0.004451710723541811,0.001888830227949958,0.0,0.0007559018654806726,0.0013023015152701005,0.005006832749933131,0.008382259948994518,0.005877566444561925,0.003274742833415641,0.003565743362285875,0.014818826156163546,0.0,0.012008015795042962,0.15733920687228548,0.20961394568374986,0.5589997316633457,5.03357917609416,4.574515633096566,5.880350697080175,15.665392901609899,0.0,61.076216944875725,31.86296947335543,5.959650021158156,17.255961061422155,1.5392322653935422,8.373832803114322,4.404616255269527,0.49187178706769397,0.2040002845413725,0.0,0.026617385722083914,0.033884222705482664,0.0072436739443076815,0.0059535783304022535,0.003521031540442818,0.08560268668557879,3.594875722564082,64.12121381526283
2.6911764705882355,0.0,0.07299090434694237,0.02453488500756374,0.006961120203664916,0.011790622791238454,0.01569236176949906,0.010377994928400502,0.004043518379527862,0.0033210219235160323,0.0,0.007610395783935667,0.011475797739589491,0.011303037633850934,0.01151691412728398,0.005297837262413579,0.011737979188379611,0.007635905747508854,0.0065620796390492685,0.0,0.015670866654159028,0.04495539490674552,0.3862385317633064,0.7996216577507064,0.3870844728542526,1.3631103482869884,1.8827576643962936,2.674100048925901,0.0,15.501300105833174,53.67801890235185,47.43893183476827,23.232423290043883,12.481422342379702,0.4396626308851475,0.7300436320541885,0.14446554875102705,0.11192199290752805,0.0,0.044767335602075506,0.0017235739203804083,0.002626633073844282,0.0005226859541976336,0.008218023285867588,0.036201386806913885,0.8575432254776603,10.779716453148211
2.7058823529411766,0.0,0.06793216193329604,0.02135919826245232,0.008873361512884505,0.011203468252601927,0.0024397297369379498,0.003937961140430129,0.0023518411868046693,0.00329090561224964,0.0,0.0028344186574404953,0.005383514409543329,0.002914167660296488,0.001280453404319299,0.0014287420245351434,0.005125715057832119,0.018588993195619744,0.005125046029123137,0.0,0.05576009664540024,0.06603500323834532,0.17307169499124542,0.9667146361748984,9.84358298452834,11.800143472959242,11.060620974700521,16.69351723271622,0.0,15.360914529077242,13.183399035494272,2.4609653638862845,2.7759336489542417,2.7470309065941265,1.9262182751704149,1.9967714349776475,0.2728382053576797,0.057619133754282556,0.0,0.0096291438544271,0.010548238967140043,0.002598796961555471,0.015169926002108161,0.009746567805651467,0.08808910900999162,1.0330722366519494,1.9386201168923827
2.7205882352941178,0.0,0.033333886561828306,0.024809060790109402,0.018172057176618402,0.02183416770103054,0.014994757515617954,0.008383774818991777,0.006302139575527352,0.004429857432494569,0.0,0.01041037708736416,0.0063491950613534485,0.005500230942122575,0.008966601542369619,0.008726064000427556,0.005335743771700328,0.004542423445775837,0.026634014800890955,0.0,0.004412453368135626,0.5278423993644263,2.2319416919359543,6.322546681139984,8.162072713874924,6.1982027886590405,1.7206901699699984,3.0362422799817717,0.0,10.882623125858302,0.6189237847026341,10.996846968329448,9.485888996126624,1.4547895516944442,0.2791623293719652,0.05706160759140555,0.046189222455208165,0.0718013330639411,0.0,0.002556605487132262,0.002297949992121162,0.0026266180753461814,0.0016038539301957355,0.001831907331637672,0.17951837353709504,2.958567470862571,35.10096534108823
2.735294117647059,0.0,0.017696236630040836,0.006217877431937155,0.006066619703867482,0.016946966799699335,0.004659205530138818,0.0064810680799054,0.009595090365561231,0.0067849314142933775,0.0,0.005009281444045165,0.004807560140080975,0.0063385236075376074,0.003398004648907101,0.006350349507279231,0.018406551542724615,0.00988434197337188,0.024011484452495117,0.0,0.2195988023852169,1.7275921729407462,1.1341289199501445,0.42725490054746573,1.118422095656199,2.2481516498087304,1.8456352880021034,4.424987952965199,0.0,1.9526086777859488,11.5894023027513,6.510475964774508,0.5272358265091479,0.08546416838535044,0.42663663191297196,0.10271676475293232,0.004048192122136387,0.009896846702678474,0.0,0.0036847649855895853,0.006079653873593214,0.0023354715948717343,0.0022149267015951013,0.03361299734201327,0.190898614233261,3.523760418485417,104.7451829531679
2.75,0.0,0.02759372012977885,0.014245588706988735,0.004962649576144139,0.011632889508858442,0.003966058699603048,0.008975241445908657,0.004053854163845654,0.004765935263747322,0.0,0.0048589468429771545,0.0053171453546407696,0.00601819623421135,0.0018303574806908997,0.004711504046417161,0.009175578463011522,0.006922790544991617,0.008270599905973283,0.0,0.12258846210532262,0.7677153754580914,0.8645865915379248,0.6831092170134665,1.4487494057204653,8.703379763039324,24.64317395791428,10.707177491783204,0.0,1.7174662181941347,5.194671651340113,4.777164063097489,0.31270115083325734,0.45002594485631753,0.1532763330474724,0.06124109885466696,0.02447490215215721,0.020875426350869537,0.0,0.01997945648039245,0.008009648657652092,0.0023531141059522764,0.006877743320612249,0.021673664277909836,0.04217672044784927,3.1697318368298832,13.004551756511276
2.764705882352941,0.0,0.01622532659138996,0.002673048556712854,0.010825577639476525,0.002953583944123395,0.008154029514581367,0.010184360725052646,0.005018096194439277,0.002721796834198422,0.0,0.0021766094596043714,0.0016976703214777599,0.003270592009981784,0.004136677021582519,0.003091910114876947,0.0042045996303812635,0.01362231569894936,0.05573154334464299,0.0,0.007639704963717976,0.12127444702021245,0.13636499947040287,0.3780214393503458,3.405529944855947,5.889033001545451,12.41881813464543,4.336134467667955,0.0,3.0119004457772927,1.9973767412315702,1.622132492848154,1.6336207409440366,0.6830861681947178,0.3579303137414707,0.029885476996970597,0.011362657134427395,0.023832954536181665,0.0,0.004139126177251383,0.0022738132239467864,0.001060037615590574,0.0012777708976560445,0.03272136360700678,0.012050511868444323,3.6164735028921786,67.91205149509271
2.7794117647058822,0.0,0.008072557564705842,0.00256013238788284,0.016075488619447117,0.02342577162321446,0.01156103574967976,0.010508129427679454,0.006975297231643019,0.005890542238121558,0.0,0.002439252874987201,0.007161298314714383,0.009603659093066501,0.0049923126961763774,0.00396126033758292,0.019296643550149536,0.01511359174933034,0.008920073378601994,0.0,0.021566759119268496,0.8185312447546376,3.1885797564190765,1.9493158315557626,1.2263104411386365,2.683061683849414,15.695765893768556,10.922320052194198,0.0,1.5507368528729424,0.17779599154929926,8.2823753058986,22.745927788618427,25.23795467277158,9.094503468656756,0.6937470056607989,0.012794031688094523,0.009991994861114248,0.0,0.0010284809133764513,0.004674535063887431,0.004684659161608347,0.00781544805895058,0.014027921372987188,0.2752591212791219,14.66690216697851,107.26779129487657
2.7941176470588234,0.0,0.02172777110078264,0.017742677001338227,0.018079233885759226,0.01209100562724786,0.0039039129515379177,0.007950257312292182,0.005809889693646226,0.0024411386744953266,0.0,0.0016236069478514853,0.0032134145645125196,0.009788156719926493,0.012165216699182088,0.005888326190968861,0.001878922222562686,0.009726395815088258,0.04317029385301541,0.0,0.16415317347799974,2.008679205369223,6.3641896598493695,6.821465859342098,13.407341312087578,4.482413366103409,7.191191043446475,9.53998698504543,0.0,10.19451043224583,5.777931197107974,4.142136590528452,16.319441678300088,41.629875658152976,30.50678365392723,2.1092095142096725,0.22947603602371416,0.005395753446981276,0.0,0.013397981520393773,0.0017666592812763786,0.0028801328220894617,0.014202122954218884,0.02625904163397629,0.029633114248208397,1.1965922096366182,26.740603759645154
2.8088235294117645,0.0,0.07378711414340612,0.036769306620781414,0.0314367453292359,0.02800680609524815,0.0378022727255764,0.01138901417439995,0.008379436992567206,0.006395531952889059,0.0,0.004463054343740413,0.011915339117469538,0.011309270206181138,0.007076029255823248,0.003691842108629669,0.007999364597561003,0.0033124479238493937,0.02305713601104756,0.0,0.0709459023641506,0.3591806356360666,0.3089465538059497,0.787500116275093,1.5989501171824885,7.315828613612435,19.749932134447647,11.995589094078387,0.0,47.63976311445665,30.483045425958082,11.07174409482505,3.168873657827138,12.095265989615369,13.993819466236182,15.180889470437165,3.3699638295700276,0.10230824489124955,0.0,0.0019436985827633306,0.003773883085312013,0.004968706089130949,0.007898378608951716,0.013632230373095204,0.028313417998629114,3.9735688297012217,153.21806143153606
2.8235294117647056,0.0,0.03871506917446473,0.019301139641166674,0.0275661551603453,0.02568689552157826,0.024163530408225498,0.015476682491607531,0.0032236176830099258,0.0033215115635135298,0.0,0.006046587342441639,0.004377335246638373,0.009288062059297659,0.006461025938291046,0.003390289370397318,0.005764859390623634,0.0025354616463069456,0.08175526524631427,0.0,0.26946163697543174,0.36328095483390294,0.1310389581906123,0.39871968606007374,2.313279513962959,0.6251981192326543,26.508943528132928,99.70978633669087,0.0,69.1892448271925,9.63503470541613,32.63908163687307,78.93460636436164,66.69676022753941,9.073526206509491,0.6610372656408999,0.3231335596254845,0.0740962848786729,0.0,0.0025423090625932084,0.0017721047056281714,0.001702308534293368,0.0050158865838929225,0.019956625004574773,0.20628377814755605,2.5484658861456086,21.740675940430677
2.8382352941176467,0.0,0.03685624283916561,0.0060936267119296615,0.015572845913926842,0.010296794726289837,0.005483376159162249,0.009942626413764848,0.011049840512243902,0.005975438728580254,0.0,0.0027991286212456865,0.006936509187831704,0.0017695455880896455,0.0033707738912235117,0.00669381206253509,0.011474121804284471,0.023776021661246916,0.006027510522336689,0.0,0.05199896735510412,0.2052465393352062,1.4164092719657417,1.5374742458476915,0.27889289826372937,1.1980576839066939,12.511179223480529,70.23693983332709,0.0,312.96505672329783,406.9566230853243,149.3774533034473,8.361611679829132,16.331970073543328,1.1436954671006911,0.8135349290991349,0.36655047245125605,0.029593387195952156,0.0,0.0015786191212467933,0.006968753850653496,0.004699651033866223,0.0057874924886960714,0.004658220928078402,0.16217781291106842,0.6946433659565958,11.51567495149341
2.852941176470588,0.0,0.036225790016524415,0.02081869555214119,0.019275181546483295,0.017292870334850975,0.018894528775869092,0.00779773985456884,0.01015707829876265,0.004550961304254761,0.0,0.0011209995447649097,0.01127529065627865,0.017860000532858158,0.02241390399430595,0.022747013436454556,0.024308792053415258,0.02664295657853373,0.040683901776832454,0.0,0.42488680378612165,0.22515742842368808,0.024462973286760135,0.3516642222561228,2.8969758609704908,6.2206697616333075,13.520043390183442,3.8543595289403845,0.0,19.99009129005063,106.43216316933217,676.1158584798045,706.8075916598111,147.78295147802768,36.74444739909367,1.225933205909751,0.0873344088836961,0.14341525822944662,0.0,0.01781611978872846,0.006840669480680852,0.011282250507877222,0.0014597455716891146,0.01266812323983626,0.28546418401443835,2.392336795601178,21.236926635647098
2.867647058823529,0.0,0.0061841038228522,0.014486396135969687,0.015159352158604741,0.018114883507702753,0.008088613904071283,0.004599505777266123,0.006994417204883887,0.007086807748590076,0.0,0.006435239836552564,0.009461427569907411,0.020287423792076563,0.010345691271136192,0.006028774077986269,0.004168675943500397,0.011448487077359324,0.04324975534559143,0.0,0.31340777470918074,1.1474660897174718,0.3576307692340665,3.822539043245552,2.0786787932007105,13.038447016456928,9.556181238995748,2.6384022986689555,0.0,8.165918391288022,171.94528401129216,761.1798173391428,587.7882630970348,1040.3485526502545,1067.5888920866867,206.5678696836561,17.854022345089447,1.106254299780105,0.0,0.06848427815102984,0.011218473117939961,0.0007381809283340804,0.0015160922263981354,0.006370958504380075,0.11227282276807996,1.1699772025214608,3.210966516165494
2.8823529411764706,0.0,0.034106918798072344,0.00992561861120908,0.018411902472924756,0.024789794005329997,0.010192277057052005,0.012038227921212388,0.012760372277568606,0.0062149538226410695,0.0,0.00354311786972284,0.02917195200256954,0.042285322721281826,0.025090898204302547,0.03140750045116711,0.028509925585707,0.01656274784740463,0.048878358768524637,0.0,1.4850061896564015,7.6738429716522045,5.561875405933103,0.15163322085288086,0.34133423554482095,5.164199805675196,2.8339654556958713,7.210406023535434,0.0,9.689140766735601,27.84399737716753,302.08512060284056,413.98875984661123,54.531607093323274,546.4207825991186,1741.7202221257928,397.8298007839228,23.712749042545994,0.0,2.5400635657235164,0.24632387789562996,0.04673807636292657,0.013691674412230476,0.004146585040600426,0.05867271538548484,0.48214363582959885,36.12520987262299
2.8970588235294117,0.0,0.0798753849169479,0.06821780135750177,0.023664878048105686,0.005792035026816853,0.0076887625621992655,0.05953941867067203,0.10942401443364594,0.1039776803672238,0.0,0.09004725484549758,0.04239938349097775,0.07067793080732325,0.09417046110584829,0.026760117605722413,0.14834295853860982,0.10876515097330403,0.08071580026519756,0.0,0.25110541777532874,1.4855045720689144,6.724456992791662,5.171619764715597,9.912270072270239,27.698809115448555,11.963927073813261,2.448676145688159,0.0,8.916719362015815,146.3554982098484,134.72629790405136,3.2631316139770576,49.240303858169355,177.8500723006934,1600.893887128206,4613.462947960659,1583.3929170286194,0.0,78.3908169918971,0.3538809709778117,0.05468262434226899,0.023498709254726816,0.06766882726467985,0.29528290581078076,4.367654123953903,42.82881395895083
2.911764705882353,0.0,0.03562242132937038,0.026687948171924162,0.017528745081899114,0.00425949133997073,0.0389240673890347,0.048502058119227365,0.032655514867783904,0.017265274223060015,0.0,0.00780829548381938,0.01790405789062646,0.07963082508263496,0.10546889223731519,0.04459323405071891,0.1212495089343833,0.1552120209666139,0.4744003899059729,0.0,0.5885340589766449,0.9113289914393974,1.028846414310578,1.9833002358816612,3.44825596179672,5.4004460917125074,3.914438918348176,58.607281033595214,0.0,83.99029028600796,20.068161916332983,33.525820196390406,300.5176994633484,1491.6704895117173,2072.0545500219587,1878.9899065696827,1195.702570688613,340.83240184932436,0.0,113.69637053219785,2.456076873413959,0.0993323516035591,0.07455008859264833,0.012173367470391685,1.0170111182462456,11.117765940539796,96.03605103388492
2.926470588235294,0.0,0.07338283642829956,0.06935227025927912,0.052658503834628154,0.015354947978140647,0.05761843532650323,0.05387588747642652,0.024855036499108703,0.033247324422021225,0.0,0.042878100460637676,0.02566764801011003,0.05380572681860746,0.033925763738015986,0.03720537542033864,0.0501196252413959,0.10581440799909891,0.14116036359311407,0.0,0.554096999470056,0.6138019285582196,5.836143171091981,10.938915728702364,18.035445847021847,11.201391615166624,1.0421921925419864,31.595675082257657,0.0,32.598077392455295,0.21906496269791448,167.0285919028047,823.2808185541478,437.41127705033847,51.83347324869033,149.84563648818929,116.74585372391601,142.29975609020468,0.0,50.185579055006876,1.4917550878880048,0.10358749738749284,0.013302261893119676,0.07129412188824415,0.12275754342123138,3.682058856471989,90.23522580433419
2.941176470588235,0.0,0.06100866889007043,0.12547149113437395,0.06425994260311567,0.03550712157126468,0.07453137299989199,0.06189194401689916,0.04928027988418556,0.018262904751631164,0.0,0.01147771174637112,0.07333689878133673,0.10771693624656412,0.05653919658814807,0.060468594808982326,0.11203391997182441,0.14255252317982847,0.2474963409129371,0.0,0.6357720412147889,1.1705792944909954,5.446333438410486,10.552631055303973,3.878352482229742,4.894182054182969,3.9554567526510405,2.5078859598528895,0.0,17.131677939344442,101.16565088947725,41.174377016335555,2.601209735831582,13.720431629893184,20.477758559021325,15.503674609261989,21.854979940120053,31.444671480451206,0.0,2.8944893434103505,0.3598814669581414,0.05896147109011065,0.005435150003964586,0.028343694126819537,0.036061554389780724,3.491168786385275,74.00813886741098
2.955882352941176,0.0,0.04217010931212624,0.011181399815139796,0.023294934298868527,0.0350296462953382,0.025442509334255962,0.01467994562780889,0.045218329427040155,0.03876294751520572,0.0,0.02098210466394638,0.0435550036331037,0.04235716352746169,0.004345507683210259,0.03661383202971251,0.05473409906097494,0.0695027622321747,0.021148078963694035,0.0,0.06394304966632722,0.7286352198856174,1.721290441431166,8.844087459836743,1.3492485385427708,35.74148946741094,19.92033802612348,98.55455501238472,0.0,192.62755545564062,108.97367572025323,29.598114161280705,4.365263252766734,9.682479695200772,18.25101118350449,12.208159933277773,8.91880670272071,11.624564162909431,0.0,1.1980693889642053,0.18324968618033527,0.01605885907941218,0.011999728373084644,0.002633647248506371,0.02957326376491646,0.586906707130717,13.10892494958326
2.9705882352941178,0.0,0.02841594455356833,0.018392101554487995,0.05020957122636477,0.04338069300519,0.03531511741253847,0.012839943646704953,0.02421712865294867,0.039897227709936936,0.0,0.014675911899366512,0.029776048159984046,0.05463679866580618,0.06581709231652139,0.028911721521150163,0.002373113766443186,0.03916016567136775,0.23938089659887665,0.0,0.7000736906922722,1.6422761382103244,0.1946674846006906,14.661890749812137,22.08562060981461,36.38593195465608,119.43660743219513,26.588827516338966,0.0,35.45191192933942,14.323451153992853,11.526597761463359,16.384055336382623,29.36737534867075,54.578596420230085,37.50521683827044,4.214625183906395,1.596289027345735,0.0,1.0383227169868043,0.058374289761497875,0.0375436109994122,0.005067346999486943,0.010931912163760502,0.2388623820068337,0.8231731618919473,5.97712258463784
2.985294117647059,0.0,0.040762450373095956,0.017414561128991236,0.022110848030522746,0.013991395130182029,0.017607882001878378,0.030303291602482536,0.029088707024580867,0.0250103548148993,0.0,0.01885825004734714,0.012383701029839917,0.00974633035035087,0.006347107158693008,0.02465796145741395,0.03635930362951395,0.00614209690529456,0.09619329786735449,0.0,0.4661978692138329,1.1248557844843883,0.5109176050525377,3.8688369937048286,0.5847659515311132,5.802955514455402,36.12624807016245,69.96097542208099,0.0,55.36986859606465,29.92626763711808,0.9093355448760286,2.165953025718741,4.694015754131216,20.897543670797837,13.573370767483263,0.4705665949506445,0.3616948535720678,0.0,0.08591434682392748,0.05480396099528127,0.006385806327589089,0.0038825129702135413,0.010327458078015848,0.4377224003968334,1.3373104292478122,73.62841369484633
3.0,0.0,0.037882068969928115,0.01676499266045945,0.008954956952205278,0.01926146750995934,0.009892858694305295,0.007528719917807641,0.005105893362021242,0.007926317064523992,0.0,0.01198053725232906,0.008279676749086846,0.011730377632548767,0.03278844083585004,0.036383710125457075,0.015549882526857219,0.01993957534036323,0.036404756776278184,0.0,0.07998706922620025,0.06257311054093723,1.2902464621877323,1.923995765098634,20.767432141902315,2.9413103431224523,10.50388316355634,27.77552889419438,0.0,191.46547199954108,178.91773065481678,20.65498065568313,2.338124833030915,0.19929863617554383,1.1244658377737338,2.7308278664529286,1.2552972568138023,0.35145807473965873,0.0,0.31015293023218515,0.0953235182776412,0.0037091485325534885,0.001146533792979386,0.014887016457879657,0.12716045793194491,18.863280818763435,254.60945273896706
3.014705882352941,0.0,0.029399685373750956,0.009565460156144429,0.007711439939154564,0.007901280265424552,0.003569906699560788,0.0035074107502498114,0.00476708296431886,0.005139344030513451,0.0,0.00706111358871173,0.009196097454724623,0.005060890845130469,0.005916151070887032,0.009642521571225516,0.04243372391276294,0.059511667742645595,0.07780506401923912,0.0,0.17907188824444215,0.5131516889134833,2.898982244294758,7.855812371139487,18.56011209285763,7.508647378304151,19.99865363812462,13.919189175218568,0.0,37.49811117518122,94.94091129313347,92.54765937215718,139.8899218008081,45.597217129761674,1.4849732997675442,0.6488309897899012,0.13649355392198817,0.16491907241663395,0.0,0.523230196247485,0.21835596812487387,0.007576503903252527,0.006129270877944341,0.04967612469744453,0.32029936252044294,15.372892679874333,18.07995452927043
3.0294117647058822,0.0,0.058459065886911514,0.009240058502827919,0.004261443076018249,0.0039342993015942735,0.004989274978638584,0.00655798420805213,0.0014701505037898366,0.0006206463285547014,0.0,0.003532909320807979,0.005333856076530652,0.007918544154413882,0.008815936352165769,0.005721953842726759,0.015646543506367298,0.010722789438031928,0.04542691956408207,0.0,0.5729776253531315,1.6375826637613433,1.7275998592807738,0.6892403979830303,0.8647203960720033,16.349822693488925,38.98068820418026,2.0627593856714554,0.0,39.81092871673959,13.586291298498338,9.384200066365828,42.43444923221112,527.4510708694685,337.63687496337496,23.07764514792204,0.6542153942704717,0.22538143075385839,0.0,0.04405920256623165,0.16277848080114551,0.00894336624106194,0.003860718832689691,0.007783931068140895,0.12112137584036033,3.1926270854956886,46.96858429069343
3.0441176470588234,0.0,0.05693495030615548,0.0038687205248820527,0.007496055464919528,0.010854121878815624,0.009380389566086314,0.009152937813755037,0.0045264813771597676,0.0025094583315538434,0.0,0.0038787685400654233,0.0029600443906791407,0.009011680117728096,0.021939944825977623,0.04544138893085543,0.03909674754218041,0.015932065016096907,0.06394751702673526,0.0,0.27998511237209545,0.776528603802338,0.5751069347686393,2.909310224010308,5.382650673695698,4.466870627772537,35.94716367272339,30.622425892904936,0.0,1.7555613610940968,18.47140653631274,7.438655310187123,15.535474154713606,809.9756519450635,2468.7529025226636,816.0936628638797,48.18809510817063,1.7701549724832641,0.0,0.16369920054647003,0.07813613080180615,0.0051644043984545454,0.005646267851239667,0.015235820822525128,0.1332347249441731,3.671294233754841,55.26748418299765
3.0588235294117645,0.0,0.02823750588429172,0.015192845762801716,0.008883059626419349,0.025590044576371516,0.017585044880097028,0.0034641058856090803,0.004925159481140685,0.010056742414989231,0.0,0.004829155513974465,0.0073248514023182155,0.018111670418773915,0.015303166358722996,0.012582334410585566,0.009453857603489064,0.011684628494939717,0.031987366524500266,0.0,0.006480080718438481,0.025452330226420027,0.14580775026156353,1.86564091255143,6.952613476689361,43.65900899941636,37.091235472507336,48.64112669276882,0.0,36.507819142023976,15.426232827302192,5.814988690149294,3.80573460809406,146.6721604749018,520.1623719647756,696.7219751935047,156.61396134092965,11.532585417278623,0.0,0.4648637652209169,0.0992310857187125,0.022431118944243884,0.007381668592203415,0.028839376798397674,0.28126736254860474,5.422012211987801,27.335839489322353
3.0735294117647056,0.0,0.045224109358507694,0.03202557944346851,0.0223552325326908,0.02549412473584573,0.0171152239876312,0.0151522720958477,0.016184661602009764,0.0063404416419336855,0.0,0.01046787433448444,0.011513298558282417,0.01271249201331638,0.01126321219715868,0.017114301245121723,0.023465597800051037,0.11561596138658568,0.5409778220418671,0.0,0.7195853074228726,0.5957559603566124,1.9280297881559139,0.9360860144952955,1.2158967902990612,39.13514006739602,72.79112219141598,95.46326615530997,0.0,240.79663804532396,103.23013359906065,28.459454040373373,140.3631203209672,89.64447252758798,22.969757623307903,84.44425277607544,62.696215688461784,24.244092746152372,0.0,4.74579155859401,0.2041813161208793,0.00877646647292543,0.005300683244216965,0.012567402657611075,0.2258108210484176,0.3450427400143266,3.2890241446922888
3.0882352941176467,0.0,0.12100098305936696,0.052967776262106775,0.05507172675345948,0.02796284413507514,0.03641188705324259,0.054915213483687525,0.04797094052205962,0.041572044007885965,0.0,0.01726727723156742,0.010175414075254432,0.020426986164531334,0.021034762815445238,0.019347171291950495,0.006563648748938213,0.044534102329797084,0.086762346442573,0.0,0.36410811581295965,1.204799773978395,0.2811321322362237,0.18714645730844118,5.04172696042826,20.1384886021917,17.881032612164795,40.77832885265231,0.0,249.54583017701563,204.60646443433927,30.205584335902966,9.249136607783289,2.6758177646583206,28.393817029951247,70.18032034476518,218.08219684498485,153.29532049619286,0.0,4.81442371136682,0.7003382798757396,0.01083039172642588,0.005055839452218014,0.026595308840926975,0.524188810452957,0.841260510639563,30.42162923124459
3.102941176470588,0.0,0.08759569623622569,0.030208614471330643,0.048640850415324836,0.10744360419433939,0.027350809093855406,0.01142703159511541,0.011128180356819483,0.01796250433918847,0.0,0.027320099759115528,0.046470761993041794,0.03910420659352832,0.030185152399140488,0.030550189287071,0.04283469682240411,0.022392275697541576,0.03966621061303749,0.0,0.05392667736482635,0.24708036145552142,1.9326190683114386,7.110174290103206,16.42396419842679,11.88256178511288,21.68557872111846,28.523539654668788,0.0,87.9635161675088,529.8676847707774,281.23153463230415,14.578061834222632,9.682941533524914,40.88806031630976,118.83294289603566,115.17314086090894,44.828096719415925,0.0,4.49119609587635,0.44767470904015494,0.016824910919704443,0.019287397583614585,0.03597691248156441,0.1271409689775591,2.2457407022340403,84.12349196434522
3.11764705882353,0.0,0.07495522061559652,0.06901085085567717,0.05606192931726083,0.016674281072863114,0.016474676805951112,0.020488964474536138,0.012160057615923633,0.017871544803444092,0.0,0.021393093106919146,0.019983893627820687,0.024308404714994514,0.018393046952841538,0.01279747280490538,0.032946913996474425,0.0018840975905523034,0.033042797545949104,0.0,0.12497744161128306,0.03239028261744667,0.29178452933494103,4.723027019876054,4.75086103778066,25.129917510509703,54.53706379083171,8.390912577850333,0.0,97.88234803190034,80.35875077370524,451.3144306579155,348.70802062557095,20.848028996888637,26.751470123159816,8.233669931633791,5.971419678457484,3.0576990893985294,0.0,0.2746453275395525,0.01342812151724231,0.01186716175107769,0.007318403097294637,0.02149101508314579,0.28746420934333716,2.078455662801126,47.1814617105898
3.132352941176471,0.0,0.07872773011287665,0.04842540563689619,0.02461152394882837,0.03607651505887891,0.029100550704307226,0.030833128600052308,0.015460471767671981,0.008804292919914608,0.0,0.020069722779223368,0.007710869560363925,0.010659689906578187,0.06490977006708684,0.0593050145814057,0.031144321524236688,0.023610289703980467,0.3543261573784848,0.0,0.513443446107644,0.49382583771597977,0.7337699716882471,1.856590561748643,22.29173733248524,76.67729095000233,9.536219689255997,139.92594439337228,0.0,66.33264226147737,45.06480479421432,110.74523268148259,417.99527136607867,331.3996981986165,5.001900383996132,11.795381759387087,4.67356740245059,1.6637229955419837,0.0,0.01876878542299512,0.011314841164569973,0.005768126090353291,0.001562532105313091,0.01364411491728873,0.15318174100716356,6.176097512573258,59.66590247856578
3.147058823529412,0.0,0.020373427219914295,0.056761123051132414,0.04052781827000044,0.039552088199207414,0.021822650369260004,0.029095337885541594,0.0172121303746892,0.022939873003258095,0.0,0.011946882352296743,0.005382775464306764,0.01549048848925273,0.04835319957566049,0.1231766771787304,0.3237125115233021,0.25092948638006685,0.14579009628287942,0.0,0.23577158560129724,0.5435005851080148,1.1153017482462575,1.1080471299157095,9.770899142921301,175.50845926344985,340.41890996344637,275.28377665479115,0.0,307.8753609337913,274.21864885728246,67.13348334967004,126.37095739855198,570.8540594794163,346.4415031601318,24.213758653803183,2.413658109771325,0.7790154713257897,0.0,0.15300094232051395,0.0477919532432005,0.02252984710208722,0.007383684716932618,0.017010713969572537,0.17253268961305135,3.2898063375212985,37.49853336242897
3.1617647058823533,0.0,0.05131566221131974,0.01818173427842764,0.006376650881019226,0.025912818546698878,0.031924629372921356,0.0167051223259093,0.011782343185638871,0.01872121554353901,0.0,0.019567559884531748,0.01571489044840889,0.02036625520319038,0.06730500527348666,0.0565356024269275,0.03410477166891464,0.030961487835409453,0.11199914990458018,0.0,0.0736664733465476,0.155786322223317,2.9923400280345303,5.242687795431156,18.82003925841621,116.05859252552094,186.55027434276292,104.66501962190074,0.0,6.2700156060496175,163.98148722922411,66.91070373667165,49.80989865183623,248.02754145045458,180.677409439401,13.0733159870618,5.418622674738287,0.9803370158368379,0.0,0.31469386483508116,0.08401666931930613,0.004558305567677383,0.0020586906929949155,0.0020011710688935002,0.3536793285873779,0.8266590595215362,5.110255926134487
3.1764705882352944,0.0,0.029125910910610543,0.01972708175142318,0.03696029880362463,0.018574221235495646,0.02498850665366423,0.023325142457644138,0.029405795567232586,0.028140791712810358,0.0,0.017041587584320447,0.007864470480918848,0.009470136227581298,0.011812156499804686,0.02059476396323904,0.020984463891448108,0.06769199418679876,0.17061102173120923,0.0,0.20003992039121157,0.48528722886491493,13.352524011030155,21.49126604745404,0.37329257577853253,29.424802623429358,80.68586613789182,35.75432406034427,0.0,11.337681862681265,69.58799407853601,57.34083030039245,21.499326194050994,108.55442868702585,157.89244966932165,40.211557194231176,10.56690145640253,0.8950535031361271,0.0,0.12834644610900584,0.03743628088239569,0.0038142864705501926,0.0024251631348263234,0.008058596514115777,0.44957478905934245,12.524187658661816,56.680709423022144
3.1911764705882355,0.0,0.0217153912848478,0.020543575652010725,0.011866495256788604,0.046645207982824406,0.027230364625413638,0.015949879638289956,0.021957547960529403,0.01160304216605149,0.0,0.006169340737983609,0.017306616007267888,0.03113182670423222,0.047415605643558456,0.04981938187638987,0.024613334867815993,0.08616416779729115,0.31984506935549295,0.0,0.13961865626760409,1.108375753022578,14.894284933516861,37.952230478560445,10.25994951923725,15.657435551463344,47.953853798125714,97.59820222402524,0.0,38.8913299159541,20.00205777121217,104.97671390493582,165.40954716626612,20.824536302686553,18.41405594072983,7.008261482801225,0.34798572540815115,1.5692179194459812,0.0,0.2129022991215868,0.004953523105619627,0.008917530126377618,0.006729165562368539,0.017037270445754017,0.13993487971168106,1.8939743568036325,21.488726214318746
3.2058823529411766,0.0,0.09297532242971014,0.0876092828038631,0.0411924100781668,0.03824444694735272,0.06333010573995715,0.02272525091024407,0.015140350151716369,0.018795975257370864,0.0,0.03736662482442073,0.02795265439911717,0.014712374014499128,0.0521801880699759,0.0798913275497004,0.03943499644644055,0.03018386650796918,0.05868072113565931,0.0,0.4826356811061646,1.4021965518680064,3.1837686148572377,20.704842212850334,7.49824564034969,9.997653490882303,15.379893400056005,66.63058511684252,0.0,245.15626959103867,83.48869896115269,165.2852004987608,312.93759559819193,201.59267053153354,7.731659835286671,7.196832484666876,0.6685197839406843,0.2784548831837693,0.0,0.19888203789196285,0.01408258901222777,0.005185012534109444,0.000554184439653417,0.014014884455252985,0.05029472496812885,1.7554819350822122,61.565426284351055
3.2205882352941178,0.0,0.045230783549707554,0.028597153434546656,0.021436549195697832,0.02592041321967988,0.020612133438433648,0.0037314221959627147,0.016786942670153435,0.01126146180068963,0.0,0.011625892336840358,0.010932766135573903,0.01687554021696935,0.03928436131896246,0.06750951069449473,0.0725364025132717,0.058645582390264524,0.06339491080284711,0.0,0.22397039977109656,0.9411690245299331,3.5411337940679033,18.42315581099935,35.310074062413115,27.60132467477532,24.522533312308212,166.7772881276292,0.0,262.2071095498022,46.22015241175559,341.0892042620427,162.47928260112099,125.05189144438444,88.79312718310062,3.1568286049162815,0.09570374762874924,0.13281555139693538,0.0,0.08748917270776574,0.03922626693565108,0.0064157765343606996,0.0036116159211261882,0.013832211738011215,0.17688614264226116,3.708861311949187,74.839161138234
3.235294117647059,0.0,0.009116054302426476,0.02698145110462514,0.015556561548691188,0.002382648953832598,0.01161286382742217,0.011368483486741866,0.00771389408053559,0.009703163334234087,0.0,0.01286027222630224,0.022029183934670522,0.023818547859933217,0.01854557603729077,0.007744039710591475,0.006916513220284584,0.10135394352205263,0.2136284913252207,0.0,0.1872935737696964,0.13703396334734325,13.220928632892793,74.3389345245661,98.8187922324859,17.368342156797603,48.75915801679298,35.351984979490204,0.0,121.22554091325279,1773.348472567395,3151.095806802128,933.5060886284834,25.423779127435253,13.862091404295557,2.8142285922117063,1.989155034329498,0.06466527909715025,0.0,0.019855572741522224,0.025172306201632785,0.013070931869255153,0.01338882876757123,0.08833316778405892,0.6160221595122857,5.331531962888431,62.13684599853622
3.25,0.0,0.05410985806774915,0.022323020487850915,0.06906985260550327,0.06926330452972243,0.042252157712922456,0.015945719864555688,0.02081197111316529,0.023894428826232474,0.0,0.006977020384721238,0.0036109944494641458,0.0030477427231278206,0.005778052451307594,0.009663526491343393,0.0430315325690581,0.052548116179767554,0.0179245509378554,0.0,0.11478378400935846,0.9375071391868846,10.861197791133058,46.14132358416372,83.15086529236375,5.0188198835024815,28.068787579881608,24.61713847456852,0.0,36.65100500423441,408.625942268553,30.07582419908192,626.4313579912717,341.81096535244933,36.01292878680259,38.985103864806014,1.2865013104399,0.08654170682230707,0.0,0.13832464220159607,0.018812847490616486,0.0027800971408787484,0.007980686834173856,0.041222237471127784,0.16780527039325024,0.6118954972191697,25.90526907708604
3.264705882352941,0.0,0.02031576985416813,0.007224697906441045,0.0186364204847546,0.017135543589076187,0.02336252149453326,0.00432070667737104,0.014193604519330938,0.017931708619628672,0.0,0.01685636814787578,0.029765757371298326,0.06414861245945125,0.0659973164345775,0.020478782763468387,0.005717845838092024,0.07589418263721583,0.058924625785866734,0.0,0.837069987197453,0.6397560016603081,1.9420897199287115,9.889861260250834,56.10464723122231,79.94531745324703,63.52019161197765,28.56142399250851,0.0,2.6620557727575607,27.43399763255521,113.73959339318569,27.49733357061219,417.16306622618606,559.9649663444039,112.9277690253763,11.443441484104447,0.269667857274518,0.0,0.08545361549258469,0.02297967454840552,0.011809895307064383,0.010023727016391629,0.020698257245617274,0.09944602575607542,2.0521890846489654,9.687709857213225
3.2794117647058822,0.0,0.053396536127286315,0.01557940997561644,0.006336671854197513,0.014845337640455496,0.015126071817656222,0.011212864514635006,0.015693252174017767,0.02435306625963879,0.0,0.013455678826599385,0.008204373163917974,0.014084151947908605,0.03770999134440016,0.04080579286464082,0.04926240264684656,0.08597407802055462,0.07249367680201411,0.0,0.3518831822129249,1.4203005424195005,1.2471328399798551,5.810940765416617,46.576551755585854,45.93767914079331,11.618890864133423,42.266156984024505,0.0,8.18439710377484,143.21204481681852,70.9109661298319,1.8927984821006087,121.88396930295482,383.9863161847544,226.14279948097317,55.26122243401163,2.63733573075681,0.0,0.21175729043656347,0.007827130488541712,0.01915681992681026,0.007992128745963044,0.012134663100500804,0.0430161819769837,3.037086315920219,77.93783670742016
3.294117647058824,0.0,0.06188787413567268,0.011818219115580435,0.021556614843836468,0.017286620759298016,0.030429921504164882,0.02003557376047626,0.020308406833519536,0.014754636568360666,0.0,0.016487834076614093,0.01694842855054253,0.023117544554966528,0.025876693888570813,0.04208419611294262,0.05866055711849295,0.06109313633986681,0.1569510283438707,0.0,0.061098797839788534,0.18895136805736218,0.8815667839065178,5.052172914714218,47.622899646630074,34.451648698581195,32.775552108896534,112.35521247124059,0.0,25.01751870573385,8.157706800724608,71.47564254074659,45.54477447842369,55.360775738404,227.44382106657662,192.17147896432488,246.14294846348156,38.87182842481131,0.0,0.7301016973705907,0.031680262415181834,0.016936501148733102,0.0022041829305667563,0.008028936100129318,0.10856783931224512,0.8059032967290789,8.817324341224209
3.308823529411765,0.0,0.14085157411607538,0.046268263780680746,0.00810136658464878,0.013333871638720312,0.03048727520595325,0.01483448531313071,0.017520500346694338,0.02455651888923195,0.0,0.02495505211977671,0.02516790820499533,0.02274515144257019,0.013991459015512738,0.010566895337600406,0.08559305773098463,0.1599774048287479,0.110573920955851,0.0,0.6333979979868825,0.7083080402818889,3.1038036593517475,12.524673165480273,16.43160564750094,39.82007520877343,58.391037359267955,29.55178504614431,0.0,44.20308381871569,21.1098593990963,14.996516169889436,87.84611516851564,196.34498331275836,124.46544228397016,61.87539906601534,360.2537523570988,148.79726938299356,0.0,2.1571728743597225,0.03241198285042699,0.005713276102931087,0.003843060355400641,0.009609188379784727,0.07543181622583203,0.3458058115727814,8.63760741775312
3.323529411764706,0.0,0.0744519435524429,0.010775230027507984,0.034750435533567464,0.012126186203493181,0.026309088447016068,0.030173722875034153,0.00975577170130578,0.02342678206186421,0.0,0.020523640276493598,0.019762579603508627,0.025383807346482684,0.030993468105791212,0.023386344695075403,0.02831505737413513,0.05723277492526898,0.08352244058645808,0.0,0.01744226143570282,0.1787420965568042,2.324448728321583,10.228208597585041,3.3309217986647934,38.13828985443335,74.44407652846874,97.49648553612977,0.0,42.85931087406509,30.210343950216508,76.55523275578753,125.23882837646583,85.80443458693232,115.76465925778135,85.13752900769622,12.227663387475456,55.79216925453784,0.0,6.977741789430326,0.05762762212307204,0.01009561850933301,0.016943478648612887,0.008202433058191589,0.05364334937796482,1.9416032378519468,44.54629411619375
3.338235294117647,0.0,0.013644015582161065,0.03558023422828663,0.019028565116643144,0.009786330176092515,0.002738184838639612,0.018473877739795985,0.01288708476376978,0.011922352250340731,0.0,0.00810365129462742,0.020329170467906235,0.02551296659441063,0.011203011406376306,0.0019318077825917707,0.026866397766137445,0.029930047316976897,0.015951966745174,0.0,0.36710052533872,0.8796847195936508,3.557641459790821,5.017489765160613,34.60743487684388,49.99118905539231,6.409017086639202,34.29053258888001,0.0,46.047289413765746,22.032444399379074,19.387951965390812,212.58563009411608,315.883556202391,157.42829354612468,21.779812557846185,10.707322690770443,0.5399453136081849,0.0,3.1973425306926693,0.1579979807217147,0.009712373509530763,0.010803583811798214,0.013223417412772498,0.02750376380505063,1.9798110306038779,72.03838207645812
3.3529411764705883,0.0,0.014661332659980614,0.011821023885528241,0.007032010194687148,0.005009109885680182,0.012936834989465344,0.04703168513549675,0.024848323770349446,0.004882158612113966,0.0,0.010642806811357925,0.010940494935475309,0.006756605852528588,0.04240432958495659,0.02601144689311162,0.0391048149719947,0.025033772961297485,0.03458638587599569,0.0,0.32638692719928475,1.2862069051688831,0.9628482618758336,3.999443880416411,9.577347897146625,36.10091303568487,141.607810060106,69.76539341706282,0.0,36.29805435424592,312.79949171336614,363.4128049269243,70.67102459008505,9.843835972162303,159.78001022348312,261.96197699013373,119.91394813184117,29.6790040478338,0.0,1.3236669776272065,0.18594319525274788,0.018935638814601086,0.012630333467319538,0.025131982634973706,0.16908221771631443,5.884627027401458,61.11454620960295
3.3676470588235294,0.0,0.03077895963843364,0.010230235426783111,0.012886852636044104,0.026789944393602487,0.030864676336058605,0.03360497425290786,0.0046115141844202436,0.018111334662701754,0.0,0.022799624145825502,0.03908861427087805,0.0650951473920644,0.03288981305195871,0.02395357236298469,0.03189993705932093,0.010836791584103033,0.05731428791107453,0.0,0.4985566648956189,0.46580678582117274,6.86970415474754,37.46160145742303,52.304218128581496,39.42521970168394,46.80630960375254,38.52084371148221,0.0,189.45778319938617,11.462498704745283,36.890232997920705,7.557557154140413,16.027974505911143,97.44257461161345,838.3272961487432,850.1082663996357,214.6093630872686,0.0,9.419997477878749,1.2332504352610907,0.1195803661758331,0.0036695098221142287,0.05500100230173896,0.25709335026291463,1.2863282782840133,3.168611712573882
3.3823529411764706,0.0,0.048422452895697604,0.06554029185282403,0.02067511873410713,0.06539391704945155,0.035022340949722536,0.00565247507967503,0.006441243670426601,0.013632372682978476,0.0,0.005848629065764118,0.021227168635073845,0.033797772870992594,0.016267643145993334,0.019668969516755272,0.020930830980584073,0.04698234914470142,0.03308349351974747,0.0,0.24385166247446266,1.5770944155359823,10.476297762715134,2.056462754738607,14.547675998663294,21.705953754144673,13.05472647372535,69.31153772601863,0.0,131.82909926433024,135.49240867177136,33.702977914296405,43.19313378407082,89.30080421971222,231.23476244083855,198.1463685230437,393.0445330317008,454.57040274068385,0.0,89.40108019378204,0.5787649217699155,0.03089479913597778,0.036631435448830706,0.09137884528629549,0.08417430191592795,1.0767327811233192,18.625524767262167
3.3970588235294117,0.0,0.06689425554409223,0.06048210012616481,0.035677489533107655,0.016085235760079773,0.02540786119099367,0.02412178485589677,0.012043179606315554,0.02559234057062357,0.0,0.00957831916819867,0.03356213663865479,0.07232490137959288,0.061866178966008795,0.04550824376665921,0.03947027208472814,0.06337577111814877,0.02916780619959943,0.0,0.3337618349291349,2.6438487588641975,13.130278085615522,5.302068833402895,4.291455266052212,21.354876099339897,39.72171135565806,8.190637388121786,0.0,22.96100080873832,53.688556490126146,18.232412057259886,73.00632940296018,244.6877653012225,82.82234676430869,519.696450192913,1446.1697281206152,543.6712247115763,0.0,18.388133504355153,3.3997314405108057,0.1496938762112641,0.007275040248881856,0.03689425419744437,0.29266611378871576,1.6388604454162006,39.707452317820014
3.411764705882353,0.0,0.031347687411106155,0.01152189240558009,0.02298624530975586,0.021773525827612966,0.027360007544511716,0.030462663336691113,0.04461811394633168,0.03210879106627987,0.0,0.07047118038477909,0.05690136668881282,0.008069425991608484,0.024823345572147347,0.053767959396112466,0.05538310931659096,0.044030166608830495,0.04007807373031677,0.0,0.08222907318190442,0.6713456924856596,0.2760162852091008,7.7920424631367995,20.144742353069436,30.176887751581305,16.967264405395284,32.657376974827,0.0,145.7465701482335,95.2671482049173,14.326324611621065,5.4258811656196375,19.307713481019057,5.9683792795570225,69.06614334983404,223.51119822173627,68.23651256443945,0.0,6.854530537286863,2.273233477299507,0.04944173620431652,0.011177658274424766,0.03677415254515803,0.36880155929323377,4.889647965693954,54.377987366778505
3.426470588235294,0.0,0.04390316095842804,0.01632798661568345,0.015436918394676114,0.006775619428350539,0.022075797136303345,0.02045861180072907,0.01934123551320383,0.01832181686322307,0.0,0.017922242256954185,0.005404608906257275,0.04245907227657547,0.013637262284905175,0.011320771402035029,0.00624440210289952,0.03605478070735398,0.08862562528998585,0.0,0.15307320118337775,0.31373902445928914,1.1598155416179754,1.878232194457508,5.984634765992892,14.42309869115918,31.509302161370748,24.592158842075285,0.0,0.2400323894647913,40.38511054140683,17.989494498179155,1.836423695341759,21.178389365712547,39.030722806591655,41.98305456214946,52.793599466888644,14.27541756727889,0.0,0.8853076084741,0.9517388055500926,0.017423910935622785,0.022795686988325313,0.017656364662425886,0.40451253457814734,1.1078891018590575,8.931229894966194
3.441176470588235,0.0,0.018865377882264313,0.012588327751168225,0.027463858693227313,0.024494269536283766,0.00981127615176453,0.015704727782353958,0.010219792304143962,0.023460359324218805,0.0,0.0015423909530547712,0.04417249251150105,0.03184312125913809,0.04622679313126983,0.03797721271270085,0.0434103460180235,0.04242236293424284,0.14065311934002986,0.0,0.6236052870033375,3.36157595231842,8.196836918505886,3.1929241388918927,8.604096632181658,27.55219367494925,55.677394171002234,21.255673297870725,0.0,77.55271181803295,77.38725190201042,24.843749218015194,0.7917956622777271,12.848937743180345,14.056086308808368,2.5740128076696416,1.6127985531372568,0.3091791189554219,0.0,0.1560421052327268,0.11876166547888808,0.012720555221812334,0.004512967121427505,0.01450768547971997,0.12855341366132805,2.7841021859640405,10.074722291375727
3.455882352941176,0.0,0.024444895668943544,0.0069594248264708575,0.01589962988565245,0.013808514331722968,0.0032345172477503646,0.01124899664973679,0.005338914840090065,0.007650367394634549,0.0,0.01009121773027942,0.00928169116600032,0.018661046314709513,0.013782799228075043,0.0030509277778630623,0.007443317172546947,0.027769599755676635,0.05000598887978838,0.0,0.2152379289630072,0.38125119948922104,0.9314109134196183,0.6047203116677959,0.3396685066769202,4.909243701224327,28.378082792577587,439.41693260298905,0.0,731.4482924423457,761.2473460142453,408.4581438544723,50.16203218112085,6.0402924507299804,1.8296030650526776,2.2455856138859134,0.28929267188360586,0.04520682289683668,0.0,0.023912021587333628,0.018773181960549147,0.0068381198959354276,0.003017548772799357,0.004852174951694054,0.02306513233437641,4.656242822667698,28.03792324431556
3.4705882352941173,0.0,0.039393217935295564,0.02448757709351576,0.014680755291577318,0.010229836239858339,0.013283693538172787,0.009134729659435011,0.010056826054484925,0.008074005457156029,0.0,0.008262328898066194,0.011614829084480584,0.013287186501759295,0.004915416483570015,0.01718426494406363,0.05666068835703715,0.06323304349905877,0.07763457467140178,0.0,0.42151094243706516,2.7589196726517162,5.413318069885598,4.719646191963173,1.761430452077066,19.515923111923474,30.308798888046454,242.1088389708634,0.0,146.11934580806772,13.212331680753792,424.795970433774,246.41447812617855,7.602217127289954,1.301988264555005,0.0199464964513862,0.10889782245727529,0.0814663289038276,0.0,0.020237367107287192,0.010024689215628352,0.005709793888255167,0.00921087402022526,0.014118607263443664,1.0068659053955824,1.131567426098548,66.1826860756925
3.485294117647059,0.0,0.03374522636698235,0.03673560148696524,0.009914915107422621,0.005799160205052957,0.013177303062289753,0.009174504022707418,0.007650437079869516,0.004787097665755125,0.0,0.015561585235118016,0.017447522591710004,0.010327144754327012,0.004233440421603285,0.010960694711204809,0.0038257661362725826,0.05032992251981223,0.03194382418015462,0.0,0.3965192719784923,0.9392220730988924,0.721315444316178,12.31934836294049,11.746032731678332,107.35848341823281,93.35822966409191,83.14121328868498,0.0,228.3051075791573,53.33902939122413,66.00275707639405,466.70758322954765,193.89816095600446,10.390717675085584,0.8034040785668696,0.2147203292673932,0.06652278844290085,0.0,0.02754113125929205,0.004458400404549223,0.002972963314500792,0.007429584318909121,0.008140268244232625,0.21209908779017708,21.47775413993465,319.2329502252557
3.5,0.0,0.042047941771818365,0.006312421475008545,0.029571656681907633,0.01814330376569098,0.005524779686045909,0.016577168425820313,0.007961157557812017,0.003452866024200975,0.0,0.004087192798446457,0.0035854377273689913,0.0024655128866165163,0.0021307101725634996,0.005514624310000307,0.010469927217853463,0.046449753654082104,0.10023802940746435,0.0,0.21722612742172576,0.8910215868887124,4.690191579504591,12.40121905648089,26.38010595252126,16.518826808500755,14.592725189677997,9.163330262756565,0.0,37.99648652056109,20.8408006785925,3.4395342661463237,25.779468845492687,526.9659330756888,767.1604185959393,117.33668991665746,4.92599343822738,0.28252350761918854,0.0,0.055815575281619616,0.06136001737393122,0.009718244370035786,0.003156265654537428,0.018421279201786756,0.16859702949573935,2.013228273421011,57.82790091422858
3.514705882352941,0.0,0.048723390076443926,0.015055257440975418,0.005671980399952637,0.019316581917872215,0.01349403119101934,0.0036608957283304436,0.00796978400301869,0.004398079329076503,0.0,0.005101713194330431,0.010883094360947868,0.018842788577390208,0.01580601432713425,0.025712824951823626,0.03903380276282158,0.006509368017443624,0.09395941921702736,0.0,0.6673879974084596,0.8281755830134327,6.915410707420817,34.69872448843356,41.218150144639395,17.4301965794086,13.744015223236115,7.46048157894321,0.0,80.05151312362065,43.274143255574145,7.895905431442712,14.612700364278098,824.8598830989574,4699.207828436111,2420.816507094494,139.20359902394227,31.17793633456364,0.0,4.834509570289722,0.7346076832991252,0.048232343406301004,0.01292008644562506,0.013452077827003707,0.17889606323146315,3.6298140959669656,52.25837657356415
3.5294117647058822,0.0,0.028219116775576994,0.04139685952365339,0.04459982123178745,0.02573373755221687,0.025026517116156402,0.027764858505496218,0.044668908421582096,0.07917757589314395,0.0,0.05899800915048064,0.030841054889997166,0.007619577042788976,0.01275185267789259,0.08863514369787712,0.13721856562104523,0.16007855428061096,0.10515102748919267,0.0,0.9912860895155535,5.842073371738074,14.625607698162131,14.818862796750626,3.267588295146314,1.4941486225017733,20.15133542025298,175.51139862929088,0.0,220.43206822754036,48.45340961201172,46.7305909460618,214.30223685873585,1154.9671061404483,1099.7605012450394,544.938709421873,3206.290964625302,2981.2094550514003,0.0,572.6012051117607,34.57766683270516,1.4615026088053007,0.10995718171782196,0.03069877760160688,0.13975500564703952,1.745794571295614,7.137952966853253
3.5441176470588234,0.0,0.09632081268425506,0.049228884448571576,0.009638979538458747,0.008416423432135351,0.026297070967375113,0.03939865687264733,0.024012487212548412,0.1060666432712131,0.0,0.11705308447411514,0.10013780331850025,0.06892319230750626,0.0703702248709015,0.029167168688143136,0.012911552747695548,0.04402067884930658,0.18909529373636993,0.0,0.02849851709781641,2.108502146668874,3.3210943399469954,8.66454502650086,6.598145864787126,2.202392069292276,13.951495983888965,36.090550042516895,0.0,109.31156510506042,44.467179885940666,44.5185552085356,5.609806776849885,276.17579375809214,1369.2396901299203,1687.3410129384226,1240.6271313035004,911.2379168036439,0.0,2272.777227748919,286.78326695711473,0.716646204854221,0.1869622200171659,0.16870827008856223,0.924387585114584,3.4419540004358793,7.606949752755266
3.5588235294117645,0.0,0.12475084128040119,0.11372909647301971,0.08574042203023416,0.0547314871547662,0.063407812882974,0.06116279998969541,0.07402082578667675,0.1050115958480783,0.0,0.1326365483089241,0.07182990460067326,0.06485337592683076,0.021143440716702502,0.08739732081363166,0.09890871209967583,0.12185239434875403,0.06984708437063006,0.0,0.3840862913171873,3.8305435104012435,11.324121864426782,2.652335776456898,35.39468934846492,54.631368112716366,79.29291958261646,287.1300583824768,0.0,319.55324258634056,78.14936404404652,19.093528913149264,312.4981183626621,1027.1639611373666,403.50107471803176,589.8849055361861,306.82833939422784,840.22199961772,0.0,850.4703470121893,42.788402638433865,3.6681809872068203,0.21946627755605874,0.005994008390265311,0.1824538564870255,3.446370080516891,4.327745540246715
3.5735294117647056,0.0,0.04153835133467555,0.033468448017940564,0.0398008304810422,0.05479007084961918,0.05355201354912993,0.07255993628077836,0.0671098491574161,0.02966609653714033,0.0,0.0422429446917883,0.05203233645778638,0.16482051005601195,0.16921815389789716,0.026413362171710676,0.12638854283187623,0.2759341141655889,0.0852344027094464,0.0,0.5593740182127657,2.477284028868535,1.9904432231653812,9.12085896636912,32.4253575482772,22.711728299741594,8.178573966328612,78.61983673030281,0.0,56.72861446733617,16.7900541014668,74.91740923033532,1.4096925044613402,62.247383250153185,55.01321044780076,77.35586634807045,81.0757334161559,455.4080321673463,0.0,291.1293556041768,6.923263313512858,0.17179806661273184,0.0648443927361862,0.04505403389467249,0.10164343017783793,1.6413973364692673,2.7367734919705384
3.5882352941176467,0.0,0.060484904078471624,0.034309948753090264,0.021559381602070594,0.011321912321302823,0.011217248441379076,0.023873236405650262,0.0605631095483989,0.0677914734126131,0.0,0.10151790428239629,0.0653296680484544,0.030454438764013228,0.05161137378733058,0.027300979900092028,0.0354260173206935,0.02065687109190044,0.21627960653037803,0.0,0.8763406610949622,1.5759879228059885,1.241017903954972,2.9702043091566868,8.298057846243136,5.529908066782863,190.99467837148137,292.6787484311894,0.0,73.12259092484814,15.596344764734706,89.71095503359952,219.65256785008776,54.34028646447667,68.6814470398177,89.71671791845765,382.662436319178,420.5030880599146,0.0,107.88261688902921,1.2110259618615111,0.1368847110626083,0.017978822759010634,0.029416955087239953,0.07128163187121137,3.476033904836001,15.570153863987098
3.602941176470588,0.0,0.0345421414951289,0.043827623537177736,0.04915439780659897,0.02192347790828215,0.038135442313672246,0.05408244246240646,0.03601907214575678,0.03412882912695328,0.0,0.021201564420515566,0.010975888218447251,0.020781552720753105,0.026988259810158156,0.05352482013264599,0.007377635504566915,0.034247310215872295,0.034996160763364516,0.0,0.31004144517642146,0.5410475765165491,1.4215263799664755,0.4600812729928875,4.5213670378259465,73.07743229984067,119.15444253869518,48.49081870954613,0.0,60.727343517317266,75.84474472031906,10.410164379859555,143.76634497260574,295.28164805733974,131.07970547618905,7.613410995563989,17.752434336465672,10.140533690084833,0.0,1.4613407895203006,0.9151145312580728,0.05093186813162036,0.010154538053297742,0.008726925070446001,0.26454394297026035,1.5527404085705092,2.660566027465342
3.617647058823529,0.0,0.0670587032590054,0.057322984424986984,0.02553919336175302,0.050171763580665205,0.04409523173904461,0.012579195345263895,0.014885151921907102,0.022387628516186232,0.0,0.028649172072261534,0.011510530294054416,0.012390196680815441,0.015568002666830576,0.019547676589051124,0.03431974257463716,0.042717411627807025,0.03524963923743629,0.0,0.372790748523554,1.0095515775310515,1.1734247349745042,10.297888666504639,30.116359266433783,46.943811094622475,19.364815637371244,68.59436230538849,0.0,220.37821695843417,122.43069652860416,17.444086664727724,20.135988420797045,29.708557931104835,34.055575467113414,12.821455802755475,18.862872742179153,10.396532378477588,0.0,1.279893191641354,0.03661679755834543,0.007791977828283607,0.006222798674089471,0.008421393407513932,0.056115796017747396,1.7837678237478019,16.19677545725509
3.63235294117647,0.0,0.13959211418278994,0.04753145403972836,0.014562022628881318,0.03047829532842156,0.030728899855986473,0.022919156671494963,0.02857487118487191,0.018376416079458557,0.0,0.011571291640284455,0.03524583525786386,0.034473343180381075,0.014900342655603183,0.03386822713599655,0.10111638570273696,0.03366675436581021,0.12105564961034757,0.0,0.30110323551261525,2.5138160670491425,3.9381673218001882,7.808835691643585,27.915994711855824,59.1659055140467,85.7583337389532,51.24841028778196,0.0,13.76659417529153,114.61264431792674,79.62587404639645,1.5221833751522105,16.903456350297127,41.92393837757682,19.97367314046977,1.9355322243000272,1.0101348908092482,0.0,0.13302852656567243,0.020048510915100223,0.006027638382390238,0.00319304546363419,0.01748964789514189,0.10357393230255951,1.23363027391609,56.515381663484035
3.6470588235294112,0.0,0.014418249870529407,0.05237249456718492,0.08909249041146734,0.020495801825656967,0.052087347338838304,0.035889333531815296,0.05479869934903707,0.05167891148204306,0.0,0.03192998530367002,0.038006505312669914,0.0319532560240311,0.0378374318710122,0.07711237931977377,0.05694580242150606,0.08534008657891415,0.026274046441439176,0.0,0.06191927093961094,0.932782381209617,1.8794060444700156,6.852050100506203,30.447790694568543,21.262641320676224,36.70352982575521,35.037657107876875,0.0,15.897445411812901,93.3074125547318,168.97316567323475,26.89587402860096,33.541875049982494,61.90448403741911,34.05614301188007,10.004404064480688,2.390637727123388,0.0,0.2606591131350608,0.022242588371968346,0.0038412303950907003,0.0030608049655794886,0.009729745476684683,0.22676416746758205,4.506740673431475,209.39616734362878
3.6617647058823524,0.0,0.06988330045582247,0.0290078792036386,0.04073646501176806,0.03854724126573012,0.037603972438734944,0.09385509042515294,0.07195459855184139,0.07026686072733573,0.0,0.04555886964867123,0.00824115212080707,0.05271328301348051,0.06084555301628992,0.05679772397604484,0.048902888893268395,0.22344461598464468,0.16057424043003443,0.0,0.3443496528042793,0.6400522648503263,1.699740035937452,3.5703721488337012,16.110975519642366,41.061607385177325,44.57214817259503,63.722308424289714,0.0,63.59703963696163,25.285959425177193,68.53949961327588,18.616983988060234,2.5632043976590735,2.8202541511645713,7.550385128026096,3.072186394155784,0.3282554496562021,0.0,0.012032390752836391,0.006675622625792881,0.012734220587782633,0.017174979140717923,0.035132045439423165,0.17236913459470407,4.235948597428387,31.268258325542405
3.6764705882352944,0.0,0.054764599013925164,0.011929372711630378,0.015212054760485995,0.01293284839097822,0.005985835183093549,0.01924970960766777,0.03272891157547341,0.01468404972623142,0.0,0.023815592735685835,0.033071067598603884,0.04408924340309782,0.039587025218784336,0.054702162413859556,0.08332269042305271,0.02389636460335936,0.1250781969105224,0.0,0.6867814049213019,1.6867505993743825,0.29603514265620406,1.7519526979217714,11.788926544437565,26.034514326920537,8.264543764086628,58.546391370550694,0.0,308.3432246599889,121.414733603266,63.490485212604,19.819515098332115,0.6209817106785586,1.1388240115796087,0.596825189251811,2.2683395592866282,1.631122108495896,0.0,0.4078161406416912,0.04278454207925,0.0013218822826801956,0.0002903029136957098,0.01330640571715095,0.45529180859312557,3.2801182335160686,39.394389485031326
3.6911764705882355,0.0,0.03945868221962996,0.020215791156316054,0.014664084082599834,0.00497486122833898,0.005621821672851083,0.002010743602625826,0.003841189254182936,0.0026793669249391278,0.0,0.006918672417012457,0.011850407471914192,0.007004380216555589,0.01730557645137738,0.042515181464251706,0.009947682133544383,0.040808749661392224,0.09791095064445307,0.0,0.34526943596096804,0.1056256519074359,0.5359422041082911,2.9055455909932286,12.009101547418162,5.4627920408787105,16.23706753145445,112.25368729259668,0.0,84.06316760009639,890.9386717074217,877.8295648147043,83.55645013258768,1.9126942229268626,1.9170396488427373,1.763607501757005,0.5287962847486238,0.38332989836470566,0.0,0.13500402593980548,0.0036273548636647415,0.015069466736905731,0.0029857868469981824,0.020856901443285794,0.504951819292608,1.0456162307243844,40.932130301014084
3.7058823529411766,0.0,0.019180305443845646,0.013993423205581206,0.00952655306468342,0.009817439198072587,0.004960002833506169,0.004605399139573136,0.003822059380543066,0.0019492634708036193,0.0,0.003452952972452088,0.005092987615410474,0.0033195602808192624,0.0095962192512941,0.01805387354484211,0.04678397852582404,0.06705331836060328,0.103064794736886,0.0,0.7280461327276332,5.574588718191411,22.504465834357347,30.04130559834889,26.21559909357069,4.568093453721906,14.413082223341828,10.798559712945515,0.0,101.60106201688026,35.37255871763467,607.5942880498765,777.3905690004301,110.48714875232255,16.49841519996131,2.2474920076469904,0.5258908142094963,0.3734227347039162,0.0,0.011903928052379813,0.0018433232098122522,0.0031968465319739603,0.0023568686487197696,0.020973245190631637,0.08177740777507211,2.682804001205197,69.24749175452439
3.7205882352941178,0.0,0.0663398874512862,0.02389311932742893,0.024863122034483168,0.017669995936796638,0.0059245561199701485,0.004193300249050545,0.0084021193589455,0.0036900778899233615,0.0,0.009462236847391323,0.001590145444611302,0.0042171555335904784,0.0031928276318268414,0.009793720681065968,0.04181666440403436,0.0482968706284599,0.12579021478511293,0.0,1.3599139413353334,12.638657725590562,21.165930170027742,4.937568129023997,1.3221309619666335,12.900535434103379,176.52770497725646,248.35955330215043,0.0,45.63300898031224,37.0431216586706,28.88724059596519,744.5366103166573,865.9545834489354,127.51508066239595,2.170688725128202,0.06598303876936265,0.2523263877819993,0.0,0.008582424246992352,0.00614834246827155,0.0016241879071374192,0.017681293663924832,0.03327909734387703,0.07223719399748675,6.720331407472597,47.290563572714376
3.735294117647059,0.0,0.0621310283362358,0.051591126332868546,0.028328395012610925,0.023029959985907664,0.03247110477911369,0.007078399700506971,0.01523246877799372,0.0350071994984022,0.0,0.02710956699103092,0.015358560189190426,0.014577506023853626,0.005678954890052666,0.014023170356916472,0.021208410455127207,0.047532253038953504,0.13535372016047445,0.0,0.2755488617438995,2.116947028087508,7.846720457917993,26.877483045516925,20.040552243157883,18.786688668831715,73.99899011921943,152.2391724568811,0.0,38.399055601206626,45.093970887103715,70.37784996846128,269.93188882228856,679.6395956870882,255.3459346241607,84.72425177077153,3.500699375614853,0.2201344977561536,0.0,0.007822396084815894,0.00176097966631934,0.0033736688134700325,0.006673948528112559,0.08613673512744931,0.5144974203295354,4.839172080448465,115.14824353143169
3.75,0.0,0.08468377955979636,0.04357436344463586,0.03850970715280497,0.01326437231500006,0.024455878100259662,0.020396921558913622,0.015109138789450235,0.009219907858609187,0.0,0.005415837721130967,0.014809962668019835,0.022177710223189984,0.03467443870688545,0.10766942215494883,0.14544224455166196,0.11016656603955131,0.100850259574378,0.0,1.7888359782219894,4.15616297141967,0.05171386504449424,5.553565729362759,13.227694301566789,31.049719002003126,87.6911986325733,149.21343931462968,0.0,28.00560734454647,25.85874005354202,25.419484527356243,70.07868506270782,470.5484773732041,687.7306539752282,116.62266895811729,12.676734745665183,0.03137371519404241,0.0,0.034994419140212195,0.0023286967472214773,0.008028694946152598,0.00956066464911831,0.007335673504156228,0.15441962938978893,1.1039677488607982,47.729583938531064
3.764705882352941,0.0,0.03079151297674665,0.023297858836795037,0.018268501983310256,0.024485984412058313,0.012341321639594543,0.026145298373621825,0.0179060522385706,0.0589038706989876,0.0,0.0591942188764198,0.033324416568295885,0.011420918939502256,0.03611813019227765,0.06425345211508275,0.10054226209938266,0.07616392474948906,0.16609417061738713,0.0,0.08791276834912615,1.0408882808480682,0.7030978160790975,1.5541853419315355,8.838294971021979,9.472343720542975,7.75101242260544,121.39919882229105,0.0,95.97927893493504,15.003907091485315,56.27360164570521,99.53321820406921,327.4980331719189,54.689144331081366,77.83649045337187,62.29066279499938,7.488259774032808,0.0,0.09488100501480945,0.0463470440256883,0.002355781215599838,0.0021673179812492956,0.04632830948270122,0.12753237961261876,1.0993784388795866,15.266128496895146
3.7794117647058822,0.0,0.04764165340744485,0.047253001448821705,0.02603207055335078,0.02154072287308737,0.037453405298136885,0.01103397801716129,0.005257277759694062,0.029794289431224367,0.0,0.02811746795920391,0.009328385016117359,0.022483492066654752,0.08722133034027958,0.1137574877043134,0.0891207525534134,0.10061053891638082,0.20328166948920198,0.0,0.34415677493174057,1.2862870810693214,0.8130163755032673,10.940058466998128,10.063267658790034,10.119887368687323,53.010553015117594,54.86489344865309,0.0,7.090991557117084,7.23754493659706,89.49711125870306,126.96865679016196,10.282950239729434,21.04866575087995,128.39719364402794,152.21546231260024,13.11660298106977,0.0,0.0971169381861021,0.03728417396880678,0.017353633319165427,0.008155364245958821,0.004998690245608616,0.1559234862712937,2.5651813769336473,19.194020707124125
3.7941176470588234,0.0,0.12462673662205702,0.05827048645795922,0.08424204432075946,0.08875857633893014,0.0376328422287032,0.04055094487685046,0.008970992017101099,0.020579390100146158,0.0,0.022284534329354018,0.04828422103444744,0.015995695264853286,0.1128760030068584,0.16672695159878595,0.1591407590798692,0.09593955172294617,0.10028236710639749,0.0,0.23861590249438203,3.7469259758881597,16.344339492784734,6.542293354117842,15.152653861093334,21.89080627239192,35.86250599665277,120.26824019469512,0.0,93.59619104446315,33.785412471327334,39.64878281924187,16.749203693639345,249.82970300358073,196.99787615068976,8.827083536601894,14.556247906878365,7.42344245656262,0.0,0.3466595306670567,0.026502957076648834,0.014504595785186309,0.009682454112592071,0.01373964089281683,0.14687883669634672,1.1966258740476237,21.59610514577455
3.8088235294117645,0.0,0.07711180360669079,0.03679418814401088,0.007150732411737711,0.02793406289114316,0.02079323262019932,0.043891404566288955,0.01747967600306159,0.010439911469934893,0.0,0.020554694517229737,0.04409842872641908,0.050316086791485554,0.016951710120189645,0.08125382408326028,0.11644203594450547,0.08843261853888058,0.27942371843886815,0.0,0.1883065554993188,4.662918216766297,1.4862557962941705,12.815472383503032,23.59945942024095,29.84269834868526,30.41014961809191,119.34987556957688,0.0,141.74156055589202,67.77083954482524,50.685213343697875,187.4062945473468,410.41043925722886,157.17834123583032,14.389355405256538,1.2515262825150257,2.5216749682140964,0.0,2.7462881576926277,0.3083783554279482,0.005612998099928756,0.0033188075303264733,0.008015446311254237,0.093902070107813,2.11542345006034,26.071624923800243
3.8235294117647056,0.0,0.09451368415680532,0.039683318883458545,0.009726587462052912,0.01039805953587826,0.01188402439702942,0.011739491330149716,0.010788730316991069,0.007507621376236774,0.0,0.011637283730366951,0.013880912203220467,0.01699542962638142,0.04700899347520006,0.04437312035697165,0.015466365586091404,0.0689589447512329,0.23566884255185194,0.0,0.5863132850969645,0.5531149608605942,3.052478260111056,2.9682753420891705,40.54901938714328,96.399272293493,27.53173797026594,31.394917045511967,0.0,0.8939008323754173,32.400288404457086,122.59630779255095,327.73292793646317,136.50863426848326,16.243525026130705,6.642671135165395,2.111682810980697,0.5854645150745423,0.0,1.4080571640033863,0.3038196129820319,0.003143974293630638,0.008777307213827773,0.04556358097519368,0.4634131785157764,4.572384845026493,28.452070129166827
3.8382352941176467,0.0,0.09134065923372217,0.03487822165775633,0.02534382801084569,0.01989488598480181,0.019190307461617963,0.013243309936231698,0.006058306305829268,0.00957884386714077,0.0,0.013967322891395108,0.010968849095574508,0.011081272053465312,0.0008846569132489185,0.012419505057769889,0.006329200043380196,0.016760348104061143,0.006771634925099999,0.0,0.2850523559349313,1.3542566704422687,1.2535012183052394,2.375743194466502,4.347483087342075,20.51261722865229,117.53039354002935,19.116029479844144,0.0,47.06543566107825,76.77794560568537,139.36553333613654,26.857131110900358,0.5246692111461978,5.300241578567225,2.4828935804219476,1.4848041768993392,0.3472421757337602,0.0,0.1469635655109452,0.027247884562516124,0.0020788534991861194,0.0029756419010937927,0.005953894830400892,0.29328168431394597,1.5275283555686814,20.56181515825949
3.852941176470588,0.0,0.02817211955242154,0.03515034335364369,0.029553005585194924,0.01348995708230415,0.006465077047389514,0.0038752298080742256,0.006857929593360602,0.016643536148657063,0.0,0.013630243368026587,0.005480703447661007,0.008311377436798105,0.02059503881845987,0.028986068715262193,0.01253081989424742,0.013191920643321345,0.07653768018171832,0.0,0.13146297066620974,1.714268011774775,4.614405281529368,1.9811073389382394,3.9010808197386,11.290374139601138,51.47754383929582,1.2059638401669714,0.0,282.2483053265242,262.41238216436193,22.03966771853432,0.39639876460950146,0.621784613459226,0.1172087700351942,1.2657567792504263,1.7974129396393306,0.3728478730514023,0.0,0.015916739138251184,0.029227063174300502,0.008844666254547752,0.0032410155103892507,0.005826478127894432,0.013425510447741684,1.7690788040661622,45.248295224547505
3.86764705882353,0.0,0.11981530948812763,0.025713897753160193,0.018355917061580202,0.00921276802217283,0.003172183979569348,0.0025131489537945396,0.010129033853712258,0.01366764622417125,0.0,0.01473213718907028,0.004786251550757719,0.0037368274638498473,0.007014808054620196,0.008861014697972014,0.0181160924591319,0.058506022035925864,0.17378179848743933,0.0,0.37212463987989713,0.6068593008398934,6.772746311188826,6.189263314466079,4.163325267666324,16.12813639027685,155.17966478427886,269.1716679287811,0.0,31.32129133358029,77.42945995881297,12.88603420874571,1.4070107310425013,0.8381043542133162,0.610965372613686,0.6402414969779593,0.47622563067205465,0.05548832815988515,0.0,0.01836106797768903,0.01040039185989546,0.005170805443904148,0.004063404047155889,0.008129351248574215,0.13191417232387115,3.213959760556782,20.02924612339751
3.882352941176471,0.0,0.05440585010547583,0.019002125561953166,0.015958291598372486,0.013928293486040034,0.01296478434336366,0.011156289634680953,0.005360879117692124,0.0054473827144073065,0.0,0.009556735375708511,0.005310352409765894,0.0033948740192814584,0.0019033566378125306,0.002004313815401497,0.008368681039909223,0.034333111484901355,0.05809723480989876,0.0,0.23612757087064368,0.14910658780553193,2.7392450963013752,1.8771533960618556,2.4376094925493144,12.996716186264308,45.724019158386426,14.034136761698246,0.0,281.83483778178834,184.08072982919987,111.7571968607192,21.468794734213645,1.4069238593638795,0.4108885279037461,0.3257526945149081,0.017413468440844734,0.06516540595869984,0.0,0.03313542644566676,0.00866956641271623,0.001902447238975119,0.004188933568508153,0.01068209366414715,0.0886067513877668,0.8173022957531516,35.90329460221263
3.897058823529412,0.0,0.020622995579782977,0.019459180075279366,0.02766864255301204,0.016585451669139308,0.007694760304734784,0.00804979031523226,0.008970171535837655,0.00565475338135628,0.0,0.0023691600413573988,0.0032134081553686434,0.0020061085913293405,0.0008743589458039178,0.0023747639865638976,0.002331087132458734,0.010703533948117835,0.021382273463662706,0.0,0.1583649064853335,1.7970497575183888,2.680987634422289,1.5542072561950984,2.0035976427491846,2.6029013593823715,14.378923465950528,15.041555288162456,0.0,293.7398642645559,353.5590431691136,196.8931807745858,27.46793045186172,4.569454917562997,0.18200795040357476,0.06192858915734217,0.04146247093015787,0.1070379833342591,0.0,0.09483887048702663,0.005648235975907949,0.0010316519552098441,0.003609303048077733,0.004780713276601778,0.39641690298899124,2.5363293952835755,8.271735352454419
3.9117647058823533,0.0,0.0337566495863442,0.018647955863417016,0.04007842824659675,0.050415566815373486,0.02516704218262199,0.010533054220287101,0.004360922401168316,0.007443389437562264,0.0,0.013795112428933144,0.013418925576476396,0.009456684277657626,0.0030168585673439764,0.004034748493857986,0.013815967806995566,0.042719681375349566,0.15801180664682837,0.0,0.14146836485897113,0.4077892882217181,1.4233475357592695,6.653271947550755,12.139747502327058,19.551963250764217,5.330576417144821,69.68879715038592,0.0,150.29909343755082,103.11830729956733,181.77182973030986,64.29722945477995,20.594528571792466,0.39089755633769296,0.13260881325884932,0.009771525995423065,0.011831921475674651,0.0,0.0035062647639645794,0.004970845030246141,0.00596031833622875,0.01582161363610252,0.02772152145380588,0.1801698255930674,3.289767977022109,77.55016679778667
3.9264705882352944,0.0,0.027435759738988895,0.021791218209323532,0.029726038741005635,0.034212293187524785,0.019309066866632696,0.010169431418366683,0.010680864437053716,0.011509661935970434,0.0,0.004720550242217793,0.00651141867686266,0.007591478964594322,0.005513192863350425,0.005268958304702786,0.008785226442939822,0.01870684703212509,0.028132370152038122,0.0,0.42259990666114217,0.1375333235817483,2.5167659347538134,16.75453631393184,17.219007202668305,7.830175336402044,2.0157022914685747,35.80792145694983,0.0,88.53334425993128,28.376935582667492,351.387007120611,698.8838610628557,69.84942246251893,3.0657292460365504,0.6973119684356828,0.31822081938113633,0.04353994776881075,0.0,0.01141109452175373,0.0031147529265472974,0.0048716529622106815,0.004583973962444019,0.015844040295729542,0.03784090782057957,3.7220412081548275,19.09591176427443
3.9411764705882355,0.0,0.05622236060540009,0.021242270177732645,0.0035798029851095746,0.012873266421907446,0.03081632670804789,0.037428472201551655,0.019021910170707798,0.004036589139810727,0.0,0.0073648188530940385,0.01997708936559242,0.015870238497122408,0.011668225161788427,0.009343749348840585,0.003853456603410787,0.03168830468642622,0.06949873915037819,0.0,0.16660152473391893,2.030622492350103,2.9612157558489836,4.252868197895205,5.630183343779851,10.891087277483736,2.6479126362733876,4.892457096175457,0.0,7.304439727056128,11.260045704404394,166.93062600645987,1445.8580282730973,2138.784233546972,582.6605167107587,55.50176500059649,5.300529954521965,0.4195235224234462,0.0,0.045686843618788185,0.0049358108727378764,0.009473141812683598,0.00227977979235208,0.03431121272915898,0.07494512178486376,1.5350833862833304,11.306003924709358
3.9558823529411766,0.0,0.026028352702755955,0.013113059731404381,0.01125446532681044,0.02543274509511414,0.03233088029453838,0.029848005708175446,0.016886766453621214,0.008542066296822083,0.0,0.019605040639875584,0.041292340007992714,0.006417683464888793,0.02584661013052873,0.04455640901990868,0.08800933538113259,0.20999401340385937,0.23415417122911303,0.0,0.38931420645034737,1.0075808200759244,0.7469493899838002,5.8192518339093064,15.011747131061988,28.900077914729735,29.280167994491322,16.90342307124386,0.0,17.25178503204859,1.4517647241385576,79.26501216888278,75.2175552415784,550.9122727366362,1560.9006895040748,207.61749706624806,122.31559361122041,5.082947702735503,0.0,0.9387118782493502,0.06417243137163228,0.005300443326638806,0.008714297746829382,0.03113924870665942,0.10882174177014872,3.0916273319338883,41.88451487233135
3.9705882352941178,0.0,0.008145329748684777,0.04391648889021181,0.017201245961769925,0.007147161631255727,0.028004956877177994,0.03879898697603366,0.024115869653414376,0.014071165854132081,0.0,0.0357657916469415,0.10329023751959485,0.11765791306551661,0.05747148354652165,0.040615457730304186,0.04926101462024424,0.20883060957560934,0.09488652644017713,0.0,0.3391716450651251,2.7053921626482236,1.6990622731481295,1.837350328693989,4.8076975631983965,5.454228835846769,11.169370309444345,7.898912039100152,0.0,5.361919459443207,33.972855655336716,63.7929699453812,12.387673754179595,161.3227518021498,316.2681780665654,2793.4827625087164,827.440842822821,20.524157742093003,0.0,26.84398897954222,0.9422065801873993,0.023274051675423943,0.01497970057943128,0.06607830171258955,0.3858303077484826,7.578822004080356,107.52121056740367
3.985294117647059,0.0,0.013426270230579261,0.01161245616560631,0.01415172043510804,0.03718583890168453,0.008468085117453922,0.0457795855590975,0.03308751438805461,0.011156527758248932,0.0,0.006800474687226844,0.023285117060385375,0.022251265894997024,0.012911147210593697,0.10153865433262818,0.1767900103414053,0.1637970953216783,0.07232360866163753,0.0,0.9058650406292943,0.8203358865194337,0.6627801040510739,0.8947657296375047,10.63862646725337,10.641426993921137,5.506523538471294,2.598351918947455,0.0,0.4158597892340031,2.972778905650259,4.47265897739671,30.339803677124458,63.198133799077915,142.43083659793436,466.9494554053103,3447.062916763932,2243.532437443978,0.0,251.032311311361,10.494379975907027,0.7815903458322861,0.004800017918378494,0.054168556582765606,0.38768295740833936,1.8626490707490204,11.354652488238155
4.0,0.0,0.06099640983117782,0.07083777692628589,0.13107442382661905,0.04434092543218176,0.03682070383526011,0.032070169276014956,0.00968776785959211,0.0133227375523189,0.0,0.0826961005417913,0.0598369027882551,0.06984687295071507,0.07755141894804643,0.12400338296534791,0.03450068913781951,0.02208302588781858,0.097775276557876,0.0,0.11669141680508809,3.3713668276132363,9.454719312432157,7.561479924959308,3.5745881226123317,16.128095491513395,15.50037443686294,31.994996624722642,0.0,36.168615925254954,17.188863094070346,8.734590124039274,42.894205937809645,172.8011306781437,236.67230233923488,467.2691758444481,281.0813003702251,385.80674390279887,0.0,115.83393857616463,29.299949027482747,1.0594292636968694,0.09724791238477845,0.07637507728540731,0.15243029814466075,0.877741505387011,7.989656051928475
4.014705882352941,0.0,0.07551552002384343,0.12571346268669809,0.10325170118736285,0.022508126678797164,0.012517169132525229,0.012596616303541776,0.07006187007016046,0.07985032527262388,0.0,0.06209096149498238,0.09823939556119513,0.11660236281176767,0.09032342359952308,0.0912498154902591,0.1869690068974343,0.10649710852669517,0.026693708193841342,0.0,0.021039832995616785,2.1954022218584024,2.852086455654025,2.863345902740866,5.184306110547594,1.0694327348020418,30.25131088929227,48.92014729745837,0.0,15.571417311947343,1.8520708356290523,14.55787993322521,5.502772506864577,99.46337880895418,649.6661213034624,640.2822172526248,1143.613196456191,1542.1850391463659,0.0,181.43122307411073,18.306224152067013,1.7155322792751684,0.04814783594725668,0.012895893226258882,0.15176569483685562,1.6533248239283382,4.454042956355302
4.029411764705882,0.0,0.025812063667697914,0.06634012997957461,0.012064509360825197,0.01693177863629608,0.023086506316989493,0.062286670518519376,0.05370629404349652,0.026644248648880813,0.0,0.028837920532989975,0.015443639908290833,0.01170203590356534,0.0160039763708422,0.006184372540764893,0.011973495304775433,0.011349591199683673,0.06794416762998098,0.0,0.09873924273412091,0.8689964917072666,1.1385028681949172,4.348106421007236,4.928392078199593,12.521915081842756,102.56893048289012,84.4529731872927,0.0,5.0738829122587505,18.78242614957911,9.907148217146979,5.493083636201609,23.397377050446188,48.57808002608652,20.554087437443805,1399.056879848532,2639.862995217655,0.0,654.3487087827673,36.42276981014333,0.7920443040546172,0.01527139046884781,0.03075839645886177,0.04407166734584589,1.0190769749292474,20.0094929856818
4.044117647058823,0.0,0.03957701117239386,0.06358404709531482,0.04498280454199599,0.020977015179441675,0.018161363800051383,0.029546135555625762,0.018879296771593293,0.020816061811720476,0.0,0.02271429386637762,0.027238399792038206,0.03331529208818621,0.02653583016818513,0.019745170274582245,0.07276400013461398,0.019653781927983453,0.03512519258941719,0.0,0.5199968196861795,2.1745387608990763,1.1204469990130885,1.2974925751652011,17.00789479027329,75.5214736167904,49.53578209945043,12.392353437727916,0.0,23.149164328296788,1.3964235586889109,0.5016701165054638,1.3334892171694195,8.689094583924502,22.64983366712206,195.6714070534211,1049.4373114609098,684.5114374894695,0.0,42.634593153714306,11.043239227426831,0.3024141758079883,0.11277854356663682,0.010001693388557904,0.22870066323700486,5.188486911092113,45.32700634214291
4.0588235294117645,0.0,0.04583127249493943,0.05711438728135247,0.019740907558776374,0.00941129379366776,0.007836695230782877,0.008388409412741441,0.02786287124363612,0.038209731645751574,0.0,0.04014240418467838,0.027369519694858638,0.05344728459024714,0.029964964027048957,0.014590549088649062,0.04379130515692493,0.04032573325372374,0.10449987092936619,0.0,0.11248125694295183,2.1011699036305957,3.9350408772926047,5.749003544444115,0.5306708220858877,6.47687344270193,26.49892634590472,1.4951766722083564,0.0,26.701635116753277,7.430733708050931,1.1031400787087626,8.54118940808662,27.682439458814887,26.653537084546137,49.83497078759116,79.93912389817045,17.27791268883447,0.0,7.887498558227248,2.5999589890038997,0.26490723882198447,0.019781997618915727,0.020086511800291244,0.040759287551734816,1.5428690352526369,7.4615813048226896
4.0735294117647065,0.0,0.05407399652904114,0.023110332919425804,0.012292495699689855,0.010233363982255095,0.009469644362678841,0.017790851466019306,0.01077895042794771,0.017077581481071434,0.0,0.012639280061406345,0.02138108206334481,0.007729098971530471,0.013862672519526355,0.026169556287404444,0.010611669703545093,0.055150720994043355,0.03534803974543371,0.0,0.2699767299286609,0.7518622957704917,0.3459644921331514,0.4292131835416332,1.9039800516693508,5.790354854077372,3.1712943963404046,7.393588510886307,0.0,5.574711506464558,19.753822746436427,2.277959415433722,24.785327365194355,49.2688044029821,29.304467670217267,1.7910067894672637,20.183997333148,23.623875503566907,0.0,4.6500167089959445,0.2158625184862563,0.017471932569130003,0.0036905729920062857,0.006296051793077772,0.09156158930216696,0.8648712243364678,9.346423952783338
4.088235294117647,0.0,0.04587186854390755,0.033984049175151194,0.03132278095909269,0.007921626224063363,0.0055262319959590075,0.005949733353124707,0.007194351423921353,0.015178364347759071,0.0,0.017429837534731527,0.023678894914968718,0.016711075305354543,0.04082722913303345,0.016515187346394393,0.028710523855639693,0.03263381006291824,0.017318607786980387,0.0,0.1798328481045411,0.8773174368711865,2.2157884021360683,5.504694165078204,4.832451423863939,8.90350811943426,37.29622452991114,38.35251392346669,0.0,13.755293043018165,9.889047016856583,6.1679961641866345,2.0203849224923878,0.5684649738684358,0.750722511944697,6.941888836997904,9.357368016086312,3.574981076692002,0.0,0.3835231986897813,0.16468247035467018,0.01612168947508006,0.007771226393241494,0.006575890980716467,0.04403656969249044,1.8202378784050293,18.132704926459425
4.102941176470589,0.0,0.03404467398376097,0.02737926674416976,0.02995487062448503,0.03210427893338383,0.024016305902655563,0.01748675590997751,0.013209949242228911,0.0044224591214092395,0.0,0.0074581369111303775,0.008274835917562008,0.00944252542471943,0.007850920456220075,0.0027995067086995255,0.013853397303131615,0.0021277901805637385,0.03297798774819887,0.0,0.06522109501612725,1.617076240143562,3.168713225651774,3.923494563153734,3.802902425534432,4.1098747375966145,4.159309053920888,3.55800056884681,0.0,1.9719115954582471,0.655699121971415,0.25594961783210335,0.08326265176680789,0.1651401172140808,1.0533553885902904,5.664529394948044,3.163672814653588,0.42527950177045193,0.0,0.15797786763509403,0.011996829355693954,0.00955173608940978,0.0013217142847747213,0.004153651914673201,0.0926594926449161,1.8592306215283234,48.318470379119375
4.117647058823529,0.0,0.027267873348210292,0.010646918233681555,0.014583110233829757,0.005478727196120744,0.003656398081108134,0.0021653275399961145,0.004907787614426268,0.013289126850867475,0.0,0.018243056508063727,0.01451875256626113,0.0131438686122928,0.007261136538185531,0.006776331933430231,0.011471244759687641,0.0017672169655027568,0.031754189764325244,0.0,0.13072815171625263,2.3445168010828352,4.8778215980658945,1.3595913128824635,5.072691913538058,6.685534482703142,9.13029549564579,4.070986406105676,0.0,1.1704751537237605,1.8621256597853084,0.4514833309926669,0.22200194371064746,1.217506382773475,2.386727636661372,1.3330184424101088,0.7283868716460022,0.46958859998343183,0.0,0.2674143246205767,0.04151082756764864,0.0008207545523171792,0.005610304016887873,0.004053814705224142,0.08270511128212651,1.4187921184450203,83.85125630264776
4.132352941176471,0.0,0.04781240987946487,0.010960211005909982,0.012130083628196361,0.01808716912915531,0.005984635472536339,0.005456021064347674,0.004075738915575921,0.004276574135775301,0.0,0.006719773522834368,0.008854071797571576,0.009546378689725413,0.008020314483224109,0.003909509099314303,0.009596078820093862,0.01769717646408987,0.053390822418903326,0.0,0.16573014846031964,0.22918984796568398,0.08850229703926638,0.30353979954622023,0.5771633916413765,1.1490343850363223,10.919941857894827,46.128484527408105,0.0,24.72293714492902,2.035548621148982,0.3108892085677015,2.2436205853863105,3.727493937395604,1.0874426270381503,0.19899030936357437,0.09878792077035292,0.13208930926659584,0.0,0.07657006418333696,0.01893329268884588,0.001472450415774535,0.0059590543487433294,0.0063314817850807364,0.15652941556138697,6.514777565531516,23.29140770405822
4.147058823529411,0.0,0.06547806517976752,0.054912204462874446,0.027829532282301207,0.009412983858354613,0.005261121942389531,0.00838314493686585,0.009397580122346684,0.0069253072558752215,0.0,0.007199371448024468,0.0068859684058159695,0.00913496351507274,0.004975121625243292,0.010043233035291876,0.008433891739617356,0.007111098764712997,0.0671038774825723,0.0,0.07594837810544006,0.30058591968961207,0.8605678423955563,4.740664881685738,12.4522202697829,3.8952097969646005,3.9314683740394187,13.358599900719383,0.0,7.183648903722565,1.1001095887214758,0.23430938780314192,1.361867082395579,1.0691005429748963,0.17587854707861572,0.05815911032775459,0.05987607994492601,0.070272984723189,0.0,0.01765573083592921,0.003499228579038308,0.0022832518306740903,0.0054935219142826985,0.02591028818149279,0.041036317928233076,0.4165278474494779,6.422170858662813
4.161764705882353,0.0,0.06525354322491277,0.017890017401712095,0.0033935012713650365,0.009249014239057957,0.006537772108784926,0.003196380805764834,0.0023876155231496747,0.00247157724926317,0.0,0.005943776056910306,0.004044452909174359,0.0017016295726271064,0.0015681209970652527,0.0034758763931070254,0.008123403412549019,0.009922708658908147,0.04944608560699535,0.0,0.15367383163184484,0.23770341484021457,1.5535359585186088,1.9868106797826286,0.7450601677032828,2.8407826757851966,8.196747765869286,9.068217176403824,0.0,2.502349400238109,0.4759499124543129,0.46026976404997494,1.362532568371612,0.7848724005449331,0.08763656471897821,0.022380573106062455,0.07754651479071359,0.039222188993106616,0.0,0.009915894556479897,0.001435292989072392,0.0028411205476591827,0.030023965200425683,0.11404528093234119,2.4690675526899177,28.07952636542197,56.41190430824008
4.1764705882352935,0.0,0.04314523591064878,0.006240237384676397,0.009938901593974215,0.016528062669714544,0.00965166742524413,0.00757593626177116,0.010188459788348444,0.011476424443093438,0.0,0.007931521547150334,0.003282818140475822,0.0020794778967489326,0.0029224162433686657,0.004415629127498646,0.009441290647984098,0.022864357150140194,0.02901916569340072,0.0,0.01568223731232083,0.15988987579381378,0.34805317044648154,0.18168762958220724,0.7537197582986129,0.9721619150612774,2.0990691847138754,23.888500500471523,0.0,13.527501364185746,1.2052308089419035,0.26555668598018944,0.029414236779593407,0.0755962139785443,0.013983349202355857,0.03832809740858438,0.01690030711920372,0.022822197050815313,0.0,0.014186395815572073,0.0016688993472061676,0.0035332059210218775,0.018927277471539307,0.057838028735846654,0.35943665390407575,7.01756561116143,52.00070373401755
4.1911764705882355,0.0,0.056728309098407315,0.01577518094192837,0.012488310543549404,0.013536141052153148,0.007479604540223943,0.011420697258592502,0.011926995069724661,0.0033781510482236263,0.0,0.0023100924896274676,0.004152473945876952,0.004525002129425024,0.003404871875154864,0.0006649221456460496,0.002626552168441424,0.0045816378164551105,0.028122217772596388,0.0,0.0959136769080824,0.44933897945116497,0.6190737494274974,0.30641241655635265,1.2720949403170994,4.319935614043889,9.728617981748304,7.854127539506795,0.0,1.850528225932342,0.055938505286082664,0.25013153059925497,0.05766662693888175,0.010395734000945636,0.009640747845059125,0.03666532364615921,0.020293947251370032,0.0051067763660349146,0.0,0.0015602809666934226,0.002159920675970428,0.004009402042165686,0.007550437363613864,0.008165376686377466,0.2581187287495501,1.6813703067810328,0.7789430324926621
4.205882352941176,0.0,0.04247987539010925,0.0223163553147614,0.01282667679855884,0.005661236538237312,0.011302580402842828,0.00971308276401824,0.006934718731490676,0.011905977892043767,0.0,0.012397550088328952,0.006292139982729579,0.002292456900535831,0.007920763761630267,0.005629065108787166,0.0039654537915544425,0.012254073715104811,0.09746009212228338,0.0,0.3422820260173165,0.2055686359309959,0.49768739684003166,2.217545217014753,7.456061814445614,10.569095414371013,6.464609277876082,1.8142010936799546,0.0,1.3913670216308325,0.32427060067599456,0.05351504321459881,0.03920674021198492,0.005480560611597686,0.006880696349815241,0.00609019492469743,0.0046990210294945945,0.002434799126389776,0.0,0.002720203639936208,0.0026038317891338906,0.0021871868591108487,0.0023016175258263093,0.010236978775717425,0.028188345226903524,0.9970657885980261,37.569463810108424
4.220588235294118,0.0,0.01866234479010194,0.011146036803754426,0.0031716093684499907,0.018867614432543273,0.024001320991571377,0.024683064411369735,0.010862866809305805,0.005249577799693986,0.0,0.005773289934561427,0.006926273468091158,0.006400120144351787,0.0014832999845275762,0.001475356802085801,0.0006729917734063682,0.005628557492997933,0.06123231696335428,0.0,0.1471940050924042,0.18917441827334103,1.4217799482497246,0.4018844351688555,0.5874061480234583,2.670836581640465,6.912917793412138,1.4188778767308954,0.0,1.5130445601639901,1.276015547347355,0.17572812652591427,0.012445227742718707,0.0007473289224476896,0.001555483395888145,0.0027814649774053563,0.0020332747162169593,0.005316795447032343,0.0,0.007028127561491104,0.00431174415007951,0.0016912637197300537,0.0038803653254141906,0.008835603780174353,0.44143371073852977,4.722966936688772,89.8355127570781
4.235294117647058,0.0,0.05889679065623676,0.03151198692805676,0.00725394491966503,0.009587229633531385,0.021100469886049612,0.010784612474473949,0.007431766949629925,0.009819270001931307,0.0,0.006450901697632843,0.005922691370452822,0.0016029106333167041,0.003912439537760154,0.0034002504408927907,0.003864480853663873,0.006777750009870065,0.009545782217011065,0.0,0.023285771406542664,0.07286763752680678,0.21491706494984647,3.300320620115593,3.505342660580186,2.399425240644822,7.4296494380050095,6.245180767752052,0.0,3.006509844522011,1.2027439766891166,0.014524993243940586,0.007526925854304939,0.005271959993257205,0.004226426881589557,0.0031086134177921053,0.003137860729984854,0.012007165013464553,0.0,0.01895858905578436,0.0028282533158716415,0.0027033315823997584,0.005497283871674619,0.02262565007036704,0.524901984939283,6.077097403091498,88.62483005572608
4.25,0.0,0.02552598960152428,0.017715577124172682,0.010166607807338307,0.005582198472677657,0.001637105800768397,0.0009131263968818207,0.0018288533474572545,0.0005188410351226096,0.0,0.0022267832866976513,0.0019750275509559075,0.0025651436071512505,0.0015765678163932523,0.0012891240339180936,0.0029600889399792945,0.011404884094697046,0.029312861576996745,0.0,0.05834737950462963,0.15818480812406382,0.18114864704358133,0.7985134912515265,1.8296428879944497,0.517336944920551,0.8506404371857506,4.663908317319253,0.0,7.28337568670246,0.7847119983894011,0.11659249753132314,0.04455903889948264,0.009789428613412726,0.002833271709688053,0.002429757407816906,0.0008651048134491516,0.0030630888050699376,0.0,0.0025728073220241347,0.0017554738342742027,0.001221099766389752,0.006622494921515154,0.03791846161796362,0.5803016101763186,1.297872414100639,8.727553664312955
4.264705882352941,0.0,0.07102282587770337,0.0563570071347408,0.014726708663510866,0.0027478418483421014,0.001970499487221487,0.0005010796213784468,0.003162338375757814,0.0052631637438368345,0.0,0.011045556928988346,0.007808216786927237,0.00428596838641377,0.005794979578958577,0.0010816865043582551,0.0035633132265774463,0.010584031292232662,0.013677154389768121,0.0,0.008206635396399042,0.038110900602865656,0.12616965453310142,0.44201873015502974,2.8281030515423993,1.5040543259130317,3.149591464445469,4.398361681799999,0.0,0.6680193779577844,0.30054656647204003,0.06631362840308842,0.008536451385320519,0.004741578030586651,0.0014851001077457048,0.0018355512071942183,0.0014241956132210716,0.001498359264698148,0.0,0.0009960279803419099,0.0033096723674469856,0.0031342708464269123,0.0039163261754413215,0.011680219298628851,0.12089201921299786,6.555288884971528,27.013851842778454
4.279411764705882,0.0,0.051705809450751566,0.015229166603665746,0.017619374184569974,0.0067364042234430155,0.0017040926461502812,0.0042851337182733575,0.006023738342656935,0.004349785965507156,0.0,0.007219870732326527,0.004791699415194913,0.0027894501557866646,0.00041022388822855834,0.007044677881703718,0.007946649392131955,0.00334379872867507,0.004153804677226378,0.0,0.09125464084366752,0.9885104329151555,0.5290412776398927,0.5182439639971033,0.2828839827445489,0.3456899701063967,0.9169063195102967,0.4289110036406707,0.0,0.1535417103416994,0.029499945332588956,0.08293164081647547,0.010424253779902207,0.0027848527622472397,0.0016727189713639894,0.0018827854430500995,0.002665592240687337,0.0017598123256265107,0.0,0.0021009075954184194,0.002107188865719419,0.0013545881346422753,0.0013256274840422108,0.01255048043708075,0.39314908565761475,4.851685589889732,4.086030712753326
4.294117647058823,0.0,0.06388210463957185,0.0384764479906308,0.021314392080000348,0.008997995624153241,0.004678565467301447,0.006258688521315,0.0010232057970036555,0.0019829313357282697,0.0,0.0021579891897129375,0.0028049283944577745,0.004304063724664514,0.005917988643841732,0.003681779521958207,0.008432323765679397,0.009041299458785308,0.0182859368945504,0.0,0.06823961931942092,0.5545616715152959,1.9377608028981406,2.8817565965944234,1.4996965891306773,0.4099179554393055,3.1127211269528083,2.1383600342070097,0.0,0.04975846780618241,0.3141584289657623,0.04978087510538792,0.008002265607579231,0.001812620352984711,0.006644177866799664,0.0028599335442818204,0.0005981561768961848,0.0007427671490535625,0.0,0.0011194468962798106,0.0014336394302088408,0.0024702807248466302,0.012630548994044376,0.0242094315196314,0.27014470651918226,0.13955679116189015,4.723339367141514
4.3088235294117645,0.0,0.01852958092850473,0.013731942740060945,0.004912896277107299,0.01669301291388094,0.017881730223382113,0.008427345420902073,0.003181270444347622,0.005425956134024983,0.0,0.00829022316722719,0.003193750926595029,0.0030120261915138947,0.0016620904643579407,0.005648336405537024,0.012908289902685867,0.016433228779944558,0.05828833706734146,0.0,0.08304334193320666,0.029073241721048974,0.4621605313571827,2.049304825765401,3.2746672233718606,0.44363007121457865,1.8984513301259658,0.6458201280352998,0.0,0.8383508064385305,0.33714950265768306,0.13738776699811095,0.37033563013022186,0.07671950477686379,0.007399155913994617,0.008496249703189653,0.003586783203190575,0.003102980717444957,0.0,0.0034513269403637034,0.0018353555943454334,0.0026049755293900676,0.001428707454024287,0.008934561492308157,0.032465469402055656,0.8550496813809196,5.548716902244682
4.323529411764706,0.0,0.0071112791594133366,0.011641487467122772,0.01215800712185094,0.014480925370463162,0.004390600969619804,0.004122352265032594,0.006417523466888918,0.007428940778289619,0.0,0.0040831498778943,0.0013888736874466266,0.0014373559126719762,0.001567841461364221,0.0009471795625496039,0.006872632257826589,0.01956348058120612,0.03868354588490894,0.0,0.01730551706568665,0.1644933623727382,0.6065533991527139,2.1721637369439897,2.094146397570672,0.35942956216345234,0.8471303130694476,3.1130409141101563,0.0,0.9220113859427874,2.592063333487054,2.5308244044055552,0.23953212542572977,0.8681945841630954,0.10276651335189324,0.03527805328379142,0.0542498676315854,0.012763179635601382,0.0,0.000988067403054799,0.0012752795357868743,0.005049811555727646,0.002733995957094525,0.01534666171056306,0.3366150505498421,5.681883725185172,50.730342180822646
4.338235294117647,0.0,0.05994657389083038,0.015924268551234196,0.008889000429268499,0.004973452378957969,0.006746809116943324,0.005468784882763769,0.0013022166470676362,0.001974970108538623,0.0,0.0037106306623839306,0.002003811255651001,0.0016545603266214582,0.0031608513183891684,0.012357317606350816,0.019164739988781723,0.01487052000831463,0.06078029662792764,0.0,0.11754869012230738,0.20452281023809765,0.31067444963798246,2.5255332059474283,10.176189759184647,5.2407247373459604,10.385482202449403,32.683078658068865,0.0,24.15989701626726,20.09793453097513,13.653639025517991,1.6072744325163635,1.7962212888337556,0.6154029408032933,1.7300791980529295,2.0663033541667937,0.25078649839265094,0.0,0.004996131379718764,0.0028360600711134706,0.0032494973462420806,0.004410659005927089,0.022101663218476328,0.32308873144626793,1.131864520714327,15.865852146888217
4.352941176470588,0.0,0.03075069064911095,0.015001286811279393,0.014379066029200855,0.016328627788575016,0.013327202880751803,0.01114631382806593,0.005218413285507456,0.00644266071844656,0.0,0.011169352940969454,0.004327649187937128,0.002409468328142138,0.006055818273037299,0.002478907174335246,0.0008138694349277774,0.0029216199324589957,0.01602313161408489,0.0,0.07699766771524967,0.6325295137543804,3.405740633931405,4.016731410566936,5.787260721339722,13.93669753304423,11.502249834150575,10.555109447967158,0.0,3.413554567124291,1.367058722716594,2.5526149577760933,9.495437640162816,32.04162424072685,39.81970436051378,10.567982451012783,3.210760804599874,0.9255092116352978,0.0,0.04653540316747085,0.005859500967307146,0.0049610101089621605,0.00371068347037456,0.009386395820683131,0.09407215143895324,0.9161340389331123,28.78407141083342
4.367647058823529,0.0,0.041206156644773055,0.019818074508318375,0.007690903556623767,0.013507450679116472,0.016691972905488163,0.01793462421379774,0.008733352709300512,0.002521309639707649,0.0,0.008689324146510717,0.004111432811276715,0.004500279421836,0.004889740781602304,0.002938002822448801,0.002426604280393984,0.00244049579508905,0.007379965884229252,0.0,0.33736893367423865,0.9346853099629852,0.5790803840820529,0.8227032463653101,4.482956534224239,35.19921901428299,9.345203316062562,5.221142454259528,0.0,2.9213176386085906,3.3061935183281186,2.610391476906652,13.226755791469607,13.346320332550405,21.590555010191693,4.840120004320636,4.880687120969429,9.260696921517898,0.0,3.2641461789674593,0.13995983558988526,0.007612543506474691,0.005462383706935691,0.013727562167361674,0.09152411474751962,0.48399271934113286,16.68898712146832
4.38235294117647,0.0,0.028981193727964087,0.016711823137989513,0.014961466447985816,0.007820795719837353,0.005527629819562849,0.007860000254082396,0.00504932312491531,0.0026598562426616806,0.0,0.008456621347767052,0.005664142013937328,0.0028673691204011693,0.0012219087329429282,0.004116952253001057,0.010747800359461962,0.019333372940632056,0.06442790649068625,0.0,0.37350541536876547,4.19189168668636,5.9409258147788755,6.581869089683859,15.26750456805718,14.014015171000366,8.013270292425352,24.665857468147326,0.0,6.668657038663408,15.476926038378672,27.128953224621533,47.215325132957986,12.501577295126399,11.894553549239948,9.39245572773647,0.6919814573776653,6.036814476903366,0.0,7.998694690013416,0.3997160461300667,0.007262080359778742,0.002033406838316924,0.006975292406060822,0.09952526707402849,1.6963539207568572,16.088183010993134
4.397058823529411,0.0,0.05084717857039676,0.024919024444023913,0.01312144757576612,0.0029748651861447855,0.004686558274878419,0.006847104160868328,0.010469799067909819,0.013252603934837692,0.0,0.0038029289856179437,0.001805077705442387,0.004315152622946034,0.0028004141145604095,0.004643336693067835,0.005318230089043916,0.004085481899241306,0.10366570128160085,0.0,0.9020788073520456,1.1663419741774275,0.7673599966319251,1.520585112018706,10.758070009844836,43.19934328447282,29.00002209391363,0.790643431476628,0.0,8.534614753405801,1.6886469374943618,7.729917209859149,7.417465006578375,11.178322761710941,21.66802487052156,2.8347007847846557,5.359680168299019,18.521721999222017,0.0,4.712892003387069,0.09538009478412801,0.005080263134778774,0.005347243071022799,0.07640864744067652,0.5868594101807867,1.684454056401029,20.80946324283361
4.411764705882352,0.0,0.015055572420923143,0.011592971382697312,0.008819405617509466,0.017989758256865173,0.01719597809233577,0.011126801644834578,0.00440294901162388,0.004548681745000805,0.0,0.004292438342634928,0.006699246429655014,0.01280147551962587,0.0075200773734787115,0.004959107946748792,0.02716578057130773,0.005837464941888828,0.0760690750083044,0.0,0.26755196080370613,0.7112867873563382,0.2278058233188926,0.15647957628850606,2.2627384380753544,6.077109054306975,7.0381965057044535,2.175327554054797,0.0,1.0568329759255486,13.47285808851135,12.847231342697535,1.3955145646583302,1.241204492122098,3.1086191763805457,1.8300814457150767,21.39745442717912,25.51820435382416,0.0,3.4174639653783156,0.04670413305239874,0.007836121261729577,0.0037536059146082157,0.023952815694220655,0.04948586161460575,2.8380494357856607,1.2266044315495832
4.426470588235294,0.0,0.03998003145587311,0.027920891355907557,0.03930731285777127,0.030457696497833302,0.013273006177302461,0.01536374151758242,0.015542717753045002,0.014839871594731366,0.0,0.018115559983052712,0.013938908353080693,0.014788984801836162,0.012854178300818668,0.0032559934133364523,0.020457648566825092,0.011866230441624787,0.06312739160988905,0.0,0.027840794893624867,0.6199907036790118,1.930468420904784,2.91069169976261,5.606390339142326,6.0409510056806575,6.917052027206642,8.168255291568206,0.0,2.244473482365287,0.9051789972621029,2.395940174278844,8.479703214905715,4.205257015003034,3.266152440335991,9.511830017217292,14.219034629741603,4.578997043197465,0.0,0.3310627532010818,0.010992670197127234,0.001057493830774551,0.0015514951314296484,0.0026509195644682823,0.032722229987684655,4.207124007791848,6.698011573399899
4.4411764705882355,0.0,0.015917401713109333,0.0020436910725703007,0.011438907160272141,0.008007855667169501,0.0057908713305286266,0.006655682281551359,0.007539134357553221,0.0033290392819714824,0.0,0.00739968020539058,0.0032167376276052337,0.0023424273975149457,0.008315282683636255,0.014651547671617743,0.018105685557605854,0.03148778961608689,0.006418426677559231,0.0,0.06564409476855833,0.3346936985624384,0.9609107376898237,3.115860352994252,0.7771539645016647,0.38495045339559986,3.688429805061058,2.8522300504376497,0.0,4.506463700858339,1.1218069845938878,2.508233321606032,1.9563358093623777,3.9172347586526897,15.820266951851384,6.369384503954581,1.2233516657824328,0.955796950651906,0.0,0.15615312958743643,0.0092857218453762,0.0021732486145697996,0.0005830636250070525,0.010884475943122066,0.06225736717194841,2.2762651200328947,14.989668152035744
4.455882352941177,0.0,0.057693689621783464,0.03205628350970588,0.009942400777515431,0.0037392820471942633,0.008687261780723756,0.012174143008573104,0.0021259713266217695,0.005629877914782285,0.0,0.01178493313256221,0.021255412446581738,0.013683258173343139,0.007077744479551359,0.01072227101453803,0.017103407987153953,0.03942261623251036,0.02309907257556484,0.0,0.05199513687101707,0.07429955025699088,0.46090215958563374,0.7483054216393669,8.097942194438877,10.00182283958496,4.324667535591918,9.347023527494686,0.0,1.262364390125568,0.31654059101902177,0.23067915387662374,0.5455198237882088,1.0459106204249884,1.1117414472270701,0.2557635292732577,0.45991560921828667,0.33477529041888965,0.0,0.15635681006597926,0.014617189338296125,0.00506994973531267,0.002619728766637524,0.0037280596101988087,0.032845640349550856,0.8134184161395334,7.103697721569992
4.470588235294118,0.0,0.044395520731621625,0.010918391998108989,0.008468752137098292,0.004812051876181179,0.002062041734275721,0.007759619038865864,0.0032724786704572866,0.0013396553419246448,0.0,0.0026110935224151863,0.0033772381521932964,0.0028898046193203044,0.0024840732603676387,0.003970302392601517,0.009165072592046805,0.022577974903036244,0.019736193145922714,0.0,0.2043370341924315,0.17140710841606696,1.7568331156882215,3.0893311292792998,14.489786738927684,9.781925952514275,14.051085759396893,12.025206670056644,0.0,4.67824358712517,0.31298805315828404,0.14063212248014775,0.19358979091228626,0.48541757390607077,0.8967191496469966,0.12469044022819674,0.5474223023526762,0.6255083896601344,0.0,0.17442731392600253,0.018780632563889416,0.0019437603749981125,0.004168231653566226,0.009720498778622855,0.06934087600704758,1.0222273089692957,12.167769908447934
4.485294117647059,0.0,0.025617702321810584,0.018148654773431465,0.01258883642422873,0.008025419891723137,0.008285705229181168,0.009379216194713734,0.005446898102118093,0.002365607557925535,0.0,0.0019304878370251023,0.002159735563026192,0.004121746919873711,0.0053241812331994995,0.002031280702679218,0.0027407714599346727,0.011310141904081483,0.0058486477706748965,0.0,0.09197563229514716,0.7942876801557032,4.7151404572710955,13.437391162331142,0.5292370339306732,9.64463939998593,6.866189709913015,11.621986756096145,0.0,5.378499684959515,1.1000664022009068,0.07345320009349217,2.1234129836917135,1.1129534161830552,2.510435617583773,6.537141794567492,3.4685934590092993,0.7604996272199902,0.0,0.010203723224587865,0.005822845548721388,0.00027247390916013874,0.0019320512295566664,0.005055556779885254,0.02532103183556151,0.24722700063321376,10.750959294650473
4.5,0.0,0.019549851617144346,0.01735869213654187,0.0350826302354353,0.013282296766315508,0.006506941022451607,0.009798530365471538,0.0046984013005661645,0.011138675301165732,0.0,0.007481519139444434,0.0031165292729943657,0.0033693323992299265,0.006891192312245675,0.01198975668199409,0.005535150578069999,0.018022331826956242,0.06981661357607769,0.0,0.17920814283081396,0.33676715053028633,0.6472517999465487,10.977581582600376,12.545172239991551,10.240994309999252,54.96206846053495,2.708063395747491,0.0,48.97233962803507,84.50313974569194,67.3213291793316,222.9299231775109,203.96881963520642,29.449520698372794,18.11213975819281,28.69211132169017,6.468323450423213,0.0,0.33049596870339326,0.0012547597079527084,0.0024478487136651425,0.007521175468848486,0.014995978581637773,0.23440827699639,3.01240570550706,24.483641998541792
4.514705882352941,0.0,0.03789598246452066,0.01733291396424296,0.01742666121182113,0.010246966057515915,0.0010479786464983416,0.005207065696705474,0.006616785843326534,0.010313630583902219,0.0,0.00375536246897991,0.0016244775966245233,0.0023506516154699706,0.007510507990725952,0.005212714197102945,0.00430200528066318,0.020148984434863574,0.06150818389191451,0.0,0.11739083201187858,0.4473280147443902,1.864008304561807,9.816713306960553,1.3252595389207065,10.051000724993463,1.0276912878419668,56.61966064741089,0.0,87.06934924604685,13.392462039938103,56.21331928619826,12.59800560492813,142.3772406392619,149.264633739692,58.70935225556181,6.29846810425749,1.001228627254421,0.0,0.1359309102954518,0.020649508390612158,0.0019167359960515428,0.0014723608795507996,0.004413281968532147,0.03176230100887563,1.4685354309856993,32.13581450294299
4.529411764705882,0.0,0.08640832034847432,0.01209200241804569,0.009423322845820903,0.011286985608230698,0.010012434315741389,0.006560932993830857,0.00733556740401428,0.004359999038863893,0.0,0.0015760357746469182,0.0012890452227435978,0.004900031089792003,0.008998434035606389,0.012286976193664631,0.02294050466249709,0.02774351368697873,0.17434895650499255,0.0,0.6568763000830892,1.2640762295081789,0.37614931097148757,1.2191941625132414,3.9090375967082336,5.068067905927512,23.943414500973606,38.02306452576185,0.0,32.90455138111304,17.035557836040027,160.67868803615926,80.90783387229814,30.229043851851145,15.86988870399726,67.4305812313777,23.935580564774636,0.4266574979404709,0.0,0.03723842068305913,0.002090556774713769,0.006224317922181475,0.004340773557868743,0.011844381255925365,0.04271459639399501,0.8011873113259513,3.3091162055276095
4.544117647058823,0.0,0.039793836021267015,0.02889276866006494,0.017464708930131908,0.006733214115650425,0.013644258667747967,0.01817973264728531,0.0051380447062427306,0.0030684707785661315,0.0,0.007364757399897335,0.006207679312576599,0.009387819541393432,0.01480330380437976,0.03883629838648605,0.0445715783334269,0.024968064882223945,0.0171423705950063,0.0,0.31205161342702364,1.4193998434289128,0.3922172274300408,5.051400654642142,11.33231604804187,6.399825051825674,9.918640121056429,30.347305208956623,0.0,76.59591635051643,90.35626958321791,177.44218842092823,493.4623661433916,673.7307953442285,279.7951640073785,6.391925004295247,12.091540145235406,0.6677655167242302,0.0,0.15886407133040317,0.08339762890672858,0.017751394606138393,0.003520309906454011,0.009774559817089112,0.11212611124427502,3.912232278929432,28.731488224494548
4.5588235294117645,0.0,0.0732519793126713,0.0034559087877166655,0.009520634490910628,0.013262700262891464,0.005697324620240352,0.004841054625167942,0.016570080497772654,0.0187447383921319,0.0,0.013164384698306539,0.012474757381359197,0.023859452970802334,0.03628113341646879,0.009149929659287986,0.037151329203747814,0.009586775326508678,0.042280552562275434,0.0,0.3131308363876353,1.2693739585969839,9.053907966450288,9.743987223860682,4.341811344133352,5.17948190625626,6.3580404606915595,38.22805621067326,0.0,126.15538946780825,112.38676729122122,10.019457201954175,46.20857548285314,208.86457660040423,52.374732543494495,163.72443914128849,34.896304502640035,3.195839581238677,0.0,0.05709311684769501,0.07530796979707446,0.024402259189007215,0.006968874405753801,0.009810352535483822,0.328912182875496,8.688693682441599,4.706074635877951
4.573529411764706,0.0,0.08290687928601138,0.024737605406854206,0.015795260358396845,0.012972599620546496,0.0027597952277601673,0.006789866020174836,0.006401029651462286,0.0036493446940560484,0.0,0.005251698725397068,0.01943837820922994,0.045072582072097175,0.04695057811974053,0.015044836078854804,0.03243587192808955,0.039554748670159186,0.023201472238558184,0.0,0.9592954052180941,1.7219432216492612,3.6352252644129956,4.51312551755673,0.8582410987776414,2.147336438805527,1.7538645308635883,10.473167844241068,0.0,4.752227290571637,17.10091579255554,78.47063866104146,12.51776258079976,44.21815053627147,190.72296390092305,8.443853175093787,149.7800385191768,53.28448972705258,0.0,0.9284719992396779,0.010970164637780604,0.002033582245209518,0.0056112325737275245,0.006206092979479861,0.07152798150107167,2.8113869574063117,2.205449890104812
4.588235294117647,0.0,0.039684333941330495,0.02966391011126109,0.014652029322965917,0.011730389954817507,0.04385740270945819,0.031997907475449346,0.01173264106293117,0.010545242513620597,0.0,0.0063386099681310305,0.005228293608086943,0.013789825919265841,0.023284311718342894,0.014425842902685261,0.019265193587421823,0.03377481141361944,0.07673811485337509,0.0,1.2955573556027553,1.2205558338691194,0.7137894934600889,2.340854241016823,17.108639851749032,8.969003878460896,14.555261042032363,39.63019985581127,0.0,25.556171080070285,43.98691524017633,28.269039701603177,37.41411046607722,77.54062805425951,45.08397785869492,164.16337032615138,70.18484352278455,50.30036310203543,0.0,4.585234148376909,0.04546953450239091,0.00751130186263488,0.003297704879860676,0.008347506495620827,0.049759016604956484,1.2668423248964054,31.201701822303747
4.602941176470588,0.0,0.011538793486135415,0.012645084654846945,0.015034368496533085,0.019235772134425573,0.05047335607430273,0.03949744033050215,0.012745685321986906,0.039564847030771066,0.0,0.03966079771411362,0.02972884970225131,0.007398522903565749,0.01018377417318513,0.023857324044426108,0.042185469195638176,0.045173284735276764,0.04783722868041709,0.0,0.6859721356871429,3.395769572113525,1.3913559022346198,10.480560314934213,6.387036699258285,4.581719227799131,18.409360588107926,5.728767226379215,0.0,32.99250886628299,14.547621092835428,17.120530776738434,17.86526642098851,18.666619067466485,49.70608436267346,130.01360405954205,90.2842895742126,13.869710643831535,0.0,4.796568521799592,0.38670895053590437,0.007588312706766496,0.002940321183807384,0.002333928897093286,0.22678967307274098,0.9021266642013797,5.792535480564232
4.61764705882353,0.0,0.04708250858749445,0.021278167500445484,0.016622305180426976,0.012547800827966825,0.018180889397146953,0.01329470126890403,0.01108844749882496,0.010449151715463772,0.0,0.004646006357016728,0.0014053336839833482,0.009421531171805653,0.050765652217107285,0.062342572440006544,0.05384980747217794,0.022641730780292732,0.03027264367338031,0.0,0.9221067418260606,2.1301244037122378,1.4998923444153966,3.136941091016413,2.990277573232686,9.550978607344794,23.46014098213183,12.936727953902578,0.0,8.997849862630213,80.78860172324164,89.37725979908458,32.15763810175257,2.2103995016517257,12.44859741213843,6.4803387058315405,14.745270559646144,9.543876699896057,0.0,0.9885760051797448,0.033150989631736696,0.008330840563778374,0.0023242342169685795,0.0012175539635760429,0.10574066590972706,0.4119137380050901,20.65867060877219
4.632352941176471,0.0,0.02042626490602847,0.03910806084680796,0.014195424995248717,0.02069544252711521,0.025651428931356763,0.017726427780727715,0.014012518563079016,0.004166873756171194,0.0,0.01382714506272354,0.029486228851072153,0.02717019593470952,0.013757735287383447,0.03538819638398032,0.019748370874493062,0.10133086329054189,0.01481194090611583,0.0,0.18970990666348173,0.26714085003011473,0.5553496570401176,2.5397815179150403,27.698429238864875,28.876286302752504,3.8442253335114165,33.823876916481225,0.0,58.16768970167062,51.52578430544149,20.187560107005694,7.011585932895199,7.415093067932439,53.58052416695226,23.797361461983883,8.141772962063246,1.4948674778097786,0.0,0.35541897447827014,0.036916621000908055,0.0008388686119729257,0.001857152818313643,0.0054052330986920395,0.08474164915647243,1.2404356303204884,95.2143264738425
4.647058823529412,0.0,0.016931429996430495,0.005797950868591899,0.015910255964822456,0.029568826418939792,0.021789954234286483,0.010192594880745122,0.007827814439486833,0.007654139406694809,0.0,0.009072555539091134,0.011975699113306768,0.007165606788620552,0.028989753468032044,0.07957133955881382,0.0663756937950964,0.03383786264579109,0.04000336972120295,0.0,0.24492908443485897,0.34692232679755897,0.41216264719880025,14.771278919241052,5.52968208261618,22.944769122587005,1.1517817974819327,42.459595894687546,0.0,7.65532327258296,21.8702445630045,28.616308097581,5.912436296883433,4.869447395749644,7.115303122429818,14.896853999595152,9.852696046616341,4.206883867543818,0.0,0.8484679540587755,0.008760509028070787,0.006508838148120656,0.007075037691947104,0.011390745440671132,0.26842882882908137,0.868611087585635,67.9513220830328
4.661764705882353,0.0,0.015790553856496723,0.050121843798325696,0.01897827044329571,0.007524722142740672,0.005075939465711959,0.014103767144168037,0.026530142122645383,0.007528641154619981,0.0,0.004929459548931034,0.00963484043954864,0.0025465741379729636,0.007514376657445796,0.017724627020242485,0.04204224328467245,0.04462369735872891,0.08725959543151443,0.0,0.165030790137551,0.3310069964994281,2.113036627377596,3.2895543030164047,34.191694830850146,103.92386678580385,107.22237771027261,18.8168945937773,0.0,11.287220523445828,10.208792525154905,10.428269637027338,8.24695859393277,4.419694621796969,2.224252641634246,2.340578803113864,1.8225298614245085,0.29022628399225386,0.0,0.222019985416695,0.09136250877180044,0.0010604560829619875,0.0012197170332408891,0.003854928065377611,0.10771858131604511,0.8458849302895857,12.727879522529777
4.676470588235294,0.0,0.03496927380565486,0.010334978918341379,0.0023175646688094395,0.014139522493635917,0.015405967156179739,0.018407225232100394,0.021957816752950277,0.013710624527078125,0.0,0.008563218658722942,0.004795029028259499,0.01400405906418023,0.01921596741667428,0.014763539330696226,0.10727465061338731,0.27633742445112564,0.05024961117030653,0.0,0.22275516759161457,0.8965720277355163,7.164386226958692,8.566836760661005,0.7750553058893751,3.3102952180011567,74.30753599791171,121.37336432810703,0.0,73.99500260163742,3.8311696576312393,2.5772891907765447,2.6134361553364585,2.1180479527067555,0.4070404177707142,0.35098900252673715,0.2635086838048154,0.01762995843053389,0.0,0.07197418105168732,0.03675876825817362,0.0024367408068656435,0.001869291052306372,0.007809821412308724,0.14625058220915427,0.3231365970586426,11.90143956164545
4.6911764705882355,0.0,0.07848105032250385,0.025574315626402624,0.009612583031520358,0.01059451064632468,0.005920431453431695,0.004648960018970016,0.0037799900373870167,0.00235285741811678,0.0,0.0014339454049919578,0.004219343203660355,0.01595532841211718,0.016144511842871953,0.014271376247214019,0.07544421248647304,0.3308673259435422,0.346699711756707,0.0,0.04932769671669966,2.3478130452585093,8.28851600609821,0.6753673480997271,4.174297919506196,49.44572079920855,208.51442521281103,191.31305753765702,0.0,146.4760594154348,71.96044231682458,18.651655920863707,3.130849993961462,0.016956808455263452,0.5839551971796633,0.5126623937036846,0.11393047312450387,0.04018870468146665,0.0,0.036336593579286494,0.027507480922579902,0.0032102478243580712,0.004855934775764348,0.01791572407090911,0.1869842712326518,1.614016008384744,3.966056007151476
4.705882352941177,0.0,0.08950221282754797,0.013548715100827627,0.010274950760866595,0.010058110247630599,0.009230523885102357,0.00832842549968256,0.007852244896306268,0.005147669831612554,0.0,0.005350100893270602,0.001496018384595418,0.00566950515806433,0.005193787612105301,0.011738237420647966,0.01415926364796042,0.03652012919812038,0.23378710559874855,0.0,0.5169539664069933,1.9748798276766377,0.2707874724297985,13.363124976512937,35.3914091992724,11.641242647589552,26.03876364364115,30.188048588830547,0.0,8.81418289230123,1.2356576355322517,3.514661946174185,6.638939317988965,2.787900524905695,0.1615122245323985,0.04823527354598365,0.07282505801939476,0.007102537475795404,0.0,0.002649384638989871,0.0032917500001560657,0.002604471625991971,0.003323947621266406,0.02413467649504248,0.6238588848339197,2.719953878589074,26.77303597971835
4.720588235294118,0.0,0.05002137320587183,0.015493344786699446,0.0020612667403052862,0.008962372049142648,0.00686313864249576,0.0015262247524505195,0.00225224846145831,0.0032989991567825214,0.0,0.006857398286211425,0.001997414486428657,0.003488315601966709,0.004297414756499458,0.006004708224508809,0.019951511833232148,0.03500046050342272,0.027853844212271515,0.0,0.05804542144643732,0.09696094458108356,3.329504197226939,14.039597941054872,8.988619850166852,9.563534877027319,20.164586653744756,264.04534742971356,0.0,394.86083681104583,110.64149716423603,2.9674262943855596,3.655408215321137,1.0873843944703747,0.014414032803292136,0.004008022320247051,0.029660800297245125,0.03297342203766389,0.0,0.02037246485769386,0.010191683835584522,0.0025962804318115902,0.006485967935008441,0.013792487729461084,0.11876075284378476,1.404458215205623,47.75588930305166
4.735294117647059,0.0,0.0192628746826611,0.005210944418351982,0.012886521673309205,0.007711319408004405,0.0022415885854437964,0.0022446365017309423,0.004870467991885741,0.006718631726635258,0.0,0.003724751655894104,0.0037201482251209214,0.004162293051899732,0.005479011074765824,0.009613339489251593,0.006500742489542786,0.005322259693589434,0.08495474987811441,0.0,0.24212964425341627,1.7407869447484603,4.150348410137092,1.4343386643857519,1.9499025077498189,15.229755359464468,103.88858843086447,75.72524621092028,0.0,269.45716567648617,206.52252126742724,370.03851729502685,181.80710682620136,13.363453661227563,1.1555676327859787,0.1098325721151895,0.03890508433753042,0.029061291791914225,0.0,0.006531319680937642,0.0019536928775144395,0.0031340765968083,0.0038344187068368248,0.01367381460955582,0.3283315128001952,1.3861170018941653,11.864956904245828
4.75,0.0,0.04464213551849189,0.030713486658440023,0.014194024189454993,0.009826861623793516,0.011340546811078827,0.009775546112249275,0.004627070218685597,0.005302807573530554,0.0,0.0023191509773843265,0.0007955539188062347,0.003121492916931977,0.0033630789952389236,0.0057025070163517445,0.013614142734594376,0.048197744722893184,0.3628858360063415,0.0,1.1991706000821538,1.5898946319755112,0.5126478057711419,4.011549208860178,12.665809781557595,49.29283059862334,30.10665984322526,72.88637758626638,0.0,55.10653899768522,76.4085566343054,486.410050345059,1832.4444319991226,1517.7677239000166,359.5831052976026,70.53378306636165,8.881678398827368,0.9033229599358086,0.0,0.06747270964345228,0.024014692410183287,0.0008520873155648418,0.0053660269155143756,0.029620525628566218,0.47275686424213903,4.118718517136633,9.593012427369464
4.764705882352941,0.0,0.03369186848239564,0.03293916847531846,0.008028767808920898,0.0007726296623036453,0.007323652154676045,0.011225686432628558,0.010221182279945219,0.013235604332230207,0.0,0.013416236320657018,0.0024590663820542305,0.001901420455326737,0.02711751874581824,0.07993123759439935,0.08547914718271712,0.03697610365524164,0.14826011352163568,0.0,0.5104404492694123,1.0793086192060675,3.285131914346615,11.418213528753013,28.734508669323212,74.38562755078186,58.15532421823855,43.94778339395191,0.0,28.83342031643131,9.3967584201217,30.853785859148612,29.468369970958996,727.5762953235055,3901.66643878825,1682.5496233156614,77.96148129451869,1.5595372146502344,0.0,0.14183861733455425,0.049470524144235424,0.012340075462321706,0.003074493399658597,0.020630237051466497,0.15775943986644847,0.12544759062168837,2.527812367370376
4.779411764705882,0.0,0.015104752982341076,0.002834927689224189,0.03549491848350679,0.019477267373948972,0.035635051927624437,0.03523714255391754,0.012726195829177424,0.02982092809693307,0.0,0.03080894559306409,0.01857409836159735,0.0727726372443261,0.07305065660084048,0.08857995807931299,0.10343558542782023,0.03131731633356551,0.059177664288604166,0.0,0.023915556871342582,0.15924871997567505,0.8119804967479384,1.0548240437046494,9.97550606819124,29.608742918031993,53.85694196434183,22.91225247361919,0.0,21.069121099895717,11.966365284010035,21.31691094073875,55.80743112606052,737.0416712157737,1444.5675234997186,2214.621637500767,1008.9150034755041,401.61030954622777,0.0,45.4400447458949,2.399716874930167,0.323390761434566,0.04493573705667028,0.039311839836340345,0.17408152166913787,1.0551209973153481,3.446706166287689
4.794117647058823,0.0,0.0562937614969769,0.04746575987269691,0.03643274295223384,0.0294238066927333,0.060906655001969526,0.04352635919999119,0.08706554171252948,0.12837279959930853,0.0,0.13287649733674556,0.07839725722236299,0.06205958005634991,0.08172771258140991,0.08628055873785748,0.01719100151009035,0.014985154026828365,0.09252841768253017,0.0,0.5759855458936578,0.176640722312409,0.14052233634133868,0.3780120264823885,2.1821181636466864,15.554421484803907,53.70271771695122,98.20360860246285,0.0,41.71288473832125,2.178943690873903,52.08785372605652,304.21605844292594,244.66851225745614,69.99798084852912,241.01416973983197,109.94779614388023,752.3416875785248,0.0,461.0742799897829,84.4522030370936,7.617240388245362,0.5375989046855898,0.021379826885131556,0.32147299536835383,2.0548718696147663,2.0916420162695895
4.8088235294117645,0.0,0.3522265841620801,0.11142696757458201,0.03963884755101864,0.03197259155147747,0.03787072390981526,0.12954890943346753,0.2046171347474027,0.02804412566048567,0.0,0.06064414648810318,0.0859161939794433,0.05694285775398071,0.029654144745172518,0.033796435775139425,0.1342008181492394,0.1391969134907885,0.044814069968145125,0.0,0.7147101174009102,1.4580487227881898,4.792707529563545,15.31381567744426,5.451476384349467,11.07970555967757,17.835711490326666,4.154730121488457,0.0,23.243351759983835,8.460633604167379,57.116799497657624,164.46775421586332,81.37657069221606,251.56916485895417,425.7709088798758,150.9570225011533,432.0034289488008,0.0,496.9844899234206,351.935647355738,89.6805855285701,1.4840784491010308,0.1736167602059202,0.3144283535461653,0.34714284076053403,3.280627102270895
4.8235294117647065,0.0,0.09217493774937044,0.02146895675920135,0.061942948136644985,0.07201541695481821,0.08796679196841958,0.059504609582198206,0.084042762305743,0.06747782096737254,0.0,0.04470334615366989,0.014026000435046426,0.043960415844919644,0.03331715872814528,0.010331256500751392,0.006713738919147295,0.068003822340623,0.4130062807394515,0.0,0.5767340678124349,6.870270432358636,12.320123509054367,0.8635799704077706,2.9030593925490282,13.63217269040053,32.10024182699458,1.7528102233197345,0.0,14.968330967493458,22.57425602198068,46.93713817107288,13.515599814875038,11.628323772279993,35.32514469979531,265.64116365052683,224.504656665529,143.90870743879594,0.0,320.5541257920944,222.8297548437543,34.170193854848485,0.7468602060818936,0.06461525134182587,0.2697733979616163,1.3052861187207827,95.93481123293896
4.838235294117647,0.0,0.11779551848142515,0.01994988106421523,0.012901918106993385,0.04366504093292197,0.043876158827076,0.05039179324385308,0.04809217118763352,0.05899560690124478,0.0,0.040480325169819836,0.040669494723876105,0.10153080274836782,0.07381117453495502,0.026778248548645377,0.020464990918398172,0.024986188783906686,0.04698314022898498,0.0,1.2639220998147063,3.6071869906944265,1.9733878424964528,2.83982741014147,7.850300987851504,2.612795814706536,5.33057518765131,24.05045511024677,0.0,86.1958185790304,30.167684910128862,43.50526586040588,11.081405882225013,13.02374857376995,22.489280284621117,176.7344496883959,139.9649848926379,86.5771167622803,0.0,17.170440103443667,8.688927493248446,0.9654899511512971,0.05693554315047188,0.04544712260495272,0.13634530974084738,2.2329382383098384,37.43683159805661
4.852941176470589,0.0,0.073163872533528,0.02491301523608537,0.027695872653702464,0.03556011307928225,0.04970869088825512,0.045201155038544334,0.04436854722349162,0.02094621441985063,0.0,0.0056295074379922,0.008492995296615317,0.03294956641315304,0.05376488853196951,0.028453439793898264,0.0968459906726614,0.3321799608323893,0.29187383483625706,0.0,0.08362588379931499,0.5563982022836527,1.3136746826989745,0.7759584612379871,1.2274852059313104,9.09651770322817,6.373196468034639,42.490349913035004,0.0,79.2958244013266,25.38266705665176,38.25744858143088,3.8266067935038706,5.1815390755227,64.61899128191122,86.13553771052366,11.236074231900696,11.713687675588922,0.0,14.875064222169785,1.8474733210250223,0.14271707741422862,0.008832686784938275,0.029344370560113152,0.07986252247055362,0.8255099651241158,53.48598816232954
4.867647058823529,0.0,0.06689233839483588,0.02109183136739314,0.008748036289006972,0.006089997747947909,0.020485998055956606,0.011191024504742303,0.022073773325865534,0.006781329442204061,0.0,0.038437219350087544,0.04834977276377343,0.019799974800160176,0.015254759999925996,0.02452028646606271,0.056891433411491554,0.03988864491823493,0.18426161670908497,0.0,1.009399955609777,3.4277325819014255,0.4731090770171435,2.464248141718077,2.037634321423732,9.98716967324034,15.723511062811646,48.7592523074659,0.0,49.020338608402426,65.64074870808282,20.554138246182788,10.834610865430024,23.326777422299614,42.894055072357155,28.533501194746606,6.26992606675117,8.606468584474564,0.0,10.475552655143083,1.4519993390535393,0.03678733966961086,0.0048308396427206475,0.004847007735123933,0.07729126571534442,0.2863520195599193,24.506187034731393
4.882352941176471,0.0,0.11085800656905044,0.1050289973186516,0.04815375264906112,0.013699969845107168,0.01610798873070041,0.02140361645342351,0.030814806163668627,0.02112433203161788,0.0,0.01047067446535569,0.010730431833991715,0.024647110570296362,0.012351536637064148,0.00782256258363748,0.017545320211935122,0.05091943129407009,0.2015387145157317,0.0,1.0200392606560167,0.07001045269327721,2.4632229803652175,6.031877018441765,11.31428243892163,23.51093009086187,10.687018046788024,2.099169171688888,0.0,15.453366530356226,16.43777184656245,3.5374992821913414,47.89101618153385,19.95705592553967,4.159514699066418,8.928239291784656,3.4898114934088067,4.434252215986974,0.0,2.8969940896995707,0.19448895721244186,0.027322079091717716,0.002376608011542379,0.02019148749971393,0.020482975014357682,0.4859073226116447,5.503870675088925
4.897058823529411,0.0,0.02426321743238699,0.029076867251989533,0.01980880564451197,0.023846135586565963,0.026293907065113375,0.0066870777457855276,0.01449992792467892,0.011970136228195207,0.0,0.013720353855365318,0.014235316371401081,0.011093849605702286,0.009003650660573084,0.01759704172330816,0.017905660036436545,0.10940400659028668,0.3360926524158981,0.0,0.1115273351130272,0.4015287295945138,0.2455477057399895,1.525739578086648,2.211853886913537,1.296059017339819,3.5569528577687493,8.543473906195404,0.0,8.461956827181819,5.502688822163718,4.422067008631437,27.276218859295454,40.48641368467693,4.481265744777174,2.5079161500836986,2.292311053098377,0.9643822131064113,0.0,0.6652899886800796,0.014534118661592994,0.007151353084517047,0.003924818750980103,0.012875935818033922,0.41890201647370173,6.031816638649747,29.11166199129041
4.911764705882353,0.0,0.03383577188085538,0.01578081425588777,0.031308150988128364,0.04828766461638555,0.0309526031820579,0.007565751884434174,0.012373212095831138,0.009318233185636071,0.0,0.004973112877283017,0.008777614812108958,0.010020120700123144,0.012146204509238999,0.01436625087459371,0.029672452855075603,0.16505118251089254,0.07184932998945728,0.0,0.1699398726681206,0.07772843380485248,0.5624164842515995,0.565524705518894,9.425210055870869,15.91377025700399,18.59646771336824,20.253587230237784,0.0,12.760867055599906,5.203347814322736,3.2366388266518618,3.3573609239590616,9.265960978237583,8.122850060851503,4.020537610925835,2.505708451941078,0.3681684381002789,0.0,0.5546700573468452,0.06918751303521137,0.00510991017017998,0.00563806334745335,0.015778936750286486,0.16119060842756827,0.45191241737340015,77.74342573568471
4.9264705882352935,0.0,0.08349501742172308,0.011755277265104691,0.011263882804936029,0.015051623443011527,0.016617277635673694,0.018798591932597045,0.010277655532350657,0.00478376389829983,0.0,0.0029255713337403505,0.004348696439192134,0.005613023990352357,0.006544083830678985,0.009046840639689087,0.022350334285081173,0.02219067066946006,0.09958634177420893,0.0,1.3980019762009994,2.2685979278044517,5.08512630275626,14.014537670069355,1.8878014310386453,5.927341829245034,9.898555307873817,12.084543235165246,0.0,14.975312748396004,27.15362745013895,13.293811479521292,3.161982259777985,0.7641049791989977,2.384267544907047,2.2615039984265826,0.4725406950394602,0.3508875755733674,0.0,0.22655613618001214,0.022668560472852477,0.0033562805747012103,0.002377678514771768,0.01731037428063538,0.3131946270445735,0.5975440079882242,33.64846340696687
4.9411764705882355,0.0,0.028759794502595346,0.025301463358750418,0.02035753206100216,0.0022600460302874244,0.004387201677027917,0.009065245959862255,0.009381198073292954,0.004073613587397882,0.0,0.0018124426413370922,0.006572303765222899,0.005855595806716537,0.008505190090959736,0.02492955225890092,0.0273965645370354,0.011876826870734481,0.22394785097421732,0.0,0.6751674232090623,0.1506120133882017,0.2011459211866539,22.00063858826785,36.503724520717306,2.1822942227848277,3.4468699186532175,7.114765928348996,0.0,11.498354979810752,18.803618690252016,45.14747549565199,5.509191418263688,1.2334317346922599,0.03095423807503465,0.04203615585472892,0.23411459179928612,0.11654793101769623,0.0,0.014839655875957054,0.012894928825340754,0.003910678730699519,0.004588925402554895,0.012663645160288124,0.038646471313897146,3.6505883021798473,30.46323001833231
4.955882352941176,0.0,0.04055157352439457,0.018888264868644145,0.016544243646338344,0.011739023949832224,0.005806867704064673,0.002600664143525974,0.001520812546793531,0.0029038489569312292,0.0,0.000711827248724995,0.0028279592154762333,0.0026049343937054694,0.0022792545602597753,0.006233258548450798,0.03539967857760169,0.02407057252202783,0.16801647363850697,0.0,0.9446643520072491,0.9664924261011957,7.262303821180808,70.26943375618254,83.7128553374418,5.952886640026604,2.1296465552665946,4.436506823162002,0.0,27.912081594663093,34.78615566556015,114.16553567224466,72.28709592587816,4.210333320944715,0.44990616879806383,0.2547628434994328,0.08354107875803393,0.05261132643543645,0.0,0.011228640278714586,0.0036872046014778527,0.0018403955694455067,0.00405537154551383,0.004379750018308784,0.21075180439669566,4.43145137356055,20.454684249899987
4.970588235294118,0.0,0.08613135434414389,0.05059175446262841,0.010194206635785817,0.013200406985191291,0.005331527303949769,0.0021155060498420117,0.004737867930913075,0.003326309446398641,0.0,0.00353767148754129,0.006538528637105173,0.0039003087888908033,0.001548482630425503,0.011670905465886647,0.0042359230510753,0.008553657422820186,0.1316999820496654,0.0,2.298508541691067,6.2718448430021745,5.860806491154898,4.866314153665935,76.8222675771919,42.75471198535975,12.588436282372115,11.526805230859768,0.0,15.331160521006542,83.6420878242877,321.03722333514656,526.9011986543511,94.21027912825237,0.6096323281771885,0.14534840351156353,0.060858781836437184,0.04709247892938126,0.0,0.01000930364760734,0.0016352628595009606,0.0015811409368483016,0.010731230325031232,0.035423665714166636,0.5309526975638194,2.449523828111317,22.14900953847908
4.985294117647058,0.0,0.039042650338780814,0.010441727357781013,0.021574837738237908,0.02896809197629544,0.010536206563842227,0.0038657121405066396,0.0031891145852085833,0.005709232788526216,0.0,0.010116522485793658,0.008803275491393618,0.004782724287187458,0.0036665930198226137,0.003191560554266052,0.018762645174198903,0.03456590952434612,0.3243418890810073,0.0,2.7554819022462507,1.4326042517511035,0.3887201214950667,9.34251048519603,121.24273393459143,167.69196478133327,31.020260695713315,9.654851930447968,0.0,7.578478598003876,64.45597897178848,140.61690911657564,677.7413423474743,931.9705521547106,123.24750327698521,3.990805237304261,1.3847218536817754,0.020771368900251837,0.0,0.053504552138514266,0.011666626737621047,0.0060153333935201595,0.0012791262428442053,0.0017972910444653812,0.11750301795653054,0.6887326648980323,12.012778995021414
5.0,0.0,0.08557704461185366,0.04484231115967555,0.014365296234756318,0.017169727062202118,0.016474781585652274,0.03590548536503776,0.02652595140596788,0.014005035205511118,0.0,0.013100936180065985,0.00971869435281571,0.019385077621683372,0.017080085614328496,0.011459968504864103,0.012080247161573823,0.008526093323202973,0.3186338383786649,0.0,1.0585389797118725,0.07910025411559335,0.9772099460639344,4.185612299014725,21.69891859930187,74.86900333417006,79.66290031258703,83.07498815901022,0.0,57.717713735928314,4.906456588597682,46.35267315323834,205.82803760758776,1270.551975236538,1787.6019263614494,272.26634961033255,8.321135742296462,0.6543536599152383,0.0,0.08106627877406872,0.007778235354217655,0.036575020794537325,0.003568072588969174,0.007381578863647483,0.3371655845272634,1.014748369384861,2.8390289705216407
5.014705882352941,0.0,0.03237010810053759,0.031485577462973154,0.0324095882707006,0.020481170385334754,0.016640104574515223,0.00607565299772675,0.013123817055936585,0.014798375560768306,0.0,0.05553955424644094,0.04190065515919133,0.03235187240511135,0.03020441420740546,0.008615004211200698,0.00917167973035842,0.029274237131576383,0.12298861611006853,0.0,1.0778617802094947,4.73024674190415,6.307810960338551,14.255605137084824,11.250648528363106,10.754580232300963,70.83623392736209,54.50081559883622,0.0,33.9203273963611,4.555082831056188,13.043325220948791,94.36562558848011,379.1238616794519,1125.9389155186725,1970.9105274286426,495.0276695343811,49.545493340068205,0.0,0.9687751420490779,0.40276216307724144,0.1334666742095303,0.0335263963811379,0.0023464615719006763,0.09096312862582734,2.8364101135657913,35.71505376301095
5.029411764705882,0.0,0.029179625106339126,0.06113564374221546,0.025735927917162053,0.017137614353972895,0.05185858829812757,0.04369098308707581,0.017157123927843146,0.05587934077766612,0.0,0.1849500603793245,0.10711367884658753,0.09620137372640856,0.13526500649791312,0.28084211374014956,0.19880817271902,0.06699927656312202,0.05207271316408225,0.0,0.011216582725867496,1.0588066662464994,1.5050615611709905,1.3733081423662596,30.511770729573932,39.53703745238522,19.483917161221044,83.90889039400113,0.0,139.03744353679838,47.10057312650013,38.249260027524386,29.09138135111281,6.548478462884805,630.6041765720578,1710.6819408732626,1593.3469574547635,746.8325629911444,0.0,42.792866285128085,4.600350575698679,1.5579626012787964,0.029147536472942777,0.009804099032973563,0.07941290868692766,0.8059134189566478,43.613303643777265
5.044117647058823,0.0,0.0696273565075786,0.04871781615468403,0.10039851735999485,0.06561353138757828,0.008339472512933882,0.05621918371636661,0.10153555262025804,0.04689142034646403,0.0,0.14246090363903663,0.07824873057174545,0.08423831340487192,0.06796883384116106,0.030344412057012212,0.03913028309432372,0.080418701531121,0.09040318732588451,0.0,0.33354178932857703,0.6404314215485036,2.2862667843496225,4.06607076761318,0.859046646204239,3.7189330822901896,12.46150286117869,35.64509429148081,0.0,14.986911638621429,73.59353513931899,24.5423091565227,38.267161732190985,136.1367519840652,638.0260119711887,796.3124338919231,142.00668564505335,154.24052023475087,0.0,181.634078275742,50.03754632997851,3.117443478922155,0.05023816874014884,0.015037591117716296,0.07854907609083085,1.9196104123176247,12.316173518952024
5.0588235294117645,0.0,0.07170913842894228,0.07003095889637626,0.023663945415633523,0.006630340459566823,0.025160192435800196,0.03957341147981974,0.04175392505126269,0.03554142134349832,0.0,0.18633118678941646,0.05373035550520546,0.054643713402420725,0.06235743765717438,0.038590310609705095,0.020074784902871366,0.008599883085369724,0.07339226223859276,0.0,0.30802914212425125,0.10969557405566024,1.1441326643719794,0.8046658633648128,5.212478783097602,0.6384573955581567,18.602846187932215,41.65298238185231,0.0,29.305583951122884,277.1090006062915,133.69567847169722,11.333205013206445,40.460596629487526,131.5065384479208,207.64337209914834,227.9375389277441,255.09447343155068,0.0,137.85565690969256,55.7287229022285,2.1349339206619247,0.12089369974959885,0.01690434769370515,0.30255673511131764,1.0125603849964353,2.874757171753245
5.073529411764706,0.0,0.10093768166984128,0.06411119976894566,0.0266539737151684,0.007795634075690151,0.015761397600395525,0.07480420584559906,0.1340099234397079,0.06191157908366876,0.0,0.018287546095546947,0.05108885001864018,0.019776344129337646,0.003927238717741693,0.008674213917585648,0.0358457533620668,0.08133203313370606,0.20314329627931416,0.0,0.4035103792237837,4.434267548741097,9.367670274452706,1.8789756486383076,2.083169553526364,10.913123122530227,121.70420638616993,115.85598083703371,0.0,113.98270726653892,99.41677186863194,576.588462641021,308.12194274736225,109.6182050605805,43.9306816851248,223.5509260070786,87.33657442156513,40.20865053021353,0.0,42.442262458260046,24.070644964927638,2.543566646741396,0.04972853972776492,0.04585133897564593,0.19143945616739688,0.24324302245737484,9.218999626641498
5.088235294117647,0.0,0.011979429586744854,0.042958599009236965,0.1291013353077874,0.06677627274302186,0.05777913970560754,0.024862985964598003,0.01985115694116208,0.014663624646397106,0.0,0.0302196343865336,0.016623979894499128,0.010226313020544988,0.019004791337673924,0.029193550442422233,0.06221248057950789,0.028359348386025034,0.011851799490768294,0.0,0.07693887858699497,0.7990876371829226,3.3401194694972336,0.8391496016238498,2.932275758931333,1.8231106662938537,20.876477546295554,44.603322853974134,0.0,153.1199633719166,1026.244129691521,393.50497710616105,812.1675792076959,728.5637246127669,54.81058300234407,110.827761821831,134.13150433739594,53.273416835462,0.0,2.964386757598774,5.370718674155377,0.6104424981191579,0.04211494256146576,0.008162079890007789,0.08273503750522693,1.4727603268340268,15.41265072985326
5.102941176470588,0.0,0.0497219226374254,0.07196203927046817,0.11790884524800249,0.04786282716923701,0.03809999142937955,0.005588970534093275,0.08028179417927553,0.04971766641564857,0.0,0.021332790894991797,0.025000177171817087,0.011163047017458584,0.02425608432839048,0.09061864707076996,0.13699973515976316,0.06153509963585949,0.09153342702634591,0.0,0.06842214844164475,1.3276612021523233,2.398553369904098,3.9305127183157382,2.964491820078183,1.2027771692233384,4.8878459092593065,15.5155318502909,0.0,29.875061746512863,319.85801500107516,1464.8291806677803,1208.4020826770466,1695.6678147004336,939.7959239540935,127.95833836995212,19.636469534302545,9.012487231312107,0.0,4.328371042275289,2.9669382447430026,0.16251868453060442,0.007511978086535894,0.008949531205996078,0.07973539004828034,0.5130147815662603,36.02172223405495
5.117647058823529,0.0,0.021067776079805086,0.044603262309150245,0.10322672768287096,0.08415535592191073,0.06334980700479806,0.01697393559148596,0.0599866583359718,0.0505767834391464,0.0,0.06122183323380047,0.0872324009359769,0.06841131670098054,0.07687575164581131,0.07216439162629969,0.09177803479026582,0.05641804826886215,0.11107719210019287,0.0,0.6789569380139383,1.240839607954194,3.5534531582079856,3.44596943910991,2.1146676829287965,0.7311095592112707,8.639467565277316,38.1930768097219,0.0,37.745574118155716,9.26080343821078,201.21188488434507,2932.7708652497186,6197.111025321254,1950.59873642895,494.45716015839906,253.79662484314073,10.550580165149988,0.0,10.007617720516507,0.14517066652276198,0.08144032556704375,0.020269575967055517,0.003342622128732515,0.6366795399816628,1.5808089109262335,33.608723705345504
5.13235294117647,0.0,0.027450390449605403,0.021161025046998728,0.019839063007319163,0.018519924458198448,0.10719588189389896,0.06902681864162663,0.0419413729353251,0.02808443651364949,0.0,0.02166335065282326,0.061787150181890245,0.09736910296418422,0.06857095084469111,0.08062072531359268,0.11885862295155436,0.18083119778947981,0.19763857009003594,0.0,0.043708448092811165,0.34569401018247126,4.25360823344034,6.223759068950775,3.9906987051626217,4.595341879333356,6.86598869188656,21.986194520800677,0.0,22.106472955309755,3.0471790661346625,36.55615865612883,87.42688248407683,88.66633830365362,105.24102820511303,996.7171736202343,2376.7870191959964,1056.3629622570122,0.0,101.53575784987486,5.676594871915976,0.3737812659340777,0.014896929168100483,0.048498860351660004,0.04094186718211497,1.441129830955935,44.348241143656956
5.147058823529411,0.0,0.12901501459529388,0.11431236050176327,0.01871164114048426,0.08824859172750393,0.12279720924855103,0.026571566676914106,0.05453522246067059,0.0367286062985904,0.0,0.03840251564125237,0.04367497353504934,0.018250759367748913,0.06012124345702461,0.08479744955145674,0.06101924354341795,0.04094440179321415,0.20272547282288356,0.0,0.14156753315069814,2.986274837129686,6.468144882523454,1.7012385206267204,6.345888551139723,15.616737333676992,4.4154267188443,14.281480745454534,0.0,27.562428298898013,1.5249203102139828,9.50154662342701,25.35481389754488,40.64135949472181,20.064535877428387,314.5551467599919,1873.5089104169483,3193.8917975368204,0.0,731.3201006097433,17.420616406732446,0.8403547980850823,0.1388142258461692,0.053629924132944984,0.25181671343601353,2.041483722573523,30.448732006672437
5.161764705882352,0.0,0.042109189992138404,0.026357227201270258,0.13382657177337157,0.1407032604357741,0.10275632032726789,0.05021903799402999,0.04292737165700336,0.029930938011850365,0.0,0.06149182885348949,0.08537480636273448,0.0839769655845124,0.11994127448138217,0.09953701583796137,0.04978824046405759,0.068241668416859,0.5560577495412862,0.0,2.0647347958605202,4.33095905549045,0.2799923519552133,10.67736353370838,38.159924884652014,30.19508987337489,5.893490654269469,2.50326592850874,0.0,2.551463251879067,61.478558464389565,159.49118605608015,99.12073268642578,100.13945057270466,33.88234731425295,39.751403157193096,75.14025070098273,378.5718461409932,0.0,1440.7160554218083,270.28337358091204,2.252322569172336,0.033727811427049975,0.14638262534815544,0.14326386659407037,1.1377360883919332,1.3959715700757795
5.176470588235294,0.0,0.05714444008245598,0.09605949217830403,0.12167916008455942,0.1526354917096729,0.17110993539377167,0.057107522302682664,0.02482134941591302,0.0495468951374429,0.0,0.0402827467376629,0.027604517969773097,0.09995519334928854,0.12871888703452136,0.25872008824844794,0.1926989619113785,0.07932581571065274,0.2608167289115041,0.0,2.4613982509598786,4.367070039486339,0.6934809335279399,0.4085960901810983,6.35097375446926,6.749054083990311,14.817054747753348,7.365476796541425,0.0,15.652117512029578,6.090793753482819,13.422027847993519,31.69403373814593,21.279255732941103,154.7673281570639,304.1950787660766,1081.7237951174661,1694.68433551922,0.0,357.0930015764179,104.96979021042793,2.22245466724784,0.47745321605878865,0.030372473855826594,0.18948913758183564,0.86990700875873,18.541897503223698
5.1911764705882355,0.0,0.07501093954562033,0.10362629556356359,0.08141590699709388,0.022112780080140493,0.024116264441990252,0.08672353848246532,0.10574746321067227,0.03995295626622419,0.0,0.03743106927787206,0.062160431254150814,0.07261754345878195,0.054588656506465424,0.043572256876507016,0.11389378200747725,0.07353806726601331,0.10761710554845337,0.0,0.020973771816716343,0.33599720477149847,3.0854056883318037,5.3217974310686715,41.383512836153415,54.40452116057371,10.502034719709338,21.481939445090898,0.0,40.847910122694685,19.434328866432757,30.447690256318687,23.366972417434116,7.138741981710898,141.78335664766476,851.5102836852651,1939.9132181637115,1286.5809064074538,0.0,81.45914752674582,11.458547826902779,0.6247068866066977,0.017028981772206842,0.06106563638157989,0.07488000187790589,0.32914543757041537,15.296450153503564
5.205882352941177,0.0,0.03827651020809774,0.00854708315415403,0.00962723896808003,0.021055378422716983,0.016974171584707008,0.020550668478754475,0.05696217476813735,0.08227910253159866,0.0,0.03810216301553896,0.016582238095005464,0.04729458297346095,0.009276032064862641,0.0217960586153602,0.019171244993006514,0.04059263925991403,0.18854268498765453,0.0,1.2214335669213927,5.173723610047954,4.311183902542437,1.768983865083502,5.219358508322948,11.179589636030133,1.861617402079701,1.6306384302226187,0.0,4.307746405429147,1.3489501403061839,7.0073609039484515,9.298008269217144,6.70967873515923,3.6758602803933527,172.06142826169656,658.8798265333467,166.6972880870814,0.0,24.525261852596657,8.29856845647523,0.565883925769326,0.00847441057100305,0.04180575933124156,0.024622610650635812,2.075015097217541,2.871049273623872
5.220588235294118,0.0,0.05402840645744442,0.032971366995172266,0.037256533152340926,0.055928732698259764,0.05069473578938827,0.03762106639904334,0.02615469988632465,0.040925296399884334,0.0,0.04539941287806369,0.011980778337346969,0.024407443666304568,0.03978991902669952,0.042295571639930335,0.03206461767679735,0.23460243623924668,0.14864683228063336,0.0,0.11019755697929762,2.04546830420178,5.099589578378491,2.1922827448387245,1.1069111558479772,2.1106456358759695,0.48403371638334786,2.515665427051741,0.0,4.9434471638898785,3.4353249001939794,3.2112325873093006,22.54686669807186,72.42449226593186,195.32357233231124,479.22334206982873,286.8933888680524,75.75878455516352,0.0,11.819070923296273,0.19495456667309383,0.010231333250094371,0.009592887137176397,0.016157360170470154,0.23273466214589594,1.335950771043634,12.973053486515049
5.235294117647059,0.0,0.027384758219947437,0.009501488980256876,0.008064569116166348,0.0058007524757184336,0.008695667201102958,0.010204635726627748,0.019038903531844325,0.024283035829559055,0.0,0.012969022394887956,0.021619136820991126,0.04042827028333862,0.023470094874250724,0.06125958374561814,0.08158408051513606,0.03442895674310087,0.08526201275436443,0.0,0.03661224910594272,1.4339188942570333,1.0089134921725258,0.46274211638932516,0.2190079240432763,4.377293155337333,9.377752382464292,11.947819125994787,0.0,15.50659071939941,3.9131849505023313,2.4327700983309724,13.310349021422862,49.431720957971585,17.609752410724642,70.27813380066063,44.203766631645365,6.347924517656069,0.0,3.5768992412823897,0.17992172333316941,0.012767819565909309,0.0035614268465905333,0.023418503198016964,0.29866638828894143,0.504526273374996,20.70400268738731
5.25,0.0,0.08732835836921427,0.04417329727183175,0.006936260442153385,0.010566342698914623,0.007018745185773735,0.004815550255081144,0.0050136042783960975,0.0019167885495463466,0.0,0.005751621403852045,0.02136890713963863,0.018961012778993147,0.01384786179575425,0.013425354801710011,0.0044349249213716255,0.007911957401031726,0.03584871137499608,0.0,0.13047226019858862,0.8135675136274686,0.25439396374374756,10.819308146687408,6.958609009012374,6.652989379239238,21.689180234126106,12.199666585118232,0.0,15.401437556985666,12.127164646768032,34.64243571893957,47.20994563201896,12.303399491683301,6.24668228352834,22.038493521342218,3.9420135932582783,4.463932243539999,0.0,2.859350545134637,0.3319527629495692,0.00979048173269707,0.0008938562541418582,0.007924001356815107,0.056606972680264975,3.4982410232049563,2.820620614870221
5.264705882352941,0.0,0.0277973110200199,0.017928481778250654,0.017476951926199486,0.004970001477952191,0.01084068090456761,0.01091762990409837,0.014662614380018691,0.020684866352835406,0.0,0.018656415629476623,0.00853827009259417,0.010626232473019748,0.008561817965368125,0.016133531856899135,0.02684724432741274,0.024115483526087732,0.10952020213406227,0.0,0.8219933896544365,1.0431812165271073,2.113227789293065,14.576066791867039,20.137741800191144,13.770949712915714,2.201906730829997,1.0269117477642729,0.0,7.383419147817349,34.91821602066158,40.63002060267439,2.3343907458420627,2.6292759674254294,1.525158288653779,3.2163211258637423,2.663450342638101,0.33311184837600516,0.0,0.16621677538605542,0.038378316391975476,0.011534916956817408,0.002240597823545467,0.023656700304395862,0.04286015148023975,0.71012073136214,49.69823805325114
5.279411764705882,0.0,0.06547606233914842,0.03269080509916882,0.013280380178691023,0.016122029310564633,0.01889223546824081,0.0074051060482051515,0.00547064135250609,0.009686048559149098,0.0,0.012963830671822366,0.010477695320349246,0.011514961770833233,0.008142072478179094,0.010797134850962103,0.03925228047847981,0.04962565569958528,0.12913096677643254,0.0,0.6508599821868981,7.44449518934459,7.748066352624104,0.07178231778754202,5.811882177866256,7.671245190418481,8.470883934342178,5.89474196386291,0.0,5.242842180904413,30.557797605682627,30.898020182916348,8.865319284029423,4.611908786208183,0.5991991180271168,6.407150865246484,3.591930533098236,0.3071304690013544,0.0,0.11619340507599397,0.02786427541275173,0.00449199234301661,0.0034672006492689348,0.011306638471525705,0.2036584684498912,1.0268267531864481,26.618861007552837
5.294117647058823,0.0,0.05456964846735601,0.014562887185508161,0.0030531207116416396,0.0042450207649379415,0.004659370815131524,0.006644251927065218,0.003405520844124186,0.003001256273577515,0.0,0.003083343136116538,0.004938956228155468,0.0022766068787760125,0.009335043641192642,0.02413420991904242,0.034304639629183724,0.02531860481274007,0.08365972306038758,0.0,2.036686753289927,4.1798574129146,1.1847515606659373,3.6788649969804803,35.83036107095431,63.42659171923406,26.128104006849227,3.5183396517595167,0.0,2.8074674342860524,6.462276759906308,0.13909254125305032,7.815340730756727,11.4310796145302,3.5266156802878648,34.9047038348324,32.60124749682937,8.71159287044248,0.0,0.8407200359298599,0.06175853469266653,0.02267695699790613,0.0017394696585119934,0.00534179018487724,0.35014943536525694,0.5435025296875879,44.98804839505516
5.3088235294117645,0.0,0.05510662301317222,0.02376174080623105,0.007720470087912667,0.010049261204117631,0.012996508578918925,0.01195455312872896,0.011970905818144646,0.011496751915155222,0.0,0.005084957941996721,0.0041878699956173025,0.008034424652316241,0.007353524319147806,0.02719006072269894,0.005851543008730682,0.01018867600825366,0.01959488247626095,0.0,0.060043636822882954,0.539002970619061,4.848209609272075,3.8296169087765426,0.40749891586231024,41.98003045565957,18.19135305884847,16.820325829840698,0.0,4.364497866892436,1.9509288319322033,34.798834575103996,38.67141419647953,9.127509915378797,10.550294170654873,3.982520520808165,623.8614816965872,1031.2734741061622,0.0,225.7192355279271,21.791229561381744,3.624031891603149,0.42961935182866917,0.06886137918041219,0.05788560068896768,2.7653165120806777,94.49672971908998
5.323529411764706,0.0,0.026825997076286943,0.02471033709871865,0.012312274810452394,0.029019582498051366,0.03460384550074208,0.023347336981970907,0.009980306784261175,0.013734460412340523,0.0,0.017128100789081765,0.04816981227869132,0.10026954079423588,0.060010064194597174,0.02097836687864836,0.028969776389159173,0.016809582131991907,0.0184066675878706,0.0,0.21624342836852703,2.9387371066548456,8.033612225883807,3.369919557519034,1.5160202219631054,29.648808030335147,83.76682795298387,20.950109451238685,0.0,4.292850179887896,3.2374728272798716,17.718306221650018,12.364564313299732,210.67251435580343,703.0722280390806,2069.7315662840847,5262.529940671933,4087.255477930975,0.0,3521.354372404243,1852.0676421533879,203.09797750881265,5.93820885864552,0.7740255754286469,0.50432798163332,1.0076948110359765,7.550976678623769
5.338235294117647,0.0,0.04968550337287739,0.06262140978468575,0.011244275860304711,0.008794057167738333,0.020157587346744135,0.01780767559944699,0.010392286369304456,0.018702721233008816,0.0,0.01315118519959533,0.004437543708067997,0.019078286991425605,0.01657117567899548,0.018535683253358734,0.03366875699058837,0.008134501318273452,0.04786726976208398,0.0,0.2665137291227099,1.6486606066571214,1.7171996152359692,4.2165107356961125,23.691896617099378,61.49055560672354,89.78505884270129,45.37448426140939,0.0,9.736014531790616,6.5998046396791725,11.538248306120048,154.06869414280249,631.7634311819111,544.5535913602896,388.0076515428182,100.17265663596086,2028.3224119492074,0.0,3158.377656284624,960.8676207265008,237.55978560111433,14.887590239993973,0.07684150721918923,0.1734686091419126,3.5621011022921216,8.569848938965071
5.352941176470588,0.0,0.10346227778492581,0.12204894602056332,0.05491955788535505,0.0250327402003411,0.008720467265179683,0.0017401640254658497,0.02438682798445493,0.03147147916003102,0.0,0.026911465449661994,0.06480019082497784,0.09465598495766823,0.027396991734873147,0.027511274931352414,0.017906311003256004,0.03403104659967267,0.10437237522385286,0.0,0.019410941336029112,0.5418431390974447,2.93036819422687,4.647091154996854,13.40922641337244,16.93466889504133,5.073552517596184,21.81796949568124,0.0,35.25036794660464,28.396871322699404,38.21789291950695,52.49764744328763,24.86721584251373,24.451433622384243,57.943564412758924,144.6172737510919,921.4640526465937,0.0,277.94530988789523,30.31730209768089,1.5870602286703082,0.2703121043659022,0.04020589713352647,0.038122682211385164,2.9555881814468306,24.577949734332194
5.36764705882353,0.0,0.09418471990088739,0.04304414244863939,0.021963567488725654,0.01101650073039376,0.013729811064815793,0.017727305824579813,0.02953056240147758,0.04667842963601304,0.0,0.061449457687724265,0.052037908298903465,0.12245835295147156,0.09815203157413518,0.08963508932426631,0.07118577501820168,0.0165188051474472,0.03966274634134703,0.0,0.5356843361813685,0.45205300102297175,1.8595213403666957,6.407366808928738,14.278857507001728,4.858024059975024,35.531084486484914,6.826902063133785,0.0,59.15158429401424,7.197844548663507,6.728534766642557,36.79880802082391,32.90481428535679,42.21279150399063,139.4367469453628,671.6765098103169,518.3880193819601,0.0,61.03182093465027,9.360498657146538,0.15154302005618178,0.02679184273655999,0.04144674104282305,0.4126655892828733,3.210570157013489,15.325944914069442
5.382352941176471,0.0,0.06627852244364445,0.025373815358492584,0.04413325373666211,0.03465074779571105,0.041175350548881676,0.03992905926170165,0.04393911285747773,0.036180746399617825,0.0,0.033533448047125276,0.033225826074418215,0.026804398862832705,0.02398726899644449,0.03476634083003963,0.04147391247446017,0.0462625165259478,0.036061310482333006,0.0,0.2532891151920783,1.2742892214252821,7.295391117717569,16.720348060225284,15.851791399230159,50.20160245019627,77.67140864875428,50.37193742500259,0.0,0.8250972042050593,49.27912037975903,26.73965896160231,24.879335265477337,67.26047654653789,33.97839373042303,8.778613375289318,71.97350878703827,17.597187624164164,0.0,13.517837065070687,7.4195636797798885,0.08894209010756118,0.04503335134085107,0.002168463648662009,0.05516505140611143,1.678369516083973,29.510250632741545
5.397058823529412,0.0,0.07383723438803945,0.008818980028433147,0.015432302950086494,0.0037738792811665496,0.005719319557696723,0.02112716394623136,0.02820329100345518,0.023245900956882917,0.0,0.023288950093385594,0.01727742235530618,0.009089923274777863,0.030108946328231075,0.11135862463452703,0.08648040229387334,0.04358074626684731,0.09079733554888449,0.0,0.029911867872086984,0.09802168630411745,1.8734335445736612,9.465020612829601,3.30463591209973,8.423204370351282,21.553925183519155,16.866999554035054,0.0,16.031177751814,17.203477380985674,17.146306846845206,20.004732749770497,63.40592291532171,35.306679749023274,20.747181373951015,70.5838525130515,43.89616846259584,0.0,2.274614926454367,0.24492064586320011,0.12064494533926098,0.0049112883596172715,0.009339902811086155,0.11869611614490183,1.3448248992701486,12.698474137006922
5.411764705882353,0.0,0.030750003711729913,0.024652416236936082,0.015924777337758433,0.023830928311741745,0.01971332760852879,0.009709668439348007,0.010135390871078198,0.0254148039563113,0.0,0.014078068954947169,0.006677850311275776,0.004258497013072141,0.008908527012125429,0.030452291737932603,0.08689210066753383,0.03163532356706871,0.2515342075336671,0.0,0.16156449426262054,0.7217956051936095,1.5905515871345615,5.87637227574575,5.975374611510497,2.371473124640168,8.50581027046816,28.9312993987891,0.0,19.605378018184773,16.64697779531157,39.349818537333796,48.22161384258031,116.9708417446094,75.81879213338533,56.10028432550576,108.68331425029201,65.39331313621811,0.0,4.155581048043516,0.08326329998368458,0.05622064088648507,0.00593782520068308,0.005688060366413013,0.08320992284824905,1.141562625527723,25.637081554484375
5.426470588235294,0.0,0.066028670158782,0.022109475001311375,0.008858959760412413,0.021092363207624178,0.02445947363671258,0.006123568402678941,0.010938031431584661,0.010798355810379514,0.0,0.012506227016654037,0.013841579098165562,0.015119387178915013,0.004256666344360896,0.003457937287841346,0.019960374533621754,0.06653429117263326,0.1031369979111687,0.0,0.3215080586833999,3.6091662285038635,4.410958481288488,2.0398659551878158,1.3853819181012175,1.9555896570969675,1.726811732464081,6.464934734626951,0.0,3.487124497517168,1.749492865525434,3.3229847549724125,13.28147568290012,3.6770326193237333,3.7846653379682156,11.790186592024025,7.387038296288847,23.284167603014296,0.0,8.852012170549841,0.15427328775889163,0.005334214968573728,0.0017665542214984303,0.019108208140541635,0.07466374272532628,0.8229261385616765,23.130443521215852
5.4411764705882355,0.0,0.070091101378855,0.015553758242519792,0.012407275011850238,0.019947002691553063,0.010687757805624774,0.017956097545556927,0.009952231662592577,0.003297354969406604,0.0,0.013603583402745662,0.02712051342311165,0.01444051741131127,0.01573043016631971,0.012301976815927866,0.050934640020745686,0.06652557992524204,0.10037373319198142,0.0,1.131312643752331,0.17098720566992168,2.5931201524563496,1.9939922019911696,11.11436228822809,19.40625752627318,5.341480172402525,5.254749758935295,0.0,9.147411767386894,2.3620749994738253,4.097357487530763,4.63781396133288,25.840443855252786,5.51952530373903,12.71151578220108,35.186066896330836,16.295278355717087,0.0,1.090214008579306,0.006807636966452303,0.009161433439259799,0.005549489391446049,0.009872672383342223,0.06778314940876178,3.299959509853284,40.46918023698839
5.455882352941177,0.0,0.07343664951523549,0.009777567615136271,0.005672032705491528,0.009143962813959773,0.0044705060687127,0.002830728499770227,0.0031062678986576884,0.0006420091454068111,0.0,0.0025117277110742317,0.0030638946913095723,0.004209934508829672,0.0117176242731486,0.005426263357311527,0.02006917179289272,0.010202206514970075,0.022979696945627275,0.0,1.123370819565597,3.9199856231262618,4.68058465175476,1.5669572425678562,7.552116626664553,9.021671902106515,28.47394476404363,27.77310204690115,0.0,13.964795051529492,1.4984812996320973,3.4715443547155944,10.197056964702828,10.476957714145165,3.3840925978690812,1.5434899002805165,9.815322125771562,3.026997233805395,0.0,0.5830275047738329,0.016697640263219668,0.0013926868824385768,0.0015887594716665657,0.012419621147869934,0.1248701900404675,0.5413540664456229,30.136068176902047
5.470588235294118,0.0,0.04897039773948217,0.01946634289934266,0.0027682331881977744,0.01038314476068962,0.0033390017954728684,0.0009232737314162912,0.003044269700128451,0.004313799490905354,0.0,0.006099557471677909,0.007060733923733863,0.007566130174731813,0.011587000199552165,0.018398949269108032,0.023873193879802822,0.035293772655621655,0.00764131300088049,0.0,0.13269758218379518,0.0073504484613509955,0.9389973566304293,6.375815076898392,8.679800868089973,4.694388942804947,14.184399891695431,14.606640096116418,0.0,3.9624722148445093,1.6101949423023418,2.544316343990957,0.7661815947681399,0.1444420621184178,0.34705497565182886,1.3746498198782355,4.645466264286739,3.9447521435815585,0.0,0.5534908538349879,0.01563072985144495,0.003193792627194021,0.004314242705370525,0.05988758537178673,0.3396973330258872,5.553623509914846,19.06407101707222
5.485294117647059,0.0,0.03748861154284118,0.06720811715374117,0.024848450543768323,0.011384185123424394,0.01963558283235058,0.004245313186392312,0.0019372772199593034,0.004179397388056556,0.0,0.0047716974984129655,0.005352328744738081,0.0074194853752009935,0.007874764399383487,0.006387409291649499,0.002976733581077418,0.007277414134115491,0.028835732853246948,0.0,0.05856221696916371,0.2876468751116689,0.2147552893242722,1.9065686192313316,0.41350578355073,0.9782012364080122,1.080313240379299,1.7950893611951755,0.0,1.4672779704220786,0.29056195705012045,1.5102220246316,0.6859090619320926,0.18146972618354276,0.301107026771468,0.14743586232265313,0.42561867480955373,0.2996120516791855,0.0,0.023959770267091014,0.021573141324637803,0.0019739244808467415,0.006892538860892549,0.004867966686896733,0.05582548469790717,1.379213967754941,24.561238492755134
5.5,0.0,0.033940751693230325,0.016891524486083328,0.035581889923591715,0.022398039254033275,0.010887408059911768,0.0018879308205195042,0.0051536943392273505,0.003620556340460912,0.0,0.002749006019594793,0.00839098590661968,0.005700430253627773,0.0015454826291629918,0.0013105734589352635,0.0035498551186171675,0.004736724087199954,0.03235108916243293,0.0,0.3054361038385929,0.3657681651807503,0.706800077871303,0.609822543296348,0.9950489432100402,2.137242566601911,1.7652890646897355,0.8497648046973638,0.0,0.5111585854534266,0.9915976489802029,0.9936407703806527,0.18376203215867987,0.02268279677565669,0.08884263759974045,0.043137785969327415,0.22421415212801665,0.1611478829068866,0.0,0.03439787487448909,0.004214441158066649,0.0038474959345675287,0.0008013741646138587,0.008368681389261298,0.2928349534662466,0.5867085272519229,12.852870924027549
5.514705882352941,0.0,0.07124603020715813,0.044595414195522404,0.03564394678965161,0.007530847083986488,0.008601002733271856,0.005313255805133647,0.00825540198697758,0.006148175209629863,0.0,0.004399061842269992,0.005590469232200364,0.00700227896518133,0.005541089503602181,0.0018131897342517985,0.003294518126974947,0.015215939940650762,0.018603048962818728,0.0,0.05090043185915755,0.12263520803417731,0.2536622812944764,1.102981111637365,1.2524417323716286,0.7944810783333178,1.192092006824129,0.08217234216776244,0.0,0.5814386944276015,0.322460997441489,0.1819041113548222,0.004525184408500178,0.006070801781443537,0.055295477307742036,0.18486279783430232,0.37944239127799034,0.14718013724290968,0.0,0.0114287909420807,0.0034328574659221885,0.004209789156324224,0.003332653801232179,0.013611127181502015,0.7208351439384949,3.0434025681789323,9.455164178452778
5.529411764705882,0.0,0.031317856756580095,0.010693608731689296,0.02981942724833113,0.01936440876198205,0.008602585203452584,0.0026871283980531386,0.0016672175649778689,0.005325162242329178,0.0,0.002865593848055961,0.0005026094626350992,0.0015611949653188517,0.007195943186202608,0.006536394385682457,0.001256074451532559,0.0056251691403132395,0.005940493177105316,0.0,0.03765169793008284,0.09411763081308683,0.16874503282641462,0.698060698439265,1.964310225540076,2.802275456285872,2.0153950741907067,2.3418481247248732,0.0,1.9370154288616552,1.3020644029847028,0.803505588820818,0.3040449056947665,0.00915726996290617,0.011456731997367174,0.04127128176837706,0.025542167328827286,0.013255852582183095,0.0,0.012147119653983247,0.0018756791237297687,0.003043279898475599,0.0030619871770870433,0.03495818595845878,0.2192126063360227,3.4066239830228753,14.814059593674257
5.544117647058823,0.0,0.042566144926358886,0.03466533878530005,0.007735012299051321,0.00475201294245285,0.004420140568026546,0.0052301767416495365,0.003471778329173656,0.009716773454907476,0.0,0.007612909420053118,0.004098498367191704,0.004516002032943322,0.009188212968893442,0.008189864551078684,0.0012944894865200916,0.002222231506613533,0.0017357039983512046,0.0,0.005368234088766906,0.13482583423265213,0.2983913984343939,0.1645167723783678,0.8470933960619913,2.054478989450949,0.7510056364605571,0.41306337548384386,0.0,0.3799875458129355,0.034336048387451246,0.2618166510089096,0.3489861810615128,0.04244810220876795,0.005484289483175455,0.004251388177429394,0.005762270937823751,0.00879110693266015,0.0,0.005924026704647366,0.0011909765906227903,0.0009084161950608082,0.006684272540586567,0.0040562670509168485,0.09281913233780573,0.3970943760751323,10.582420201990479
5.5588235294117645,0.0,0.018383446197545217,0.027016705858855992,0.011167739853978528,0.01379330169003482,0.012531967165457307,0.0069929962250038285,0.009585397443743333,0.005047362713128317,0.0,0.0008854918566849387,0.004457438833002201,0.005515308434565212,0.0038574868729277204,0.005568923581152563,0.006445649477519225,0.0024298563248070226,0.011000571184440613,0.0,0.07590294838868322,0.053564752546830526,0.11020502543061086,0.8305279719087211,0.7926935108248041,0.16935210760299202,1.6214859083498863,1.4585505412058328,0.0,0.7891124836318134,0.41475671939597347,0.3611129586196641,0.22101151855795162,0.09194894397612371,0.03706226562704178,0.01191619871249883,0.003209467090435707,0.003253941406473542,0.0,0.003906895418951133,0.00396754227120551,0.001305783787847173,0.0010582064126470618,0.0034180653195558723,0.10591227468141517,2.733306534620752,20.151755117811735
5.5735294117647065,0.0,0.03465642489261563,0.02090377425062525,0.026655409365043972,0.006995397637447339,0.005537617591095317,0.009422368137556928,0.006477543980209038,0.004531646682301327,0.0,0.00501549544079508,0.0028052874471537004,0.0022750322813211883,0.0026194027749556403,0.0018920989040851794,0.0014490597114837668,0.007652399865671897,0.009883138396901556,0.0,0.014803678298756347,0.2384194955915848,0.602746745909648,2.3914581279425557,4.485794549805583,0.9448716450903536,0.33070248661873486,0.5386218867576211,0.0,0.016592978903763912,0.25346023413652796,0.10150658286571337,0.011245830832944217,0.0036977275863918583,0.05842573628173721,0.03929003468699477,0.005504929910581602,0.0015078831994806226,0.0,0.00019133892222005107,0.0019893972761507446,0.001146707411558659,0.001479935220650171,0.01770278753761799,0.10117831924542997,0.827778515677422,39.07861558198765
5.588235294117647,0.0,0.03400577374983185,0.02783249589026694,0.007074244950277606,0.0020520414690538375,0.005133803589350377,0.005975431884493635,0.007154402385472132,0.00917492020542437,0.0,0.00458700629843552,0.0037546771842826487,0.0074623400938758,0.003466308307596332,0.003021037332786359,0.0025133706950490305,0.0020251363934782286,0.014761752277705351,0.0,0.03656973024838947,0.06604328575096095,0.3381101280576094,0.6877032633903447,0.3344387585813068,1.0164754670415816,2.3454184655707104,0.370239909760019,0.0,0.14010264811185236,1.0897821156835454,0.9769396854001511,0.15881684649804817,0.052389950817973735,0.5894810232598399,0.42706543685213394,0.04728359536764199,0.008340362398398117,0.0,0.008763906402648822,0.0026568839497366457,0.0007887735429354953,0.002650319027337995,0.003965633608077707,0.2203665359685691,1.1031853028186929,18.373031499937316
5.602941176470589,0.0,0.038293359225719276,0.00999867073096601,0.002780934839942743,0.00883720870138874,0.005826788369524206,0.004305497048817499,0.00406295059971069,0.0019388442372237397,0.0,0.00750639932500557,0.00714605022114578,0.00887277596192082,0.004821488703306801,0.004815972158195564,0.0021963016407008235,0.0008924402717006321,0.001877579813737201,0.0,0.049021981472817264,0.18482683944401904,0.13202661699261609,0.1566139767664428,0.7258049614894235,0.5863755990360068,0.34913734267711344,0.3798017126279921,0.0,0.9590993919273398,1.327451869551584,0.5619025533128204,0.3397347383833319,0.15037095956757512,0.6170958280765239,0.02136022122892736,0.41772581096838035,0.5949381813739403,0.0,0.369304444884373,0.051658148953727494,0.0025586722668725073,0.0017563937589497717,0.010686357215626998,0.32949635296824165,0.5396484969619242,9.705426122898988
5.617647058823529,0.0,0.02965116262837709,0.011965128884834472,0.010453778809086291,0.01281059889042465,0.011750120660253466,0.010719118615033612,0.006154706350537443,0.004979936720353887,0.0,0.0031213775914368845,0.0061097461068088535,0.0023447568039261578,0.001375349605237346,0.0025041629897263685,0.0014648977093727686,0.00040817344972265664,0.011934300591797226,0.0,0.1002982777984516,0.35735720087051615,0.6853081391036226,0.40804491709405677,0.3256354391536627,1.4212966899698087,1.5979839977481474,0.9019486556168355,0.0,0.225138428461226,0.05086042563273521,0.008042978384492739,0.1658170715337544,0.2008417554082424,2.5636063513309297,4.799021830120925,3.4520188092748376,10.89933140257672,0.0,9.601550235307643,0.7795586738604655,0.009514310833321118,0.003281191696884784,0.003223204413887374,0.038973491051238277,0.3007206506034427,22.751433311643048
5.632352941176471,0.0,0.038109891454911005,0.012776195256000917,0.008999420217768153,0.008214862292671862,0.009536621748723125,0.019505939703483324,0.00776472316443717,0.0033884055922392955,0.0,0.008141570865409937,0.009163616906352161,0.004414952069941831,0.005237907707637842,0.004062294203411717,0.005884755345182265,0.017604726870436616,0.047118808386241495,0.0,0.020048589972219876,0.038209616976771485,0.8187477301125814,2.2809410450279626,0.6355682166709811,0.16885534469438038,0.21454225537622923,0.20533626986199388,0.0,0.02765590075171482,0.034613124001594386,0.03938546760805232,0.3131815213916753,0.6519567935824967,2.2227908187936185,0.18594932543630255,27.39714323269351,53.25021326144178,0.0,11.912817826454333,1.0671846060756913,0.0026681533580973564,0.00178304241937448,0.0008406095064172521,0.060867347955965365,0.7753342574873519,10.739680084605453
5.647058823529411,0.0,0.02151429573339035,0.016544390373236916,0.03242172031967861,0.008931104760392109,0.007395988721180882,0.004585045216778034,0.005031954946159427,0.0007494185755697038,0.0,0.0010211023945061882,0.004368078765402724,0.0013574036425567564,0.0018983929970103075,0.006185464172067757,0.00883071703337682,0.01089557585422167,0.009826357345985397,0.0,0.0026634532655779534,0.24745756479600411,0.9253583463854222,0.2268226010797658,0.6693181625336676,0.22533665314750642,0.2640616304996809,0.41059846427521085,0.0,0.07273969455578577,0.03837998689315866,0.09078048453522719,0.16699770690952725,0.3541024905873915,0.13361004817793032,29.06153248793042,169.62372470402084,85.42039545024858,0.0,3.2239656366761,0.057528823189243634,0.009281869363236423,0.0036787337032006973,0.011795555612607997,0.10453993491079563,1.6349356290242891,1.1993659292245498
5.661764705882353,0.0,0.06577414620315726,0.04618877339720251,0.015884307249400566,0.006073934930205543,0.0048594234364018815,0.00552954492547451,0.01104563422046135,0.007948434957513205,0.0,0.00667195444742821,0.006533023615878937,0.002979954424603603,0.004178089993302928,0.005795538870628913,0.005115310018975592,0.0017322947790388025,0.007898835044890317,0.0,0.002523543814798643,0.13165869947721764,1.0365538980404065,0.3911504170004973,0.2631189763923065,0.7554234678157412,0.8119808267623284,0.6560758092262848,0.0,0.2312397437613387,0.03712301649594897,0.03359570959330273,0.020351967796202505,0.825344763435587,0.9863859798861425,58.89445492505301,218.80953118624,60.0393015506707,0.0,0.6557758730113523,0.11598521696054516,0.011399212711431494,0.0025722371683187715,0.05399462403261659,0.15489745584660605,2.2320293128647397,32.56528185921109
5.6764705882352935,0.0,0.024804184595702203,0.01001136482311773,0.00548332477418499,0.008396144889491936,0.026719433325787044,0.023381653414593157,0.007390427767471206,0.003690527565563131,0.0,0.005269142237822552,0.005205013474079921,0.005864295605187019,0.008002709574420879,0.0052453876796216235,0.0062423488258088345,0.02411172649812398,0.009546008000023157,0.0,0.08001800973323614,0.6086458028635933,0.8320987858944434,0.2338207414037829,1.6657227087985518,2.0112426387528677,1.4884078289641702,1.270143131048561,0.0,0.8625891435687347,0.15144546447577312,0.034516322343294846,0.04306481547446679,1.5888295313894116,20.39419493856708,135.69989608889227,66.47778843411217,1.65803879070457,0.0,0.46957776052323796,0.1777401441627847,0.002432428440834387,0.004997123913389933,0.0037562419308768873,0.06674105313185227,0.9256323598749672,15.041694847619546
5.6911764705882355,0.0,0.03465372825540399,0.014493961365099381,0.004725757963723514,0.0021636188359963,0.0031820568243568982,0.004277880680403931,0.00819362534299128,0.002231184000695016,0.0,0.003528968286671477,0.0039546641048385,0.003546394144273488,0.006798049786087515,0.010642415842274927,0.008584181865848908,0.012158522750764676,0.0359944533648876,0.0,0.045917430841379864,0.3042349728770587,1.1264184875056753,0.24378053058352747,0.700087526726132,1.6124440622114096,2.0786044047340795,3.4148315838529113,0.0,2.1486487902385427,0.47371674013441933,0.22475591279677296,0.09920641593679319,4.4970606329656775,72.61815619478224,68.4524143304709,4.445406343895403,0.216165565780979,0.0,0.3063753718819563,0.09518653536303112,0.013701279358263636,0.0037498290124748325,0.009003849953428058,0.046129167916447146,1.8662582858680867,9.989323078972756
5.705882352941176,0.0,0.011730841058292845,0.011108123241309156,0.02037718628856042,0.008612356613308331,0.004320960443958417,0.008600796403639924,0.007633452960799683,0.00533029988460451,0.0,0.004862015983995052,0.0024947350148250506,0.004451970982574942,0.004932570689452642,0.007888330836595871,0.010063533986894378,0.004955693536312074,0.009940187235147632,0.0,0.026622565657426628,0.09010563880809314,0.48269810580094585,0.5966210678997879,0.2451863403302056,0.35222783710306715,0.6272007168664486,1.9125362468232763,0.0,1.7833242016351254,0.10178008204298451,0.0199794014279041,0.1503021122126905,17.385835493929488,49.90739696565072,11.172830068930136,3.3909246366538386,0.23951554649575438,0.0,0.07806369703703471,0.07354038212447654,0.0058779277555351065,0.0007537237486442017,0.001900065163805314,0.06817950705005411,0.7296122752143743,44.87493648461924
5.720588235294118,0.0,0.08417161800511462,0.025126062512936136,0.01402449327270804,0.003347532500374361,0.0059251051631903145,0.0050965516462875065,0.005662073463251269,0.008187279863305327,0.0,0.004250427696996952,0.0026864486949591607,0.0011778717451922955,0.002872964334491527,0.004232506487061442,0.0033798987054282693,0.005688268818781973,0.006261531698532514,0.0,0.006547256005033823,0.007334785529474123,0.05104271443274698,0.191418356651204,0.20613746127729296,0.2337936936671566,0.7563934599739623,0.8153869236376694,0.0,0.31971719352554856,0.12177373811841682,0.030053713394673394,3.3030441751679023,42.4787981616865,36.47260053826164,1.8215819278845444,0.2815213593851482,0.15947328759105764,0.0,0.052133926633204986,0.03388250982386995,0.003081992601256989,0.0013234932403613554,0.009031504928350226,0.05432070623581523,1.7943081896598065,15.910378698586399
5.735294117647058,0.0,0.022998378549491418,0.025328493587385696,0.018965211914418165,0.01106073283428135,0.0028509129791407695,0.0068954273410153045,0.004703221284593213,0.00498143161632897,0.0,0.0065879785876821785,0.002219480681757209,0.004491481659545787,0.0024834061630758762,0.0010643723611536342,0.0015448845420405958,0.0028607370500261247,0.00266727751341188,0.0,0.007448861888003091,0.026877804091188222,0.05485704229540106,0.20091459278742205,0.6069871875815339,1.157052625184061,1.4761623430320159,0.5684326878032404,0.0,0.09644163068159473,0.038271879533141866,0.2219957801243917,20.69502919085629,58.77762417127585,10.281163178165357,0.02460625278346757,0.07431885437748972,0.031892292833988714,0.0,0.03130594050636213,0.02136625834704545,0.0038816863750201483,0.0022310034559434363,0.005230851181632442,0.09875050718357209,2.51730101175821,64.35470906179694
5.75,0.0,0.0318534240927997,0.05242403648833817,0.03370680934368744,0.012536322291166923,0.007041582706628186,0.0025167033534545936,0.0043970844571483035,0.008051667139991071,0.0,0.0034526455388817715,0.0038806703219803084,0.005388657824881312,0.004954071447645806,0.001842377451250528,0.004969331534623039,0.0010563350248764672,0.001632782126547535,0.0,0.01676661878943329,0.02842561336030237,0.03504154392468721,0.11350134823526078,0.11401219767748738,0.2950382246242712,0.47584786345162416,0.17329654046255735,0.0,0.01882446072266098,0.06812184866865702,5.282490938313048,62.21056200743398,46.8045631402331,1.5540012736878002,0.059695223054481744,0.010766589343530957,0.053947667681328755,0.0,0.012327734536150244,0.005175439048857074,0.0016599058587054598,0.009694119666318373,0.0062098977219732275,0.02286586883379274,1.9172837120767041,8.816422454331772
5.764705882352941,0.0,0.02355265504519892,0.014784338462538179,0.013900593133512055,0.007283036222350393,0.012672600713880995,0.005439204270606136,0.003211090918115482,0.006237552409924885,0.0,0.0013343905634043327,0.0020484065147730293,0.0034135379280437507,0.004532646960060353,0.00258501878521982,0.004519398857077659,0.005011651033811456,0.006703719696126152,0.0,0.009175589831534152,0.014072819881404488,0.1326144213691076,0.26222790092997655,0.7281526448705358,1.4327695573045354,0.8716768122181099,0.25425295062094866,0.0,0.1877860019223347,0.3099568640005688,28.48404305368429,62.45834713771761,10.625285530370135,0.26258308583397444,0.004307512832186432,0.007476359999693358,0.006202687795353526,0.0,0.03562455409282514,0.027820091048870257,0.005919321209273434,0.000879784734818288,0.004801501769377041,0.04576220133108221,0.27527752887702295,10.599146193007869
5.779411764705882,0.0,0.023601906905746477,0.022101895696534816,0.010088526439341328,0.01987598241140215,0.012607779144907696,0.006504358134060483,0.0054434941931429835,0.0011713647433468112,0.0,0.0018764861702368118,0.004115826882231813,0.005690674893357764,0.0023251318599798853,0.003388864021641175,0.0014566960694254805,0.001866977035444152,0.0072165306948805885,0.0,0.005114622056097741,0.019985566436489386,0.016480824267434347,0.031791203283095607,0.3168781688288119,1.369500655556021,0.43606337709164583,0.05398369005420008,0.0,0.19502000675313486,8.153999074569686,35.191096286722654,12.301790011946059,0.4759405844491169,0.016952548068335637,0.0021746648951658882,0.004134148451882945,0.010535212204179885,0.0,0.03384632432271204,0.009805761512223963,0.0013250594166087457,0.0015096872200508595,0.005991377331581064,0.01079616080110625,4.0051846440946255,7.268879506127734
5.794117647058823,0.0,0.02070736322481987,0.026210153886689895,0.022763451848197117,0.02747377828397811,0.011881367823715204,0.00315458101831766,0.005767846843829503,0.006910263791320949,0.0,0.004844614823908556,0.002290488928988768,0.0034427373574740343,0.0033190456218571227,0.001933273015525885,0.0017515466933378874,0.0015032122482130064,0.005264358886085228,0.0,0.013123325786969354,0.06396604308602982,0.08911317284392642,0.04531122629697183,0.4640115521784738,1.3746523978021807,1.7782821168151166,0.3943601226379557,0.0,0.7777146416679637,9.471227931987263,6.194724808327347,0.407708262237822,0.07620515470080921,0.005893946567894663,0.0006677282131363913,0.0013324501307825486,0.0015884465295587715,0.0,0.004614714060264336,0.002462954195319283,0.0011202270520347703,0.002326272433193853,0.005045005500346169,0.047292454943864824,1.2691978490597722,26.246993478846058
5.8088235294117645,0.0,0.04162173926556109,0.006370278548545945,0.007634880584482472,0.00944609460415747,0.0030757698726730396,0.006908250594593108,0.008145108975756137,0.004026401288421041,0.0,0.0037333631953643223,0.0008981437181941619,0.0009149623105793984,0.0012722240687019675,0.0014749112645740688,0.0015531689043874718,0.001017180520478815,0.0017412777754516268,0.0,0.024364427905944834,0.22762719389744962,0.4241638592581217,0.25994141188105674,0.19931985083719106,0.046164759952726744,0.7282327604281624,0.5902577993091681,0.0,0.33274325116274633,1.4900333678120152,0.5228868594597507,0.009155569936619694,0.004942322779118244,0.0014090381823931178,0.004353860700261416,0.0014653365824016523,0.0011153455762164322,0.0,0.003145716005049981,0.0034944498411635027,0.00287777526764179,0.002846998684290037,0.016013645863392358,0.039160340175465526,0.11711984732721611,19.80422804987421
5.823529411764706,0.0,0.08647553918100327,0.042528362836560016,0.011306210258453782,0.0072091512371310045,0.01056728710378911,0.011334612050310548,0.007355598292681498,0.00930753799428776,0.0,0.0071221162046799765,0.0043101764535423,0.0023392609650281235,0.003316592168678387,0.003482151630041674,0.0042397771881105585,0.004282767189243,0.007932634232754353,0.0,0.02914195670316582,0.022317455554051516,0.1772885236328005,0.1959987759001112,1.5126848412178258,0.9968220226081173,0.032061285199663045,0.17005411618564176,0.0,0.08205555936775327,0.027907728317678175,0.016463115800471422,0.010790842801983332,0.013714099604895308,0.0051895080801395545,0.0070045884887249155,0.002903833382849462,0.0028465218690414858,0.0,0.0017093822139664957,0.0022994246147882685,0.0009407805064079544,0.0033843805488028692,0.0033866382605891856,0.0814881646086624,0.9279653465954357,22.806514508071114
5.838235294117647,0.0,0.02649836982506727,0.0055581415816088305,0.01714407994036085,0.005378126639833815,0.00670849610092054,0.004659322143285062,0.003085887175563755,0.0038009092793542436,0.0,0.003372155697603961,0.0035455556358066297,0.005685963387272543,0.005392516993655906,0.0035996549325831833,0.0023431813904608283,0.0034136948222693543,0.006587331572068043,0.0,0.010286978643978165,0.026521784180096528,0.2745408597495426,0.0917581683641657,0.017432927000253666,0.07769465129097035,0.33223407260932947,0.5749855811178137,0.0,0.11983191843706002,0.08846442694288803,0.007536709039718011,0.004842216012756566,0.0016672531956533673,0.0016504509395390773,0.0017385798594343423,0.0009445660818623999,0.003886016388792329,0.0,0.0013602088165290233,0.004177659219811295,0.0015514776752954497,0.0035315806076865494,0.013030887936999962,0.032401995850539725,4.9112961151217895,25.82729247704748
5.852941176470588,0.0,0.01826022368199691,0.024711328607369923,0.010419437021526158,0.012457503725601182,0.010012481268457829,0.005367664914463941,0.0025633987462134254,0.004444846997440396,0.0,0.0034325829404474144,0.0015227736243370316,0.001091691189118363,0.0021191606829199286,0.004745875296761511,0.005519028520809561,0.0032064817329108836,0.009656378372041297,0.0,0.027524097511671383,0.015525593348247477,0.04868471887942451,0.2604590184742157,0.24859266302884536,0.3428491804765371,0.3855164765127954,0.40718138159985523,0.0,0.07262347829883087,0.02920162207953076,0.022971915731965477,0.0037712432718588094,0.0030152933089950245,0.0034491295078474243,0.0020049688222217397,0.0008988891754702003,0.0021034264789119824,0.0,0.004748702350573097,0.00633710892524875,0.0009547909321502601,0.001339761378488804,0.019128085867883494,0.06638083344180881,1.7482122482381866,39.836704137173754
5.867647058823529,0.0,0.006968964247993351,0.010702798137518121,0.007481657007162517,0.00897287224650229,0.017846111234599362,0.005637842996551564,0.004094394337058639,0.005804345688760343,0.0,0.006328996724770138,0.004788321436004777,0.002303504801242544,0.0020416438934316725,0.004066508333120811,0.003982920241434768,0.0027089531761518315,0.004312629874514797,0.0,0.002555151482998815,0.014760648338886862,0.10045586861794809,0.058188020290803597,0.05577637745145518,0.4012462387392651,0.8702679111898071,0.7425599755435102,0.0,0.1706320694915998,0.012176987135702914,0.002695890412239049,0.0009320462754476689,0.0017866864258460908,0.0008862157538752084,0.000434273298421928,0.0015581658853564867,0.0020372138607640685,0.0,0.0021332017236782587,0.0032485201297393464,0.001781657000578358,0.0012914280107569284,0.0012185259474306786,0.02022329849973066,4.046737333097646,40.14460115326863
5.88235294117647,0.0,0.03175525412315899,0.012598720364840362,0.00610920818518638,0.00582880692325623,0.007635362790112436,0.00722845092297554,0.004825405387004893,0.0026320952569367576,0.0,0.0009645336714330977,0.0007042164180778405,0.0016660682994626547,0.0025699621314406824,0.0017600785748827473,0.0032886287853453994,0.0035527752287261485,0.011897573865213767,0.0,0.016484803678410424,0.013699213943135249,0.07807355929824145,0.08926053741070882,0.019141631709984692,0.09384647841276045,0.14633461811391502,0.06753712669163384,0.0,0.1218150254125297,0.013209396911357,0.00190935990836463,0.003474639127740684,0.0014489938539517808,0.0006056112553374562,0.0007087626490528158,0.0013541090170267804,0.0027711584957736558,0.0,0.0019875742724970794,0.0013703183894285746,0.0019277272378300965,0.0022696343648806938,0.006818742347386622,0.09983968715607405,0.5003604731822008,6.769286689118124
5.897058823529411,0.0,0.012141787393782097,0.02132790496727154,0.008704409824227759,0.005038987291080597,0.007820044565101325,0.005774763588101292,0.005628936614790647,0.004167532086455547,0.0,0.002596749443420079,0.0014144160560682197,0.0028979126789458825,0.0047310241995852376,0.001214115012961126,0.0015931747534026794,0.005131332187429153,0.00714085840591655,0.0,0.009915760469583222,0.011654870483190645,0.05901241454027492,0.19319414257326917,0.09569021016495272,0.21868864101133184,0.17407945695983945,0.18235935380844337,0.0,0.13579002093668047,0.035107832653224924,0.01669477289523795,0.002269656248931498,0.0014163734945157515,0.0006857601577744585,0.001111396871807535,0.0028166169765885263,0.0014531165133068184,0.0,0.0014439585226367034,0.0012309909464123248,0.0008427047119949826,0.0020115932434091794,0.005092107592186417,0.07029076883592623,0.778795350773088,4.747612314169458
5.911764705882352,0.0,0.09638412696396344,0.05855732206635306,0.03635259592659756,0.03148317846590524,0.011060296343828822,0.0025735636739781715,0.00757208615239919,0.006059455465436788,0.0,0.006354753294074576,0.004495917282103596,0.005593176993988644,0.006892196218270731,0.0039524990418804236,0.004762950267212036,0.00853655392838365,0.003400897099926084,0.0,0.07509683030271229,0.20675595331289442,0.11866035255309744,0.13739321481690767,1.1539661354688442,1.7293467339845017,1.4265760549702038,0.27565242619139,0.0,0.07280722622367553,0.05980151268079725,0.0128409414833634,0.0022033235762800893,0.0023380615988839847,0.003364115502246582,0.002314541222845447,0.0037526632613228443,0.005112901648783448,0.0,0.003628976807377304,0.0016640524145158887,0.0004768250841777295,0.0005766850238778424,0.005514963216053928,0.09745905531096175,0.7562973147544335,17.432188442440758
5.9264705882352935,0.0,0.02995678418102936,0.014950884872977774,0.009821208762659454,0.005429483620880113,0.005107674879578851,0.008250816226897939,0.013665981343927179,0.007035790132470121,0.0,0.004138213760041967,0.007836725029379743,0.006868554274904142,0.001865403775020765,0.002427886552239405,0.0021574497209823425,0.00242560039210829,0.0072446792653779665,0.0,0.01406535400219257,0.1361601584250352,0.39970301636910754,0.08881408780057065,0.0743018640953049,0.057159846786741936,0.06344156506411869,0.5290210027254888,0.0,0.1533041113552251,0.012766181572931546,0.0027038264340956456,0.0014724132908903148,0.001215011543351581,0.0006362484009205811,0.0008654358513371622,0.0007787795616297485,0.0025751045754010956,0.0,0.0020478354044941756,0.0008105293231905253,0.0029591445349185256,0.0022982784787894035,0.0018914571654309073,0.0389561145429651,0.3872538603275402,27.139740717360855
5.9411764705882355,0.0,0.08055028412554203,0.028981735404073422,0.027741054134803805,0.02357815404474208,0.011859653131748197,0.006281037162607704,0.007549734476510235,0.001701846278195774,0.0,0.0026169811992668417,0.006189780071695222,0.006526165919490337,0.0012537751604535315,0.0009870705652139209,0.00041178583862435503,0.001783003027971008,0.0016804447449212882,0.0,0.010249061420912666,0.026689805882049663,0.08844965491649473,0.3763787893363323,0.717441259577809,0.4260840139943869,0.14747047073406078,0.7232820337661942,0.0,0.2537852115999381,0.016015634139402164,0.0033932420028561566,0.00556994155974842,0.00128432602325055,0.0016620769053334124,0.002500335716922226,0.002754496394496553,0.002395669638794296,0.0,0.002358226008084244,0.0012769670873928958,0.0015221147315136526,0.0015609670112012024,0.003206514945480056,0.10117160239210429,0.6931678905323617,24.4255905998865
5.955882352941177,0.0,0.04393254717175815,0.005748545120182079,0.013769095023385983,0.0073527112122828185,0.0019408700851673774,0.004857615748480893,0.010742390993319136,0.017029503796503795,0.0,0.008338998894189039,0.004601665121254607,0.0011533638968862464,0.0008187138382728112,0.00153009239071748,0.002965752507564612,0.0019674449826320786,0.003719374213921669,0.0,0.006625594739320791,0.01111328655002126,0.16711795503861668,0.3041311817960437,0.4659104201621517,0.2158986717394851,0.1622791087039459,0.09137101845210924,0.0,0.024380268817975843,0.0013348324293936487,0.003814974293826159,0.0007435100851833822,0.0008288632380303944,0.00262564282291863,0.004328763590886919,0.004796549942371154,0.0039653108859445865,0.0,0.0009647673030565313,0.0011768060480267012,0.003984042387886891,0.002916773464647561,0.010699069962791324,0.0900616732822247,1.3196245852678206,29.780788589401332
5.970588235294118,0.0,0.02021703783631209,0.022176738522162807,0.028869690436181414,0.011742337350363629,0.0030391617573169273,0.004784379689491471,0.005262212600611847,0.0039677440196376,0.0,0.0017389558722432413,0.004418956261668963,0.007577682618437564,0.003435116500830536,0.0008644404192972603,0.001058496512593642,0.0022649213298977506,0.002308576602253113,0.0,0.03348030699540499,0.07944389457975795,0.14414236374269584,0.228443291310523,0.12185930196125305,0.35894528790122854,0.13049067931005892,0.2526887891418956,0.0,0.19373564755967687,0.04615909279473837,0.011235988734712378,0.0019289257857884167,0.0007937299837082862,0.0016357729320615167,0.0015855366875775453,0.001133542650528133,0.0018321199704220493,0.0,0.0026456540400377386,0.001042625159553893,0.00039927892197680283,0.002261287464120807,0.008903508950090917,0.10773982182139602,0.5132718449979319,3.1453360529847174
5.985294117647059,0.0,0.07089855978370763,0.017082207446355274,0.012706908193029557,0.005807804951050578,0.0030476233711129344,0.003743392307555066,0.005333171560426905,0.004127462652855345,0.0,0.002185271640492918,0.005982514061103896,0.005051304680287749,0.002159284680841176,0.0010903835101075158,0.0020686934340567223,0.0040071168265358465,0.004440038306383779,0.0,0.00862677539790496,0.005462284806823273,0.08392414571677931,0.22464025900584544,0.03679990983316829,0.6906681514832729,0.32309070742641,0.0424010161006681,0.0,0.06786826828085499,0.025957242268126998,0.003067519160741595,0.0011665537397311393,0.0017740633400377325,0.0021073979426369095,0.0006774533209660087,0.0017912200373094624,0.0008360517243053283,0.0,0.001559831097294786,0.0027613567837113016,0.002514476918142812,0.0020587521527928357,0.0015865236625359485,0.19787490467181643,1.3412081624697931,16.574609744666503
6.0,0.0,0.0764822253125325,0.05623529096627106,0.06283252139610036,0.06754674448275778,0.057192135346925466,0.044428476700423034,0.038291371306949436,0.03999263469780728,0.0,0.0438616740585285,0.03692720305002839,0.03141039429515235,0.03807999349978295,0.040970911549133446,0.04034279326299891,0.05403982592158168,0.07819745713391041,0.0,0.08902230124860255,0.06750435422298753,0.04131131703449723,0.05210213664511159,0.07660320086747728,0.1641139554642559,0.2407964600986914,0.18870465545440018,0.0,0.14779076496144214,0.11388936914071071,0.07991357536538746,0.09680297436199618,0.11737241771587004,0.12909862513093165,0.14584379048347282,0.16667442999487286,0.2199179120604613,0.0,0.26285621692241634,0.3333568625044214,0.4461950707993695,0.6312489591968674,0.8843295590390592,1.9739490516242575,4.5579618074349435,23.637100990223118
