time,0.05,0.060000000000000005,0.07,0.08000000000000002,0.09000000000000001,0.1,0.11000000000000001,0.12000000000000001,0.13,0.14,0.15000000000000002,0.16000000000000003,0.17000000000000004,0.18000000000000005,0.19,0.2,0.21000000000000002,0.22000000000000003,0.23000000000000004,0.24000000000000005,0.25000000000000006,0.26000000000000006,0.27,0.28,0.29000000000000004,0.30000000000000004,0.31000000000000005,0.32000000000000006,0.33,0.34,0.35000000000000003,0.36000000000000004,0.37000000000000005,0.38000000000000006,0.39000000000000007,0.4000000000000001,0.4100000000000001,0.42000000000000004,0.43000000000000005,0.44000000000000006,0.45000000000000007,0.4600000000000001,0.4700000000000001,0.4800000000000001,0.49000000000000005,0.5000000000000001
0.0,0.31903571912225304,0.2355889309732688,0.0,0.1860068580274875,0.20340664764477717,0.2519793452338735,0.27219608272949386,0.28182236292257346,0.30284075215376416,0.37902140057920813,0.44527251142853264,0.6496059107284864,1.1675113937143173,2.849971784734588,7.3650535411836815,0.0,10.318915858345896,6.8110724255418535,7.4984825863455,29.624891905298913,49.95127875654439,32.50276314755734,6.862339813305827,2.6791755046112113,5.952892234822269,6.029158607329424,2.6231937019789577,2.5241667867464574,0.0,2.853463081089504,0.7983411464341538,5.527281690049254,12.632681673817729,10.439465799738178,4.641626237609092,3.152749668759198,3.2904088861544882,3.6572217619769836,4.2756577489250365,4.941886402615418,6.3392501098460095,7.950570073098004,0.0,16.71550801187773,25.437450452879595,27.44436503601549
0.014705882352941176,0.06572710148329267,0.060832988644061455,0.0,0.034534860065605716,0.015513995106820926,0.015241752951521331,0.019706412130642045,0.010309198783143993,0.004612081414776271,0.009659477804664156,0.010488500489301101,0.009570233299695826,0.08686221665265778,0.37212120827483364,4.395556960826173,0.0,8.11168853085872,2.6929717432712392,28.30128198783884,49.335225301320094,369.81185795397613,189.22611646518732,37.56635543764499,32.92793329363246,16.655747811656916,15.475174594950385,1.4667133769346188,8.766682033782786,0.0,19.10511501423114,4.370561038728385,3.2451833358630306,7.118331420212158,5.3523580444797485,0.46803996915657853,0.012786113927116016,0.00444459084443285,0.00782591197442918,0.005231405890826986,0.013814078429831244,0.017904203154980293,0.0370703756595704,0.0,0.06644385059163099,31.49171711130983,276.1475824042563
0.029411764705882353,0.08936629674700095,0.008602274047873983,0.0,0.016333101151093075,0.0060205609083322205,0.0178958345521784,0.006286932547110475,0.00738742829831712,0.030199708059174983,0.01357624666520094,0.003086655338852861,0.06872693062597916,0.33238752143010875,0.26201951518595346,0.5601136305807448,0.0,4.579525549214125,32.73163484989519,13.378686419238749,20.46724320516505,172.55889568028763,269.4736369672179,129.72545878076417,50.34820776044051,13.49155429866746,19.964428455252225,4.0847552666803075,3.5261183931193587,0.0,1.7234375272535107,0.935217619618387,0.27179475579257995,0.1290588041717825,0.9299013791346904,1.389355815684772,0.21592023418812833,0.009565609993323213,0.01591862717479405,0.005166191603322907,0.0028216349914604194,0.002723771553386797,0.016597509269564457,0.0,0.8826065700960986,25.277194723032515,69.06574566300871
0.044117647058823525,0.04835458286397734,0.022162585940987238,0.0,0.034586028890718455,0.013715843555164878,0.014785830643186122,0.023787889345340076,0.002441858373194506,0.004889032143603395,0.004109064321133905,0.017109402025554124,0.11382563628138506,0.07182358306294626,0.36443434064772406,1.327744974799499,0.0,8.93955442724128,21.615529336937495,52.20221628540952,38.00347926423062,93.24664834293466,446.35902923298363,126.85725852129877,112.19184295013483,55.24884613253309,114.00000714994462,85.64943051122268,32.864175963174326,0.0,4.989474291753501,0.621009561030081,0.989796186114744,0.4801415204393573,0.1684213570354008,0.44818742564193637,0.3865168348100295,0.019481618734777478,0.03230267605904102,0.01198726439772321,0.006808008315145697,0.022344889826364935,0.006689627283960179,0.0,0.411245833315458,2.259519372745377,43.56018834975395
0.058823529411764705,0.043773729998371286,0.04601616571836511,0.0,0.0029641070814505543,0.0031683118168599846,0.00272376491145181,0.00627432770700327,0.012561243086026398,0.012080844569234698,0.009933745019096324,0.012822944046198475,0.04729200715193931,0.22355254923902002,0.2615795172792187,1.9849981491391162,0.0,1.4387467270702858,4.184368978274121,24.46903268193786,51.59499942634375,177.75836479278928,67.92645633744428,339.6193024592642,14.887337351740944,232.83593203648243,125.77269823086294,61.125996486200776,79.59116434302572,0.0,1.4541110779884274,1.452658709164476,0.35207334589570605,0.11892260663117211,0.04839788870708531,0.013604801563100875,0.04917486850857121,0.010504151609161919,0.014217809097677593,0.0027686868521790684,0.025221995735937357,0.007884418746421196,0.034194046336571665,0.0,0.2349377595352639,29.80640799514947,102.71990606452627
0.07352941176470588,0.05585253635008672,0.05286031888041804,0.0,0.012233712418509918,0.002571813915648536,0.01759611879809907,0.02150031045983572,0.016071045115420384,0.009482464729233052,0.011368813751969778,0.01818569821611332,0.038588769633896396,0.10274346031368359,1.4259396014499592,2.712302796168683,0.0,3.375843379878977,4.217038565140394,44.8316255038755,170.99387761563852,105.2254845181883,385.6123871603555,75.15919913066192,629.7848916122855,1489.153048837507,783.1365980418934,265.9045281352629,19.968923587585305,0.0,57.316841810027256,18.97966129765301,0.22656759991703884,0.07639730126559846,0.31813732534782757,0.1729045785103639,0.015607751418325409,0.005351792899558452,0.019120876865929736,0.011666446303665557,0.03301310664857656,0.04218240526193254,0.10925851877105684,0.0,0.26052568735938963,11.89007355125036,73.40641248179585
0.08823529411764705,0.16232516044622733,0.1384195316049062,0.0,0.09059588592739695,0.01837057040345239,0.026049855969329856,0.032585338525838045,0.029073198588255696,0.03315993277823339,0.05584031531419186,0.07330630245112088,0.08875946974429502,0.26738117200043127,0.6821011651951576,0.08397267136645692,0.0,0.8721656452891289,21.540877137302004,93.56499956058448,84.14373857322457,12.806644959835767,425.2361454699355,415.4853975168378,67.47315894522083,34.637921330163536,55.19080422624796,957.7024134679535,3125.3148511752997,0.0,2368.7602768056404,336.3890431176939,14.901974460895289,1.017104021072599,3.6412370557546714,7.386828911518311,2.249385716288355,0.09327641476307258,0.06233046410132875,0.007949058179687055,0.008745136242110346,0.09318442288268929,0.2900827259843178,0.0,0.485974901679978,16.51710446494504,66.70578005556294
0.10294117647058824,0.10727807772312238,0.06601111738342157,0.0,0.040124845349457955,0.042796317527142455,0.043422706181802176,0.011196562463401942,0.009068844636358254,0.01848848771878839,0.013714964180019433,0.0031780704401041466,0.05044598479788359,0.11122267876719591,1.437920390484015,1.7788069201766492,0.0,1.1448546210091095,6.4512131747150665,3.0199486600962313,10.90855682906992,44.06024336312805,13.137769118234822,37.25505550466626,55.70332806112326,136.64123780339725,1031.0281088151528,6262.773329801003,2052.6511873992067,0.0,576.5044158499192,1181.9186184204948,253.54945613345458,20.9778697834671,2.366666838086194,29.821493973466893,28.5898148809685,3.4741319879603294,0.0856368817110992,0.017674729144977683,0.01746068133266867,0.0060434421489243256,0.1590449768580784,0.0,0.10365318290657995,4.8872709593663135,43.41290884888142
0.11764705882352941,0.06924694166236137,0.036973613662419066,0.0,0.10213150729947637,0.058962853501199106,0.04583799555361123,0.020802207094708706,0.0028519586894124784,0.002703726406475886,0.02610245948354748,0.03359984800402405,0.053511183347901545,0.2992633819235029,0.22530334019316656,3.822572847914146,0.0,11.871607880731887,3.642710544469731,3.5463187465859036,9.316920865902649,0.5394585827187824,1.7733844156983727,29.282133579968004,19.440214743693165,315.2812627821236,1172.6829665412583,2387.873374597507,4598.936210411655,0.0,9663.359468248258,6620.00594190223,1298.5766161695024,244.258994901045,18.85053712798824,4.611492553634445,54.27741728650726,41.617976281870845,2.799136493750959,0.16060419969632445,0.014636736519306316,0.012408310630000809,0.026593989458023444,0.0,0.7108837144287645,7.401307288751157,60.28056134393122
0.13235294117647056,0.11887511253360722,0.08097114085287266,0.0,0.04968585063034542,0.0063581278269073645,0.009235577577650625,0.016440305416986985,0.05212318768171227,0.0193353150196432,0.004188107919070161,0.005015478464132281,0.020303932119003987,0.054512462006057735,0.4018315887770617,1.5185386418150495,0.0,0.05269145817400315,2.6697236940608864,2.909245079504413,1.6528262585716345,2.818699795397628,17.432267553962422,8.066770476967584,22.466246127532216,61.976798473853975,99.87373131444102,115.67635873541201,178.67771279209575,0.0,562.9802462173602,3377.0133501903824,2237.892024297005,309.1546655297169,320.65104275632837,76.98990487372438,34.961693708042816,48.385893760662654,31.473752600581925,1.3817608794357792,0.031826441435506725,0.017255544755351942,0.09732291110567573,0.0,0.12652461165283108,13.412769441773403,27.773113774709195
0.14705882352941177,0.07448594832819712,0.031692371541593274,0.0,0.0457195240576685,0.04062088689043114,0.03554303475276273,0.010131971251663513,0.03573495493644798,0.0590976442136825,0.025841484648827434,0.01427489234811593,0.048648760271934696,0.1160148562071002,0.14570936329651132,0.43278689316276253,0.0,0.8514487102013893,1.6493929783267323,0.7337775289598065,6.571826189331523,4.494415214658742,6.248791679057163,9.971555491939913,7.005425527006182,40.084251038261854,35.63826758884078,92.6165897766889,122.60003202050501,0.0,120.96597649717862,392.3834369980266,2692.9982191886365,7626.6723500761,9271.332884063791,4812.980183381358,803.6733662010424,8.062637982715223,9.360655311313801,1.9649784223235156,0.2338297299888109,0.0028980722318509193,0.13563922835046288,0.0,1.6100508840805374,5.952796709402614,7.044572031319838
0.16176470588235295,0.2614515818507689,0.23563017636604755,0.0,0.11650430880059043,0.04734514864784884,0.034634469928754776,0.07002557822466819,0.02030565477716416,0.006054022189640813,0.03975306563079604,0.090585661692708,0.08855081157890413,0.0764969218622687,0.22381927328598403,1.1302746884516062,0.0,1.4700373247390075,3.5119015750801186,5.42414476594632,0.8312724706821473,11.196865157298008,18.27612603417048,6.073974459421846,22.878337730518776,57.940691790138544,46.334410073332705,413.31001757085636,422.2013488830429,0.0,593.4348640185246,694.0363382517241,379.6839609373808,1222.5506557399783,72.30876241365765,2440.0603974158903,3841.7317539963897,2188.403360505188,454.2841434677126,25.588973419563224,3.5656644005549776,0.6562041383176407,0.042173933772269405,0.0,0.6981958096089349,2.881320606222295,69.61923287545744
0.1764705882352941,0.1971901867959262,0.12469599892416748,0.0,0.08943783765110536,0.1851358901563187,0.22113245051687042,0.13783416218307132,0.10619811338109189,0.05040496897961602,0.052673203649888325,0.06617663660110615,0.04815292589918448,0.21697533612688502,0.7566942735791216,0.7694863319183639,0.0,0.26608244110550144,1.7683632320366889,1.2983917918189964,2.4663427847335786,25.93287016418914,36.0046989466789,9.134736138260827,11.232180833366506,45.40615345733638,172.9096136810906,482.8130558745493,2128.329355447973,0.0,4194.051945392206,5596.278129607512,3010.4781082514455,125.60627752388595,412.5847144624107,1447.083696315014,1575.4271978436805,706.7459470993638,1709.0325929721628,796.9266151522475,25.826276255623778,0.11437622008326823,0.26876706744848095,0.0,0.9424405035238114,7.977454534439961,343.3059263268034
0.19117647058823528,0.08355581506520862,0.040222541007450624,0.0,0.0539935415877914,0.2530351900762017,0.3256519941475705,0.31678046158318324,0.509669507089562,0.2935423627842745,0.17539137896100437,0.11174376386184623,0.13940759659994323,0.31078604000564974,0.06530796770442403,0.1713041649486505,0.0,0.37434675330418515,0.6996246633130524,0.6359136769508525,1.880038495740299,8.868497367864002,12.49892265681008,29.13935256247668,15.413212616242738,30.839704007254127,36.529915226872475,5.240982802266223,17.205878017818563,0.0,30.363066657841706,361.38198162857617,1674.8243798369608,3574.831231392462,1664.8029703365614,1594.9652715113557,180.10244230990992,157.68568106232365,367.16492426816774,531.5218678991953,51.354742158709016,0.2646317901112929,0.3378318571958936,0.0,1.7777283182906904,13.345794323489905,498.77258168024616
0.2058823529411765,0.08352443007054898,0.031042672026101815,0.0,0.07074395029409924,0.10754859076170921,0.09696226736913735,0.10531300504330851,0.08493006509467516,0.10214502564509828,0.2541362652773279,0.19238782858803014,0.06793950859995325,0.049128462520555596,0.8500901399350665,1.322514217106725,0.0,0.7582027286389492,0.1724790764651146,4.134616967738131,9.975361205096032,2.1816407093419232,1.1137952019438155,7.264330853805358,15.408422838589987,12.3218000202979,41.060367993836394,65.74383604345489,42.00225130336448,0.0,8.109286345183648,5.449775375785995,11.735858757333709,57.22992999788637,372.3420835234136,1366.5835844216285,3355.2803845967437,1572.1411975210574,190.8161204943192,171.1512820997723,1.4297275484205998,1.8773159085138786,0.14174565238645612,0.0,2.1796836219071225,13.545966178285546,104.2945445073212
0.22058823529411764,0.05602113777429549,0.07818659895008569,0.0,0.10606668474657577,0.14498278290018227,0.043651847810467215,0.0256495615009749,0.04797895674190002,0.024695899789378063,0.12665865365321738,0.10381174532757695,0.16063176528941087,0.44720919074176013,1.9282064175968805,3.0802788154607104,0.0,3.227705476240475,0.07032577411002902,6.653023358991049,3.111388069919502,4.146113881604997,6.315322333721078,4.767903021170683,14.048819900787672,32.403501861490156,17.368362177046585,2.294436090288914,5.268210754592063,0.0,2.4869466594401333,54.23628219849918,83.42113249869873,39.477747558152565,33.424770216182964,50.39964315080463,24.926928788589127,500.690159462768,1628.9840292769677,1118.819270887461,111.11380246952261,3.631093382854694,0.9286129565005212,0.0,5.85270536980669,110.29158555787245,473.38299983123386
0.23529411764705882,0.03705269746000834,0.02895287256393147,0.0,0.0761150526821577,0.06825878336110354,0.026378946162970762,0.02069094908982191,0.06185187748953434,0.09807858368900779,0.04951063962139947,0.20727385677381896,0.17442583042454013,0.6521387839206709,4.225579479241254,7.733015062562785,0.0,2.9159995595865364,3.448591438782141,9.550468011367421,1.3448108399028764,2.9072572606446876,2.0452378842760512,16.513221138024544,14.555671458966797,4.687401059483251,8.043631944211008,6.171389074548449,2.5111023023018766,0.0,5.389497814886338,36.96324376183972,139.1177042742847,60.09103852753512,11.47206362626848,132.84117001251371,75.24967588232275,135.7469134480689,260.6585673952492,381.34924800516916,345.3837914777634,53.49139788268184,0.7826454377766032,0.0,4.158508035436629,324.42084668937787,1796.4634402274005
0.25,0.08127486475058043,0.027218859868197304,0.0,0.011594162738814341,0.01761759886261584,0.014334925442739252,0.052106028070450866,0.04617333601455546,0.034205183463478575,0.025519566652068972,0.01500127449079154,0.08496953637719099,0.037502110706512506,0.5273469167917791,3.661333339486794,0.0,6.502068316935313,40.424486252505474,46.128639530208,30.191615456392874,13.340879775343145,1.8300965109427205,3.508739415962957,2.1401095626749718,4.0852867412107425,3.1691666737597957,1.8286246358525793,2.8842483361926092,0.0,4.186936572631218,2.567848646514402,10.753577809284064,26.06719648038374,22.052892898440675,7.737961393755706,40.58678873158098,181.39093502256634,120.27958729731363,27.267668920152715,14.695891765894046,6.41991978790627,1.9221173796626392,0.0,1.683275545858879,19.563039447206812,239.16338283584014
0.2647058823529411,0.08883988734931986,0.03130761429072708,0.0,0.019220713729107823,0.043165849157830546,0.05680278898935405,0.07595328479407909,0.05111721341306755,0.03516831826304005,0.0419587477331374,0.04465920940128995,0.02282508669227805,0.032906031000136365,2.2540931299041826,5.742928012804867,0.0,8.716989087755714,84.63983174688155,23.077388378791355,5.387582531958474,7.5348883612170825,21.94997447392271,18.19555255888005,5.447390640421922,3.387038791907389,1.9553251246788281,0.3660533918343603,1.3405088506044922,0.0,1.5140997963901563,0.5125686205392592,1.1687543108353668,2.9251737888015645,2.0196903043584813,1.4307740328040912,1.3214512916274561,23.892415812185284,23.481688665581032,1.4546817039133109,0.13902537448723434,0.047823661134289056,0.07037277880945128,0.0,2.9647004136644406,59.32598371950484,295.4324989818785
0.27941176470588236,0.04736634585312287,0.03832697309254088,0.0,0.011356881902550978,0.011181665898439528,0.01895699103277186,0.020104601436851336,0.009969879496030454,0.03606866421017243,0.02821225554239283,0.053672252914096594,0.2193630944685349,0.448420668570068,0.06320932693717371,10.659473692058455,0.0,52.576410694447304,21.86938417651968,15.049574494876978,24.79585416291347,19.036260885335146,1.9466322087313794,3.6010760619931057,2.5086805074639695,2.7381492689368834,2.352520840160578,0.4382063097084821,1.6636417843428446,0.0,1.443018661837977,0.42225178836438504,0.5270632117494625,0.562151941805505,0.4119264697701324,2.4530115258574647,2.704048391027154,4.286000419247466,8.645466725698457,3.523196205128954,0.23607964689489175,0.0390932605280796,0.07442603836675168,0.0,0.499065728024807,27.112531468634387,116.21166229592808
0.29411764705882354,0.06551036920804094,0.04467456128408586,0.0,0.031113280525006136,0.019388490963386552,0.010288447279169506,0.007113192022997638,0.008098015654847922,0.016576542853518745,0.034614914572075176,0.06346428512571567,0.1612429835371346,0.13239480701905082,0.2502328514184459,2.5240432330521934,0.0,12.106109078714557,41.62558853881865,52.44452473328756,26.047432284826087,22.1916232653726,4.912738740489734,0.6462768882360058,0.9287501334823461,1.4663136485030042,0.4568633657976791,0.543254076106686,0.4008489937272877,0.0,1.1182673944150545,0.7532929419068597,0.6135653214255071,0.824898084298828,0.8100411853208052,0.24898259753114793,0.2702567348396268,0.2713429513797129,0.3996950107394,0.38363135929336395,0.15463704439597767,0.025241108034137878,0.025115025827077263,0.0,0.5509657798160583,63.41908923287197,469.56883988358385
0.3088235294117647,0.021154686193972504,0.014307121073591736,0.0,0.021365923699108523,0.021276796847526376,0.0031255045637545087,0.0028989315580217677,0.0034672951589212993,0.0025359664317835553,0.006888070247740914,0.011655576602944718,0.043055151999953745,0.007448062722031072,0.11519923775182069,0.17834013708820826,0.0,0.691691221840995,1.5836221008564921,0.7212080985078839,25.174180866281652,106.80794749281907,69.53258358060917,10.401826113766813,6.039564038460683,4.9768626873198505,1.3003755331883806,0.628851588430845,2.0052789445256343,0.0,0.9146771613801266,0.7534212895625899,0.6767027408589276,0.31252578811722065,0.2981042350896897,0.2462852686990844,0.14732063965850414,0.3578168874352886,0.28142776154918225,0.04229121173586182,0.04248827279065873,0.022647956359178156,0.16381129559096264,0.0,0.8113791302875349,8.197561734215745,6.808837873834021
0.3235294117647059,0.024541419115469913,0.015053898502960666,0.0,0.008234069498299346,0.016711509346384837,0.0045822743252466585,0.00104313187499898,0.002378432554075905,0.010374297939099629,0.019762797381914443,0.01259188228886016,0.028679171598700353,0.10667228915883388,0.1475151118444872,1.0473474385122903,0.0,0.5419637682683317,0.8488397930106601,0.15451598250947177,20.400564344550745,34.673858552005775,30.316890852539935,10.20159396710507,12.128257668768406,5.9276593886231215,2.568683911514271,5.562693511812116,0.980529452790532,0.0,0.22827540029272136,0.02113180968584802,0.04529406698249081,0.03565387679464152,0.05533892888608796,0.04201919140862625,0.024833861595838592,0.16074766956217829,0.15364398090663647,0.04766266190057708,0.030967887340010568,0.010484324726423948,0.06773635529179355,0.0,1.497430632749165,24.932151405099198,82.92444741352793
0.3382352941176471,0.0735687394827414,0.05564821491010244,0.0,0.008003642259627892,0.008647963303460713,0.006446200721634013,0.0057387687942921616,0.004034173125015958,0.007350781181489968,0.006919005346015614,0.00652457678686285,0.013354305164005733,0.027391540890966223,0.008295600133854665,0.4060601003360348,0.0,0.2900910370032497,0.07997318625889208,4.77752977309808,14.877937477288487,7.417193354208274,31.959673613887688,16.117761476107592,17.51700443010865,197.17266106484192,334.6612978766484,95.1429431201232,7.219604993843661,0.0,0.4207078788270136,0.03243584166283392,0.009904115957803647,0.03851883176864249,0.02581777521454419,0.03384689438363149,0.04458874324147854,0.008203264980547825,0.010605606502643507,0.007295704810377383,0.005674064450492759,0.020783764156924824,0.04804055745462584,0.0,1.3884228266765715,55.03635274448304,239.28240594498564
0.3529411764705882,0.0285484990464924,0.020724928701357476,0.0,0.02119014381820734,0.00979327522592198,0.006071071999134529,0.011455155210956667,0.006370444243324495,0.0037610338964401474,0.007745506253357532,0.008507828053081501,0.09332795145198357,0.4953250343324444,0.9792333793669878,0.10718357805328804,0.0,0.4586177604080796,4.059917235876986,4.622350153720726,30.817527582407436,89.96550814222469,98.0885303106773,259.1094387222357,213.56381204460627,8.965868119278234,125.76855351635956,337.4630818245612,419.9544534252862,0.0,206.39581901975012,58.04703627025205,4.157401149317652,0.14977511502271343,0.017176630385241608,0.02325969034795158,0.043995177335735894,0.03387927947486721,0.005671526984149692,0.008385993077033053,0.004868088979386751,0.03948753165360447,0.10370862702341979,0.0,1.4401292181515783,20.760468327960997,12.10637758102555
0.3676470588235294,0.042050189846794137,0.03147185730585367,0.0,0.02038814113558867,0.012487747274138122,0.010166179484330358,0.010787669556361245,0.011965057827184697,0.020651229931783654,0.018370551842035798,0.003284572519623983,0.04553186391875299,0.29966253978493274,0.4831932727079019,0.05980701913934347,0.0,1.514098185393316,1.1618573960264083,31.9344181950923,232.5438275031527,237.50085121664756,69.6887806266282,62.13020646813576,218.76089590854758,58.14672104458192,59.059719317754656,45.786806059180336,48.95404354581411,0.0,531.8881194213086,286.1677296851874,30.672250965403393,17.641973629865536,3.5529693083581613,0.4251938738365045,0.0643951180644092,0.004272639565804248,0.02448947385733574,0.004097537042545899,0.004446916442761579,0.010673950564794542,0.11743514098650207,0.0,0.6425809421968174,9.940150203645327,56.4845814904815
0.38235294117647056,0.1056377028129509,0.014068103073840106,0.0,0.030388875416643327,0.03153510541174757,0.017942825145079302,0.022512979494388533,0.006044275183159202,0.01275363970854281,0.02983447818857754,0.02837715586533527,0.014963967529904802,0.06023527312719048,0.016015452499933445,0.6158926166257425,0.0,1.7319722712130976,8.203411607649054,20.767836739928228,56.5478152516784,48.321028248514395,98.37315241269057,187.85083355843557,165.49516004152093,60.90756765056832,562.9976636915044,1322.352346780238,722.1948419199038,0.0,225.94648523101716,228.29036877003782,785.1543364393887,729.609493626274,218.15643804484063,13.205283657372151,0.8961863585870329,0.09489269705441183,0.20241058487589692,0.010828138911705351,0.014858273768164171,0.04581421223623655,0.06130942709328023,0.0,0.12257947572198498,5.395842709433353,36.80870793976608
0.3970588235294118,0.03058524665925568,0.034860995328273005,0.0,0.013086425732810348,0.010011081891652906,0.01805464117555362,0.035765593289314404,0.04547175284133777,0.021650278049403157,0.004920461044416591,0.012588233975914269,0.02917800536222414,0.04716676123634592,0.07324383345920765,0.09387756998440136,0.0,1.6929915248341423,6.696906650067149,1.9369770875390846,53.30911424394216,6.907461160836256,175.6645572768541,585.2158845416552,1426.8011251220178,535.4622589607238,245.6273829661767,25.27615737217386,723.532783859053,0.0,1106.9974302443131,281.7664585795132,38.329479020152924,108.03137989900257,864.3689041173911,414.0497334666733,16.20393497758097,0.773984674199164,0.06395542239442965,0.004159433571430751,0.009882336607924168,0.009038251786747314,0.04171081229913695,0.0,0.14081881933248339,14.66736224333676,89.45104361622535
0.411764705882353,0.14050173266261076,0.05853051395678298,0.0,0.09384845831916183,0.05519527956784704,0.01612235659184542,0.02787222915691582,0.013242399285695736,0.029475484503609747,0.00384971603302001,0.02128738744725539,0.022563699634126404,0.013974953265283491,0.0313865460829034,0.007182195908966102,0.0,0.795577154523381,15.61727550641362,29.203939342949106,15.964172636614219,0.4235212144646476,58.775653669150195,204.45627671951314,555.7573412079796,4536.037946865494,1918.7245955040544,766.5778273924157,133.87652799171968,0.0,12.19674458461745,25.97771483270088,63.10625868432678,82.92793418381252,239.85082723435764,1923.7295277673788,1060.8672779291887,131.63639273295067,9.870364461448675,1.0344278558563413,0.25872698293512747,0.01497539595673366,0.07570474316534437,0.0,0.32050999652608675,10.761757148008416,182.4156201428271
0.4264705882352941,0.015585155950292171,0.014880452870890275,0.0,0.030690028029921185,0.014620521633871238,0.009896742039442376,0.04699248721552835,0.08699233180288185,0.08213349557644517,0.02170270737413092,0.03035261229498521,0.02903207743592589,0.07733578696779653,0.1410918017760042,0.29988042271195264,0.0,1.9218337751653034,2.552062016282368,6.258240084610924,10.213492638473165,3.1812566869352965,16.424998732289488,15.384880649882827,326.20801048901484,935.93853133934,2804.00532603295,2540.790465140616,534.4489440821437,0.0,107.89091222213469,80.61151105338979,32.706229754323324,20.478864141115146,75.10175345479455,360.6408277727813,1488.657743907282,1964.0895762912558,565.7353476175836,34.64319182426359,0.560872067968809,0.17644221388184197,0.03820435980621233,0.0,0.02022003968545241,3.266224714605878,256.4799922582886
0.4411764705882353,0.05758342649637143,0.029600132278288137,0.0,0.0678732793845038,0.05485747862136247,0.04852589955949569,0.12760995507389739,0.0660788617515666,0.02096862103888436,0.043268135032949954,0.053910369610159055,0.0950606142134921,0.3674942467290986,0.36532979209524896,1.1399570641659342,0.0,2.275765284517014,3.9797315463459544,8.962651933230314,1.0351377656703646,5.609240924374477,8.988026764001612,114.12026805006028,151.0795899759491,24.5763615209853,57.26419243235108,684.661467384836,2073.7129838465535,0.0,5119.919885878951,2081.247183921553,48.854241574643964,47.22288967913382,13.225838588852309,17.2880793623539,48.0624904659943,97.90128147684287,1111.4957356158768,914.3552083605185,87.21363760247837,3.3174672784599952,0.23742272604685644,0.0,0.3117361083793826,12.386337392498708,95.86104921056028
0.4558823529411764,0.031952318277648335,0.06153476731814944,0.0,0.019820219268548274,0.1654255760662963,0.1044221425207367,0.02126269401568537,0.011949356067314326,0.03846221067629746,0.19451483553331742,0.25918053928836343,0.3606493675939226,1.3283788440570674,3.284988695120731,8.491028668625761,0.0,5.636178455277558,1.246537238863016,1.8789763813995481,7.990926735355179,2.300486664423208,21.656474814449574,16.898712533015946,25.954462835395613,30.371870663416004,150.40785204382146,820.0295144224307,914.6490043992669,0.0,7709.837164824356,5585.228150620294,1541.1667486003112,3577.929795016711,958.6728729708166,74.56232361768227,363.37442808655373,573.492826614632,351.2406176304854,336.9075503977077,82.46268474635718,5.433750619277607,0.08811143453643108,0.0,0.4564679435477236,15.07676484217726,305.2910668942636
0.47058823529411764,0.07053897167495364,0.08444336065970673,0.0,0.04971598814682646,0.03389716535062272,0.02473303920466145,0.07173333968024224,0.06678366484356418,0.19473237192184412,0.1601904355456041,0.06715668428772907,0.19351030248593715,0.30312891069270986,0.7178830266348688,1.0659389723454638,0.0,0.6690745653205221,0.5750952409706906,0.7549657950769744,1.604568082778067,15.279318784136796,22.770797152248576,6.430005834475649,24.9326025602304,32.981491573786045,34.80432928310785,141.89821038010723,459.0998551264213,0.0,88.91619769244404,817.8382193996811,1100.2776701217917,3081.414597931851,3641.5124997102284,921.798669904058,410.54864073420697,378.36879877993954,50.223270250402976,18.708330074278763,3.315768428053464,0.33613190423198286,0.06928777767484774,0.0,0.8398341961469735,1.7317922604893954,147.97703059868826
0.4852941176470589,0.01764855435466173,0.03759093521849047,0.0,0.06299414538440455,0.01172155038935541,0.02946910883646241,0.03015766864227228,0.16875972786111956,0.23397462259059104,0.031357137294253,0.05504656671040603,0.10822136554218661,0.5457951270444925,2.6909354105960785,7.075192156390768,0.0,3.5858504774590054,0.3346412235235301,3.962968848125531,8.130667125382603,5.562285042517125,23.735537042937217,70.16986690856271,263.49963172079913,312.4283980048456,200.236623245001,73.40593772840379,84.25243595748285,0.0,53.622294253405855,8.431142526237622,276.0335564512678,644.4091752622226,892.4215709526476,3449.3636961421116,3931.102091297933,2103.727213112755,451.64114768059665,63.857966133909244,0.9524870641065102,0.13598018174490645,0.1281996797375462,0.0,1.253754550577323,47.89594560523902,94.98190534990393
0.5,0.07115275461743446,0.09486381256757018,0.0,0.20118519020281264,0.20770083297067388,0.2282426333874317,0.16892998835710465,0.1798753364132243,0.19125568739155843,0.15739846354752285,0.20644169521982778,0.2008567086087558,0.31616579204116757,0.2037131594016457,0.5219036700925697,0.0,5.370528316755168,3.1163829723303658,1.6010757537745497,3.392348037755587,7.076112018508716,31.675590395454027,100.54064422307572,185.3023115270151,365.1496119188291,493.79187019173855,479.10628484657695,369.632976749515,0.0,229.2084760511085,107.7983421023404,261.7471234662463,1284.423151151426,1340.9032357344497,1508.490248094724,347.43304559197315,529.6651815074817,1138.4623303323299,142.45889045019732,1.1583260390015537,0.3116794081678297,0.06041995641540852,0.0,3.3436274404412645,125.73518600970152,246.31122757129512
0.5147058823529411,0.39571684901509674,0.16021237428469523,0.0,0.19593051804295622,0.2615534343142631,0.06485621576300507,0.15269491013115621,0.06489089602813819,0.1765076037065813,0.1272615251121439,0.09764931963135881,0.013060610166784468,0.15374246788085366,0.43069881655831743,1.3226360350245576,0.0,0.4972044914556816,6.0075976746699435,2.4400594009945493,0.7121070423324238,2.098885224536939,2.0217897154590254,4.817607503855883,6.6325273657381345,5.431485080569642,10.517826242026736,14.091634998744738,21.15433434613841,0.0,87.54346704026948,128.4557362690851,282.31437956597244,112.53164081073653,977.9470629950823,5080.101585960996,5161.873902138985,778.1228311888226,321.39467116379467,272.19923897181354,8.08600427631189,0.3007759088080507,0.264473509565648,0.0,2.8401414758411994,21.85218971990333,29.75463894320245
0.5294117647058822,0.29683775843803767,0.17774419987623002,0.0,0.10293251846268019,0.13027842470145592,0.4053035379258726,0.26297422772948653,0.19249063154144522,0.16441978213746522,0.3617766804255146,0.2695452006827446,0.11451057821636212,0.15477507692228754,0.06428326412244047,6.556197633753639,0.0,19.98428135836383,5.407686906531557,0.3251279723078118,0.2914422345540899,1.2220952179976885,0.9618062159235059,14.50118890519488,15.268462033994027,5.98040164539734,7.377425945668076,10.258081244410047,19.418183323190327,0.0,124.19638144331176,335.4072093427194,747.7944026042913,680.9116225708412,330.3442035762187,425.90968484125153,58.07721625018934,270.69288676824044,46.338477440339915,29.252179930703697,2.2678469061694004,0.20185716068363468,0.0522663404488496,0.0,0.2882827283857212,6.776819920833825,8.117189870315586
0.5441176470588235,0.2464383401009784,0.20835431161136989,0.0,0.03922025630514012,0.09990051327890483,0.1326038091676197,0.013542144265650173,0.045291329564904136,0.05604010759024073,0.1950206935264383,0.11035442007791718,0.08390923180083479,0.24174818502682482,0.39713527997426634,1.8859949828088616,0.0,6.3393107969164415,3.443885688953441,0.3779238825408199,1.0330004851115102,4.578998656264729,10.674981353577966,4.388245060200331,6.276727801492054,7.8197289388327995,4.698624605534884,7.720144615353854,14.87897578194405,0.0,10.593539547274245,62.18473375601506,29.40670603745032,512.1059729801519,267.2406895435523,60.7458577777993,93.28203263239295,56.343438919154664,14.093753698873424,1.8644924666571026,0.11034870338762295,0.06777622908539252,0.17639950939221571,0.0,0.6321303398918218,6.140935462660215,14.444928323602149
0.5588235294117647,0.04225760794810144,0.056505273782109885,0.0,0.02885285887112066,0.02661606200402148,0.07048924437408435,0.0578348507251182,0.030876588604286215,0.026913953299366696,0.023258543769846263,0.1067649626738831,0.14898667116204822,0.10607438355227104,1.7570955907327765,3.642596096242544,0.0,5.057022554275968,9.82487332249799,7.523445576702395,5.6769060904520305,7.139029868721716,9.407258108722829,8.179282880688245,9.505385623493936,3.8307484630740736,1.3670393430972823,10.005861929744931,8.721419628991907,0.0,3.1683523804258202,44.09746454389608,152.5023247179226,86.66640629153625,53.45901445469132,19.36715834672883,7.446038239072,1.8849534801282493,0.4217183296627905,0.08914850795159353,0.009555090789168755,0.02249527960894958,0.04700803240593529,0.0,0.10248710292331231,3.8870394135034165,14.240110353753959
0.5735294117647058,0.07648438084757318,0.03174955215164882,0.0,0.030727206902633267,0.02927329096953257,0.018574499663496676,0.01847315689828528,0.024169117042358385,0.01700167116914565,0.04585563576580627,0.12276881558774877,0.0889794573803504,0.32127418780766487,1.3347913123706583,0.6518932500205005,0.0,18.707800494368925,32.66142818606275,7.223103746695532,0.5910817768012185,2.7041228006129656,2.5076775199003083,0.3664698485065747,3.7367249273620042,9.61037319941859,4.573489985127715,1.0370039086009566,4.453035399168107,0.0,13.763047604315892,49.03235090761356,24.69609053804613,0.18590166556738286,2.426363257851678,0.4603051832550359,1.045196472026905,0.35367440710549924,0.0595699023204675,0.030968869404946156,0.0074298330263263485,0.009715258415949125,0.03736840917135366,0.0,0.01166052867514264,9.036032905969652,97.94575203296282
0.5882352941176471,0.048002049692139656,0.006107843493535303,0.0,0.006662279250065038,0.010495418830414216,0.009624449503113326,0.006993231082354718,0.011155068133931068,0.00845419019091573,0.0056753245475158615,0.030119400164047204,0.07590311666452106,0.7065180439965457,2.0107129025093657,7.220023675609027,0.0,0.9701513660852176,62.330281500625375,110.84435166554468,70.20653425265674,36.306482776496,10.61570612554393,2.871767960065495,0.6040440627683397,2.2755696563728223,2.1617408239866536,0.5546141372572388,1.1789399419986868,0.0,8.379161029475885,3.631696937218517,0.39426721428315226,0.21503871111019812,0.01705742535902149,0.03508490026710481,0.16497067149711328,0.10010738771227086,0.08669203339596301,0.028044019901405516,0.008074477220263986,0.005072708719102158,0.010467698933754009,0.0,0.15496076237844505,4.40208648757538,4.483307871670757
0.6029411764705883,0.04653737333610682,0.01636129464405863,0.0,0.009014602773402188,0.019819692744322607,0.01326934715611952,0.009160992082442159,0.003927762785248727,0.006616918608898634,0.028205022933130666,0.01440475238538138,0.05203562739750122,0.3097940915682148,2.7269427264241894,5.109607472855018,0.0,2.3334456783579682,22.65158385039483,4.9174295727633375,12.297995048539017,4.61047928373663,0.6570902930376411,3.3912866065181166,2.9419984681236953,1.6402857582301422,1.9131877926538905,0.3469947532740393,0.16406966839446382,0.0,0.45413710331415935,0.18041568573479952,0.02964334378727735,0.030117799513502335,0.053353451628979164,0.030839195388390517,0.02734040013150916,0.013030127130545525,0.005461760090067905,0.009724901992477039,0.0067023718315555375,0.004879596905666222,0.01508627587968626,0.0,0.1521331074172907,1.4209830379427995,9.997568649252187
0.6176470588235294,0.053139874910240525,0.039250270912010825,0.0,0.024400974628196587,0.016507938177773976,0.009409845545914515,0.017190188808096467,0.0038757927030242476,0.0015324578458593753,0.004056630199624829,0.0114583321192557,0.09253415919991498,0.17592059828604922,1.9547371904500326,3.181001064868081,0.0,10.576274198937309,55.40099978593675,39.72691982950553,10.788791032980885,28.01953011744348,36.92697939311005,12.963784485650834,1.3144673970079617,1.4573402967170688,3.166408151985328,1.1354024975764923,0.295820385162891,0.0,0.10317666911391948,0.010053604713513029,0.0047989593594306105,0.008966044101014363,0.00508569343756379,0.013182810497511563,0.027350072646005343,0.02641220740832388,0.01555395425962023,0.008000837720873514,0.005057635423862205,0.007800490356816479,0.0317559233907319,0.0,0.02904851502011904,3.154959646793218,25.378420220823582
0.6323529411764706,0.014189878643688963,0.025266119466974317,0.0,0.024690377221393455,0.019138010861092333,0.0022420687791575955,0.009217920383398508,0.00902900986780119,0.00321757642822086,0.0046596850862284135,0.02043728385307605,0.09595276130854616,0.06352291591832908,0.29783407368453785,0.7026357239375747,0.0,1.5907638916879796,6.453293119396864,26.768059679609628,18.945714791201976,1.217752894247671,6.511756521068978,1.0358492515503999,0.4155218482961866,0.1754742855680689,0.12256523957968929,0.35307840576521565,0.03454113895728823,0.0,0.010705261524002514,0.006406788917914962,0.014417342043202004,0.031242710175017556,0.03606958347040965,0.011060100803296752,0.005087487579521398,0.003550233233122954,0.00264495846608505,0.0017705182774669821,0.009360447948884333,0.009832411969662704,0.02153452905123867,0.0,0.27951267281898495,6.264232642015599,15.706028063861329
0.6470588235294118,0.04869826071372501,0.01059942617175122,0.0,0.0024882542020677177,0.0027242192588646267,0.0020672126164168673,0.006142821873483162,0.010552516599051105,0.005905728678616162,0.0071381004758819516,0.014888970382373537,0.013319096063472667,0.08204937001976054,0.03057345654092497,1.4319458202538087,0.0,4.178191667537044,1.9900090705399376,19.32266742129122,42.79729926005449,58.33899324340868,16.946807561566906,2.751860791633199,0.29402983722039794,0.4499272877715538,3.3020961015374817,5.070233971644685,1.4657908897877232,0.0,0.17710229020340143,0.006452944297068292,0.007080259327733878,0.013191205864357573,0.006899477507512327,0.006651858868406611,0.0032533139650011457,0.001103055886930845,0.0017616542207379317,0.004002685319005332,0.002521847427902289,0.010590177137322146,0.029228594524973867,0.0,0.27789980595339897,2.988048384487719,30.059087886101306
0.6617647058823529,0.047968419710169165,0.022408959446913915,0.0,0.03384640971001065,0.01572552688859784,0.0049199154826327085,0.004434992034609022,0.004624790476110305,0.007766027424975671,0.004574176118183512,0.005080904004324234,0.010969216887971209,0.1409463960660721,0.3675485639664826,2.2361157301967065,0.0,3.012091022540233,11.397602916559858,128.12975701818115,71.00449133817307,120.97893065373411,67.0830668304818,9.30949360612035,0.2977808630061278,0.09801053446952314,0.6560806172196422,2.8937519956436475,13.073899138475396,0.0,9.480685713563153,1.5802945903957837,0.1301719343976067,0.02030803293495367,0.004915455551147657,0.001415703953886165,0.0009512506397688198,0.003005532623847814,0.0062278018347381925,0.006657870498947962,0.012838093961718994,0.05138680054102824,0.059625774571488474,0.0,0.271572416449482,7.244470850235453,7.393238610600296
0.6764705882352942,0.07929961501016415,0.025421249374033908,0.0,0.017916332869828935,0.01058517880552393,0.005687272885794091,0.005946233642042892,0.01348968497874322,0.004316306599424134,0.004511673213645288,0.015088335222507143,0.03522697868276824,0.07362043329421565,0.4864043062976967,0.09192193381969771,0.0,2.938135036701526,31.610837910937516,213.65686308620388,300.5499157025516,274.46994752575495,406.0352943620984,74.66222941524964,6.734932993597343,1.463241342081293,0.739966005807773,0.1327039746639973,1.7914783502515554,0.0,17.578873155603183,35.931691646610815,10.183811377959776,0.8594537235049713,0.06481767224341833,0.004812701701619985,0.004299912909612107,0.0031245198762625825,0.008504567789578896,0.013830043911193435,0.012199881421653066,0.044809969407087494,0.08088446468675446,0.0,0.12331584050563915,1.0974374235919402,22.594639009989134
0.6911764705882353,0.036795716519630636,0.021249998272937182,0.0,0.030456194765114335,0.027642169658193563,0.011696139471666544,0.006363601344372612,0.005294174843584153,0.004291121498593174,0.005641491370412569,0.002962175322640387,0.0057356706286155685,0.060415831680114856,0.4754023446467389,3.162776169785035,0.0,2.607774026050375,2.918671882794267,270.0042898763551,1925.6713333222003,4593.353789676673,2859.4815763788133,152.43410839043128,17.30531512353684,1.2580220711685137,0.137093910201014,0.4960027048411748,0.10690889716010729,0.0,0.1053048561795076,3.3447539906271575,15.080502836278455,15.44534531981357,1.7521629472241143,0.05432454766270708,0.00253345822971213,0.009282469885479755,0.007261279673813266,0.005084553695779075,0.003691118059633963,0.00690795964065325,0.0703636326996668,0.0,0.3146551861410928,2.731012521332923,9.637129912559224
0.7058823529411764,0.015155500037895833,0.00969960537631712,0.0,0.016915885447885186,0.012450820320285416,0.004811651653852252,0.0018206043656664433,0.0068005882158763825,0.008599020816998024,0.013281778397397035,0.00644420974274903,0.024152934223757524,0.00987991008404429,0.2663005517156635,3.991202233741329,0.0,4.672177351251701,29.387198298079213,44.814916277285434,31.24059445045302,82.23731909145906,2969.5971351681546,5385.717850839656,981.93654814723,37.459306518295534,4.741692605873166,0.3000441329529154,0.027914556833071754,0.0,0.0242201299797802,0.11163016721131529,1.0516806367129987,4.584518466594616,5.6715311293870565,0.8923531206074766,0.003662197521073986,0.0030964264147732234,0.008041149678136742,0.01069757204837987,0.020825666407439405,0.05706129592225151,0.0602540477343531,0.0,0.20013429823291046,1.286449767776376,6.664028787104332
0.7205882352941176,0.045767607334308555,0.010771395190409112,0.0,0.004456135869750096,0.0038537271091501693,0.005497872059292346,0.010195097283660118,0.002504913428223433,0.009255084526792853,0.015367341419240944,0.022897756576392647,0.005899179398744967,0.01374982555218077,0.18337841025231016,1.784858372195401,0.0,1.365284539446339,3.2401723206514483,4.603956123138492,15.654644545068015,150.3642380680473,169.53380342658397,7398.424512503572,9031.452204245901,1255.794445896625,164.16305539747614,47.31340077419432,16.952636752588845,0.0,2.0747420032588004,0.55083751136761,0.35965984087722574,0.2691285923617553,0.4022263716289396,0.2458299496247504,0.0668853960890568,0.05162473306939742,0.0016243059511586856,0.02371036795086474,0.03616780821626004,0.012347666375742496,0.06427578843346565,0.0,0.3162999799223707,4.508822677674806,6.623560487679587
0.7352941176470588,0.02174335733363082,0.026311716480248708,0.0,0.019555020125378426,0.04518266185341237,0.04412932079717087,0.028442172047979473,0.022189609790713553,0.03877237007668588,0.02723226876638061,0.00869348449553322,0.029006491397840665,0.026479975953061823,0.1877464540279009,0.8187816094561007,0.0,1.0380708910649177,0.9648739059794449,22.47877609356106,6.044900503381246,261.95103870335316,167.5782480018783,2882.5920944406653,8834.453652384944,17747.353161928728,12896.872670718132,5284.455336261616,1015.772415132022,0.0,55.43619683415314,8.81118124093044,1.4902934347347756,0.12049579124257559,0.5191455880585645,0.24459171331318563,0.055453068083421056,0.004491659269502217,0.0032246473712354336,0.009379345556827491,0.009538740773403194,0.03604924192975991,0.09047540061220863,0.0,0.21528711160456043,3.031188755059871,16.969155414918845
0.75,0.06648839875530434,0.03768046059848392,0.0,0.04390716960497113,0.026656398525575404,0.04221038915337008,0.05898663294248703,0.06688688364996792,0.04161863461792499,0.017671885270867722,0.023188247570384124,0.07382791797423881,0.015424927849776537,0.17928417417762443,0.18371720342771308,0.0,0.6141427480479408,3.9651185281935897,16.07895212905101,170.09170354678264,366.3409821718654,61.59865773550693,119.4201612841408,202.63615050383407,715.8712804829987,5078.329750283872,4771.805634841366,3691.7810317205403,0.0,43.83757598003253,309.3916649946232,133.5278110648532,7.192449825851263,0.5284765365125834,0.968581733362679,0.5115498570779559,0.24535010464519105,0.057512408196326054,0.008608605726795558,0.009276878250509402,0.02177465892005007,0.02450678073546237,0.0,0.18205884109596493,7.423797217544134,18.390633210142834
0.7647058823529411,0.22790313264133305,0.16977709476658498,0.0,0.06617424252783254,0.13934272502592532,0.1673039999773083,0.15382064123630634,0.09118731569181207,0.024563489628064504,0.02799044922746445,0.12843886668957077,0.24605213896267444,0.18731470830789643,0.16528636777606048,0.4335118226138225,0.0,0.6989790907435613,3.113253919481884,42.34765323299112,33.477536653354676,14.722993384126031,9.91543900501158,7.357961050689815,56.04616733635683,96.2206211185037,188.48816580558338,2276.008895328091,7667.620797788431,0.0,13900.181087294608,7109.491651833247,2381.743313843391,1884.0789367790212,344.34526774007185,109.78662539599992,10.260356289666289,4.317446849721668,1.1312750579410236,0.13372335527926474,0.010753772918241256,0.033864486688131176,0.13302297173796937,0.0,0.030284934997523303,6.74008101432448,65.09900495884472
0.7794117647058825,0.18529450657703542,0.0890853482824768,0.0,0.07539934739956758,0.06421243834814198,0.06481073228064571,0.02819230617782881,0.07657048692385003,0.14285567040051156,0.07979868838450639,0.026875168341437626,0.04543030522248048,0.24846077966160074,0.2887030392815825,0.14013808867686614,0.0,0.2719774703235357,5.907640692797721,55.09751145631174,94.61603895627808,135.91238085668328,28.127795222347547,3.112602319784034,2.8921957458146337,2.5675353248214674,9.023174665785945,4.829734271104197,73.32188833944431,0.0,196.32815298239814,4150.378884311221,5557.557796823979,8365.353266417356,4766.878086083672,1665.6541490942068,694.8762076647912,90.35808679629454,12.213878546873786,0.34202500557486193,0.10818097757870877,0.08922982402043023,0.04769846829070636,0.0,0.13123844488893666,0.4683400130955765,18.811401570448375
0.7941176470588236,0.0695068786339783,0.12201591985314167,0.0,0.23241027671379752,0.43807398391450647,0.17848020377691853,0.061158784728019694,0.13068720457002012,0.060643959051232835,0.08030792058699707,0.07486870307353448,0.09445143987309293,0.06085610979867778,0.1428400049578481,0.5394636806123203,0.0,0.5349954053340006,3.141942144549881,23.128547733437923,62.5222431250732,125.34545161573323,62.53627736498761,1.7131018148392831,4.130154944217237,2.5545186139157194,22.405794685258137,5.147322235002675,24.226342667984056,0.0,198.9675985033686,401.860609863243,387.24626304682425,154.83884609345972,593.0549877512112,2246.465069040523,2532.196271925752,808.3985359055808,100.15410912067024,6.603831673377312,0.6780316365546706,0.2466868477123482,0.14929853786016004,0.0,0.2010841714114959,4.392799860078995,46.53503100972233
0.8088235294117647,0.8680572402687362,0.18440547047656083,0.0,0.16983344863319128,0.474220176274992,0.24353000694861285,0.2965913323131571,0.38024684111073753,0.1720047579342689,0.11783195661909987,0.032189014549837545,0.0446191056722812,0.20839467225526306,0.3217384197401625,0.17695996581267961,0.0,0.7156679522893411,9.311641350457514,34.973178447761015,59.481262104589106,131.93531960898716,107.12771924695839,11.711983367962556,1.5791588505893275,5.391289166751909,12.80099783483073,6.579465544245013,11.72401965115052,0.0,42.46569936096688,79.45366069875149,268.68442719488644,162.21620080739143,157.00164562385007,326.358037840861,423.50465230990625,140.4498749496085,246.2346575616553,76.63632392790558,1.0129852590434376,0.13466095796317182,0.012264933275001881,0.0,0.2373413965616878,2.8290817915838513,28.597582786669886
0.823529411764706,0.4549873257306901,0.20061873246375894,0.0,0.049118101430241125,0.023669610048059092,0.09839454615753207,0.16245398465325775,0.06479819700452111,0.10697727009039908,0.14370774213060883,0.17700536713631848,0.22274386458043866,0.15537894657082116,0.2818987610586898,0.9164395397733092,0.0,0.5030147634950863,6.574088961261217,5.47264360575844,3.8742370765254943,35.04031519474524,170.32133330863348,78.3395250019957,1.8667012160684857,5.578347814271356,5.264984255514114,9.439815555732196,12.241341071923015,0.0,11.317545629665531,23.029242203659503,110.01269821632653,390.0305400570471,741.1940335183566,475.1743397289242,204.891309580543,112.85633800953806,148.63160847673316,106.85093349049501,7.002626111320437,0.08639207944608292,0.23886939684841552,0.0,1.6060850817596242,2.4060192482607192,8.7729842010456
0.8382352941176471,0.07383405968949873,0.08009908821174254,0.0,0.09005115631170357,0.021355301254210958,0.012130754781981558,0.03870635486656296,0.06767835872260303,0.033288032273453484,0.021447260842799815,0.03287322839355057,0.014458719236405179,0.06070938085678342,0.060814047113454395,0.05827079212793914,0.0,1.0185327562910933,0.41262421845452557,0.5708918320388086,0.16041453594079133,0.9243043521303782,94.62112095507038,314.4160810267529,59.25112212413668,0.6591677508434127,5.048595354044171,18.255694148112486,14.430164430699449,0.0,7.836446747126912,1.3131455993593708,5.020137500510488,17.25933041673255,5.8922570431927666,29.210865574609514,105.49162090433589,70.84372418896626,8.314091089514832,6.132658589542324,0.7324497536112247,0.03192090201547576,0.019781878828331528,0.0,0.4303539573789116,0.5119229042306743,14.70384891031497
0.8529411764705882,0.03529894260380981,0.05113591851615612,0.0,0.043406336499897565,0.025242741468293375,0.010269531895567702,0.036272328621446435,0.08139445625386817,0.04757387997303273,0.02931955630833994,0.05066065924962073,0.04100842495358284,0.11407065254994897,0.19856962016116042,0.36264772059925343,0.0,0.6177700338134584,2.4647608747500356,2.1963748103655574,1.0613483578477176,4.419159391357234,98.49741376086875,1073.1469437683395,1071.8349570434357,102.38953645300816,16.482402570989066,2.939648462373279,6.797133884519959,0.0,2.808523231997344,1.2340339066390846,11.58166620921572,12.555511151331993,12.066712892609257,57.11548299664342,6.411860854755597,2.806855713022685,1.123977694945351,0.3970872636427941,0.00595266280675892,0.022628331243942507,0.015436878351463935,0.0,0.06261385938679358,0.3991654224033244,4.206337300701017
0.8676470588235293,0.07206411836878843,0.04713194992743873,0.0,0.04919191788889483,0.042110106636498806,0.026769001271644863,0.006384972502635553,0.0323006898411125,0.017332441880617472,0.03848413131554264,0.05922963655148192,0.06321907786498532,0.20329399247779767,0.5274792939868789,0.8834473881789913,0.0,1.6672715442080772,6.202501484289993,6.9820241663052185,9.086206410282015,19.24248040208115,42.67890895439079,188.59765207102566,1432.581637446935,1939.6055566614732,162.514176008373,7.054400437459853,4.09037326300932,0.0,1.1154249739382722,1.4725212190572652,7.068389992821706,4.979308628448041,8.664883825591097,17.286635620774273,4.022325555744582,0.2279580238599957,0.02512451211646486,0.037669632427650646,0.025960130447064043,0.0528785014272046,0.021289120134530062,0.0,0.050763743070736445,1.4303002443554775,16.42218725432055
0.8823529411764706,0.057169354015731824,0.05111175717782822,0.0,0.039690711638018156,0.07797369968742958,0.05856286864591198,0.08303581045481807,0.0414022453211494,0.02067271314961859,0.007420647101397138,0.005170843275859571,0.018820855537679374,0.2592065225296324,0.34612604621775017,0.3594202057662742,0.0,0.18041828584522152,2.7154229637481135,3.563110708855451,7.970630267155987,10.530781473669057,2.490905807382332,3.5518836027266554,167.1036592897098,2948.769880031027,6372.223946351223,3657.6675656291445,900.3252459477023,0.0,76.95902234902346,10.273150972167528,1.4687731519707723,2.961488991223552,2.3745871462921158,0.3240825102665094,0.10694760455287738,0.06635915791318579,0.03221427917736282,0.01714105074127332,0.01251046014149225,0.01851965250992146,0.005881613836128301,0.0,0.018825701916490745,1.5232736185983748,11.907858992389887
0.8970588235294117,0.05121226689139976,0.019231564145063572,0.0,0.02948669669236247,0.029282882273321167,0.022878151879104636,0.01297188383740225,0.01006652988406104,0.022869955434444623,0.03384462753643014,0.059191058293306356,0.018664120783606675,0.14099388173029515,0.3715742406828576,0.2154223271869366,0.0,2.541786230310197,10.096778287700554,14.249978085719482,10.783133940476333,4.321555701005395,3.377297846023853,14.80947610581175,94.02224404279508,153.32725229624873,42.807915126130645,517.6932606021908,2821.4490169429027,0.0,2395.6751139279504,201.60519269756577,21.124553862865977,3.855232844385557,1.483251302576687,0.22098754267000817,0.15756510415883868,0.004615254322724423,0.030738783389761423,0.032150090483279534,0.007414689441861935,0.004380747369518338,0.03515405689827261,0.0,0.10583998424746001,0.6952692900691044,42.89542615490342
0.9117647058823528,0.08807651730406438,0.01241660530179954,0.0,0.008090075670922302,0.011503661343823638,0.02952565853680251,0.051292816128929525,0.04297603786288652,0.023712087915211587,0.0053180472492646985,0.026278324855017313,0.044213837162740556,0.11647506192474485,0.13942972166249434,0.862903280520215,0.0,1.8854654753580802,0.8302400959101779,0.7569392769086822,3.5261958454188695,0.2727253732871897,3.3535975412637464,4.089085751320901,2.61135063322305,16.99379467288235,42.3650680610731,869.2203756519797,7048.434245905652,0.0,13594.492380573902,2571.3125063972484,1007.3481449021483,688.0939721127538,75.25766328849065,2.276550393406155,1.8741806635139144,0.42880603475386314,0.0997810172296214,0.010997490515138101,0.009345017057894433,0.02043502188990925,0.06072823767086249,0.0,0.05362694146805642,1.2606108914984002,9.25415447868625
0.9264705882352942,0.14835065293737704,0.04049346440970186,0.0,0.07119218832236643,0.03463235633977387,0.026067673857681464,0.009023194117667166,0.03377383738388882,0.026923529745445877,0.04749811996535945,0.06517096756711274,0.056837970672436504,0.0979484835616096,0.10384088205263428,0.21237124755718262,0.0,1.484543972796478,0.8682297929981596,0.6490386443648666,0.5458446463606507,0.09637848768677995,3.3203912419895154,3.8002650908621862,3.9833249850500154,19.494009491922963,187.52892817040072,74.03834671567623,2179.8516886355887,0.0,12626.677079150857,23927.389784427505,13196.283376866699,1135.5705445158417,10.341938689847826,6.562280092824958,5.100646197410403,1.9608077506992898,0.6426120311368166,0.052504438960489744,0.023670843863519486,0.07118788667265115,0.054702734618540104,0.0,0.1773781244906356,14.232801762752327,154.1946580171844
0.9411764705882353,0.4078024556846137,0.2177283789185113,0.0,0.09858965615749299,0.05996509873823494,0.026255963064155632,0.024887631006921408,0.014682980029340594,0.027070969407538475,0.047069740473319084,0.0711795236863163,0.06852902402151884,0.06030483012869461,0.020022692515112767,0.14645148797183255,0.0,1.2219193757011326,1.3793327175569847,3.2210802219706673,5.436970567608723,4.973841772994398,1.78411787281718,1.7652678692388752,1.0179989192490166,3.2329963729890348,2.5197652821835175,13.162494229404867,16.27610317935265,0.0,7.054481812128753,176.29006974588845,1227.188820444359,5122.876611527074,1020.998621092446,62.29058575451207,23.457349559812048,0.7796290487001903,0.5147588583443354,0.30509637248648314,0.05405564209020594,0.06603330070861838,0.09755772691478895,0.0,0.060079805979404044,20.442139321496203,68.36475203717329
0.9558823529411764,0.40857851459083755,0.25945422116640193,0.0,0.21865910826789212,0.151615030990473,0.11804717674711512,0.05585530515466005,0.08297778837883119,0.10432316336953319,0.040573958610441906,0.028137137110581904,0.053016766516450084,0.06785284785904738,0.08840151955913635,0.007920424125140421,0.0,1.8899990922629448,3.2663571199660932,0.055516646950112755,0.5034446904174921,1.6870597741700615,2.810314280595582,2.868537975545845,6.779414560136182,31.427513626057866,50.12529292547268,18.319768676602262,11.259582168699286,0.0,156.07807109685265,245.4768108309662,179.124066562238,1118.141038511205,3197.052356741792,3354.398157693063,551.4397821915564,38.47023543451407,20.326572738296406,4.9697343426951575,0.3116733373575551,0.10484245947632498,0.009525275294430632,0.0,0.1534673795848976,11.071738731828741,155.33710884060798
0.9705882352941178,0.4160978815313034,0.40708774735184183,0.0,0.17366183182455577,0.12011271335531884,0.2749867834827296,0.04203354930857155,0.10066973863741906,0.2002350534853352,0.21660165252796104,0.0944553018906433,0.03436045449882795,0.053859051583559095,0.12463362528500371,0.10921885018674488,0.0,0.6359247702636589,5.528513577221254,6.042672279477778,3.778638268239459,17.274141218444516,25.086761310436863,5.13972651685107,1.5509085436991503,2.963142398289339,20.93011327473888,11.113490832642611,31.477480902693387,0.0,8.569007160958833,83.08267524549508,517.347977982503,384.2250490045344,616.4588985742425,1337.8963067819484,396.962022337838,402.78249367933245,53.07750495252809,2.312340915344764,0.47332718373371624,0.0960722594893087,0.0519901409031868,0.0,0.395973003002836,0.9661569738105145,29.303150833368246
0.9852941176470589,0.17645587752484684,0.09058380383666545,0.0,0.13519497632250782,0.08471197853646285,0.0661739052651455,0.10594955892398267,0.0358751500170921,0.10484546836794925,0.1457753671898338,0.08258419330285835,0.011150718502352297,0.04157075360244117,0.07987150472558824,2.734225218040676,0.0,14.331675366952506,14.870250916931942,5.214899623647513,14.551590046752473,5.08528548012768,18.133876918675405,22.319824256449493,7.131096503369607,4.504913427872937,13.671154438279679,3.7351901060918626,2.9023377004637547,0.0,6.864900217459363,30.719034440442314,42.423646797110266,391.2426774129417,324.7771839150752,264.7469978819666,355.7583014692031,102.27999337983813,48.257990184104194,8.327554110173725,0.3775534349887838,0.09313634149715602,0.18521571079934046,0.0,0.23684343249395984,9.119441055442639,16.920424037323475
1.0,0.13169786324533755,0.040199895317303946,0.0,0.13081325916434547,0.15001750936621938,0.10742529848761134,0.1924499636614708,0.14398134207687346,0.04698639571915206,0.018147210135404074,0.02934175909662575,0.10034077933124307,0.10753911794025008,0.17738090140275553,1.158199512886442,0.0,9.202637189105785,5.663832344546441,2.603365259816565,2.9564274824759744,25.30798517237311,11.968094761217802,8.575604473130536,4.667495833465825,3.2555473594790127,17.442120243938156,3.8632155632642604,12.954573142916654,0.0,15.037146367416941,3.810534096326779,8.343194000343122,14.080017158618423,12.614521041111576,66.9123701252646,53.24850887381083,93.22941519919543,86.36570734714722,14.820775481035135,0.2972181859895981,0.004534409984693479,0.04808299720319879,0.0,0.5619813238198114,10.816708223071304,67.28401305097384
1.0147058823529411,0.04302976100714194,0.0443930990135402,0.0,0.02135179446639686,0.023017845425483376,0.03212910410053696,0.03985113958621593,0.03991406053167567,0.016364605110129472,0.045132713591525014,0.05068145184012193,0.1503488941150642,0.12227809941766886,0.17970324117601738,0.07793023753970088,0.0,0.6027307506824321,0.545307163198596,0.3861449681660467,1.7227381645024256,2.1146662142299397,10.234647876096236,69.86438404490357,47.46869774971471,4.0092230636402775,0.45689690064156785,30.730267140743273,35.23371338536295,0.0,37.691007733449645,22.001761188554486,18.973733261809596,47.03403061612557,70.1363987560216,50.508183346811805,13.114777133936297,11.128658498017257,6.71609047930036,0.36454708790732737,0.07606299239273645,0.04365400524224682,0.08210338927983753,0.0,0.3877304207421777,1.4374791847851571,25.696209833147456
1.0294117647058822,0.02187613014884152,0.026576894723775613,0.0,0.024036574010213658,0.029320687854724227,0.05175546978973056,0.06085557849212674,0.022765943712971155,0.02176044643667794,0.015089675941894413,0.0220521756722255,0.06256492915300355,0.07538596151834981,0.5572083710816026,0.934375207369214,0.0,0.12598841243076328,0.9425823035829153,1.0916225921305802,0.48749942707366656,4.92798092042735,16.031074077972423,12.927696549036497,93.2644128149893,55.417520101038775,19.161555746796147,16.130874203221623,19.691865226294535,0.0,140.0120205266368,105.09295137509594,5.5095249869705585,16.816738617424186,13.26203326744127,1.6209884291632646,0.5807419951256507,0.7931349422411027,0.16681583976985398,0.03360253070962267,0.008920870145154712,0.02975368097643431,0.08192446489816381,0.0,0.13305361931568754,8.674363007177682,17.175916245169404
1.0441176470588234,0.08821666259866837,0.042230860110568424,0.0,0.016354313891433145,0.008310702164889196,0.029218185647274873,0.034918783088205896,0.016921941304148477,0.0025253261336413858,0.00571411845211936,0.01055398838766757,0.05319826194157029,0.08455018236277323,0.15830415793980612,0.4145300651925904,0.0,0.3782654441955572,1.2415334963259113,1.4404075223738693,6.737281409919314,12.836291256867899,6.642673000566305,3.2648174626663815,3.5827523707350957,54.112311821699635,166.22088785660682,74.7909059557538,70.66341173864367,0.0,8.224063909244343,5.30882099796794,7.012454745377143,29.761239453250514,26.147012436090666,1.2387079286931404,0.274932733987992,0.18720405266937162,0.12348049461346099,0.034030796579691124,0.005671293815043141,0.011008473966565685,0.01912990631118936,0.0,0.16377390891704371,5.787663555246608,29.574502013960682
1.0588235294117645,0.08516200723834981,0.016473969505530095,0.0,0.019354399039735314,0.03033931320363644,0.014872144583146462,0.005664343623124396,0.006920058473635631,0.013352430652773495,0.005328338149094463,0.01637336077324681,0.02334179627565288,0.02819869636016488,0.09634978575398022,0.25837894797129213,0.0,3.7189465180301173,5.597123196740432,1.9969210044390076,1.0505703606053747,3.0656678574286946,9.499618684157316,2.078404116905556,2.962927775671872,27.582909800846906,289.71231918452514,1077.3970752800424,558.3226226791433,0.0,91.99728168348966,1.161601891811251,7.095410312711751,41.65406939556132,19.140494581033032,0.6922009821567334,0.19811251294477294,0.07048165387969851,0.05829876387695862,0.047698419861884195,0.03436985733144979,0.1040299384495151,0.03346554754800202,0.0,0.4568152329283781,8.402561709890762,12.598747873717214
1.0735294117647058,0.034988440509524016,0.027041771928778494,0.0,0.03186173536036711,0.04720935412026039,0.016982491934261996,0.0021713206004785623,0.0069389074226806164,0.01792422756906014,0.012118016475517801,0.004248692919175038,0.005930341400437805,0.04925666655585473,0.39324802715551443,2.8976478472595955,0.0,32.051426880214564,40.50491479038361,15.05767868236829,10.674454776233132,13.460013863844146,13.890002360811287,4.872732083273828,0.28533257497726394,3.514274078124944,4.127709796769968,165.84245340336292,1410.6943856342366,0.0,2252.2060780500274,1555.3411433311549,525.6185866656424,127.49968212517932,29.87392979839202,6.297646886775961,0.14545747719852561,0.1561732174470952,0.010622724966451372,0.02411379483695379,0.009426967320994822,0.02138348590314634,0.07486185385572917,0.0,0.22293440013229657,6.155511008889638,11.290955664945717
1.088235294117647,0.029235455744819366,0.02303397456119388,0.0,0.01674895012383668,0.03107671287327103,0.014934395159720091,0.017884029666226382,0.04603814575849677,0.022744787331923148,0.01116330696588959,0.05055469015944004,0.11451609416022368,0.10260914173414397,0.3756459745374078,5.906141591194782,0.0,15.11080222733306,12.54935343879492,6.398494753622281,3.0719709060023703,5.310068613792643,5.070907295290112,4.583214041111544,12.7005576060342,11.694547352187726,22.05611165664037,2.998772499327658,3.8951214688728557,0.0,6.260007234068215,63.24992411302305,515.7522346819148,2061.3683664426158,864.9027750019889,48.999912032324765,1.015884361963053,0.45182122677721326,0.02250050031042957,0.02278066525792387,0.011899696634345097,0.011153145156859017,0.03693700664709095,0.0,0.05430374559960448,4.528358486216321,29.553753682679762
1.102941176470588,0.02195430104616314,0.02854698644940189,0.0,0.041562234744814464,0.00792228864478769,0.014322373136129841,0.01843637027494086,0.0299153700240413,0.03597502369825377,0.012377221406743837,0.016315394089102583,0.012193102893580887,0.05042637340215232,0.4109354062649476,0.5874657776314516,0.0,0.33826273623673625,0.9370391840380141,0.5515384697136849,1.5847029575317897,2.402795608051398,8.226504722597708,6.218861140749056,1.3279839841971348,0.31782546585720894,2.0534466805623506,0.39665087207941974,1.6731833655971062,0.0,6.312745655456716,17.73641974611227,9.745400916007632,313.3220015059319,451.1304535758503,173.79279306466998,26.587819527107037,1.2934385228637963,0.07293828694916568,0.04740459683329764,0.01964577066079566,0.05286115112699741,0.06758839800272567,0.0,0.21303655770531185,5.189577138152434,38.07970484330451
1.1176470588235294,0.061031823047493904,0.09625327402394032,0.0,0.0495462969108391,0.013413446412524553,0.012921099115553454,0.030431409771817998,0.04404622788349086,0.07149478594678534,0.0667697289977575,0.027237224328232983,0.05017460657246677,0.10154628496213347,0.015865616171404404,0.8626358787840318,0.0,0.3416367957284141,0.1631758172599912,0.4570526654196032,0.5189127327218699,2.6843445069416996,2.0284154705017263,2.374753919551961,0.9950936892125289,5.930526638204488,2.297177635018812,1.693395940379662,5.641084939864702,0.0,16.051200005323018,7.053898039723099,25.979401491427762,3.0553255202013183,120.22819316681873,357.91566782792466,158.3270101142162,10.679341082460716,0.8984263591867688,0.040479918010227725,0.12355233663450936,0.10044740063874252,0.0258478409171194,0.0,1.3156941732050433,29.98937220234933,112.24857604099692
1.1323529411764706,0.05252302334957584,0.022999467477536763,0.0,0.013653862949885595,0.032796613797496564,0.08624575242269877,0.07333490591893284,0.041720368676827255,0.014742933961581592,0.047732263923654664,0.04630438137330639,0.04630237706350355,0.02970832346411191,0.338047015412937,0.3631631528262754,0.0,0.06490826159882418,0.45854173381216334,0.13003982497423694,0.5310936517364898,1.752632156232298,0.29545133528772866,1.086930098170063,5.0999151660970945,9.734408845846406,6.99283138659877,27.095783849799478,96.1595563024863,0.0,255.95911114402352,173.5613757653803,29.02919836037138,8.954490878380032,176.79925226936314,511.26397485343,198.9099244513477,49.145221065922314,0.9642988161614554,0.11259472637524909,0.04219423757504929,0.06017555803856035,0.25363025548528434,0.0,3.4999375635156236,7.568019948100016,14.855541278364509
1.1470588235294117,0.07886307152725772,0.07877017367029882,0.0,0.03963500690944696,0.05770413822138988,0.04993283855493719,0.012896525498195718,0.046988851230474776,0.052909279054004235,0.054741804588729605,0.031582133100197446,0.05190207577902743,0.030920626552279642,0.15887185406261087,0.4629449656056497,0.0,0.08909030975875193,0.04473610125887453,0.055823946014761885,0.3217590435901937,1.3012354564880049,2.335100685995888,0.8305625347942542,11.395674891024832,18.23440853073874,4.1581270904055945,6.880980003141513,1.5169173403270557,0.0,17.36752644983447,27.31463541131056,6.324813490309361,30.861330137481982,236.72749004588528,261.29579189488334,46.287853308265795,9.029752361581567,2.1478849443786654,0.1346665869536003,0.011934702675945813,0.03588200890667059,0.035621936765016265,0.0,0.6321455200003903,14.034266014776433,37.18498999571645
1.161764705882353,0.03793400206747296,0.015542608847610221,0.0,0.018930782723655906,0.02217602236810491,0.02413689567144353,0.007998602416859126,0.0313682540702777,0.03159745342251754,0.017520102458819103,0.019365031854311317,0.008022849677642618,0.02234602099539757,0.02138164489517616,0.03579165631576936,0.0,0.016261646561049545,0.27468720465510094,0.306357664741871,0.07804700483302207,0.14451279674687317,0.49954367046600895,1.686352288705443,26.009111207357517,4.715353565448133,13.945525020993518,10.12867203265789,8.073506877279048,0.0,3.6935902213056084,8.447894159840748,19.130401390154116,3.671326800441586,36.63496407525663,25.95619007925607,6.804670244745549,5.727425172145987,2.330880943701749,0.12863139304590418,0.03684687478494506,0.03206014390593817,0.05868148507162004,0.0,0.43114412087702625,5.575140878106668,6.620179077693306
1.1764705882352942,0.008971472685446926,0.008616613921968809,0.0,0.014027626605754611,0.012854200691944536,0.020572539658220344,0.03719124638798699,0.02140663130340599,0.008032036458714304,0.00548886202495617,0.014801046589448539,0.04209751544157684,0.19818373452371196,0.456793135062253,0.3218465911101622,0.0,0.15790167258700405,0.8721967129976662,0.2451911247644527,0.6449208037756708,1.7157457670509655,1.9044699577799105,14.774672261548933,10.561122664241179,48.92741908936944,17.492410253289982,5.250148891997625,14.447250955614226,0.0,19.811521191277794,14.644973663263158,7.564307153977457,3.4596037171001512,5.214593619757399,3.73132879161559,6.798762649074647,7.524282758431323,2.100898673531436,0.09115353288467787,0.041959714800401685,0.026716052435318223,0.04637422093478168,0.0,0.12060126823846275,2.8688561569623174,32.302107995776225
1.1911764705882353,0.01696973796722269,0.04305334883320713,0.0,0.04341209102630849,0.01769147205844917,0.01330788731704538,0.003893726929089468,0.019231447639935697,0.005960889196285293,0.005940031404631006,0.013125311877217678,0.010784038957351184,0.010970569251788131,0.038086180604388356,0.11245916991730634,0.0,1.265574312992682,0.7371028149981206,0.36245490679983017,0.7242534730179304,0.3937876004506399,4.542124751019474,3.5496839722061386,9.601075648845661,5.374379572368066,1.2467881275009378,3.954617058137684,4.6721779192597905,0.0,3.783706158310835,3.3991764168552,1.1115671384234425,0.6774356325913615,0.8450681879765007,0.5611613034124613,1.5502996433839014,2.039917925514932,0.435726599668545,0.03646287597099012,0.028437157631500454,0.047028224305794675,0.013368603560479357,0.0,0.2759738970036022,0.47645536819571677,26.930275312651233
1.2058823529411766,0.04048773141434375,0.04019826821011652,0.0,0.021186694289986756,0.0020302195025922285,0.01315274213686259,0.013238532742088116,0.005742621384867714,0.013242399435858827,0.003948753924820751,0.010071488188737055,0.012591700873258319,0.008653926664674107,0.09043281794909436,1.0629371114115234,0.0,2.7230599447339507,0.8564921640718817,0.8908060704113661,1.7582810071693369,1.006438790135301,2.9988644732843066,5.159484579913968,3.5375249544110385,1.2089478251876984,0.4282037135813425,4.32685740450088,4.6163877602799435,0.0,0.7460048044700418,0.4348433829730355,1.089325037402209,0.21780885989371115,0.20373834983073835,0.034764219216093156,0.19895351851306525,0.5973059835987673,0.13452185953537493,0.031092688263288523,0.029355338567595562,0.11371220645117147,0.02760589891478231,0.0,0.21960817870003085,4.632964750471503,32.40874279902563
1.2205882352941178,0.00794003364169105,0.007411706943468911,0.0,0.014111496837085135,0.017416574070498382,0.0045936228505522115,0.012533760811409044,0.005710994959042199,0.0029211810084669824,0.006595901282520047,0.012969845437175616,0.013802374311068422,0.04547218486420143,0.0464048811073328,0.10009448272153984,0.0,3.425191787748569,9.759276895759445,3.729474217579664,0.061959033380289706,0.1682183458256403,0.26125883656031,0.3513955652737146,0.2520653659349831,0.24014534178862912,0.08158025052089554,1.015306569485634,1.048158326870003,0.0,0.23987788675785876,0.26408503328791777,1.551663930271158,1.4798783198862606,0.46806699967801696,0.10749304729808756,0.08155092362989311,0.06897489365737987,0.052806842890525174,0.05811764692176758,0.021997527180391448,0.096607740826964,0.04588846189781978,0.0,1.0682317144642228,9.320714504801778,13.255400715143999
1.2352941176470589,0.023461321029501978,0.018947783977191067,0.0,0.03271403805622386,0.008882779384500529,0.002647379813913635,0.0071615021184472365,0.01565172717399066,0.0023533955349239032,0.005689517858434733,0.00999000171506522,0.007461536741186915,0.011402341721399459,0.0268352412078892,0.14805649996254278,0.0,1.0804730783766843,0.2501441642218161,2.7682600363662826,1.0977896499942859,0.08290636533824847,0.00535685041553865,0.15722723042050157,0.24173143782536485,0.2873872681540518,0.23556709562461656,0.245663611571533,0.3416341226116835,0.0,0.287382678393272,0.16970475010087196,0.22055033619951714,0.2915120467460861,0.06403356603398559,0.04084895018528936,0.0261685848630061,0.016480285292214413,0.05425391977342907,0.0677118481839124,0.07450025050788062,0.04688056932865007,0.014220308869728554,0.0,0.12601108226786473,1.7260929091758768,1.1622496686548573
1.25,0.05373697240052003,0.01665466724766192,0.0,0.004279147701528744,0.01313082262929059,0.0048144294078196264,0.003006686807106897,0.005884040955233574,0.01167284942770222,0.014660573097436406,0.017302668320937114,0.00896715320001519,0.0032995649123528916,0.007763337708297384,0.08861059644945318,0.0,1.9132413896909146,6.783082200712149,4.720950400366993,1.219387246697228,0.21058068952278158,0.3235728066579261,1.5429084469662078,0.8211414271190118,0.12902271318280972,0.030167797523014805,0.06709006970702022,0.03985536715531574,0.0,0.03073815622917716,0.1489993072360766,0.8697715570797364,0.7606219942723804,0.058200286463364406,0.021100844751219185,0.0020417580612016625,0.11956411241774997,0.13421463553969928,0.027670477913523457,0.0033891786435654033,0.0004430590858052199,0.052933461715795264,0.0,0.032951865257585755,0.884474344466512,3.0955705063560446
1.2647058823529411,0.04006902489675232,0.037832898859067494,0.0,0.030508602398584633,0.020991628971217067,0.015054448180520073,0.01133447751299414,0.006385856244773793,0.00459962756497486,0.003697872101376901,0.00550937438333728,0.018192462337598858,0.014945747096766245,0.07299231473661213,0.03806935818648875,0.0,1.0386924110409583,1.3305813793887933,0.06665882675091006,0.4499064704496888,0.4036162717315356,0.12260689619442133,0.2126919615508137,0.11945102460326898,0.12489423386877183,0.11796541838685762,0.03634662809227176,0.03485645240538027,0.0,0.01968380109203803,0.011355715181490405,0.08988785216564932,0.5277019115827115,0.3925695689864043,0.06910781673500006,0.0783884120278,0.24432914142098888,0.047467743628830474,0.042112750096600524,0.053639854077141044,0.051076825346652095,0.01211047860384442,0.0,0.35947737266576774,4.441018508849215,14.754512960887965
1.2794117647058822,0.048994762725690325,0.04749667288016164,0.0,0.01575314707805749,0.024928615507371448,0.03408549878068487,0.00990710332240279,0.007296438580952526,0.012930238364329022,0.009461601449495517,0.003035432785818022,0.00457427800795578,0.016316866840718904,0.001066545453914581,0.06567851469544736,0.0,0.09188785212753264,0.005036323859525272,0.38928236031226626,0.279497438344832,0.08738281050577212,0.34571864827424376,0.7867340353656042,0.36921222901013223,0.04034107780489603,0.013979064491570983,0.05493303756792004,0.0400539559385467,0.0,0.008867507121834728,0.0053316416769597025,0.003106859377675805,0.034011061197753295,0.1259726489988002,0.07244082521408517,0.23724819688513987,0.5306629943979551,0.03388082729649102,0.10596121129678795,0.011891148637100394,0.020785716082627078,0.040205288093371816,0.0,0.11127799007009455,0.10302684718260349,3.6348773603894973
1.2941176470588236,0.020741593497970067,0.012657817595211996,0.0,0.010716277686557573,0.01825926599505246,0.014580826381648707,0.0077497959409125435,0.005541803420582899,0.004465922513165832,0.0022255549062025625,0.004210128839498664,0.008673428697401703,0.003362180039528091,0.004063692246359522,0.013707101172850272,0.0,0.025846848868179048,0.019944942135522437,0.02146820885799987,0.06507843213232967,0.1210828731047904,0.2020157454086487,0.10772198665620863,0.11214499559811261,0.06195414990363703,0.009186508176497639,0.0031042362091579455,0.0004886664264194842,0.0,0.007161326401765498,0.0074674651573768324,0.0030817836034950172,0.011202874517815528,0.03123964554870202,0.0204253586846797,0.029535918543522922,0.05642659393928803,0.05935614772265452,0.02889604654050028,0.04452351372130675,0.04671204095634254,0.08584013689620003,0.0,0.07161736844384468,0.37452343809879396,5.892134306558584
1.3088235294117647,0.11312111927214033,0.026398494712568922,0.0,0.010796058988600124,0.011873261412940754,0.009048133638988282,0.007072520185405707,0.004768901272435438,0.00336283616831771,0.004476655024108383,0.010976302850413483,0.012719679666034003,0.00897107518731329,0.022229878420492115,0.024109215420677163,0.0,0.1114335705312603,0.05232285783555506,0.06510557098235031,0.25358863443133806,0.12935718315056013,0.014309181951451571,0.018375268519507257,0.1987596841681707,0.1189747624461566,0.015272679200691665,0.005335144202441088,0.004535551128148017,0.0,0.0037304326747863723,0.004863848065538705,0.008204078938535803,0.0016657665073138927,0.010058222169786794,0.018223081826887654,0.003544660443483404,0.005508757380019239,0.010863893971892004,0.08259640370764151,0.11855102395958095,0.08038812801161785,0.09899380988783454,0.0,0.6853323557493269,2.6107383889948537,3.6973202918733277
1.3235294117647058,0.029456511241478335,0.020481543881234306,0.0,0.009327843490405415,0.014592698159374216,0.007325679794290302,0.0013710254245020996,0.004378475182753519,0.0052986909079403705,0.0034777446439685127,0.0034460320124238162,0.01447231816267856,0.012272669760860524,0.014635193658656735,0.04146565182903211,0.0,0.08445565948552981,0.07280284216704991,0.016648383310162385,0.01132690598856875,0.057387536209844964,0.2243884505478242,0.19338298301376336,0.03863676511342005,0.016144666875070747,0.004278935044607458,0.00397578100220997,0.003403049061641079,0.0,0.002945367861371821,0.006398984439579104,0.0033517462175648993,0.004669064677886581,0.014623787144708661,0.01159112658777461,0.006220754440030632,0.011998866492634876,0.034878972995860125,0.01671026224377358,0.15098806930331263,0.1734245052685469,0.012680616637764376,0.0,0.06596758239789845,0.9357439957347913,2.597695185777214
1.338235294117647,0.026635306767902437,0.017344429338301923,0.0,0.01717413881563521,0.00895999343325692,0.0048543028937471705,0.004362272731206171,0.006098861791839409,0.004807593863595184,0.001862040638915439,0.003477060677980464,0.004444510824279184,0.0012101702090590708,0.001463381052032681,0.006720888918856038,0.0,0.024993700395590568,0.03270555157590006,0.00954692310350968,0.011541940972192195,0.03638632643255066,0.0568091950468783,0.04025209928693404,0.011329768258920923,0.007175890928945003,0.002290613030258582,0.0015100284177767952,0.001258726401079502,0.0,0.00041914621079374375,0.0009400671512084556,0.0016789381453238758,0.003855841414336407,0.0018832025364401716,0.004288676410072685,0.005256125540876982,0.046387980507856356,0.039713111860108605,0.06387724408983897,0.24787086473538344,0.3388282101752247,0.1578569933011527,0.0,0.018511347205760594,0.22812279821734932,1.1457627087529607
1.3529411764705883,0.018203971629124217,0.007594498790225724,0.0,0.022058595898963192,0.018069278219055393,0.012324396695123334,0.004043137393969245,0.007103633118792,0.010496301126474015,0.003964531155360241,0.0045674457418497655,0.011184957743416867,0.011425888021342907,0.006989758522048357,0.005082046065374759,0.0,0.03725954773094638,0.10166780561175995,0.05708830707353066,0.0839385719390167,0.20513197800859861,0.049190931102769536,0.006341311576247278,0.0031630731833192254,0.010009920164515509,0.0052829946598658886,0.0010220809452216784,0.0007971395816396103,0.0,0.00014770212129974584,0.002570310676387333,0.002974749350109227,0.006342222437737244,0.011679654041972558,0.00875879133280966,0.008811366957572543,0.03362585545338692,0.04811233612259366,0.02219886690104062,0.012347994956057266,0.1029685315579838,0.06319079550555352,0.0,0.02776856713174626,0.492121321325893,1.6799168240696587
1.3676470588235294,0.01634600601906805,0.018145707023507422,0.0,0.010280330946194786,0.01965852040432579,0.013063639293059754,0.01733982926567092,0.00948777330198729,0.009798774410113864,0.00805086031925505,0.0008278885670155564,0.009428635970156567,0.011356354738512275,0.011432221327950697,0.02589208556427927,0.0,0.007122540677269382,0.01376908936285785,0.03105940802924253,0.012128712835958785,0.1440390069855219,0.2821493462218623,0.14012170914986558,0.06799783289377838,0.009636041445586047,0.006852143101763003,0.004443733503590085,0.0009761820048998113,0.0,0.0025314760328316943,0.004595690022664437,0.003550745982935201,0.002389684933951326,0.0017795104428068235,0.001244453552966205,0.004206489584917059,0.0026714872116358314,0.00590123134581321,0.02924329351700275,0.004251710320041657,0.11412455880511314,0.12829582046678262,0.0,0.025016300547296942,0.19420630634967867,3.231564412551757
1.3823529411764706,0.05355806432621337,0.02528931047033027,0.0,0.005825549404112621,0.004598990174715558,0.011209824605876764,0.007006816442401045,0.005736153690296871,0.005239449040246551,0.009307315882783176,0.009874856263307703,0.007262334824631061,0.003198560739726777,0.004304576825500108,0.032752605623852,0.0,0.0709523176358197,0.026812224190865548,0.007642724036506147,0.09819174407925046,0.23992235155689104,0.10351856987124758,0.05682758052542935,0.04944122135474122,0.033178428326163106,0.001022228823883915,0.0057063329871144515,0.0021982434346900573,0.0,0.0018239570186262956,0.004232729724120827,0.004579762111927762,0.002228153342255495,0.0005879023238265111,0.002150344425319549,0.0047027505152245005,0.002001329571275062,0.04141615124596456,0.04941213544932736,0.03633246344695862,0.08262685641243073,0.13710276819581146,0.0,0.1032607887414129,0.21323250794006493,0.9123712522852225
1.3970588235294117,0.020327468139150325,0.01632009464785379,0.0,0.0067380979760577175,0.008815722683370728,0.010581331028438425,0.009582619271395715,0.005390617794834053,0.002610667484216123,0.0029927607104694026,0.003465188428836888,0.012847941860875367,0.011844392859604015,0.02398271481567317,0.0706103890652958,0.0,0.011693864727436377,0.15374843741721161,0.08120076517741372,0.007410065292295735,0.027166226367685557,0.08930996133628467,0.034740813377457054,0.06339159068362218,0.04031807301728048,0.004218860211175108,0.0005505462941756859,0.0033208753950643424,0.0,0.002059462890553733,0.0006808735373286968,0.0006943911218805054,0.001884593365791782,0.0012881827255190503,0.0029224152698404436,0.00701233790823675,0.006196767951100663,0.029257435875213296,0.03176466214728052,0.02208313167833381,0.05164736396432451,0.06795304653083342,0.0,0.04850150259703184,0.10881631771430944,0.2846111484360839
1.4117647058823528,0.03357210933034682,0.007412312960299629,0.0,0.017188096170080873,0.007259735425891062,0.0019702344454732034,0.0032219833993076693,0.0035606968734860356,0.0026775968014642244,0.006967994361349999,0.0025846655805517645,0.008831660357942035,0.01965324577147753,0.00892912548876439,0.0068780574204956625,0.0,0.0869921410553354,0.05972717058706923,0.02289850589839367,0.025819994704889295,0.33351512789488974,0.2613365316108306,0.08206886769391639,0.021612802226613513,0.009103641945540402,0.006453716082810944,0.0013543981220895767,0.0007582225228812411,0.0,0.0006799435110085825,0.001521065764066648,0.0018163353520126975,0.0018595611386560216,0.004774264371413727,0.014041696060890573,0.0203803289037596,0.009679796372653864,0.016221800091854754,0.04272569906306359,0.04602212787393876,0.02706520888989391,0.003478381125767468,0.0,0.025057932336662102,0.2908161701469229,5.987508023318798
1.426470588235294,0.02531627902319378,0.01890900904408003,0.0,0.0030893270947030126,0.0054106274746567136,0.004171111877948261,0.005125529928095882,0.008756700560289502,0.004075034330805374,0.004479701226071433,0.006174984477142693,0.01330285497074617,0.014159400393752512,0.023155584238665143,0.06159149426513956,0.0,0.1052611512471249,0.03286833001664564,0.16382291557913625,0.04678955664999294,0.26646898669756713,0.29005574714606797,0.07240020002871078,0.006642179332154312,0.008400732769089219,0.002874257266081118,0.002960981147638689,0.0022320715545041366,0.0,0.002009982251778193,0.002104281334587904,0.0022462041627166122,0.0026438106659322697,0.008659920853498669,0.004492747193007888,0.005493764754358365,0.027977522513196594,0.04470912543520769,0.03404814776316884,0.009720756504678407,0.008423112259879725,0.00689229777171093,0.0,0.07463206572800465,0.9868607254401619,10.206671109112724
1.4411764705882353,0.013156665204933575,0.01388900860212557,0.0,0.018799717349353554,0.010130993401680506,0.0023351150097367527,0.007537474641612044,0.01216269391789604,0.00447236179309564,0.001282025325153311,0.0018219444261527316,0.018460442914970766,0.05266860409857104,0.07930150561524386,0.04005684118723837,0.0,0.05443676207757429,0.213662138156352,0.2090354359334149,0.018356527848211998,0.037977296685108304,0.020751744003943997,0.0376645087645566,0.03563335779637818,0.00764199598714341,0.0040862255288737345,0.003428734066288036,0.001363012224573495,0.0,0.0006897261972544102,0.0009723460406065636,0.0006786174746041038,0.0007268507029247169,0.004554329615821802,0.03543682543941053,0.04712295880083059,0.004546909762705902,0.006910249839853773,0.027493689064708355,0.0036804201874050613,0.020599067237812803,0.03829763734337924,0.0,0.1727864203443882,1.204718732448679,1.7092255533148522
1.4558823529411764,0.024674751710974777,0.010289535317387442,0.0,0.004738654110050063,0.009425697430460695,0.017054272965984583,0.006729691692000195,0.006457575823716428,0.005617125984019403,0.005720345739302363,0.008592286512063202,0.008048226037289191,0.00425468753402962,0.0052710164511401945,0.04252224343415058,0.0,0.16426173108050418,0.1908721095116543,0.06855585512529738,0.04979708643340822,0.05407654275548472,0.046038842259061755,0.045279930444621,0.009192478496124966,0.005898342647726251,0.003977621602671728,0.002809244625269467,0.000484784078619937,0.0,0.0029564013018368177,0.002058527327526843,0.0014428565355635529,0.002428771319352276,0.007523894220209758,0.017081813974031516,0.009644555055086738,0.014050511205369523,0.009258831012201055,0.0020665817273168383,0.0018820438292404531,0.00280427964107593,0.006585044473297913,0.0,0.01795068988965576,0.15685993364307046,2.3392656154549427
1.4705882352941175,0.019502977341296492,0.009842649886648848,0.0,0.006235626661645852,0.0044646695381681326,0.003723608419370039,0.005606759907708397,0.007205949798204405,0.012746338674345745,0.01027956384133719,0.005742140215887838,0.004389869119061718,0.015156866697347553,0.07552595541995713,0.10549719968961822,0.0,0.07363143285071778,0.010803470490278601,0.03566068493855305,0.02598178296137513,0.008460642640674934,0.010725880959822773,0.029248574861069403,0.007776411501154188,0.007679269616323064,0.005246174042629108,0.0017553117971593815,0.0007660189252736331,0.0,0.0009181847520851611,0.0022183122871376817,0.0012485383245981147,0.007850248384389821,0.019220728968297966,0.031282237963616566,0.021750297246246594,0.010169863429966432,0.010448696058245223,0.0050178752286586074,0.001285203992638583,0.004803267479278223,0.013639134231383906,0.0,0.017933363711088245,1.4662255056366034,7.32656202058425
1.4852941176470589,0.044506684241664825,0.020150670420703357,0.0,0.008705366371101888,0.019037741648377703,0.010585558357910252,0.006483847394065265,0.0039985802599938605,0.009867620519362245,0.007857045880357356,0.004105411763488664,0.01338214120585197,0.02384169074865158,0.00334012237214154,0.018386733953095737,0.0,0.004091092123247229,0.08916858031088767,0.07391302823149107,0.10894910930754513,0.12171275357562536,0.015828475982074604,0.0183254171393231,0.018836125199543405,0.0062303642315481725,0.0026227168221655056,0.0011010295706024994,0.0017251873915328508,0.0,0.0019013900822239568,0.0021778290097728215,0.0017318735659684872,0.003801141470089397,0.007722163588720632,0.0057584431243556805,0.008095495963728275,0.007041141077809849,0.004373672614367953,0.002497164428262198,0.0015199503578070973,0.0032362244735457233,0.010616132509449643,0.0,0.09210386926224062,0.9055625677886878,7.94915379074671
1.5,0.028209709234453966,0.03587927554464971,0.0,0.02150145643230779,0.011505550396284203,0.004960909950174299,0.008231978422660092,0.008144024058517203,0.003003628069186625,0.001425718299808254,0.0038514191177595573,0.0027985988756820263,0.014057696114652785,0.019304728636319872,0.04687588170274048,0.0,0.042891606795091824,0.1394824479301353,0.19531537034884094,0.05458709799608007,0.004498170170370831,0.014426981611126419,0.021456583826700168,0.009799650258797256,0.00590686377799011,0.0018319902181275322,0.0024100190855854144,0.0021589934074585826,0.0,0.0011768912820949958,0.001488881439689661,0.001049480944917694,0.0017057390363448065,0.003941393711043393,0.007863035739589644,0.011567829824950367,0.009677735368720125,0.0005338039453274963,0.0043216439861594865,0.004104588944002916,0.005329263072176363,0.007124264160784183,0.0,0.04711350157060718,0.7019037189222275,2.6523667137756934
1.5147058823529411,0.03755256809237592,0.01990929603513221,0.0,0.01964293661650323,0.020316233999386202,0.011693472557646193,0.005123797335739878,0.00488153479023079,0.009231254071437376,0.007714129939400098,0.0058256548303349705,0.005307449039218966,0.004561474633917637,0.0376779943688928,0.03841130534345032,0.0,0.0677060649065934,0.021238258506440424,0.08275319563830942,0.119942282764612,0.10763887945059851,0.0341028836010119,0.01148146939452601,0.0013796130135884357,0.0032951407480953355,0.00157931840150468,0.0011731707259130793,0.001479206886442333,0.0,0.002610782718556837,0.0022121273339069515,0.001953351153344053,0.0023888978896747346,0.0023295421279721975,0.0037409396121653215,0.001955975970235011,0.008771947227916348,0.011743127951540366,0.0033719136174123645,0.006116423864443672,0.008386497639217285,0.013538994172626894,0.0,0.06960858790892514,0.31301719930773475,2.303550345863498
1.5294117647058822,0.05007407276360519,0.020081260117495132,0.0,0.012417276249050029,0.007469488736017644,0.005710652846583635,0.007609664649730111,0.008175077830163784,0.00278329236271121,0.00197027838313911,0.0021734361027651054,0.0016573541247949144,0.0026357896402582556,0.004584636177309513,0.008158456142563879,0.0,0.022704785758697856,0.039582780565983126,0.06803381149734992,0.05039795054756012,0.043875397085975376,0.012101084141886194,0.041034459138345435,0.030682278211178148,0.003198733519325609,0.0018089305019235418,0.0014884341164712188,0.00048544933029043145,0.0,0.000995099007846975,0.002289906028027815,0.0017033066661449082,0.0016515822012199317,0.0027800286342998582,0.0030942500346101166,0.007655894449769116,0.0032211932008998937,0.01698364077310418,0.019268557040852657,0.0051288615155128565,0.005255259964222762,0.01096775328184363,0.0,0.024780640456996343,0.04540166415416416,1.1667866602695633
1.5441176470588234,0.03508830598548848,0.01274338959959497,0.0,0.01663356910697096,0.013990191535001528,0.012172827686098758,0.02253824133461848,0.02001094081016464,0.01238795335617105,0.01021718706817179,0.00928350172503089,0.005926420734792966,0.00841173645841194,0.0161432205533446,0.019743532011730146,0.0,0.007533506028974684,0.05973626126612034,0.10247026782079652,0.03102662236097744,0.007285344678131168,0.013740520830456425,0.01923385863899353,0.008833908150303067,0.003117679847575157,0.0015237458015232724,0.0013244682329047258,0.0009237832793004711,0.0,0.0007399948928726385,0.0031609338056533217,0.0019383216010090065,0.0005508769910350465,0.0013320749448219602,0.0013189738396024492,0.0008451817523864067,0.0065682885694959715,0.009120672737452113,0.0014295705150879925,0.008356298955280103,0.006630125405833595,0.009286989290466757,0.0,0.015836945990911434,0.08924843007262105,0.21255443617072622
1.558823529411765,0.05523166950402367,0.015523207736188267,0.0,0.01548706866316775,0.012140274443827617,0.0017096000641734156,0.007611926242807845,0.012092041068261686,0.007197391099929056,0.005055454956814441,0.005227091815952377,0.019285861566898304,0.04092774905763297,0.034401334980556385,0.012570478605453246,0.0,0.0008928672723540676,0.03364087017947227,0.053773128375961085,0.010413408516754251,0.021621019505040594,0.047728253417684836,0.02940272588201551,0.0010458508115937732,0.0022854103601125985,0.0017378403071851224,0.002345731498442169,0.0036704629459291746,0.0,0.0022496033282034134,0.001996712088199108,0.0033726414682732552,0.004100570760834781,0.003060997433903989,0.002685145556059653,0.002494556597645295,0.005502046184386767,0.02098190688610263,0.026533490246372946,0.017523199905231636,0.017026365198043264,0.0068302068260861605,0.0,0.015443752910887348,0.15934456538794373,1.1707372095991806
1.573529411764706,0.06323677455006098,0.03082130350867578,0.0,0.010288412668167329,0.012035042110771214,0.006094308290318862,0.0024556801657654517,0.006671501464570146,0.016380663961269346,0.00452719238326336,0.004262203389615839,0.00902270080063486,0.005019839610374413,0.015979937801233128,0.03658295959072313,0.0,0.054351528513254824,0.005897936110452364,0.1176750202027162,0.06298014591241252,0.06997913482724936,0.06737587077852077,0.0025072459011665914,0.010874498255094638,0.004005603411157718,0.0022905188433522106,0.0016999507013238917,0.0008213545986833317,0.0,0.00033374076307785027,0.0019133926791722595,0.0027896180527569895,0.0017701332757101963,0.0018272209326143458,0.0023839313106338044,0.0016697545699516643,0.0030819105184574586,0.015359225968250515,0.01787692672890669,0.009980346372216727,0.011532309691212692,0.008563164666797143,0.0,0.004206538876294324,0.07745027413454969,2.1960560890929006
1.5882352941176472,0.06439665516084078,0.019186706881376664,0.0,0.012127286245177806,0.010978378953354446,0.006292574621808414,0.007498579555526074,0.002795787138014371,0.001832971897069493,0.00618893254266193,0.004557406028527542,0.01041636409950732,0.009658801067633229,0.010635644337605029,0.03645930500721982,0.0,0.13459363404665625,0.10983107457215155,0.06289398744684192,0.019531645452639388,0.043028379166427363,0.021404501553221312,0.024364211032286566,0.02064822014102842,0.002068852922875791,0.0015012177625163784,0.0019221631974936366,0.002441156533000529,0.0,0.0011521960056894561,0.0019895449813983708,0.002097916200672909,0.0019203853176285202,0.002590840226955753,0.0029915527581194723,0.0003824184191374829,0.001177215765260465,0.003841151568816544,0.00818656109229999,0.006541119878794118,0.003662676900760168,0.0039059438015758372,0.0,0.023435588532708204,0.08414995619072388,4.425989828751678
1.6029411764705883,0.0065412082803875905,0.012018929579837186,0.0,0.0037190634458870056,0.014016962984250207,0.023748478339949954,0.009318292906193001,0.00897357235999328,0.006489604947493339,0.0026187928108721906,0.0043888030542798915,0.006391602769995741,0.009693176151546258,0.040598424303961496,0.02842676953937727,0.0,0.021448759513791986,0.09036013448662622,0.1523758980200014,0.05253610430582243,0.016240658622827243,0.09925998826993526,0.16589495863913645,0.03772616039741945,0.006691207242019141,0.003038921894999614,0.0015682701688091128,0.001923498610559978,0.0,0.003431949748474237,0.002115891033084226,0.0023719795729072466,0.004414007287310945,0.0036870021423212876,0.005135377605372308,0.0011098610874114593,0.0021174931339945427,0.0027528253970069694,0.001654062974591773,0.002440218522082649,0.0019573831343348896,0.004371808228866558,0.0,0.014331435057345448,0.09728036253901531,2.7532872185410433
1.6176470588235294,0.05183499259309886,0.01848591132771656,0.0,0.002580232745966341,0.006692680771481357,0.007124052596892189,0.0017355728557564315,0.006010000775659385,0.00338421353768921,0.0038215133623531574,0.008520012312930557,0.012414783896558135,0.014337085137449503,0.028962410970438814,0.05014049278017643,0.0,0.03027642657112486,0.007564129262039424,0.007361015739866616,0.07485669313481966,0.09188539526986109,0.0771894966781298,0.17362803837901314,0.06578653667506243,0.0015296382642024278,0.0053907139158852774,0.0005137791426183331,0.0018474711732690623,0.0,0.0036638375347893817,0.0025182302771010632,0.0013260787291626693,0.0018627231094905817,0.0033015283568475664,0.004887539608060037,0.0021019635714118728,0.0007680170668064115,0.0033859998815327433,0.0033341094117766397,0.0027143106756187573,0.0013457211807029346,0.0014972398547845383,0.0,0.01702079206374124,0.3636981965984612,6.012262775172324
1.6323529411764706,0.006453235247126903,0.012671674327032784,0.0,0.011117280832134539,0.01014728395658429,0.011108722170494755,0.011123455751798017,0.005472154625495226,0.0046762611736908015,0.00360878851691316,0.0022043389951491095,0.008753710269199008,0.00919210091366885,0.025013825172905648,0.07535198210354306,0.0,0.02818279297381804,0.08925539989280651,0.12656752681416072,0.08825790823811805,0.09243946174054385,0.05927345158887285,0.02215706842306926,0.18199290324175788,0.05948327905505406,0.0008233093325183486,0.0007393496716454514,0.0008833992103150836,0.0,0.0018639200133352778,0.002046495747771087,0.004353234586246882,0.00523424663343544,0.0029356623947041187,0.005960163887893015,0.016322422019878165,0.010639493581503737,0.0018558812778268785,0.0016236334858180995,0.0025931621217077775,0.003362195238572222,0.003544177042724162,0.0,0.020580375114877703,0.3185923884966645,0.5362397050164788
1.647058823529412,0.0034347668509786163,0.012630290577449238,0.0,0.015061887511096755,0.008376031489952283,0.013644057756706445,0.006132031804735986,0.003086027472025376,0.0051990557405643565,0.005925205941878227,0.002076787130110304,0.0012823690855490095,0.004191710091202001,0.04275381313450418,0.04868232977637327,0.0,0.0031154329690223767,0.010483638450605308,0.03479820829418716,0.32168952468485346,0.5933702424770269,0.7964929386367089,1.2512500796917347,0.5157317695491818,0.03190428924778522,0.0037199508964753762,0.0014713594381993442,0.0008655015779568234,0.0,0.0023721633126712444,0.00216840411942186,0.0029426169209945223,0.004063463868398546,0.002100585295293571,0.005970361721625307,0.01467498296107718,0.013744707453909492,0.004218370058681682,0.003026702342761942,0.003775505307823489,0.003502335506053224,0.00919331869735987,0.0,0.05978107595814134,0.03603616715399023,1.6024331223829014
1.661764705882353,0.05378931265335891,0.014451688795097636,0.0,0.008498979335299826,0.006704549097102347,0.008406031827799532,0.006358611031482915,0.0024370635073348097,0.0004263818202003001,0.0011890671610507015,0.001981716334241799,0.005609443261467917,0.008722932073557142,0.019720689708639896,0.04225955961388807,0.0,0.06374939968018652,0.17838241400043303,0.7003597471860465,0.5494568513616485,0.14503481964683018,1.080441252000959,1.193600879219967,0.07680451186869389,0.02340981924203217,0.0015503492004429618,0.0023962675010468365,0.0008887635231947474,0.0,0.001340040574851918,0.0009935988322851987,0.001859648122923808,0.00168075290066871,0.0008764797597754374,0.002112305104602993,0.0045800697734607095,0.0028041647727432262,0.0029045674594037948,0.0008525883941647985,0.006131308420645151,0.009075039897959509,0.0011802047516402932,0.0,0.0837811378680596,0.14488340806830763,0.4287281589179105
1.6764705882352942,0.043252558554749305,0.016584453387430684,0.0,0.01053269966670587,0.011241205606724886,0.008276979358964853,0.001835123438071312,0.0068925309314827495,0.008877545342219833,0.007621616143212836,0.0037703830308128015,0.003546901684947461,0.004831065855444008,0.044063714056948436,0.11217742288640958,0.0,0.06507384682344713,0.04610169318795227,0.09135589871709361,0.1676788655099279,0.18178286184413633,1.2225050817671947,0.3403638910734043,0.021198815007046068,0.01058568744815975,0.005300992371795603,0.0036719299575847667,0.003284002528944633,0.0,0.004539593439472247,0.0049364437491898755,0.003037657325904328,0.0020321378394293466,0.0015108851808839263,0.0009550624549587165,0.003068934511101225,0.004302076737653431,0.0019457927927631904,0.004105768901750243,0.006053869740154993,0.0035589767035946293,0.0015841073656960305,0.0,0.011540310165770756,0.02869682685786959,0.9684150698576348
1.6911764705882353,0.044979688576738355,0.012762580746285286,0.0,0.01636183796913957,0.01836460121560768,0.006909114140941199,0.005569293801308862,0.005474954219550015,0.004723013987952367,0.005465233542708543,0.005180640915784777,0.003986207560262481,0.0033426881926863087,0.008590325347454941,0.006682867549436286,0.0,0.0386813563005723,0.03437023363191381,0.08071734212444796,0.37457573615509465,0.32184961761251973,0.09569036433238773,0.039791707182971967,0.06660844433699983,0.03236087705776235,0.004877205468462679,0.0011538331752140069,0.0013094050722932036,0.0,0.0012530109189428456,0.0032431140421683114,0.002054296905975285,0.0006524311278788418,0.0010549550759380217,0.0008733523470525646,0.009910153562076795,0.024527948910652637,0.006453133238034244,0.004381706286131301,0.01497366371600604,0.008914811968308402,0.004186290603130586,0.0,0.004210379369368627,0.04126198085633445,0.39048369344331413
1.7058823529411764,0.022441375399401838,0.02565427165336266,0.0,0.03984417606902258,0.009623195291699619,0.008073661846024038,0.0068115700630740905,0.0026182684124870055,0.0015777149707028306,0.0027361081782451713,0.0017934024743756305,0.004319556251222926,0.00489646650108321,0.013644855104157848,0.025670185180020233,0.0,0.02722203652828334,0.04639517225397578,0.051066834586382434,0.013123187668226358,0.10152244328120652,0.20360502198970376,0.014520800814733496,0.02847874064528732,0.004603378918893766,0.005065149790960631,0.005157363258400233,0.006696430858741165,0.0,0.0035079482221069395,0.0031960969292375054,0.001747001870037446,0.0015425052677031927,0.0008525200527544801,0.0012231958833008403,0.0008984952586934879,0.018057338941898045,0.044111924067883584,0.014269833576581143,0.0051796160421257575,0.0009290470014327284,0.002811931781666827,0.0,0.011628942174276482,0.26822502149285865,3.5520286155903174
1.7205882352941175,0.0224718646986014,0.009215624144848491,0.0,0.004168434581333799,0.011564817648435725,0.011907267362354916,0.004542054088291448,0.011024089256528582,0.010161871832342228,0.0014627342954558638,0.0019346080269711406,0.0032578562539521236,0.007890868876773366,0.022098314495438382,0.02490515562016419,0.0,0.011525212091950425,0.02004385753799257,0.021223578052080826,0.04686323903926468,0.050920791737057804,0.2755301775005492,0.1784546236717271,0.06842023019769872,0.01609277287330068,0.008010078355036972,0.008049444928524035,0.0004790728639517818,0.0,0.0023887551589559823,0.0021508105876613024,0.0014929936113615926,0.0018081909758574594,0.0013661462232124198,0.002779614446785469,0.0032202191769046024,0.003092611776284014,0.008967823427602693,0.012912936139630578,0.005522438432670336,0.005052525500784569,0.011087665115958656,0.0,0.04253092602030334,0.8517614471782213,0.9039477369019969
1.7352941176470587,0.012632334067604922,0.027725846071548925,0.0,0.0373716112138524,0.009153274446590764,0.014994809785108903,0.0183577725363085,0.01049807095672864,0.006741187237876459,0.005631467505059467,0.004209649756304654,0.002861596595749666,0.006818424045095785,0.00612489240337911,0.014395171235526728,0.0,0.03581407335835262,0.0510930577116015,0.004471679115212628,0.07833320385288695,0.015322308950101445,0.04933632347217093,0.010372223862804935,0.012650748267644774,0.006062039561483797,0.004195615404668049,0.003136916698937612,0.003096471160087519,0.0,0.0028059143600522255,0.0013626363023926825,0.0005282067874833577,0.0009520590358033313,0.001997875380027676,0.0031047873881756135,0.0010856439425134415,0.0011198430679342517,0.0036703961411319397,0.007365698794731623,0.0009471669702635979,0.00535749106255563,0.00424250392200612,0.0,0.010550845861582885,0.22652880251028146,2.249264592215472
1.75,0.054389207966566835,0.035746171920164944,0.0,0.022418378239688983,0.023604371296271798,0.008071827651307026,0.006375203566958962,0.008312664491105789,0.0034684494392177283,0.002749405916819029,0.001783819454685288,0.0016921089579496054,0.004399225539727887,0.06147362940608388,0.0598898444193407,0.0,0.05167739839010673,0.1387625056773223,0.03421155923373516,0.08608165969803172,0.18168184506538962,0.10994318678024817,0.09916734726803447,0.10020784074231383,0.03989830995053724,0.0020661403356948033,0.004133716325896545,0.003253342378802509,0.0,0.0011555320456337937,0.0010043797299653864,0.0021877551749476623,0.0032628145825716027,0.0020754436372605336,0.0024152746265374376,0.0039935830309699265,0.00479001212175214,0.007688166077313895,0.004103644509521697,0.0025477410915820866,0.013406326930469368,0.019908162623424437,0.0,0.006964582734456973,0.20517660764890783,1.993440129545781
1.7647058823529411,0.03172919675833014,0.013630180361260014,0.0,0.01263033448452978,0.012249410362734968,0.007748335189731061,0.008172337743672712,0.0056210218696824375,0.004384432673533339,0.006480913349046959,0.013603645899720683,0.015206760430991128,0.01149846214329122,0.039511031097521764,0.057832187505191354,0.0,0.1370715071727907,0.19559501320762773,0.1677486556428303,0.1302259743680098,0.027889039799708575,0.006909303557538258,0.014858425541638812,0.012466034073936628,0.012265174929567253,0.026004074570652548,0.0006549337373838317,0.0031040048981201976,0.0,0.0011049565526209605,0.0034629353653462497,0.0019972654722634825,0.0021048747865430517,0.001332535406448784,0.0023548147425949194,0.001012697882857182,0.0028505318462281005,0.0036562718802866066,0.004567665409162514,0.00835913368330617,0.006136441627117465,0.015227676446515834,0.0,0.04090428764876932,0.04726320985299309,4.111146461180289
1.7794117647058822,0.03961686832880715,0.03506318513414514,0.0,0.018285400454901797,0.004988125798880142,0.010239618369802755,0.007406528381167355,0.0028386230763244977,0.0038878800119870006,0.004157833118873864,0.007703919385361092,0.004841980958164037,0.007879007639179437,0.05156786998158303,0.09355300055861893,0.0,0.07176774111218402,0.027430837659553377,0.012517256598615446,0.05112382216866184,0.26918480496469593,0.1211860198296576,0.09546660117727783,0.09902041921435199,0.007400151429871845,0.01862778214870394,0.012051718730714034,0.002912730518220887,0.0,0.004959020369500195,0.03269976140686487,0.034340103620846656,0.0029316042080730124,0.00568270722787702,0.003410955847883544,0.001367999214559635,0.0022013324769634053,0.007806916793842999,0.0021171210758320776,0.0020987908816586646,0.003471961882884277,0.00961498445616454,0.0,0.049155320737487726,0.3107486473655526,6.657991515814845
1.7941176470588234,0.07044980201353332,0.027329323121492374,0.0,0.002840137316810514,0.013924347854327833,0.022455232233403056,0.011892411725302162,0.013340507037009551,0.007401191937657128,0.009103725014461616,0.007680793446919028,0.0022027544683756147,0.0018773226867566527,0.014133859876439142,0.03159313976014596,0.0,0.012581136881326716,0.021820612932819967,0.030466853389918273,0.08842444467903585,0.1607746271519491,0.1697412913519392,0.026459807239756782,0.038251783645089,0.004838430937284482,0.007824312063678463,0.0010210512201032046,0.003602644599899745,0.0,0.004634025987718872,0.07043790529129654,0.09544480227952318,0.007187816550975586,0.005250398063741996,0.000689804167591672,0.0034271196077369994,0.002230778973631202,0.006089032121921643,0.003283697037542651,0.0014988184873710969,0.0017605302259752857,0.013486495160786576,0.0,0.03639589141830955,0.6398957660402154,2.8631633254786863
1.8088235294117645,0.10204932752843264,0.05300211129628273,0.0,0.026172023433765512,0.021389398694942496,0.007478770859017377,0.0009473255054591118,0.001953447978951244,0.0041573923427609735,0.003349965375141474,0.007487816780004417,0.010568349412341076,0.02038675936603993,0.035832141258280936,0.005545684066498975,0.0,0.008305838102777317,0.007156776254231814,0.009152040777683933,0.013871675036280473,0.010974620028454035,0.1637872072233587,0.5201208051641288,0.2184702935197542,0.03966263717662641,0.006702138520065766,0.0016030588630281907,0.0018575434487996972,0.0,0.003138203889429509,0.07259200860806513,0.16869011695718622,0.03424914437215404,0.0035990427639161666,0.010713858349037686,0.013562057578452445,0.0081533969811168,0.002005342720762483,0.0043927512245553755,0.003103952593663477,0.015520322546326971,0.005805615957384316,0.0,0.011174335654707872,0.09621753284070493,1.149945995249265
1.8235294117647056,0.03238762319642612,0.0126906240656631,0.0,0.03033957788235457,0.01405200239696526,0.008794860136656575,0.0046519191323658865,0.004541285215612254,0.0036453416497061186,0.0016810736852542582,0.004686305627993681,0.005190899904997977,0.015418337895506019,0.00580320868213493,0.07933183241055036,0.0,0.08380092939687499,0.020603768718796087,0.018920448871906213,0.02543797817296846,0.026484025408147968,0.09546810892661396,0.4083942261856055,0.10163133236267394,0.0017659550542242827,0.0016076248991159338,0.006065256016879802,0.0023258756495111925,0.0,0.006679591809787288,0.0677276484406083,0.08734218844799044,0.015443150443052469,0.007917749638359433,0.007402353596677492,0.008118088942446712,0.010889951706686444,0.006684416405756875,0.0023334265987763948,0.01045723484991289,0.00742188011909152,0.0038533252426945644,0.0,0.022663447009354493,0.4144960299576016,1.6390439574113942
1.8382352941176472,0.017819596866182185,0.021528246382410673,0.0,0.02017390714989855,0.005181910508190595,0.00874612750922515,0.003060195777699123,0.00328690038617565,0.006267171042534428,0.007829872893220851,0.003645497350338867,0.006428722111090765,0.0029271809290505905,0.0258973505959455,0.06081024249380777,0.0,0.1545782069074439,0.09884852012473666,0.1389856713480816,0.23156458299083224,0.26791096418123916,0.2203533922264902,0.056257743082111414,0.1496150633994284,0.15494695504429068,0.032997897475694045,0.007024102159555575,0.002173034101107452,0.0,0.0016652445079196722,0.006516106328554229,0.0074772532430509315,0.002946817805748761,0.0014381694018527087,0.002116296885220536,0.004260842240701842,0.006989473405224635,0.0028512425199856114,0.010522356120256236,0.02162320473292021,0.005256195169669575,0.008069900274476332,0.0,0.00798533544974245,0.22627359016439885,2.823740297633652
1.8529411764705883,0.07073486214308274,0.03429310581839895,0.0,0.004730551284263162,0.013332776326418,0.023449562353598796,0.013137933424600947,0.0034873442047528803,0.005439259050587605,0.006565897643125012,0.003614737044703778,0.010150810793465458,0.028697154850790635,0.026948967930052248,0.04423333203868991,0.0,0.005782652440558474,0.03904971939618481,0.2256256261435665,0.2902867394757668,0.3479209838561764,0.25167397947374326,0.09622354658946677,0.05355533967780535,0.14355905414216275,0.027305065438060022,0.005623109400759459,0.00025806164177696574,0.0,0.005244667123763564,0.002655660941328828,0.0019225114581444306,0.0033374994547284453,0.0024453341442464,0.0012516124267160631,0.0012069410505513181,0.006194277961474074,0.006555541138926876,0.007695880493141547,0.039006233140964464,0.03401555268303183,0.0072645083210771105,0.0,0.037615215331252436,0.6937509583716122,5.7456872173645746
1.8676470588235294,0.040531845329575725,0.016272131933943473,0.0,0.016463208504518795,0.03077000667789752,0.03367528563952832,0.01818217571293948,0.011375368585403535,0.004798651936626071,0.0014819058647642322,0.0036445265588305213,0.00252545390686534,0.04277804744841922,0.056437657875502714,0.02695783358547979,0.0,0.0877078383437343,0.37626399782330866,0.8245735257745974,0.9189421177793087,0.9779942072980833,0.40581543274648957,0.10560760090277403,0.08481130471150047,0.06441095890436531,0.006812835589442185,0.017623029334503944,0.01804575468627306,0.0,0.0170308359464775,0.0072244507227347664,0.0032883395067500897,0.0016664756495406764,0.004387111291553631,0.004627885871878166,0.0015377414082428107,0.016897585803177243,0.017902612420141763,0.004119322868016465,0.006371520076177288,0.007913847056382997,0.004688780831140891,0.0,0.04795863179502502,0.149149461396972,0.9688646979809552
1.8823529411764706,0.026379051021127975,0.042075720986408854,0.0,0.02219282450752116,0.02205607387407839,0.020467211478729257,0.009419639067313837,0.007752645599924677,0.002645499400594837,0.005942172752408088,0.008724639410134894,0.005249446331904927,0.009233204283024984,0.01234335142033412,0.007959055596969538,0.0,0.003384298336212006,0.0434781265289541,0.061534802338268205,0.05570054162033914,0.06299239800480284,0.06382625734149033,0.053345752312710756,0.4572540066677617,0.2897317950251064,0.02833198161786793,0.007929012538872918,0.004471263162412799,0.0,0.0031382100699972517,0.006215397223601479,0.004313154268392423,0.0014768195872160769,0.005051155888011972,0.04004376774052003,0.024968945387722135,0.02621900627619607,0.17558528936982276,0.1496256115280716,0.018411808741094486,0.0033264134513875817,0.003817482849720098,0.0,0.021990673502214148,0.10559835198762309,0.7697402950402621
1.8970588235294117,0.04010685326482352,0.033587359084632624,0.0,0.018664750410768424,0.004824716157278134,0.0048838428144253095,0.0031198011115402403,0.006660653131148531,0.007327431274457704,0.0027919245847858945,0.00523626373304629,0.009762874004327148,0.013718938516346682,0.016753955088454533,0.00765093480301871,0.0,0.04359778036161574,0.4038077787451573,0.5470207275148792,0.18160109018771836,0.09306356248947967,0.09638126817960874,0.012470421573040406,0.16132643199327695,0.07404564888936457,0.014115321392091849,0.0033884665741966227,0.005166781493301,0.0,0.004722584271480992,0.003971673914583858,0.0076338930429013735,0.005054882114607946,0.012158702358861219,0.0070955053704623485,0.11886907866391222,0.061843730264519635,0.030488636015019825,0.3622080136414624,0.3795075028698255,0.055781145152089755,0.007881282935893196,0.0,0.0051766099521287955,0.06396896862941964,0.33180811426814544
1.9117647058823528,0.060049444309188474,0.017296647268031075,0.0,0.015440539963460212,0.011932558740929397,0.007398346965364744,0.0019199800761576437,0.006783328184656978,0.009449831068231291,0.013880056347929135,0.021136416145302084,0.008921608173390773,0.004678922897425407,0.016782515413568323,0.009607083512012652,0.0,0.02379894490095918,0.016692360146664975,0.14044793637956565,0.08203084758962574,0.2763018465130572,0.18903734688633117,0.08896904644434175,0.17061235133142483,0.024967219818628834,0.0006590740076458776,0.00284866303472313,0.006881529828604865,0.0,0.005940422686362724,0.004278378305141453,0.006119618800353393,0.004990615276581928,0.004383572633537198,0.04929353996658657,0.21355039996708403,0.1346911753634632,0.0023001494672911364,0.06888516716125875,0.05547143280927083,0.019916776304785958,0.00703587837812016,0.0,0.001573056486567733,0.1388897043734383,0.6123232815661219
1.926470588235294,0.10255383908394669,0.03546008072138887,0.0,0.02224780208700052,0.009722756800692204,0.007967703926388658,0.007581434692930022,0.005851685185978925,0.0014853766602211315,0.004053557658203034,0.012370945113915774,0.01247192045686086,0.00823512434263837,0.01746897695115869,0.05606840198752523,0.0,0.07654678012528973,0.015163070806992649,0.04767167500027753,0.14153570738736468,0.12136334064967227,0.035732070280216854,0.0742921078732163,0.02532282466612809,0.015761417840822724,0.010849133899287688,0.0032884281583141946,0.0023295728620920542,0.0,0.003729739510196243,0.0026128342592954944,0.00236232236045241,0.0023853297086561423,0.0004484635145572439,0.01202562281637283,0.04111735815897947,0.017430586144948787,0.03303254266517912,0.009455910127079421,0.009323180957302162,0.007233309042562694,0.0017274716081826908,0.0,0.040238497361356616,0.22629697706145793,0.19556032122630476
1.9411764705882355,0.031491706020703655,0.02109586151281566,0.0,0.01266799297796642,0.00730015913792511,0.00903123776976475,0.010521232166111576,0.003176455432871902,0.00423583221917654,0.005795517927059835,0.0069204352045739905,0.003922649621095264,0.0021944254285817173,0.03918857543190203,0.17252128906398506,0.0,0.2484896267152802,0.11352468080698994,0.01390689843169792,0.04434136669429686,0.06535280489176903,0.05377086456848165,0.0713218135179858,0.01847629351775901,0.013510271457997967,0.004170489448375391,0.0011295978602419254,0.0034316208873763922,0.0,0.0041986406732739566,0.006676131191081224,0.0036574717039773506,0.0018991725924250732,0.014633515128409085,0.008138302404262016,0.08404296963455929,0.043407166456527105,0.0010767771356486127,0.009907845797255031,0.037065411969421175,0.030762527728946595,0.01771168310220631,0.0,0.008343694297575121,0.16087051279362424,1.0658030363086706
1.9558823529411766,0.05977048566860366,0.03962269083330004,0.0,0.024009789759697184,0.009179409134366365,0.003309510638162201,0.001589971565155941,0.00951564320589955,0.007300934144467775,0.0014834032389307132,0.003710718910392785,0.002198731614433559,0.016383021607664822,0.038608450983173476,0.019719256556520712,0.0,0.014146812684472695,0.11372238035009859,0.21431445611537867,0.22257463436098207,0.11541721864114593,0.09506275363422323,0.09170970754975612,0.07870941868604903,0.014807150995823132,0.002738091910564353,0.0014912162238971093,0.0014130680516788769,0.0,0.002970446509669113,0.004211563549750526,0.00782425954110683,0.006097272964927437,0.0219489890472565,0.022189272589253392,0.18116782828854694,0.1714556238738846,0.037457647017813164,0.006641674701422658,0.006104939145376909,0.010291044948844296,0.04413271582935935,0.0,0.09240840186307733,0.06779592457359064,0.4600066912388988
1.9705882352941178,0.06395827684460559,0.011748154122357175,0.0,0.01751604501131833,0.010001874745805675,0.009913704520789435,0.011859967939326624,0.005538197074001765,0.0027178565098870274,0.0031498138915317967,0.009930905265096346,0.010311730003397019,0.0013150870380745764,0.007182732497333781,0.0037496635165893974,0.0,0.005754006515523666,0.127602374435954,0.29417568403277383,0.3505665950525242,0.11429774005898063,0.04389762845698648,0.0856486795670825,0.03371147709758199,0.017653621863659225,0.0073977054026626125,0.004507119592082212,0.006458988554788032,0.0,0.0020527954859723557,0.0008961231507127392,0.0030832405540574927,0.009733914403766452,0.005036759991421069,0.010554967203938826,0.046173302993091164,0.08762140713845334,0.009573765934214523,0.0044797027287695294,0.018072045059715817,0.012041733302195786,0.01089310207782678,0.0,0.005061567171293987,0.21008276536062712,1.006138908375181
1.9852941176470589,0.04856562676050189,0.030846100644982312,0.0,0.019760252639910575,0.004892818139067311,0.005441765654412994,0.014070285198276626,0.006870099490335471,0.004490016848156712,0.006304338095601421,0.0030102282213898537,0.0036996246636063,0.0008684446666285674,0.02778633809852815,0.0629024003199677,0.0,0.03516399345914423,0.08653661653503528,0.06540578714384673,0.023573361321219004,0.056382675982993444,0.02657550539481883,0.03992541719103823,0.04169948083614608,0.018967912527319587,0.002742820514771004,0.004413542916335342,0.0034242969306114007,0.0,0.0011547926566409883,0.0016911769198191676,0.002615911902454053,0.0024868402517674104,0.0032370146415862697,0.011481007307029265,0.013616109528798038,0.0012251640294865607,0.021276034339427485,0.013720449959683412,0.026643072159423454,0.04723133028614104,0.007571704583578125,0.0,0.007457271013191382,0.17427606464190512,1.4248565666936635
2.0,0.027758782368370857,0.02618410185841276,0.0,0.02710718286575767,0.011605730315031303,0.003290846182007012,0.002305559646880233,0.004262511463037545,0.009898377959380204,0.013606308615984476,0.005695580880040792,0.004515740500141635,0.007815320601016364,0.009612420801943956,0.006557180841054784,0.0,0.05037745388179284,0.08711943552844773,0.028413001605253597,0.019533785352627463,0.03380528961912225,0.043253073101637333,0.013842256406205681,0.011507403744347996,0.011388366642395242,0.0019394808805814768,0.0013239815751152875,0.00039483364394177087,0.0,0.003122633060097664,0.0030452599404151974,0.0018734372563596544,0.002340134556967069,0.004063550243603657,0.01804881496033262,0.049533698760011874,0.0385317503263376,0.0049095747599440945,0.04035493285785703,0.07302822772166753,0.02865209087270676,0.004492126469636433,0.0,0.009302996952878027,0.1380808970618755,0.5546219703363303
2.014705882352941,0.08310910666874252,0.016492104880246782,0.0,0.014539729385426876,0.010316240934315598,0.011148304572060275,0.009010216384407943,0.0023457390584554175,0.0034333264350230974,0.002607608151148707,0.0031045963978819364,0.0030619388908341974,0.004916096353762263,0.012429454305220992,0.023121245414533358,0.0,0.009449573748009903,0.04895356574908083,0.117036863632515,0.053304827287015064,0.07312269049442488,0.17497732815011785,0.11761820930597336,0.05794206322734828,0.026097731204507237,0.003624204299311914,0.000690897899728852,0.0015807262989205814,0.0,0.001699473017750977,0.002631285196525841,0.004606409117059925,0.0035903448665810015,0.002458903612835313,0.0020162939254110136,0.00869643405936294,0.02002267651172278,0.006057936235999555,0.004309433068962313,0.028618797390046493,0.023753709184474392,0.0044044220020256625,0.0,0.0048720490151582035,0.05046418930388958,0.45851517919401424
2.0294117647058822,0.023638456776592508,0.019076034169524244,0.0,0.011765647506236793,0.004325510189733848,0.007215623158806268,0.007410950234656049,0.0033191191346925004,0.0025207768240458396,0.001551517864325964,0.004006606984207016,0.006720598802660887,0.00523417119336609,0.004120745029547478,0.0069934293039434214,0.0,0.052307243521697286,0.1697936594440655,0.02745457274313034,0.013271082683223207,0.029657570012586218,0.08344876192334068,0.07930565446938609,0.020394462344508736,0.004310192099335393,0.0005136972505931103,0.001911916280028573,0.0011695906814286443,0.0,0.004574525554661596,0.004564387161645003,0.0029107597044222672,0.003518268479725539,0.003805091780619128,0.003022003615923808,0.005595834960832404,0.01828800841402111,0.01392333396581645,0.0036699442256940412,0.004308029131053439,0.008016602886552678,0.009110775604082579,0.0,0.009646196253872238,0.0954114122717704,0.32011640918054934
2.0441176470588234,0.005935342735977728,0.013941887537673664,0.0,0.012090438143661234,0.021373724117783075,0.02204750719895724,0.016461925367335317,0.009123278270246641,0.0057608017359595575,0.002496282061028657,0.00136122020146215,0.006576909564573769,0.008416428333290336,0.007594778704277582,0.02318921705223711,0.0,0.00962170254725139,0.07782602679606113,0.03560519336414762,0.08013626136260708,0.2478974556696677,0.18636527407810738,0.047587995201237264,0.008330369552688923,0.0048060321333995275,0.013085387868566403,0.004647859283550465,0.0026851918839333844,0.0,0.004382149758663309,0.002267510035285065,0.0005958699312294867,0.0005711210373591789,0.001438656202773582,0.0017727647929885277,0.002205980681842142,0.0036960418021220872,0.0043497887797066745,0.009585689921330777,0.0020266120435400103,0.003137168541469238,0.005653183189663589,0.0,0.012293063630322352,0.0789418040585366,0.32414369068274684
2.0588235294117645,0.042884990668656274,0.026412489560570036,0.0,0.009897908663194909,0.008423195088654386,0.012914775563942124,0.010924167352056126,0.007848782696459092,0.0058245536467115815,0.005220115043487386,0.0022783086066882666,0.00868505953661611,0.006539029456165112,0.008427980002044842,0.019517818886840285,0.0,0.03394663996332168,0.037348165337106304,0.017106184077635304,0.13168314080426563,0.26598202883911715,0.1982856590115707,0.03724202417066817,0.018920048184456223,0.011141857911010584,0.0063990428027249505,0.005242343653252804,0.005556339528836639,0.0,0.0033870654438608837,0.0019689765307822293,0.0012369428056736938,0.003024863161755578,0.0019969513402917547,0.0012468817315069564,0.00188846081029376,0.005329200429837469,0.008958779006750706,0.009747062784456318,0.006034570762092207,0.006362616196453065,0.001823830273170561,0.0,0.01702202900558893,0.12581361736123234,0.4876527893834925
2.0735294117647056,0.03616324397227862,0.015975661494807523,0.0,0.0029183620906983432,0.014562630269254135,0.021303965943938397,0.01608828376932137,0.010439297951129443,0.0032402733388544615,0.003900557883389166,0.007523481142471752,0.016685175576317338,0.014326850265662834,0.02070595288344022,0.014249481226696049,0.0,0.02266587695240458,0.0176529697039876,0.04141445472492575,0.008077284091091702,0.1773053719385579,0.06305639232512976,0.04777248259626973,0.035456527732130164,0.011871445724805921,0.004077639862867173,0.003056173722993853,0.004689766581585231,0.0,0.003555848924202029,0.0009918936160175783,0.0005688047021941678,0.00030089779019877697,0.0010047702171031936,0.0020665518343239383,0.0033238730704822604,0.001548726526374525,0.0013632728244190365,0.0028542114787329545,0.004703648341074482,0.0060472302085096165,0.01572546643489149,0.0,0.11962154066810413,0.16846802807225372,0.8671439115255712
2.0882352941176467,0.028177402701947227,0.012534737133682737,0.0,0.011296327736583933,0.020010316955927025,0.007542391107202456,0.004049505415352913,0.0015078907697511584,0.002405154778063547,0.0023500568655957944,0.0030348495385998714,0.004238669611044778,0.019936789392033288,0.07332119729858746,0.09291002711540144,0.0,0.13020174869829232,0.11170176476863619,0.034641747530607156,0.024554205969333658,0.14518740294220187,0.03361268216931772,0.05078981371866284,0.03464841571921183,0.028780430205515264,0.010612917371144923,0.0009788926749352827,0.0019351852747950863,0.0,0.004410088584676627,0.004004223098123569,0.003636722932539849,0.0021337149077438372,0.002686768769971623,0.002798356123301757,0.001313933632379837,0.003642101136265132,0.00539260016643932,0.003356539172499048,0.011185035086778056,0.006864677983764018,0.002638655276563387,0.0,0.03711782427721903,0.06613934529652409,2.3642416569926468
2.102941176470588,0.030750454860316887,0.014004397203192392,0.0,0.012225653685343962,0.006062913743984892,0.0046570043583063145,0.0030334549854750875,0.009364908125955675,0.007846547968380498,0.006280020691995858,0.008642485165584917,0.021632897046839458,0.043924591931438696,0.023965338186346996,0.1701870500133828,0.0,0.2392371896152824,0.25971760253554327,0.5473883572793704,0.7725824243287449,0.594420477872043,0.19011556011345193,0.0800669397653849,0.0403034635734022,0.029123435413260984,0.007248352090592471,0.004123083403263887,0.0032565716161891273,0.0,0.002715030251664192,0.002412686042545496,0.000917141386502885,0.0009637150186937076,0.0012362083930063075,0.0013776835564484756,0.003404257055915642,0.004855756237399648,0.0037936808260380828,0.010287007274938776,0.010136119838035192,0.0061048398401299655,0.0069130281446293275,0.0,0.011077984799516633,0.1485564062355729,0.15141566246936683
2.117647058823529,0.016396357393818714,0.02834338151027052,0.0,0.0210296190939459,0.007796138984431293,0.009796062761589407,0.011396562995372696,0.0035455873254692525,0.0042489666803513185,0.004254438358976316,0.0019764165855238073,0.009107105161961657,0.07030034162116178,0.11810423463647629,0.12094689334149392,0.0,0.13183092485450268,0.01070368896537186,0.9676632811532269,1.4737424764845768,0.6889089129565737,0.13827018739178745,0.25263721650493587,0.07235387694715859,0.0783199397825359,0.04738823335309171,0.0023625497139767217,0.0023726162121606043,0.0,0.0025324127637309287,0.0018348501668735235,0.0018822933839310876,0.002970875056945645,0.002629402087597821,0.0008648649550058556,0.001311049889741158,0.0025366800182089993,0.004261547309855396,0.010476584804528045,0.018204436204871836,0.01021152171007737,0.004509142968388236,0.0,0.009824197908566944,0.06222488864212193,0.09688920513304784
2.1323529411764706,0.06412399061333546,0.0152948332177948,0.0,0.018092141612227088,0.02447475708777871,0.03150868245188343,0.0069692589377585885,0.0042448049770460955,0.0018344461207475105,0.004511629160739187,0.016030542866658806,0.010211078294385579,0.017362085097701242,0.00872654046326833,0.009718046464945458,0.0,0.040774715026221424,0.029901790614005108,0.4634599165016866,1.135742898683156,1.483513856386876,2.152569935301114,0.6563543614717271,0.04064571738665941,0.13172592259242707,0.010596244260619378,0.00433614772894491,0.003853146217972163,0.0,0.0013718074197364006,0.0011791823433972182,0.0018152471840676646,0.0021312977286620525,0.0035367959773868664,0.0016172373300686515,0.002262011688464985,0.006386339460803021,0.014275288222290454,0.004013174742010463,0.005422210183532707,0.017309053320472556,0.0038430283115311135,0.0,0.0025435662320561457,0.10934287164305159,0.243800843151055
2.1470588235294117,0.03386783109396937,0.021303480253133913,0.0,0.02379202539549009,0.018936229972085945,0.01580019261642975,0.010763619110727011,0.005728397126112601,0.0031803513235291775,0.007570195013537125,0.004640446548652475,0.003804013748714756,0.020061910147365452,0.014118550941646126,0.027549962325974866,0.0,0.07738529248267696,0.09025193456338712,0.026426181010870513,0.08765726792743916,0.3838260484009297,0.14488205395607104,0.03365715666823203,0.06796347624873884,0.03831875633168304,0.0030528549520994347,0.0032282716025736524,0.0015840954215117448,0.0,0.002491884387113536,0.003928627201119203,0.0017684512774700546,0.0025551568182395484,0.0014632803801562266,0.002177019414253855,0.007031708010113258,0.004688494372732909,0.009377564274892485,0.0015572088352603772,0.0061767209599847646,0.0035262481097226035,0.002435555700546895,0.0,0.016909313702254233,0.10870728850013334,0.13792510456470974
2.161764705882353,0.02096897649170595,0.005145002761343064,0.0,0.016054942910009532,0.026378331408432175,0.022805083671799172,0.00428775209844439,0.00898031287359317,0.007145352800615291,0.004240684296640668,0.0038984867240269097,0.004222192021072535,0.014835652056133498,0.00720121368794244,0.030810292142639858,0.0,0.01965023470356511,0.03151353936139798,0.09356495964273709,0.24907484876668443,0.07223123114320348,0.08653561911989735,0.11287870063467838,0.1503204925989966,0.03854381565123666,0.002658404256755239,0.0013966971317647462,0.0012515879931890303,0.0,0.001628266287315109,0.0018488600337419894,0.004108081691779198,0.0017788910408962745,0.0006796436115227943,0.0013623023275281664,0.0019842922627000444,0.0012194637140377702,0.003413113303589959,0.002229807590557306,0.006961831609463341,0.012815757802004243,0.003411318902807747,0.0,0.002182321523579711,0.04441696325464441,0.2277935800838259
2.176470588235294,0.042948868213250016,0.04430394868727429,0.0,0.03608630381805137,0.03014229337713413,0.019810322468867783,0.007835490351885289,0.012363976605912111,0.005830386735426172,0.00513302558542052,0.0027804567242510764,0.003304344824840241,0.012790312942921793,0.04663876810087504,0.0744891672201243,0.0,0.16444693745361155,0.1614963899610981,0.3613014315651105,0.38431277602586134,0.3913586430549525,0.6157108252827828,0.2557061546485193,0.1032714140648107,0.017315997860303578,0.0007240834787790621,0.00012802163011448972,0.0012436746215488009,0.0,0.0009177224820025383,0.0008506472493795972,0.0005046197905856236,0.00197761566610226,0.00509714836311956,0.004894393946234622,0.0031941405393581855,0.004121521023635069,0.0035033920693614447,0.005601145133709589,0.002900537125437835,0.0028129728430891475,0.0009234089036961313,0.0,0.005799885887069342,0.00961517833973529,0.025631998409725437
2.191176470588235,0.0138306805887364,0.04052162725027379,0.0,0.024328240714578377,0.010558569088591072,0.0036330493802051046,0.002907293039501761,0.0053429206518292825,0.003653111483683187,0.0006229287061877345,0.003666096828130884,0.0037780047155881406,0.011549619962470633,0.012929304216496067,0.0030968306128607162,0.0,0.04408618415366014,0.20570938338787842,0.12753454581088491,0.33487376174585853,0.34141867789975294,0.049072758154877355,0.12439541934260495,0.0788326272207778,0.019929660977262738,0.008244770985991932,0.00504102920586361,0.0018847536821776556,0.0,0.0017568402973448024,0.002337761685407118,0.0018995830600417618,0.00226710817025839,0.0016337984693910535,0.00436852087629974,0.005541098577184933,0.004614290839214283,0.0067655710367834935,0.0038411132129053454,0.007539211394666899,0.019916233216358714,0.013108070290574156,0.0,0.0023710783443453357,0.013046281288252817,0.0035281830279969006
2.205882352941176,0.06720569830798319,0.048629534716968625,0.0,0.023030640455956007,0.004790292717380835,0.007293716869427503,0.008371826003867584,0.0025213307330803347,0.003639768180852441,0.0020834881655626323,0.0004970766015583469,0.005592309219262945,0.013746474022018259,0.08108761306424539,0.20465974702608458,0.0,0.29403955839284535,0.17138721205178228,0.031109044048647328,0.00870598604097821,0.20120761305500004,0.07876967782012786,0.07194136347509573,0.021412350356848145,0.005565521470150409,0.0010074326788246232,0.002644721398050319,0.002412725125600577,0.0,0.0021129377387178547,0.0012708453174122983,0.0016437908846645983,0.0010776310731181796,0.0010522986051887543,0.002390609622022568,0.006791396351985612,0.007820070857825118,0.006549534960131005,0.0024648231445723082,0.00452882431253308,0.0035754958995135883,0.0013983073335728368,0.0,0.004313376451858544,0.020683773451716077,0.17920684644955046
2.2205882352941178,0.05392309925962081,0.009456511976217115,0.0,0.011728958926851642,0.0023968939585842816,0.0029043813429205792,0.0019241783983869267,0.0025327756631478102,0.005458289869084806,0.0030778307982405185,0.0043527202918638794,0.008919945780669927,0.011812340470841046,0.051352741856764285,0.11891693453708828,0.0,0.08414085637714738,0.11896008349340627,0.1721375257708962,0.13779616006868278,0.08114116601070825,0.019069577111630157,0.003369831078546521,0.012942676215320319,0.0354494217299664,0.009242019250738987,0.0021660346303163875,0.0019635046274759397,0.0,0.0032715948952301804,0.0024476143478451514,0.0014443278006114049,0.0015139138267334673,0.003482694858308875,0.005005303335853312,0.0044087789687136504,0.0017585264038032353,0.0013983568182886965,0.0055834789751463155,0.011541720863154198,0.0159535811510056,0.008350220999534518,0.0,0.006824209314746685,0.02350648766225285,0.06860648189166153
2.235294117647059,0.037455603843433105,0.010558568373382133,0.0,0.010093826322199604,0.007823098925504968,0.00501245873992444,0.008652279658367939,0.011148456327426483,0.010782887964856845,0.008422664876770474,0.004723318724311304,0.009025612356802657,0.006206043880820824,0.024144526034066468,0.06907104878812226,0.0,0.08464912045282028,0.03856962240839068,0.02177586775240832,0.049958155535989174,0.11139077664745631,0.0815478330943377,0.04418419632639638,0.04099211155606075,0.009084715535598073,0.0019058829424802456,0.0030080937201405686,0.003914840925061164,0.0,0.0011688136201956493,0.00125054120579528,0.0024985339169511754,0.000740116974956119,0.001384965629140785,0.004509729459761574,0.0033609034652371706,0.0029630332452764327,0.0061404459613228855,0.005465564088002615,0.007548023274195007,0.015157146295779331,0.007059243792836897,0.0,0.0046366410468190915,0.0167012155662746,0.03352781848771725
2.25,0.055879335691416274,0.022873126653538224,0.0,0.016012980319900873,0.01967352347362055,0.013993900220955187,0.005505772744030494,0.002935504241899582,0.003143355624719912,0.0014493345733151953,0.003386726965997857,0.006594335820452729,0.021902565625704265,0.09324229220986763,0.06554224774033503,0.0,0.07015408704035879,0.09063868906035016,0.052214457626141755,0.07462580364743482,0.21920243148336727,0.09539946968983125,0.00722743395815062,0.003057044239113685,0.004610374410728901,0.0007587271157171666,0.0018160378819374956,0.002158711467866029,0.0,0.0016448230622293342,0.0017993617410644266,0.0020884658513544894,0.0023084446480499472,0.006005400207384677,0.006486909955450008,0.004179496543222932,0.002073661662595907,0.0012333263453582443,0.005257993897132742,0.0056310192722893405,0.009547722151251211,0.005738584011913402,0.0,0.0043494783552991915,0.023887489712885072,0.045646760447674614
2.264705882352941,0.022326872021792975,0.02405878746296034,0.0,0.015692852828563624,0.021361389205405493,0.0188289728494463,0.008119956551657533,0.0028603361603690247,0.002062637556244962,0.005339331512305978,0.0054931416108826795,0.012351118907512127,0.047422756141354216,0.06642238875388252,0.09418808222960995,0.0,0.12777841120759603,0.04472692107487123,0.219215823437331,0.06261436045383531,0.023638581215611403,0.01120006548951848,0.006989359647797942,0.01652453726425933,0.009264561140856067,0.006584120203590419,0.0025830740886480796,0.0011643500389407425,0.0,0.0027545290920621777,0.0034462478832384697,0.0024903322431749707,0.0016543123780194745,0.001672965197188351,0.002670665217699152,0.005448328112837795,0.004287881472109354,0.00289327529010937,0.002199434549296467,0.009302636964302778,0.022662185606308123,0.008228008017125817,0.0,0.005070105482710869,0.01219366236907089,0.0816738981331462
2.2794117647058822,0.027754488473617795,0.05980828691002982,0.0,0.02882219305127938,0.01075262243625982,0.009761424053429554,0.0040495204057342995,0.006842865634893381,0.004390164759350665,0.005434982587274866,0.009173929674234667,0.01095541383935152,0.0220380251762146,0.036514464390661555,0.05603819219156589,0.0,0.0629425692380261,0.05726834283546975,0.3273291406766413,0.23790524135137336,0.06678080308354084,0.024543458285200055,0.008794620158026286,0.003768090820392125,0.0023215596632834437,0.003527310409982682,0.0029007569276989532,0.005641577769365436,0.0,0.0121579833335311,0.005934523023037357,0.0024274163809147715,0.0005573711819897347,0.001365473762311962,0.0019427949887424684,0.0030098376820458313,0.0033180218514017525,0.00443901067981971,0.0058119778305180825,0.0042269454726411625,0.007249177898941948,0.003226060735917088,0.0,0.002722218771019395,0.011802818121691974,0.011118702315820995
2.2941176470588234,0.03299969116334676,0.025333590712156392,0.0,0.004445306441688573,0.014326143958864305,0.030103189869196113,0.01839199699715733,0.008693389375326556,0.005619105784979165,0.0059649937863737665,0.0048160034809368365,0.005260248252431851,0.009272446557140983,0.028774074339908657,0.05546916888641955,0.0,0.055132729657468696,0.013322685532314818,0.12863869860332558,0.043617489666824535,0.02750956338734828,0.022896159445320165,0.007717918746570889,0.006709075334393958,0.011621877773898177,0.01846370574491358,0.04337979414194683,0.16269218754088294,0.0,0.1692024339213199,0.04115046782686008,0.002009333557062402,0.0021019583819749405,0.002251292590761802,0.0008898617859240508,0.0021172852415018827,0.0025106880294819625,0.0006849673471192388,0.0003962160385255296,0.001889018938497602,0.00227195045407677,0.0006052311654656697,0.0,0.0018021479911731289,0.01300346632303171,0.06121111876518938
2.308823529411765,0.039466814986721124,0.015470627583267308,0.0,0.0280855945069015,0.008172375980013484,0.004539746534804043,0.002770432555814116,0.00393420933836568,0.005970308619573922,0.003247684785868314,0.009160424097237354,0.008578075693221252,0.003617974001803002,0.005955385791307102,0.012115111031887935,0.0,0.019615080109472046,0.0013828345101538145,0.07102577554865233,0.0454339573118908,0.13063791574215958,0.30289502566746584,0.23379939604286837,0.1733447524513831,0.0486994130546661,0.047131974608758495,0.09574176067999453,0.014676541329713615,0.0,0.20775521881483405,0.10971222616510111,0.013902986837162509,0.007402268349461489,0.004619753152874182,0.0020133443998553114,0.0004737721560405099,0.0015336581477500173,0.0022876760212044594,0.002915448789175415,0.0014782833133753157,0.0009883544816747575,0.0009686830943065333,0.0,0.0017842722381806546,0.010782646832098087,0.020264189112674826
2.323529411764706,0.03857055873733925,0.020663371614731377,0.0,0.01380419166238291,0.015072860729846045,0.004593307742345575,0.00558977776162633,0.00413184174032151,0.0012107053555991073,0.0019752646774903564,0.0026010049434387647,0.009643972468263875,0.007676933321489646,0.002313238258517291,0.03816804325773864,0.0,0.1617441297272585,0.4032665312838486,0.22564028342928444,0.05151624463312869,0.2878329159124046,0.15239913926395676,0.601833089804158,0.27057640900125585,0.02380327828347511,0.056951013935468184,0.1278470992066688,0.12522504544756763,0.0,1.1625767143137322,0.7829711164101647,0.06969235938398022,0.030941515718960907,0.02294249080997294,0.008116422801560396,0.0028112040264009486,0.003004423436148394,0.001982171344918268,0.001383778165808386,0.0006006770027143992,0.0037743380704478016,0.0023399227208452168,0.0,0.0014893327178916193,0.01324039523224664,0.01530372594455354
2.338235294117647,0.08340018206778166,0.024584874211117227,0.0,0.01619742795981564,0.018429260863568015,0.0050911731467268,0.006536784252611137,0.014681521696331738,0.012434422265181166,0.009621797090099974,0.005349822785231719,0.0033019201953397737,0.006613884133554344,0.029898275450921014,0.06531164735626462,0.0,0.07761751545313482,0.054347365098172826,0.12690523418565403,0.24365260189479643,0.06217034120209354,1.1012538423986944,1.8502674556372516,0.2667466490390874,0.10512066385640056,0.10079305049651326,0.4976833445825649,0.9847931772410623,0.0,0.14435224359739082,0.5953613141576899,0.4551444636123636,0.3175348371453195,0.30963219126156605,0.08552325076937184,0.018684443665010403,0.014481178021265105,0.013552270930833835,0.005467743146912058,0.0030333006762838528,0.0033421489869596525,0.0065414986064325125,0.0,0.004663274813959848,0.011697727654035796,0.03484519697135251
2.3529411764705883,0.013180773303299274,0.011389111246809951,0.0,0.02535684327172678,0.02582334985736266,0.01715043023827694,0.006236866046826977,0.003906893785661555,0.0034857633486168505,0.0043442019034681326,0.0024743449840980867,0.0076965088857390025,0.03308060939997626,0.06684668233842833,0.006431531080527733,0.0,0.050919578509549,0.1542033647447875,0.4272271791182366,0.6809639625511426,0.5819939919686313,0.2964155527384794,0.8361532069783991,0.5607028520126125,0.0321526083714663,0.2714387205771611,0.11949601909584921,0.2656493594856611,0.0,0.05940875047656191,0.019708088242291182,0.048732944810635476,0.02971010091908797,0.016884777360832968,0.0302491086802506,0.051320360633373696,0.014324480248028114,0.007180384188617406,0.005745551051086525,0.002648556882547511,0.0030075400548304596,0.00715427947471498,0.0,0.0048231279692921274,0.009710606852654005,0.029954600694526663
2.3676470588235294,0.0395773527625667,0.02336934553701061,0.0,0.03606896789531591,0.016232075843225134,0.005178646887940782,0.005087085975101629,0.006724061052218821,0.004482708188471727,0.006074458326750518,0.004918652104246258,0.0016668099038859344,0.004373601565573655,0.01466068082043765,0.15516368457018662,0.0,0.4528424460647865,0.22111271844382768,0.26369914454357923,0.465854955989511,0.245681849607008,0.400785287908217,0.2307675715832988,0.3078562922703281,0.13742674583658793,0.01062553917121221,0.060942041076970085,0.24182147515089006,0.0,0.11215218131774847,0.022297365904481493,0.01825333851129048,0.018465697739045973,0.017663898600122276,0.05222186575661582,0.01920581494075299,0.005354022918987153,0.0053879586307728645,0.003319417585234635,0.0012966917156461838,0.005055512565494438,0.0012780894576454756,0.0,0.0030061148722868108,0.01989481707108871,0.08258766801793327
2.3823529411764706,0.016769863585075734,0.006773811854389481,0.0,0.010183206944572162,0.01183623069826222,0.007309830898178914,0.005735398653996059,0.0031781932659611873,0.002262897264448128,0.005610393031839342,0.009238994208552846,0.026042136468943627,0.10594225778164663,0.2151271175746496,0.269916106740061,0.0,0.07571746971089979,0.1908912701655308,0.5148003539392612,0.9869008009032466,0.35068805326725205,0.0983794234420006,0.11217704905415685,0.17129209650310107,0.06802980746484268,0.031392512520715725,0.019503195060403704,0.007633519439898857,0.0,0.01046701471170557,0.013837786928936948,0.03010367531019682,0.009928777292744186,0.020868039838965742,0.010529168507059136,0.0011672347773573337,0.001984970649516799,0.005267888329492748,0.008795142023272737,0.00663331417189835,0.004263448706745698,0.003384319569097809,0.0,0.005645460969878098,0.006481336651902343,0.014915453222844766
2.3970588235294117,0.04202672315582509,0.023499258998721448,0.0,0.0075309544060921975,0.02022206100700372,0.014605245747540052,0.01463270038724156,0.00834176300474655,0.003073067387083713,0.0017370280431387658,0.005892433684392386,0.021051834791136887,0.01164096798491087,0.05825792048283258,0.10646543106183445,0.0,0.11187332756313031,0.20540259450486323,0.07580345063234128,0.06458815891441229,0.4319911981663638,0.9327315014842519,0.19389367973652377,0.31057034852898985,0.11183933836709803,0.0132920499251825,0.007457271065881859,0.005312305094262207,0.0,0.002912984236381009,0.019058377623024574,0.037268828474594035,0.041517053947714,0.022431453396666582,0.00933541153304428,0.0024366186350919614,0.0022416680351402497,0.007861442056371775,0.00890012155260627,0.003965793384907973,0.006852193588564328,0.001228837607091352,0.0,0.004284901595431514,0.006665660226405799,0.02173980546154991
2.4117647058823533,0.021301528457649616,0.03645180080019633,0.0,0.017207294307133712,0.0025247494988623045,0.006975481689311823,0.00534584603825798,0.007771741476946377,0.007383725364726352,0.00581309702913738,0.0064624365153524285,0.005902727673285008,0.008516692642263369,0.014794540757769373,0.057388929465998204,0.0,0.2618362400245671,0.7286312311886682,0.5249217873365946,0.17831354324617282,0.12471854318929647,0.008460799697770477,0.6731324787698225,1.1056494726022326,0.3189314670419902,0.02289595623733814,0.011607576080721906,0.003281882046994042,0.0,0.002258703108142166,0.0020532769902420742,0.008795439763419743,0.013227011585361912,0.008432142195828564,0.0048870971433191,0.014132088501871611,0.04113114978644877,0.033851751231183065,0.010441991242234173,0.011040588472725689,0.0028243770131359354,0.0032285313998791487,0.0,0.0030590813407749603,0.007963273853481799,0.03906349236537661
2.4264705882352944,0.008746379635555565,0.015736532596616067,0.0,0.026825173644862525,0.014982576489991966,0.010016402101068186,0.0028995871870024226,0.0044802938667263675,0.007501793187501935,0.006713519371153611,0.005816167166316682,0.009077377996430902,0.007266972025406533,0.049027262898524736,0.0703163910297935,0.0,0.15538666923097286,0.28929470289748016,0.009213805704450908,0.036953372487782216,0.18011686761031015,0.06201690097924592,0.18304624175388734,0.436007380243308,0.537722265983066,0.08827423301291357,0.009391803233077822,0.00625018801742418,0.0,0.0014784861711940756,0.00022610421743438552,0.0016723721237524895,0.0019695016040937366,0.0020431801376809325,0.006167465029864058,0.0024220173518383387,0.0031165003195291864,0.01814438165862068,0.010126926127055848,0.006069389160317169,0.010853247783960724,0.004896901567832268,0.0,0.0031290193578484326,0.019455661695903296,0.12977618503777197
2.4411764705882355,0.034355295797988225,0.03265271808585403,0.0,0.029439597995607355,0.016810195738595414,0.010380430260789442,0.01264472692525653,0.003958683392683635,0.0056569018795149095,0.0041958478530946365,0.0052562947473303225,0.00561298334918828,0.012216698884077608,0.041452964613025514,0.12165299182044045,0.0,0.4757812670092123,0.20451093576989857,0.17312930339759935,0.28907863749509777,0.044743505659828646,0.2940450673370095,0.15421657744202533,0.00584893100814709,0.12850813501626168,0.04796766103308299,0.007201564019687913,0.006342620036790295,0.0,0.00026014915683050165,0.0025985179118831387,0.003926301954071748,0.0035230672470845477,0.003048000324841142,0.003894352751028702,0.004041322201663927,0.008828160103533697,0.017219112507981485,0.014801262903333934,0.004619234270573607,0.0026207751363837486,0.00797366803614293,0.0,0.005037951870539579,0.018558130010316806,0.07965153934223917
2.4558823529411766,0.04548243339550225,0.014220389571052155,0.0,0.01830577346328969,0.02685981328110628,0.02479695497173573,0.011775704099206039,0.0002396910623100866,0.0032389121015156553,0.008241630675345248,0.01720176819311964,0.025685224130899395,0.056529023470119455,0.05758211714227786,0.125963022500182,0.0,0.4225419160672046,0.25641855532904706,0.3951359532569594,0.2528591706797939,0.17067801978130936,0.48345213472035087,0.25162101089785505,0.012364279061975594,0.19234646337868871,0.12903153564903314,0.016011916727746083,0.005771350824226428,0.0,0.003040444831012036,0.001049382590269518,0.0025682984552848993,0.0008367246748136529,0.00032828134358244183,0.0013751496667906498,0.006204627470799729,0.00821225207023148,0.005292305742088394,0.002491132175538078,0.00300222025742375,0.006661521905458455,0.003469420658142484,0.0,0.0029574738225643937,0.011222757155076625,0.04737163711102477
2.4705882352941178,0.050118792655125685,0.015672327748237878,0.0,0.016802730638077183,0.023016231834006882,0.020957740585916738,0.0052807143358121105,0.004656097626536554,0.005066767976793667,0.0032891379778082664,0.0014039453839718365,0.00901078138612784,0.03254495018589028,0.11464699168960762,0.13624955873561367,0.0,0.09728423202530928,0.02180418814815978,0.033461824687261096,0.05380587270767946,0.09031637417068773,0.2551634979866192,0.3695106761364829,0.13983262804504168,0.005619849022682022,0.007873608010185431,0.0016327042692309605,0.002213171670215572,0.0,0.002379676234228717,0.002298645286886071,0.0006710524920924683,0.0011635036538140608,0.002274235709454903,0.003982941546722484,0.005026907826665659,0.009718020951371531,0.011261072857637933,0.0027565757312064485,0.0008018550195400981,0.004781086452469167,0.0072204674835485445,0.0,0.007011492186092413,0.009455821549735705,0.00900185693950705
2.485294117647059,0.01706008379500522,0.006409473315297396,0.0,0.024514547886856565,0.04462443901357355,0.03131488251236508,0.00427604753340814,0.0056210494896406175,0.0050624899283103035,0.003441885250323593,0.010282299163348115,0.02580218071009694,0.014432973870515347,0.01739169915827754,0.029443347500906825,0.0,0.055294514028537196,0.12924791886649578,0.08742371262728788,0.183856877665835,0.0715410988854635,0.016258547955157857,0.04250315463609329,0.009892009153882417,0.006107295898256016,0.0033645658176786426,0.0010916981501003075,0.0015682560120977797,0.0,0.002096755932380265,0.0017142864186496629,0.0029047678771720728,0.0026246084092286133,0.0012737232681998304,0.0018253850254328124,0.014792701448361908,0.052643805307119845,0.017607789391217113,0.006508993970012961,0.0016372610093924205,0.007014489761440213,0.004266383899663914,0.0,0.0006988199666186422,0.0031795942562239644,0.003884631922175201
2.5,0.011807814195950395,0.0154722369022671,0.0,0.006756559394138507,0.002860822552688361,0.002653336711239465,0.0011731943656957543,0.0019116200669646874,0.002404639744943202,0.0029329625074070104,0.007206594330184271,0.00807922794093009,0.009527276749183298,0.086725646852826,0.17348380245627495,0.0,0.23063535979869443,0.32008307206723496,0.2656223913374993,0.22014319165757645,0.1521475750158204,0.034630270134099625,0.1992191002267512,0.056297393097696324,0.005421518279682191,0.002702228282024553,0.0006430258341372449,0.0010947192393719384,0.0,0.0007320439558695332,0.001628280857981574,0.0011426484342633976,0.0019042483991911494,0.0011662943200625771,0.00491939787498896,0.018190154310914433,0.010505344289830135,0.031668080361741575,0.0043328486914942736,0.0008077303380899755,0.001028619916370016,0.002956095463072028,0.0,0.007662314505893717,0.018815222679576388,0.0335547577685273
2.514705882352941,0.08483416014965359,0.040785617794694445,0.0,0.043049394851473105,0.02000747373642388,0.006711404525413214,0.013378168533437495,0.010042702699262569,0.00322302218764298,0.012202330581454375,0.008111130425068782,0.0024063982762547826,0.020498813269987495,0.06128485368447775,0.014650121589287309,0.0,0.053405054838889174,0.3058893617086538,0.32711479168469065,0.056965201459539254,0.027669671364707306,0.28498726566952903,0.462705967204502,0.05666728545599033,0.006783438858788089,0.002083776795064421,0.0008764125009704201,0.0014371048697750261,0.0,0.0030363760351259056,0.001892663070151535,0.0021074982328359673,0.006049316498267813,0.004655937205665391,0.0014764775833216587,0.025654118492778474,0.1175529858223606,0.05854842561505153,0.005236262952805442,0.0074123788814628834,0.01049541420140697,0.00460308301346047,0.0,0.0013332737353543424,0.014907662543551047,0.056965438945991265
2.5294117647058822,0.04374839332754721,0.02123416536569405,0.0,0.0011621832744424091,0.009487634069373694,0.004974907975317309,0.0006198170589218931,0.0025577700588363863,0.010883086063172964,0.006828244463371491,0.00483891577859417,0.01131530994279116,0.012495376925680974,0.0916493411415035,0.1557244039059462,0.0,0.03002513250409403,0.015999531993124528,0.05369703416858477,0.021187590442329925,0.35829688558446526,0.5499346547692678,0.04942740367022844,0.08524056545886553,0.04712366301717738,0.0028381355298600927,0.0016492454750659654,0.0019727454443569485,0.0,0.001513668883836947,0.0007281093085068592,0.0019539904468139956,0.0024587840030449344,0.001272591218034462,0.0008166632137608834,0.02552101120334912,0.13119601001693337,0.061960768202217076,0.008734716102864686,0.01161970194019654,0.005555904267579006,0.006143211085413752,0.0,0.0142135770909542,0.031047603732155635,0.020074715258214602
2.5441176470588234,0.008872743585687482,0.00297293793746909,0.0,0.017818025490522162,0.021395377320061693,0.014575663672950328,0.009260251091032082,0.0073638722653864615,0.00403637444959988,0.0018107680132096852,0.0018116274608593996,0.002890873635181426,0.011398028813721752,0.03648665746667992,0.0627911322481545,0.0,0.15290754685564964,0.32993770918642706,0.2649206875934279,0.03805589115409226,0.42830604368930825,0.3194383198969063,0.01838525178414132,0.023820296507459326,0.025797082634821576,0.0023808169938914206,0.0015307509103216661,0.002744444761895555,0.0,0.0014409857086874125,0.0013725646710897692,0.0013341589647083542,0.003933027267581367,0.0043548874475554875,0.007057003097285025,0.016654444202900208,0.072828304846968,0.058003262314558816,0.006749300443436121,0.0018062089667309495,0.0031428335776600303,0.003522501015565149,0.0,0.006071785622699897,0.09741669240867441,0.2316021346727976
2.5588235294117645,0.03694316196591382,0.010735583406384239,0.0,0.006649502587639101,0.010257226645357605,0.010402660587004302,0.006092308022550968,0.0014618915541700262,0.00427095430710578,0.006847927366688078,0.011066633907770582,0.022033845969917296,0.00916577058793019,0.04761863290770317,0.047996865482022213,0.0,0.1021396123143701,0.10280748212860241,0.05429901319540884,0.07784023767750806,0.13048314664452954,0.045877867587729285,0.0053560599088091805,0.016272415156717894,0.007215591860463478,0.014467005381013122,0.005957589456216529,0.0026781619098685547,0.0,0.002255020838333163,0.0023741821444140956,0.003772909112210063,0.0033918996644136667,0.0017973359357692938,0.0015385222761644978,0.006908240933822674,0.0394921133982967,0.03563317271325879,0.004165320399440211,0.006775381153893808,0.00763334783732908,0.006550522012397149,0.0,0.0012868364568475563,0.04289252703591538,0.02968836936483654
2.5735294117647056,0.06427165147962233,0.01586547053776556,0.0,0.011588337283200816,0.007423311978753198,0.009685777650643684,0.0036238259643867742,0.0054242231698909404,0.003845724775353229,0.005772581200430767,0.0038642000972056423,0.011405656246261756,0.011685020092323233,0.0530133845077877,0.06491244300154325,0.0,0.06166302631862611,0.15918240677580844,0.08485869983865227,0.06805133534426383,0.03780810489382567,0.3968166582565173,2.209466388097166,6.1584410045974,5.0839279159763,1.0673982403552154,0.15621385730059656,0.021534212270619038,0.0,0.003273446201554018,0.0023325621726782474,0.0009175964326385637,0.0014625719564376088,0.0008785696786705294,0.0015352780257240361,0.0020786035629179944,0.02685450800716562,0.025908919338961684,0.003846306847769292,0.0015111288676345495,0.0020645880412627697,0.001884205603159104,0.0,0.004306240405912957,0.04470627729590211,0.005948731296123765
2.588235294117647,0.0425410726259443,0.013509239728048796,0.0,0.01188016622992507,0.012499825737938971,0.007372369953157892,0.0013194887706947647,0.0020196625439129296,0.006460186456398953,0.010704715090009607,0.006219433823543946,0.00814253434771283,0.04608463891759075,0.038450269270816906,0.012663707467130761,0.0,0.09483560358439747,0.24288023954290133,0.1583815571079243,0.24517470649379827,2.259266507587407,12.119993822541028,11.784466595256657,8.354822002971446,25.56912399356245,83.44407232391109,66.01258418779906,17.69848628563716,0.0,2.7494649622948026,0.34450108514510996,0.05851944878607934,0.014027755014371633,0.0011245340120758852,0.005533020127171894,0.002839578113763412,0.0045016915258518555,0.0050512520927831605,0.0035126116270976504,0.003914953675767789,0.002125116342419849,0.0008224543372378895,0.0,0.005484467334648042,0.023686648845603262,0.028317893421585714
2.6029411764705883,0.030107501556739275,0.010571744258300316,0.0,0.008672842790123791,0.008328573299737239,0.014025852130073863,0.012654400604901417,0.002494923109011374,0.002147852693675228,0.0022414863041037188,0.0006096787984539434,0.0037844088393352185,0.0015294678861405397,0.00804995384950391,0.027373500506263703,0.0,0.07174046285731722,0.2233153293106598,0.31880852860233655,0.188698164009508,3.235443357909292,3.255853963442642,1.8061853858812251,11.33622540532451,29.623867319978253,14.84030504144086,12.764835928240347,139.72122539627406,0.0,253.69557396124338,123.9077944646758,24.905843890589168,2.654858819616753,0.3184986960034319,0.012879488075406913,0.00858933361464292,0.0013131754013772415,0.007982350214266878,0.0024167019441048094,0.0015383391897160759,0.000782446944544604,0.0013492411386759272,0.0,0.008306477118551939,0.04235841018987592,0.08396680986969471
2.6176470588235294,0.05725117941417622,0.020817770845009576,0.0,0.006681560050967107,0.0062835564290618495,0.008033680784614965,0.003537226534647772,0.005201133884469527,0.0028830987721347825,0.007213720990957231,0.013232944144724715,0.01589422499342026,0.019804518373751953,0.0172748452770045,0.02392034083389946,0.0,0.019750346431075042,0.006612800996660751,0.07780215837767515,1.4053268450554701,4.07321634531672,2.8595807726112312,2.4323528204519778,4.825080620899737,0.5553264100590536,1.1808505156520237,1.3073373527222667,5.44033790931881,0.0,33.35464990338387,9.198289736116532,23.260503372401914,78.31815056671194,45.72815173184021,5.873687450057929,0.4725702409739626,0.027851196355754684,0.013783827705549374,0.005962338198359583,0.0026084965836101403,0.004200354353457112,0.004134794107886348,0.0,0.008191829245255262,0.02168265751596938,0.08194484351999098
2.6323529411764706,0.04128047232304494,0.028860067642133606,0.0,0.010721980692823227,0.010995848418816094,0.014455216744854713,0.004494593535058026,0.003250852461166579,0.01632198506272833,0.01346048195631615,0.009047102220182766,0.010289609509749897,0.021103276482242313,0.0247126173344827,0.01547950264989047,0.0,0.020760455347285323,0.011822897320421457,0.010950419504345398,0.5317913486078901,0.280813320588458,2.802376239951347,5.171028315447208,7.856077739513457,0.05854320662233958,0.24639960275331876,0.27965366486164234,2.2049705162866697,0.0,181.9706105363191,502.04808964605877,254.63992823721173,359.8881268107858,984.3991177016817,378.25845988211313,21.60017925432726,1.8329452144336023,0.1357753218837018,0.008844352934900386,0.05425686794119414,0.016626567829881818,0.00970958495991487,0.0,0.01737175861657334,0.12052635157929636,0.22877761814864186
2.6470588235294117,0.04615951294513183,0.013838234590231905,0.0,0.014015713533243965,0.015790848487183026,0.0065477911230378254,0.007070570488727416,0.0015265708511120516,0.005782363729432595,0.001999986561466435,0.011227446215793422,0.007373763874633335,0.00732009487346154,0.019045216838068778,0.018857715740254348,0.0,0.0026173103627731356,0.024638136760228885,0.0668314270947582,0.27138278841255514,0.26319245571891814,8.150978447070486,15.25998852096118,1.898053544129545,1.749205030449249,2.2881923561047413,7.090861885195128,11.179982451715013,0.0,115.82600811463867,475.6748383286605,1007.1695132632514,873.9780372379767,1158.025253241491,1290.7791329104136,749.8327021004654,83.77260829027463,2.9755852380479153,0.05928816884968362,0.008886179651805614,0.025455940580734894,0.006453877721515089,0.0,0.02489049029289476,0.06937972553706487,0.019437647586129574
2.661764705882353,0.09472594193335246,0.017434757801069463,0.0,0.0015994060079458474,0.005335690097561372,0.0030224432211716536,0.003680761349002225,0.0031250601987912233,0.010425522878326517,0.011241612049834503,0.01989357397890466,0.043586048131810384,0.020196381729853573,0.01032539458569378,0.05918544811152342,0.0,0.0939925156029896,0.04604438427241147,0.05756103747035422,0.04404196433810287,0.3357276617957169,0.11035044949849303,5.696769499471703,8.571374769974714,1.2002187464646945,2.7164993105885453,3.561103936858114,64.83024939962175,0.0,120.37972792189734,82.30458969330921,43.04817674971945,10.5122564611985,109.69429986098895,135.8296625752931,115.97218847254294,141.46672924797593,17.723018828696617,0.24297232446395456,0.07117224134636854,0.005906348092706213,0.0013401454811507822,0.0,0.022273174817288847,0.1391457657368037,0.3659470353366412
2.676470588235294,0.08020684503507514,0.039187530762414366,0.0,0.015940607600367408,0.009938502273154924,0.00302857800593711,0.0016337906542875018,0.010275098832238105,0.0036813092932421617,0.0026113658576015857,0.006378278632520282,0.009283658374032226,0.007103907003991794,0.01439585780495892,0.017064895947339433,0.0,0.010007591467429971,0.0247173343208629,0.06376875225197152,0.2228902619949334,0.06605444799271411,1.1808411786679363,2.762648736510985,1.4278044092015283,2.4077109377387917,1.3535860492756413,6.940248928878168,20.41975299173744,0.0,2.599152812226374,9.64796573846196,18.11450349813636,43.93897639972475,21.59072784755135,47.18967251442115,9.998350350805755,19.822747960675596,4.123011263361073,0.2187107577732752,0.011676829370097926,0.0077816436448083035,0.006291738053441258,0.0,0.02072395545988877,0.13727892689896534,0.21669292552401823
2.6911764705882355,0.05642512389084053,0.027344614502584363,0.0,0.024441969669008592,0.012800141425333594,0.022072176870305986,0.009018245437863639,0.004688772275290868,0.005950601378542746,0.0054599768261318895,0.011523124490547092,0.02511408814798749,0.023279813197398233,0.05507526756829284,0.31984419389295454,0.0,0.37879912234668894,0.34017803192194807,0.2227276982199924,0.2220724454168486,1.1623355200951355,1.3670880804648693,1.5119341673405988,0.5863530293701922,0.38964337034156027,0.19026014107753164,2.2301794350225514,4.3793392980764345,0.0,1.7805863685352668,1.4214395526737302,22.03178689452762,7.292833803977979,20.622816683199915,56.43692154968301,37.01810533394873,12.794478974683965,6.444142980915322,0.16732207274690306,0.0039825685511241625,0.007925455386659435,0.0011246660150987199,0.0,0.01202556258621729,0.1126066479054603,0.11251098066101652
2.7058823529411766,0.037319666191072895,0.014959082586510993,0.0,0.008359792505387724,0.010795736703341913,0.01606658936944995,0.018665755494957557,0.016280194773453542,0.016538414240204437,0.004722129764384803,0.00927298991718768,0.03455095384740805,0.03801148496239928,0.055549368659211194,0.10989794502079886,0.0,0.13207630794878764,0.43190616525351566,0.3567144327242633,0.9477065058074134,0.5304496434646832,0.5651563633738679,1.2353841677459823,0.5326472221920079,0.283904361553566,0.8641047051620974,1.2273735831758406,0.3192476380341982,0.0,0.11621568273368688,10.59393140469128,48.81102203898904,25.90518639719663,6.027113332870867,4.572482369047215,3.8171352654925363,1.357410700885894,0.6210090944978146,0.04786720529810597,0.003060340576862386,0.0015766197151371013,0.002224490652045054,0.0,0.0064603811817054695,0.05978733944026024,0.16085813209133315
2.7205882352941178,0.01576881610564632,0.011345825662007909,0.0,0.0031588876578218087,0.026292795536465102,0.013429169758676631,0.008685629787032082,0.0007664083959972491,0.002353359775908255,0.004391966612394043,0.016855755086949427,0.00616023285953163,0.08170741797901875,0.12750536007166338,0.004634391854432249,0.0,0.03057165064043314,0.24960414885497967,0.08716191044733165,0.5247330068759349,0.14601517821913296,0.2391974575710746,0.13817881955790173,0.9324675070510428,0.34835537644433623,0.2697623215660084,1.0668295541277497,0.6451211813376928,0.0,4.3868891609389316,15.365891298878749,5.581952393072243,3.489580885244358,1.414711647793685,1.7761893971130762,2.58105591972803,0.5034234801855781,0.008148228079631826,0.004211398965886723,0.015975790522189667,0.006893557025957383,0.0028609228539764196,0.0,0.007287808681255767,0.05155803183363792,0.45560464503743436
2.735294117647059,0.06343902376008217,0.03587612532910265,0.0,0.047511801815391816,0.005095811398179606,0.012470734690761074,0.006160527865610109,0.0018510850866974007,0.009394026432051053,0.010388487170793118,0.0017892232999025806,0.013355819341038825,0.10157071892387828,0.7527757254692876,0.5954060970561461,0.0,0.7663411406395799,0.8038009025007968,0.3314280214203369,1.4724520170563484,0.5527118567840141,0.24755774117112528,0.18339581157486884,0.5356017898173429,0.2276923159655243,0.45122948425781717,0.04361478173785543,0.0965142371355847,0.0,1.0159489693584431,2.1147043379598065,0.869687391808745,0.2258346293133571,0.409551632894325,2.6912350412722907,2.2982067263876758,0.23572738522135983,0.017229801814698232,0.007089397678487331,0.00621204462382032,0.0021024178753739505,0.001006481259099871,0.0,0.011892496714403337,0.13812032178303124,0.0741846424077732
2.75,0.03626069910804426,0.019220943625172657,0.0,0.013313899464159966,0.009999518017613687,0.013750397976814058,0.010038743454394145,0.009006702373748086,0.007909468467670551,0.0029222479002519322,0.00239144514112786,0.006481736597878065,0.04453881019795285,0.13021133777839625,1.2955341739588864,0.0,3.7958607715263697,2.422312105495398,1.1932696676528607,0.19331650643935228,0.2553298578294848,2.662631749093304,2.781542861716151,0.6116722499577265,0.10415696986531982,0.1416941739981102,0.06061826879043753,0.009116116228987933,0.0,0.024448061399314866,0.009173154159420875,0.03801538300461782,0.054247308561595285,0.16239880458110253,0.13606148100138377,0.14926193074491362,0.1986514318467208,0.02868215589255147,0.003519231390290829,0.004141748603491598,0.00850694341838244,0.0038049038463393563,0.0,0.0019687444149104356,0.1208892007733263,0.3894250937040988
2.764705882352941,0.053738262974787634,0.0395950436118585,0.0,0.013170275464469115,0.012313446666492246,0.011570150331036887,0.0076929293574709645,0.006920216109139717,0.006489659772450113,0.003049259024004979,0.0017773779360552597,0.006920472417158058,0.026627269659390627,0.13087801806776894,0.7214257750660833,0.0,2.009271154216882,1.4233215919347706,0.6376850840186642,0.26348865996769416,1.64273909704035,1.4205145610830754,0.3418106511789198,0.44289982056066246,1.0405878085532767,0.13932068667866787,0.009667304080797273,0.008781892754288166,0.0,0.04056638379750613,0.016603154001183937,0.0008838399117045547,0.00949484177467595,0.01763699639731864,0.017670499592570773,0.005279958140080747,0.021144399719294278,0.017873003880380187,0.02842118517276984,0.009395971039176818,0.002039325118883869,0.004796999529246773,0.0,0.005521702163906616,0.04820791540342808,0.09386815084455197
2.7794117647058822,0.09446387432848632,0.022249374407959474,0.0,0.02270471114461524,0.03148020521692178,0.012548796482133515,0.008236098385496264,0.004433530642890722,0.004368505107128318,0.009182816226753586,0.004842708741790739,0.011057378039072007,0.0334678173437551,0.06397794344451017,0.42035822023624647,0.0,0.9804729391154579,0.5620206639391402,0.21070609925500133,0.25672713078613674,0.3522560710273014,0.07316003331629505,1.436420738372799,1.8698403721601324,0.05066636253213802,1.5348702267965921,0.5935980668160084,0.020215359367391227,0.0,0.025950940814758423,0.015519526787899139,0.001713436611090049,0.0062757820457193195,0.010476265424723935,0.022782592701873147,0.011701245176474969,0.003364939533715054,0.0007510988458972613,0.005215100252639396,0.006993118971723609,0.004990821149469625,0.00646627815824424,0.0,0.010290646037691076,0.024502183325470144,0.09328444880400073
2.7941176470588234,0.03880931752110013,0.0227165139050053,0.0,0.03868759413173815,0.029166522387881602,0.011628367781913618,0.002086811868287445,0.005512019122463215,0.005234092145620952,0.005000115744032466,0.0025148554289926065,0.030626227785039102,0.12366764907838163,0.29402900281173133,0.35664502562704925,0.0,0.10642444252555736,0.034668361597513415,0.025177572510366026,0.0480624351542872,0.1448710855249021,1.3138767107992737,0.5599581715256914,0.6029478002173018,0.09728691507606547,1.1143512665803375,3.800072859181692,2.4156637126693994,0.0,0.2597363704804867,0.01139696966719716,0.005901593624325156,0.0035658127182796725,0.002229824617070137,0.004836073476051305,0.0037697626691948344,0.0049205999178450095,0.008179187410577677,0.010546345453001569,0.01802265780767854,0.013422118773581166,0.0018066755677678624,0.0,0.0031015726583724728,0.004090662713968019,0.016273363859572423
2.8088235294117645,0.02453289716502709,0.018866772676031873,0.0,0.013368889752098713,0.00499683476085537,0.003912619837878028,0.01674560612119487,0.010781617936498242,0.004684753992207903,0.008856708923133205,0.015226020128917831,0.01700068748910403,0.021542286274595264,0.03647681042268512,0.05536842876391519,0.0,0.12318372648942058,0.14877075090772207,0.04852734399958887,0.7805362019128399,2.205192467930691,2.3071530617969547,0.8046032649294603,0.04559720898624106,0.18168345427638544,0.14293489752783287,0.5703401467030211,10.733355583755124,0.0,9.5700095720842,0.6685246851790962,0.027363382985747232,0.009545440775071324,0.002126684222863943,0.004901479473618134,0.008082311411400755,0.007487129681653101,0.005780355784525392,0.019015226308385005,0.058480621640179344,0.013422976221758448,0.0024944083790028465,0.0,0.004530191408420799,0.003170744050747861,0.010352252481682561
2.8235294117647056,0.04588531834258059,0.02614501093701464,0.0,0.022709099305676998,0.02043829748249636,0.009792719772433095,0.006265171366089416,0.0065134913255962415,0.005790990142364947,0.0035229911635943187,0.0007001574802612388,0.003944770330981659,0.004026779021415223,0.06327830585429767,0.3121085750604773,0.0,0.537119245718904,0.7218463351409331,0.36430818020562816,0.18467661548837677,0.09484228958325772,0.20810556270182934,0.13865249171919022,0.037986605338150514,0.004911722134077079,0.02232804604641083,0.15710362600178845,7.6159701756295775,0.0,47.95346941700604,31.88731200060367,3.0207158326838655,0.1695500724632686,0.014718028340375614,0.004377435187154777,0.0027427394710823417,0.008878733151163753,0.007949368878790655,0.019167136670502134,0.014000912162036805,0.0036491418250936963,0.01287785472961851,0.0,0.021214508661848056,0.03664622567690824,0.07147865387056354
2.8382352941176467,0.08378891314557908,0.051691767546462694,0.0,0.01386715155081034,0.002278133934300262,0.006769765185550305,0.008029613988681414,0.005735403420158937,0.008198577577725253,0.007706451292775852,0.008960686508342862,0.006637414773230623,0.019951807366159806,0.020301670642996296,0.1877740439379751,0.0,0.3118924686139384,0.17404231580818372,0.12607622738287935,0.06734876454429259,0.12309698286504693,0.44746454679114733,1.1670349788551262,0.6066138659362516,0.02573425255635555,0.2051830278010547,0.23261597133283496,1.0096149997076673,0.0,6.630951041879476,31.55925704921707,26.1101667425232,5.00148183626634,0.4330280922687693,0.009344673028231984,0.006325979929895566,0.003287251353806935,0.010843990026484918,0.02598634147988437,0.016876772624562875,0.00386774542319584,0.007473898068806573,0.0,0.025593880785877526,0.11918932655202776,0.2632100148880129
2.852941176470588,0.014192600175973714,0.008744477756261904,0.0,0.018854466103132336,0.023916926145335953,0.019543050729965823,0.014115224159399146,0.006149213021492835,0.004026387933248741,0.009366512580049363,0.010808136628468419,0.01054352645616205,0.0703340987526978,0.17768952966091386,0.09618241093031797,0.0,0.17958178496001503,0.4905578455939656,0.811917063311127,0.5961538300077174,0.17261751732574432,0.5192211302651675,0.12227196247123143,1.6831653319776847,0.2945053303902896,0.022608319286375717,0.02475319777657154,0.37440813981235854,0.0,0.056965720009564756,2.1932282958760325,50.837505967596414,110.53680415342711,66.46448456524519,7.711181129947791,0.6157864944525204,0.05706806553411009,0.07529500061428737,0.013866248869908674,0.008313169246728536,0.009140551379196532,0.0056298130330504365,0.0,0.042563616267407935,0.3554483560857614,2.2857342980953805
2.867647058823529,0.06049907873282735,0.048183102486329094,0.0,0.0281362457556856,0.02696084606504864,0.010063095309648593,0.003908288883997719,0.008434857515769861,0.008110175478444852,0.00596701450838661,0.011503533031971231,0.0010590418347297,0.010678844987633159,0.03227241199984571,0.16866978099334928,0.0,0.2650544849094965,0.23298491464305351,0.7472875059171564,0.03021178777580258,0.8334782534942964,2.1744207391478514,3.1046173816958835,1.0868758185808773,0.2570897496033473,0.15618708583717017,0.07655070618430301,0.3117821296734815,0.0,10.05865379183636,125.0619349521195,465.94054257453456,272.8481529509529,214.60507259649032,154.57365850109608,8.611423067581201,0.027601777452072762,0.02420427884315037,0.006686580975265076,0.004289249622727735,0.007691681905027879,0.010156625616213836,0.0,0.12470139527591081,2.717536000490145,9.867706462006282
2.8823529411764706,0.02122043606612907,0.025079909982330725,0.0,0.01602983705006263,0.01076890135133547,0.010160926363176108,0.004287443811804566,0.006820427481118386,0.0010877843209524426,0.00392352951816614,0.0030151894810575633,0.008064274752384505,0.03570420644185457,0.03989348065641216,0.053977626890736846,0.0,0.0724489369261157,0.5531657010573109,0.2799766923835884,0.02162959412546879,0.4167197691743109,1.694526671100931,2.2203894595626035,2.5051316288725367,1.6543912679645252,1.0843276089782412,4.181863894488806,8.129836120179348,0.0,26.669060007379528,69.97949641965049,17.247685451052494,66.8422576826555,120.13564228066278,120.20388679094629,40.9896096846425,1.2373808109884257,0.026929550460665412,0.024713425293285775,0.01259495947067605,0.0047663716137366025,0.011344326793796697,0.0,0.06308880697597416,5.164350566621348,42.12816357442232
2.8970588235294117,0.029491679050934066,0.030174819872187567,0.0,0.028721203290048274,0.005239516016108475,0.010296006660605416,0.009055667958681086,0.003789745691224487,0.012214500690971176,0.014729105354295587,0.01855857984009439,0.027524173156082007,0.050385023416787404,0.024612198219789855,0.10601337914999016,0.0,0.04167332433765828,0.12483234383564262,0.2566176601335348,1.2456493675827631,4.318854424218738,4.87975850158557,1.9663924169714826,0.7102804446828951,0.9825391075602424,1.5412137035179345,27.06790290980893,121.36829675386458,0.0,44.62292465034531,6.091564284370385,13.404470357351178,12.536931876141654,97.49626977183638,91.49459155898329,5.559342099021791,2.913595683418477,0.1201289688143824,0.03599822392927155,0.003711517249900269,0.00788709578049834,0.015991225228748285,0.0,0.27498775176848456,0.6686967597202895,39.58157297502333
2.911764705882353,0.029754535644791587,0.021708665023263497,0.0,0.0361022946258692,0.004602365429965138,0.004340896052275083,0.005404541160225516,0.006268643561321325,0.006891938823873442,0.00578449436207561,0.003448313369746845,0.010871440506965532,0.021287694642710887,0.09954059869697796,0.08315470024910565,0.0,0.1481397692204346,0.04800581465124197,0.957198272344454,1.5846749237121476,0.910040218840483,1.224157681210758,1.2047114080173666,0.8759309748809527,0.17524956791523885,7.813669892906737,108.81950769607764,497.4349316933458,0.0,1177.8879277864892,1109.657899161969,433.4075455917987,201.73694523922637,146.25393179085427,63.083374572953105,3.59429597435624,0.5715724716362753,0.7482621555656787,0.025698250168631788,0.008138312380691683,0.003449064462247702,0.0057729172051053925,0.0,0.16221263988351264,7.0260281556525355,18.139719153570457
2.926470588235294,0.03184714013104607,0.017256619791390888,0.0,0.00430625629101855,0.01644513462341131,0.006992357690071469,0.00307740238430803,0.005189198781537559,0.0029363092921433393,0.018813167337839228,0.03785642754926295,0.012371439299614626,0.04199134896574919,0.3162041908257122,0.3104795071876659,0.0,0.16140087057996244,0.4638574090784733,0.6572915107238819,1.2775767275093004,1.527332683899072,0.387278686062283,0.03730255088581037,1.7233518437852733,3.3131175467283214,6.432631883568839,3.72296117502733,7.781700634763309,0.0,25.111707013777632,88.73884849544766,540.4894223235178,885.2164617911899,244.88925269761825,13.795284433400315,1.8796335806358289,1.3008107819668808,0.19628459354953862,0.06258292225398294,0.005623916380509229,0.0012441751068534503,0.012881664935048484,0.0,0.08653737584420085,1.8948498501323054,0.6613803649758312
2.941176470588235,0.03193226037025157,0.01647725455329555,0.0,0.01460062222805908,0.016157614969524652,0.01368376183456636,0.01356500531622687,0.007042286201506064,0.0016679755387466655,0.0036365765890380005,0.023236628521572773,0.02322281316337087,0.08960406259485029,0.29795857947764104,2.797123761981788,0.0,6.1564283010366525,5.287677227078131,1.334315889190735,0.07268135463656153,0.7153067662701655,0.8609089556280984,0.08301586798713244,0.6598301519055203,0.125416118651189,0.07309788203146948,0.7481607800971631,2.1224655231216962,0.0,2.802448694220959,6.527698479128837,16.73376682366955,778.2491774264124,1430.9831866895224,152.95454574708594,7.393125152930467,5.678542490101884,0.33085492661265814,0.12294640746731189,0.001942712510597066,0.004683801919458991,0.014019918285354087,0.0,0.07438304373769702,2.6851050904132525,3.0129145988364847
2.955882352941176,0.012205517166254959,0.01070009839038889,0.0,0.03258351167665919,0.033910566282294205,0.012931003079897379,0.00575819818769689,0.009074062082650351,0.010713821456647251,0.01494964544146823,0.0019435815077100999,0.02527520735849275,0.009944513340418371,0.3154797505829357,0.9461466868517523,0.0,5.913255536313962,7.3405708014548186,1.976521923969105,0.7794671250672203,1.1143194927139866,0.958702092099619,0.0889708155230744,0.24271747040691194,0.6607504801274134,2.5877116835717686,7.384270152915416,6.568301300146935,0.0,10.020185118224974,1.506045762301194,45.02265464959092,220.496882096121,767.2990853524844,1944.1306883190887,989.4759133608165,154.98349116550366,9.075827286000482,0.05885845872815971,0.011742239288160995,0.006145841455505539,0.00959050165166447,0.0,0.3669422211393378,8.769328451960298,61.930332307127905
2.9705882352941178,0.04149217172285622,0.008152465592745559,0.0,0.019426615308988537,0.009191207762267744,0.015236030528390789,0.012022693949245654,0.0020139552893393914,0.003207291194560995,0.005960521038444127,0.00975575899289571,0.02674473097900987,0.05892553828875271,0.08725620077005353,0.780606467835794,0.0,0.4930271012077557,2.139951427802592,3.2874649522797776,1.9266135729276397,0.20161539559298836,0.5428825452073553,0.20642473741572623,0.5354908967938958,0.3532178871517933,4.514870475150842,1.8125109564674178,0.938900302846873,0.0,9.82788944328519,4.42139121354485,34.92863599417488,62.347826113109065,142.25972780429663,37.283682787190884,810.565301044865,399.9883318868282,11.14688384048101,0.1256520116455076,0.019360668925171243,0.014391596233160213,0.006032373427556867,0.0,0.2817225751604985,2.18211437146661,73.0831298660687
2.985294117647059,0.04968186505302828,0.02323990811084424,0.0,0.020551973202359318,0.023360899950742604,0.01482001223112656,0.022549505967874667,0.013588659196084157,0.014508249439089863,0.007831246539308672,0.006397172209768719,0.016236660015838848,0.0482448307424701,0.01574747875976742,0.8842093255465864,0.0,3.979028495252422,6.096011974691049,3.1777788688005772,0.5049946912525007,0.9882640676251356,0.31890168143260605,1.4494376764473136,0.3345014226260429,2.168322143720954,5.505017361862799,4.857439799060371,5.701841845617655,0.0,35.70206372480584,72.4595556110155,6.1916797607468155,28.882606000931148,36.23214925700035,244.31345895758756,186.30167381093293,15.182495231775524,11.712616285125602,0.9193685908663939,0.016989457782496747,0.03001042013934699,0.0037395534133412072,0.0,0.5295125477549572,0.8067260210550581,31.229652402618797
3.0,0.03246698059620162,0.015209179093109756,0.0,0.025493306009970036,0.03291364914110559,0.039640636751841554,0.03500886993429103,0.01122777523169523,0.01856617496215979,0.022263328954192467,0.039044993786208335,0.04896261058377392,0.024295586619709306,0.32569278916805944,1.1843469797522541,0.0,1.5699697282502236,4.615576684090657,2.083320701231294,0.449034718722024,0.6156061209961183,1.6148035140062094,1.1001201621316419,0.14127804849051734,0.0388655406046643,0.06549940465349732,0.019453074395860623,4.139376574984588,0.0,10.9391936664621,2.395092887917383,9.813630535743808,50.55655684210879,11.168057771939296,2.3357698479869993,5.099501641885064,8.035932591293689,2.8330350177919725,0.4329700239383852,0.02145268739108329,0.006250030969127478,0.014895983619265606,0.0,0.10340115522868482,4.028814370143795,19.08600547250937
3.014705882352941,0.022895610745362067,0.013741669612670909,0.0,0.024821863899687255,0.029148540967580638,0.03161118386818703,0.013772321076230614,0.004093712587619209,0.012662756952066933,0.01292509353162171,0.020457956610652143,0.034991155332563556,0.31160252570658,0.48498444518826,0.9779935299528666,0.0,0.592066030155044,0.42483433551309036,0.3816565685572869,0.6311445665827112,1.1720102444652039,0.6768844245740558,0.0966689976738017,0.16313503158035114,0.3129278047610041,0.3159172435567773,0.38380880520931904,0.9133733018709697,0.0,0.14263012879062592,0.8231495197526781,11.019518599240968,9.662046069210215,1.7467862894125477,0.8268809430358856,0.8007560394857107,0.8406668081847501,0.07146963613328267,0.005194517770718442,0.0074829362119310985,0.0022662738210693866,0.0048280914525733664,0.0,0.03953346527694196,0.4126508157351948,0.8044168385169566
3.0294117647058822,0.020356879171004073,0.019163564258822985,0.0,0.018744054775323232,0.025089387777577007,0.012407832217056124,0.014592995762218307,0.007155512978019415,0.0015051159200870573,0.0008558590241488852,0.004253875790598341,0.012856975333263087,0.33077751134106637,1.472074676945274,6.866495038949344,0.0,14.423785890921305,4.554418071283557,1.5125451213434813,0.4333190146514122,0.11268325825306176,1.326942877690593,0.7022688959259039,0.35655145802768917,0.7741364941129143,0.3641827039289428,0.26028711221423756,0.26994909844335757,0.0,0.17440144366767005,2.6284724469294813,0.580740807804932,3.6770967969068318,2.29392466876982,0.9573247483467759,1.2246174955886093,0.8868131659569388,0.20842189040968656,0.019981812254737205,0.018415969531032358,0.005085931640261015,0.001369911009927474,0.0,0.02120700289586085,0.6326316311150731,4.770784312626876
3.0441176470588234,0.0312858094171,0.013644765645158381,0.0,0.015511054255476412,0.007529085708654922,0.0029169880910497044,0.004298351457204489,0.007295490579089909,0.006383133699966181,0.004408485520108781,0.0017214145822049157,0.0259742816505329,0.3292599159925862,1.6078222920064613,1.3468325368805516,0.0,20.72438761261713,8.211662250841664,4.2112001986626115,3.9884025449018843,3.6455643012945425,2.490630991796144,0.33105243813751933,0.2777991758410575,0.08508311404729599,0.051605763064546416,0.15684365511253484,0.07307425429400397,0.0,0.34582476819389907,1.2019016569595908,1.6279928154383163,0.9003513152315096,0.3138503851694662,0.04542254093273042,0.028450205206180922,0.016078459254995285,0.037290354442012216,0.01293336018193734,0.03437416562910407,0.03069042786858514,0.010932734812663193,0.0,0.03511185619949863,0.7629110842923457,0.4198127882577114
3.0588235294117645,0.022668813185612716,0.021748014033363343,0.0,0.010929630841658074,0.005530696524787361,0.008540863445885429,0.00904101052950626,0.001854170845782619,0.006367281372239678,0.006749014356349489,0.004818492819659074,0.010485396136832324,0.0208002221244586,0.5926041742094059,6.277958856472881,0.0,11.316053613608368,16.574121596580536,17.00702972766358,3.489252146317379,3.194083180258006,2.9857331339584228,0.8097872491527808,0.39555054247252963,0.4755572243290175,0.08621679977929039,0.004469518764339847,0.0036494975652250367,0.0,0.012796520935696729,0.031275685850807755,0.05308488715173083,0.03644303807473436,0.02884966629970534,0.019358988325858053,0.008845792587747049,0.018162763358508922,0.021780745027241893,0.003933483726421289,0.010109171274097106,0.0227409883312,0.016622759349622606,0.0,0.013938564461728767,1.3247251380726242,4.863460184431873
3.0735294117647056,0.010513545259246864,0.01905980026702082,0.0,0.01096117383281459,0.005974883429997616,0.005786385001360023,0.007690394952987924,0.01213735634706584,0.005309838171391292,0.003953665526499313,0.0032215730245086904,0.0328823727162152,0.20674687216026383,0.489634975333506,0.2135017003981243,0.0,2.5819659215016335,16.979331995663223,14.841904291437857,3.823262404987868,3.866483027727086,4.108137113257636,0.36710382317384654,0.42631782058747075,0.06261176485670109,0.08498092168771633,0.02548136335430229,0.01067120354789938,0.0,0.003903796804111186,0.0013060683427133894,0.0055801534423257325,0.00793675184650116,0.008891494880111046,0.022507866933502922,0.01992263570139681,0.02843774084018025,0.0380132960829669,0.014251859314944661,0.0014224924305877354,0.010839061938812698,0.01584972334618153,0.0,0.027903906715685343,0.8482022288068334,4.4544334650773205
3.0882352941176467,0.06501952533664641,0.02633688820998028,0.0,0.011710485611482357,0.013654020706344012,0.00761648826168697,0.013429333127032742,0.008415057120701145,0.011246394660158436,0.003378162526343865,0.005672485536740426,0.03741159796224911,0.03228891358826124,0.13766666324953586,1.7593291695421405,0.0,2.456682172899608,1.8275207422389599,5.745333385551,1.139207903972143,0.7099742748615809,0.42375142355463274,0.5058755571901067,0.6667025555277626,0.05066378141030701,0.018071502281298932,0.01373083884898301,0.003567688464189922,0.0,0.0057264459244995665,0.0023723495909697898,0.0004471094988642385,0.0020901012891506292,0.004916123532606167,0.02643627920327502,0.022053395628686287,0.017230374001394055,0.024643399481993962,0.011863529938559762,0.017805368795143134,0.027081373978255698,0.015927404263745223,0.0,0.013897815719860325,1.2753288310807167,1.249776697943826
3.102941176470588,0.05837433597904931,0.050380765392478134,0.0,0.008786921008581063,0.00236781902186939,0.014751407498770635,0.021171744752244877,0.011000036497477866,0.0038508367180404373,0.003096559561618348,0.013742944215556493,0.0239631254322686,0.003952052943932413,0.23530294722413325,0.3069496166616702,0.0,0.60488966379257,0.7727767318508012,0.9972755048397884,0.631546263669931,1.4523538814355696,0.9808650634935165,0.08576094200639262,0.027636961005449566,0.019658796393724597,0.02443931465351184,0.004433278261775652,0.00645637022412446,0.0,0.005292699243604571,0.0033859359689815934,0.002671129060833946,0.00277454968295723,0.0035922460130161623,0.006456783252839049,0.007465558520061036,0.03756700428124062,0.023565689206798468,0.0008403946338969064,0.020799640088925885,0.010260345415611829,0.002283861632104109,0.0,0.19293113388291472,0.6921788710280719,13.775569108662538
3.11764705882353,0.033945107054755064,0.02453824088283331,0.0,0.029992815986091322,0.01172288180945764,0.0049268378819534876,0.00960045576737447,0.0045365060619308745,0.0012162918005122814,0.0015081221442732886,0.009722170394920014,0.015428717279619147,0.029776064549997337,0.18732278177794331,0.14661844974917876,0.0,0.06235840557006189,0.12942750790247462,0.5993847390430016,0.6516861689197999,0.22018337791754142,0.49099426130051194,0.7225550849769025,0.10693365258226598,0.028886362325197826,0.052510527634043354,0.016226144095270623,0.00494492115502024,0.0,0.001767962899227904,0.002755536055094461,0.0023240134582251217,0.004149563856051279,0.0070206514788687295,0.005873132934050198,0.00852900256991206,0.017347122623461098,0.007702024317766648,0.0164998899493499,0.024193176989320803,0.0048115454217144155,0.007381763189737621,0.0,0.12553986705429832,5.537107098642208,26.083935744051466
3.132352941176471,0.05078382742285628,0.007393672844166149,0.0,0.010947629910903046,0.010466944124035767,0.0036941473648983594,0.005997209803115222,0.0041371264482359055,0.003840759733973742,0.0016088810979994548,0.004306510110122216,0.004889299841566052,0.0041053543647844555,0.05087133379112434,0.26073500914512293,0.0,0.7688277851167126,1.1237659580668748,1.1375466568723396,0.5657819085024374,0.2992955992171324,0.25786607847711585,1.1694772320167672,3.532191796539702,0.9696861981143658,0.12979475472207957,0.01711017916211042,0.004432431930256003,0.0,0.002630833589158508,0.0016972554287803727,0.003852682767520034,0.0008414543962496017,0.0009510831294472075,0.000637870626354971,0.002198515705779229,0.00840004626404075,0.008799044866099146,0.005665258254865646,0.024746051540708205,0.008941390415513744,0.002842813153407176,0.0,0.07695392099621565,1.4879576753385086,8.515286661062053
3.147058823529412,0.039153324786492395,0.01994299715738963,0.0,0.02539906634103207,0.012253117360844158,0.0072492047659862766,0.009628833349150295,0.0016088231313582876,0.0035949063803363923,0.0011586118949280446,0.002806281864274633,0.007766034143717678,0.022911092550186973,0.012614552891398598,0.29528335831564634,0.0,0.6627239340377024,0.3405735863324148,0.12930176207903774,0.13956057471918776,0.798927913073591,1.6310928391536177,0.12316889277320081,53.544819907199,174.37058107216177,76.38500306184442,10.613088254890545,0.9604584937294582,0.0,0.14526308521155573,0.02365101003703741,0.0039364977652718725,0.0047054142553581094,0.005278970800755548,0.0024478019250921603,0.0025041711629998696,0.0020348420790269515,0.0041355187608660415,0.006288336328370605,0.04890715490121837,0.01537813701032769,0.0032651659488598913,0.0,0.18041097913767817,2.7102264105761424,8.693355606612606
3.1617647058823533,0.01453186809294392,0.013649372941600242,0.0,0.005257669951591654,0.01148715948355647,0.017712039723783497,0.01056831708854357,0.010372492768358946,0.010839463565148071,0.007748665823402131,0.007884005289737312,0.006974230633138356,0.002614266062225646,0.062265018531335176,0.9980601557280018,0.0,15.02087666028045,19.094303932593593,2.7533571477599645,0.039490986303693965,0.31173016137842513,0.14089784487015847,0.3492047280916485,30.36846529457383,300.5572137185692,1288.1198421969127,1347.5034630473933,347.3715645613735,0.0,44.91719036683244,3.993036418415077,0.4645980587153703,0.04464905303802723,0.028890580092855132,0.0024017392364712657,0.006100890231590309,0.005295577903609494,0.008513354562662527,0.02005655386901751,0.04590534356685638,0.019841761635522703,0.010325429341527286,0.0,0.13380529287750242,0.435468975773747,3.2758019167100962
3.1764705882352944,0.04796226865058818,0.020945569218572792,0.0,0.0019371759435400705,0.008736315490689343,0.01937840484546899,0.012624067166803421,0.009948110190873206,0.00510437668485094,0.0026344141651789554,0.002373032736912949,0.0016715911552639196,0.01257931796051438,0.1787708997504544,1.9945272865989951,0.0,54.513562677396145,120.95672761403162,19.00661358411003,0.4008594924052549,0.3780209247231524,0.3240487066380621,1.00396457880359,0.13088013010872884,1.7413946331937715,27.99559800368827,359.9002976104913,2272.479368922967,0.0,2245.2971674596924,359.9800647785171,30.273754403960297,3.362630834715259,0.12734176801529334,0.029504814657734007,0.03087837140001444,0.0036236976075165817,0.02333202174134924,0.009834115126202315,0.035632110639753335,0.0414824053709278,0.038513142315806805,0.0,0.3201774148316605,1.167523758384676,4.275823563958658
3.1911764705882355,0.03513933555145246,0.03439107340670852,0.0,0.024606009114520593,0.018467083387062384,0.006319885430560747,0.0037823795647257932,0.0018084428822081956,0.004246385952626813,0.011890445308235766,0.015292783442349168,0.04024908902596351,0.028628307997255267,0.05966077776761117,0.5883754983724867,0.0,215.71610219670845,670.8164674608437,163.83210113004913,9.532778573868296,0.5783101749688807,0.4260194933969299,1.4991918333783563,4.004944275605059,3.5480416643524793,2.1266182477363427,3.758164637629392,29.5250054162777,0.0,668.2111592312472,3352.236892902715,2001.4215815025927,243.1929357788807,13.745951127012864,0.5547910827274238,0.23976393685693914,0.025856486224581983,0.02870507651865673,0.006905634584331636,0.014978792446546818,0.018339773799401826,0.049211237437865346,0.0,0.5109681718626855,2.4108864351397625,74.65983717922506
3.2058823529411766,0.03042683641866284,0.017585551520270925,0.0,0.025585119727902735,0.011743287050605714,0.012483053719420855,0.015809925444369266,0.005825706770985159,0.00804233992812621,0.012846790484034348,0.038264332137527945,0.017265615664466712,0.04118750416539986,0.15155133430661305,3.377414943581707,0.0,32.33033689246042,1438.9262428083332,3169.3416641655213,794.1787678197795,75.60180676063395,8.477558667928363,5.774918491449456,0.40234165628660334,0.7283130487447689,1.0029609034536018,1.4920120569186395,9.034754713675891,0.0,3.162923436178465,240.33094124348423,1509.5284614631778,2828.073914308694,811.5214618495181,59.20551888918014,2.0047224968022883,0.3070749007770158,0.026113720926051763,0.030771037356815203,0.05774223963876937,0.061989520255114665,0.014580082189196916,0.0,0.09402149673832919,7.2966083327376055,27.56867969327054
3.2205882352941178,0.07526389312817189,0.02522714119441287,0.0,0.05625403189709466,0.02852505166276076,0.012074263863519605,0.014652827518866228,0.05145745582910682,0.12764790286668498,0.06558518773139452,0.02167142916451109,0.0334866459372156,0.057570765487710916,0.4339673071287914,9.50587660614202,0.0,1.8771881834240545,108.33914433982693,1095.7541429676876,7278.309311471396,4616.641786509079,439.8034866869539,63.8810024401688,1.7222284616567003,2.907130295633988,1.8318256570389673,5.12844314732885,55.979133951934536,0.0,103.42988802869233,138.02195553094114,153.9464578430868,596.8586577633719,1590.7925475164557,1312.3724722556149,439.23643056564606,60.641169997224644,5.816805220428302,0.37286925847138597,0.16757515982044252,0.13755575737460274,0.039569997630671525,0.0,0.08240258551354904,3.6854686066340143,23.31006110053799
3.235294117647059,0.017934736878558268,0.011386281113270887,0.0,0.03777471438587867,0.055228901040667924,0.07221688120904193,0.06679450804925313,0.1430039025889765,0.1606841614384594,0.1499470135914267,0.19352984651928187,0.30102426515852293,0.13848769869377084,0.032628415747017914,0.08882952629767774,0.0,2.392966968005976,13.436685428032845,43.26174493214276,1146.5732990786073,10987.140536217008,23055.26217830587,6737.94270236534,1106.3066712807736,289.76016508202446,70.85870906819557,7.476770520910626,6.299908557790323,0.0,17.24655423995199,79.97081148812,163.57732039160837,224.73102133830935,734.041987932176,536.346983895088,1624.6797611604106,915.3190314583485,38.230256155111704,0.3631675418759296,0.08135495597072509,0.024420931160170967,0.016963379638767616,0.0,0.07626185391244644,6.81668818036195,11.746078162180751
3.25,0.05714812186480501,0.044386066552981614,0.0,0.018848555291679205,0.02663715663130061,0.0191069693233149,0.1647220064018862,0.21839526027278683,0.2024627624951829,0.5352949412421578,0.5035415700420411,0.06580951682906383,0.15576619753415236,0.13344278118698255,0.03125122633986001,0.0,1.4844804846962512,2.066740662566165,5.403749851543069,60.83263193079358,1013.2573366736585,6574.2536112011,11474.552392372298,11540.603922410346,17822.509605109786,14894.479100902106,5128.489828844365,1426.7097596663448,0.0,413.39287145308276,102.76036442433127,75.07613853303184,210.4261767545192,304.97252093442336,602.7188631210531,312.81976408984366,100.11274846318113,83.78958324559785,0.41966437357112374,0.11057341759379097,0.1105374052846198,0.05855819083778308,0.0,0.20540108111007516,11.025770252694043,57.348052495909045
3.264705882352941,0.2814775538883605,0.12389617905488592,0.0,0.08604824637421239,0.4273785412784139,0.5322019877018193,0.5243437804203969,1.833556209973728,1.3811183357976025,1.1163843972698717,0.5613578240944472,0.8982366349109936,1.5329848007558788,2.2239845165590397,1.0327415488342944,0.0,2.425155554346988,5.780662512756027,9.66634532009016,5.354433544921262,119.61667719396098,356.1477170025288,152.16869360618824,1188.924429095333,9357.853182196664,20267.598316716612,5143.229236506343,3174.190762665796,0.0,7074.7727383251395,4245.149437711584,561.0971665697267,100.26790941195937,298.6807887704607,59.947847666959305,330.68407155259877,365.26988584087667,45.4564563664715,1.0253179990201104,0.6619600857315078,0.19063098550816243,0.18847284020482735,0.0,0.45486164597828505,0.9396492800593117,15.234358821841791
3.2794117647058822,1.6415832124247487,1.3103853755927202,0.0,1.6577950190788826,0.8804001026835346,0.5932631915309579,0.7011167785108066,1.2388828483506478,2.8963316310142098,2.806714713596055,1.885489036973922,1.0726024064197102,0.30734626686989314,0.31469299784906896,0.40662692642692655,0.0,1.1305227946669052,4.219898488468718,2.1645991317462046,9.920339224967082,127.22490792428688,515.0932502942147,250.27109659272492,103.00960797080602,83.66741050687375,120.62863976408005,2448.494403452064,7624.598358407806,0.0,6560.864743718346,4372.1032537640895,1277.6252076897426,2384.753366183383,974.3605829936935,405.77717778026147,68.93117744304587,43.23895767749832,7.9552885140090766,1.2572703796744573,0.05938554623720264,0.19827452015470476,0.5162839235715543,0.0,0.6191425096633004,2.746860111349503,27.05500989310626
3.294117647058824,0.1245978208655546,0.26334803897631043,0.0,0.5633553595411308,0.25676706674044103,0.16901151287861046,0.3467475517299432,0.3304769701290664,0.6343614885827575,0.28591666068000193,0.1325126100000403,0.18896063689249132,0.09353057311897559,0.18787363259820772,0.53505455777581,0.0,0.18051074281363721,1.0155732010442264,3.9514427456483276,15.384983443788808,20.54106136705307,31.711518370166324,20.226001428760647,4.5699812195929095,11.367119386544298,135.7417835477906,247.5908283650249,60.42488443800259,0.0,631.8361686303147,3307.432916401812,7070.3871720673915,3433.7920594796715,356.9312953972188,1019.566415465806,103.35512099809813,16.14601174083773,4.715792731202975,0.5157408334462436,0.10958139365811043,0.14693410265362028,0.10317682331707828,0.0,0.09703522784277024,3.584720356415599,75.53851558104611
3.308823529411765,0.43574245828089475,0.3667066706741771,0.0,0.13120403072765163,0.06288680982637822,0.06853811703641301,0.11033259774805511,0.07823155467899814,0.13235783115606942,0.07678976724237965,0.11317639319838947,0.631764784896335,0.874519774153433,0.29633989150217527,0.3087772775184543,0.0,1.0902257652687797,1.143237902801863,2.9291976480356614,8.69295349223861,30.623343081419947,7.9450655604498905,30.846852063435602,72.44315117627926,0.9785947333596191,34.453956368678945,34.032195979770194,15.894116654382465,0.0,148.12380408269848,86.27961369757519,250.31379597493816,2088.777616050288,1949.9360717523602,184.0064349622221,102.11082445065384,69.45996817049138,1.1675352810628123,0.18562430173773767,0.24363711241704522,0.05741643602020712,0.05939290420702316,0.0,0.13904098593247288,4.305688193493749,33.1607771074201
3.323529411764706,0.1771915611703816,0.18610759210094832,0.0,0.20948548546918166,0.17595933977209394,0.10871382718650273,0.15506247299521728,0.1835126469476486,0.07084673045023848,0.07468640801847869,0.05413835968600127,0.2669967828512937,0.288977242757251,0.32539951604142725,1.8609010628768463,0.0,0.6798806427384432,1.2830518320531474,5.6879940991168,3.581219827136789,0.474582435420671,1.4483786664257323,11.368541512707576,11.990312470738143,2.877721732312935,17.407260391972716,16.527426090214714,13.932162591909709,0.0,2.7346725092510287,70.42420897348255,526.3289391110791,1399.0213429110645,1250.8515976647784,282.42636164245675,199.21749003623296,94.53726566347032,11.912853784683918,1.6124053461224166,0.11294011320790831,0.11080146639713583,0.09649864455838553,0.0,0.36013536189576645,3.265250791053525,8.684466244165467
3.338235294117647,0.009207662566839313,0.028010274859438158,0.0,0.03372948788738103,0.09686422333529625,0.05700946328109007,0.04906003629581643,0.01786436493036042,0.03568894719147004,0.0458948185503633,0.043686205339120356,0.060317409269207256,0.13894359473786863,0.047051923504594494,1.091003675907254,0.0,1.8143518062821113,5.509738958042567,13.26140911137394,8.774483964728947,6.232815498183171,8.506302530936209,0.6787342890836205,21.735103644140906,21.358768903515852,7.829291526932849,2.964558284876228,4.095507834487329,0.0,61.71688097897096,242.51714537818643,182.92382917618167,87.65261917269318,41.839073152660674,46.47656422739558,465.49601660473513,500.21003734715157,65.54573731428688,1.5222229465681107,0.30886719465921586,0.11131119703421506,0.08211870871492212,0.0,0.478413908609064,1.100409166243809,22.336284410018393
3.3529411764705883,0.040565947202994626,0.0264299572976934,0.0,0.08315977752002894,0.10403984711888438,0.04377172523316143,0.04847057341031137,0.05337843324996271,0.0277997417324298,0.03339679980688838,0.017978616530246457,0.02427527777291271,0.22361245021806586,0.9674877355289222,1.1553799001598688,0.0,3.1924107247138194,0.9114347044625921,0.6824075048293654,0.15330309620351332,0.7470068917945408,9.07895208794779,13.65669153504421,6.877530117317905,14.40249596802413,5.509633312584014,1.8223254310134216,3.5474981815404307,0.0,1.9017943636511156,4.434244471162925,6.5335108056497955,23.99761380023518,62.085393358748384,150.88791644084426,505.2229930662288,211.74189826302492,4.352499749685682,0.33757761867895514,0.03706254750882196,0.03431137003530287,0.016107686055717104,0.0,0.047450142972961636,4.200822563017856,25.892623796658395
3.3676470588235294,0.01760643828976543,0.053136214297676974,0.0,0.06343412313521346,0.008972690373154572,0.012038440993790865,0.019848977747649998,0.03811738159393091,0.03475630877520602,0.026120317797596458,0.032811562688162044,0.07867711298944863,1.1361222985996902,0.8131982421668884,0.5019649965916284,0.0,1.020699623593112,0.7557246131532291,5.1652526071474,2.5819956203066834,1.0196411422233518,1.434013099291985,3.0966802864381826,6.6424206615710775,4.1322036285135955,2.620643728400805,1.9937519027028048,0.9411499040971315,0.0,5.850919960592627,3.094141834815437,0.4746472982389975,12.612074812510734,86.3648219808853,114.61034607908074,30.231675456001973,6.234963882754593,1.222605931467832,0.4207083918486795,0.007872890496196699,0.0028689866502632742,0.0032140747478117096,0.0,0.1283110842968438,5.537987347706426,51.31902854458413
3.3823529411764706,0.02182959528208795,0.021147665672266065,0.0,0.02935229672261085,0.016784466080843344,0.014819421125153692,0.028853827417443786,0.017635800578723493,0.008332831732754856,0.03398165660773559,0.12384982933265683,0.0310957105906641,0.24733249970232302,0.2299994205771756,0.04625320524543728,0.0,5.32481049738009,6.263601149074043,0.7569940643028885,1.4658544772426692,4.6960182578854495,8.578105382438835,7.846343506059073,1.3862784635841616,0.8198830848499117,0.4653665806433766,1.2429090223703396,3.1061430749756127,0.0,0.35816958274506283,0.3462789019957864,5.908264504868507,55.86025234644744,55.81075667466307,9.131280204155114,1.4379446881966342,1.7315206438592492,0.4246076500393371,0.02691426556808525,0.0033128212968652833,0.008814303803792663,0.012694138939044287,0.0,0.06423531436451571,5.439434347931865,31.53759688864818
3.3970588235294117,0.04141374057109505,0.03851642079635113,0.0,0.006685281910864486,0.018169011661987314,0.008706490582489797,0.012440804299539386,0.05007512865660607,0.03573252988381127,0.0251543288000102,0.07271946455582963,0.2021168025035252,0.06187158347680887,0.6014125358252711,4.065926739490888,0.0,19.2188785812258,13.191200844424685,0.70697629620642,4.955104957055299,5.1940672459977275,2.792821699353938,2.309602141384585,1.4170257622109583,3.827835898207287,4.82970629342844,1.3359852231664786,0.5252129430462271,0.0,0.5566364053995457,2.5103762445372046,12.544360784679817,6.9903670515225755,0.8079420137645987,0.8315813096373406,0.2535824545476578,0.3946176524592156,0.3761037558068598,0.014838544825041156,0.012991887981832685,0.006160387252427395,0.008337932516264954,0.0,0.02459215721872797,4.20561309864023,43.485907692128016
3.411764705882353,0.08347823682699804,0.010370602347752297,0.0,0.008444922742731016,0.0027393852745817475,0.00972430134476469,0.013995204419292764,0.005301495080545206,0.027112969253434285,0.013037057478596247,0.00729249087732531,0.083238846707948,0.0038093606543679074,0.6178587622337236,0.9001901134481909,0.0,9.242313668112143,20.74728416880529,3.756205672055909,1.4240513831255148,2.8659218150875057,0.91318074079774,0.17557741361897095,0.5952543247763529,1.9567199541958769,0.6576274081420193,2.1761459857036103,1.8822328339867709,0.0,0.3566346938959284,0.8678216431435396,1.1824599675085254,0.5352497508724272,0.08226184853829147,0.00980200962596621,0.028922432727199483,0.12184429341388596,0.365139142485926,0.04940836197809801,0.00594873728619073,0.004130436373685438,0.04540882475018395,0.0,0.44214798648075415,4.157379398058113,12.557329178718643
3.426470588235294,0.1330833754215452,0.04792544205619901,0.0,0.009136362092582714,0.023056952115872695,0.012595555763043631,0.004313427116183099,0.006800782574880527,0.008274000769270462,0.01215154315709364,0.07173654221409415,0.15729565367048345,0.3054174104301955,0.7366418293314855,2.023053231675986,0.0,1.6080537064539246,9.88953151172332,21.44967346154931,10.945018362415123,5.157792972879135,8.339642435123565,8.298946707815528,3.8378665214558243,1.8934972522875109,0.102548998761091,0.26116356834511095,0.31028437989004165,0.0,0.8206581366835922,0.3037456175694734,0.03457756341445005,0.008660563015926569,0.0030097204426716446,0.015836507211025464,0.058968055639823214,0.34878961451076074,0.2647158893985667,0.024735916828928565,0.01263101746058043,0.0028450719123420537,0.01816635615272688,0.0,0.02476135271279445,18.389711884597542,42.03414371912967
3.441176470588235,0.04293776603042315,0.03803559680841063,0.0,0.012095746799168389,0.01442419688266125,0.007172761910564549,0.01122499342805397,0.0030475104444048105,0.01121645986377638,0.009469583814123286,0.003173672987591687,0.0019973207324525326,0.0692453694730216,0.3415651472572191,2.070274771587684,0.0,15.988337880518923,43.49698870580117,33.27100992439195,8.186307961123383,0.7554855835526091,5.438554809030167,4.639540109881723,0.978521566700211,0.3745291611025279,0.11273726391686059,0.2450101069751151,0.06474622013715067,0.0,0.16001771060932107,0.17999742641911687,0.2966678034499362,0.07231607793615064,0.004077770987395023,0.00976968235330698,0.009326010406803456,0.08604303921542089,0.1686678523340564,0.04120528103405645,0.022723395310693388,0.02177444159113924,0.003090830291090763,0.0,0.7787752848978493,15.338528714431035,127.84605412214262
3.455882352941176,0.07442900974908984,0.05841281473063907,0.0,0.031233795878148105,0.012958380365668907,0.007716492838990501,0.0018043439468237723,0.003737468151529726,0.007364226616654389,0.00761512980956275,0.0061739162895512335,0.009922683188132683,0.08473689198480737,0.028248599671183927,11.614579644498434,0.0,53.27780164882528,26.05148924937206,19.03308211735698,15.707279206667408,35.33689892148345,9.534621452835701,3.5653132558054343,2.674773613230565,2.190185866137326,0.5501437709645622,0.05895075955464836,0.043802598764803,0.0,0.037450528855654856,0.2169779981908862,0.35018389871377387,0.08774898891193665,0.008617777241103259,0.018983439791956675,0.03380620886651678,0.021098130098997848,0.027480712600506024,0.04636589297072918,0.017742950818494963,0.05076096353067147,0.10667946529312788,0.0,0.8388206733951423,16.33440207318361,176.73202897726745
3.4705882352941173,0.0479397623385707,0.03138818360044068,0.0,0.010140914632552737,0.004400624366494052,0.006619326144288918,0.005486498193993342,0.009970892830755262,0.00166522110720751,0.002561034121432361,0.010245654705562789,0.032170935552376656,0.007708352885378451,0.8036449235485963,12.744460148773737,0.0,55.09941362168099,107.78464909517353,365.5598796845519,573.7212748077443,313.22278992212387,66.03674220575371,2.17365297520099,0.5793298598451355,0.22825588613232778,0.2847953303673186,0.5891825987657908,0.7888782393106302,0.0,0.12577654769140542,0.019464274382615887,0.07614370346647142,0.06486106133548213,0.022584311517872133,0.2866830737470709,0.37520911741854224,0.2856099291167219,0.2398528066300255,0.6878455947997879,3.0249901568442743,1.8673114121789873,0.1782986204131706,0.0,1.5029912092973947,9.92537172856078,54.99753850843676
3.485294117647059,0.048688128915678176,0.010619899759285678,0.0,0.024830397125975644,0.019686964241656012,0.006951327164089378,0.00330287436060363,0.003020569870546552,0.0027244442141333594,0.0036159756726967893,0.011452734780669126,0.015485339121463767,0.06029047829534785,0.9712267483300767,14.123027827672157,0.0,100.35101191639501,228.82324781776765,1445.961662479781,2945.7679116218633,2134.6757626953145,1320.4385207410846,454.93247716814585,50.12759053683801,1.2888471086396747,7.424623897132073,18.1219509862685,13.215013150868355,0.0,2.8821896041941804,0.6094807605543937,0.11220404215654621,0.19670182906930278,0.11833827059012895,0.1095720782800452,0.045851073868393245,0.02843179583346106,0.4914258761261906,0.7429198857189512,0.6444935253037224,0.4164153783051404,0.06025585610288259,0.0,0.7053923846847732,3.3193258445168956,23.164595496976517
3.5,0.06591327851813504,0.06426505087975778,0.0,0.020398923296684246,0.009677948177903281,0.008721043373614876,0.010529233342677547,0.010324429354785728,0.017443192798706382,0.006528299422181029,0.006843947813504369,0.02107529805077174,0.17352606888889355,0.6304750618134667,2.9008962137386165,0.0,11.012218895134612,8.739923497753573,13.331900372670596,342.74811171956406,2302.7763063575276,2412.848041485983,2304.2974069039483,589.6776303003373,18.89992340592316,30.709258985377907,65.64456956465179,238.22096243399469,0.0,195.79239368630687,39.499885135060644,2.5890145159846814,0.22374416532749503,0.24782181930389835,0.05421441729293099,0.030227628071919373,0.004696808224183019,0.01024799533748857,0.03691823499878824,0.09838433739755557,0.024648484575906134,0.07284024676732322,0.0,0.22922420969820984,2.8633116105482728,18.81616106202898
3.514705882352941,0.0353263599791511,0.01668048457230089,0.0,0.012076932030615828,0.03030248426392382,0.020239342186413614,0.020219749399922975,0.04265795849315901,0.01907486649220545,0.020594153575515833,0.017199944201679057,0.024479825832321854,0.08810414832262156,0.5133183704018451,2.3891447834159036,0.0,11.855871238888719,31.00340229687648,45.60258931101727,115.25949745372601,3417.2612810587366,8041.720321425677,9265.002897649554,6900.450613943059,1331.974563033345,45.19819605016152,30.55897666749201,191.18748751940018,0.0,456.86270919754156,382.34052120976,242.6782909887132,52.97109548609026,5.360774348935746,0.2536189712538995,0.1325683229836045,0.019496427208234114,0.012372884928727587,0.006800976306699063,0.011218935339405819,0.00884718137320694,0.018385843968969872,0.0,0.47707301219639975,3.9412917557912737,17.14283267594343
3.5294117647058822,0.030250159412090683,0.06562765839207929,0.0,0.046934925924296905,0.03077937874069141,0.03276532189488953,0.01175916471097389,0.02521211363823235,0.018653008867117404,0.017004938869507637,0.003938863830987045,0.06801677574463806,0.12453959982282489,0.05579390923864676,0.055407146656492545,0.0,0.5903427498991982,1.660902434328485,30.36723927509967,30.12872770367364,16.37178304205588,2781.3080932918974,8508.173303494179,10017.151491298278,17999.217369067723,13396.405169738875,2609.7773587692254,132.86823417350965,0.0,2611.09569281318,3140.89355966663,946.1652039154193,518.7664687284812,122.5059800479293,2.441878998260843,0.19631474772275995,0.18483878543178492,0.09044887408694942,0.029009833788178684,0.0077395001352411775,0.020129858072376286,0.01345194113786152,0.0,0.9251099251696023,11.18329522143511,69.07043417566184
3.5441176470588234,0.10041060457034079,0.02615526358727823,0.0,0.015566572464132334,0.013414537677157525,0.030660116222321104,0.10066578918212331,0.07769195602308862,0.05123260737060098,0.06690045775714518,0.053206190220035206,0.1721921611956771,0.1865568453963582,0.22123679244811764,0.05607167750891556,0.0,0.9067213470536031,3.8659184222127028,52.51308310174987,41.980310802785105,167.95595293180472,268.1237501983495,38.076318079836284,733.750683152874,2196.4368770343217,2607.10690557289,11875.336003222561,1722.462802696445,0.0,2930.3138651732643,138.8774600388561,2657.8865117439996,3189.906722718473,1553.3434248152128,818.7149157265583,105.00525319938748,1.8980581792309943,0.5459971485482118,0.40794780638112715,0.047206067501493726,0.044451202067185655,0.09713508067850213,0.0,0.5083515510973321,4.045170711321062,13.126747131784906
3.5588235294117645,0.18174024679224765,0.09852822117476764,0.0,0.2045054207722931,0.18601671553901095,0.15283312965828988,0.06408149851807755,0.02489447255776342,0.03532838655103454,0.09731788089446847,0.141523461129334,0.1450111611772441,0.19884660076003455,0.2928010978752702,1.0480758346535268,0.0,2.1511380948989696,1.216583369143541,1.6145020439855313,27.63716432086913,164.60764228068638,74.22607074947643,16.82541211703937,741.2021806145989,2717.6467112655114,4087.952138882347,1258.0137231567123,10921.212387314003,0.0,16586.297145847562,3750.332393948531,297.629497074994,701.5792110979833,609.0295709268266,4499.44270419392,2389.796896765791,204.03650845395754,40.34408582403532,1.2116663772825027,0.2852100935356885,0.10162532232847278,0.5465486446784613,0.0,0.9479026744268224,19.368550757523554,29.0511349445541
3.5735294117647056,0.05366094911990345,0.2140851359626853,0.0,0.22818288245862686,0.12494579894999583,0.061948244281805856,0.012903569065443782,0.04431708765510856,0.09529260071182191,0.1815270022128819,0.18227361006725212,0.051512316677939644,0.08793174734200522,0.32331711627186244,0.3405099460523482,0.0,1.1191436405688684,2.7947045851691144,6.089453697017495,12.8970948291079,14.852552386089828,20.2262930935325,12.457920246859757,12.353235730605647,32.087317026206684,134.31537358206532,51.830684087731626,193.7793315640343,0.0,2260.3432306322416,11111.903558819056,9313.409694801541,916.4291892561961,294.9468450164536,911.740639449072,2454.8302251676514,1731.4263794809956,34.784105892179504,2.4118085566180394,0.22953606220056927,0.1332640566832014,0.07590577631687553,0.0,0.250039541682971,18.184381532168864,219.14475189936277
3.5882352941176467,1.0767930509319958,0.48607681295035926,0.0,0.2535188190971417,0.23120610675502334,0.06732113540294145,0.0736265328323452,0.09794374514849466,0.14212698691360104,0.10721312470900915,0.0728014588592868,0.09740542344367803,0.2178565374798348,0.24036778889326416,0.22363426056721708,0.0,0.522982724531696,1.5020739012968423,0.11736360683145566,1.2857100796872079,10.126713029932452,43.843396366474835,21.309778868983635,22.17508602547538,60.257531502635274,32.53463064911251,19.495385975668825,109.46623975861161,0.0,132.82983021159137,240.46051801293095,1753.999974823456,4973.057787263435,5124.6377456498485,1051.4738890224085,1211.1607136344076,2532.5687029775117,405.41417445542686,37.63132556201157,0.9353337631578713,0.05835539790352817,0.3564583863680072,0.0,0.6272642839509794,1.2837055242672508,36.374470373082325
3.602941176470588,1.2270481581417234,0.5332753362524174,0.0,0.08254429043634937,0.022650729842645143,0.008730938045786136,0.04236634335242697,0.04712791991102435,0.18210890963758825,0.1834689394372156,0.10852172572165443,0.1060413845066076,0.02984356778866335,0.1513595755096852,0.401003680513567,0.0,0.8907869874520251,0.37018948336156493,0.09242479636208246,1.29963171105232,6.788808342368135,22.838871788660242,17.054647325975385,13.724099507184443,19.03713480451185,5.859176689674377,6.139559469953188,8.708115136690234,0.0,29.791697812585326,11.691409524839893,22.009474816862003,96.99007130118589,802.9239143143495,2499.139935741739,1502.779180940488,2859.721348857997,2336.265151717186,311.5726896339147,2.1568986342703806,0.20741723047666802,0.08167383593440117,0.0,0.8001312355914901,10.424150378490411,5.467274960216219
3.617647058823529,0.2751386011580371,0.21312659637180403,0.0,0.1102747693895758,0.04708753820892697,0.05564995003396975,0.07163053554748691,0.2441458512562627,0.2910913446710004,0.08937763918895801,0.16329001263376652,0.2640284351022364,0.10390237286399125,1.3699198729201134,1.4488090327358556,0.0,1.0956988803593193,0.2166361780991226,0.16228463510461513,0.32800514233645656,0.6535270120438029,9.79631864071137,13.994876051253534,1.5023118134620135,3.4223228358096387,10.454023095747186,17.18907173250047,2.449892904120545,0.0,23.787284386905334,56.84958743798858,25.02350027149265,44.34474239182707,146.0442602538074,126.4075053049625,223.66113239506865,430.53290318995863,370.9834268947286,154.02468335764516,4.679988588542655,0.10669393735902025,0.0815014321105884,0.0,0.04670925609830138,7.56317148493091,46.60025782641243
3.63235294117647,0.06914169971195179,0.04128954530684742,0.0,0.04717244660693,0.06247726556014353,0.05449423359325179,0.07529290777536736,0.13717041833445698,0.10113108672375375,0.09386478844210103,0.19538372854705646,0.03263301564537647,0.4083779331014764,2.6306214466928104,3.3448195091211828,0.0,0.7834869691482433,0.4292736564955759,0.549918001781472,1.8715130363651884,11.099261784819046,20.783830173661237,11.62452684645306,2.227339576730203,0.6118328442400818,1.01193569281207,24.32521614952087,21.15207414097771,0.0,1.2701788285966535,5.043028447899292,14.356686210586496,45.59660151012004,87.39198995212676,29.472928193904465,70.22008464996009,114.8753835852522,52.22541969208156,21.067291576847627,1.097110962889886,0.04232573344261263,0.021197147384970905,0.0,0.3664329731829816,4.448786694968657,61.29046014492069
3.6470588235294112,0.03170833140204463,0.01641740408968712,0.0,0.004382483855557875,0.018417046183177126,0.02216030297233621,0.014885330262995555,0.02505881601299774,0.051302566274611466,0.049766246006515906,0.05562743727240356,0.26027705522115285,0.43664066491051157,0.3521701954623101,3.9589727638630405,0.0,24.866861726614495,37.328743045499166,11.742351976194644,4.634383879249077,6.242090165260415,0.38138676969531154,2.069695343103473,3.461844527189889,0.9156121689203438,3.1832301417605344,12.658607709065404,8.013810938500853,0.0,1.4284619836243566,10.38451692625575,9.647090615662181,4.243216249930536,46.55195552475307,83.5105439940812,35.753628439087606,30.843905539718065,17.57570847378767,2.275141414430615,0.09108985794723258,0.00663942589358363,0.003671831077496817,0.0,0.10163116012863531,2.8735260881661615,4.42411201444275
3.6617647058823524,0.07290178756025387,0.029606478152324697,0.0,0.004160954615394436,0.004613505345539663,0.014092565609343587,0.01522556947611026,0.0140679916671149,0.02222479042981962,0.042124509253543066,0.05022247997158518,0.2699570339808284,0.8816110157536635,0.7258830205721323,2.0025774075956226,0.0,5.506308797249893,3.8057374766585355,24.77809352280301,5.763897003423828,0.33333668704023667,0.05536334419363498,0.059513006201490484,0.435604570903262,1.4669642460524062,3.5111804721190696,2.9442017773258353,0.6855281318257644,0.0,3.061969829970808,1.2320601534464604,11.825128431215777,7.044344375743824,1.5090443709590013,5.7262998883832665,4.899162954321236,2.1973713349083335,0.5217512657465878,0.15849868329046335,0.0014719911841809747,0.010522048857606707,0.043735188960855,0.0,0.08053669146482202,0.7200481043187918,3.9896806659005524
3.6764705882352944,0.061611368761724655,0.029610226377536596,0.0,0.02008194760337001,0.02179566803804122,0.020641948735987757,0.01266537717214735,0.022263168470277355,0.04617684786901611,0.0423979567364104,0.19280640770933516,0.4271338873016276,0.2242671663190736,1.070045698148855,2.3598132398678136,0.0,6.537038047371817,7.536715001977968,5.285094923199608,21.827373547452687,6.790284570859826,1.0412493010098305,0.8469676455329515,2.0043412619951324,3.947410101470866,3.7988782460098807,1.8510179949414334,2.216570907894449,0.0,3.222502918093853,2.201727307627765,1.4576591921507414,0.5723109779732134,0.14699110281704553,0.0640822209838912,0.7577053073533935,0.3166254582761153,0.015870151122202057,0.006122967925423104,0.00400281337013293,0.009595801512864183,0.009707086965783695,0.0,0.04553023854394328,3.7317765123239313,11.853023434800956
3.6911764705882355,0.024887858571440078,0.036728468211090326,0.0,0.028190629948955114,0.005179959507821512,0.007349276281196537,0.02241145445328414,0.015265442553938767,0.002849732188701536,0.018743918389767363,0.006568508770858223,0.09156459689878552,0.14273528092292917,0.29894293296143026,0.5954569547069475,0.0,14.399583060475209,17.890251164566806,6.66487778578581,27.263535886597595,60.3632485235554,192.59961082007794,182.43176713221618,67.28929195204083,13.210500772059824,2.9908774165311858,1.8091535493851791,1.78123552347505,0.0,1.8243544239698886,1.2136576930917808,0.07038039298406608,0.0662983264087871,0.028027926684124932,0.06350245172795478,0.4351451054438067,0.1400317519706577,0.07778892946703005,0.017184109883629596,0.006209832620794638,0.0028281342894778995,0.0028902065949015484,0.0,0.05874908492954126,8.385768946068243,49.308627451499675
3.7058823529411766,0.02055428651177542,0.0049239065302794875,0.0,0.01849891112886264,0.01577229198556091,0.0014069583314450377,0.001456544155863715,0.0026244824396055794,0.004906928449342937,0.018506772728682962,0.007715260780016795,0.07345790649028164,0.2868973888760401,0.5743759019733552,0.630378134566987,0.0,3.4872076089802193,17.547354638722343,6.380281911973894,2.2868959239272053,5.930806711355279,24.35604466309391,22.371898993919352,777.5119595946653,1613.3331257921277,465.65596657990926,34.89890775046807,2.2972289153537373,0.0,0.09768613336523979,0.9936104955829339,0.4153735567912815,0.2580180048639858,0.050072091763764384,0.057441676881570744,0.05961596360816824,0.027420622911290785,0.014580594308136848,0.0017631915914638923,0.008826892208478852,0.005961067673299363,0.009344540168861167,0.0,0.13177734159825963,5.310480228202604,30.283982231929684
3.7205882352941178,0.023439354635488772,0.007146402866154426,0.0,0.024412312069094843,0.024437995996049178,0.021763656125967673,0.00792752328362552,0.00788670404424729,0.005225519877522173,0.0072524684625821425,0.027094255466171942,0.0986990022439758,0.12131664845082141,0.25692056122996065,1.762958169486557,0.0,1.192469168837731,3.241892838598021,2.628280407917619,2.7441148642797195,6.236798300340176,11.013973916942177,211.04814076338292,504.67829115033396,4623.298229623571,13491.429175992056,12418.337214295705,5174.68381106113,0.0,1283.9203245284366,219.69310564653887,31.336661898844426,3.4459903163188974,0.09479075149218621,0.01923869851100531,0.005565223175209782,0.02578978163348174,0.02256127497441077,0.0017317506440053271,0.0008436415883194909,0.008449369237727149,0.015553204549594898,0.0,0.06443496695609854,4.617261378826043,6.765370547918896
3.735294117647059,0.30299875511164315,0.09713405568402025,0.0,0.02900632386726222,0.021685524230443315,0.013907537200154453,0.02915877353927603,0.01571305880798328,0.012082645541100662,0.010409532288766309,0.010208577078013306,0.026666006717241147,0.272249207519613,0.8023830584372976,0.8386167208112696,0.0,3.020306768554832,7.4590428735318435,1.982039063565089,0.4252460228013406,1.3541492560341548,6.066944371230116,65.0956421879959,198.70395322453362,195.72754312621947,323.726999876047,3348.31753156515,9338.034563539553,0.0,9050.385122806403,1704.2089711408912,116.98463899834769,143.72147503339005,11.795016253135106,0.599930441760628,0.17190790757389168,0.14204091660914672,0.24239209345345764,0.029406155021547614,0.013441581293069632,0.02262040573576401,0.09048358576798925,0.0,0.09544073067531397,23.122912669684613,45.54289422385046
3.75,0.213278050491565,0.013975880230813564,0.0,0.01761475551544078,0.07705551933615655,0.11721596068614158,0.028601707085110697,0.042168700260813104,0.014543790358515843,0.012058285924445642,0.054331894029197955,0.02307989092229162,0.21539530565736004,0.8197889125135157,0.9220613706665892,0.0,0.22254642757459242,1.162751714722204,0.6609365598956553,0.12849318666524917,1.245984057184502,2.339281075128306,25.012377567957373,88.15008664995412,2.4755667447177476,87.05554962925413,134.5732737398527,113.0104690798119,0.0,301.8649496811191,413.39268482844477,1750.3522337991485,1683.3198951860704,203.34559510775964,6.991309834842809,3.798052254630057,0.2296900924413836,0.15607566977105322,0.3795282990950571,0.14375997158271062,0.0289858668635052,0.10643466576383077,0.0,1.2592420441446253,73.38162028783425,563.9963764150683
3.764705882352941,0.2159787688402802,0.119770937318964,0.0,0.1163600389761693,0.11198309665917518,0.03260107669605407,0.02065333135296419,0.006262046871925769,0.027501126743857317,0.07851296964796788,0.12143411979142499,0.05131137337107108,0.2554816889293956,0.6464880913772371,0.6084561925164784,0.0,1.927092038519598,0.3761223107668586,0.34867042027433465,0.9012141620602736,0.38412208223869476,7.172314732383425,16.611352241315007,2.629028712547743,53.81003478675612,82.042273341106,55.204522137353585,138.33499717037142,0.0,562.6435652904688,699.5421340914337,1196.118436607781,1100.0995679760242,38.997088130180224,18.685852385913375,0.7378892398629324,1.6731529419565743,0.1758231376252641,0.13116288566049228,0.08426740599398605,0.02157720662579525,0.0394956656467078,0.0,0.26028945370891443,9.846050461167671,36.23365934723081
3.7794117647058822,0.10619533526976108,0.029304177351418333,0.0,0.05911254054606725,0.03231428325926111,0.027543872534510114,0.08151386412305603,0.12253319462047459,0.0723629183387722,0.033667840612052406,0.027732076109516883,0.14413797574438433,0.7559243086969611,1.2330736926601538,0.7095224354063223,0.0,1.071845316561582,0.9907588426995826,0.9347633942756819,0.7336464589204801,0.2977247797256637,2.614211362529193,7.165009607230545,11.5304450550831,22.79080725749081,23.88318984650026,15.701680116615677,2.9993344548902616,0.0,3.041754164946726,151.25671224842452,712.1744877617816,639.5756848467734,263.3778620932458,126.98922359857833,14.781444864349712,8.338595089821165,1.6995332673007713,0.054183794303831266,0.12160575786121611,0.08440323118204732,0.01657178343921936,0.0,0.899789951749931,12.921994040647501,50.62568719824573
3.7941176470588234,0.028210259887144706,0.054678254651669096,0.0,0.053222571354200235,0.0406363844195411,0.026872146995196633,0.027909204927232558,0.0594954929491479,0.13165399383993176,0.07348339846795347,0.031801115933473685,0.0021725855620934667,0.055305095440040614,0.059114224789476366,0.1524020333936692,0.0,1.0468364533123935,2.3387327727557663,2.6688664734857883,1.460543920444275,0.23481425028004707,1.7901031546407573,11.479812647758557,15.826167029280729,5.6958331669611795,0.6288585226927013,34.29687375749934,44.00831199716006,0.0,75.0803704602408,163.93124429541717,81.96481242972027,22.984498149522334,80.50624766774929,38.164121801608744,7.098046666321383,0.5088009555995897,0.549341215634101,0.06954147842100869,0.09066599653831686,0.11694898866129999,0.0993410912969092,0.0,1.1247786251119192,12.468779815025847,53.471683636299524
3.8088235294117645,0.0814775306253793,0.08095723893672138,0.0,0.06365113795711384,0.03126815177284896,0.01908854464747886,0.06394493771029083,0.13619788001537209,0.04110837453528453,0.043321125075401555,0.013057477449117939,0.01889168745492365,0.04036003049836384,0.2335962481224782,0.3980832864940617,0.0,0.06294184482584989,0.3093308673644684,0.4840891263461362,0.4789624491888663,0.8935267297647118,5.08106087389266,35.08230801107972,28.40286598148301,18.82804749396145,6.53320995187549,29.978222520967467,47.91499175278324,0.0,27.066155456422575,36.24695388689628,68.9876572141215,24.62243766345844,0.32325165595262434,0.7829988838576791,0.5154330427963006,0.10619346804529858,0.03531198060817124,0.03001348450278031,0.1160872495675985,0.047514898674559214,0.02642073691745027,0.0,1.6348587467684057,14.168972002097291,139.28355995473567
3.8235294117647056,0.016380415289935012,0.04683332801182344,0.0,0.034249120736001636,0.014118645636965547,0.007974959271116588,0.021021383104754775,0.024674689072610667,0.03030947054136477,0.12453110051872782,0.2824626555594961,0.23894170655427316,0.12911926881977798,0.08435473541332567,0.06037078356491844,0.0,0.916745955155222,2.551121402448384,1.7127427165173348,4.769572720964849,11.394478638900122,8.50855567824524,5.100367343234826,18.204153238191193,6.435107347343305,1.6460678090515937,5.186666515424833,9.217477954424988,0.0,3.138118729854384,1.22043802204321,11.314257926799467,7.871549366284452,0.792328032126708,1.3046810193547627,0.8027311356947748,0.0848049071030097,0.058708287013191196,0.019902106195156893,0.007048530491546833,0.0804113739096767,0.04152647422161487,0.0,0.05013937715355209,10.630450756266114,72.24637733401127
3.8382352941176467,0.13598405601596264,0.02915830284527361,0.0,0.002482254515473228,0.01062132884258231,0.006991127130462709,0.008076974521593231,0.0025416688823375663,0.0026550617743882152,0.014454914347330199,0.023043839114533886,0.06688643700057323,0.1289060186720048,0.016797016355909602,0.24519122513474947,0.0,2.9265897987586964,4.3758822040339105,0.4308708835416305,2.6548261634539303,7.748789135460269,2.7072586833807586,2.2880727042077713,3.509783609344119,2.671831925184303,4.677617567706115,1.509451765409724,0.3333241087355253,0.0,0.9171280428183083,2.1605714180531654,2.3580023671337655,1.84060708456727,1.0693643374271282,1.6142978220150983,0.6551396421462546,0.23377851216440143,0.0880501032878607,0.05580905660376513,0.0183316717774676,0.002610835421472199,0.03467071522792107,0.0,0.15273730586858966,7.208772502411032,62.0064655958764
3.852941176470588,0.033371984418604665,0.03863170370617163,0.0,0.02477879241618152,0.03889562987742545,0.016785421825702078,0.006766328206856576,0.01758804197198402,0.007905205679383775,0.008291517127002579,0.13197021702611497,1.2118476656552226,4.569932260976154,6.816043920797415,18.352457160817316,0.0,25.440000015797324,10.422673194071841,3.6437243401084443,8.216577209969532,7.361914547066582,2.5790055658377975,6.6854805820081395,6.394291530157259,5.848448832036812,2.9169083652005448,0.38859389307925535,0.30528307545461175,0.0,0.1840247964352213,0.011796187889466885,0.12163508776548239,0.3491935321275518,0.23802618351792856,0.1605629600387707,0.10412558174592565,0.01546267717795977,0.05172584898007069,0.04293154824203045,0.010431138142952693,0.03595827991608996,0.14343970697781872,0.0,1.2506507721668318,11.039489973413172,21.731501179483125
3.86764705882353,0.02781107216553745,0.014312245738580968,0.0,0.016542194830775923,0.009900649696492493,0.005047908622832487,0.010393614602194508,0.0068657297040394995,0.0014808394198835128,0.005317562606136649,0.14720822038700165,1.3422013536609465,3.00839432552914,13.705039121941748,174.76787137575266,0.0,469.10268262073544,196.41470446823362,58.41015225978491,25.577242958779273,0.8496510889435556,1.4111425580115557,1.3402296129635982,1.206812778099784,2.908168088307824,3.051749169788123,1.3298343401229178,0.060038455296785635,0.0,0.01764539010239543,0.07237802392744414,0.04792121763371972,0.04646136509022733,0.13136022910462414,0.23870103391218223,0.15204136698839457,0.030301222928896705,0.03842395337304883,0.044626695737775966,0.009887537681298485,0.003944941562560297,0.005487365713035339,0.0,1.8470940942901644,13.373283565465538,31.03328760499194
3.882352941176471,0.09308423490005366,0.023015539066430387,0.0,0.005987161288526315,0.016145981723665777,0.022037378435753693,0.008235192029051618,0.004425971857782614,0.005377905171159766,0.004050730212940916,0.027419233861061387,0.07949599050013856,0.2803430741558358,22.3786827322459,57.33296771838839,0.0,20.945709636228045,253.08233745588478,58.98831108294132,9.235368618329872,17.534321285296404,10.811877177545671,0.8500393511304728,1.667893653408293,3.738332215493547,6.416786180272848,5.197155193321647,1.4598690749788317,0.0,0.07322565678363344,0.04893324666328968,0.016196365055111735,0.030677288058601492,0.0348649536174431,0.011751970650300586,0.015426698132083234,0.02016447813159963,0.010969517484871016,0.007460881105175576,0.0032952915401920444,0.00330278002909458,0.10106618233028783,0.0,0.082163815337787,2.6867111205434604,3.347089840935218
3.897058823529412,0.02913615801417358,0.00440657498511412,0.0,0.013694233354535703,0.033006435485367934,0.0271595853654248,0.013401477441837787,0.009626435849104772,0.006411527586710633,0.006046894712329051,0.007571814864837009,0.0705357484520223,2.2683033280558895,1.5910434360943109,15.1360873031982,0.0,11.666376463036682,10.636918385648546,24.474301128230564,14.694564161124084,9.113140205610433,7.203116383738396,2.3820960245173803,7.578211730523037,10.038068313002501,2.0492798913861128,0.3147386516781795,0.24381081138701188,0.0,0.08451980695257463,0.04013501208697097,0.04623369447879466,0.011205420687784948,0.0037861706737433005,0.007520256631221262,0.009859202806759625,0.003255602315487376,0.003976619405619357,0.010755450313310435,0.007627559083890699,0.00456126762997195,0.023679823416296826,0.0,0.07280382225361062,7.689028394074202,35.04785079949057
3.9117647058823533,0.05846474354359194,0.006129090477012756,0.0,0.008605887919490858,0.006550876443418091,0.012444261557853315,0.01113580681622231,0.0023736596032455466,0.002604265982048762,0.004279376655133236,0.0060653827379738845,0.07015088188266118,0.6249113058072508,3.350176848701202,2.5283920483415834,0.0,0.9681775420872514,63.64635092707209,158.37432041161827,197.67172989479548,144.96115724118852,29.892356399843862,7.206203969569245,9.980507382231544,1.7379891670524874,0.12365587987787297,0.4342051448536879,0.19345760546950028,0.0,0.02741727023541341,0.019255055218926093,0.007747446339154089,0.0024549565358040638,0.005689497870004554,0.008854061971534261,0.0043825048943472245,0.00489732169346114,0.003578362721632662,0.00336492369606766,0.005107545799902696,0.0040801683584559805,0.012440735649064696,0.0,0.19660008927942896,2.72658857469566,47.393388131837824
3.9264705882352944,0.02477128983024872,0.046574641829590056,0.0,0.02598174893794815,0.013580630436771319,0.006965362762509572,0.003432013857599758,0.0038962899374662806,0.0044574654316817406,0.006375440470807181,0.004557179701508631,0.08063310702800164,0.19337535273612544,0.04729942859893443,4.619980720718267,0.0,43.799975364239046,35.44927240102574,131.653206320048,299.80013554174457,131.67690826332975,67.55511875637066,22.829692641055885,8.34893476740668,14.481238999490603,9.627100937022561,1.7063810109895736,0.200273882049679,0.0,0.1139115340598071,0.02058019432040075,0.03413250314013378,0.028688883338238387,0.008722703985857987,0.00536389759588537,0.0025847950526516035,0.002487434696432286,0.004859593349173286,0.0014275782189442584,0.0018024898838140458,0.0069137507975035855,0.029338439952845664,0.0,1.4579385563723424,2.2500334034841862,8.712660101641312
3.9411764705882355,0.033788833535314075,0.019928594974955315,0.0,0.016448988506897244,0.032720668517899176,0.021181314265085165,0.008408928505984594,0.011547106054106828,0.021357326022832107,0.008980742550098833,0.026948465271906807,0.03149841110906267,0.30884850838038796,1.2526437007227478,4.877529694194266,0.0,26.440185844569932,193.2162256214216,93.06805364536046,953.0970081033288,1021.9997120446869,41.65589510647551,286.2922222629783,762.3210275596078,652.8605200193167,200.6439398863329,9.992251311257345,0.7053360392268909,0.0,0.21152756367846312,0.08120448084419271,0.009981862400652134,0.06706387977675392,0.03213616452935933,0.028261871053161733,0.006095454314158911,0.006627375338059346,0.003746563650834968,0.0024631500188696965,0.0009605311492720072,0.019742474349553365,0.39839772331862083,0.0,0.7757452676792755,6.127155930653856,78.73483546162987
3.9558823529411766,0.054679846961962375,0.06000185193690188,0.0,0.025328266133936465,0.004730645315543679,0.0063832509387553756,0.018920070718812458,0.021078760896486044,0.007249432505459566,0.01815738429532821,0.030273744896848746,0.007750131340166644,0.00654293688090109,0.4070808595886531,3.234176204224818,0.0,5.539427617717986,207.1783016807213,1131.8343443835174,548.4374451146388,1706.6778879519902,3239.698420708848,1377.1630154051509,1930.3075356832665,1549.1515481552528,1380.6165540544516,717.2696542405945,318.1865601137822,0.0,27.231265238827184,2.899265208916024,0.4675236221094493,0.31922636595896503,0.11147955250107613,0.07920532775576361,0.034790075524108816,0.0034835573047795223,0.0008328756175816702,0.001669002036574469,0.004223910317577309,0.009836219570745108,0.11983155122044215,0.0,1.063710374480779,13.440861796229944,13.112076645851069
3.9705882352941178,0.06845664717902725,0.038022052991453094,0.0,0.030999957191889766,0.04454251902756592,0.03104058623528521,0.00837332257418777,0.016458424436476944,0.020571374078710652,0.003525304266422157,0.01628361409961982,0.006837357230260274,0.05550923863423334,0.06542934261243853,0.47875984528619225,0.0,3.2600834356145363,95.89858161041485,131.96661556794749,58.876401650670374,519.9409957454078,184.74789247753597,3005.3001883595152,551.7815993482697,555.306722528036,287.20615687198085,451.07685062294655,1000.6019156926509,0.0,474.49275643442843,39.81967174158444,0.8677142806215179,1.2782440169222566,0.7465940066014825,0.40114910065492193,0.1926227166438512,0.004101327266671612,0.00333308035797674,0.007041475064250063,0.00559979222420111,0.005034915791295041,0.06576818525853183,0.0,2.9473949230418315,31.331730059945063,110.29589249757271
3.985294117647059,0.04360025642666387,0.07354748679897244,0.0,0.03412835549754375,0.07469322213660581,0.08016326308499969,0.030048704315025054,0.012704331249873734,0.0049992566144915415,0.006592921115368204,0.007724775856304265,0.034204299403251495,0.09183836737273678,0.1635306902938416,0.44645667048803017,0.0,0.4922016215598539,2.016706410146792,7.652351182495492,66.05202589277945,182.07485965821212,34.95132523912349,2155.975325310648,9470.817688630912,17658.63816825257,16147.311236070454,7168.544803912302,3031.3477833956094,0.0,1570.2572860485332,204.17282145795699,9.386728932673103,4.8758377591056,0.5462552969721889,0.14727898314353294,0.20406368476718456,0.0318809394313948,0.016835045361442848,0.012730610845925958,0.01661424162054051,0.005311830279122314,0.21101403533647664,0.0,2.0166051720633256,7.979679379408733,9.319623423451139
4.0,0.19417590290227144,0.09616096335340822,0.0,0.10230289920731017,0.042857156010933053,0.02215344724508182,0.04698249174492868,0.052269562221862784,0.03999871089117917,0.04299038062186379,0.00901388347965337,0.010944589507734338,0.06078860664886482,0.04677019278371725,0.08700608856562284,0.0,0.819383555828169,8.300017744846926,21.92150155851747,109.03019116524487,147.30981448879712,29.043057226903127,155.84675166418782,21.47528167119352,1064.1739275261084,9877.977777212847,20974.6700337659,31828.657486224063,0.0,22586.492389154588,1389.2782247187956,381.83064437460996,821.0120890445525,176.98692723029419,16.910343084695636,0.41181939213446506,0.07856938332386978,0.11883489154823229,0.017194996797305264,0.05742394125634108,0.05451787245959873,0.08872617306636488,0.0,0.822350579427151,3.9640945020045097,67.54993047448075
4.014705882352941,0.35457903485636555,0.22863000669182476,0.0,0.2634283780903939,0.3257376885548855,0.2696313080784606,0.34515886904996074,0.17274810407416796,0.2759955365656742,0.3055709961931443,0.043730072880162174,0.09482187681370693,0.1240679338636166,0.0443315732433747,0.22149861023589132,0.0,0.15409731231144264,0.35009636809808653,10.151412665818942,23.613114684143504,33.59405383495219,37.244865500872464,40.31559230738534,49.01400763564706,23.243678208103827,162.6887986534051,624.1899076982932,5615.5518534311595,0.0,22181.83821241858,58613.1411336487,63455.41046980859,21889.38840503517,3349.9145867659813,949.0315921460797,115.55127856707904,59.3148067534353,1.2622365723342628,1.0549002499768387,0.03720192718023643,0.025724925355035646,0.03568839907729458,0.0,1.7057661087529512,3.6903814656938367,33.17073479367646
4.029411764705882,0.04662964378911422,0.2968408013035566,0.0,0.13376768745657736,0.058780026656764836,0.028845204518796595,0.10725148014649023,0.03122548062539842,0.05663646494458437,0.06139933655461412,0.149622994441803,0.208622691050583,0.10377859400820837,0.16738351280652214,0.3471224162477484,0.0,0.31201200129303513,0.19722162188666553,0.3395271860789446,11.2980375424466,14.997437323401673,13.305519786995887,30.39467165302191,5.4341532088651086,24.099111060786903,54.34904754414952,135.6459771543677,130.56638487463476,0.0,535.9043674138888,380.7132032377052,4559.143257596021,11960.686282181534,2697.9736046180597,7314.521689154333,2219.7952203926643,398.88816764404555,30.67423174313266,1.3080119435261537,0.04598658816525166,0.06164848047108057,0.13513690481279256,0.0,0.5341021280679559,3.8161833270574395,39.0263085057453
4.044117647058823,0.39134152056288557,0.24465823659353447,0.0,0.23241622903794917,0.09764714850783038,0.20568158462684138,0.21279468561514553,0.1449056460443715,0.13085801262634753,0.14487361972782353,0.20955455815436497,0.42277630502447355,0.24618730568072544,0.24110505824870582,0.2898950190514854,0.0,0.19099259705634297,0.5265951588758084,1.4061620256812164,7.955053619746776,10.662181281501299,2.944162191891871,12.87111765971434,2.9979970716136477,64.35253548443131,78.37817913803907,3.4232849985890743,10.962395138891903,0.0,247.63149216617575,645.8823677061661,1173.5283365495636,2100.8652854932648,5372.786538188331,1666.8258263180082,2085.672753085325,1317.6973849980304,266.3008140145688,21.88724085366914,2.2466864386499954,0.03424664827149427,0.08952408334659334,0.0,0.2901426232344366,1.2605781211149503,9.733023859694573
4.0588235294117645,0.28024542927716856,0.28705152303818465,0.0,0.13021829587846934,0.08488277836171439,0.13031293545075195,0.09616135863775732,0.06924371382824931,0.047983366368039904,0.03688838226267743,0.3701484392751523,0.6225460638453496,0.44733004774935325,0.21727358979272737,0.4381518104295319,0.0,0.5269664781401465,0.8428494403488077,2.4108202653964605,1.1984382602941897,0.30335489041355324,0.6666162839373313,5.692166741110945,13.115045999793463,13.187118638969476,69.257890965472,44.51121529863464,70.45869138260397,0.0,148.96465499981264,44.009299193996355,12.68518050392627,459.9822250996493,1830.1494874941907,2390.5310134271017,1891.397952940138,778.448181519637,66.33585367068042,8.631035849602476,0.9010300210841922,0.25696758578359435,0.03670353264344271,0.0,0.19674792835994662,3.4808293111364894,9.583199745703421
4.0735294117647065,0.20929340703927768,0.19669931139915497,0.0,0.17939757708423196,0.040400664575948944,0.06550868615040352,0.21378594917744592,0.23094296084599564,0.36561295142176364,0.6273505634397298,0.25489882023851396,0.2019463152404592,0.640091531398257,0.16151108627862032,1.3246489800576602,0.0,1.679988978009972,0.427776129363693,2.0393808248913903,2.376517607107959,5.53806040599148,6.203675867496322,1.1205974836185997,0.2698860071274618,8.441351300973583,24.04988905559181,4.771039653695086,8.841517421241777,0.0,8.63290771551834,5.09007266239342,1.436243006698543,108.23374766899475,447.97953789874634,771.8081768431744,911.1362845438962,450.03159462254405,68.36156752228231,19.509380192319565,1.1367823303768094,0.11450771570638876,0.16146140919173602,0.0,0.3104010021732328,4.982899280493717,62.66294981399423
4.088235294117647,0.18895904444466094,0.34170789747846914,0.0,0.23491644223986802,0.05341853519884146,0.0388152945011616,0.06797586596620278,0.11221759557202517,0.10377729968525934,0.10538778971889375,0.057666412024191024,0.07700729011338726,0.1030555333313139,0.2824970759750796,4.668416468589339,0.0,4.826917952515124,0.1469857814410655,0.6601479135917361,0.6347514735949542,0.7832189927538264,7.469821118269869,1.3572249633772289,5.306712571921992,2.36122406382399,1.4246952750109951,30.3441871245239,49.51427028885266,0.0,18.357918440838468,2.3785817732088446,8.1811178593279,28.112782012398316,38.90091784255269,155.9279559132516,115.54464734600208,27.853349746980008,41.989138118063906,11.975432916893261,0.026511119996338105,0.047370596997263426,0.0539444801852403,0.0,0.17078411640904873,6.802878993472307,85.13088390801862
4.102941176470589,0.023586472896885185,0.029945443769248806,0.0,0.0069426538828014335,0.012958386209859426,0.02572605155737021,0.011809204817088003,0.027446559161716642,0.018466890303199705,0.012964242527429233,0.0703357677632221,0.13718368040146486,0.2317088441790273,1.6452178674600892,1.983485492912387,0.0,2.722747273164888,6.304769923469406,1.7843035396004177,4.874639249841923,15.207035547244342,7.136615299639378,0.8416996651872848,3.3501631965397674,2.962259472457986,21.559233749589247,17.4779467667883,2.03633322032462,0.0,0.8854123648923311,8.597647940921163,18.22513689773791,48.83009663069417,99.8651753800519,104.82688983512747,50.73253857539493,7.117009783453418,4.813527146833822,1.1560607147570419,0.058485315298110796,0.02095522785140462,0.010395417158428942,0.0,0.17768178723544867,3.1131682664845686,53.80100921411921
4.117647058823529,0.03370764904815267,0.01989550312592571,0.0,0.03517249850767803,0.04026152119535199,0.006601305585842404,0.011559239874975851,0.023586005091435505,0.027632947376235888,0.03999440945164976,0.017544424586825813,0.16801550538009324,0.8482490433800325,3.171462067816263,8.832163736221997,0.0,4.160150069760847,8.467927614478631,10.998116988472987,0.7409262586479868,1.5637399209873881,0.8781826772506715,1.9162031261439318,0.3955879321234269,2.029250056245571,3.2732169365824824,12.977615940137575,0.9320810793471919,0.0,1.4919461649838421,0.7895301705538547,1.8539499011771456,15.67163438673728,10.830434138255061,1.9432013294325432,1.3613306949306203,0.8761356572523736,0.40352999716190585,0.018094703237185435,0.0054846867647019345,0.004152987708424609,0.01796148552582169,0.0,0.02663928446503413,5.147342289245858,29.008291997154757
4.132352941176471,0.08332001145863291,0.0129708761872871,0.0,0.014472396951417301,0.01793876422512455,0.026436858649380304,0.010044143781672732,0.0020971218988063544,0.0033276851465719633,0.02036486934517729,0.030172664563789652,0.07241903389602339,0.8350773132020997,0.1293085743263884,5.059163508983553,0.0,6.870954640811382,6.830490692942261,26.776471835234133,3.9693979768793186,5.867504817411647,1.7822621109728818,1.1516769107627685,1.4393232962072982,0.8919307090552413,2.0559482358858374,1.712953952941648,3.7004504576438717,0.0,0.5439932116134314,0.7695423661597496,0.27410765237808565,3.285605519351113,2.9397443810780786,0.48984133281702635,0.2836758478945841,0.010429013250190935,0.009722989113180223,0.006882749319671123,0.001051182828738451,0.0015728725696945358,0.007336568761773934,0.0,0.030514562965862312,1.5362129810196337,15.692545489647472
4.147058823529411,0.022934329374404632,0.011522220943923847,0.0,0.029783401702484787,0.011902187427977391,0.009627888213007033,0.01595535067194649,0.018251802707840326,0.007842982964042032,0.008098871216935784,0.01591839423340554,0.06073377156720502,1.5451110799917678,6.131462613141656,4.460187395563765,0.0,7.272722900109622,37.44948883765097,32.74740681234592,3.121892610696019,5.21595715842575,3.414571983886737,1.8656745922979017,1.5184092585045703,0.758115260652455,0.6907159275753785,1.3159627353620134,0.8466666361749373,0.0,0.7883446034809084,1.3649148943244471,0.8766566641099187,0.7539061791545514,0.502336682099987,0.025838725862581336,0.07613571033568015,0.013071731284448345,0.0030004837732222796,0.0015653897027686672,0.005197918884282021,0.0052574519296383565,0.02273152560468992,0.0,0.13057239189686298,1.1730135664121293,24.66803958394148
4.161764705882353,0.054072198330198114,0.020936150941326098,0.0,0.010234013420745494,0.006373889204782947,0.012164710960930825,0.005801768987687847,0.003873937093723092,0.007982830045500953,0.012656526590975497,0.007194439811692202,0.1012939990851758,0.796941792155173,2.2329141276760565,2.5339827420105516,0.0,12.103877030446982,2.787045934508955,15.975911067170692,9.900618881231757,1.4617621834287164,2.090147590803474,0.9225270399392207,2.9695047565274653,1.0606995734326041,0.07238998079865594,0.3684167559516268,0.41254581349115715,0.0,0.17834717538402256,0.06528134539905797,0.034893009859515225,0.004586406605685681,0.005489814324530731,0.013715304314247922,0.018902691293290932,0.0019372073516594301,0.0012960133235016904,0.0013501338483204676,0.0022913804355227992,0.003199654359470303,0.004906102474385355,0.0,0.2760670718569097,12.228963664041462,63.66336969970986
4.1764705882352935,0.017580131047091864,0.013610556363809081,0.0,0.015783699108355486,0.013680922222038566,0.006622610927033147,0.0026530933746855244,0.0072701242217012105,0.005480898247766285,0.0033717330502175376,0.006173169604092155,0.20813945940353223,0.3585189084323621,0.6600534263861091,2.4080322323122685,0.0,13.330799167159093,15.254467783818246,12.091850336551245,1.0674783327547472,5.562637937555843,1.4562599880810327,0.6783965186608996,0.3445775771898974,0.2654499851244837,0.1412014780620975,0.06278307959457237,0.02593424425597495,0.0,0.009337413254797314,0.0012586668517993226,0.0032697381132967057,0.006814869140233217,0.005031208149116847,0.0019637168007368227,0.0016692645499757866,0.00316223068692294,0.0010108397773137324,0.0020268004648371974,0.002050133526826932,0.012519947647204347,0.03166219610379507,0.0,0.11188278703954345,7.378647038230875,16.737350943048195
4.1911764705882355,0.05828755683776461,0.024254474328005027,0.0,0.022190305267100446,0.02359019885265764,0.006767463601790837,0.009502263907202576,0.007870464607688227,0.00489772755568442,0.008814603003857406,0.007959312795120868,0.04249623292576889,0.4123014823600528,0.39296572709370714,2.5976338316848944,0.0,0.778161320937911,9.806988836049152,7.326133485064949,3.0116803146278373,8.741061685641096,25.359056626799994,19.14704230518322,3.9079189930353064,1.3647771828294124,0.2761527837868673,0.017247389825470874,0.004594290419253324,0.0,0.002176376023070442,0.000983437522049819,0.0004992330239876987,0.0016325600348027214,0.0013403760659939103,0.0009899355396917856,0.0015745210777146823,0.0021445315421266733,0.0030374544353899014,0.006597375098368523,0.0024205765978490192,0.0041925383124383365,0.04690034965086006,0.0,1.2474971707085545,3.985629774655588,26.95934102554953
4.205882352941176,0.028898269544207576,0.03419933174336223,0.0,0.005790193362850564,0.009005811281694857,0.01641642946240951,0.006069929395118559,0.006115768018755875,0.005741943280853003,0.0052206969234079295,0.004068776006648995,0.013196070398746665,0.5716607694173259,4.175386188852115,5.8331353200848675,0.0,11.215843277190219,8.379223575879388,8.847666895508338,4.613072452666899,21.501360962124373,16.734003040013896,20.470013109969507,7.164544913798113,0.5662396822870165,0.22140155902418468,0.026773089632605752,0.004762166346167766,0.0,0.003927167421985337,0.0006029398996314323,0.0002481602156960604,0.0017865798815041507,0.005114508975697705,0.0016113584626253196,0.00206241824148907,0.0016589730289644936,0.001106352367232299,0.0020395871222647984,0.0016505786772653664,0.02125284134368685,0.03091697793822441,0.0,0.6309738489789307,9.274806290073496,6.724964311008286
4.220588235294118,0.02281120500504679,0.026765734041547598,0.0,0.010074269243872683,0.009028128388712532,0.014495752709061633,0.018552378701116572,0.015713900887884224,0.006279194410145407,0.0042321267656185435,0.005915844441007467,0.015997306083077357,0.10302418433507254,0.5059822570371627,0.2647256217489143,0.0,1.795769319945475,7.471127761242139,9.248451495409792,14.033248178099104,5.751893415145645,0.3763678314722173,0.4885571149267003,2.6864496174897488,2.6709663979138796,1.1786347717717676,0.08408594611669953,0.01695131762008205,0.0,0.004878668465570494,0.0044059136200557455,0.003319140414641087,0.001537729395934724,0.0002578581787608719,0.0010337371228769042,0.002448525012224406,0.0007569329170956041,0.0009483576351859006,0.0013730491931958533,0.002402048020324042,0.005395685345926819,0.024094029831163814,0.0,0.47373060869528477,9.75597134627365,61.72070784795561
4.235294117647058,0.08580551566549457,0.03667502853029953,0.0,0.010183951728866871,0.005333328469008451,0.0039813757399486905,0.012282420625355835,0.01699377406526878,0.0041016731176813336,0.003082537984190834,0.004546596050108853,0.00608930180891592,0.05308991346483685,0.0293817742831943,1.1923742189285376,0.0,7.035053022257381,16.151273639622122,17.58122840494756,14.387822730395808,7.203622657658782,1.3139697137311956,1.8410580429921621,2.471641557157838,0.9771908221485293,1.0115827906759058,0.253658933043474,0.05357105254675898,0.0,0.0026401881988737316,0.004647061785431584,0.002221534082555558,0.0013490625035969274,0.0008666509849298129,0.0010763475551026959,0.0007585653166283067,0.00048270179812906304,0.0014282989771513535,0.0019385235461508142,0.0028274167305226477,0.0018220103479546887,0.004978981842965894,0.0,0.7788905347094519,22.922146561617772,52.33288256431781
4.25,0.1282819244654907,0.05406348005275983,0.0,0.008112561893719611,0.003218793929694861,0.003543183976486078,0.005966958546313634,0.006355666814536838,0.005511329201460066,0.00816573634402942,0.009836367247362502,0.022195002285733956,0.0494014870917238,0.3859377231408727,0.4283811004495914,0.0,0.3927935088277656,2.265288970571013,3.825901086367011,1.2442623439889648,5.159644874366311,1.7950034334339287,6.678753416373915,1.2453679207964028,1.0718018353137682,0.2717208967875439,0.06107270454039866,0.07796160330804283,0.0,0.013553226139113781,0.0014376321302321951,0.0023347602405772985,0.002886787599939662,0.003068102137621918,0.0051412867316392484,0.005778746921825349,0.0035568536442904704,0.002159138212779972,0.0005430263645071058,0.0021409403130621353,0.0025280574732999567,0.009011105019835725,0.0,0.6584710002018858,12.65576462133476,26.687096239138597
4.264705882352941,0.05017274760348549,0.05195939433751764,0.0,0.03188349732432147,0.022273816361963995,0.017875442814138276,0.007382712141601447,0.006191865558988189,0.004165058725916954,0.004017302362497019,0.002561098569063186,0.03916395462742163,0.022151070967814792,0.33264531835491884,1.042698901762948,0.0,0.5311931801501224,0.6448294348359431,2.3518258008464445,2.9103606801343647,1.8675408112506442,18.309801209610892,7.8161790110867155,1.1127750303445558,0.3818504743333301,0.29908131506827657,0.040750230293910616,0.08648339542774028,0.0,0.027038238655180236,0.004567682271870051,0.003250166274620181,0.003425281406194194,0.0027789404400978815,0.002263481190611323,0.003049207014226731,0.0009024212011953879,0.002471350386639738,0.00428642903572688,0.0030978418935662523,0.006285094564065321,0.04391248190356268,0.0,0.35221352133369466,4.716380543333002,3.560125765156298
4.279411764705882,0.039703652065668275,0.007340119050725897,0.0,0.02890136611809771,0.010348130748290227,0.005307766113294558,0.004565661838800468,0.0032517768610012196,0.00823489792334369,0.008121294538890217,0.011219735018339904,0.028329629767532484,0.04064661633159375,0.3002471844238652,0.11487085857457868,0.0,0.806720842483839,1.9155420294782588,2.1024673069911017,2.6269176348305154,1.6303197291340776,31.336564764226004,129.4128314423296,52.183240008662274,3.8706984843555716,0.9941078904941072,0.21863444109761312,0.13542537879055958,0.0,0.0023482270185037784,0.015723661628025278,0.045953215775770745,0.024738254877374754,0.004779574149715241,0.004033830534405957,0.0029354560307910437,0.002256753918194515,0.0034108822283577915,0.0030814829889911476,0.0034068090294239618,0.0016444709075603638,0.03107507572021895,0.0,0.08977171453002807,3.061394113024298,31.87600257249251
4.294117647058823,0.04352219410936669,0.041755952603409724,0.0,0.031759963712164586,0.01573655452938987,0.0017138162392102178,0.002568360546071074,0.0039788370317339035,0.0026583726233347146,0.006334616726973676,0.0030722496933883172,0.008508547160906257,0.007625754901901299,0.04835962158743355,1.221053461871561,0.0,2.9981695822764216,3.826651250249433,2.004972588865696,6.449550194994533,2.4413653894344325,16.563901183553025,12.52448033662168,219.09316189715014,308.2282453932976,75.6136586571028,6.170638530892871,0.1513777931870963,0.0,0.0616654997620151,0.03587997980399969,0.07355671091866256,0.07385205931549207,0.0040546176974703505,0.0018200929029019216,0.0012209775942740465,0.005787630691490418,0.002276449747772534,0.0013519123170137905,0.0009220346243397611,0.0017091401308695767,0.002115667415644601,0.0,0.15928206170734724,1.5007479223396212,10.259511442002873
4.3088235294117645,0.05218840882786029,0.022138957128661034,0.0,0.011867479320609688,0.009111119339534336,0.01662422778220619,0.01999493674509849,0.013133866689234712,0.0039387412481967626,0.004635485382691881,0.00480766811141165,0.007701592168629456,0.034976593086205265,1.760457616521231,6.186027421406882,0.0,1.2509882413741695,0.426547826699631,1.744920990569371,3.9044984039413233,2.4259183684547647,46.51772793289708,50.356493664064146,18.616935175371783,213.69198852204477,1111.0256052242048,937.5876552710281,243.0652859265793,0.0,48.85417764553169,13.059187948678904,1.2033808073536139,0.08431349898917609,0.03784450702321606,0.012329439080513066,0.009747022863819973,0.0025298281505773007,0.0034419286488693037,0.0027607852223592542,0.0016124385060813798,0.001364110875216413,0.010900686386337502,0.0,0.5515063144828023,12.196954031019319,27.558457142731502
4.323529411764706,0.023888447660204475,0.052432304554101694,0.0,0.03806379392668056,0.01115484412151002,0.01682104905623397,0.01800609231624915,0.013080757306988397,0.009202145972865328,0.010535873003805452,0.006983830398810996,0.018765980363435967,0.02801610421400367,0.9008612235830793,5.952266298623715,0.0,6.195486872519705,1.2613180920770681,1.6205406424823394,0.6564631787519511,0.8768257829913664,2.3155499165969076,1.2796073747091294,10.337504049067888,20.832454794927916,78.27702716327833,180.84579954651738,377.76731264374314,0.0,1471.775616563854,758.8006541192009,115.97694224097008,7.739946505627094,0.12957737491302324,0.06434522887333086,0.04307293049906287,0.023718463284550222,0.003507120302841781,0.003564067632191567,0.0023915192333081254,0.0024913543860772547,0.02197197366095301,0.0,0.19791133150172932,16.123927548198903,79.74881206849645
4.338235294117647,0.039528104485717835,0.013645688118766902,0.0,0.0062948473200131584,0.01854125799046754,0.03991515674865491,0.022908524580648106,0.024218944888261578,0.01714939704720323,0.02328204170582083,0.0210789517508554,0.03210982441647664,0.06433929675564139,0.04721138693103159,0.37246154306177504,0.0,0.31222278498934597,2.5851228054108364,2.4898202640949996,1.9767048224739345,2.428952536235169,0.5812761078238209,3.2941263579178015,1.0394468460995974,10.643657136655786,70.33686968203037,172.1510416697442,1269.3730839808127,0.0,849.8859586265767,697.0849447125281,398.238577656722,23.544495063574487,2.384089848302309,0.8218615762279426,0.09019231727485075,0.08709182703958245,0.05295317274135638,0.001807950502877158,0.0012067932439757557,0.006492215747066909,0.022497434999102905,0.0,0.3315848342106586,3.02954156422131,56.866492101850056
4.352941176470588,0.051710734133471686,0.10724326756263294,0.0,0.029544124508887937,0.02315282599261314,0.019809968012751485,0.02258490749833249,0.023548898394268034,0.014462995388667944,0.04374416760345341,0.06988030076127486,0.2649629052268762,0.5024938185132158,1.006492791479563,1.9258006355924198,0.0,5.21019189033278,3.928125309431384,19.894437480071886,21.720131997976754,2.4490009701523148,1.2577610846264151,9.8145894743149,13.217197148283155,6.926403130653339,19.4046323476869,82.60000397797353,323.96208333807647,0.0,3028.3007545574637,6437.6622353214925,4291.567837937514,1886.201495124417,291.6691772894887,25.620399318685237,1.2621136461210194,0.18545272569118332,0.09365910888999884,0.022511147055751968,0.040590521359569365,0.009103134829853884,0.04893666839897154,0.0,0.2664375081868488,0.480454554385991,26.94215037788952
4.367647058823529,0.10212959005819486,0.05389976068749112,0.0,0.054011054275351716,0.017652921270368147,0.06999204583900259,0.05296844967803168,0.05082819127705035,0.0328999064297061,0.056935927421072244,0.12365299514732297,0.08430656397192608,0.43595645050991266,1.6456679663380507,4.527149062090901,0.0,1.9049434097673283,6.783041155135333,16.000141279184685,7.046348521484752,2.8143312951392954,2.213115596091304,1.552726659567955,8.118585872895062,64.94250892150819,79.86721443602246,61.42460528683543,5.024642297089075,0.0,101.66774127720336,440.0182263921994,3470.6119309726273,3559.532977412856,3396.5498729952387,599.3710380132258,5.248772989386746,0.6851843741902208,0.31356702196123054,0.09866615767762307,0.023651011707118468,0.027641041189228673,0.054261825571298467,0.0,0.26096129415558633,7.824181505316822,21.55598230521249
4.38235294117647,0.05822969812425077,0.010416011281913705,0.0,0.052449965437157756,0.10144219607570318,0.05471263831541977,0.020224739395525052,0.05041140083146253,0.07056254579915242,0.03699343092128299,0.021806021354911692,0.028418424345038933,0.2749589180376496,0.9295044098354979,0.531113298631678,0.0,13.2076234011505,14.141015987418804,2.4050577618942333,6.948207142672704,12.451573328820427,3.1375519458686876,2.2743510740300446,7.901473266063627,16.826212744595036,10.576317027209502,5.480993762838118,0.5812386615296976,0.0,2.587853036154412,33.98799724621847,136.00643296383035,3288.385096775747,9219.885840817802,2893.9311554524666,110.34063925585454,20.471087164028166,1.1885681086937865,0.3564162913487138,0.06526247752830715,0.01752582145014845,0.008357484403236293,0.0,0.3664183232974195,0.7124846638443093,16.245565179119254
4.397058823529411,0.01988290015051169,0.01488738605684519,0.0,0.03271035539347128,0.04330019230843213,0.04248750387345829,0.030787584806977984,0.019021027868390397,0.005935889542727383,0.010061571043390637,0.024359724957648553,0.03487069918465602,0.32463740920280787,0.53000360909242,0.07522590755436201,0.0,0.5886354640099714,5.175538016907597,24.817571968374747,64.77679613888975,41.32730551890273,16.859568530714892,3.945948929049811,1.2729440894665796,3.757301628879052,9.740837344332366,14.119449420475409,17.723739493323937,0.0,20.798177798566943,57.873050332956524,81.73037122236039,98.58494866036499,1651.4341360003914,4851.98021350797,4720.671230260179,1274.2851840958338,130.208765156894,7.549063010628453,0.050341596086590064,0.08832794590215004,0.03467279515791161,0.0,0.1489566622420975,0.47748325440501205,2.6796924753677214
4.411764705882352,0.10155621870012826,0.033786113660891764,0.0,0.023231257616144172,0.004000726898652692,0.027632990435209986,0.03559317512552994,0.02431408567372617,0.012941720851160422,0.019982883688032145,0.012589888295358774,0.08462937098584133,0.04039870683038168,0.5169618043202743,1.6662789723224938,0.0,1.2854786371285676,1.6033527710271156,49.57027153539185,61.478148136968485,3.0466667015344067,17.95316421930677,4.828420770215251,0.844888997212272,3.1944506708910314,1.8864858458412073,3.773421396100902,25.91544255271738,0.0,38.10765903206658,38.49656486925825,90.57925928903744,454.6211665469634,344.8937729263092,1477.62508282443,2321.1111413076023,973.5041348561299,474.30361991893994,24.575565425174393,3.9070294926736997,0.0562267159255522,0.04662191766427673,0.0,0.09726519441811399,0.2876144006457041,1.5278528563131515
4.426470588235294,0.08114535959117693,0.048877020056644814,0.0,0.025488705268449142,0.022059844222654824,0.03948413024956472,0.01077803838522438,0.031722499222402056,0.09794148768210256,0.07617356053817312,0.02160415223006607,0.32357035433442094,0.27903620219961656,0.4876259191842159,0.8915419159082352,0.0,2.0775881540631893,4.026855773805261,27.3091722690422,23.58057744695467,11.346854078994692,6.6702446589702316,2.509411391194555,5.244926480078678,3.3654001773463498,4.303824366813817,0.6175469701715925,8.889839432207353,0.0,10.477802796655169,3.267063068597439,1.6886199758989426,40.55891968468128,521.333060468415,773.1744759600821,272.9642261701056,331.76416073892904,361.69604732391247,47.704521999160264,0.27377618110480373,0.044184611127587356,0.024257339703148403,0.0,0.19268475019053577,1.7917024089593532,14.174486363614703
4.4411764705882355,0.046964424285739916,0.03817298468863611,0.0,0.05789526240322093,0.01939485875777179,0.007823186752798202,0.01059643838677177,0.010305771304906158,0.045147653527720905,0.04530497084550228,0.04392349600958397,0.3507330755845157,2.8606623055555787,1.738358250627474,0.47836074609874996,0.0,0.22021005322314502,0.7357846889230453,5.192028919160997,9.785973256936316,2.6524709911539555,17.525586993875606,15.80165558068992,6.142517766159111,0.7946860901314619,9.482170557612351,68.52720625545965,36.31027991560916,0.0,5.158882768745247,1.0605143151892034,5.076891208912479,111.7879827668053,106.71159505042836,11.978457053880184,3.5642906205471117,69.25841346511558,74.98838670165699,8.568827475351366,0.04423083567427269,0.09769631194903072,0.05083539158547623,0.0,0.1673458557604015,1.4176960632262423,24.26403991754116
4.455882352941177,0.02412432648834935,0.02067741556780605,0.0,0.0185424731143669,0.004841175706059539,0.008966369164211098,0.008304732052071117,0.011929972908530087,0.022943590333347804,0.0733553250679403,0.058498938452083704,0.443235456330668,1.2953379582064741,1.2678977063174228,2.6875665471948205,0.0,17.70752952736133,42.292568832154934,35.8223015750083,12.931713576778456,6.233086035572538,0.6442964501644566,1.4618055931187586,1.4889323336500597,1.7390629715772308,15.79865154070096,61.82291511096645,15.509373280306345,0.0,78.40169919719473,71.98023241561151,17.88562736813291,36.13964260357284,6.264069491484975,0.8820198330672173,4.011217513743827,4.263772446055295,0.7786013544058992,0.09996233220425405,0.013746312231385397,0.005644492237100706,0.0033733007863337335,0.0,0.07301996972629204,0.7556071076819121,2.1424107920992976
4.470588235294118,0.037492762304529775,0.01899805870502105,0.0,0.011440698777518838,0.03196841396877523,0.022678208374997726,0.019084429611105524,0.0072076913085152095,0.006682765196971861,0.030914890894921884,0.054115741779068936,0.4155520584283189,2.602776376325881,11.293806689431438,30.126652876209146,0.0,12.54865205859073,11.048238735228605,6.412394442794526,0.5650408192183194,1.1603310515656546,0.47850267126337487,1.6851553332303884,0.8920324204375445,2.4316064607058108,15.932166906692313,18.721178649366372,2.704485645010187,0.0,0.6906794107065927,3.7118193258984995,6.344346219705772,19.616538420659435,4.241108209993227,0.15551291096798978,0.64998956977736,0.3808706145829789,0.059466742254426753,0.007296467757666719,0.002126173485535207,0.0024826397906806815,0.007173115061940052,0.0,0.02062731729788984,1.194906967840422,10.932978812985066
4.485294117647059,0.0986600676250022,0.0254731578217356,0.0,0.027108840020219,0.014996340307056075,0.008451107333451145,0.005519173397886562,0.017328211278608063,0.01289376041898229,0.0066369208221936,0.012165461689879743,0.07203794451827512,0.6211452286095771,2.611931010730866,3.673041651927502,0.0,1.013824125533184,11.740997574607881,1.5555078808206908,4.830853521171248,5.841510242160604,1.3614722296051083,0.5776484162488239,0.8523576403624472,0.5876527169839939,6.378415706095908,7.612489646460875,7.3584502719746645,0.0,1.6865197316609342,0.8810866115045668,0.07795684901160646,1.1006005885893222,1.0163661610343726,0.06972450049837021,0.009773600961709674,0.0060146295570194215,0.006220971667619145,0.012968761025823347,0.010804844884500803,0.003696001019276817,0.007818072384644511,0.0,0.019519654833358817,1.8706357185350837,8.234766192887427
4.5,0.08029930245882533,0.05226425461469083,0.0,0.007528366438173626,0.006559752504981487,0.015240102190184547,0.009152821920875288,0.005164563970165614,0.0026760422866571425,0.010271742385524408,0.021379999111678996,0.12776113584874857,0.3445651990820966,0.7145097587640328,0.6081010105783615,0.0,4.8573765225396475,2.0545326492539604,6.890504359650331,4.8547050349607925,2.155624698192875,10.745664429062257,9.942157056085145,2.7364178296379307,0.9317157702781516,0.8370744214570944,1.6973463298617575,12.08646698607015,0.0,6.464398612764756,1.1213389491865742,0.20898609404736668,0.09257238309944198,0.4739432985763449,0.30323346735425516,0.019026016496364206,0.009901601135024059,0.0030826645709313206,0.003000353581385193,0.0028158833153509788,0.0015509194424594788,0.0010678558962050548,0.0,0.0940481336373761,0.12718445344103632,5.134704801103744
4.514705882352941,0.03427097880057544,0.01002030897106447,0.0,0.028688239340917424,0.00955558674347523,0.005563148912171217,0.011528000155717883,0.002617250473611315,0.0030257430376052375,0.0031479768647268164,0.03391763247554674,0.07392395247238168,0.01153661188215677,0.9590164791311903,1.1097123909672133,0.0,3.6926411075041914,0.5983984829419903,12.221554422730513,18.22276468692143,4.920029709288271,4.958646728865096,2.980501675244513,0.7265545515608498,2.785071441656868,9.919297455911007,2.7958470958394477,2.1758095998397007,0.0,5.246269487375239,6.624374172911667,3.9712724903206196,0.7925188503285394,0.24971939551003977,0.2109192810219006,0.20685011005938525,0.017280569843195846,0.0018683210082170707,0.001721138664190304,0.0006280684830372853,0.0009107468967128908,0.0007212828393290825,0.0,0.0712997639167737,0.8846483361765134,2.829381055819062
4.529411764705882,0.0344892760001039,0.019875417871008834,0.0,0.01967878401073278,0.01742067332376944,0.010744383785464579,0.0026053047211276985,0.0038488832553696993,0.004177025638277395,0.006086203864067437,0.00992836922428089,0.044192947273603206,0.09813734247663983,0.5875816670404079,3.2073777088257724,0.0,8.65569242402395,3.3351543008833984,6.635873132797752,16.585391848641788,3.4965224135732114,1.3698329984928639,4.383115235211201,2.965808743457841,1.5372648795963526,0.7064377351850266,3.9061532413694398,10.746809223977056,0.0,6.112182795311854,0.38839422081858954,0.6273770214443863,0.46855857264417455,0.46908369418570794,0.0457232654927828,0.031724571239716934,0.0178711796562816,0.006516807349672187,0.004160345736305202,0.0020484042853947024,0.0019820189332262644,0.008881140107151714,0.0,0.08303632600136815,2.6677037137410826,35.61521622262532
4.544117647058823,0.06782364156398016,0.04104524640742877,0.0,0.011295176637747407,0.00941465572244998,0.0030787139269043634,0.005229622984609486,0.002320411824819951,0.005671680348927034,0.006224453866078407,0.00198398880563598,0.020637026487626577,0.04068955146097042,0.7290397372772235,2.5722022119720562,0.0,4.800361386511478,3.1445622645646596,0.13348813926130262,5.591241489441851,1.985400926878702,1.3135678832278395,0.20266840142997716,0.48576657487076985,0.3798621197186838,0.9931610281158438,0.03485265672699333,3.1215814294290682,0.0,3.0273637168741914,0.5371654970136791,0.5544866171060443,0.845727207254046,0.1752415563066032,0.009009583675436816,0.0020769714159736756,0.009725661162909086,0.0020145800814172273,0.0011472184799582394,0.0005161588522383146,0.011542297800008726,0.002156209738801652,0.0,0.701698471618253,1.3736867133078978,27.691148907974007
4.5588235294117645,0.0951238576589203,0.03890106002150541,0.0,0.010386280138978856,0.006278650655772834,0.014482284318718688,0.019905482987575884,0.010094524450551092,0.004597768669325692,0.0036933655720436834,0.0028918059351150274,0.06426873839382582,0.4725689949281052,0.0386046524080495,1.5998534816206578,0.0,3.9701027864483507,2.34211455512129,6.790380544773031,3.5217481654072946,3.9347400577752456,2.6970836314437068,0.4449958965839771,1.7733233596705147,2.887407764032093,1.5008101649906056,0.24525619134128168,0.18816063503709027,0.0,0.19920547304672406,0.2633975317904186,0.29435346030066445,0.15966245481604566,0.015923169363226013,0.01654641504834122,0.0012836339936527523,0.00476264373474906,0.00430947237494244,0.0014478127021278465,0.0012412382986280068,0.0017313403088523617,0.012482697614880155,0.0,0.18003878831150089,1.6057567328219906,44.19122523345714
4.573529411764706,0.053207524315830444,0.03245274771210636,0.0,0.028168319142563805,0.015685788579100846,0.009953761234283785,0.012995421071419686,0.005626457818111491,0.006615742945867803,0.012441137956311831,0.014460012969599274,0.042541640702272385,0.11657050967128885,3.449050848160788,4.290953471828298,0.0,0.2810521411524707,0.43224592948070817,4.847114219692656,62.86747689323012,50.02306151132097,29.045620256932665,9.128602416914863,1.2544289733116716,0.14227853915877556,0.22405280740252903,0.6592172486985239,0.4678311962690401,0.0,0.23434819496930032,0.06670287356720098,0.014703245210024996,0.008110349898207875,0.003741599766178374,0.002230497021762717,0.005269069707496575,0.0029046174725090674,0.002350359838304042,0.0015003800644079839,0.0014160718995590688,0.005036470218786305,0.01656889703067662,0.0,0.2394357353325935,1.0051297478684864,1.5138590080666061
4.588235294117647,0.015605339722507612,0.017374366275153,0.0,0.02030042529944122,0.0146441068256132,0.012327657976806213,0.011791119536734253,0.012503180769259156,0.002938061820034492,0.007380760633600946,0.016222702983230534,0.010062396138713688,0.3862666913039998,1.9787407756015782,0.41026993060463435,0.0,1.5663219639650234,4.154636023347954,6.621855969894844,26.081286626118068,465.5762513199493,1263.4178454796338,248.70292003099001,3.655919689046076,0.950408934383899,0.27112214346082436,0.13283067412979838,0.058115306877445996,0.0,0.02477667809704778,0.005000048547227497,0.007892880484575718,0.001770821406639353,0.002817907501791885,0.0012770831853587239,0.001466254708759128,0.0025537990723841567,0.0028127393369699752,0.002426593942689442,0.0059147197614591585,0.02853494687288785,0.05197289091906151,0.0,0.7699470646017417,0.33089533761722834,5.782435709199522
4.602941176470588,0.03540697485292214,0.008385625605180984,0.0,0.009060554590215963,0.013795294759913913,0.009388591888208977,0.0033739193337840603,0.007686092686433311,0.006327780495633926,0.003435056801159455,0.004985714992638411,0.009011924017437,0.20617565447338027,0.11022875643398337,0.19476922971047111,0.0,0.09287681286849361,0.5042276889644588,46.20713622647152,177.60264440007796,203.95649695964988,3012.4327702926767,5493.0023512480075,1762.2236199381803,350.1652311849898,66.5114757973837,2.566681935923723,0.19354629214524333,0.0,0.12849406335231472,0.01257088414737698,0.02599500404483458,0.008044641517174706,0.004735420399950365,0.0022423099306088518,0.0015123289653744803,0.001272629598179661,0.0017922120982409337,0.0014674590408320538,0.006266866909848746,0.007705037385416613,0.02715336967660777,0.0,0.49789296621690293,0.7538893082724485,32.35907402039789
4.61764705882353,0.034047313672151226,0.024294895271471887,0.0,0.013324990197256328,0.016319780176137475,0.02043429671380165,0.007049707238535057,0.012146030010209787,0.0041766872620855305,0.005769585933091867,0.013577885565431293,0.06578483478576039,0.08853791516109528,0.09064069060167176,0.011478100631530904,0.0,0.955519953997965,5.919737094595323,21.34013913098281,1.8922114835681194,168.40779545179092,41.854491452011786,590.3689896887765,4432.120786606572,8121.126156642686,2262.833778861139,252.29363876633937,13.17769736980967,0.0,1.6931213163959504,0.7537143708481406,0.21369139621665867,0.022045259370186518,0.03585563230386951,0.007424878406263925,0.0017322337957769512,0.004302410973038884,0.003520946119454322,0.0025968764482199773,0.0035572509688043775,0.0021455401839449366,0.02972444402241123,0.0,0.4042336714447198,5.766264999211411,4.530116120823376
4.632352941176471,0.009466706832984676,0.02394348207411136,0.0,0.019167097033531404,0.029563236841268,0.003384330769706136,0.032438311409901825,0.005532290875231257,0.017877995045405746,0.016339133577381364,0.02630691334119465,0.0409456465020013,0.03093903919687274,0.019149870963161973,0.17071325655666783,0.0,0.4114288241078031,1.4046778869741283,3.1849344396366615,53.667679302037044,143.7548799259185,36.20542157875301,25.05856642192431,867.1636739185033,8106.655189847893,12573.819680509867,14229.586880153794,8223.006271812535,0.0,951.85872175794,63.427875905873165,29.936680773666147,1.5073099027611727,0.2437997874311408,0.18097476176541064,0.021263641769017985,0.008563993796083087,0.012695267432027896,0.006864066820713657,0.007399999815686403,0.008303474720150913,0.019805961997407726,0.0,0.18562835189282245,0.24113818855277286,46.18780873554037
4.647058823529412,0.17315619147707778,0.13797837332106255,0.0,0.09021459288281067,0.06680559946417763,0.07627564816914727,0.05037316086214029,0.014541351779119353,0.02258987108715254,0.029546176597621147,0.01552423579129145,0.027735626119600676,0.09520315661617086,0.11755158085419387,0.24911463293580824,0.0,0.09126201742019649,0.5745234402997882,1.0113211964118518,3.708264981685443,38.556968080337896,31.996622673546536,203.94383849839554,316.24138183316484,164.3412175580099,190.36198810322747,858.4296087424628,7825.114543497524,0.0,12146.498387168302,1247.4758210744521,95.18210203609925,29.1542711126905,14.502396406343724,0.6610060270714357,0.45351284841947803,0.05824955493296287,0.06779893914351451,0.04698768233525949,0.010036004460128574,0.017285750789400617,0.05544710494906231,0.0,0.12453747439156604,8.436724876660875,35.61304548839135
4.661764705882353,0.07608923798278153,0.14432531040891536,0.0,0.02817258381874011,0.01980774465702848,0.011936432884651411,0.008008517056397668,0.004586230990106037,0.011523578674408794,0.016215310815715474,0.032595745750224586,0.06944331316405533,0.21537877536216982,0.30168621035900506,0.11425446647450122,0.0,0.3075571066759311,0.6798135096572063,1.0181324453999658,0.7883114570498856,21.837793872673615,47.02780513140708,14.501012824860531,1.8214236409652236,13.462389733061421,46.63401814222813,63.68854530031762,504.46616179149026,0.0,6477.071078047631,18687.196977063108,13014.103837899978,2715.248517350969,127.07288985451075,7.829598158909932,0.3938782577894396,0.3259285050433841,0.06926096229730969,0.044749177453363126,0.011548721041963946,0.02444385653158736,0.06374474211733144,0.0,0.04636464918723468,7.968843859582662,15.284757800118495
4.676470588235294,0.052810459188473935,0.04996253173409196,0.0,0.023019364307328465,0.020597173820572728,0.02166497566622143,0.008598528871610079,0.011147695021317242,0.023420768766575187,0.024718734574891932,0.09414793323249347,0.14221699144068028,0.12065776916651372,0.13866342680965077,0.2734160946376404,0.0,0.8533982892170032,0.1788829889888589,0.20346455437155037,0.7102229641519002,2.099666362740251,20.51326050237248,10.654545117631816,2.081373491680992,6.736847261396103,3.5885214542212855,3.4130973804132556,27.41199362625232,0.0,277.3357630387916,536.2026324932037,2157.839705183847,8593.657215577132,2241.8707503391256,77.58267825528236,27.385924182960473,3.2339475107029445,0.32246409572781914,0.049748092882035584,0.025986943306332576,0.01797919165132399,0.1110946732771308,0.0,0.16784622047287623,14.02265196406843,35.08591502731356
4.6911764705882355,0.1011366077784424,0.019628404035412723,0.0,0.016001137033846154,0.023688485543765424,0.04574476883337414,0.07277556652488476,0.06790392624732601,0.07358229079539752,0.0532348554650706,0.05969816965526306,0.13393508558741557,0.08455679228518205,0.06613551066907926,0.2985413464777365,0.0,0.14424122343422793,0.26222508442978837,0.9422496361849901,1.3262144270730656,6.56486026486092,5.535367747266715,2.8858179748490382,14.023122570929882,0.9699106216571379,41.60517623955488,143.46785956434525,207.05991540334924,0.0,105.98368610159275,90.75714809893688,28.88389061435307,232.44105018452683,4011.219013741215,6632.812838646473,2510.179144021773,347.55492099865546,33.66701377906212,4.178414465691529,0.4139876990162713,0.23843937931504355,0.07878516864081352,0.0,0.2531937566906634,9.340327313324138,52.659663675171046
4.705882352941177,0.12993496449690528,0.013665686355021477,0.0,0.04265306982677974,0.06800406154577601,0.055758533702817505,0.07508339597216551,0.1045949828417245,0.038407337555791586,0.0897997755990935,0.10716665625852453,0.16833383729868007,0.10545996794090548,0.09349168937255914,0.09060090683161494,0.0,0.20613308763756077,0.17707729267179736,0.24942451551960684,1.1340757149546974,4.949994087804166,7.004959751309338,0.9657334281196148,2.1423756992951324,6.032257469739036,3.8453352359999604,7.98147770823284,5.262491007891983,0.0,2.0575082540708793,139.69897746209358,375.6550535219426,967.0400537835844,1878.3787351639476,387.9976827094497,1334.2300209405948,457.64943173713306,32.73203662451409,13.587918852173202,0.07326011132092033,0.022874237234421592,0.07762568834256053,0.0,0.34385901151161047,2.5950009758384347,3.6194341553575087
4.720588235294118,0.3396886235089451,0.5079147335923133,0.0,0.3939513653614064,0.25086092496710155,0.10253440507777344,0.030369568678116333,0.050885135295770156,0.0514894769532279,0.07658526428914819,0.07830721224141399,0.07106065321441579,0.27615216525937275,0.3681502828136009,0.5870539168163105,0.0,2.122758054366595,1.436854314561911,3.0997052760247152,3.889025440300053,10.89544796292891,9.950351045020955,5.508376078821375,12.323388701578347,11.543560569887749,16.85751504468527,6.083855209636548,37.299708340610266,0.0,60.948242654975004,25.615409345127823,58.920915230060906,33.915502016277976,177.50839608627473,371.7941514089459,121.58527764695584,26.439464579886277,13.959568922973066,3.688579646736594,0.10604495858020577,0.1741875168471606,0.06360222058191334,0.0,0.4674802666524236,2.6648271781879194,17.21483640664252
4.735294117647059,0.27633806477891887,0.45868486426890437,0.0,0.23664541564556493,0.04736426156659107,0.14987206201668002,0.08303518488164571,0.044488866825486334,0.07936746232208351,0.12616995844098147,0.12468979749342002,0.1592585094125785,0.17076571196755314,0.3583150816456692,0.7140084805195344,0.0,0.22038128756383987,1.0146787786490177,3.7634090322478375,2.374139221928252,3.3903737975880013,5.604128971343159,3.981465028939746,0.9880943564664615,6.2985715197276875,5.465322144767174,8.226511967844855,2.2114241826804872,0.0,50.85583531707361,41.57938346551707,12.658758101516652,8.28037038720042,6.099419443031695,6.240221696847902,6.77632655401268,10.80969720851246,2.4842234755926467,0.9429760876209448,0.0531522060731066,0.02573982181094745,0.06466988399236374,0.0,0.12579715239070535,2.288996066055642,7.91396001441735
4.75,0.13269479075283294,0.0914468519257678,0.0,0.07859684079305118,0.02036491932498552,0.04732814074122377,0.02105786336470613,0.012908510050948176,0.024412817764134544,0.012445647197252135,0.0647953478086866,0.07002912267439658,0.08464485750951006,1.7941098233258672,7.1053581566496575,0.0,1.572152945271939,2.32108282349932,6.700478630373807,2.5460187463456068,1.1440761903034256,1.112312719418793,0.8028196075676036,3.7575672469026156,5.281391251899569,2.100052292020923,4.075092902084311,3.000827786075238,0.0,63.88920002934946,141.39154267238155,81.02149438476481,21.411971531494036,2.6617219855917233,3.0447543988226338,1.918584466242812,0.36964988148576167,0.2578329362545549,0.04178566982570393,0.014130238310615694,0.004982807518291313,0.01873902325339886,0.0,0.06869344321675169,3.321423496832382,17.40296865535597
4.764705882352941,0.007711237137730233,0.014440707437699573,0.0,0.006982310538159894,0.01860546016862628,0.02339539706488561,0.004871855289192514,0.00382849315346179,0.006046906671715782,0.018043815478634484,0.024957214813992504,0.07002729375151974,0.03575467563608685,0.30077637727583206,10.790489569359792,0.0,21.14819781442476,6.923833084880302,2.3787569533013584,7.066523386428081,8.336354602146839,5.614509036133243,3.2022286074868482,0.8268838806495231,3.9252660688092957,9.254787488063814,7.73425038290398,16.730844592434664,0.0,72.37648720612049,30.127005048708675,0.7987990005505773,1.0893527946257622,0.343836430341799,0.48556240338111606,0.2866963894068396,0.10722761898308938,0.048187938052702634,0.008330726126444109,0.013230480559449222,0.012743584383979555,0.017700169446631123,0.0,0.039132774341431774,1.4662134428049067,6.490342927303024
4.779411764705882,0.04626463896808689,0.002851349035690507,0.0,0.0046375863291870205,0.009281832187745285,0.007149212232103273,0.007014556624171581,0.01029901515310494,0.023420514445665404,0.015780946216418904,0.011852354722498133,0.1279941020962182,1.4088497744657007,6.767043366994217,20.384498328587842,0.0,19.11354685827053,1.2691164598556486,12.951241771046071,1.511250207715139,2.585354244786284,6.455383708418459,2.983630464252902,0.6896026478463161,6.56204433637337,16.496957254201206,13.20293184608159,20.265068508688977,0.0,3.023544437620747,1.7675879104239187,0.5518221051308967,0.6812238785893487,0.0276167181220885,0.02223053192901746,0.023702077386613514,0.018583189097194426,0.013086401668304062,0.0042722717995057795,0.004211573913387301,0.003961468276826463,0.0033895921585987265,0.0,0.3594902992392942,7.5700237774081645,9.828065287254717
4.794117647058823,0.00860999048531053,0.014804520722579848,0.0,0.004244479507473055,0.008674874036884281,0.00855895956844062,0.00492423649716192,0.014708141118918796,0.005882529819079987,0.0018799474192791226,0.027444407631942037,0.030796103217831158,0.21164627118304885,0.10976051762868155,0.24925057330631448,0.0,0.0955506387310244,3.5586761305865493,9.775717221666138,1.5418499407038242,30.243816323273812,17.949343007532107,5.10143432205485,4.884499391829461,0.7438937432597681,23.540256818185327,73.18163614038542,38.31546980319676,0.0,13.490069525618253,0.6026988496197625,0.19313112859532144,0.1110013902946134,0.017428818328036166,0.02015199558033963,0.01434492958670655,0.025215832802179768,0.017617481563073308,0.0025737721133246914,0.006904701198323538,0.0059640415904558056,0.004385543212624846,0.0,0.10852230178286071,6.555830931921139,29.05248358712278
4.8088235294117645,0.01793027748599959,0.021270384807564494,0.0,0.013531250038300111,0.006882295514284266,0.003970746740196596,0.009416279112019631,0.005782165673116714,0.0089792399524917,0.015843790175993577,0.08626842418881754,0.18623874070039903,0.15333708850631267,0.031074217212341586,2.7395268447973953,0.0,8.652202816305138,7.165073223580703,1.881664604581199,3.0965648772419243,14.976645751568658,0.4654207240952077,30.6156166841779,18.202545004102497,96.4688490207463,110.43152340441634,57.930929133561435,8.751227547089067,0.0,20.19291490846368,10.141821849293454,1.868389844227313,0.06808349020362062,0.010779204041823653,0.010372460572013827,0.0020485015376269476,0.003202702291422505,0.004086629265421671,0.001954752832379746,0.002491544144296807,0.0024389312749978184,0.027851012618884417,0.0,0.03354877367916763,1.0280102573482317,8.331358139403422
4.8235294117647065,0.013895043401810749,0.014530570100167898,0.0,0.007660076270793133,0.004876462908420777,0.0048103687889605165,0.015893090746866616,0.005080681781018225,0.002158421884472011,0.0026608374341978644,0.006531197503642885,0.07267778401083473,0.36421936666687627,1.2430188238458406,1.4451904394559776,0.0,17.88559810526253,9.411760548248822,0.39538038427111855,0.32253308973484185,7.5213303358276535,25.80316650941559,138.49156888670677,337.1066567691897,203.9251653145809,157.23548937760035,162.2173575189285,64.2751338021352,0.0,65.7830959962755,58.59037094565316,12.757919379757531,0.7708628864577702,0.04031242459158367,0.004065846793734095,0.0029656174868039663,0.0032060187614018033,0.008731290065251038,0.00445195938012039,0.003225171663561217,0.003856859483272782,0.022798237342543392,0.0,0.019570817449056966,0.19443217085647604,1.6267065989878846
4.838235294117647,0.04738609405179944,0.017191950301437595,0.0,0.023304837238960964,0.009429998410913385,0.0073360015654862325,0.00962142185553616,0.005662545222700068,0.01261599811948835,0.011750672221418436,0.010654814950362398,0.0227258927757594,0.08542804554073735,0.7955472187559257,12.510661833005825,0.0,18.890863617127067,2.0614668226283204,1.2588190770048486,4.105779358134858,32.462940233353294,61.39500546933119,13.91407130383908,0.7524258775303357,7.019343216718818,19.648677833010588,5.744708950286519,22.59412440708073,0.0,8.472845980158752,1.9973611557291342,3.6121691456191245,2.2840111484980907,0.42382474394112557,0.09758088615940802,0.0235788516367877,0.01443694439244779,0.012463143556252483,0.01599004997367807,0.007599636149083282,0.007973904121891409,0.0026179618021122558,0.0,0.07620840735379227,0.11615140266147203,0.7386557278055945
4.852941176470589,0.06905459232873787,0.013274467271448235,0.0,0.047754685605425985,0.015954288319494907,0.002048877618538431,0.017015435437353385,0.021011257483173475,0.008347780736586617,0.00814222915851822,0.00579786580031004,0.05213825390816111,0.2573786990004433,0.20932657200476978,2.970665279483301,0.0,6.057375631540783,1.3345253364680332,0.7208373502898198,0.7535823112783916,6.385556883631757,17.647036803198596,6.3642752560416564,1.1050693921738248,8.449055498086533,2.325772124150091,9.177844335245386,29.30068527032901,0.0,27.040478362510918,12.198277436434143,0.8708885549337005,5.682734504253816,0.6025470338390584,0.40522108405212576,0.06768260235402696,0.011863701795708503,0.005595699917704965,0.007400182005440444,0.003978454715638573,0.0018738794233558007,0.017049786624693263,0.0,0.020927865988933026,5.808104087623697,47.91401343589058
4.867647058823529,0.04992600134925891,0.02339777665398727,0.0,0.023866639309518607,0.0338048940255964,0.03645769015797522,0.028790441340494553,0.01758154903160706,0.0032132125313240043,0.011929093617957614,0.005452830957099898,0.014382615579651422,0.04705722029798632,0.14323010932433847,0.97153979146615,0.0,2.1193297959576425,0.075235585356849,0.6486058256367806,1.4104991720106925,2.9775373219582777,17.37302200431035,19.917395980194257,5.207468354985057,60.43390948200089,91.66421004280579,51.34431421720607,9.384410856167234,0.0,7.516091922886773,25.41164665723564,57.82332621188748,6.3687287068768335,47.43021029261235,38.073056040754196,3.382141522003637,0.18766295348296244,0.022547164377104766,0.004785282742123943,0.00655444549055531,0.005439060208875291,0.005982529807510756,0.0,0.12692439250404308,6.449663286654476,2.344388387423536
4.882352941176471,0.06576470378995461,0.04775749684220499,0.0,0.016387861188333495,0.01801446444365668,0.014356545771596448,0.02501805023008672,0.010162718589255416,0.02117356274619203,0.026710619586257305,0.04288459165357898,0.0123307489069286,0.18412919839147154,0.9742059252910702,2.267947189169239,0.0,0.7584770048891959,4.029118195266481,1.9707175038696165,1.224375110310668,6.134026066010854,13.096772702772832,8.561015761947115,3.0529506172660543,4.579777852111693,5.5229373783009335,20.851013562034,32.309989815566404,0.0,11.416675050471156,12.342728367424217,19.48233769749701,75.19195070635362,415.4965984570424,174.10176327438458,6.249822407744795,1.390741803051861,0.2169569994229652,0.021080255909099056,0.018695039057387102,0.009244424952626128,0.02394665439528968,0.0,0.11277120337874567,4.2077712299648224,29.58297973901525
4.897058823529411,0.1134169600939402,0.01959603044854568,0.0,0.004531341579580452,0.009693492889933314,0.014606696987306402,0.020109050469360935,0.014579029387771694,0.01652849852932249,0.01775280272829067,0.03040796393339349,0.04929556151140728,0.20460411668688738,0.2298494073165259,0.6159160984211145,0.0,4.009273376170141,0.8461922718028276,4.277291251539789,21.896915642124718,28.0716644674672,8.933193701380437,1.6760857140332321,11.278574756430235,0.4920004825318708,31.030946279328507,49.601449689035974,49.49369580208008,0.0,34.8216292923143,6.881894372197642,8.349643234362404,111.75178314400844,238.62045178298467,76.8863568242445,2.524353753065538,0.7124994225981203,0.030804769028105347,0.012141547704423956,0.007376364257423135,0.0016377579413895018,0.010529668140111303,0.0,0.08778779405976042,4.582364800917799,53.99797347634106
4.911764705882353,0.03429395546204006,0.031100672924361267,0.0,0.012154522568490964,0.04810907435841781,0.04709419505673873,0.02732370456284442,0.01421237785826282,0.011629671931815634,0.008467514725780213,0.02372201697024854,0.0681346966321352,0.26615024026153344,0.4540755166350752,1.2988816068672335,0.0,0.34585393907019585,1.0814345487900547,0.36239746791222893,1.0722024924536484,6.225555169917238,12.408424053645199,1.3390455336637084,2.618031732923682,2.000062628063447,20.05746014796336,14.134929248700812,0.8737451143194462,0.0,30.697876314107408,35.00640173684493,18.10314219323443,32.20751594507788,14.00091769492474,1.9085743428482373,0.9605298109680769,0.30247888921612776,0.01846262432217192,0.013251979751165505,0.007260315182141361,0.006977802746661441,0.004265344490968018,0.0,0.06814933841958405,0.5849412927028461,58.019279394873536
4.9264705882352935,0.06433855958130434,0.00916578504912263,0.0,0.02712433810183318,0.019668802428155264,0.01058463028581936,0.02319840245053788,0.0048502067852382955,0.013732317460184152,0.06630734488460951,0.03635312270782791,0.029696235213073366,0.13805216852029095,0.06476150834264957,0.5722751002479908,0.0,0.8851666747599117,1.2783053699345812,4.079889831972708,3.5304688982742296,1.2401031914879024,28.136286773730955,38.47337161096767,31.394756866988722,24.31403537345039,18.015187696452323,11.265301771351641,8.102734848074107,0.0,45.40447908705999,3.6198924600446576,7.909307938465021,7.435710538584754,8.917389894081094,0.5048154792800512,0.06360937649149453,0.05040912739207852,0.0054999435032231335,0.006570152821572603,0.0029689579313707747,0.011436350644767938,0.007664675726932519,0.0,0.11291434591309588,0.5971275847950842,9.705040982932005
4.9411764705882355,0.031616718341704306,0.03862430554878685,0.0,0.019563767819853986,0.007316079898182774,0.00421960613815162,0.008332391197983294,0.021799182563384922,0.01919197801379063,0.017781410879776856,0.010368538811997258,0.012943681918759907,0.03775180357532937,0.8064383205918335,0.6594150687626046,0.0,0.3039527342618959,2.165394524988629,3.7040068959966232,3.445957388045088,0.692425384342275,1.212142782445742,5.367002537532219,13.978560233739794,4.425030394571252,2.1563274356989894,3.627423367668059,2.834102362422157,0.0,24.021183503072535,122.08885072475792,69.54430863964475,40.0052284507937,27.603948957868454,2.0947800735713207,0.0808970034532916,0.01127603882343828,0.006736735308315119,0.009281418433921915,0.017649027430474792,0.020832264872489115,0.020208479672101827,0.0,0.26483906409459795,1.6732533142230706,3.9971309813344975
4.955882352941176,0.03938511691436628,0.020578653987251373,0.0,0.012804050348944983,0.005719239271311491,0.007041571867467845,0.002001681441289202,0.002398317848175932,0.0062081100625006646,0.022480032344881818,0.09972265808819437,0.043436119413920816,0.015655138363921524,0.23008859539084242,1.6596574789946206,0.0,0.6279086827428983,1.6392945076968626,0.45824634571100337,0.833795743408644,1.8663234797014794,4.095950986229349,3.6480575194368816,1.8005930473865692,4.399994068807196,1.0459464075406273,0.7899280313122886,9.742224259931158,0.0,29.363642354927315,52.054160135307264,15.958457468920862,19.505851027494106,12.734248687454073,1.9203282163155349,0.04481509753901943,0.017999196135560988,0.01493442150719702,0.007161326194669715,0.01894507554252372,0.05545019099228289,0.04790737991135606,0.0,0.014152894388118597,4.534585093093872,44.36409862340753
4.970588235294118,0.05233793701955648,0.050538185757621146,0.0,0.04842741013695425,0.03392829012666755,0.024817624063105316,0.02063074119964737,0.005372307520111969,0.004203129405669971,0.005935285519348571,0.016094189788414474,0.03202949948600292,0.1002616096743128,0.20335032811026224,1.1801539351142223,0.0,7.637447426925521,10.460852773010902,3.854950295146379,0.18082702946529783,5.747045042652269,8.021619846689694,0.5856724175239854,4.156961354355222,1.0177607890653988,25.990797986172925,139.79839730981763,152.0053490852811,0.0,63.81352946565326,2.997781850234098,86.60891589113487,70.35710578891914,16.110453323935253,0.447481532976208,0.2648383655902549,0.01531097470930464,0.008452402888370313,0.003013241776481893,0.005768992915436817,0.00631419265906609,0.019135226124267685,0.0,0.09656649628101757,5.731618150000044,23.077994503790343
4.985294117647058,0.029573343399399866,0.05184771210287442,0.0,0.0355195303651868,0.006366936466276099,0.004435031663180169,0.010912016769139115,0.0051101062903655195,0.0040622354795269025,0.003014870161177915,0.031333813866757126,0.10020614561709365,0.9170426062204586,4.898918827605723,4.469851055344839,0.0,1.4001623656137858,3.3659237518841634,5.615896148177914,0.9313097075749222,9.026124676643883,11.350008197199308,1.3397037089575528,2.7742483557762068,0.3430360293212146,9.787643542676442,10.767516414960774,16.322325294888216,0.0,28.7422815038486,112.35548514341258,82.97723955170423,39.30119598985587,331.37460283083794,210.54276886300238,30.848519530908277,1.918977476766171,0.13403306501773107,0.016185585533910626,0.007924895508947302,0.0168437535028666,0.010127194430395461,0.0,0.3838821525910331,0.9399844326145044,3.476350313312966
5.0,0.028926363724207694,0.013763183518406146,0.0,0.01231487572875026,0.013595513193683798,0.012349531871299595,0.004549567678448923,0.006344613829566937,0.006656491823641491,0.009049889284265348,0.012434398717665891,0.008152143627471225,0.3365355541594448,1.3262230001194912,10.230602302276608,0.0,21.507181496862906,18.939988909979675,12.157800842400713,0.8292991693590461,25.231442632911087,13.971726459339601,2.343285474809851,4.927073803960384,6.262366254430454,8.01929272386497,4.25109296430486,2.101540531086293,0.0,3.2352528975569186,4.7732998748384645,0.5384427947586363,4.030222285133711,41.225560014496565,93.17908709350276,155.83770957215438,64.74521117427923,6.708383901473093,0.20860099907605084,0.03482508779997376,0.006003401263749081,0.035668641644121174,0.0,1.6186225544601638,48.83255723734406,227.66024224301728
5.014705882352941,0.04447215693657432,0.010714257310114446,0.0,0.025372586940237987,0.032183659886297844,0.03105601807328098,0.03019100260053736,0.010659123459004096,0.008815651559198643,0.004281139487101037,0.012069565446672724,0.10308972632344296,0.03469042799296267,1.304718094965195,1.2576376339416822,0.0,3.1227956910335717,3.9756096204167894,11.6334405577968,37.94836615471586,44.70840888612492,66.62289103988543,21.184205127726845,1.393781708979673,0.2708772156772591,0.43567085903400526,2.1898900466794498,3.5773375538201524,0.0,2.0816661125683873,1.0500344744521861,3.499852080896223,2.8663657003016247,1.1582541989862514,0.7716866405028264,2.5824156807012386,0.7537606735183431,8.862757126879327,2.8233792940957434,0.0634963765254935,0.027829305720488334,0.02312951563055817,0.0,1.201262913662307,68.90796007734022,109.21284137635234
5.029411764705882,0.028890774826728458,0.039746720268042844,0.0,0.02553626756414095,0.020116462509377382,0.009983120059771566,0.003323209633561216,0.009640156575706167,0.01022358845719807,0.01003654305537621,0.009965204164843082,0.041650962197484,0.012276883519686501,0.292553388737836,1.2328712784353386,0.0,0.9573475929405807,4.195204649900357,13.258043807916017,12.060863706770547,44.125042427997414,39.35827398142793,17.82105582919202,7.297742285017779,2.2770196000128435,1.001059961266427,1.04915478815215,0.5900569816365785,0.0,0.6225186889296688,4.574125526535426,0.42845747405129464,9.863868890781555,9.195162603789807,1.3198656276330671,0.2676674500513664,0.5112048089967902,0.3011147419175849,0.17365342053504418,0.007401545330964524,0.01771082251520586,0.03364656028504996,0.0,0.46559950169873066,43.19659054398165,500.69692336452385
5.044117647058823,0.06770715409792692,0.03105203611779438,0.0,0.01087173882344852,0.0083288787512061,0.0075944227169233765,0.005932702322098393,0.005843190618999044,0.008980086344264481,0.016897050978879512,0.0613412942370982,0.10651587034188462,0.1887419172479084,0.23287524453778383,0.18854834973639104,0.0,3.3271709200766546,12.717632112524583,7.870164375450619,11.557211871845215,31.13248955530218,26.639497161427194,2.017947575114998,3.4991855624495263,4.185784984566339,3.0408221780167777,1.9594132922443332,0.21049621520935013,0.0,0.1061020119781016,2.944438667452382,1.138574979312052,11.350098389630622,8.764620090871377,3.4740233803286724,1.124867009133266,0.05303208407030545,0.018030851160445185,0.013826658929467436,0.008602357106347488,0.01571274163623396,0.014632340549570588,0.0,2.45959707368616,61.76214424994612,39.28146266772299
5.0588235294117645,0.01990678427872769,0.029356602392855334,0.0,0.03544389900623258,0.018681682742289672,0.015251036336587857,0.007608210112246629,0.006077679173067499,0.005060957669747096,0.015429996211646,0.02547256219744402,0.06859422122401393,0.10616982808774339,0.09090858236458721,2.8046097998031136,0.0,7.613543928588694,4.409058528315629,6.316247630228283,6.1559327313198935,36.383824728641414,143.1296347013585,99.70950121749378,12.597423403943967,1.009292227428451,1.838936600252763,3.584822980517613,0.5714716306587546,0.0,4.067674830487692,18.93629664688644,46.0550421134446,27.255909747606253,2.186426390931125,0.11244766305092792,0.0031644714481353217,0.05862507733852555,0.0027953834241788433,0.005727890473520375,0.002034589990240254,0.0034845381501066933,0.07229281262545706,0.0,0.4079129344640003,4.325202602366701,40.21662038737395
5.073529411764706,0.06220702675854639,0.017970190422103516,0.0,0.009756348251994512,0.00891618030108674,0.014153324594049615,0.010410081591974835,0.005062808837211658,0.012947769067666412,0.02581863628879672,0.010050612952836198,0.01984952852324662,0.21394623334236074,0.4299812527157705,0.7272115081170937,0.0,1.4256129347892232,9.957839958364934,16.159387636142302,3.6339634082044476,33.500400329023385,176.54023772389849,185.30746280454383,29.664805254811775,1.1642748529552467,2.4214494144154566,0.2720087282986229,0.7811898003869171,0.0,1.6921099052885755,1.745445035550762,9.422190588979973,8.901743940017852,2.3632810168139686,0.6767770388997609,0.04213115047812345,0.10072416549521918,0.014651243840599345,0.004480372093794439,0.004836789323785885,0.005781405188588614,0.044347910150807385,0.0,0.10252240771469158,3.252345444979592,12.309595447553654
5.088235294117647,0.025652579342461013,0.03049727685448642,0.0,0.027615881055004822,0.015806165862185445,0.009002571630177458,0.014206623903629312,0.026773355534472763,0.00788187846420486,0.012291544646020888,0.07076170448009736,0.06772832571482992,0.07723261707911529,0.6667403757375847,0.532475305804446,0.0,3.4766697122633543,7.092449380383938,28.795362734656763,6.2576210204982745,2.09979115174805,163.97034383442943,635.0906255241683,213.5529666904855,2.107061428389796,1.742617045389782,0.7735707386639841,6.7267610434644,0.0,6.4816892210963815,1.813049683803881,2.5117221024396166,0.09419021137640574,1.4531469998288076,0.517043998812904,0.028089819659753136,0.05087440521459618,0.006606709475394357,0.006024304717255402,0.006302683656404076,0.002621175736918106,0.0949066672249455,0.0,1.3893695185317332,10.000472541852892,24.538672772565363
5.102941176470588,0.051203585789548645,0.027920691725605608,0.0,0.03997917568859889,0.035291338603694794,0.03151015780614637,0.030450421267066517,0.006218016470328122,0.004185899095041249,0.011562644425287757,0.02403225799168124,0.01994386137165128,0.059902898315906845,0.18557016499371912,0.6130079023896574,0.0,3.5161957967431423,8.694290078267308,17.91371071491683,6.338014063512176,2.3710613153245053,133.3471284618493,458.14827416949595,135.08768120885287,21.85025554776623,1.3706119476207577,6.125735441060215,4.790336889268341,0.0,1.4911532251205257,3.133458395389285,0.03334828229416797,0.5680497251608553,1.4835410719076272,1.0771568294395286,0.05824720406439244,0.01034776278420281,0.002854148501707566,0.0023159097200840277,0.0026426801163804596,0.003916344456907317,0.007067206197248824,0.0,0.051522806440031606,9.693317962843837,48.548349571997505
5.117647058823529,0.02210394089186412,0.015809406195659192,0.0,0.022834768209400856,0.015029934165605458,0.0085932204373738,0.011530769741777335,0.00665825022248538,0.0026660771765056337,0.00593545313653434,0.011423083086835617,0.036656163737699275,0.0469470044398462,0.2702624657653986,4.322123856785186,0.0,10.723455075313458,8.644262538696598,0.24594952267292614,4.217537805472534,3.4222119370433566,92.65204961847328,1120.415947772669,2771.8067680868025,1326.6841053699327,172.60830170014654,10.61695787621337,4.238203133684839,0.0,1.2461711326839877,0.04668525688938562,0.3803511296310502,0.011292038906441208,0.3597952713066318,0.3000129344540627,0.028763162833245884,0.003212217818372696,0.00434563040691746,0.0022123792763712727,0.0008897132400084763,0.0023272418342524283,0.0074286585328825205,0.0,0.13322848761437728,1.8042030475153066,5.851048301514189
5.13235294117647,0.03685413348494155,0.02655857192735898,0.0,0.009716571286197944,0.006445314089676437,0.005509040300218391,0.0068389303722698755,0.006491186884777948,0.0044987310945018705,0.0011191631709945844,0.005064762269367143,0.021928503913580925,0.00941786227951588,0.013215388189048046,1.4555420496031406,0.0,1.726957175266055,2.808534432229414,4.486301762420948,4.595090046888778,34.29612242068783,322.1531540159566,377.0651461583171,416.62994368440695,2297.4574645242305,3133.0849686740935,430.16838959693746,5.317896984430277,0.0,0.14455870254725178,1.0828688654037553,0.004563941416562732,0.041093654276349034,0.004249482522658296,0.00942465868046772,0.007223515548602741,0.010195071222296055,0.002096019610037455,0.001152044721763225,0.003728737548948546,0.0046773653475569756,0.0016640325106642788,0.0,0.0379906485761272,3.8002780589645337,28.962515282557632
5.147058823529411,0.029090818984700804,0.01133966178467008,0.0,0.007129134913869194,0.02334789601413976,0.02569972395094007,0.008667875860758624,0.0024216931423310184,0.0029436652125679097,0.00253640104811814,0.012184369742123457,0.02555933950754491,0.008804251790267776,0.03950994237952759,0.6801938608544558,0.0,1.73217235149991,3.535682723741145,2.412775494116034,1.3596042916336335,19.143782134416156,12.728723947029017,6.932165534566662,2.003253560411868,34.52629728496398,2187.9253325630134,6324.856342175088,2307.3441626775566,0.0,297.08916805819183,15.994480109607597,0.8151465091738157,0.03429004634603924,0.12747738829799815,0.026797742886019923,0.016812757386889428,0.003699862081883255,0.00242581771149856,0.0035255960037716364,0.002206612755735694,0.003075743954005522,0.01934867139708829,0.0,0.04658371476786371,8.734509684653393,32.97076693160182
5.161764705882352,0.053106145047754225,0.05870495297911719,0.0,0.021438892085189322,0.026177875231482715,0.01550703626614607,0.007769598170477131,0.0027859639689097214,0.00479711865423072,0.013418271186107063,0.007033320358647709,0.014528950776245117,0.03426739345304525,0.20335920260903317,0.23289477123628283,0.0,2.0020094708888636,4.09177564078169,11.436630255710346,14.399838260379884,9.397726797569621,3.8016917749218773,1.8272625208166104,4.690171148829464,26.899101500274227,167.75582986943812,785.2208353971414,7164.8982500644015,0.0,8637.360208222835,1656.6098400055075,321.8311770786314,38.23685151059044,4.30503900752732,0.13466859200851639,0.04729974682102693,0.004675633644937645,0.02155508195262087,0.009554318431697188,0.01378853561290241,0.0008027225140910881,0.004300949883704204,0.0,0.03325937393968052,5.3287166900526675,75.24237843903276
5.176470588235294,0.03881049888378767,0.042247440251676635,0.0,0.013234696745556846,0.0034668493488506993,0.0065347478526201815,0.012958109375378831,0.008289700353481444,0.027480458507463744,0.011179776091896815,0.010620513599425766,0.0007144948989780715,0.01878456525057648,0.08866238215655767,0.30229169837646996,0.0,0.9390098157322163,3.0616696217326664,1.4300507133046048,0.48072362336592345,0.3405931670882202,0.4169116402149309,1.6890852715659532,5.616568400781739,2.1031851703821305,5.80088439877825,23.75735476228006,284.10060839210166,0.0,1835.232301106962,10342.6519826197,8217.740862027464,488.6154816640683,101.63979287796708,21.476049109875383,5.073658501266113,0.8953509252684698,0.10501497910011123,0.024231443188363885,0.03972409196130833,0.0014666810029295631,0.09452377892396475,0.0,0.10547768409873329,2.897363387879876,1.108594179722537
5.1911764705882355,0.03155108781374068,0.012229110357107754,0.0,0.01314495099262525,0.023304717238786063,0.004881633966796745,0.00938163911868071,0.023821240390863814,0.026234375819951104,0.004991616726433947,0.025913487508851536,0.03607567096619964,0.018001029023480084,0.03519677316214042,0.5586276189922489,0.0,2.055158085358119,1.0742205056341472,0.05196327700980634,0.20784207750152456,1.1751901991005376,1.0359830613562475,2.414102087059336,0.6228502647235666,0.22350369120707048,2.0446136632862046,4.616712070698477,0.15268589066110788,0.0,2.5834064156279046,738.0237512013878,5541.83292159364,16267.773402953255,11601.874583977224,1857.762818027626,78.8051850299056,14.783126305250402,1.0349166212145884,0.15206178234606152,0.00690126508671686,0.004856305595171524,0.046956039222415216,0.0,0.0901295925387022,0.5561568797202163,6.0836529835081965
5.205882352941177,0.047776888017198246,0.046722824036994265,0.0,0.021278318203679182,0.030117113813121432,0.037211591718776894,0.005531736010957133,0.01654541754814864,0.013975149900838193,0.055174903070241275,0.051622863610281275,0.029989637155024822,0.0511977866226546,0.2474801326419236,0.5926804949064984,0.0,0.8974674164335557,0.5395132322362348,0.24805268800188668,3.214760744829043,5.219038330813332,2.5255793508388047,0.9922465658066402,2.477121616575525,2.0342253233274232,0.02215170739154607,0.33542531094240724,2.1983330596149537,0.0,35.22741658082501,14.457562235859623,134.1198861838559,334.4188804523222,1641.4168808995028,2558.810476364067,261.824914550014,195.02560455485752,17.988414713098166,1.688834853946054,0.18856373688414269,0.07118116237333193,0.06301711155709228,0.0,0.14404275976533232,2.2360556355742203,1.3010632659075383
5.220588235294118,0.15849682231038842,0.01718890271510646,0.0,0.02610077851496281,0.039894999120523494,0.03192538372044492,0.008877629299222905,0.02554148444439945,0.048630311161479395,0.021394831609354025,0.014710310876197674,0.021116382041132146,0.05129481221043013,0.0686429230837311,0.32178936859604634,0.0,0.15692268272261667,0.18493130002301134,0.27316316234622723,2.02668951040621,4.26002794758526,13.58211308001702,32.59469581921099,17.324552583832777,4.513769306491022,0.9172712183874568,21.462179582166364,117.54080537412224,0.0,173.35919789632186,125.79496282644664,79.95372632176085,31.22226362707751,305.80776381118307,2307.1625600178345,5549.996703151792,2843.182465790578,420.0529211450272,12.272117755047425,1.795374579283735,0.75115571052641,0.2753537433142515,0.0,0.13339672175623254,4.3441453309628635,14.295621145645956
5.235294117647059,0.04439685492680238,0.1427911285944874,0.0,0.04286890006158739,0.03713094717261029,0.03154803157638855,0.09187970932119938,0.05512815724763938,0.030611840715305202,0.028762974048210394,0.029507926797110055,0.02305142296628375,0.01067074661335946,0.05021013627610367,0.018294127483316287,0.0,0.1449079119825123,0.14210509513226333,0.8623643636039208,0.44342020851253494,1.3596186417678142,1.6202440773565068,23.75605385156205,223.64306754868943,288.73761197704573,47.08514457373873,38.31982364552263,8.579637623639595,0.0,16.463989674146493,24.077537484282214,19.050262050681983,142.49458023242784,607.7851024709556,271.15939845773573,607.8252066744128,127.0789926332197,139.03997508779008,15.086181875982714,0.7266667398187003,0.04662698379422264,0.06583069313537782,0.0,0.1572801690475645,5.317035689837523,17.302330414493937
5.25,0.057664016580664425,0.03970745226731648,0.0,0.08388270989613807,0.15855406140488726,0.09723691780112344,0.03378454538176858,0.019303332664941657,0.03873535811862836,0.023005031019377727,0.05011265781648158,0.08859766348387617,0.030114222108685952,0.07507282395765869,0.2576567365097244,0.0,0.16147667697778692,0.833265380668599,0.9490457712235785,0.7485833343830165,3.6050078548819893,0.9344173771882598,1.7093775255817052,17.18850397357452,25.597949426407816,439.86162632509786,625.283661421626,140.75718414460303,0.0,9.344751079127743,8.644743132132799,24.592952496409534,21.46963913302859,5.484378127175567,67.39877844369788,37.73395643111725,57.32609593577628,36.311523275589636,4.3937390953990665,0.05306235428951176,0.03416999356971594,0.016860746168337,0.0,0.0559298200993784,0.26431352448334744,13.076941220994787
5.264705882352941,0.03852651439045279,0.008981880727472111,0.0,0.01586957727029487,0.0431375072821829,0.017789038913969955,0.023902711962945647,0.03047186207769815,0.023094722973939438,0.05051753462562303,0.04048872283815959,0.03166125531181513,0.021185355981911708,0.14346758953696123,0.15752282185139482,0.0,0.9271366643181301,0.2706041926528566,0.07876389160263389,0.2869583029913952,0.988367270048458,2.2341004081120914,7.904960176978806,14.138109320232799,4.311282666389824,6.209484246743452,100.13478092885781,61.69563726388979,0.0,153.03939391543628,22.15065202922836,1.0917709149076675,8.159837217181746,11.440559923472613,9.359277035004657,4.306667469028504,1.3733788952419475,0.37650130072240223,0.051617193422175564,0.028955975195102047,0.036215776667629734,0.033036431078308566,0.0,0.039280837438851586,0.17959713106957456,33.76204312324151
5.279411764705882,0.02764233631790206,0.04819359430781441,0.0,0.04647026680078761,0.03908907167715754,0.03054799993183131,0.018345969781049052,0.00809495020603128,0.0039300140167814355,0.01302538914427193,0.01678216816585757,0.028298593611973247,1.9455276809116533,16.512257289674615,20.173953052384572,0.0,3.333047846390296,2.9921854449545324,0.06106735288282582,0.12446132924946152,1.693083177621923,17.216945511570472,30.784968236556907,20.008646531164406,9.30059746058985,3.102311331546466,136.82624039806896,1350.0593558284033,0.0,1406.5387427325832,350.12845602191715,261.53885188342707,12.878227529235678,0.9621070282746482,1.8737771911899885,0.673633685672204,0.7791114496943082,0.29346958308328247,0.00618878183403414,0.009140073925134995,0.013017367969313236,0.04770940034229021,0.0,0.07808224130496495,2.980875227613061,97.54356169436215
5.294117647058823,0.11153868959984496,0.034114432951047914,0.0,0.019431357803814938,0.02432473353099398,0.04924410418743794,0.025583034006013805,0.014948970743810734,0.023178344910239585,0.016582637503625444,0.008740354555346268,0.21291473185591747,0.7963253759635305,5.3283088492505915,40.739569784980766,0.0,63.754740716795375,26.53659857888346,2.0895354790541156,0.24493025450642497,2.917654363733622,8.18668772980903,13.206239058920817,11.752457490740014,12.058993477431034,10.267769542350361,40.078057668381916,615.2844104950493,0.0,2952.347478181517,9154.161175092044,12140.187961862292,5140.828044449361,1108.0581583817348,116.05174413751581,8.217416086310566,1.116620888681601,0.2993735828325739,0.05622760376051053,0.020422560447343495,0.013362359191606835,0.05702244055714029,0.0,0.27658757118404204,12.617408490585728,18.260367791151225
5.3088235294117645,0.032497433885500505,0.023167136016058524,0.0,0.01587308484658932,0.014363903464737227,0.0205572874557328,0.021562054139794333,0.022000199471323027,0.007996711289082388,0.009050650349574661,0.0082800147629425,0.07514867920452975,0.1641355642167075,0.2528527675585115,0.5287585396832528,0.0,2.251730787368078,7.402634423991389,36.81422665872442,53.5111602022975,25.04595804388611,4.737334746713472,5.438996985290819,5.487698965219957,19.39504792391836,8.494066798056195,4.989010024318839,11.864501918361098,0.0,4.650637181850543,155.58175525807837,358.42955911676563,1790.9783272242096,7998.973039627218,6822.685774216039,1182.8309186641854,80.15778401382542,5.976388632966836,1.2644050705818946,0.203549586264163,0.04824136176365802,0.02480901251876523,0.0,0.20652165194116562,5.804789720368618,40.6203623067492
5.323529411764706,0.024873939158420334,0.023735867546393674,0.0,0.02652678073572444,0.017877558077491716,0.018033419005382637,0.025776765857373242,0.020967503184664817,0.009996276245598165,0.013082663255068551,0.011617022891278432,0.009717371927706985,0.05710420193293954,0.15795109404059082,0.941826115793235,0.0,5.381926316899552,6.52187284605426,5.008876155356461,1.1779106547302727,19.890511498909852,27.58084781142225,1.1380115738551644,8.38127357846704,6.068488951941011,8.84972907396709,2.400429511198729,0.7193844938802791,0.0,0.2498135112505588,1.2813425681990833,1.8759223321850294,23.1402439629396,73.41956596332608,1344.190074492062,5545.934021550616,4027.1574093239024,440.42390579879395,6.222485816023312,0.9121872366009189,0.05650080161201238,0.005438824699101971,0.0,0.3040561832788131,4.463868360973614,2.490474035131199
5.338235294117647,0.042651824557249945,0.023231486222122354,0.0,0.0047593904459841425,0.004319653342423801,0.015845590832975646,0.014846656982594134,0.02358182780505259,0.0066116736313892276,0.036987550240021996,0.055341156541886184,0.008921847273256789,0.002891708765176672,0.1970884508683801,0.6593786943720672,0.0,4.593675372631753,3.7855868444631784,4.417892556241608,6.73921621846697,3.222853954537449,32.34224539647177,60.92967020176333,27.461376261586985,8.663472662317133,4.147737026026135,4.848741567410018,0.29100007224082475,0.0,3.174011490342294,5.539884810901556,0.26632846818478506,5.754699028915478,3.1705953053790625,8.317738151785306,336.0077674628627,1500.306699517756,2035.2655578351737,418.41990615731083,38.78747875051724,0.763900615057393,0.1883510927312302,0.0,1.60284545535217,21.80344500430477,337.9360775457863
5.352941176470588,0.03928502627962727,0.060928491383420366,0.0,0.04188851241811109,0.028280833216832776,0.031129675718339772,0.03241224420353488,0.022359706038131772,0.005340166676745191,0.026878692546695518,0.04418462837531115,0.02264021046139555,0.032515822839967234,0.06758537894216789,0.8031663399447673,0.0,1.0946638707749115,2.2386964668246323,1.1922422017732228,6.939770377763766,11.82927253860759,0.21609940956336388,11.046092864542738,11.342701528916745,5.029262161432425,1.5102565290957437,2.7774431415200698,7.920003651525986,0.0,2.9299454706455164,1.539910571267915,0.5732387081340038,0.8712582449752652,2.41982976509304,52.14452730110763,210.84666115304697,358.23562229133904,495.37857398687174,273.22930377658565,18.585850564502266,0.6214157358446131,0.034003729258828365,0.0,3.1425513140971826,86.53679017800877,263.21728084554934
5.36764705882353,0.09428384472861058,0.04124908565342497,0.0,0.026519446512885216,0.011649105716594239,0.008069171814911567,0.022277622461585923,0.01297383387670836,0.004889766415506144,0.005557540356766514,0.011292205533185194,0.0025348393632429124,0.11980597669407865,0.03696822154389252,0.3989602249934667,0.0,1.4085939463391104,5.927824025115417,8.783254305569097,18.704025068381668,24.786913471209147,9.365887792873014,16.142596653343404,15.001251139712272,14.48058775585397,1.7289279291654887,1.2952587786342922,0.07307849557655255,0.0,0.01059799846031822,0.9865492578496996,1.83596695806462,0.8504520771443614,3.305954271572361,22.617816277712656,85.15607510737735,147.79962419107207,73.6660862911881,7.36617165022102,0.7535213955825939,0.08406620707253797,0.016015458983776154,0.0,0.1046446371522037,13.554103744831469,103.53788557488866
5.382352941176471,0.01015486846317524,0.012864590188650785,0.0,0.025206008872595602,0.01624250528461466,0.01176748848679204,0.014287938627924353,0.013676498199298644,0.01713549674054897,0.009004015954962549,0.007850263243535186,0.007071746949222545,0.1976958600870809,0.43972388238759136,0.6099607721436368,0.0,0.06536689321532332,0.4318874050717475,0.850021828626276,4.634395001859202,4.657406364515635,4.446297079469654,9.460071128920124,12.353882187297728,16.054194246487143,4.38458626516906,3.9218109775958307,0.9940615658162443,0.0,0.5793001753175753,0.29672982820051724,0.23503240387874721,0.15877329103745447,0.5469203739312791,3.1211007306934166,2.599341411128729,9.905932989722935,23.33300079438085,14.891900918611253,0.19536842967112616,0.01719291531872922,0.010284853499287275,0.0,0.587736768468071,2.237293747801025,14.88265214368945
5.397058823529412,0.06496912125387663,0.03007971652603038,0.0,0.010068816377043072,0.014102446190998217,0.006396335892517515,0.005067824058806712,0.006922490411401314,0.004428426433397925,0.010109001238305193,0.01031651212519598,0.019238071061818348,0.08558422964594954,0.4137359805465682,0.6396969152690928,0.0,1.0773977792235612,1.3509771455602908,1.6419454850455502,7.619273013210506,12.122537450438115,8.43360609559077,13.39535787581815,5.2952363543700045,6.367522449867744,11.450445003061681,2.4134562147032135,0.4755774445862424,0.0,0.21701033615805654,0.7596157563690301,1.6903013637668929,1.4408585923906592,0.6179299984650528,1.1935602150510545,8.287857745547159,6.335799833585371,1.1535937304631219,2.3017359608572665,0.2854082876325551,0.007299360614590901,0.19050527311258014,0.0,0.1692314432199334,2.069342171761561,73.59048939288199
5.411764705882353,0.019117675492170593,0.04224428416182492,0.0,0.03544193178814639,0.014849562676174417,0.015192666742841494,0.014095854574364464,0.004307330523815989,0.00846665011229663,0.007082856743283382,0.02042703416601801,0.020084531711853995,0.010544201772207938,0.10134819951406877,0.5744046611248742,0.0,0.5870147023990981,0.10463346856470493,1.147687245571237,0.6887725086249503,1.7620877583492305,2.060582039366743,2.3584164695297893,0.772172004753584,0.7111968479120316,0.14348509959974537,1.4882563241428763,1.5436574904457425,0.0,2.1162648447947916,0.9383870762581505,0.13741128738939845,0.5542212735946548,0.6653961891592819,0.5549120300853453,0.7750571958602241,3.417663293327454,1.7262644041617934,0.12872844899211627,0.044150173423621805,0.001587249155111139,0.011724009814546662,0.0,2.68661448961214,38.987255938994565,61.288824217610774
5.426470588235294,0.05246659413511722,0.01364837430961348,0.0,0.013818800232058311,0.02115374464423413,0.020637524529360216,0.00814652346954079,0.010980728741560893,0.007775166090570766,0.00328752448096822,0.0027156998339545333,0.002678744579415161,0.011111566933777168,0.01880629949348018,0.29377364353046576,0.0,0.26813694325798637,0.3015919270478197,0.21027019050023626,0.4242582910727763,0.4610584668847646,0.7953962068436766,3.315009786357723,2.564676347291967,0.30907852116723256,1.0322087843136944,3.3482735607779355,10.523694148680173,0.0,9.369629187910132,1.4557442150947604,0.0895698128015909,0.15891171028739326,0.14245554663887433,0.5293980005599133,0.17622237207277422,1.4931059720738566,0.5963401813420481,0.03273432077968297,0.003544736611907617,0.002812955409575169,0.028327285262366587,0.0,1.502642033715217,17.716525206396717,200.7104516592252
5.4411764705882355,0.07214250789781812,0.023953813341224334,0.0,0.02869931706463375,0.011561286942886304,0.0024926955306339344,0.006232655878172194,0.0033746343576305307,0.005358941947283218,0.006351321137668415,0.014041682196683907,0.009348519155393384,0.014745859814137272,0.12134750619758586,0.012697898094550214,0.0,0.29557546901398846,0.13517394783142203,0.4668020667249422,2.6758138631992505,3.195638654871583,2.6687530725048947,2.0205625098909703,2.538296924481957,4.67711049006833,4.710522270679063,2.6166336812477806,0.16670511400439986,0.0,0.3081119668781981,0.8647165333284281,0.061998674521270086,0.10755297061729893,0.04693383265249314,0.09233502682299609,0.4239087325637779,0.3649872512493082,0.040270001790968735,0.007045923890958728,0.00046841770971198606,0.002045459586748384,0.05360552024759978,0.0,2.691599950160396,32.4462634944514,111.44571332927427
5.455882352941177,0.05357770728549596,0.019182688846744827,0.0,0.03592450128081624,0.028448367542489875,0.006570732953927873,0.009210585091710168,0.014149329104007447,0.011629935098836797,0.009976049332616343,0.005993972941529565,0.00921200615678197,0.008848842863744828,0.04910877358251381,0.18012755147609383,0.0,0.135295549664397,0.1491608796915099,0.08604404438781374,0.17824502596815497,0.3793109329264329,1.1465444212638913,2.519408922362363,0.8544447630087915,2.29447338981577,37.70634225704397,179.52384307782398,90.30857263811156,0.0,22.237677087814212,0.6941990154382038,1.705274135369839,0.11104669170026273,0.18306127803153313,0.05415975876945303,0.005117678995198585,0.004789886960247435,0.01820890421148076,0.026296508560656025,0.013148581699907756,0.013434662446409762,0.03549264854223569,0.0,0.16200347580058377,1.5432960953887513,36.492532431241656
5.470588235294118,0.03083293275896186,0.008463371960403936,0.0,0.009879589477650863,0.01147907133447146,0.01437104538247256,0.021365817117105668,0.02509847543361831,0.005485107872844905,0.0034944470866659903,0.0014185430832060692,0.0015012906408415744,0.004515316447207109,0.03167603456364714,0.38721771935491706,0.0,0.570307810064919,0.2844156593084278,0.22317523328031133,0.6131765891215823,0.8429246490614348,0.32841717009635224,1.5121968882472858,17.1186280234197,101.57528114962098,488.8562573614157,704.1100317497855,191.9226494925223,0.0,936.2397714907659,819.6722493282002,260.648629797231,46.490862761141685,5.08640821083534,0.8638515068182746,0.12481771045675463,0.018652040897597467,0.0018758845977037623,0.004925964265274554,0.002098463383379912,0.002027348540938587,0.07439682964905464,0.0,0.08383919436688878,2.480965911715714,1.6202331683295197
5.485294117647059,0.03349438421424513,0.058138925129198424,0.0,0.024728315914625418,0.0234040051669938,0.016273478203777638,0.015563024082095528,0.0030029730671586995,0.01666198510729639,0.0041363812131066805,0.011495907281042769,0.045203235649278396,0.04092815755142732,0.09822475387749433,0.23594647180112832,0.0,0.027708170665951513,0.16171638487300483,0.0787972719110841,0.2593707810578293,0.3944044799686567,0.34029975508779436,10.24212099782758,18.791904887783033,6.888819381319706,4.399220603866274,98.39081922841018,482.5879825438101,0.0,83.73011972267032,470.5526920851847,385.9674010104434,126.82933351687362,214.93634838201137,33.572397878720054,0.7651059605639756,0.032174235542149356,0.005534721433649253,0.003597953074763301,0.0033051808725166644,0.0035507927964980885,0.04287781905055759,0.0,0.13587944333984875,9.876165480857459,36.42747042433221
5.5,0.06242164450646455,0.16737670793204107,0.0,0.04893359015115464,0.0065397070668257885,0.0020103593621665096,0.027703597742345727,0.041443914969517895,0.013498439335115735,0.013386936412327171,0.02983921030842294,0.014553972872335435,0.007635929461082595,0.021113981617530222,0.11264182291451247,0.0,0.8616516703986403,0.7149340351337414,0.49160740368294964,0.2051544086603016,1.1009258643929705,4.387380415417951,16.045068204163115,28.53422692725044,11.221125389480928,9.808398225128542,191.46858547538028,176.32457390017285,0.0,98.78105853087489,102.02837337616054,317.5340513213841,246.2193515373287,140.349535158776,183.12048345432436,8.969703867736735,0.020199031048801414,0.2769141266918922,0.025417466696247448,0.004599355032784419,0.007929310361910366,0.004828768966832367,0.0,0.14784308913300825,9.928105520357036,10.129775103427654
5.514705882352941,0.07823106022858559,0.1330843495600866,0.0,0.05999271697313345,0.017248222398127344,0.020735843484466564,0.020238381718062096,0.017366744937664554,0.019631871919026187,0.018797957428413146,0.047678328689362975,0.030789715546861933,0.023290693348567308,0.01547750641985911,0.20971029314162393,0.0,0.07654830155819542,0.14893051658106526,0.296768140233508,0.3709803710572965,2.978723650917421,5.41199856157443,2.6486883320288666,4.598744509873146,13.203618392004172,22.877112049522786,56.44311964197084,41.23143542253377,0.0,27.436330790165833,82.34812705821503,93.46951947862735,137.76703325576847,635.7321720410075,451.50239901215195,22.360205009291086,0.7236786829789108,0.3793858515414618,0.05033068503597468,0.09313588932907207,0.04239705167372156,0.0042004055691781065,0.0,0.04078533540901236,3.7644562500847254,55.82587786936995
5.529411764705882,0.06747823476030967,0.08358612459241421,0.0,0.0360081722941319,0.03752007787462711,0.05323918561970698,0.029262442987561418,0.008888396918831068,0.018748282216651046,0.01736232042335044,0.050073725829685334,0.03235037402188981,0.022900630685077476,0.05187657128728785,0.08600966674714855,0.0,0.09211967938596799,0.162719977655278,0.3500447819437086,0.1346544005462868,0.18754927438891597,3.487935318537125,7.092201127666093,9.207540112234136,1.323440710166641,4.135979423810248,3.630044996677526,6.553952261156217,0.0,4.561820510621747,25.389533477627126,97.05930738313515,53.4986357431775,121.07228646885369,173.63272917708554,50.41135954421861,0.834809774434419,0.529227527570477,0.12506566445030542,0.09584170958729568,0.0036659029611051212,0.013647505767149275,0.0,0.428348924233885,0.8028507985097486,7.287407992795819
5.544117647058823,0.005286289632659959,0.017686163013150104,0.0,0.03213840113123747,0.0178598790566851,0.021349376611317444,0.0258818249732781,0.011667166554847758,0.010200950411481155,0.03350516383408701,0.035877063355405296,0.04653247677866452,0.10543523779585516,0.2025203384397532,0.3138343465192024,0.0,0.28813131362938127,0.09858086624812804,0.3551007821136762,4.745396584941798,10.125898939438283,7.729178153281894,7.652407453001089,4.464200706002777,0.4862066391296882,3.343801482917976,26.55381418659787,33.42933023805873,0.0,12.240038501924225,2.663010653588261,15.697071920384674,5.360599366222765,10.758214868895276,44.99443531543872,34.76845308256805,5.486742402098259,0.2429108101907408,0.02090477098631681,0.008053955211167417,0.0033305991170490324,0.008402928299234225,0.0,0.060496890544725346,0.4602848404619877,8.020517338657472
5.5588235294117645,0.023579546872967726,0.009858797499859273,0.0,0.020929681334877083,0.016905551816082755,0.01705624849341225,0.03984137083743619,0.018105106086043432,0.014592971285920148,0.0767614013132632,0.08097873005704948,0.05681869106732985,0.036347193195772606,0.11901756715625958,0.34605742228550274,0.0,0.3423468875505807,0.03576801213980245,0.241707587686257,0.3284273580771081,1.8969158375121473,2.2307016266838247,3.109289747804607,4.993163381152263,1.1196986378951808,2.384827366107273,1.4601329861681358,3.1381571218325437,0.0,1.0315581035308918,6.870216316591302,11.484745015619712,9.288498163082078,5.765152907178173,106.48328167906848,86.16528689411021,5.348242167973092,0.1369246241826509,0.008582047865231618,0.004856294691959735,0.007927586186089769,0.029175710484305315,0.0,0.3561025012986292,0.5654011441613536,2.121514193889896
5.5735294117647065,0.04992683970042411,0.03220081771916625,0.0,0.03541241338807889,0.030858203614649964,0.010447526470122176,0.016376078875374553,0.0019948620526736805,0.010322328661913127,0.021257167683503417,0.012209784314961905,0.032430452763900566,0.09541085732605384,0.26411501862857123,1.1506644532275456,0.0,1.1343565411602339,0.18897083636287548,0.4410316859455883,0.9041450005756231,0.412057694454521,0.1154393373042125,1.6603111400073853,2.6191118987821573,1.389054273859094,31.37987395263194,44.26354950595725,5.768164819903401,0.0,2.3231824371854337,1.5137240681429245,0.6242326356367888,2.0370101055245486,26.278690992743247,14.789842119506122,5.52532475201955,2.500252087938992,0.06505796392553881,0.000655063756999921,0.006596020708545803,0.008680620720697288,0.0038432519395904365,0.0,0.019935723476789666,0.43328609013814734,2.0874424027783407
5.588235294117647,0.069805734852678,0.021056605542013017,0.0,0.00286845247937306,0.003437308726224075,0.01956552132304542,0.014639668518329235,0.010269238307382425,0.00836479567070854,0.010525664605089493,0.006899009255810483,0.04671974281128831,0.34433249924799414,0.39201749063483954,0.10068943284187987,0.0,0.14347034338264958,0.40889085684584914,0.08532015023205425,1.1565070913829412,3.7880197105749955,3.344384602546463,3.0428613784153296,2.116058288878592,1.3805581672028464,0.9114987173995852,27.14450906551475,102.03246781089159,0.0,34.883541587721126,4.9161692087513345,0.36022231423605067,5.104174831309532,16.811608375371183,23.68683860238594,17.941085960023077,2.0927613023319314,0.020674153370968115,0.0017468185663264578,0.0013477487610652392,0.0026665166195056784,0.013376625373981946,0.0,0.14302393925834525,0.27379912645408255,3.456180744010571
5.602941176470589,0.07386208492249244,0.01578375137592262,0.0,0.012517462112709925,0.011596832925546417,0.008903107128102938,0.015890795504150356,0.004030306983075918,0.0031354111518291667,0.004437670724308125,0.005439902866681521,0.019495695808492128,0.3601209845785062,1.4672705280832168,2.2876515692130432,0.0,0.7315940356476867,3.420151687129752,21.140980034422313,7.470676196651704,0.7055572016217202,0.29130205111381097,3.647648086785018,3.680135004143884,0.5738558336862569,0.5060106424307135,0.404213127471323,46.90901567635789,0.0,316.01568576664386,235.41065624349048,34.305375081470025,3.432654496461235,0.6172199662689903,0.2174846711886127,2.1625010774545586,1.956440955338278,0.050836504616189764,0.005274161501087039,0.00890440503930564,0.002553670449202078,0.005517224625733727,0.0,0.03352131922409893,2.9434774659362444,10.376881016468644
5.617647058823529,0.011126275293665985,0.013148724349628048,0.0,0.022169854743378535,0.006327121336130018,0.002629016059301936,0.007026213135247955,0.0196517150569737,0.01208721300209557,0.00621160966950469,0.01302297515462846,0.05068272131394206,0.0662808478063771,0.053364284317432994,1.6671482287353931,0.0,21.80084050307027,53.695485513694194,24.787616711593145,1.7668323369521732,0.4950557736159418,1.4615572025303192,1.6346089043640317,4.163693929243389,0.27854548381966016,0.03331952703796732,0.5041587310741216,1.1687268282174732,0.0,20.887041556584542,241.85742651648823,823.1921583918279,288.6125020913446,23.74930797610532,2.516201293650639,0.07937743695625774,1.286779519551847,0.3543232073275032,0.019336124094005414,0.0024700666205516577,0.003304941402274516,0.005620335628243805,0.0,0.1515194536684677,3.6071201596216067,8.366333893346859
5.632352941176471,0.05275195419423617,0.04168702010642066,0.0,0.019362627991582046,0.016175808687852927,0.01215799106139024,0.005328480794976896,0.0012182159610787838,0.006058058515079924,0.0033645020756433008,0.0036048387108438165,0.02192267380524386,0.014638059371246924,0.3280151515654862,0.018606593594170294,0.0,0.6306649872758547,0.8797977359790636,0.05141688262741216,2.361747759964769,0.791284602533444,2.276406011096385,3.044301872786259,1.7625827912011682,3.019196103566614,1.1625999213594187,1.9658219245750277,1.8504677650279944,0.0,1.1583723352838948,6.592731416341216,202.0653241058768,1973.0778486678178,1473.533205753491,171.75690746379544,14.005432108630561,1.2224131323205287,0.11403950281170536,0.04041417949351474,0.025344508810356988,0.012990200629595345,0.06978517931880737,0.0,0.1557997516940221,0.10672751764792035,1.7970783202085467
5.647058823529411,0.05526399520550352,0.01617528226628742,0.0,0.02306719187088717,0.012172980326989128,0.011192245404294766,0.036187384746690185,0.015456333731156334,0.004577117629241169,0.007822120307618011,0.03062808860947505,0.06654239054736723,0.12634833204263057,0.40503247108378215,1.0794421492595352,0.0,1.5865221321381682,0.5552166107035161,0.1685375075860569,1.311324013397746,0.49535093395112884,1.7136978954883815,1.4396189136770765,1.4126541455497246,0.2245408309029177,1.526101704207345,5.690840752352157,4.233028800291596,0.0,1.266787538688483,1.2055134653673858,18.774859469193245,263.2867662028841,2018.8211357449459,3510.5293566756845,961.9128672024342,72.97679634631461,4.259031275909023,0.5246891087406776,0.11006984660956798,0.0021167830090734396,0.07406053439643684,0.0,0.07072182401484281,0.2914126592674982,2.4357794054786153
5.661764705882353,0.04153168617753719,0.0024106487105901844,0.0,0.004656804482011083,0.007051266483054596,0.014984382613498388,0.016380989217584886,0.012737461418301994,0.0055696968537587935,0.0047343378911193805,0.004182601940262671,0.004398335665748747,0.006061625052846211,0.07109914465017099,0.1103301253973721,0.0,0.09066989430639905,0.13078419152419662,0.24029405561712622,0.2006092696549549,1.2932078237041034,1.6338298538982379,2.7292412643642363,3.582198033156712,1.4431113402964004,1.5775564202667645,1.6431225548137656,1.0811105304674102,0.0,0.37297530036758453,0.22601847144871753,6.2258136474554915,6.536015918740909,10.490592036313384,247.0026003741798,1196.205426677237,1458.253156192602,331.1060517706276,22.76900846474755,0.42615329232288207,0.01179986057825507,0.017422528617049522,0.0,0.018107691645543437,1.7184178035352304,9.652573986768166
5.6764705882352935,0.06490897728952374,0.0384776031144819,0.0,0.014293033558430344,0.008689623261638083,0.01709569884747161,0.007393771740266572,0.00852598175646017,0.012294124701222504,0.012255271492907555,0.00961684330153466,0.013518795439197658,0.014859216397548341,0.002158615615519592,0.0980915498876669,0.0,0.1824026845191793,0.1344797412791065,0.01292439754766318,0.1300425565519005,0.2800255321592009,0.21388050360270147,0.11223836113655161,1.2191524254740127,1.4608353857815173,0.054676633268171224,0.17217953585128193,0.3360650495468516,0.0,0.27672855025702114,0.8203306479039416,1.6149375391820264,6.553350287732731,22.361103107927498,46.322200553428424,62.83118677439955,255.33041390843073,166.25895937625148,28.064893062872567,3.6343872383583147,0.0571938986528957,0.03724352948105209,0.0,0.021749107878198566,4.286179486328567,25.142970968449383
5.6911764705882355,0.08728180702377528,0.01940848746886101,0.0,0.008885368847811895,0.03863822508072553,0.026223976433019193,0.00581575084223217,0.005562602580602924,0.0054756725425513676,0.004223544821289707,0.0020955184098166166,0.0014391707613545168,0.0022967850547330466,0.01449301139799991,0.04555425559668849,0.0,0.38816104952259156,0.4211366444786369,0.005748691432721642,0.35129000794692855,2.03978154006224,2.8886058533637873,1.8190561209749745,1.3984016414074456,0.292086811790618,2.1801091060907867,2.664071735557915,1.0838478110762753,0.0,0.31036125042291873,0.8720939027432968,3.22015023987388,10.019078498378773,12.749954988030243,23.046837202034403,149.47817795253843,216.57348087018437,60.94891388611582,5.121856994270532,0.5597555673788301,0.09329893520061705,0.017120389698306378,0.0,0.18109866806898445,1.6339912767928777,41.4063312214917
5.705882352941176,0.052028038260366054,0.019357107878780207,0.0,0.005128446947647587,0.015354336284240783,0.03116942403978233,0.024166016613542465,0.01021025784692449,0.008882392500343514,0.006029645428113204,0.004743295469492405,0.010372140543716709,0.018572125279158046,0.036212597049156525,0.10578544865467049,0.0,0.10371597941366799,0.03285711825983083,0.06791836957486039,0.9431109167928333,4.1954858830838155,1.703159819916241,0.6887346397580854,1.3228023501186126,0.3452056299580796,1.5797495395083219,3.0964509613160205,0.6830730542814769,0.0,0.08388544458896979,0.1447571365479284,0.14686517409253083,0.32822032410389945,0.3198565390726723,8.271440918533777,43.30915945001263,19.81702303145927,1.2425641112369308,0.18218303177896966,0.04007876153780033,0.010026286147258708,0.007961632590509258,0.0,0.40296827722960343,9.711859033831388,20.543458785941517
5.720588235294118,0.01622331958980619,0.02025877914092298,0.0,0.03178697602301905,0.021506984674091727,0.00459759856644583,0.006657686261816119,0.003378224633025305,0.002332822138852461,0.01045684532655415,0.007819887111243299,0.009612340767068274,0.01312207203570238,0.008046019927697365,0.03355407841110137,0.0,0.0650001925913469,0.024431543161784,0.06740315533354693,0.9228000215490466,0.6743994606586573,0.9651170799378174,0.9655233126506793,1.1498844648155058,1.8684556270781258,0.7152165521019346,0.2592540316696146,0.06689106120152709,0.0,0.8209345314020107,0.9479472276185585,0.17118371019270823,0.08041024422867574,0.446384991385253,0.5330108996705809,1.1059278318353698,2.9652563630436903,1.0117308229381057,0.019041898392938926,0.003402047641848388,0.012162058674724693,0.01677162167833694,0.0,1.6328141227471273,11.11730524809202,66.4430004669005
5.735294117647058,0.021416827536619675,0.014345074888517745,0.0,0.01617043106599774,0.01541409845190408,0.014643903777891225,0.012246764560546844,0.006855807801896079,0.003212001030851815,0.01411924019346278,0.013737410330794182,0.003126631232037489,0.011192927350312257,0.060480788743003694,0.19692343647974048,0.0,0.29275891519113706,0.3709594290927492,0.32116312487848064,1.1581954761285589,5.959599097586461,5.845707518974832,0.9369918349722851,0.5106623688668205,0.32499044165313906,0.012815393436008706,0.09117254512212442,0.19931253100538132,0.0,1.0247616066266851,1.849321038234795,0.8505716505137221,0.4466617284587395,0.10335275072428157,0.05403803908976827,0.09167817305326814,0.04030006047822566,0.03795251460939073,0.021129308662862896,0.0027399889883994244,0.0010747137530849084,0.017724121566534953,0.0,0.9933439621740664,13.881765058730956,64.97562824014734
5.75,0.0537677991607075,0.020588569056640735,0.0,0.0019747054301908194,0.004685715594573054,0.005323635006479882,0.0045489154534440095,0.0006922282128029984,0.007729351718898487,0.008183211558169319,0.00159005622287255,0.00937686990967653,0.006797920314467977,0.05093317944019304,0.2938914904577356,0.0,0.6743568511960636,0.4294805082409012,0.25133157086512936,0.18272130039532014,1.2357997056393706,4.3918562752014525,1.9709761173744875,0.718491252438967,1.2153988681982917,1.1483471038591926,0.246005652965922,0.06965807536061246,0.0,0.09391537356813817,0.18566410263744582,0.31678797742642517,0.006556658299417698,0.050299424699907974,0.021264657216989953,0.00918236785678168,0.015294281644672291,0.008045493847639064,0.0023702249732659867,0.0012367667010784221,0.007326241010560296,0.005818903134081222,0.0,0.3985964628429681,16.867862801208,117.76146307810703
5.764705882352941,0.015689620880617046,0.025453037683657382,0.0,0.021043895828355162,0.008817850314941119,0.018146696911597468,0.012256162484263236,0.0045356077511255555,0.0036414571593616904,0.0026159779828957876,0.0024437207606540804,0.014989290244579985,0.007456589352853347,0.02236184164663723,0.004988618876041848,0.0,0.3510829777036377,0.5054315900884211,0.16527308260510984,0.39195238257259113,0.5822314852956182,1.7264854133409324,0.44584975252140807,0.288664705969008,1.1315662307272736,1.5791402399792425,0.41037111411839666,0.039818066815506176,0.0,0.03724326025279035,0.050481212948816655,0.11253901634733743,0.01596778182855356,0.013249053598418192,0.005297686669746561,0.003018407964065186,0.00455589020500179,0.006257017242141607,0.003533746483302941,0.008822601999463633,0.019539995117983044,0.03433327977722634,0.0,0.7475107333128602,5.69154956290939,114.24807983245994
5.779411764705882,0.044421864313660284,0.017527996892086544,0.0,0.013878522103482217,0.013585630356934025,0.0064176360743625135,0.016570535549658812,0.01763714699726137,0.009176136468714641,0.002910818180104255,0.0048981269302594025,0.010646136969747208,0.038643799851725016,0.01797144736883597,0.00998497471397902,0.0,0.07333057376586652,0.0961561739944644,0.2683500165428085,0.07943828264378597,0.4475546847890782,0.6448888354166644,3.815632121404021,1.990493176016621,0.42596285861963096,0.0852391126060165,0.08394652954815504,0.023543121195949306,0.0,0.06225075707191736,0.070811837812156,0.060018507455888596,0.04783153192961993,0.012767267069672655,0.002715311774331229,0.0020119118581727554,0.002016831321640426,0.0014320052577618983,0.0035770139445601024,0.002916103626224707,0.00223918172272602,0.019187902980830545,0.0,0.36936970256178153,17.873157229803972,134.76661248026292
5.794117647058823,0.04139444706473027,0.03564244023054914,0.0,0.01935584050967952,0.011728469289635607,0.012822534916798994,0.012937377913194081,0.008853727108916203,0.002357197504740211,0.002413356249282842,0.012582515017728899,0.00663106177854304,0.013634777264558938,0.036083446222825964,0.01495709022305096,0.0,0.02045204252591809,0.08505838174894623,0.3005559325027375,0.6956638932770645,0.7110432493464136,0.39296891186081634,0.2430118660504774,0.8200498302940173,0.26843015129265513,0.11401023054137965,0.09716717309388144,0.027584937594090836,0.0,0.004025011225786902,0.002952783162762201,0.004421788822109303,0.0029030713731975073,0.001093689273571553,0.0005181005871275925,0.0014502254690484761,0.0015600686736849225,0.0034758968710620446,0.005981804162090298,0.002543677063468223,0.00918907586677944,0.021672115173642086,0.0,0.044095140097367154,4.929283162105715,34.53616894530651
5.8088235294117645,0.030977997034774055,0.01007756421002593,0.0,0.009731987809309665,0.02987860693723931,0.021928273976134238,0.001252192226266375,0.0029986593386237604,0.006403963408084894,0.0049924124746152385,0.007406374750935264,0.008551949636507851,0.01701776657835187,0.04517943781257276,0.023956719664220024,0.0,0.11723244341165233,0.2470461059735889,0.673658837380599,1.0469744059443258,0.8670466506869059,0.5340812097095653,0.5476537997467048,0.8323054099857654,0.2581411356626525,0.12341924610496548,0.09421783337863669,0.006594659448102347,0.0,0.008936064399291177,0.0030116165917459794,0.003855072987145018,0.005000824652917062,0.002260681850375521,0.0020314509270778227,0.0022340531286393294,0.0027329913884990326,0.0011659308326126743,0.0029673766886725438,0.0028882664187610653,0.0022656412485002656,0.01325563410229761,0.0,0.24622031414200646,7.284246993663798,25.788174572680248
5.823529411764706,0.02512938401452918,0.05255213033562821,0.0,0.02072749434341558,0.010868798473497464,0.007780626062416668,0.005402787791319655,0.004366700564403492,0.0044449820202920225,0.0027371144238617275,0.0032580479548068946,0.004040222172951639,0.03530540353452463,0.026153668254410914,0.01771989817722204,0.0,0.009116865952749468,0.011730095108108251,0.03417149920767661,0.03578248166770322,0.29876359804974006,0.10860174687588699,0.1696522816329939,0.3785899702284824,0.12904650230015824,0.16284364868323448,0.053387810069898775,0.010615982944517047,0.0,0.004185522960885351,0.001218263545908136,0.004693544453785908,0.004793196006778454,0.0043950864158231245,0.004111143777497191,0.000927581975547361,0.0012544734899088156,0.001208957970675349,0.0013449431978638457,0.002589193288568263,0.00051993264886003,0.0048389758853327825,0.0,0.17278426878763128,0.6020655275426309,4.344042202618952
5.838235294117647,0.058316676912014406,0.01701631642828739,0.0,0.022150532367607712,0.018385230214075784,0.005614659249382882,0.004226968860751684,0.006124294778699848,0.009652727931042503,0.005774710984998046,0.0037217841037471278,0.007968509290424999,0.006737705390035343,0.023227965255915622,0.038666258433985454,0.0,0.15078826002884135,0.1225966973018712,0.010739112600826252,0.1317755163906387,0.432556227070738,0.15635761285263494,0.029133012670277916,0.22653504861705132,0.5319302898946949,0.20394623666741085,0.006730037639469158,0.028954794018662258,0.0,0.015500145529103398,0.001925465008148353,0.003242744442102351,0.0024569270041105125,0.0046059420015204505,0.0036433202053243645,0.0013112175354459345,0.0013362467187319348,0.0005230180345142202,0.001238589133409597,0.001917646814688405,0.004752360920809242,0.009628113706005907,0.0,0.018360501840867086,1.5430645024465632,10.726931119215372
5.852941176470588,0.05218742688532624,0.008160072358449963,0.0,0.009915728763661967,0.018968394107491605,0.01705233872523812,0.006854556191374962,0.0060558049985339705,0.002223210531831365,0.00565409382565979,0.007030642532542892,0.003372833478479618,0.028355885814214478,0.18477253246277808,0.38654452073125073,0.0,0.32335125818074284,0.4794496942621019,0.18957862162034592,0.06647278633407921,0.3320122192817381,0.3039925494146601,0.23964909095361855,0.13704377665502926,0.02948497501914864,0.06389472391080182,0.02707031068277102,0.024656150795430647,0.0,0.0030148572592548334,0.0034882768585793107,0.002940400845965428,0.0025374016108895736,0.01233553852640612,0.0059735473194483125,0.0017247660851205783,0.0033295309713617157,0.003953497349752786,0.005409651251489688,0.0052115235001861,0.004437357975185567,0.008646933011160426,0.0,0.03831784572930997,1.762194371669663,18.183194477762694
5.867647058823529,0.010009589946372752,0.003839595677916125,0.0,0.006345571401446761,0.020342912935241934,0.03767963738675953,0.012609950496210904,0.003805162790395865,0.008980815940952996,0.0025779985104909956,0.004626354777451976,0.02241965198273904,0.06262361867690945,0.1127229795479831,0.9357338582122454,0.0,0.49106258607573716,0.03589963297762779,0.11248600492990248,0.06809097459969041,0.07550491556543656,0.21150230083208846,0.4805651481650362,0.33522624563740117,0.079196234066562,0.02183809104931918,0.00584881105359911,0.008549921173378217,0.0,0.003966038654630391,0.002634592260622124,0.0029939282918614958,0.01502104206318245,0.02499386066995992,0.010811543496315683,0.0017036621063602063,0.0012237005843414978,0.004389921283630387,0.003099814643721998,0.003288433736298822,0.002349199342888391,0.0028164419614900146,0.0,0.16758908738521042,3.336308402286442,6.964687263711717
5.88235294117647,0.06047136892558162,0.020187933448650212,0.0,0.009758186677346434,0.026313901744709718,0.013101703942597088,0.004572259981314043,0.005784438935406818,0.004434258853726791,0.003271627310598335,0.006598924923687008,0.005597586209016085,0.016724912953421642,0.07814216373056727,0.01825381486614691,0.0,0.23115496800298937,0.22222896168747502,0.6031805847968499,1.1932303952704255,0.7637245395331284,0.9829208588570345,1.1076573551662587,0.6162271775378334,0.13838059219791216,0.04456935621453435,0.014229595391706068,0.002793140007132584,0.0,0.003775280052324921,0.004520592674569427,0.0018510030136810462,0.0030556051153924867,0.005265727020304655,0.0018848437356149901,0.0010915894905775493,0.0018578770338065769,0.003033578059228865,0.002139269048238407,0.0008755820504185188,0.0011801410475639866,0.003553409910006815,0.0,0.017197566314209916,1.5642226375499704,12.478815796028115
5.897058823529411,0.010890260617343848,0.011439905847239466,0.0,0.024888524873490452,0.033890002283203144,0.016578012572510133,0.012107648146481527,0.009510220277835518,0.002632496291731774,0.0037011417981952888,0.006976481095053498,0.01100249697763949,0.01201229049278154,0.05245911940393997,0.027936755596055185,0.0,0.09141101213467244,0.10129959552740592,0.15543230529286844,0.2616480620977685,0.02272885119968338,0.28604583125045363,0.18221644414041277,0.25546085370706884,0.05061782111395299,0.021989391104434104,0.02006576846533694,0.004240373911494523,0.0,0.001267157660402577,0.006148869054751805,0.008073244383279651,0.002695320230734164,0.0026832545489145357,0.0019610435760448763,0.001368975933108036,0.003075479181231559,0.002805141555763146,0.0012406514639942273,0.0017387895220693623,0.0008197125512835617,0.012182695006119622,0.0,0.014438800772945595,0.5614399938916156,3.413542988176743
5.911764705882352,0.08899270391972414,0.0733843742706912,0.0,0.016053685377568506,0.003909783034482308,0.0058508839627819265,0.0039190158736621735,0.012383505385423967,0.005712072397299126,0.00825441930425837,0.015084075045479125,0.0018731633124889433,0.0018945272790603673,0.05692842364777967,0.18438057723704032,0.0,0.11897505489398966,0.25523646508843867,0.12578009228891293,0.08563439371010605,0.3583988977239851,0.039869908546235636,0.08775437595857978,0.11353170106836462,0.049079857368576105,0.01295358915610685,0.008233954943285257,0.004748287186240082,0.0,0.0009420077209727213,0.004374284382198409,0.003436395686408966,0.004534852770037507,0.005861184893129528,0.007405914467154487,0.0038412772576206762,0.0012562952653744708,0.0013960801372579598,0.002642886739975553,0.0035457697732246265,0.00092087388269651,0.0036150715295235145,0.0,0.09272781451810623,2.665674590177791,2.6580436726143644
5.9264705882352935,0.0441317811432809,0.00850584882271239,0.0,0.017992962663244707,0.008779788017654326,0.0028686961117238355,0.011429398184264462,0.006789228718865805,0.004601746267906697,0.009098188266034403,0.008009369133451728,0.014596477433960132,0.03495002072184991,0.045748049762363456,0.06529034685934854,0.0,0.08428906371120118,0.02855543534671068,0.24958121299354516,0.19240369743720875,0.2329771769014275,0.4923622250713241,0.3383023288923634,0.16813496948635323,0.04086493220141652,0.01554835343867228,0.018705281370708756,0.0740986776924413,0.0,0.06063215133507089,0.008931907807206914,0.0031264274710225354,0.012491429449113306,0.018939387167794485,0.008036808036162614,0.0014499414823948224,0.0005077888769143464,0.0010453493281949175,0.0013535959955185547,0.0005571174309173979,0.00528770503301415,0.013242903190162102,0.0,0.1945998577096591,1.7781621747850296,2.365705165507916
5.9411764705882355,0.04280593112722336,0.017781855553590808,0.0,0.019829928683803726,0.026569591173244596,0.01762560972287519,0.016100921235736414,0.009441138789240213,0.011106526946174684,0.008012596902703398,0.014689218169879562,0.012506458423866785,0.003070392352982178,0.0064139027471466666,0.011510966561933188,0.0,0.3390949639023173,0.7550108658910559,0.20718906767924117,0.008922518366494712,0.030777819026940545,0.08087189258652705,0.00827028848666153,0.053536421489647684,0.02078089203831137,0.018789504582745857,0.012380801508786484,0.010366866953908573,0.0,0.008395043787780781,0.003218829788888233,0.0016132546284452192,0.0029867724840304975,0.0016586248306692652,0.0026543810438511314,0.00130316775880844,0.0010847325015896294,0.001170558986600726,0.0019027891361713114,0.006039501524731311,0.005676301356861408,0.0014731275091417737,0.0,0.007617065722858546,0.4438250659566073,1.1046923191692382
5.955882352941177,0.07735342867228634,0.017151961332324932,0.0,0.0036078367747942913,0.006678402359953371,0.008815208877082387,0.004726807257025217,0.004040515534115821,0.0028048184112999582,0.0066476833882637785,0.003996635585099403,0.0032324750283765653,0.009896287815535965,0.018164129002172538,0.036191816307655375,0.0,0.1940341874941236,0.2314101927715481,0.013962916720576122,0.012468863989701685,0.018948004761695437,0.044150096823620345,0.15413418704383147,0.1821720367028006,0.03008500161388506,0.022353059502709233,0.016270984188433577,0.007883478130132161,0.0,0.00903274768464745,0.0047764737543470005,0.00045517204874480496,0.0018189482327414517,0.0023777098178652174,0.00243468860530123,0.0010456735763117223,0.002774996861581608,0.0022008291857006116,0.002668234070228153,0.005071491688180073,0.005437187872163543,0.012546018695234822,0.0,0.019348055224787823,0.5725975394549143,0.5114681989015014
5.970588235294118,0.07507300080794894,0.025322767043365092,0.0,0.012534532504296432,0.013495055405986871,0.031134070532260007,0.029102699923100425,0.013855004904969055,0.011640024883054392,0.012910262869472213,0.01167094557451189,0.01210424512899156,0.016664297591021882,0.03447930899106616,0.06272884100357158,0.0,0.09941692655563222,0.06227460394086942,0.1694096762717312,0.36271276594200474,0.04891312140259959,0.15235549010735744,0.14725736945027598,0.021428686098459892,0.0638256280682318,0.007327251110070019,0.004523720366426737,0.023132194168605905,0.0,0.07737392256003398,0.0491382240669778,0.008004263501044884,0.007305206518062439,0.002699775151549713,0.0018788495717842152,0.0023119915502633876,0.004226392555436773,0.0036794330024259043,0.002227776177025034,0.0019719319700649994,0.0048796407353211835,0.006132055900133209,0.0,0.02282580966920254,0.28815703032254203,3.07764012217152
5.985294117647059,0.07306876374499056,0.0286362380606407,0.0,0.019847710534108783,0.008720746811922937,0.013180405132516788,0.010379814574054643,0.00871326884856741,0.01406738439666643,0.01729264911683976,0.009883510953794186,0.004405493731636295,0.006374889118030308,0.010251308354753772,0.05437416214527281,0.0,0.07467692766071476,0.05022045636468288,0.0723368053781786,0.1606080416548019,0.1112966902026633,0.2362955187528906,0.20677044374551035,0.48622662059223576,0.01786989986634328,1.062196500290336,2.770666590665863,2.133578476163776,0.0,0.22007946497522654,0.08376659589859346,0.4067610180648245,0.21735996109880115,0.029931526497295045,0.001800031577701625,0.0015509659376045472,0.00033046837003121297,0.0006419010383649037,0.0009784935585028995,0.002167996031251673,0.0015768156005578566,0.003580175675263296,0.0,0.03569772792880032,0.7901377583670588,5.793862279221246
6.0,0.029501286461436918,0.03671395693906282,0.0,0.026562435006448656,0.01132238056260878,0.007399739185839369,0.009576300571264441,0.013952857994533403,0.012846706976180828,0.008207302593006215,0.00925237668221927,0.01184149147242683,0.013198189153545897,0.020944053092604276,0.035049013558451775,0.0,0.03806360798265272,0.05442620087599965,0.10035375957256756,0.17840577891871462,0.3681377024290973,0.5471793716651577,0.4108522288137426,0.17973684912308052,0.3779727707732079,0.7381971627708099,0.7200144371367472,0.4764905777118849,0.0,0.24992370288807747,0.18153089544601245,0.3411186740414391,0.39711145574463025,0.22614473629631163,0.07477011416207759,0.026017509232686375,0.017699125074730752,0.015211219657552972,0.01527253159706113,0.02114597059923947,0.026575853829305485,0.03460168014506944,0.0,0.06727387196265228,0.14059807678328673,0.9711569717113935
